objectId,department,final_date,geo_options
44793,Asian Art,50,||||||||China||
44817,Asian Art,-1750,||||||||Japan||
44830,Asian Art,200,||||||||Japan||
44862,Asian Art,1669,||||||||Japan||
44907,Asian Art,0,||||||||Japan||
44953,Asian Art,549,||||||||Korea||
44973,Asian Art,550,||||||||Korea||
44974,Asian Art,499,||||||||Korea||
44977,Asian Art,1799,||||||||Korea||
45205,Asian Art,1374,||||||||Japan||
45365,Asian Art,1149,||||||||Japan||
45432,Asian Art,1774,||||||||Korea||
45482,Asian Art,1750,||||||||Japan||
45484,Asian Art,1749,||||||||Japan||
45527,Asian Art,1649,||||||||Japan||
45529,Asian Art,-3000,||||||||Japan||
45550,Asian Art,1399,||||||||Japan||
45552,Asian Art,1724,||||||||Japan||
45553,Asian Art,1774,||||||||Japan||
45554,Asian Art,1783,||||||||Japan||
45555,Asian Art,1783,||||||||Japan||
45556,Asian Art,1850,||||||||Japan||
45732,Asian Art,1849,||||||||Japan||
45828,Asian Art,1680,||||||||Japan||
45829,Asian Art,1749,||||||||China||
45830,Asian Art,1849,||||||||China||
45832,Asian Art,1734,||||||||China||
45896,Asian Art,1765,||||||||China||
45900,Asian Art,1683,||||||||China||
45904,Asian Art,1720,||||||||Japan||
45907,Asian Art,1692,||||||||China||
45908,Asian Art,1716,||||||||China||
45909,Asian Art,1833,||||||||China||
45912,Asian Art,1716,||||||||China||
45913,Asian Art,1781,||||||||China||
45914,Asian Art,1849,||||||||China||
45915,Asian Art,1824,||||||||China||
45917,Asian Art,1820,||||||||Japan||Japanese
45918,Asian Art,1830,||||||||Japan||
45919,Asian Art,1777,||||||||China||
45923,Asian Art,1765,||||||||China||
45929,Asian Art,1749,||||||||China||
45930,Asian Art,1849,||||||||China||
45932,Asian Art,1810,||||||||China||
45934,Asian Art,1600,||||||||China||
45937,Asian Art,1824,||||||||China||
45938,Asian Art,1849,||||||||China||
45939,Asian Art,1800,||||||||China||
45945,Asian Art,1760,||||||||Japan||
45959,Asian Art,1849,||||||||Japan||
45962,Asian Art,1730,||||||||Japan||Japanese
45964,Asian Art,1824,||||||||China||
45965,Asian Art,1695,||||||||China||
45967,Asian Art,1799,||||||||Japan||
45970,Asian Art,1694,||||||||China||
45972,Asian Art,1855,||||||||Japan||
45974,Asian Art,1849,||||||||Japan||
45977,Asian Art,1820,||||||||Japan||
45979,Asian Art,1849,||||||||China||
45980,Asian Art,1780,||||||||Japan||Japanese
45984,Asian Art,1835,||||||||China||
45985,Asian Art,1783,||||||||Japan||
45986,Asian Art,1765,||||||||China||
45987,Asian Art,1749,||||||||Japan||
45989,Asian Art,1749,||||||||Japan||
45990,Asian Art,1500,||||||||China||
45992,Asian Art,1747,||||||||China||
45994,Asian Art,1711,||||||||China||
45997,Asian Art,1883,||||||||Japan||Japanese
45998,Asian Art,1765,||||||||China||
45999,Asian Art,1850,||||||||Japan||
46000,Asian Art,1820,||||||||Japan||
46001,Asian Art,1749,||||||||Japan||
46003,Asian Art,1749,||||||||China||
46004,Asian Art,1816,||||||||China||
46008,Asian Art,1655,||||||||China||
46011,Asian Art,1119,||||||||China||
46016,Asian Art,1550,||||||||China||
46017,Asian Art,1549,||||||||China||
46021,Asian Art,1849,||||||||China or Japan (?)||
46022,Asian Art,1749,||||||||China||
46024,Asian Art,1800,||||||||China||
46025,Asian Art,1783,||||||||China||
46029,Asian Art,1749,||||||||China||
46030,Asian Art,1849,||||||||China||
46032,Asian Art,7,||||||||China||
46033,Asian Art,574,||||||||China||
46040,Asian Art,1749,||||||||China||
46042,Asian Art,1680,||||||||Japan||
46043,Asian Art,1750,||||||||China||
46044,Asian Art,1549,||||||||China||
46045,Asian Art,1781,||||||||China||
46046,Asian Art,1483,||||||||China||
46047,Asian Art,1695,||||||||China||
46048,Asian Art,1749,||||||||China||
46049,Asian Art,1810,||||||||China||
46050,Asian Art,1692,||||||||China||
46051,Asian Art,1749,||||||||China||
46053,Asian Art,1692,||||||||China||
46054,Asian Art,7,||||||||China||
46055,Asian Art,1549,||||||||China||
46057,Asian Art,1692,||||||||China||
46058,Asian Art,100,||||||||China||
46059,Asian Art,1750,||||||||China||
46060,Asian Art,1749,||||||||China||
46061,Asian Art,1499,||||||||China||
46062,Asian Art,1783,||||||||China||
46063,Asian Art,1692,||||||||China||
46064,Asian Art,1506,||||||||China||
46066,Asian Art,1765,||||||||China||
46067,Asian Art,1749,||||||||China||
46068,Asian Art,1319,||||||||China||
46071,Asian Art,1506,||||||||China||
46074,Asian Art,1750,||||||||China||
46075,Asian Art,1716,||||||||China||
46076,Asian Art,1849,||||||||China||
46077,Asian Art,1524,||||||||China||
46078,Asian Art,1849,||||||||China||
46080,Asian Art,1734,||||||||China||
46081,Asian Art,1824,||||||||China||
46082,Asian Art,1695,||||||||China||
46083,Asian Art,1750,||||||||China||
46084,Asian Art,1849,||||||||China||
46086,Asian Art,1781,||||||||China||
46087,Asian Art,1700,||||||||China||
46090,Asian Art,1700,||||||||Japan||
46092,Asian Art,499,||||||||Japan||
46094,Asian Art,1683,||||||||China||
46097,Asian Art,1695,||||||||China||
46099,Asian Art,1695,||||||||China||
46103,Asian Art,1860,||||||||Japan||
46104,Asian Art,1849,||||||||China||
46105,Asian Art,1774,||||||||China||
46106,Asian Art,1849,||||||||China||
46110,Asian Art,1765,||||||||China||
46114,Asian Art,1830,||||||||Japan||
46116,Asian Art,1649,||||||||China||
46120,Asian Art,1849,||||||||China||
46121,Asian Art,1695,||||||||China||
46123,Asian Art,1799,||||||||China||
46124,Asian Art,1749,||||||||China||
46125,Asian Art,1780,||||||||China||
46126,Asian Art,1802,||||||||China||
46129,Asian Art,1506,||||||||China||
46130,Asian Art,1751,||||||||China||
46131,Asian Art,1672,||||||||China||
46137,Asian Art,1765,||||||||China||
46138,Asian Art,1692,||||||||China||
46139,Asian Art,1695,||||||||China||
46140,Asian Art,1695,||||||||China||
46141,Asian Art,1695,||||||||China||
46142,Asian Art,1749,||||||||China||
46143,Asian Art,1749,||||||||China||
46144,Asian Art,1749,||||||||China||
46146,Asian Art,1749,||||||||China||
46147,Asian Art,1749,||||||||China||
46148,Asian Art,1749,||||||||China||
46149,Asian Art,1749,||||||||China||
46150,Asian Art,1695,||||||||China||
46151,Asian Art,1694,||||||||China||
46152,Asian Art,1833,||||||||China||
46153,Asian Art,1749,||||||||China||
46154,Asian Art,1692,||||||||China||
46155,Asian Art,1692,||||||||China||
46156,Asian Art,1692,||||||||China||
46157,Asian Art,1672,||||||||China||
46158,Asian Art,1692,||||||||China||
46159,Asian Art,1849,||||||||China||
46160,Asian Art,1506,||||||||China||
46161,Asian Art,1691,||||||||China||
46162,Asian Art,1749,||||||||China||
46163,Asian Art,1694,||||||||China||
46235,Asian Art,1849,||||||||China||
46249,Asian Art,1849,||||||||China||
46250,Asian Art,1849,||||||||China||
46268,Asian Art,404,||||||||China||
46269,Asian Art,310,||||||||China||
46306,Asian Art,1849,||||||||China||
46315,Asian Art,1849,||||||||China||
46317,Asian Art,1816,||||||||China||
46330,Asian Art,1729,||||||||China||
46331,Asian Art,1749,||||||||China||
46333,Asian Art,1824,||||||||China||
46353,Asian Art,1824,||||||||China||
46378,Asian Art,1749,||||||||China||
46379,Asian Art,1749,||||||||China||
46380,Asian Art,1749,||||||||China||
46422,Asian Art,1783,||||||||China||
46425,Asian Art,1783,||||||||China||
46434,Asian Art,1800,||||||||China||
46435,Asian Art,1749,||||||||China||
46436,Asian Art,1824,||||||||China||
46462,Asian Art,1749,||||||||China||
46478,Asian Art,1749,||||||||Japan||
46481,Asian Art,1850,||||||||Japan||
46501,Asian Art,1849,||||||||China||
46507,Asian Art,1711,||||||||China||
46508,Asian Art,1694,||||||||China||
46515,Asian Art,1695,||||||||China||
46516,Asian Art,1694,||||||||China||
46517,Asian Art,1694,||||||||China||
46518,Asian Art,1711,||||||||China||
46519,Asian Art,1711,||||||||China||
46521,Asian Art,1694,||||||||China||
46522,Asian Art,1692,||||||||China||
46523,Asian Art,1749,||||||||ChinaNeihuLu||
46525,Asian Art,1749,||||||||China||
46527,Asian Art,1711,||||||||China||
46528,Asian Art,1849,||||||||China||
46529,Asian Art,1749,||||||||China||
46530,Asian Art,1761,||||||||China||
46531,Asian Art,1694,||||||||China||
46532,Asian Art,1695,||||||||China||
46533,Asian Art,1695,||||||||China||
46534,Asian Art,1692,||||||||China||
46535,Asian Art,1692,||||||||China||
46536,Asian Art,1695,||||||||China||
46537,Asian Art,1781,||||||||China||
46538,Asian Art,1833,||||||||China||
46539,Asian Art,1692,||||||||China||
47259,Asian Art,1849,||||||||Japan||
47490,Asian Art,1695,||||||||China||
205878,European Sculpture and Decorative Arts,1755,||||||||||German
770999,European Sculpture and Decorative Arts,1886,||||||||||British
196553,European Sculpture and Decorative Arts,1742,||||||||||French
52032,Asian Art,1765,||||||||China||
199730,European Sculpture and Decorative Arts,1490,||||||||||
308546,The Michael C. Rockefeller Wing,400,||||||Peru||Moche||
37436,Asian Art,1174,||||||||Thailand||
47332,Asian Art,1800,||||||||Japan||Japanese
477277,Medieval Art,499,||Kharga Oasis||||Byzantine Egypt||Coptic||
47568,Asian Art,1800,||||||||Japan||
309396,The Michael C. Rockefeller Wing,1475,||||||Peru||Inca||
310207,The Michael C. Rockefeller Wing,500,||||||Peru||Moche||
308486,The Michael C. Rockefeller Wing,-250,||||Ica Valley||Peru||Paracas||
309339,The Michael C. Rockefeller Wing,500,||||||Peru||Moche||
191780,European Sculpture and Decorative Arts,1492,||||||||||
463532,Medieval Art,1349,Rome||||||Italy||Italian||
199461,European Sculpture and Decorative Arts,1755,||||||||||
318606,The Michael C. Rockefeller Wing,1300,||||||Peru||Chimú||
42425,Asian Art,1711,||||||||China||
47228,Asian Art,1750,||||||||Japan||
314679,The Michael C. Rockefeller Wing,450,||||||Peru||Moche||
231854,European Sculpture and Decorative Arts,1752,||||||||||French
47665,Asian Art,1850,||||||||Japan||
48395,Asian Art,1319,||||||||China||
466229,The Cloisters,1249,||Meuse Valley||||South Netherlands||South Netherlandish||
312586,The Michael C. Rockefeller Wing,400,||||Mesoamerica||Mexico||Teotihuacan||
44332,Asian Art,7,||||||||China||
62768,Asian Art,1700,||||||||Japan||
48088,Asian Art,1700,||||||||China||
770974,European Sculpture and Decorative Arts,1864,||||||||||British
197233,European Sculpture and Decorative Arts,1550,||||||||||Italian
47260,Asian Art,1780,||||||||Japan||
313287,The Michael C. Rockefeller Wing,1467,||||||Peru||Inca||
308616,The Michael C. Rockefeller Wing,-350,||||Ica Valley||Peru||Paracas||
198433,European Sculpture and Decorative Arts,1765,||||||||||British
207745,European Sculpture and Decorative Arts,1707,||||||||||
42218,Asian Art,1700,||||||||China||
188972,European Sculpture and Decorative Arts,1777,||||||||||French
444495,Islamic Art,1674,||||||Iran||||
50502,Asian Art,1775,||||||||China||
48027,Asian Art,1506,||||||||China||
446653,Islamic Art,1650,Kirman||||||Iran||||
62998,Asian Art,1800,||||||||Japan||
52798,Asian Art,1650,||||||||China||
57436,Asian Art,1300,||||||||Korea||
46985,Asian Art,1716,||||||||Japan||
206454,European Sculpture and Decorative Arts,1760,||||||||||French
202183,European Sculpture and Decorative Arts,1778,||||||||||French
42436,Asian Art,1266,||||||||China||
200895,European Sculpture and Decorative Arts,1715,||||||||||
63119,Asian Art,1749,||||||||Japan||
42491,Asian Art,1350,||||||||China||
51210,Asian Art,1824,||||||||China||
205929,European Sculpture and Decorative Arts,1752,||||||||||German
51023,Asian Art,1506,||||||||China||
50995,Asian Art,1692,||||||||China||
47470,Asian Art,1749,||||||||Japan||
310552,The Michael C. Rockefeller Wing,750,||||||Bolivia||Tiwanaku||
447276,Islamic Art,1199,||||||Iran||||
314182,The Michael C. Rockefeller Wing,1300,||||||Ecuador||Carchi||
48332,Asian Art,1849,||||||||China||
309470,The Michael C. Rockefeller Wing,-275,||||South Coast||Peru||Paracas||
199719,European Sculpture and Decorative Arts,1480,||||||||||
46633,Asian Art,1849,||||||||China||
46799,Asian Art,1099,||||||||China||
310675,The Michael C. Rockefeller Wing,1450,||Arizona||||United States||Ancestral Pueblo||
308507,The Michael C. Rockefeller Wing,350,||||||Peru||Moche||
449066,Islamic Art,899,Nishapur||||||Iran||||
446842,Islamic Art,1149,||||||Eastern Syria||||
206742,European Sculpture and Decorative Arts,1834,||||||||||French
50036,Asian Art,1765,||||||||China||
452610,Islamic Art,1149,||||||Iran||||
45849,Asian Art,749,||||||||China||
199021,European Sculpture and Decorative Arts,1710,||||||||||
51138,Asian Art,1835,||||||||China||
205321,European Sculpture and Decorative Arts,1752,||||||||||British
48665,Asian Art,1692,||||||||China||
46580,Asian Art,1849,||||||||Japan||
51106,Asian Art,1824,||||||||China||
52659,Asian Art,1119,||||||||China||
204360,European Sculpture and Decorative Arts,1849,||||||||||
658676,European Sculpture and Decorative Arts,1900,||||||||||British
48717,Asian Art,1695,||||||||China||
47075,Asian Art,1700,||||||||Japan||
46953,Asian Art,1692,||||||||China||
771072,European Sculpture and Decorative Arts,1879,||||||||||British
188535,European Sculpture and Decorative Arts,1592,||||||||||Italian
448397,Islamic Art,1649,Iznik||||||Turkey||||
771041,European Sculpture and Decorative Arts,1879,||||||||||British
205832,European Sculpture and Decorative Arts,1692,||||||||||
50948,Asian Art,1700,||||||||China||
63138,Asian Art,1749,||||||||Japan||
44422,Asian Art,-2150,||||||||China||
63007,Asian Art,1874,||||||||Japan||
467634,Medieval Art,1425,Florence||||||Italy||Italian||
47350,Asian Art,1800,||||||||China||
447776,Islamic Art,1699,||||||India||||
199384,European Sculpture and Decorative Arts,1849,||||||||||British
48204,Asian Art,1174,||||||||China||
199335,European Sculpture and Decorative Arts,1780,||||||||||British
203377,European Sculpture and Decorative Arts,1761,||||||||||British
39510,Asian Art,799,||||||||Korea||
37649,Asian Art,0,||||||||Thailand||
46950,Asian Art,1749,||||||||China||
49261,Asian Art,-500,||||||||Japan||
51011,Asian Art,1765,||||||||China||
57357,Asian Art,1916,||||||||Korea||
477291,Medieval Art,499,||Kharga Oasis||||Byzantine Egypt||Coptic||
48390,Asian Art,1239,||||||||China||
200841,European Sculpture and Decorative Arts,1730,||||||||||French
48527,Asian Art,1119,||||||||China||
201753,European Sculpture and Decorative Arts,1548,||||||||||German
453454,Islamic Art,1199,Kashan||||||Iran||||
51025,Asian Art,1457,||||||||China||
461502,Robert Lehman Collection,1850,||||||||Chinese||
316270,The Michael C. Rockefeller Wing,300,||||South Coast||Peru||Nasca||
450946,Islamic Art,1225,Raqqa||||||Syria||||
48312,Asian Art,1781,||||||||China||
46830,Asian Art,1747,||||||||China||
47857,Asian Art,1692,||||||||China||
309441,The Michael C. Rockefeller Wing,500,||||||Peru||Moche||
187805,European Sculpture and Decorative Arts,1849,||||||||||
194586,European Sculpture and Decorative Arts,1792,||||||||||
49924,Asian Art,1319,||||||||China||
447230,Islamic Art,1299,||||||Syria||||
194289,European Sculpture and Decorative Arts,1665,||||||||||
308531,The Michael C. Rockefeller Wing,350,||||||Peru||Moche||
42211,Asian Art,1716,||||||||China||
312608,The Michael C. Rockefeller Wing,500,||North Coast||||Peru||Moche||
308410,The Michael C. Rockefeller Wing,650,||||North Coast||Peru||Moche||
52081,Asian Art,1283,||||||||Korea||
50747,Asian Art,1849,||||||||China||
48716,Asian Art,1695,||||||||China||
42333,Asian Art,-425,||||||||China||
313101,The Michael C. Rockefeller Wing,1400,||||||Peru||North coast (?)||
48516,Asian Art,1506,||||||||China||
308568,The Michael C. Rockefeller Wing,450,||||||Peru||Nasca||
197613,European Sculpture and Decorative Arts,1760,||||||||||
204414,European Sculpture and Decorative Arts,1849,||||||||||
310547,The Michael C. Rockefeller Wing,-450,||||Ica Valley||Peru||Paracas||
205325,European Sculpture and Decorative Arts,1755,||||||||||British
449041,Islamic Art,1199,Nishapur||||||Iran||||
50187,Asian Art,1650,||||||||Japan||
57434,Asian Art,1249,||||||||Korea||
312158,The Michael C. Rockefeller Wing,-1000,||||Mesoamerica||Mexico||Olmec||
309345,The Michael C. Rockefeller Wing,1300,||||||Peru||Chimú||
185914,European Sculpture and Decorative Arts,1720,||||||||||
670810,European Sculpture and Decorative Arts,1880,"||||||||||British, Scottish"
199332,European Sculpture and Decorative Arts,1782,||||||||||British
449637,Islamic Art,899,Nishapur||||||Iran||||
48597,Asian Art,1692,||||||||China||
309346,The Michael C. Rockefeller Wing,500,||||||Peru||Moche||
37433,Asian Art,1124,||||||||Thailand||
42394,Asian Art,1666,||||||||China||
308406,The Michael C. Rockefeller Wing,100,||||||Peru||Moche or Salinar (?)||
48801,Asian Art,1800,||||||||Japan||
50037,Asian Art,1765,||||||||China||
44447,Asian Art,1749,||||||||Japan||
50960,Asian Art,1716,||||||||China||
50834,Asian Art,1692,||||||||China||
309324,The Michael C. Rockefeller Wing,550,||||||Peru||Moche||
205835,European Sculpture and Decorative Arts,1730,||||||||||
50950,Asian Art,1700,||||||||China||
460135,Robert Lehman Collection,1480,"||||||||Italian, possibly Florence or Faenza||"
761272,The Michael C. Rockefeller Wing,750,||||||Mexico||Maya||
47447,Asian Art,1649,||||||||Japan||
47804,Asian Art,1749,||||||||China||
310517,The Michael C. Rockefeller Wing,300,||||South Coast||Peru||Nasca||
468271,Medieval Art,599,||||||||Visigothic||
446929,Islamic Art,1649,||||||Iran||||
196741,European Sculpture and Decorative Arts,1574,||||||||||
47953,Asian Art,1749,||||||||Japan||
447285,Islamic Art,1199,||||||Iran||||
197824,European Sculpture and Decorative Arts,1892,||||||||||
63137,Asian Art,1749,||||||||Japan||
50567,Asian Art,1199,||||||||China||
314635,The Michael C. Rockefeller Wing,550,||Veracruz||Mesoamerica||Mexico||Mexican||
466618,Medieval Art,1400,||||||||German||
46932,Asian Art,1749,||||||||China||
47587,Asian Art,1695,||||||||China||
42285,Asian Art,1174,||||||||Korea||
47908,Asian Art,1711,||||||||China||
203276,European Sculpture and Decorative Arts,1650,||||||||||
48552,Asian Art,1749,||||||||China||
448261,Islamic Art,1149,||||||Iran||||
451707,Islamic Art,1199,Rayy||||||Iran||||
47158,Asian Art,1749,||||||||Japan||
451363,Islamic Art,1200,Raqqa||||||Syria||||
194238,European Sculpture and Decorative Arts,1760,||||||||||German
39512,Asian Art,799,||||||||Korea||
444893,Islamic Art,1649,||||||Iran||||
44450,Asian Art,1820,||||||||Japan||Japanese
192802,European Sculpture and Decorative Arts,1760,||||||||||British
203299,European Sculpture and Decorative Arts,1748,||||||||||British
63135,Asian Art,1749,||||||||Japan||
318605,The Michael C. Rockefeller Wing,1300,||||||Peru||Chimú||
50813,Asian Art,1749,||||||||China||
51163,Asian Art,1692,||||||||China||
49896,Asian Art,-1150,||||||||China||
48311,Asian Art,1695,||||||||China||
658719,European Sculpture and Decorative Arts,1880,"||||||||||British, Scottish"
47222,Asian Art,1830,||||||||Japan||
871929,European Sculpture and Decorative Arts,1900,||||||||||Danish
47648,Asian Art,1596,||||||||China||
208243,European Sculpture and Decorative Arts,1707,||||||||||
447289,Islamic Art,1149,||||||Syria||||
52059,Asian Art,1692,||||||||China||
310219,The Michael C. Rockefeller Wing,-50,||||||Peru||Topará||
48701,Asian Art,1849,||||||||China||
48714,Asian Art,1749,||||||||China||
207984,European Sculpture and Decorative Arts,1749,||||||||||
314693,The Michael C. Rockefeller Wing,350,||||||Peru||Moche||
445270,Islamic Art,1199,Raqqa||||||Syria||||
446841,Islamic Art,1149,||||||Eastern Syria||||
203149,European Sculpture and Decorative Arts,1727,||||||||||German
62601,Asian Art,1849,||||||||Japan||
309442,The Michael C. Rockefeller Wing,500,||||||Peru||Moche||
204364,European Sculpture and Decorative Arts,1849,||||||||||
477288,Medieval Art,499,||Kharga Oasis||||Byzantine Egypt||Coptic||
308451,The Michael C. Rockefeller Wing,-500,||||||Peru||Paracas||
309490,The Michael C. Rockefeller Wing,400,||||||Peru||Moche||
63142,Asian Art,1749,||||||||Japan||
210743,European Sculpture and Decorative Arts,1890,"||||||||||British, Scottish"
461088,Robert Lehman Collection,1300,||||||||Chinese||
308582,The Michael C. Rockefeller Wing,350,||||||Peru||Nasca||
42206,Asian Art,1765,||||||||China||
195041,European Sculpture and Decorative Arts,1649,||||||||||
204386,European Sculpture and Decorative Arts,1849,||||||||||
47258,Asian Art,1874,||||||||Japan||
62590,Asian Art,1649,||||||||Japan||
201031,European Sculpture and Decorative Arts,1755,||||||||||
771025,European Sculpture and Decorative Arts,1884,||||||||||British
50213,Asian Art,749,||||||||Japan||
50334,Asian Art,1639,||||||||Japan||
205323,European Sculpture and Decorative Arts,1752,||||||||||British
310645,The Michael C. Rockefeller Wing,450,||||||Peru||Moche||
193093,European Sculpture and Decorative Arts,1849,||||||||||
190600,European Sculpture and Decorative Arts,1792,||||||||||British
46714,Asian Art,1749,||||||||China||
465875,Medieval Art,1249,||||||||French||
37524,Asian Art,1450,||||||||Thailand||
37537,Asian Art,-3500,||||||||Thailand||
770940,European Sculpture and Decorative Arts,1877,||||||||||British
51217,Asian Art,1765,||||||||China||
42397,Asian Art,1655,||||||||China||
46965,Asian Art,1695,||||||||China||
46569,Asian Art,1749,||||||||China||
57422,Asian Art,1249,||||||||Korea||
197572,European Sculpture and Decorative Arts,1760,||||||||||
48699,Asian Art,1711,||||||||China||
48509,Asian Art,1284,||||||||China||
623479,European Sculpture and Decorative Arts,1705,||||||||||
48840,Asian Art,1692,||||||||China||
46590,Asian Art,1749,||||||||China||
320343,The Michael C. Rockefeller Wing,-550,||||||Peru||Paracas||
46675,Asian Art,1849,||||||||China||
44727,Asian Art,-2500,||||||||China||
313241,The Michael C. Rockefeller Wing,700,||||Mesoamerica||Mexico||Maya||
200823,European Sculpture and Decorative Arts,1765,||||||||||
309486,The Michael C. Rockefeller Wing,500,||||||Peru||Moche||
48340,Asian Art,1749,||||||||China||
194235,European Sculpture and Decorative Arts,1740,||||||||||German
830414,European Sculpture and Decorative Arts,1752,||||||||||
309509,The Michael C. Rockefeller Wing,-1000,||||North Coast||Peru||Cupisnique||
42458,Asian Art,1099,||||||||China||
312802,The Michael C. Rockefeller Wing,-151,||Michoacan||Mesoamerica||Mexico||Chupicuaro||
50349,Asian Art,1774,||||||||Japan||
49296,Asian Art,1674,||||||||Japan||
313155,The Michael C. Rockefeller Wing,50,||Colima||Mesoamerica||Mexico||Colima||
446878,Islamic Art,999,||||||Iran||||
49216,Asian Art,1350,||||||||China||
308296,The Michael C. Rockefeller Wing,-300,||||||Peru||Paracas||
63061,Asian Art,1749,||||||||Japan||
195277,European Sculpture and Decorative Arts,1749,||||||||||French
200886,European Sculpture and Decorative Arts,1753,||||||||||German
316177,The Michael C. Rockefeller Wing,300,||||South Coast||Peru||Nasca||
50989,Asian Art,1692,||||||||China||
308291,The Michael C. Rockefeller Wing,-550,||||Ica Valley||Peru||Paracas||
47786,Asian Art,1749,||||||||Japan||
73217,Asian Art,1649,||||||||Korea||
308386,The Michael C. Rockefeller Wing,550,||||||Peru||Moche||
45889,Asian Art,1849,||||||||China||
49344,Asian Art,1700,||||||||China||
48324,Asian Art,1695,||||||||China||
50192,Asian Art,1649,||||||||Japan||
57404,Asian Art,1149,||||||||Korea||
47858,Asian Art,1820,||||||||Japan||
57400,Asian Art,1949,||||||||Korea||
450494,Islamic Art,849,||||||Iraq or Syria||||
185901,European Sculpture and Decorative Arts,1700,||||||||||
918706,European Sculpture and Decorative Arts,1715,||||||||||Bohemian
62917,Asian Art,1750,||||||||Japan||
314633,The Michael C. Rockefeller Wing,450,||||Mesoamerica||Mexico||Teotihuacan||
848436,European Sculpture and Decorative Arts,1680,||||||||||German
52767,Asian Art,1506,||||||||China||
487245,Modern and Contemporary Art,1922,||||||||Danish (Nästved)||Danish
890336,European Sculpture and Decorative Arts,1898,||||||||||French
63129,Asian Art,1749,||||||||Japan||
48451,Asian Art,1319,||||||||China||
50335,Asian Art,1785,||||||||Japan||
466230,The Cloisters,1325,Siegburg||Lower Rhineland||||Germany||German||
308624,The Michael C. Rockefeller Wing,-550,||||Ica Valley||Peru||Paracas||
52220,Asian Art,1644,||||||||Japan||
52834,Asian Art,1692,||||||||China||
48682,Asian Art,1692,||||||||China||
308362,The Michael C. Rockefeller Wing,-400,||||Ica Valley||Peru||Paracas||
463086,Medieval Art,1425,probably Manises||Valencia||||Spain||Spanish||
208006,European Sculpture and Decorative Arts,1707,||||||||||
51946,Asian Art,-100,||||||||Vietnam (North)||
48544,Asian Art,1816,||||||||China||
47019,Asian Art,1820,||||||||Japan||
52058,Asian Art,1692,||||||||China||
449071,Islamic Art,812,Nishapur||||||Iran||||
313301,The Michael C. Rockefeller Wing,350,||||||Peru||Nasca||
771024,European Sculpture and Decorative Arts,1886,||||||||||British
309498,The Michael C. Rockefeller Wing,550,||||||Peru||Moche||
310466,The Michael C. Rockefeller Wing,1137,||||North Coast||Peru||Lambayeque (Sicán)||
309388,The Michael C. Rockefeller Wing,350,||||North Coast||Peru||Moche||
46955,Asian Art,1717,||||||||China||
450747,Islamic Art,1249,Gurgan||||||Iran||||
51014,Asian Art,1765,||||||||China||
452853,Islamic Art,1149,||||||probably Egypt||||
52802,Asian Art,1506,||||||||China||
46962,Asian Art,1749,||||||||China||
446935,Islamic Art,1749,||||||Iran||||
309519,The Michael C. Rockefeller Wing,-1000,||||North Coast||Peru||Cupisnique||
460178,Robert Lehman Collection,1520,"||||||||Italian, Castelli||"
308652,The Michael C. Rockefeller Wing,-300,||||||Peru||Paracas||
48572,Asian Art,1683,||||||||China||
42279,Asian Art,1700,||||||||China||
476276,Medieval Art,499,||Kharga Oasis||||Byzantine Egypt||Coptic||
231853,European Sculpture and Decorative Arts,1752,||||||||||French
623468,European Sculpture and Decorative Arts,1705,||||||||||
45893,Asian Art,1695,||||||||China||
63141,Asian Art,1660,||||||||Japan||Japanese
42360,Asian Art,1716,||||||||China||
47809,Asian Art,1749,||||||||Japan||
201028,European Sculpture and Decorative Arts,1755,||||||||||
232205,European Sculpture and Decorative Arts,1880,"||||||||||British, Scottish"
309327,The Michael C. Rockefeller Wing,600,||||||Peru||Moche||
76733,Asian Art,600,||||||||China||
50338,Asian Art,1685,||||||||Japan||
310220,The Michael C. Rockefeller Wing,-450,||||||Peru||Paracas||
46779,Asian Art,1695,||||||||China||
308457,The Michael C. Rockefeller Wing,-150,||||||Peru||Nasca||
195021,European Sculpture and Decorative Arts,1515,||||||||||
309138,The Michael C. Rockefeller Wing,-1000,||||||Peru||Cupisnique||
201716,European Sculpture and Decorative Arts,1780,||||||||||German
447279,Islamic Art,1099,||||||Iran||||
308520,The Michael C. Rockefeller Wing,350,||||||Peru||Moche||
72737,Asian Art,1800,||||||||Korea||
448987,Islamic Art,799,Qasr-i Abu Nasr||||||Iran||||
314681,The Michael C. Rockefeller Wing,500,||||North Coast||Peru||Moche||
197614,European Sculpture and Decorative Arts,1760,||||||||||
47988,Asian Art,1749,||||||||China||
312629,The Michael C. Rockefeller Wing,100,||Oaxaca||Mesoamerica||Mexico||Monte Alban||
833900,The Michael C. Rockefeller Wing,1299,||Arizona||||United States||Ancestral Puebloan (Kayenta Black-on-White)||
188777,European Sculpture and Decorative Arts,1884,||||||||||French
46940,Asian Art,1695,||||||||China||
309447,The Michael C. Rockefeller Wing,500,||||||Peru||Moche||
62759,Asian Art,1650,||||||||Japan||
47722,Asian Art,1700,||||||||Japan||
47582,Asian Art,1544,||||||||China||
47922,Asian Art,1816,||||||||Japan||Japanese
63109,Asian Art,1620,||||||||Japan||Japanese
48661,Asian Art,1800,||||||||China||
48280,Asian Art,1700,||||||||China||
57517,Asian Art,1849,||||||||Korea||
194589,European Sculpture and Decorative Arts,1607,||||||||||
50313,Asian Art,599,||||||||Japan||
477270,Medieval Art,499,||Kharga Oasis||||Byzantine Egypt||Coptic||
46928,Asian Art,1749,||||||||China||
188534,European Sculpture and Decorative Arts,1592,||||||||||Italian
460139,Robert Lehman Collection,1500,"||||||||Italian, probably Florence or vicinity||"
52377,Asian Art,1649,||||||||Japan||
197222,European Sculpture and Decorative Arts,1574,||||||||||
44426,Asian Art,-2150,||||||||China||
52807,Asian Art,1600,||||||||China||
644110,European Sculpture and Decorative Arts,1797,||||||||||French
50770,Asian Art,1334,||||||||China||
47599,Asian Art,1650,||||||||Japan||
53855,Asian Art,1879,||||||||China||
449913,Islamic Art,1099,Nishapur||||||Iran||||
670813,European Sculpture and Decorative Arts,1880,"||||||||||British, Scottish"
48625,Asian Art,1433,||||||||China||
46947,Asian Art,1749,||||||||China||
50359,Asian Art,1249,||||||||Korea||
188908,European Sculpture and Decorative Arts,1520,||||||||||
52611,Asian Art,1199,||||||||China||
42243,Asian Art,1783,||||||||China||
210750,European Sculpture and Decorative Arts,1520,||||||||||
37432,Asian Art,1124,||||||||Thailand||
52259,Asian Art,1741,||||||||Japan||
194432,European Sculpture and Decorative Arts,1581,||||||||||Italian
62677,Asian Art,1849,||||||||Japan||
204512,European Sculpture and Decorative Arts,1470,||||||||||
52755,Asian Art,1544,||||||||China||
51010,Asian Art,1692,||||||||China||
465872,Medieval Art,1299,||||||||French||
771037,European Sculpture and Decorative Arts,1884,||||||||||British
42251,Asian Art,1750,||||||||China||
39506,Asian Art,450,||||||||Korea||
670807,European Sculpture and Decorative Arts,1884,"||||||||||British, Scottish"
623467,European Sculpture and Decorative Arts,1705,||||||||||
40074,Asian Art,1849,||||||||Japan||
449904,Islamic Art,837,Nishapur||||||Iran||||
47394,Asian Art,1749,||||||||Japan||
447287,Islamic Art,1199,Raqqa||||||Syria||||
207983,European Sculpture and Decorative Arts,1649,||||||||||
46558,Asian Art,1695,||||||||China||
37563,Asian Art,1499,||||||||Vietnam||
47600,Asian Art,1749,||||||||China||
49862,Asian Art,1650,||||||||China||
46836,Asian Art,1729,||||||||China||
46561,Asian Art,1849,||||||||China||
308404,The Michael C. Rockefeller Wing,1300,||||||Peru||Chimú||
39511,Asian Art,749,||||||||Korea||
444485,Islamic Art,1625,||||||Iran||||
62711,Asian Art,1749,||||||||Japan||
770942,European Sculpture and Decorative Arts,1869,||||||||||British
310197,The Michael C. Rockefeller Wing,400,||||||Peru||Moche||
46638,Asian Art,1849,||||||||Japan||
203297,European Sculpture and Decorative Arts,1745,||||||||||British
460128,Robert Lehman Collection,1470,"||||||||Italian, Florence or vicinity||"
46849,Asian Art,1799,||||||||Japan||
476285,Medieval Art,499,||Kharga Oasis||||Byzantine Egypt||Coptic||
47102,Asian Art,1749,||||||||Japan||
53828,Asian Art,1560,||||||||China||
194433,European Sculpture and Decorative Arts,1577,||||||||||Italian
46205,Asian Art,1849,||||||||China||
313009,The Michael C. Rockefeller Wing,1300,||||||Peru||Chimú||
208140,European Sculpture and Decorative Arts,1880,"||||||||||British, Scottish"
49359,Asian Art,649,||||||||Japan||
50908,Asian Art,1692,||||||||China||
47412,Asian Art,1783,||||||||China||
53798,Asian Art,1119,||||||||China||
62703,Asian Art,1649,||||||||Japan||
451993,Islamic Art,1637,probably Kirman||||||Iran||||
449481,Islamic Art,899,Nishapur||||||Iran||||
308420,The Michael C. Rockefeller Wing,-400,||||||Peru||Paracas||
62551,Asian Art,1849,||||||||Japan||
45844,Asian Art,1516,||||||||China||
48695,Asian Art,1711,||||||||China||
309385,The Michael C. Rockefeller Wing,450,||Ancash||||Peru||Recuay||
771039,European Sculpture and Decorative Arts,1880,||||||||||British
463559,Medieval Art,1400,probably Orvieto||Umbria||||Italy||Italian||
314680,The Michael C. Rockefeller Wing,350,||||||Peru||Moche||
207399,European Sculpture and Decorative Arts,1637,||||||||||
205825,European Sculpture and Decorative Arts,1736,||||||||||German
446997,Islamic Art,1649,||||||Iran||||
51187,Asian Art,1835,||||||||China||
50741,Asian Art,1833,||||||||China||
471751,The Cloisters,1474,probably Manises||Valencia||||Spain||Spanish||
47389,Asian Art,1824,||||||||China||
312928,The Michael C. Rockefeller Wing,-145,"||||Ica River, South Coast||Peru||Paracas||"
52057,Asian Art,1692,||||||||China||
208036,European Sculpture and Decorative Arts,1900,||||||||||French
49351,Asian Art,1683,||||||||China||
206654,European Sculpture and Decorative Arts,1720,||||||||||
318607,The Michael C. Rockefeller Wing,1650,||||||Peru||Viceregal Era||
45834,Asian Art,1506,||||||||China||
53891,Asian Art,1506,||||||||China||
460681,Robert Lehman Collection,1663,||||||||Chinese||
208409,European Sculpture and Decorative Arts,1780,||||||||||French
47438,Asian Art,1777,||||||||China||
42216,Asian Art,1749,||||||||China||
460675,Robert Lehman Collection,1749,||||||||Chinese||
448395,Islamic Art,1649,||||||Iran||||
201052,European Sculpture and Decorative Arts,1747,||||||||||
231855,European Sculpture and Decorative Arts,1752,||||||||||French
308711,The Michael C. Rockefeller Wing,-300,||||Ica Valley||Peru||Paracas||
771073,European Sculpture and Decorative Arts,1884,||||||||||British
460717,Robert Lehman Collection,1692,||||||||Chinese||
309492,The Michael C. Rockefeller Wing,400,||||||Peru||Moche||
62595,Asian Art,1649,||||||||Japan||
316719,The Michael C. Rockefeller Wing,250,||||||Peru||Nasca||
308554,The Michael C. Rockefeller Wing,700,||||||Peru||Wari||
314955,The Michael C. Rockefeller Wing,1467,||||||Peru||Inca||
50944,Asian Art,1749,||||||||China||
45882,Asian Art,1749,||||||||China||
53777,Asian Art,1199,||||||||China||
42250,Asian Art,1750,||||||||China||
47811,Asian Art,1749,||||||||Japan||
239486,European Sculpture and Decorative Arts,1892,||||||||||British
195013,European Sculpture and Decorative Arts,1830,||||||||||
205470,European Sculpture and Decorative Arts,1749,||||||||||French
187857,European Sculpture and Decorative Arts,1785,||||||||||German
44726,Asian Art,-2150,||||||||China||
204385,European Sculpture and Decorative Arts,1849,||||||||||
42324,Asian Art,1749,||||||||China||Chinese
309525,The Michael C. Rockefeller Wing,50,Comala||Colima||Mesoamerica||Mexico||Colima||
37510,Asian Art,1435,||||||||Thailand (Si Satchanalai)||
53774,Asian Art,1750,||||||||China||
771065,European Sculpture and Decorative Arts,1884,||||||||||British
47174,Asian Art,1785,||||||||Japan||
52797,Asian Art,1596,||||||||China||
194256,European Sculpture and Decorative Arts,1675,||||||||||
446222,Islamic Art,1099,Raqqa||||||Syria||||
199026,European Sculpture and Decorative Arts,1770,||||||||||
204403,European Sculpture and Decorative Arts,1810,||||||||||
207775,European Sculpture and Decorative Arts,1880,||||||||||British
48702,Asian Art,1751,||||||||China||
200772,European Sculpture and Decorative Arts,1767,||||||||||British
204071,European Sculpture and Decorative Arts,1767,||||||||||British
471800,The Cloisters,1425,probably Manises||Valencia||||Spain||Spanish||
770938,European Sculpture and Decorative Arts,1884,||||||||||British
47755,Asian Art,1816,||||||||Japan||
752044,Asian Art,1674,||||||||Japan||Japanese
309344,The Michael C. Rockefeller Wing,450,||||||Peru||Moche||
460983,Robert Lehman Collection,1718,||||||||French||
200885,European Sculpture and Decorative Arts,1692,||||||||||
48629,Asian Art,1799,||||||||China||
453896,Islamic Art,1599,Iznik||||||Turkey||||
49262,Asian Art,200,||||||||Japan||
460182,Robert Lehman Collection,1535,"||||||||Italian, Castelli||"
63097,Asian Art,1725,||||||||Japan||
37449,Asian Art,1099,||||||||Vietnam||
623470,European Sculpture and Decorative Arts,1705,||||||||||
199039,European Sculpture and Decorative Arts,1760,||||||||||British
48281,Asian Art,1749,||||||||China||
446269,Islamic Art,1199,||||||Iran||||
239506,European Sculpture and Decorative Arts,1879,||||||||||British
62546,Asian Art,1649,||||||||Japan||
42448,Asian Art,1249,||||||||China||
671535,The Cloisters,1400,Siegburg||||||Germany||German||
52461,Asian Art,1749,||||||||Japan||
308628,The Michael C. Rockefeller Wing,-300,||||||Peru||Paracas||
308580,The Michael C. Rockefeller Wing,450,||||||Peru||Nasca||
48749,Asian Art,1749,||||||||China||
44689,Asian Art,-1150,||||||||China||
853841,Asian Art,1499,||||||||Korea||
675861,European Sculpture and Decorative Arts,1602,||||||||||
48172,Asian Art,1549,||||||||China||
47949,Asian Art,1849,||||||||Japan||
310231,The Michael C. Rockefeller Wing,50,||||||Peru||Moche||
448017,Islamic Art,1149,||||||Iraq or Syria||||
42212,Asian Art,1716,||||||||China||
48636,Asian Art,1783,||||||||China||
63565,Asian Art,1630,||||||||Japan||
451635,Islamic Art,749,||||||Iran or Iraq||||
191344,European Sculpture and Decorative Arts,1507,||||||||||
52811,Asian Art,1692,||||||||China||
476256,Medieval Art,499,||Kharga Oasis||||Byzantine Egypt||Coptic||
41749,Asian Art,1749,||||||||Japan||
623478,European Sculpture and Decorative Arts,1705,||||||||||
46848,Asian Art,1870,||||||||Japan||
76114,Asian Art,1780,||||||||Korea||
48628,Asian Art,1695,||||||||China||
50317,Asian Art,1549,||||||||Japan||
51013,Asian Art,1692,||||||||China||
44729,Asian Art,-2150,||||||||China||
194632,European Sculpture and Decorative Arts,1807,||||||||||
51247,Asian Art,1833,||||||||China||
49293,Asian Art,1674,||||||||Japan||
833904,The Michael C. Rockefeller Wing,1300,||Arizona||||United States||Ancestral Puebloan (Jeddito )||
460660,Robert Lehman Collection,1250,||||||||Chinese||
53826,Asian Art,1692,||||||||China||
47388,Asian Art,1716,||||||||China||
309503,The Michael C. Rockefeller Wing,850,||||North Coast||Peru||Wari artist(s)||
670995,Asian Art,1657,||||||||Japan||
461338,Robert Lehman Collection,1850,||||||||Chinese||
199751,European Sculpture and Decorative Arts,1520,||||||||||
42389,Asian Art,1650,||||||||China||
48223,Asian Art,1695,||||||||China||
205914,European Sculpture and Decorative Arts,1740,||||||||||German
460146,Robert Lehman Collection,1485,"||||||||Italian, Faenza or Florence||"
231768,European Sculpture and Decorative Arts,1799,||||||||||
63123,Asian Art,1749,||||||||Japan||
195500,European Sculpture and Decorative Arts,1834,||||||||||
204374,European Sculpture and Decorative Arts,1849,||||||||||
771023,European Sculpture and Decorative Arts,1867,||||||||||British
239494,European Sculpture and Decorative Arts,1874,||||||||||British
62922,Asian Art,1800,||||||||Japan||
205096,European Sculpture and Decorative Arts,1718,||||||||||
48012,Asian Art,1749,||||||||Japan||
46550,Asian Art,1711,||||||||China||
644111,European Sculpture and Decorative Arts,1797,||||||||||French
651241,The Cloisters,1287,Potter Toynton (?)||Lincolnshire||||England||British||
447277,Islamic Art,1199,||||||Iran||||
47920,Asian Art,1695,||||||||China||
37450,Asian Art,1349,||||||||Vietnam||
51001,Asian Art,1692,||||||||China||
200862,European Sculpture and Decorative Arts,1753,||||||||||French
193020,European Sculpture and Decorative Arts,1892,||||||||||
50659,Asian Art,1043,||||||||China||
52568,Asian Art,749,||||||||China||
37458,Asian Art,1350,||||||||Thailand||
446944,Islamic Art,1749,||||||Iran||||
47066,Asian Art,1780,||||||||Japan||
193355,European Sculpture and Decorative Arts,1772,||||||||||British
670812,European Sculpture and Decorative Arts,1880,"||||||||||British, Scottish"
73216,Asian Art,1500,||||||||Korea||
448984,Islamic Art,799,Qasr-i Abu Nasr||||||Iran||||
191142,European Sculpture and Decorative Arts,1799,||||||||||French
308381,The Michael C. Rockefeller Wing,350,||||||Peru||Moche||
451397,Islamic Art,1124,||||||Iran||||
50884,Asian Art,1810,||||||||China||
48566,Asian Art,1765,||||||||China||
748293,Asian Art,1594,||||||||Japan||
204355,European Sculpture and Decorative Arts,1849,||||||||||
770986,European Sculpture and Decorative Arts,1880,||||||||||British
47644,Asian Art,1799,||||||||Japan||
200880,European Sculpture and Decorative Arts,1720,||||||||||German
49366,Asian Art,1750,||||||||China||
747034,European Sculpture and Decorative Arts,1755,||||||||||British
49201,Asian Art,849,||||||||China||
187854,European Sculpture and Decorative Arts,1847,||||||||||
47688,Asian Art,1700,||||||||China||
195774,European Sculpture and Decorative Arts,1522,||||||||||Italian
771053,European Sculpture and Decorative Arts,1873,||||||||||British
312161,The Michael C. Rockefeller Wing,300,||||Mesoamerica||Mexico||Teotihuacan||
448981,Islamic Art,710,Qasr-i Abu Nasr||||||Iran||||
50891,Asian Art,1700,||||||||China||
49553,Asian Art,649,||||||||China||
477323,Medieval Art,499,||Kharga Oasis||||Byzantine Egypt||Coptic||
44431,Asian Art,9,||||||||China||
454610,Islamic Art,1449,probably Seville||||||Spain||||
477749,Medieval Art,499,||Kharga Oasis||||Byzantine Egypt||Coptic||
651290,The Cloisters,1300,||Wiltshire||||England||British||
307473,The Michael C. Rockefeller Wing,650,||||North Coast||Peru||Moche||
48086,Asian Art,1692,||||||||China||
42278,Asian Art,1100,||||||||Korea||
48329,Asian Art,1849,||||||||China||
478669,Medieval Art,499,||Kharga Oasis||||Byzantine Egypt||Coptic||
309401,The Michael C. Rockefeller Wing,1475,||||||Peru||Inca||
197558,European Sculpture and Decorative Arts,1755,||||||||||
62528,Asian Art,1749,||||||||Japan||
53616,Asian Art,1874,||||||||Japan||
47892,Asian Art,1765,||||||||China||
190732,European Sculpture and Decorative Arts,1700,||||||||||
63093,Asian Art,1849,||||||||Japan||
204524,European Sculpture and Decorative Arts,1490,||||||||||
47574,Asian Art,1711,||||||||China||
78006,Asian Art,1749,||||||||China||
316000,The Michael C. Rockefeller Wing,-750,||||||Ecuador||Chorrera||
313309,The Michael C. Rockefeller Wing,1300,||||||Peru||Chimú||
47443,Asian Art,1849,||||||||China||
48759,Asian Art,1692,||||||||China||
46570,Asian Art,1749,||||||||China||
49203,Asian Art,1099,||||||||China||
188538,European Sculpture and Decorative Arts,1549,||||||||||
308297,The Michael C. Rockefeller Wing,-300,||||||Peru||Paracas||
62552,Asian Art,1749,||||||||Japan||
46773,Asian Art,1572,||||||||China||
308411,The Michael C. Rockefeller Wing,150,||||||Peru||Moche||
47077,Asian Art,1849,||||||||Japan||
47118,Asian Art,1820,||||||||Japan||
475761,Medieval Art,499,||Kharga Oasis||||Byzantine Egypt||Coptic||
47846,Asian Art,1816,||||||||Japan||
201610,European Sculpture and Decorative Arts,1600,||||||||||French
52922,Asian Art,1692,||||||||China||
446886,Islamic Art,1625,||||||Iran||||
314688,The Michael C. Rockefeller Wing,-800,||||||Peru||Cupisnique (?)||
452223,Islamic Art,1649,||||||Iran||||
63120,Asian Art,1749,||||||||Japan||
770916,European Sculpture and Decorative Arts,1875,||||||||||British
46809,Asian Art,1500,||||||||China||
192803,European Sculpture and Decorative Arts,1762,||||||||||British
197018,European Sculpture and Decorative Arts,1785,||||||||||
63125,Asian Art,1500,||||||||Japan||
465871,Medieval Art,1299,||||||||French||
203378,European Sculpture and Decorative Arts,1761,||||||||||British
47292,Asian Art,1849,||||||||China||
63133,Asian Art,1749,||||||||Japan||
200726,European Sculpture and Decorative Arts,1799,||||||||||
450947,Islamic Art,1149,Raqqa||||||Syria||||
42255,Asian Art,1716,||||||||China||
310550,The Michael C. Rockefeller Wing,-50,||||||Peru||Topará||
52546,Asian Art,7,||||||||China||
188900,European Sculpture and Decorative Arts,1600,||||||||||
50314,Asian Art,649,||||||||Japan||
199271,European Sculpture and Decorative Arts,1775,||||||||||German
770977,European Sculpture and Decorative Arts,1868,||||||||||British
62770,Asian Art,1700,||||||||Japan||
315176,The Michael C. Rockefeller Wing,600,||||||Peru||Moche||
194304,European Sculpture and Decorative Arts,1749,||||||||||
51021,Asian Art,1765,||||||||China||
48611,Asian Art,1849,||||||||China||
49857,Asian Art,1583,||||||||China||
73676,Asian Art,1249,||||||||China||
449073,Islamic Art,899,Nishapur||||||Iran||||
308561,The Michael C. Rockefeller Wing,500,||||||Peru||Moche||
191375,European Sculpture and Decorative Arts,1774,||||||||||British
200928,European Sculpture and Decorative Arts,1727,||||||||||German
46563,Asian Art,1695,||||||||China||
308466,The Michael C. Rockefeller Wing,-101,||||||Peru||Paracas||
308518,The Michael C. Rockefeller Wing,350,||||||Peru||Moche||
52563,Asian Art,635,||||||||China||
39885,Asian Art,1750,||||||||Korea||
309494,The Michael C. Rockefeller Wing,400,||||||Peru||Moche||
451695,Islamic Art,1099,probably Rayy||||||Iran||||
50709,Asian Art,658,||||||||China||
46927,Asian Art,1749,||||||||China||
47556,Asian Art,1824,||||||||China||
78432,Asian Art,666,||||||||China||
50229,Asian Art,999,||||||||China||
308293,The Michael C. Rockefeller Wing,-300,||||||Peru||Paracas||
48228,Asian Art,1749,||||||||China||
232384,European Sculpture and Decorative Arts,1761,||||||||||French
200981,European Sculpture and Decorative Arts,1767,||||||||||British
460136,Robert Lehman Collection,1485,"||||||||Italian, possibly Tuscany||"
310542,The Michael C. Rockefeller Wing,450,||||Mesoamerica||Guatemala or Mexico||Maya||
48504,Asian Art,590,||||||||China||
450769,Islamic Art,1049,Nishapur||||||Iran||||
46914,Asian Art,1781,||||||||China||
309504,The Michael C. Rockefeller Wing,500,||||||Peru||Moche||
239483,European Sculpture and Decorative Arts,1876,||||||||||British
48467,Asian Art,1824,||||||||China||
65596,Asian Art,-3000,||||||||Northeast China (Hongshan culture)||
448424,Islamic Art,1299,||||||Iran||||
209997,European Sculpture and Decorative Arts,1882,||||||||||French
46619,Asian Art,1700,||||||||Japan||
451362,Islamic Art,1200,Raqqa||||||Syria||||
309300,The Michael C. Rockefeller Wing,600,||||||Peru||Moche||
308428,The Michael C. Rockefeller Wing,-500,||||||Peru||Paracas||
308465,The Michael C. Rockefeller Wing,-50,||||Ica Valley||Peru||Topará||
460142,Robert Lehman Collection,1475,"||||||||Italian, Faenza or Pesaro||"
205254,European Sculpture and Decorative Arts,1747,||||||||||German
57358,Asian Art,1916,||||||||Korea||
477280,Medieval Art,2,||Kharga Oasis||||Byzantine Egypt||Coptic||
52907,Asian Art,1765,||||||||China||
448726,Islamic Art,749,Ctesiphon||||||Iraq||||
62942,Asian Art,1780,||||||||Japan||
57362,Asian Art,1916,||||||||Korea||
308515,The Michael C. Rockefeller Wing,50,||||||Peru||Moche||
46941,Asian Art,1695,||||||||China||
188539,European Sculpture and Decorative Arts,1574,||||||||||
314629,The Michael C. Rockefeller Wing,50,||Colima||Mesoamerica||Mexico||Colima||
197485,European Sculpture and Decorative Arts,1745,||||||||||
44737,Asian Art,1266,||||||||China||
48174,Asian Art,1765,||||||||China||
47657,Asian Art,1849,||||||||China||
45871,Asian Art,1749,||||||||Japan||
48741,Asian Art,1692,||||||||China||
199721,European Sculpture and Decorative Arts,1487,||||||||||
48676,Asian Art,1683,||||||||China||
466701,Medieval Art,1350,||Tuscany||||Italy||Italian||
49298,Asian Art,1660,||||||||Japan||
63048,Asian Art,1820,||||||||Japan||
623442,European Sculpture and Decorative Arts,1705,||||||||||
48764,Asian Art,1750,||||||||China||
47482,Asian Art,1749,||||||||Japan||
48748,Asian Art,1700,||||||||Japan||
315999,The Michael C. Rockefeller Wing,-500,||||||Ecuador||Chorrera||
308558,The Michael C. Rockefeller Wing,700,||||North Coast||Peru||Moche||
48846,Asian Art,1630,||||||||Japan||
51018,Asian Art,1729,||||||||China||
49861,Asian Art,1670,||||||||Japan||
188753,European Sculpture and Decorative Arts,1755,||||||||||British
310198,The Michael C. Rockefeller Wing,400,||||||Peru||Moche||
310355,The Michael C. Rockefeller Wing,-1000,||||Mesoamerica||Mexico||Tlatilco||
318662,The Michael C. Rockefeller Wing,750,Alta Verapaz||||Mesoamerica||Guatemala||Maya||
51134,Asian Art,1824,||||||||China||
202184,European Sculpture and Decorative Arts,1779,||||||||||French
48085,Asian Art,1600,||||||||China||
47850,Asian Art,1849,||||||||Japan||
204350,European Sculpture and Decorative Arts,1849,||||||||||
48335,Asian Art,1849,||||||||China||
42217,Asian Art,1692,||||||||China||
487350,Modern and Contemporary Art,1884,||||||||French (Paris)||French
47505,Asian Art,1725,||||||||Japan||
48609,Asian Art,1849,||||||||China||
308483,The Michael C. Rockefeller Wing,-250,||||Ica Valley||Peru||Paracas||
47315,Asian Art,1808,||||||||China||
42350,Asian Art,399,||||||||China||
308623,The Michael C. Rockefeller Wing,-550,||||Ica Valley||Peru||Paracas||
42367,Asian Art,-49,||||||||China||
42364,Asian Art,1729,||||||||China||
316813,The Michael C. Rockefeller Wing,800,||||Mesoamerica||Guatemala||Maya||
309371,The Michael C. Rockefeller Wing,500,||||||Peru||Moche||
194236,European Sculpture and Decorative Arts,1740,||||||||||German
310544,The Michael C. Rockefeller Wing,350,||||||Peru||Nasca||
207145,European Sculpture and Decorative Arts,1755,||||||||||
46988,Asian Art,1660,||||||||Japan||
47625,Asian Art,1849,||||||||Japan||
308423,The Michael C. Rockefeller Wing,-700,||||Ica Valley||Peru||Paracas||
460715,Robert Lehman Collection,1692,||||||||Chinese||
447748,Islamic Art,1649,||||||Iran||||
52023,Asian Art,1695,||||||||China||
201030,European Sculpture and Decorative Arts,1755,||||||||||
47758,Asian Art,1849,||||||||Japan||
50328,Asian Art,1716,||||||||Japan||
49142,Asian Art,-348,||||||||China||
49274,Asian Art,1500,||||||||Japan||
309728,The Michael C. Rockefeller Wing,350,||||||Peru||Nasca||
48666,Asian Art,1692,||||||||China||
42443,Asian Art,1350,||||||||China||
62715,Asian Art,1749,||||||||Japan||
310522,The Michael C. Rockefeller Wing,650,||||North Coast||Peru||Moche||
47941,Asian Art,1849,||||||||Japan||
52218,Asian Art,1634,||||||||Japan||
446961,Islamic Art,1199,||||||Iran||||
50536,Asian Art,7,||||||||China||
48635,Asian Art,1695,||||||||China||
623473,European Sculpture and Decorative Arts,1705,||||||||||
48690,Asian Art,1765,||||||||China||
52720,Asian Art,1506,||||||||China||
73366,Asian Art,599,||||||||China||
46686,Asian Art,1830,||||||||Japan||
42369,Asian Art,0,||||||||China||
451694,Islamic Art,1099,probably Rayy||||||Iran||||
471753,The Cloisters,1474,probably Manises||Valencia||||Spain||Spanish||
62910,Asian Art,1720,||||||||Japan||
48766,Asian Art,1695,||||||||China||
309523,The Michael C. Rockefeller Wing,-800,||||||Peru||Cupisnique||
52492,Asian Art,1783,||||||||Japan||
198006,European Sculpture and Decorative Arts,1725,||||||||||
449429,Islamic Art,762,Nishapur||||||Iran||||
50921,Asian Art,1700,||||||||China||
48275,Asian Art,1729,||||||||China||
46640,Asian Art,1749,||||||||China||
47681,Asian Art,1749,||||||||Japan||
204075,European Sculpture and Decorative Arts,1753,||||||||||British
50316,Asian Art,849,||||||||Japan||
309335,The Michael C. Rockefeller Wing,550,||||||Peru||Moche||
449371,Islamic Art,899,Nishapur||||||Iran||||
194391,European Sculpture and Decorative Arts,1702,||||||||||French
62630,Asian Art,1749,||||||||Japan||
47103,Asian Art,1849,||||||||Japan||
198670,European Sculpture and Decorative Arts,1774,||||||||||British
651287,The Cloisters,1250,||Derbyshire||||England||British||
450929,Islamic Art,1149,Raqqa||||||Syria||||
208822,European Sculpture and Decorative Arts,1849,||||||||||
477275,Medieval Art,499,||Kharga Oasis||||Byzantine Egypt||Coptic||
52513,Asian Art,1816,||||||||Japan||
308512,The Michael C. Rockefeller Wing,650,||North Coast||||Peru||Moche||
47693,Asian Art,1849,||||||||Japan||
309443,The Michael C. Rockefeller Wing,550,||||||Peru||Moche||
198426,European Sculpture and Decorative Arts,1760,||||||||||British
187860,European Sculpture and Decorative Arts,1785,||||||||||German
477326,Medieval Art,499,||Kharga Oasis||||Byzantine Egypt||Coptic||
48691,Asian Art,1849,||||||||China||
52076,Asian Art,1692,||||||||China||
309129,The Michael C. Rockefeller Wing,500,||||||Peru||Moche||
42416,Asian Art,1692,||||||||China||
194293,European Sculpture and Decorative Arts,1542,||||||||||French
205336,European Sculpture and Decorative Arts,1752,||||||||||British
47810,Asian Art,1849,||||||||Japan||
50506,Asian Art,1700,||||||||China||
50033,Asian Art,1749,||||||||China||
465870,Medieval Art,1299,||||||||French||
199532,European Sculpture and Decorative Arts,1745,||||||||||
48267,Asian Art,1119,||||||||China||
447072,Islamic Art,1249,Kashan||||||Iran||||
52524,Asian Art,-2000,||||||||China||
39631,Asian Art,100,||||||||China||
207383,European Sculpture and Decorative Arts,1757,||||||||||French
851662,Asian Art,1849,||||||||Korea||
205930,European Sculpture and Decorative Arts,1732,||||||||||German
470127,Medieval Art,1300,Paris||||||France||French||
57417,Asian Art,1849,||||||||Korea||
307870,The Michael C. Rockefeller Wing,550,||||||Peru||Moche||
894321,Asian Art,1583,||||||||Japan||
194292,European Sculpture and Decorative Arts,1675,||||||||||
309301,The Michael C. Rockefeller Wing,550,||||||Peru||Moche||
200840,European Sculpture and Decorative Arts,1727,||||||||||French
62557,Asian Art,1749,||||||||Japan||
42254,Asian Art,1700,||||||||China||
309751,The Michael C. Rockefeller Wing,950,||||||Peru||Lambayeque (Sicán)||
188993,European Sculpture and Decorative Arts,1770,||||||||||Swiss
62627,Asian Art,1749,||||||||Japan||
200827,European Sculpture and Decorative Arts,1737,||||||||||French
50020,Asian Art,1575,||||||||China||
42222,Asian Art,1849,||||||||China||
647271,Asian Art,1319,||||||||China||
203478,European Sculpture and Decorative Arts,1760,||||||||||British
200944,European Sculpture and Decorative Arts,1762,||||||||||German
46817,Asian Art,1830,||||||||Japan||
42253,Asian Art,1751,||||||||China||
319859,The Michael C. Rockefeller Wing,1500,||||Mesoamerica||Mexico||Mixtec||
771038,European Sculpture and Decorative Arts,1884,||||||||||British
47990,Asian Art,1749,||||||||Japan||
46555,Asian Art,1749,||||||||China||
42268,Asian Art,1124,||||||||Korea||
208120,European Sculpture and Decorative Arts,1574,||||||||||
50707,Asian Art,349,||||||||China||
771015,European Sculpture and Decorative Arts,1884,||||||||||British
446976,Islamic Art,1749,||||||Iran||||
47282,Asian Art,1780,||||||||Japan||
48633,Asian Art,1506,||||||||China||
42522,Asian Art,1513,||||||||China||
310196,The Michael C. Rockefeller Wing,400,||||||Peru||Moche||
47106,Asian Art,1849,||||||||Japan||
475752,Medieval Art,499,||Kharga Oasis||||Byzantine Egypt||Coptic||
48425,Asian Art,1119,||||||||China||
770917,European Sculpture and Decorative Arts,1880,||||||||||British
771030,European Sculpture and Decorative Arts,1891,||||||||||British
771036,European Sculpture and Decorative Arts,1884,||||||||||British
46757,Asian Art,1549,||||||||China||
56587,Asian Art,1800,||||||||Japan||
47234,Asian Art,1824,||||||||China||
308387,The Michael C. Rockefeller Wing,200,||||||Peru||Moche||
199568,European Sculpture and Decorative Arts,1765,||||||||||
309436,The Michael C. Rockefeller Wing,500,||||||Peru||Moche||
47927,Asian Art,1749,||||||||China||
194636,European Sculpture and Decorative Arts,1807,||||||||||
52089,Asian Art,1680,||||||||Japan||
47370,Asian Art,1810,||||||||China||
62941,Asian Art,1760,||||||||Japan||
190647,European Sculpture and Decorative Arts,1649,||||||||||
47441,Asian Art,1765,||||||||China||
448976,Islamic Art,949,Qasr-i Abu Nasr||||||Iran||||
453996,Islamic Art,1225,Raqqa||||||Syria||||
197225,European Sculpture and Decorative Arts,1580,||||||||||Italian
446845,Islamic Art,1049,||||||Eastern Syria||||
48550,Asian Art,1334,||||||||China||
449870,Islamic Art,837,Nishapur||||||Iran||||
48755,Asian Art,1700,||||||||Japan||
476257,Medieval Art,499,||Kharga Oasis||||Byzantine Egypt||Coptic||
42413,Asian Art,1700,||||||||China||
446907,Islamic Art,1199,||||||Iran||||
52064,Asian Art,1692,||||||||China||
42267,Asian Art,1701,||||||||China||
468523,The Cloisters,1455,probably Manises||Valencia||||Spain||Spanish||
198409,European Sculpture and Decorative Arts,1807,||||||||||
47854,Asian Art,1800,||||||||Japan||
196344,European Sculpture and Decorative Arts,1579,||||||||||
857949,Asian Art,1550,||||||||China||
49215,Asian Art,1350,||||||||China||
52638,Asian Art,1323,||||||||China||
208009,European Sculpture and Decorative Arts,1649,||||||||||German
830413,European Sculpture and Decorative Arts,1752,||||||||||
46989,Asian Art,1749,||||||||China||
48278,Asian Art,1692,||||||||China||
63100,Asian Art,1745,||||||||Japan||
312570,The Michael C. Rockefeller Wing,50,||Colima||Mesoamerica||Mexico||Colima||
40083,Asian Art,-2400,||||||||China||
309717,The Michael C. Rockefeller Wing,300,||||South Coast||Peru||Nasca||
447278,Islamic Art,1199,||||||Iran||||
50235,Asian Art,1149,||||||||China||
308450,The Michael C. Rockefeller Wing,-500,||||||Peru||Paracas||
52547,Asian Art,7,||||||||China||
187746,European Sculpture and Decorative Arts,1749,||||||||||
308354,The Michael C. Rockefeller Wing,-50,||South Coast||Ica Valley||Peru||Topará||
48598,Asian Art,1692,||||||||China||
42434,Asian Art,949,||||||||China||
449072,Islamic Art,899,Nishapur||||||Iran||||
204090,European Sculpture and Decorative Arts,1749,||||||||||
451618,Islamic Art,1149,Kashan||||||Iran||||
37407,Asian Art,-650,||||||||Thailand (Ban Chiang culture)||
465889,Medieval Art,1449,||||||||French||
48202,Asian Art,1700,||||||||China||
670989,Asian Art,1600,||||||||Japan||
49308,Asian Art,1665,||||||||Japan||
206433,European Sculpture and Decorative Arts,1760,||||||||||French
208387,European Sculpture and Decorative Arts,1770,||||||||||Swiss
449649,Islamic Art,849,Nishapur||||||Iran||||
465879,Medieval Art,1549,||||||||French||
46636,Asian Art,1849,||||||||China||
47169,Asian Art,1724,||||||||Japan||
51067,Asian Art,1119,||||||||China||
463208,Medieval Art,1449,||||||||Italian||
623474,European Sculpture and Decorative Arts,1705,||||||||||
308514,The Michael C. Rockefeller Wing,700,||||||Peru||Moche||
309437,The Michael C. Rockefeller Wing,500,||||||Peru||Moche||
63071,Asian Art,1820,||||||||Japan||Japanese
460131,Robert Lehman Collection,1475,"||||||||Italian, Florence or vicinity||"
312165,The Michael C. Rockefeller Wing,150,||||||Peru||Viru||
186684,European Sculpture and Decorative Arts,1520,||||||||||
47566,Asian Art,1749,||||||||Japan||
477281,Medieval Art,0,||Kharga Oasis||||Byzantine Egypt||Coptic||
468390,Medieval Art,1599,London||||||England||British||
200891,European Sculpture and Decorative Arts,1680,||||||||||
63087,Asian Art,1883,||||||||Japan||Japanese
449363,Islamic Art,899,Nishapur||||||Iran||||
47286,Asian Art,1810,||||||||China||
449773,Islamic Art,799,Nishapur||||||Iran||||
49559,Asian Art,749,||||||||China||
48762,Asian Art,1849,||||||||China||
308516,The Michael C. Rockefeller Wing,550,||||||Peru||Moche||
194288,European Sculpture and Decorative Arts,1749,||||||||||
62666,Asian Art,1749,||||||||Japan||
467946,Medieval Art,1474,||||||||Spanish||
47497,Asian Art,1695,||||||||China||
52518,Asian Art,1830,||||||||Japan||
52983,Asian Art,1506,||||||||China||
52054,Asian Art,1699,||||||||China||
318614,The Michael C. Rockefeller Wing,-100,||||Ica Valley||Peru||Topará||
192831,European Sculpture and Decorative Arts,1760,||||||||||British
201798,European Sculpture and Decorative Arts,1735,||||||||||Spanish
47439,Asian Art,1824,||||||||China||
46872,Asian Art,1516,||||||||China||
47433,Asian Art,1808,||||||||China||
444488,Islamic Art,1699,||||||Iran||||
194303,European Sculpture and Decorative Arts,1545,||||||||||French
828462,Asian Art,1049,"||||||||Iraq or Iran, Persian Gulf||"
308651,The Michael C. Rockefeller Wing,-300,||||||Peru||Paracas||
57368,Asian Art,1916,||||||||Korea||
52020,Asian Art,1666,||||||||China||
42224,Asian Art,1849,||||||||China||
47472,Asian Art,1849,||||||||Japan||
194262,European Sculpture and Decorative Arts,1715,||||||||||
46920,Asian Art,1711,||||||||China||
46923,Asian Art,1749,||||||||China||
208403,European Sculpture and Decorative Arts,1740,||||||||||French
208307,European Sculpture and Decorative Arts,1707,||||||||||
46959,Asian Art,1729,||||||||China||
63049,Asian Art,1850,||||||||Japan||
207713,European Sculpture and Decorative Arts,1887,||||||||||British
201881,European Sculpture and Decorative Arts,1755,||||||||||
44429,Asian Art,-2600,||||||||China||
52906,Asian Art,1765,||||||||China||
46556,Asian Art,1711,||||||||China||
203363,European Sculpture and Decorative Arts,1761,||||||||||British
309752,The Michael C. Rockefeller Wing,1000,||||North Coast||Peru||Lambayeque (Sicán)||
451621,Islamic Art,1249,Kashan||||||Iran||||
62995,Asian Art,1800,||||||||Japan||
461218,Robert Lehman Collection,1849,||||||||Chinese||
9179,European Sculpture and Decorative Arts,1828,||||||||||
47888,Asian Art,1824,||||||||China||
62553,Asian Art,1649,||||||||Japan||
42309,Asian Art,1483,||||||||Korea||
449422,Islamic Art,849,Nishapur||||||Iran||||
50332,Asian Art,1635,||||||||Japan||
62712,Asian Art,1749,||||||||Japan||
62702,Asian Art,1749,||||||||Japan||
839471,Asian Art,1884,"||||||||India, Bombay School||"
47481,Asian Art,1849,||||||||Japan||
204062,European Sculpture and Decorative Arts,1749,||||||||||
197819,European Sculpture and Decorative Arts,1747,||||||||||
310203,The Michael C. Rockefeller Wing,300,||||||Peru||Moche||
468399,Medieval Art,1500,||Surrey||||England||British||
57502,Asian Art,1649,||||||||Korea||
199515,European Sculpture and Decorative Arts,1689,||||||||||
44724,Asian Art,-2500,||||||||China||
40207,Asian Art,-2150,||||||||China||
196544,European Sculpture and Decorative Arts,1756,||||||||||French
239497,European Sculpture and Decorative Arts,1888,||||||||||British
46557,Asian Art,1781,||||||||China||
46192,Asian Art,1849,||||||||China||
51192,Asian Art,1824,||||||||China||
851660,Asian Art,1500,||||||||Korea||
48850,Asian Art,1692,||||||||China||
196361,European Sculpture and Decorative Arts,1830,||||||||||
308592,The Michael C. Rockefeller Wing,-550,||||Ica Valley||Peru||Paracas||
208556,European Sculpture and Decorative Arts,1880,"||||||||||British, Scottish"
200876,European Sculpture and Decorative Arts,1690,||||||||||French
234894,European Sculpture and Decorative Arts,1775,||||||||||German
46693,Asian Art,1830,||||||||Japan||
47407,Asian Art,1783,||||||||China||
46667,Asian Art,1749,||||||||China||
771060,European Sculpture and Decorative Arts,1887,||||||||||British
37540,Asian Art,1449,||||||||Vietnam||
48271,Asian Art,1119,||||||||China||
49356,Asian Art,1729,||||||||China||
309372,The Michael C. Rockefeller Wing,550,||||||Peru||Moche||
199470,European Sculpture and Decorative Arts,1750,||||||||||
201781,European Sculpture and Decorative Arts,1727,||||||||||German
478811,Medieval Art,0,||Kharga Oasis||||Byzantine Egypt||Coptic||
206319,European Sculpture and Decorative Arts,1608,||||||||||
47656,Asian Art,1700,||||||||China||
199343,European Sculpture and Decorative Arts,1727,||||||||||French
46720,Asian Art,1761,||||||||China||
308519,The Michael C. Rockefeller Wing,50,||||||Peru||Moche||
51064,Asian Art,1649,||||||||China||
48565,Asian Art,1499,||||||||China||
44421,Asian Art,-2250,||||||||China||
197219,European Sculpture and Decorative Arts,1575,||||||||||
47616,Asian Art,1749,||||||||Japan||
48712,Asian Art,100,||||||||China||
42511,Asian Art,1499,||||||||China||
460270,Robert Lehman Collection,1650,||||||||Italian||
46631,Asian Art,1777,||||||||China||
204368,European Sculpture and Decorative Arts,1849,||||||||||
309517,The Michael C. Rockefeller Wing,-800,||||||Peru||Cupisnique||
475755,Medieval Art,499,||Kharga Oasis||||Byzantine Egypt||Coptic||
62701,Asian Art,1824,||||||||Japan||
48306,Asian Art,1749,||||||||China||
308425,The Michael C. Rockefeller Wing,-500,||||||Peru||Paracas||
52047,Asian Art,1692,||||||||China||
41076,Asian Art,1765,||||||||China||
47435,Asian Art,1506,||||||||China||
449430,Islamic Art,800,Nishapur||||||Iran||||
62717,Asian Art,1849,||||||||Japan||
468397,Medieval Art,1500,||||||||British||
309499,The Michael C. Rockefeller Wing,200,||||||Peru||Moche||
308618,The Michael C. Rockefeller Wing,-350,||||Ica Valley||Peru||Paracas||
190797,European Sculpture and Decorative Arts,1725,||||||||||
308511,The Michael C. Rockefeller Wing,200,||||||Peru||Moche||
42391,Asian Art,1650,||||||||China||
198497,European Sculpture and Decorative Arts,1765,||||||||||British
48175,Asian Art,1700,||||||||China||
42237,Asian Art,1849,||||||||China||
192844,European Sculpture and Decorative Arts,1770,||||||||||British
45837,Asian Art,1749,||||||||Japan||
62563,Asian Art,1874,||||||||Japan||
47691,Asian Art,1765,||||||||China||
187863,European Sculpture and Decorative Arts,1525,||||||||||
46654,Asian Art,1849,||||||||Japan||
195208,European Sculpture and Decorative Arts,1730,||||||||||French
62558,Asian Art,1649,||||||||Japan||
309445,The Michael C. Rockefeller Wing,550,||||||Peru||Moche||
40084,Asian Art,1683,||||||||China||
194624,European Sculpture and Decorative Arts,1792,||||||||||
448260,Islamic Art,999,||||||Iran||||
308447,The Michael C. Rockefeller Wing,-500,||||||Peru||Paracas||
52812,Asian Art,1672,||||||||China||
310208,The Michael C. Rockefeller Wing,-550,||||||Peru||Paracas||
309386,The Michael C. Rockefeller Wing,200,||Piura||||Peru||Vicús||
309352,The Michael C. Rockefeller Wing,300,||||||Peru||Moche||
37477,Asian Art,1435,||||||||Thailand (Si Satchanalai)||
62871,Asian Art,1849,||||||||Japan||Japanese
774589,European Sculpture and Decorative Arts,1775,||||||||||British
188974,European Sculpture and Decorative Arts,1800,||||||||||
73635,Asian Art,999,||||||||China||
195775,European Sculpture and Decorative Arts,1520,||||||||||
197532,European Sculpture and Decorative Arts,1750,||||||||||
52224,Asian Art,1630,||||||||Japan||
48769,Asian Art,1695,||||||||China||
39589,Asian Art,1116,||||||||Korea||
47453,Asian Art,1849,||||||||Japan||
309137,The Michael C. Rockefeller Wing,-800,||||||Peru||Cupisnique||
48594,Asian Art,1692,||||||||China||
46639,Asian Art,1750,||||||||China||
46782,Asian Art,1849,||||||||China||
770952,European Sculpture and Decorative Arts,1886,||||||||||British
48592,Asian Art,1692,||||||||China||
52018,Asian Art,1729,||||||||China||
50354,Asian Art,1149,||||||||Korea||
44749,Asian Art,1524,||||||||China||
771026,European Sculpture and Decorative Arts,1872,||||||||||British
204351,European Sculpture and Decorative Arts,1849,||||||||||
475725,Medieval Art,499,||Kharga Oasis||||Byzantine Egypt||Coptic||
63070,Asian Art,1749,||||||||Japan||
50027,Asian Art,1506,||||||||China||
195273,European Sculpture and Decorative Arts,1649,||||||||||
316882,The Michael C. Rockefeller Wing,1475,||||Mesoamerica||Mexico||Mexica (Aztec)||
46760,Asian Art,1924,||||||||China||
310214,The Michael C. Rockefeller Wing,-450,||||||Peru||Paracas||
48610,Asian Art,1849,||||||||China||
62724,Asian Art,1760,||||||||Japan||
51012,Asian Art,1759,||||||||China||
57515,Asian Art,685,||||||||Korea||
203192,European Sculpture and Decorative Arts,1727,||||||||||
48644,Asian Art,1736,||||||||China||
308525,The Michael C. Rockefeller Wing,300,||||||Peru||Moche||
48745,Asian Art,1749,||||||||China||
47603,Asian Art,1849,||||||||Japan||
46942,Asian Art,1692,||||||||China||
52305,Asian Art,1741,||||||||Japan||
475749,Medieval Art,499,||Kharga Oasis||||Byzantine Egypt||Coptic||
444876,Islamic Art,1582,Iznik||||||Turkey||||
448181,Islamic Art,1199,||||||Iraq or Syria||||
444480,Islamic Art,1199,Raqqa||||||Syria||||
203298,European Sculpture and Decorative Arts,1745,||||||||||British
460149,Robert Lehman Collection,1527,"||||||||Italian, Faenza||"
63082,Asian Art,1775,||||||||Japan||
49920,Asian Art,1350,||||||||China||
53825,Asian Art,1695,||||||||China||
48051,Asian Art,1549,||||||||China||
48333,Asian Art,1749,||||||||China||
309373,The Michael C. Rockefeller Wing,550,||||||Peru||Moche||
890331,European Sculpture and Decorative Arts,1900,||||||||||French
47620,Asian Art,1765,||||||||China||
449058,Islamic Art,1199,Nishapur||||||Iran||||
313363,The Michael C. Rockefeller Wing,1350,||Chihuahua||Mesoamerica||Mexico||Casas Grandes||
198677,European Sculpture and Decorative Arts,1771,||||||||||German
771045,European Sculpture and Decorative Arts,1874,||||||||||British
314696,The Michael C. Rockefeller Wing,350,||||||Peru||Moche||
62527,Asian Art,1749,||||||||Japan||
449636,Islamic Art,899,Nishapur||||||Iran||||
203266,European Sculpture and Decorative Arts,1727,||||||||||
50655,Asian Art,1334,||||||||China||
47385,Asian Art,1650,||||||||Japan||
194595,European Sculpture and Decorative Arts,1749,||||||||||
50971,Asian Art,749,||||||||China||
48620,Asian Art,1549,||||||||China||
194906,European Sculpture and Decorative Arts,1765,||||||||||German
63065,Asian Art,1816,||||||||Japan||
309337,The Michael C. Rockefeller Wing,550,||||||Peru||Moche||
451200,Islamic Art,1100,||||||Iran||||
307622,The Michael C. Rockefeller Wing,-550,||||||Peru||Paracas||
187733,European Sculpture and Decorative Arts,1849,||||||||||
308476,The Michael C. Rockefeller Wing,-101,||||Ica Valley||Peru||Paracas||
47759,Asian Art,1749,||||||||Japan||
51056,Asian Art,1765,||||||||China||
451029,Islamic Art,974,probably Basra||||||Iraq||||
42305,Asian Art,1049,||||||||Korea||
208486,European Sculpture and Decorative Arts,1766,||||||||||German
42506,Asian Art,1430,||||||||China||
308541,The Michael C. Rockefeller Wing,400,||||||Peru||Moche||
50907,Asian Art,1692,||||||||China||
307472,The Michael C. Rockefeller Wing,650,||||North Coast||Peru||Moche||
53767,Asian Art,1695,||||||||China||
205979,European Sculpture and Decorative Arts,1724,||||||||||
62556,Asian Art,1799,||||||||Japan||
42377,Asian Art,708,||||||||China||
47256,Asian Art,1750,||||||||Japan||
45891,Asian Art,1695,||||||||China||
63140,Asian Art,1849,||||||||Japan||
198939,European Sculpture and Decorative Arts,1510,||||||||||
42221,Asian Art,1716,||||||||China||
196567,European Sculpture and Decorative Arts,1750,||||||||||
44741,Asian Art,1334,||||||||China||
52939,Asian Art,1749,||||||||China||
871864,European Sculpture and Decorative Arts,1896,||||||||||French
57370,Asian Art,1916,||||||||Korea||
63550,Asian Art,1616,||||||||Japan||
52972,Asian Art,1765,||||||||China||
47401,Asian Art,1749,||||||||China||
201730,European Sculpture and Decorative Arts,1762,||||||||||French
52804,Asian Art,1849,||||||||Japan||
450944,Islamic Art,1212,Raqqa||||||Syria||||
892635,Asian Art,1649,||||||||Korea||
46840,Asian Art,1749,||||||||China||
201732,European Sculpture and Decorative Arts,1762,||||||||||French
42393,Asian Art,849,||||||||China||
206328,European Sculpture and Decorative Arts,1810,||||||||||
309469,The Michael C. Rockefeller Wing,-275,||||South Coast||Peru||Paracas||
50841,Asian Art,1692,||||||||China||
465873,Medieval Art,1299,||||||||French||
52065,Asian Art,1749,||||||||China||
465876,Medieval Art,1299,||||||||French||
466579,Medieval Art,1549,||||||||Italian||
62754,Asian Art,1680,||||||||Japan||
194232,European Sculpture and Decorative Arts,1770,||||||||||German
48272,Asian Art,1119,||||||||China||
187859,European Sculpture and Decorative Arts,1785,||||||||||German
44756,Asian Art,1513,||||||||China||
46634,Asian Art,1765,||||||||China||
308629,The Michael C. Rockefeller Wing,-300,||||||Peru||Paracas||
44454,Asian Art,1334,||||||||China||
309497,The Michael C. Rockefeller Wing,400,||||||Peru||Moche||
317793,The Michael C. Rockefeller Wing,750,||||||Peru||Wari||
52470,Asian Art,1874,||||||||Japan||
316886,The Michael C. Rockefeller Wing,350,||||Central Andes||Peru||Nasca||
42474,Asian Art,1066,||||||||China||
48579,Asian Art,1749,||||||||China||
52739,Asian Art,1544,||||||||China||
47186,Asian Art,1840,||||||||Japan||
460143,Robert Lehman Collection,1475,"||||||||Italian, Faenza or Pesaro||"
309713,The Michael C. Rockefeller Wing,400,||||Mesoamerica||Guatemala||Maya||
460168,Robert Lehman Collection,1520,"||||||||Italian, Deruta||"
46797,Asian Art,1506,||||||||China||
314678,The Michael C. Rockefeller Wing,1300,||||||Peru||Chimú||
52765,Asian Art,1650,||||||||China||
47072,Asian Art,1849,||||||||Japan||
202473,European Sculpture and Decorative Arts,1790,||||||||||
46586,Asian Art,1695,||||||||China||
314626,The Michael C. Rockefeller Wing,-1000,||||Mesoamerica||Mexico||Tlatilco||
446844,Islamic Art,1149,||||||Eastern Syria||||
206392,European Sculpture and Decorative Arts,1787,||||||||||German
63539,Asian Art,752,||||||||Japan||
47558,Asian Art,1777,||||||||China||
47440,Asian Art,1506,||||||||China||
771050,European Sculpture and Decorative Arts,1875,||||||||||British
208421,European Sculpture and Decorative Arts,1892,||||||||||
52682,Asian Art,1119,||||||||China||
308523,The Michael C. Rockefeller Wing,1285,||||North Coast||Peru||Chimú||
50186,Asian Art,1654,||||||||Japan||
48244,Asian Art,1749,||||||||China||
312603,The Michael C. Rockefeller Wing,850,||||||Peru||Wari||
308359,The Michael C. Rockefeller Wing,-200,||||Ica Valley||Peru||Paracas||
62713,Asian Art,1749,||||||||Japan||
53765,Asian Art,1483,||||||||China||
48654,Asian Art,1692,||||||||China||
190648,European Sculpture and Decorative Arts,1649,||||||||||
47218,Asian Art,1849,||||||||Japan||
309512,The Michael C. Rockefeller Wing,-800,||||||Peru||Cupisnique||
316720,The Michael C. Rockefeller Wing,300,||||||Peru||Moche||
308513,The Michael C. Rockefeller Wing,-225,||||||Peru||Moche||
310602,The Michael C. Rockefeller Wing,550,||Oaxaca||Mesoamerica||Mexico||Monte Alban||
46939,Asian Art,1692,||||||||China||
63131,Asian Art,1649,||||||||Japan||
448986,Islamic Art,899,Qasr-i Abu Nasr||||||Iran||||
49266,Asian Art,849,||||||||Japan||
47787,Asian Art,1849,||||||||Japan||
62602,Asian Art,1749,||||||||Japan||
52398,Asian Art,1630,||||||||Japan||
194439,European Sculpture and Decorative Arts,1597,||||||||||
47119,Asian Art,1850,||||||||Japan||
47687,Asian Art,1700,||||||||China||
46568,Asian Art,1749,||||||||China||
51133,Asian Art,1808,||||||||China||
308534,The Michael C. Rockefeller Wing,300,||||||Peru||Moche||
47308,Asian Art,1650,||||||||Japan||
42406,Asian Art,1692,||||||||China||
308463,The Michael C. Rockefeller Wing,-50,||||South Coast||Peru||Topará||
198669,European Sculpture and Decorative Arts,1889,||||||||||French
48590,Asian Art,1749,||||||||China||
194246,European Sculpture and Decorative Arts,1550,||||||||||
72312,Asian Art,1750,||||||||Japan||
52024,Asian Art,1781,||||||||China||
47320,Asian Art,1751,||||||||China||
200879,European Sculpture and Decorative Arts,1740,||||||||||German
52712,Asian Art,1729,||||||||China||
194390,European Sculpture and Decorative Arts,1774,||||||||||
651289,The Cloisters,1350,Mill Green||Essex||||England||British||
476296,Medieval Art,499,||Kharga Oasis||||Byzantine Egypt||Coptic||
46762,Asian Art,1849,||||||||China||
191213,European Sculpture and Decorative Arts,1707,||||||||||
47117,Asian Art,1820,||||||||Japan||
47299,Asian Art,1808,||||||||China||
52039,Asian Art,1765,||||||||China||
308417,The Michael C. Rockefeller Wing,400,||||||Peru||Moche||
447286,Islamic Art,1199,||||||Iran||||
63941,Asian Art,1741,||||||||Japan||
47686,Asian Art,1765,||||||||China||
51044,Asian Art,1199,||||||||China||
449068,Islamic Art,999,Nishapur||||||Iran||||
49305,Asian Art,1683,||||||||Japan||
449652,Islamic Art,949,Nishapur||||||Iran||||
47785,Asian Art,1825,||||||||Japan||
449419,Islamic Art,849,Nishapur||||||Iran||||
309132,The Michael C. Rockefeller Wing,250,||||||Peru||Nasca||
316711,The Michael C. Rockefeller Wing,700,||||Mesoamerica||Mexico||Maya||
48713,Asian Art,1694,||||||||China||
308538,The Michael C. Rockefeller Wing,250,||||||Peru||Moche||
310704,The Michael C. Rockefeller Wing,-200,||||||Peru||Nasca||
308424,The Michael C. Rockefeller Wing,-700,||||||Peru||Paracas||
314628,The Michael C. Rockefeller Wing,-1000,||||Mesoamerica||Mexico||Tlatilco||
194637,European Sculpture and Decorative Arts,1807,||||||||||
668677,The Cloisters,1250,||Saintonge||||France||French||
40960,Asian Art,1833,||||||||China||
50329,Asian Art,1683,||||||||Japan||
62588,Asian Art,1749,||||||||Japan||
207777,European Sculpture and Decorative Arts,1880,"||||||||||British, Scottish"
465878,Medieval Art,1499,||||||||French||
52679,Asian Art,1203,||||||||China||
309484,The Michael C. Rockefeller Wing,500,||||||Peru||Moche||
479662,The Cloisters,1350,||||||||British||
471755,The Cloisters,1474,Manises||Valencia||||Spain||Spanish||
49204,Asian Art,1099,||||||||China||
40095,Asian Art,-350,||||||||Korea||
46673,Asian Art,1849,||||||||China||
188541,European Sculpture and Decorative Arts,1547,||||||||||
194488,European Sculpture and Decorative Arts,1750,||||||||||
191206,European Sculpture and Decorative Arts,1774,||||||||||British
308713,The Michael C. Rockefeller Wing,-300,||||||Peru||Paracas||
51183,Asian Art,1729,||||||||China||
48746,Asian Art,1692,||||||||China||
307865,The Michael C. Rockefeller Wing,-400,||||||Peru||Paracas||
76452,Asian Art,1650,||||||||China||
51015,Asian Art,1765,||||||||China||
771081,European Sculpture and Decorative Arts,1873,||||||||||British
446840,Islamic Art,1049,||||||Syria||||
47591,Asian Art,1749,||||||||Japan||
198972,European Sculpture and Decorative Arts,1579,||||||||||
461210,Robert Lehman Collection,1745,||||||||Chinese||
308642,The Michael C. Rockefeller Wing,-300,||||||Peru||Paracas||
52034,Asian Art,1692,||||||||China||
667259,Asian Art,1749,||||||||Japan||
47873,Asian Art,1765,||||||||China||
45894,Asian Art,1692,||||||||China||
47792,Asian Art,1671,||||||||China||
205936,European Sculpture and Decorative Arts,1732,||||||||||German
204372,European Sculpture and Decorative Arts,1849,||||||||||
49318,Asian Art,1680,||||||||Japan||
47404,Asian Art,1700,||||||||China||
46739,Asian Art,1695,||||||||China||
44743,Asian Art,1350,||||||||China||
42205,Asian Art,1749,||||||||China||
204513,European Sculpture and Decorative Arts,1480,||||||||||
447789,Islamic Art,710,Kufa||||||Iraq||||
52569,Asian Art,1949,||||||||China||
475750,Medieval Art,499,||Kharga Oasis||||Byzantine Egypt||Coptic||
47615,Asian Art,1835,||||||||Japan||Japanese
199533,European Sculpture and Decorative Arts,1745,||||||||||
308714,The Michael C. Rockefeller Wing,-300,||||||Peru||Paracas||
449560,Islamic Art,899,Nishapur||||||Iran||||
314690,The Michael C. Rockefeller Wing,-800,||||||Peru||Cupisnique||
46796,Asian Art,1174,||||||||China||
448432,Islamic Art,1725,||||||Iran||||
48251,Asian Art,1780,||||||||Japan||
194239,European Sculpture and Decorative Arts,1755,||||||||||British
47216,Asian Art,1849,||||||||Japan||
47890,Asian Art,1700,||||||||China||
187829,European Sculpture and Decorative Arts,1700,||||||||||
194287,European Sculpture and Decorative Arts,1545,||||||||||French
42438,Asian Art,1029,||||||||China||
62867,Asian Art,1749,||||||||Japan||
47803,Asian Art,1849,||||||||Japan||
50839,Asian Art,1692,||||||||China||
453457,Islamic Art,1587,Iznik||||||Turkey||||
46746,Asian Art,1849,||||||||China||
52945,Asian Art,1649,||||||||Japan||
308526,The Michael C. Rockefeller Wing,550,||||||Peru||Moche||
62571,Asian Art,1816,||||||||Japan||
46223,Asian Art,1849,||||||||China||
46564,Asian Art,1695,||||||||China||
204382,European Sculpture and Decorative Arts,1849,||||||||||
46559,Asian Art,1729,||||||||China||
48343,Asian Art,1849,||||||||China||
62772,Asian Art,1650,||||||||Japan||
194639,European Sculpture and Decorative Arts,1807,||||||||||
309376,The Michael C. Rockefeller Wing,500,||||||Peru||Moche||
194392,European Sculpture and Decorative Arts,1702,||||||||||French
748327,Asian Art,1749,||||||||Japan||
460272,Robert Lehman Collection,1650,"||||||||Italian, perhaps Trapani||"
49295,Asian Art,1674,||||||||Japan||
476258,Medieval Art,499,||Kharga Oasis||||Byzantine Egypt||Coptic||
63126,Asian Art,1749,||||||||Japan||
449905,Islamic Art,837,Nishapur||||||Iran||||
204671,European Sculpture and Decorative Arts,1700,||||||||||
39518,Asian Art,499,||||||||Korea||
51003,Asian Art,1729,||||||||China||
478438,Medieval Art,499,||Kharga Oasis||||Byzantine Egypt||Coptic||
52971,Asian Art,1729,||||||||China||
449771,Islamic Art,999,Nishapur||||||Iran||||
452036,Islamic Art,1487,||||||Iran||||
57489,Asian Art,1324,||||||||Korea||
46991,Asian Art,1750,||||||||Japan||
476282,Medieval Art,499,||Kharga Oasis||||Byzantine Egypt||Coptic||
39513,Asian Art,749,||||||||Korea||
197580,European Sculpture and Decorative Arts,1752,||||||||||
47619,Asian Art,1750,||||||||Japan||
444496,Islamic Art,1674,||||||Iran||||
450930,Islamic Art,1149,Raqqa||||||Syria||||
460132,Robert Lehman Collection,1480,"||||||||Italian, probably Florence or vicinity||"
701291,Asian Art,1672,||||||||China||
315677,The Michael C. Rockefeller Wing,-50,||||||Peru||Vicús||
50355,Asian Art,1149,||||||||Korea||
42228,Asian Art,1849,||||||||China||
47622,Asian Art,1749,||||||||China||
309338,The Michael C. Rockefeller Wing,550,||||||Peru||Moche||
330104,Medieval Art,1350,Paterna||Valencia||||Spain||Spanish||
478436,Medieval Art,499,||Kharga Oasis||||Byzantine Egypt||Coptic||
670806,European Sculpture and Decorative Arts,1882,"||||||||||British, Scottish"
444503,Islamic Art,1349,||||||Iran||||
49909,Asian Art,849,||||||||China||
310215,The Michael C. Rockefeller Wing,-450,||||||Peru||Paracas||
444481,Islamic Art,1349,||||||Iran||||
451619,Islamic Art,1249,Kashan||||||Iran||||
460280,Robert Lehman Collection,1517,||||||||Italian (supposedly Faenza or Florence)||
197224,European Sculpture and Decorative Arts,1574,||||||||||
53773,Asian Art,1749,||||||||China||
476300,Medieval Art,499,||Kharga Oasis||||Byzantine Egypt||Coptic||
460147,Robert Lehman Collection,1485,"||||||||Italian, Faenza||"
208040,European Sculpture and Decorative Arts,1765,||||||||||Italian
444517,Islamic Art,1687,||||||Iran||||
45883,Asian Art,1849,||||||||China||
202268,European Sculpture and Decorative Arts,1731,||||||||||German
193064,European Sculpture and Decorative Arts,1807,||||||||||
62681,Asian Art,1849,||||||||Japan||
48765,Asian Art,1749,||||||||Japan||
42272,Asian Art,1799,||||||||China||
210783,European Sculpture and Decorative Arts,1842,||||||||||British
670992,Asian Art,1749,||||||||Japan||
42208,Asian Art,1700,||||||||China||
46968,Asian Art,1749,||||||||Japan||
49270,Asian Art,1399,||||||||Japan||
476251,Medieval Art,499,||Kharga Oasis||||Byzantine Egypt||Coptic||
449906,Islamic Art,899,Nishapur||||||Iran||||
50305,Asian Art,249,||||||||Japan||
46665,Asian Art,1849,||||||||China||
52916,Asian Art,1692,||||||||China||
451873,Islamic Art,1649,||||||Iran||||
475416,Medieval Art,630,||||||||Byzantine (Egypt)||
51020,Asian Art,1765,||||||||China||
187701,European Sculpture and Decorative Arts,1735,||||||||||
50837,Asian Art,1695,||||||||China||
192949,European Sculpture and Decorative Arts,1849,||||||||||
187856,European Sculpture and Decorative Arts,1785,||||||||||German
853981,Asian Art,1262,"||||||||Vietnam, Hong River region||"
450943,Islamic Art,1212,Raqqa||||||Syria||||
476266,Medieval Art,499,||Kharga Oasis||||Byzantine Egypt||Coptic||
308380,The Michael C. Rockefeller Wing,250,||||||Peru||Nasca||
46547,Asian Art,1749,||||||||China||
48551,Asian Art,1600,||||||||China||
460665,Robert Lehman Collection,1692,||||||||Chinese||
42257,Asian Art,1716,||||||||China||
448447,Islamic Art,1649,||||||Syria||||
49352,Asian Art,1709,||||||||China||
196360,European Sculpture and Decorative Arts,1830,||||||||||
63526,Asian Art,1950,||||||||Japan||Japanese
190474,European Sculpture and Decorative Arts,1849,||||||||||American and French
192830,European Sculpture and Decorative Arts,1760,||||||||||British
50694,Asian Art,1724,||||||||China||
47215,Asian Art,1749,||||||||Japan||
460277,Robert Lehman Collection,1490,"||||||||Italian, Naples||"
771034,European Sculpture and Decorative Arts,1883,||||||||||British
48844,Asian Art,1572,||||||||China||
36454,Asian Art,1900,||||||||Korea||
47647,Asian Art,1783,||||||||China||
463554,Medieval Art,1435,Florence or its vicinity||Tuscany||||Italy||Italian||
42358,Asian Art,1700,||||||||China||
188645,European Sculpture and Decorative Arts,1788,||||||||||German
47527,Asian Art,1824,||||||||China||
199320,European Sculpture and Decorative Arts,1750,||||||||||
47327,Asian Art,1720,||||||||Japan||
48643,Asian Art,1765,||||||||China||
51130,Asian Art,1824,||||||||China||
52040,Asian Art,1692,||||||||China||
50742,Asian Art,1833,||||||||China||
188765,European Sculpture and Decorative Arts,1690,||||||||||French
448696,Islamic Art,749,Ctesiphon||||||Iraq||||
208397,European Sculpture and Decorative Arts,1749,||||||||||
47923,Asian Art,1783,||||||||Japan||
446936,Islamic Art,1749,||||||Iran||||
46687,Asian Art,1849,||||||||Japan||Japanese
48669,Asian Art,1692,||||||||China||
460184,Robert Lehman Collection,1535,"||||||||Italian, Castelli||"
62555,Asian Art,1749,||||||||Japan||
187828,European Sculpture and Decorative Arts,1749,||||||||||
42421,Asian Art,1683,||||||||China||
50783,Asian Art,1499,||||||||China||
48767,Asian Art,1692,||||||||China||
57425,Asian Art,1150,||||||||Korea||
188976,European Sculpture and Decorative Arts,1750,||||||||||
309399,The Michael C. Rockefeller Wing,1475,||||||Peru||Inca||
48726,Asian Art,1506,||||||||China||
63020,Asian Art,1780,||||||||Japan||
445301,Islamic Art,1299,||||||Spain or North Africa||||
848444,European Sculpture and Decorative Arts,1685,||||||||||German
62916,Asian Art,1650,||||||||Japan||
52732,Asian Art,1692,||||||||China||
194588,European Sculpture and Decorative Arts,1692,||||||||||
39590,Asian Art,1285,||||||||Korea||
444451,Islamic Art,1749,||||||Iran||||
46915,Asian Art,1765,||||||||China||
461224,Robert Lehman Collection,1850,||||||||Chinese||
310521,The Michael C. Rockefeller Wing,599,||||||Peru||Moche||
309482,The Michael C. Rockefeller Wing,500,||||||Peru||Moche||
204377,European Sculpture and Decorative Arts,1849,||||||||||
52066,Asian Art,1765,||||||||China||
42247,Asian Art,1717,||||||||China||
57522,Asian Art,300,||||||||Korea||
208181,European Sculpture and Decorative Arts,1690,||||||||||French
50885,Asian Art,1700,||||||||China||
310359,The Michael C. Rockefeller Wing,350,||||||Peru||Nasca||
62692,Asian Art,1749,||||||||Japan||
47680,Asian Art,1749,||||||||Japan||
856856,Asian Art,1749,||||||||China||
42498,Asian Art,1416,||||||||China||
46624,Asian Art,1833,||||||||China||
460173,Robert Lehman Collection,1525,"||||||||Italian, Deruta||"
314699,The Michael C. Rockefeller Wing,200,||||||Peru||Vicús||
48648,Asian Art,1711,||||||||China||
871715,European Sculpture and Decorative Arts,1903,||||||||||French
444518,Islamic Art,1649,||||||Iran||||
62769,Asian Art,1820,||||||||Japan||
47409,Asian Art,1749,||||||||China||
208245,European Sculpture and Decorative Arts,1670,||||||||||
194234,European Sculpture and Decorative Arts,1770,||||||||||German
449089,Islamic Art,899,Nishapur||||||Iran||||
208121,European Sculpture and Decorative Arts,1737,||||||||||
454766,Islamic Art,1607,||||||Iran||||
50748,Asian Art,1849,||||||||China||
475758,Medieval Art,499,||Kharga Oasis||||Byzantine Egypt||Coptic||
188633,European Sculpture and Decorative Arts,1772,||||||||||Belgian
447177,Islamic Art,1199,Rayy||||||Iran||||
476280,Medieval Art,499,||Kharga Oasis||||Byzantine Egypt||Coptic||
47853,Asian Art,1849,||||||||Japan||
308710,The Michael C. Rockefeller Wing,-300,||||||Peru||Paracas||
44419,Asian Art,199,||||||||China||
192810,European Sculpture and Decorative Arts,1775,||||||||||British
823194,European Sculpture and Decorative Arts,1867,"||||||||||British, Scottish"
50737,Asian Art,1749,||||||||China||
62597,Asian Art,1749,||||||||Japan||
314697,The Michael C. Rockefeller Wing,350,||||||Peru||Moche||
195307,European Sculpture and Decorative Arts,1727,||||||||||French
51161,Asian Art,1800,||||||||China||
48781,Asian Art,1783,||||||||China||
460265,Robert Lehman Collection,1575,"||||||||Italian, probably Faenza||"
658718,European Sculpture and Decorative Arts,1893,"||||||||||British, Scottish"
57366,Asian Art,1916,||||||||Korea||
309521,The Michael C. Rockefeller Wing,-800,||||||Peru||Cupisnique||
475751,Medieval Art,499,||Kharga Oasis||||Byzantine Egypt||Coptic||
50881,Asian Art,1810,||||||||China||
48677,Asian Art,1747,||||||||China||
46676,Asian Art,1729,||||||||China||
307869,The Michael C. Rockefeller Wing,350,||||||Peru||Moche||
63083,Asian Art,1750,||||||||Japan||
205330,European Sculpture and Decorative Arts,1760,||||||||||British
449874,Islamic Art,849,Nishapur||||||Iran||||
46863,Asian Art,1749,||||||||China||
47947,Asian Art,1349,||||||||Japan||
450459,Islamic Art,1199,||||||Iran||||
48052,Asian Art,1695,||||||||China||
199670,European Sculpture and Decorative Arts,1747,||||||||||Italian
460186,Robert Lehman Collection,1535,"||||||||Italian, Castelli||"
48337,Asian Art,1695,||||||||China||
50743,Asian Art,1833,||||||||China||
312891,The Michael C. Rockefeller Wing,900,||||||Colombia||Quimbaya||
39519,Asian Art,450,||||||||Korea||
195272,European Sculpture and Decorative Arts,1649,||||||||||
46748,Asian Art,1849,||||||||China||
460179,Robert Lehman Collection,1520,"||||||||Italian, Castelli||"
42241,Asian Art,1716,||||||||China||
44739,Asian Art,1334,||||||||China||
50714,Asian Art,1916,||||||||China||
42440,Asian Art,1149,||||||||China||
308304,The Michael C. Rockefeller Wing,-350,||||||Peru||Paracas||
461193,Robert Lehman Collection,1710,||||||||Dutch (Delft)||
309756,The Michael C. Rockefeller Wing,350,||||||Peru||Nasca||
468158,Medieval Art,1425,Florence||Tuscany||||Italy||Italian||
471749,The Cloisters,1525,probably Manises||Valencia||||Spain||Spanish||
239358,European Sculpture and Decorative Arts,1884,||||||||||American and French
46588,Asian Art,1717,||||||||China||
476253,Medieval Art,499,||Kharga Oasis||||Byzantine Egypt||Coptic||
308566,The Michael C. Rockefeller Wing,450,||||||Peru||Nasca||
48480,Asian Art,1119,||||||||China||
46674,Asian Art,1781,||||||||China||
308619,The Michael C. Rockefeller Wing,-550,||||||Peru||Paracas||
314181,The Michael C. Rockefeller Wing,1300,||||||Ecuador||Carchi||
202178,European Sculpture and Decorative Arts,1765,||||||||||French
48564,Asian Art,1695,||||||||China||
191583,European Sculpture and Decorative Arts,1595,||||||||||
460227,Robert Lehman Collection,1565,"||||||||Italian, Urbino||"
62609,Asian Art,1849,||||||||Japan||
194228,European Sculpture and Decorative Arts,1730,||||||||||German
309510,The Michael C. Rockefeller Wing,-1000,||||||Peru||Cupisnique||
444490,Islamic Art,1649,||||||Iran||||
208199,European Sculpture and Decorative Arts,1700,||||||||||
48462,Asian Art,1334,||||||||China||
444900,Islamic Art,1749,||||||Iran||||
42366,Asian Art,1695,||||||||China||
308298,The Michael C. Rockefeller Wing,-200,||||||Peru||Paracas||
204415,European Sculpture and Decorative Arts,1810,||||||||||
477274,Medieval Art,499,||Kharga Oasis||||Byzantine Egypt||Coptic||
208337,European Sculpture and Decorative Arts,1732,||||||||||French
51002,Asian Art,1729,||||||||China||
45863,Asian Art,1781,||||||||China||
310227,The Michael C. Rockefeller Wing,-50,||||South Coast||Peru||Topará||
449079,Islamic Art,849,Nishapur||||||Iran||||
47911,Asian Art,1816,||||||||China||
42422,Asian Art,1695,||||||||China||
47064,Asian Art,1820,||||||||Japan||
46961,Asian Art,1695,||||||||China||
42490,Asian Art,1324,||||||||China||
47950,Asian Art,1849,||||||||Japan||
42190,Asian Art,1600,||||||||China||
309731,The Michael C. Rockefeller Wing,350,||||||Peru||Nasca||
2646,European Sculpture and Decorative Arts,1748,||||||||||British
197570,European Sculpture and Decorative Arts,1750,||||||||||
62573,Asian Art,1749,||||||||Japan||
195742,European Sculpture and Decorative Arts,1849,||||||||||
47536,Asian Art,1849,||||||||Japan||
51009,Asian Art,1692,||||||||China||
46871,Asian Art,1800,||||||||China||
48577,Asian Art,1824,||||||||Japan||Japanese
451740,Islamic Art,1649,probably Mashhad||||||Iran||||
206142,European Sculpture and Decorative Arts,1752,||||||||||British
52014,Asian Art,7,||||||||China||
53964,Asian Art,1506,||||||||China||
63328,Asian Art,1849,||||||||Japan||
51041,Asian Art,1765,||||||||China||
448557,Islamic Art,1249,||||||Iran||||
451620,Islamic Art,1249,Kashan||||||Iran||||
308709,The Michael C. Rockefeller Wing,-300,||||||Peru||Paracas||
47921,Asian Art,1749,||||||||Japan||
49208,Asian Art,1049,||||||||China||
48740,Asian Art,1692,||||||||China||
771000,European Sculpture and Decorative Arts,1876,||||||||||British
50844,Asian Art,1549,||||||||China||
451881,Islamic Art,1212,Kashan||||||Iran||||
450945,Islamic Art,1149,Raqqa||||||Syria||||
667252,Asian Art,1700,||||||||Japan||
49267,Asian Art,1116,||||||||Japan||
771016,European Sculpture and Decorative Arts,1876,||||||||||British
314365,The Michael C. Rockefeller Wing,1360,||||Puebla||Mexico||Mexica (Aztec)||
50942,Asian Art,1824,||||||||China||
49346,Asian Art,1700,||||||||China||
48649,Asian Art,1750,||||||||China||
50749,Asian Art,1849,||||||||China||
194233,European Sculpture and Decorative Arts,1752,||||||||||British
48339,Asian Art,1749,||||||||China||
451364,Islamic Art,1199,Raqqa||||||Syria||||
57441,Asian Art,1399,||||||||Korea||
62909,Asian Art,1670,||||||||Japan||
475759,Medieval Art,525,||Kharga Oasis||||Byzantine Egypt||Coptic||
48664,Asian Art,1692,||||||||China||
51066,Asian Art,1203,||||||||China||
309741,The Michael C. Rockefeller Wing,450,||||||Peru||Nasca||
52063,Asian Art,1849,||||||||China||
42213,Asian Art,1716,||||||||China||
308440,The Michael C. Rockefeller Wing,-500,||||||Peru||Paracas||
475760,Medieval Art,499,||Kharga Oasis||||Byzantine Egypt||Coptic||
204072,European Sculpture and Decorative Arts,1749,||||||||||
62710,Asian Art,1749,||||||||Japan||
198784,European Sculpture and Decorative Arts,1510,||||||||||
308552,The Michael C. Rockefeller Wing,1300,||||||Peru||Chimú||
308403,The Michael C. Rockefeller Wing,250,||||||Peru||Moche||
194261,European Sculpture and Decorative Arts,1849,||||||||||
48489,Asian Art,1765,||||||||China||
314682,The Michael C. Rockefeller Wing,350,||||||Peru||Moche||
48310,Asian Art,1749,||||||||China||
47805,Asian Art,1649,||||||||Japan||
205379,European Sculpture and Decorative Arts,1815,||||||||||
44740,Asian Art,1383,||||||||China||
46935,Asian Art,1729,||||||||China||
52022,Asian Art,1729,||||||||China||
308415,The Michael C. Rockefeller Wing,500,||||||Peru||Moche||
46922,Asian Art,1692,||||||||China||
318470,The Michael C. Rockefeller Wing,-1000,||||Mesoamerica||Mexico||Olmec||
42388,Asian Art,1717,||||||||China||
207990,European Sculpture and Decorative Arts,1725,||||||||||German
667264,Asian Art,1749,||||||||Japan||
42338,Asian Art,1683,||||||||China||
53419,Asian Art,1749,||||||||Japan||
310358,The Michael C. Rockefeller Wing,350,||||||Peru||Nasca||
666592,Asian Art,1715,||||||||Japan||
39521,Asian Art,1116,||||||||Korea||
771022,European Sculpture and Decorative Arts,1868,||||||||||British
63329,Asian Art,1785,||||||||Japan||
50935,Asian Art,1657,||||||||China||
42417,Asian Art,1749,||||||||China||
195741,European Sculpture and Decorative Arts,1849,||||||||||
47132,Asian Art,1780,||||||||Japan||
465877,Medieval Art,1450,||||||||French||
52261,Asian Art,1685,||||||||Japan||
48558,Asian Art,1700,||||||||China||
449313,Islamic Art,949,Nishapur||||||Iran||||
52436,Asian Art,1760,||||||||Japan||
187660,European Sculpture and Decorative Arts,1849,||||||||||
49264,Asian Art,710,||||||||Japan||
771009,European Sculpture and Decorative Arts,1882,||||||||||British
468393,Medieval Art,1599,||||||||British||
47640,Asian Art,1749,||||||||Japan||
42537,Asian Art,1600,||||||||China||
199722,European Sculpture and Decorative Arts,1490,||||||||||
53846,Asian Art,1596,||||||||China||
42201,Asian Art,1733,||||||||China||
50906,Asian Art,1777,||||||||China||
52298,Asian Art,1685,||||||||Japan||
449361,Islamic Art,849,Nishapur||||||Iran||||
623469,European Sculpture and Decorative Arts,1705,||||||||||
448223,Islamic Art,1199,Homs||||||Syria||||
46933,Asian Art,1694,||||||||China||
44738,Asian Art,1583,||||||||China||
308885,The Michael C. Rockefeller Wing,500,||||||Peru||Moche||
910524,Asian Art,1800,||||||||Korea||
46938,Asian Art,1692,||||||||China||
47642,Asian Art,1749,||||||||China||
47294,Asian Art,1824,||||||||China||
194243,European Sculpture and Decorative Arts,1550,||||||||||
208811,European Sculpture and Decorative Arts,1774,||||||||||
770979,European Sculpture and Decorative Arts,1874,||||||||||British
48224,Asian Art,1700,||||||||China||
313302,The Michael C. Rockefeller Wing,350,||||||Peru||Nasca||
202191,European Sculpture and Decorative Arts,1761,||||||||||French
447164,Islamic Art,1249,Kashan||||||Iran||||
771068,European Sculpture and Decorative Arts,1874,||||||||||British
500028,Modern and Contemporary Art,1900,||||||||||French
477325,Medieval Art,499,||Kharga Oasis||||Byzantine Egypt||Coptic||
771019,European Sculpture and Decorative Arts,1875,||||||||||British
48013,Asian Art,1849,||||||||Japan||
63134,Asian Art,1749,||||||||Japan||
48330,Asian Art,1749,||||||||China||
42427,Asian Art,1695,||||||||China||
308508,The Michael C. Rockefeller Wing,550,||||||Peru||Moche||
188994,European Sculpture and Decorative Arts,1778,||||||||||German
53930,Asian Art,1765,||||||||China||
187791,European Sculpture and Decorative Arts,1679,||||||||||
63054,Asian Art,1870,||||||||Japan||
460673,Robert Lehman Collection,1692,||||||||Chinese||
42386,Asian Art,1717,||||||||China||
447139,Islamic Art,1199,||||||Iran||||
42246,Asian Art,1683,||||||||China||
451840,Islamic Art,1537,Iznik||||||Turkey||||
445289,Islamic Art,1799,Kashan||||||Iran||||
310201,The Michael C. Rockefeller Wing,550,||||||Peru||Moche||
48189,Asian Art,849,||||||||China||
63695,Asian Art,1699,||||||||Japan||
206508,European Sculpture and Decorative Arts,1741,||||||||||German
51223,Asian Art,1711,||||||||China||
47420,Asian Art,1780,||||||||Japan||
200980,European Sculpture and Decorative Arts,1767,||||||||||British
479830,Modern and Contemporary Art,1900,||||||||||British
308408,The Michael C. Rockefeller Wing,650,||||North Coast||Peru||Moche||
447138,Islamic Art,1199,||||||Iran||||
208279,European Sculpture and Decorative Arts,1710,||||||||||
44441,Asian Art,1750,||||||||Japan||
871928,European Sculpture and Decorative Arts,1900,||||||||||Danish
44349,Asian Art,724,||||||||China||
52803,Asian Art,1516,||||||||Japan||Japanese
47872,Asian Art,1777,||||||||China||
48506,Asian Art,7,||||||||China||
190657,European Sculpture and Decorative Arts,1749,||||||||||
52514,Asian Art,1720,||||||||Japan||Japanese
310194,The Michael C. Rockefeller Wing,1400,||||||Peru||Chimú||
449421,Islamic Art,849,Nishapur||||||Iran||||
199348,European Sculpture and Decorative Arts,1712,||||||||||German
308550,The Michael C. Rockefeller Wing,250,||Santa Province||||Peru||Moche||
192854,European Sculpture and Decorative Arts,1767,||||||||||British
48725,Asian Art,1700,||||||||China||
5713,European Sculpture and Decorative Arts,1762,||||||||||
208029,European Sculpture and Decorative Arts,1900,||||||||||French
308524,The Michael C. Rockefeller Wing,-150,||||||Peru||North Coast (?)||
48387,Asian Art,1099,||||||||China||
460183,Robert Lehman Collection,1535,"||||||||Italian, Castelli||"
52442,Asian Art,1724,||||||||Japan||
449772,Islamic Art,1099,Nishapur||||||Iran||||
46958,Asian Art,1729,||||||||China||
48369,Asian Art,1750,||||||||China||
460226,Robert Lehman Collection,1565,"||||||||Italian, Urbino||"
62706,Asian Art,1749,||||||||Japan||
48612,Asian Art,1849,||||||||China||
47309,Asian Art,1650,||||||||Japan||
52219,Asian Art,1634,||||||||Japan||
191593,European Sculpture and Decorative Arts,1649,||||||||||
308886,The Michael C. Rockefeller Wing,500,||||||Peru||Moche||
310206,The Michael C. Rockefeller Wing,1300,||||||Peru||Chimú||
47501,Asian Art,1700,||||||||Japan||
47317,Asian Art,1765,||||||||China||
319966,The Michael C. Rockefeller Wing,300,||||||Panama||Tonosí style||
447292,Islamic Art,1099,||||||Iraq or Syria||||
310523,The Michael C. Rockefeller Wing,400,||||||Peru||Moche||
47367,Asian Art,1824,||||||||China||
770923,European Sculpture and Decorative Arts,1877,||||||||||British
451466,Islamic Art,1325,Kashan||||||Iran||||
309487,The Michael C. Rockefeller Wing,500,||||||Peru||Moche||
39609,Asian Art,1099,||||||||Vietnam||
451946,Islamic Art,1249,||||||Iran||||
46165,Asian Art,1850,||||||||Japan||
450759,Islamic Art,899,Nishapur||||||Iran||||
48571,Asian Art,1506,||||||||China||
47959,Asian Art,1820,||||||||Japan||
62714,Asian Art,1749,||||||||Japan||
48735,Asian Art,1751,||||||||China||
44528,Asian Art,1616,||||||||Japan||
46868,Asian Art,1824,||||||||China||
42464,Asian Art,1099,||||||||China||
47307,Asian Art,1749,||||||||Japan||
37398,Asian Art,1383,||||||||Thailand||
48750,Asian Art,1816,||||||||Japan||
46979,Asian Art,1849,||||||||China||
309379,The Michael C. Rockefeller Wing,350,||||||Peru||Moche||
45886,Asian Art,1692,||||||||China||
48124,Asian Art,762,||||||||China||
444515,Islamic Art,1199,||||||Iran||||
309468,The Michael C. Rockefeller Wing,-145,||||South Coast||Peru||Paracas||
42313,Asian Art,1874,||||||||Korea||
42476,Asian Art,1199,||||||||China||
46778,Asian Art,1749,||||||||China||
187749,European Sculpture and Decorative Arts,1749,||||||||||
833902,The Michael C. Rockefeller Wing,1399,||New Mexico||||United States||Ancestral Puebloan (Casas Grandes)||
42428,Asian Art,1717,||||||||China||
49864,Asian Art,1900,||||||||Korea||
52053,Asian Art,1692,||||||||China||
200839,European Sculpture and Decorative Arts,1849,||||||||||
51063,Asian Art,1781,||||||||China||
50848,Asian Art,1483,||||||||China||
44465,Asian Art,-2500,||||||||China||
206024,European Sculpture and Decorative Arts,1716,||||||||||German
46543,Asian Art,1749,||||||||China||
192308,European Sculpture and Decorative Arts,1777,||||||||||
47319,Asian Art,1849,||||||||China||
48559,Asian Art,1716,||||||||China||
199720,European Sculpture and Decorative Arts,1485,||||||||||
47449,Asian Art,1849,||||||||Japan||
42409,Asian Art,1700,||||||||China||
52801,Asian Art,1506,||||||||China||
47050,Asian Art,1749,||||||||China||
199135,European Sculpture and Decorative Arts,1716,||||||||||German
57359,Asian Art,1916,||||||||Korea||
200982,European Sculpture and Decorative Arts,1767,||||||||||British
47534,Asian Art,1692,||||||||China||
52036,Asian Art,1749,||||||||China||
309759,The Michael C. Rockefeller Wing,1250,||||||Colombia||Quimbaya||
195217,European Sculpture and Decorative Arts,1755,||||||||||
708306,European Sculpture and Decorative Arts,1890,||||||||||French
308591,The Michael C. Rockefeller Wing,-550,||||Ica Valley||Peru||Paracas||
463707,Medieval Art,1460,Montelupo||Tuscany||||Italy||Italian||
194229,European Sculpture and Decorative Arts,1780,||||||||||German
49856,Asian Art,1716,||||||||China||
47637,Asian Art,1840,||||||||Japan||
47883,Asian Art,1765,||||||||China||
49855,Asian Art,1350,||||||||China||
50722,Asian Art,1319,||||||||China||
309356,The Michael C. Rockefeller Wing,500,||||||Peru||Moche||
42238,Asian Art,1833,||||||||China||
47828,Asian Art,1749,||||||||China||
477815,The Cloisters,1300,Scarborough||||||England||British||
308383,The Michael C. Rockefeller Wing,550,||Santa Province (?)||||Peru||Moche||
50975,Asian Art,1949,||||||||China||
51173,Asian Art,1808,||||||||China||
770920,European Sculpture and Decorative Arts,1885,||||||||||British
46542,Asian Art,1749,||||||||China||
48775,Asian Art,1820,||||||||Japan||
48276,Asian Art,1749,||||||||China||
48727,Asian Art,1824,||||||||China||
47589,Asian Art,1783,||||||||China||
47938,Asian Art,1749,||||||||China||
316718,The Michael C. Rockefeller Wing,250,||||||Peru||Nasca||
446902,Islamic Art,1349,||||||Iran||||
468391,Medieval Art,1300,||||||||British||
313397,The Michael C. Rockefeller Wing,600,||||||Peru||Moche||
232031,European Sculpture and Decorative Arts,1690,||||||||||Dutch
52391,Asian Art,1692,||||||||China||
46816,Asian Art,1849,||||||||China||
308535,The Michael C. Rockefeller Wing,400,||||||Peru||Moche||
48615,Asian Art,1842,||||||||China||
308578,The Michael C. Rockefeller Wing,450,||||||Peru||Nasca||
42363,Asian Art,1717,||||||||China||
47226,Asian Art,1849,||||||||Japan||
317890,The Michael C. Rockefeller Wing,1350,||Veracruz||Mesoamerica||Mexico||Huastec||
47695,Asian Art,1850,||||||||Japan||
448988,Islamic Art,749,Qasr-i Abu Nasr||||||Iran||||
50165,Asian Art,-1750,||||||||Japan||
465886,Medieval Art,1499,||||||||French||
51007,Asian Art,1729,||||||||China||
205324,European Sculpture and Decorative Arts,1756,||||||||||British
40206,Asian Art,-2150,||||||||China||
52208,Asian Art,1649,||||||||Japan||
450760,Islamic Art,799,Nishapur||||||Iran||||
188537,European Sculpture and Decorative Arts,1574,||||||||||
49299,Asian Art,1675,||||||||Japan||
191733,European Sculpture and Decorative Arts,1595,||||||||||German
48859,Asian Art,1849,||||||||China||
310497,The Michael C. Rockefeller Wing,1300,||||||Peru||Chimú||
193084,European Sculpture and Decorative Arts,1807,||||||||||
199726,European Sculpture and Decorative Arts,1480,||||||||||
48574,Asian Art,762,||||||||China||
452011,Islamic Art,399,||||||Syria||||
47780,Asian Art,1695,||||||||China||
771056,European Sculpture and Decorative Arts,1879,||||||||||British
47676,Asian Art,1649,||||||||Japan||
49852,Asian Art,1749,||||||||China||
307474,The Michael C. Rockefeller Wing,350,||||||Peru||Moche||
308718,The Michael C. Rockefeller Wing,-200,||||Ica Valley||Peru||Paracas||
309746,The Michael C. Rockefeller Wing,300,||||||Peru||Vicús||
667256,Asian Art,1650,||||||||Japan||
208439,European Sculpture and Decorative Arts,1849,||||||||||
50973,Asian Art,716,||||||||China||
201751,European Sculpture and Decorative Arts,1665,||||||||||
45873,Asian Art,1849,||||||||China||
451352,Islamic Art,1199,Raqqa||||||Syria||||
204387,European Sculpture and Decorative Arts,1849,||||||||||
314684,The Michael C. Rockefeller Wing,50,||||||Peru||Salinar (?)||
48461,Asian Art,1799,||||||||China||
62658,Asian Art,1749,||||||||Japan||
51224,Asian Art,1849,||||||||China||
46705,Asian Art,1749,||||||||China||
308352,The Michael C. Rockefeller Wing,-350,||||||Peru||Paracas||
448997,Islamic Art,849,Qasr-i Abu Nasr||||||Iran||||
199181,European Sculpture and Decorative Arts,1740,||||||||||German
770925,European Sculpture and Decorative Arts,1872,||||||||||British
45853,Asian Art,1749,||||||||Japan||
62550,Asian Art,1749,||||||||Japan||
308544,The Michael C. Rockefeller Wing,350,||||||Peru||Moche||
46719,Asian Art,1849,||||||||China||
194583,European Sculpture and Decorative Arts,1849,||||||||||
37404,Asian Art,-2300,||||||||Thailand (Ban Chiang)||
310589,The Michael C. Rockefeller Wing,1210,||Veracruz||Mesoamerica||Mexico||Huastec||
52605,Asian Art,1586,||||||||China||
199744,European Sculpture and Decorative Arts,1849,||||||||||
47391,Asian Art,1840,||||||||Japan||
204423,European Sculpture and Decorative Arts,1849,||||||||||
50738,Asian Art,1849,||||||||China||
47060,Asian Art,1749,||||||||Japan||
199601,European Sculpture and Decorative Arts,1785,||||||||||British
45864,Asian Art,1849,||||||||China||
53775,Asian Art,1694,||||||||China||
195127,European Sculpture and Decorative Arts,1720,||||||||||
50315,Asian Art,749,||||||||Japan||
47870,Asian Art,1780,||||||||Japan||
47455,Asian Art,1824,||||||||China||
48211,Asian Art,7,||||||||China||
199559,European Sculpture and Decorative Arts,1762,||||||||||
468394,Medieval Art,1525,||||||||British||
239363,European Sculpture and Decorative Arts,1892,||||||||||French
762253,European Sculpture and Decorative Arts,1820,||||||||||
50938,Asian Art,1824,||||||||China||
50840,Asian Art,1692,||||||||China||
52658,Asian Art,1119,||||||||China||
465884,Medieval Art,1499,||||||||French||
62634,Asian Art,1749,||||||||Japan||
48569,Asian Art,1174,||||||||China||
465880,Medieval Art,1449,||||||||French||
196343,European Sculpture and Decorative Arts,1578,||||||||||
194230,European Sculpture and Decorative Arts,1749,||||||||||German
451880,Islamic Art,1199,||||||Iran||||
465883,Medieval Art,1449,||||||||French||
47257,Asian Art,1849,||||||||Japan||
442902,Islamic Art,499,Abu Mena||||||Egypt||||
194471,European Sculpture and Decorative Arts,1599,||||||||||
446879,Islamic Art,1049,||||||Iran||||
47173,Asian Art,1849,||||||||Japan||
199417,European Sculpture and Decorative Arts,1750,||||||||||
319468,The Michael C. Rockefeller Wing,475,||||Oaxaca||Mexico||Zapotec||
48304,Asian Art,1749,||||||||China||
63081,Asian Art,1749,||||||||Japan||
50143,Asian Art,1749,||||||||China||
48646,Asian Art,1692,||||||||China||
199727,European Sculpture and Decorative Arts,1475,||||||||||
62530,Asian Art,1849,||||||||Japan||
199338,European Sculpture and Decorative Arts,1788,||||||||||British
195501,European Sculpture and Decorative Arts,1834,||||||||||
308645,The Michael C. Rockefeller Wing,-300,||||||Peru||Paracas||
474926,Medieval Art,610,Thebes||||||Byzantine Egypt||Coptic||
42203,Asian Art,1716,||||||||China||
449116,Islamic Art,825,Nishapur||||||Iran||||
64119,Asian Art,583,||||||||China||
309730,The Michael C. Rockefeller Wing,350,||||||Peru||Nasca||
52017,Asian Art,1729,||||||||China||
52056,Asian Art,1733,||||||||China||
42414,Asian Art,1765,||||||||China||
449078,Islamic Art,1249,Nishapur||||||Iran||||
46827,Asian Art,1600,||||||||China||
47951,Asian Art,1849,||||||||Japan||
47977,Asian Art,1816,||||||||Japan||
62761,Asian Art,1650,||||||||Japan||
451365,Islamic Art,1225,Raqqa||||||Syria||||
199775,European Sculpture and Decorative Arts,1747,||||||||||
63101,Asian Art,1749,||||||||Japan||
192811,European Sculpture and Decorative Arts,1775,||||||||||British
460984,Robert Lehman Collection,1561,||||||||||French
307866,The Michael C. Rockefeller Wing,-500,||||||Peru||Paracas||
47287,Asian Art,1849,||||||||China||
62863,Asian Art,1820,||||||||Japan||
46918,Asian Art,1711,||||||||China||
47185,Asian Art,1800,||||||||Japan||
468167,Medieval Art,1425,Florence||Tuscany||||Italy||Italian||
201762,European Sculpture and Decorative Arts,1573,||||||||||
191731,European Sculpture and Decorative Arts,1595,||||||||||Netherlandish
53853,Asian Art,1783,||||||||China||
448998,Islamic Art,849,Qasr-i Abu Nasr||||||Iran||||
52813,Asian Art,1692,||||||||China||
57369,Asian Art,1916,||||||||Korea||
670808,European Sculpture and Decorative Arts,1880,"||||||||||British, Scottish"
308722,The Michael C. Rockefeller Wing,-550,||||||Peru||Paracas||
51000,Asian Art,1692,||||||||China||
47043,Asian Art,1749,||||||||Japan||
198707,European Sculpture and Decorative Arts,1581,||||||||||
309501,The Michael C. Rockefeller Wing,200,||||||Peru||Moche||
50773,Asian Art,1700,||||||||China||
48706,Asian Art,1716,||||||||China||
48650,Asian Art,1751,||||||||China||
451986,Islamic Art,1100,||||||Iran||||
450198,Islamic Art,1099,Nishapur||||||Iran||||
446685,Islamic Art,1174,||||||Iran||||
47982,Asian Art,1849,||||||||Japan||Japanese
313275,The Michael C. Rockefeller Wing,1500,||||||Peru||Inca||
460264,Robert Lehman Collection,1575,"||||||||Italian, probably Faenza (or Palermo)||"
447617,Islamic Art,1912,||||||||||
40959,Asian Art,1799,||||||||China||
196568,European Sculpture and Decorative Arts,1749,||||||||||
446909,Islamic Art,1649,||||||Iran||||
309508,The Michael C. Rockefeller Wing,-1000,||||North Coast||Peru||Cupisnique||
194967,European Sculpture and Decorative Arts,1877,||||||||||American and French
308569,The Michael C. Rockefeller Wing,350,||||||Peru||Nasca||
194608,European Sculpture and Decorative Arts,1500,||||||||||
72420,Asian Art,1449,||||||||China||
42307,Asian Art,1149,||||||||Korea||
57492,Asian Art,1249,||||||||Korea||
48351,Asian Art,-200,||||||||China||
310232,The Michael C. Rockefeller Wing,50,||||||Peru||Moche||
446843,Islamic Art,1099,||||||Eastern Syria||||
48309,Asian Art,1749,||||||||China||
771021,European Sculpture and Decorative Arts,1879,||||||||||British
193449,European Sculpture and Decorative Arts,1712,||||||||||
47540,Asian Art,1849,||||||||Japan||
468382,Medieval Art,1299,||||||||French||
46986,Asian Art,1700,||||||||Japan||
460718,Robert Lehman Collection,1692,||||||||Chinese||
187871,European Sculpture and Decorative Arts,1702,||||||||||
309516,The Michael C. Rockefeller Wing,-800,||||||Peru||Cupisnique||
309397,The Michael C. Rockefeller Wing,1475,||||||Peru||Inca||
50524,Asian Art,1633,||||||||China||
52933,Asian Art,1692,||||||||China||
42426,Asian Art,1711,||||||||China||
57488,Asian Art,1155,||||||||Korea||
44755,Asian Art,1597,||||||||China||
199731,European Sculpture and Decorative Arts,1547,||||||||||Italian
460716,Robert Lehman Collection,1692,||||||||Chinese||
487341,Modern and Contemporary Art,1884,||||||||French (Paris)||French
460138,Robert Lehman Collection,1506,"||||||||Italian, Tuscany, Cafaggiolo or Montelupo||"
50919,Asian Art,1700,||||||||China||
447987,Islamic Art,662,Abu Mena||||||Egypt||||
62636,Asian Art,1749,||||||||Japan||
446695,Islamic Art,1549,||||||Iran||||
205087,European Sculpture and Decorative Arts,1755,||||||||||British
308388,The Michael C. Rockefeller Wing,200,||||||Peru||Moche||
48736,Asian Art,1750,||||||||China||
310494,The Michael C. Rockefeller Wing,-800,||||Chicama Valley||Peru||Cupisnique||
47770,Asian Art,1849,||||||||China||
52809,Asian Art,1692,||||||||China||
208156,European Sculpture and Decorative Arts,1880,||||||||||American and French
62686,Asian Art,1749,||||||||Japan||
448975,Islamic Art,799,Qasr-i Abu Nasr||||||Iran||||
42227,Asian Art,1683,||||||||China||
42479,Asian Art,1099,||||||||China||
460677,Robert Lehman Collection,1784,||||||||Chinese||
477283,Medieval Art,499,||Kharga Oasis||||Byzantine Egypt||Coptic||
463710,Medieval Art,1400,Todi||||||Italy||Italian||
42403,Asian Art,1700,||||||||China||
62765,Asian Art,1750,||||||||Japan||
46781,Asian Art,1692,||||||||China||
460689,Robert Lehman Collection,1692,||||||||Chinese||
52491,Asian Art,1820,||||||||Japan||
451180,Islamic Art,949,Nishapur||||||Iran||||
47473,Asian Art,1749,||||||||Japan||
73810,Asian Art,1099,||||||||Vietnam||
47171,Asian Art,1820,||||||||Japan||
50708,Asian Art,410,||||||||China||
465881,Medieval Art,1449,||||||||French||
52794,Asian Art,1476,||||||||China||
63108,Asian Art,1750,||||||||Japan||
48761,Asian Art,1695,||||||||China||
48187,Asian Art,749,||||||||China||
49206,Asian Art,1066,||||||||China||
200622,European Sculpture and Decorative Arts,1770,||||||||||British
52719,Asian Art,1506,||||||||China||
312572,The Michael C. Rockefeller Wing,50,||Colima||Mesoamerica||Mexico||Colima||
197223,European Sculpture and Decorative Arts,1574,||||||||||
451798,Islamic Art,1199,Raqqa||||||Syria||||
205252,European Sculpture and Decorative Arts,1747,||||||||||German
53961,Asian Art,1650,||||||||China||
48647,Asian Art,1765,||||||||China||
204391,European Sculpture and Decorative Arts,1849,||||||||||
75938,Asian Art,1474,||||||||China||
199733,European Sculpture and Decorative Arts,1470,||||||||||
308626,The Michael C. Rockefeller Wing,-350,||||||Peru||Paracas||
239510,European Sculpture and Decorative Arts,1885,||||||||||American and French
63127,Asian Art,1749,||||||||Japan||
47414,Asian Art,1780,||||||||Japan||
47029,Asian Art,1700,||||||||Japan||
466231,The Cloisters,1400,Siegburg||Lower Rhineland||||Germany||German||
204511,European Sculpture and Decorative Arts,1492,||||||||||
308607,The Michael C. Rockefeller Wing,-350,||||Ica Valley||Peru||Paracas||
449676,Islamic Art,899,Nishapur||||||Iran||||
309440,The Michael C. Rockefeller Wing,650,||||||Peru||Moche||
468166,Medieval Art,1425,Florence||Tuscany||||Italy||Italian||
309363,The Michael C. Rockefeller Wing,500,||||||Peru||Moche||
46575,Asian Art,1749,||||||||Japan||
47398,Asian Art,1849,||||||||China||
204058,European Sculpture and Decorative Arts,1753,||||||||||British
204098,European Sculpture and Decorative Arts,1730,||||||||||
42191,Asian Art,1700,||||||||China||
318293,The Michael C. Rockefeller Wing,1880,||New Mexico||||United States||Acoma Pueblo||
623500,European Sculpture and Decorative Arts,1737,||||||||||
198575,European Sculpture and Decorative Arts,1807,||||||||||
319633,The Michael C. Rockefeller Wing,700,||||Mesoamerica||Guatemala or Mexico||Maya||
48084,Asian Art,1765,||||||||China||
49899,Asian Art,-338,||||||||China||
52943,Asian Art,1765,||||||||China||
199051,European Sculpture and Decorative Arts,1849,||||||||||French
313305,The Michael C. Rockefeller Wing,300,||||||Peru||Moche||
446264,Islamic Art,1199,||||||Iran||||
199570,European Sculpture and Decorative Arts,1760,||||||||||
666591,Asian Art,1725,||||||||Japan||
45857,Asian Art,100,||||||||China||
310218,The Michael C. Rockefeller Wing,-550,||||||Peru||Paracas||
47783,Asian Art,1765,||||||||China||
47434,Asian Art,1808,||||||||China||
47089,Asian Art,1800,||||||||China||
62615,Asian Art,1749,||||||||Japan||
48334,Asian Art,1749,||||||||China||
46727,Asian Art,1908,||||||||China||
706069,European Sculpture and Decorative Arts,1894,"||||||||||British, Scottish"
47088,Asian Art,1749,||||||||China||
50568,Asian Art,1199,||||||||China||
52019,Asian Art,1692,||||||||China||
63096,Asian Art,1749,||||||||Japan||
51027,Asian Art,1692,||||||||China||
823195,European Sculpture and Decorative Arts,1882,"||||||||||British, Scottish"
48096,Asian Art,1849,||||||||Japan||
313304,The Michael C. Rockefeller Wing,300,||||||Peru||Moche||
46718,Asian Art,1849,||||||||China||
62591,Asian Art,1849,||||||||Japan||
449010,Islamic Art,549,Qasr-i Abu Nasr||||||Iran||||
47384,Asian Art,1850,||||||||Japan||
44439,Asian Art,1780,||||||||Japan||
47754,Asian Art,1849,||||||||China||
453452,Islamic Art,1249,Kashan||||||Iran||||
476264,Medieval Art,499,||Kharga Oasis||||Byzantine Egypt||Coptic||
48613,Asian Art,1692,||||||||China||
42439,Asian Art,1149,||||||||China||
48314,Asian Art,1749,||||||||China||
48747,Asian Art,1700,||||||||Japan||
310716,The Michael C. Rockefeller Wing,-1000,||||Mesoamerica||Mexico||Tlatilco||
52050,Asian Art,1777,||||||||China||
47092,Asian Art,1820,||||||||Japan||
310662,The Michael C. Rockefeller Wing,-1000,Tembladera||||North Coast||Peru||Cupisnique||
46957,Asian Art,1692,||||||||China||
451429,Islamic Art,1212,Raqqa||||||Syria||||
37435,Asian Art,1185,||||||||Thailand||
239354,European Sculpture and Decorative Arts,1890,||||||||||French
828443,Asian Art,1749,||||||||Japan||
194291,European Sculpture and Decorative Arts,1649,||||||||||
47989,Asian Art,1849,||||||||China||
238560,European Sculpture and Decorative Arts,1895,||||||||||French
198778,European Sculpture and Decorative Arts,1545,||||||||||
308702,The Michael C. Rockefeller Wing,-300,||||||Peru||Paracas||
471799,The Cloisters,1430,probably Manises||Valencia||||Spain||Spanish||
50700,Asian Art,1200,||||||||China||
52075,Asian Art,1596,||||||||China||
46545,Asian Art,1749,||||||||China||
48645,Asian Art,1692,||||||||China||
194472,European Sculpture and Decorative Arts,1815,||||||||||
451878,Islamic Art,1149,||||||Iran||||
449086,Islamic Art,899,Nishapur||||||Iran||||
312157,The Michael C. Rockefeller Wing,-1000,||||Mesoamerica||Mexico||Olmec||
47429,Asian Art,1700,||||||||China||
188556,European Sculpture and Decorative Arts,1749,||||||||||
203612,European Sculpture and Decorative Arts,1755,||||||||||British
314691,The Michael C. Rockefeller Wing,-800,||||||Peru||Cupisnique||
209254,European Sculpture and Decorative Arts,1720,||||||||||
451338,Islamic Art,1587,Iznik||||||Turkey||||
310607,The Michael C. Rockefeller Wing,600,||||Mesoamerica||Guatemala||Maya||
452083,Islamic Art,1149,||||||Iran||||
204352,European Sculpture and Decorative Arts,1849,||||||||||
47807,Asian Art,1700,||||||||Japan||
202205,European Sculpture and Decorative Arts,1770,||||||||||French
762252,European Sculpture and Decorative Arts,1820,||||||||||
853980,Asian Art,1350,"||||||||Vietnam, Hong River region||"
48424,Asian Art,1549,||||||||China||
47091,Asian Art,1749,||||||||Japan||
48580,Asian Art,1692,||||||||China||
308347,The Michael C. Rockefeller Wing,-200,||||||Peru||Paracas||
42337,Asian Art,1650,||||||||China||
52069,Asian Art,762,||||||||China||
308622,The Michael C. Rockefeller Wing,-350,||||||Peru||Paracas||
770921,European Sculpture and Decorative Arts,1870,||||||||||British
208248,European Sculpture and Decorative Arts,1705,||||||||||
50247,Asian Art,1500,||||||||China||
309514,The Michael C. Rockefeller Wing,-800,||||||Peru||Cupisnique (?)||
48852,Asian Art,1692,||||||||China||
46209,Asian Art,1849,||||||||China||
194590,European Sculpture and Decorative Arts,1649,||||||||||
42207,Asian Art,1749,||||||||China||
452960,Islamic Art,949,||||||Iraq||||
460177,Robert Lehman Collection,1515,"||||||||Italian, Castelli||"
308625,The Michael C. Rockefeller Wing,-350,||||||Peru||Paracas||
487351,Modern and Contemporary Art,1890,||||||||French (Limoges)||French
449498,Islamic Art,1099,Nishapur||||||Iran||||
310512,The Michael C. Rockefeller Wing,-200,||||||Peru||Topará||
315678,The Michael C. Rockefeller Wing,350,||||North Coast||Peru||Moche||
309333,The Michael C. Rockefeller Wing,450,||||||Peru||Moche||
47935,Asian Art,1849,||||||||China||
207850,European Sculpture and Decorative Arts,1885,||||||||||French
871960,European Sculpture and Decorative Arts,1902,||||||||||Dutch
199334,European Sculpture and Decorative Arts,1775,||||||||||British
207469,European Sculpture and Decorative Arts,1599,||||||||||
198780,European Sculpture and Decorative Arts,1512,||||||||||
310363,The Michael C. Rockefeller Wing,300,||||||Peru||Moche||
449622,Islamic Art,899,Nishapur||||||Iran||||
49426,Asian Art,1816,||||||||Japan||
199134,European Sculpture and Decorative Arts,1725,||||||||||German
194475,European Sculpture and Decorative Arts,1649,||||||||||
234883,European Sculpture and Decorative Arts,1775,||||||||||German
308529,The Michael C. Rockefeller Wing,250,||||||Peru||Moche||
308655,The Michael C. Rockefeller Wing,-300,||||Ica Valley||Peru||Paracas||
50726,Asian Art,1749,||||||||China||
310556,The Michael C. Rockefeller Wing,-1000,||Puebla||Mesoamerica||Mexico||Olmec||
487563,Modern and Contemporary Art,1885,||||||||||French
471759,The Cloisters,1450,Manises||Valencia||||Spain||Spanish||
204514,European Sculpture and Decorative Arts,1505,||||||||||
52736,Asian Art,1496,||||||||China||
239498,European Sculpture and Decorative Arts,1899,||||||||||British
46553,Asian Art,1711,||||||||China||
48698,Asian Art,1849,||||||||China||
37439,Asian Art,1049,||||||||Thailand (Buriram Province)||
205378,European Sculpture and Decorative Arts,1815,||||||||||
53618,Asian Art,1683,||||||||Japan||
194307,European Sculpture and Decorative Arts,1600,||||||||||
309735,The Michael C. Rockefeller Wing,1500,||||||Peru||Ica||
460133,Robert Lehman Collection,1480,"||||||||Italian, probably Tuscany (?)||"
770987,European Sculpture and Decorative Arts,1880,||||||||||British
50817,Asian Art,1692,||||||||China||
197616,European Sculpture and Decorative Arts,1760,||||||||||
47448,Asian Art,1849,||||||||Japan||
46635,Asian Art,1849,||||||||China||
670994,Asian Art,1511,||||||||Japan||
42301,Asian Art,1174,||||||||Korea||
186687,European Sculpture and Decorative Arts,1549,||||||||||
198963,European Sculpture and Decorative Arts,1449,||||||||||
307620,The Michael C. Rockefeller Wing,-550,||||||Peru||Paracas||
449508,Islamic Art,1149,Raqqa||||||Syria||||
72324,Asian Art,1500,||||||||Korea||
308413,The Michael C. Rockefeller Wing,350,||||||Peru||Moche||
48308,Asian Art,1765,||||||||China||
204392,European Sculpture and Decorative Arts,1849,||||||||||
42256,Asian Art,1716,||||||||China||
471758,The Cloisters,1450,Manises||Valencia||||Spain||Spanish||
47821,Asian Art,1749,||||||||Japan||
770962,European Sculpture and Decorative Arts,1870,||||||||||British
308565,The Michael C. Rockefeller Wing,650,||||||Peru||Moche||
47565,Asian Art,1749,||||||||Japan||
204363,European Sculpture and Decorative Arts,1849,||||||||||
47948,Asian Art,1875,||||||||Japan||
48694,Asian Art,1849,||||||||China||
475726,Medieval Art,0,||Kharga Oasis||||Byzantine Egypt||Coptic||
204354,European Sculpture and Decorative Arts,1849,||||||||||
50842,Asian Art,1799,||||||||China||
48703,Asian Art,1749,||||||||China||
310202,The Michael C. Rockefeller Wing,550,||||||Peru||Moche||
208389,European Sculpture and Decorative Arts,1710,||||||||||
314687,The Michael C. Rockefeller Wing,-675,||||||Peru||Cupisnique||
309364,The Michael C. Rockefeller Wing,500,||||||Peru||Moche||
476254,Medieval Art,499,||Kharga Oasis||||Byzantine Egypt||Coptic||
50816,Asian Art,1692,||||||||China||
476287,Medieval Art,499,||Kharga Oasis||||Byzantine Egypt||Coptic||
447171,Islamic Art,1199,Rayy||||||Iran||||
48616,Asian Art,1692,||||||||China||
830412,European Sculpture and Decorative Arts,1752,||||||||||
771029,European Sculpture and Decorative Arts,1875,||||||||||British
50815,Asian Art,1716,||||||||China||
771066,European Sculpture and Decorative Arts,1872,||||||||||British
47575,Asian Art,1711,||||||||China||
467959,Medieval Art,1549,Valencia||||||||Spanish||
63313,Asian Art,1705,||||||||Japan||Japanese
208083,European Sculpture and Decorative Arts,1722,||||||||||
308571,The Michael C. Rockefeller Wing,200,||South Coast||||Peru||Nasca||
42353,Asian Art,599,||||||||China||
454767,Islamic Art,1599,||||||Iran||||
52399,Asian Art,1740,||||||||Japan||
444888,Islamic Art,1612,Iznik||||||Turkey||||
52709,Asian Art,1765,||||||||China||
449775,Islamic Art,899,Nishapur||||||Iran||||
204066,European Sculpture and Decorative Arts,1765,||||||||||British
57365,Asian Art,1916,||||||||Korea||
50331,Asian Art,1639,||||||||Japan||
450460,Islamic Art,1349,||||||Syria||||
449875,Islamic Art,849,Nishapur||||||Iran||||
44637,Asian Art,1483,||||||||Japan||
194301,European Sculpture and Decorative Arts,1600,||||||||||
446654,Islamic Art,1649,Kirman||||||Iran||||
42540,Asian Art,1544,||||||||China||
46730,Asian Art,1749,||||||||China||
48483,Asian Art,1119,||||||||China||
239488,European Sculpture and Decorative Arts,1895,||||||||||British
49335,Asian Art,1750,||||||||Japan||
49139,Asian Art,-2200,||||||||China||
841274,European Sculpture and Decorative Arts,1850,||||||||||French
48679,Asian Art,1499,||||||||China||
191779,European Sculpture and Decorative Arts,1465,||||||||||
448686,Islamic Art,1199,Raqqa||||||Syria||||
449635,Islamic Art,875,Nishapur||||||Iran||||
308382,The Michael C. Rockefeller Wing,600,||||||Peru||Moche||
448969,Islamic Art,799,Qasr-i Abu Nasr||||||Iran||||
207815,European Sculpture and Decorative Arts,1880,||||||||||Irish
310221,The Michael C. Rockefeller Wing,-50,||||South Coast||Peru||Topará||
205381,European Sculpture and Decorative Arts,1815,||||||||||
52778,Asian Art,1516,||||||||China||
44752,Asian Art,1596,||||||||China||
62707,Asian Art,1849,||||||||Japan||
448448,Islamic Art,1749,||||||Iran||||
204515,European Sculpture and Decorative Arts,1485,||||||||||
208422,European Sculpture and Decorative Arts,1770,||||||||||
461500,Robert Lehman Collection,1750,||||||||Chinese||
460666,Robert Lehman Collection,1285,||||||||Chinese||
47530,Asian Art,1777,||||||||China||
63094,Asian Art,1745,||||||||Japan||
447678,Islamic Art,1212,||||||Syria||||
771031,European Sculpture and Decorative Arts,1894,||||||||||British
466228,The Cloisters,1199,Middle Rhineland (?)||||||Germany||German||
448430,Islamic Art,1649,||||||Iran||||
48696,Asian Art,1849,||||||||China||
239563,European Sculpture and Decorative Arts,1890,||||||||||French
52216,Asian Art,1632,||||||||Japan||
48604,Asian Art,1765,||||||||China||
42306,Asian Art,1249,||||||||Korea||
460664,Robert Lehman Collection,1599,||||||||Chinese||
42326,Asian Art,1849,||||||||China||
52681,Asian Art,1199,||||||||China||
460679,Robert Lehman Collection,1850,||||||||Chinese||
47122,Asian Art,1785,||||||||Japan||
309326,The Michael C. Rockefeller Wing,-101,||||||Peru||Moche||
48639,Asian Art,1695,||||||||China||
314217,The Michael C. Rockefeller Wing,700,||||Mesoamerica||Mexico or Guatemala||Maya||
197829,European Sculpture and Decorative Arts,1747,||||||||||
450931,Islamic Art,1149,Raqqa||||||Syria||||
448694,Islamic Art,849,near Susa||||||Iran||||
461501,Robert Lehman Collection,1850,||||||||Chinese||
49135,Asian Art,-2500,||||||||China||
53956,Asian Art,1765,||||||||China||
46831,Asian Art,1729,||||||||China||
309357,The Michael C. Rockefeller Wing,450,||||||Peru||Moche||
308555,The Michael C. Rockefeller Wing,1400,||||||Peru||Inca||
46770,Asian Art,1717,||||||||China||
46943,Asian Art,1695,||||||||China||
52049,Asian Art,1692,||||||||China||
208001,European Sculpture and Decorative Arts,1879,||||||||||French
46937,Asian Art,1695,||||||||China||
771006,European Sculpture and Decorative Arts,1878,||||||||||British
308719,The Michael C. Rockefeller Wing,-550,||||Ica Valley||Peru||Paracas||
48562,Asian Art,1783,||||||||China||
447995,Islamic Art,667,Abu Mena||||||Egypt||||
48686,Asian Art,1506,||||||||China||
37431,Asian Art,1135,||||||||Thailand||
308724,The Michael C. Rockefeller Wing,-550,||||Ica Valley||Peru||Paracas||
239357,European Sculpture and Decorative Arts,1889,||||||||||French
308527,The Michael C. Rockefeller Wing,500,||||||Peru||Moche||
45838,Asian Art,1720,||||||||Japan||
198973,European Sculpture and Decorative Arts,1579,||||||||||
307864,The Michael C. Rockefeller Wing,-500,||||||Peru||Paracas||
838101,European Sculpture and Decorative Arts,1884,||||||||||British
308609,The Michael C. Rockefeller Wing,-350,||||Ica Valley||Peru||Paracas||
204402,European Sculpture and Decorative Arts,1810,||||||||||
309303,The Michael C. Rockefeller Wing,1380,||||||Peru||Chimú||
314364,The Michael C. Rockefeller Wing,-800,||||||Peru||Cupisnique||
62704,Asian Art,1849,||||||||Japan||
46898,Asian Art,1783,||||||||China||
51026,Asian Art,1506,||||||||China||
466283,The Cloisters,1212,Siegburg||Lower Rhineland||||Germany||German||
47678,Asian Art,1849,||||||||Japan||
63124,Asian Art,1749,||||||||Japan||
72738,Asian Art,1753,||||||||Korea||
208440,European Sculpture and Decorative Arts,1849,||||||||||
37442,Asian Art,1135,||||||||Thailand||
205826,European Sculpture and Decorative Arts,1720,||||||||||German
478708,Medieval Art,499,||Kharga Oasis||||Byzantine Egypt||Coptic||
202215,European Sculpture and Decorative Arts,1755,||||||||||French
48126,Asian Art,1600,||||||||China||
461503,Robert Lehman Collection,1850,||||||||Chinese||
47813,Asian Art,1749,||||||||Japan||
62708,Asian Art,1649,||||||||Japan||
52052,Asian Art,1692,||||||||China||
39501,Asian Art,499,||||||||Korea||
47270,Asian Art,1912,||||||||Japan||
49362,Asian Art,1783,||||||||China||
44725,Asian Art,-2400,||||||||China||
316001,The Michael C. Rockefeller Wing,100,||||||Ecuador||Bahia||
42510,Asian Art,1499,||||||||China||
197612,European Sculpture and Decorative Arts,1765,||||||||||
239561,European Sculpture and Decorative Arts,1890,||||||||||French
449435,Islamic Art,862,Nishapur||||||Iran||||
201289,European Sculpture and Decorative Arts,1760,||||||||||
308350,The Michael C. Rockefeller Wing,-200,||||||Peru||Paracas||
451836,Islamic Art,1525,Iznik||||||Turkey||||
47061,Asian Art,1649,||||||||China or Japan (?)||
308379,The Michael C. Rockefeller Wing,350,||||||Peru||Nasca||
200861,European Sculpture and Decorative Arts,1753,||||||||||French
203257,European Sculpture and Decorative Arts,1752,||||||||||Italian
461493,Robert Lehman Collection,1250,||||||||Chinese||
45839,Asian Art,1720,||||||||Japan||
308542,The Michael C. Rockefeller Wing,550,||||||Peru||Moche||
52038,Asian Art,1692,||||||||China||
47623,Asian Art,1749,||||||||Japan||
39505,Asian Art,499,||||||||Korea||
63531,Asian Art,1600,||||||||Japan||
447080,Islamic Art,1199,||||||Iran||||
49915,Asian Art,1119,||||||||China||
194279,European Sculpture and Decorative Arts,1710,||||||||||
308567,The Michael C. Rockefeller Wing,500,||||South Coast||Peru||Nasca||
39520,Asian Art,499,||||||||Korea||
42740,Asian Art,1416,||||||||China||
49903,Asian Art,585,||||||||China||
451622,Islamic Art,1249,Kashan||||||Iran||||
46666,Asian Art,1849,||||||||China||
771064,European Sculpture and Decorative Arts,1875,||||||||||British
46233,Asian Art,1849,||||||||China||
239364,European Sculpture and Decorative Arts,1887,||||||||||French
313340,The Michael C. Rockefeller Wing,-600,||||Ica Valley||Peru||Paracas||
42215,Asian Art,1765,||||||||China||
468525,The Cloisters,1475,probably Manises||Valencia||||Spain||Spanish||
48346,Asian Art,1849,||||||||China||
194960,European Sculpture and Decorative Arts,1884,||||||||||American and French
205326,European Sculpture and Decorative Arts,1756,||||||||||British
47577,Asian Art,1711,||||||||China||
478667,Medieval Art,499,||Kharga Oasis||||Byzantine Egypt||Coptic||
64921,Asian Art,572,||||||||China||
308414,The Michael C. Rockefeller Wing,1285,||North Coast||||Peru||Chimú||
191218,European Sculpture and Decorative Arts,1774,||||||||||British
310199,The Michael C. Rockefeller Wing,400,||||||Peru||Moche||
200873,European Sculpture and Decorative Arts,1752,||||||||||French
449903,Islamic Art,837,Nishapur||||||Iran||||
770961,European Sculpture and Decorative Arts,1862,||||||||||British
48532,Asian Art,100,||||||||China||
46712,Asian Art,1824,||||||||China||
195499,European Sculpture and Decorative Arts,1835,||||||||||
42468,Asian Art,1099,||||||||China||
42199,Asian Art,1716,||||||||China||
42232,Asian Art,1683,||||||||China||
445241,Islamic Art,1574,Iznik||||||Turkey||||
50999,Asian Art,1692,||||||||China||
195209,European Sculpture and Decorative Arts,1752,||||||||||French
317749,The Michael C. Rockefeller Wing,300,||||||Peru||Moche||
770931,European Sculpture and Decorative Arts,1872,||||||||||British
62559,Asian Art,1800,||||||||Japan||
199195,European Sculpture and Decorative Arts,1732,||||||||||German
47049,Asian Art,1749,||||||||China||
309444,The Michael C. Rockefeller Wing,600,||||||Peru||Moche||
47364,Asian Art,1849,||||||||Japan||
206318,European Sculpture and Decorative Arts,1608,||||||||||
770945,European Sculpture and Decorative Arts,1867,||||||||||British
208398,European Sculpture and Decorative Arts,1792,||||||||||
52609,Asian Art,1199,||||||||China||
198416,European Sculpture and Decorative Arts,1760,||||||||||British
771052,European Sculpture and Decorative Arts,1885,||||||||||British
47641,Asian Art,1849,||||||||Japan||
210162,European Sculpture and Decorative Arts,1732,||||||||||French
199569,European Sculpture and Decorative Arts,1760,||||||||||
48222,Asian Art,1695,||||||||China||
308300,The Michael C. Rockefeller Wing,-550,||||||Peru||Paracas||
42551,Asian Art,1550,||||||||China||
46897,Asian Art,1824,||||||||China||
204070,European Sculpture and Decorative Arts,1772,||||||||||British
50236,Asian Art,1149,||||||||China||
48754,Asian Art,1700,||||||||Japan||
477276,Medieval Art,499,||Kharga Oasis||||Byzantine Egypt||Coptic||
50702,Asian Art,335,||||||||China||
309513,The Michael C. Rockefeller Wing,-800,||||||Peru||Cupisnique||
62721,Asian Art,1820,||||||||Japan||
451434,Islamic Art,1200,||||||Iran||||
52978,Asian Art,1583,||||||||China||
42242,Asian Art,1649,||||||||China||
309760,The Michael C. Rockefeller Wing,1500,||||||Peru||Inca||
449869,Islamic Art,837,Nishapur||||||Iran||||
44730,Asian Art,-2150,||||||||China||
308606,The Michael C. Rockefeller Wing,-200,||||Ica Valley||Peru||Paracas||
194591,European Sculpture and Decorative Arts,1749,||||||||||
232222,European Sculpture and Decorative Arts,1873,"||||||||||British, Scottish"
198777,European Sculpture and Decorative Arts,1545,||||||||||
47006,Asian Art,1749,||||||||Japan||
206025,European Sculpture and Decorative Arts,1730,||||||||||German
449129,Islamic Art,1099,Nishapur||||||Iran||||
47762,Asian Art,1849,||||||||China||
198322,European Sculpture and Decorative Arts,1727,||||||||||German
308349,The Michael C. Rockefeller Wing,-200,||||||Peru||Paracas||
47958,Asian Art,1849,||||||||Japan||Japanese
42312,Asian Art,1849,||||||||Korea||
62640,Asian Art,1649,||||||||Japan||
202171,European Sculpture and Decorative Arts,1765,||||||||||French
53203,Asian Art,1350,||||||||Japan||
48203,Asian Art,1700,||||||||China||
309380,The Michael C. Rockefeller Wing,650,||||||Peru||Nasca (?)||
46865,Asian Art,1749,||||||||China||
46924,Asian Art,1695,||||||||China||
202124,European Sculpture and Decorative Arts,1700,||||||||||
9367,Modern and Contemporary Art,1900,||||||||||American
52085,Asian Art,1149,||||||||Korea||
199886,European Sculpture and Decorative Arts,1796,||||||||||British
62792,Asian Art,1749,||||||||Japan||
48359,Asian Art,1729,||||||||China||
46554,Asian Art,1711,||||||||China||
47626,Asian Art,1750,||||||||China||
447159,Islamic Art,1162,Rayy||||||Iran||||
51124,Asian Art,1824,||||||||China||
670815,European Sculpture and Decorative Arts,1880,"||||||||||British, Scottish"
239496,European Sculpture and Decorative Arts,1876,||||||||||British
204084,European Sculpture and Decorative Arts,1753,||||||||||British
47896,Asian Art,1650,||||||||China||
208542,European Sculpture and Decorative Arts,1880,||||||||||British
202218,European Sculpture and Decorative Arts,1771,||||||||||French
902207,Asian Art,1950,||||||||Japan||Japanese
36452,Asian Art,899,||||||||Korea||
48602,Asian Art,1810,||||||||China||
46587,Asian Art,1749,||||||||China||
187801,European Sculpture and Decorative Arts,1749,||||||||||German
207124,European Sculpture and Decorative Arts,1730,||||||||||
39496,Asian Art,249,||||||||Korea||
52252,Asian Art,1639,||||||||Japan||
50026,Asian Art,1649,||||||||China||
890351,European Sculpture and Decorative Arts,1900,||||||||||Danish
48058,Asian Art,1700,||||||||China||
770933,European Sculpture and Decorative Arts,1884,||||||||||British
308458,The Michael C. Rockefeller Wing,-50,||||South Coast||Peru||Topará||
446945,Islamic Art,1749,||||||Iran||||
62877,Asian Art,0,||||||||Japan||
448182,Islamic Art,1199,||||||Iraq or Syria||||
770939,European Sculpture and Decorative Arts,1867,||||||||||British
448441,Islamic Art,1649,||||||Iran||||
318617,The Michael C. Rockefeller Wing,500,||||||Peru||Moche||
52923,Asian Art,1692,||||||||China||
37657,Asian Art,1135,||||||||Thailand||
449428,Islamic Art,887,Nishapur||||||Iran||||
48774,Asian Art,1692,||||||||China||
51008,Asian Art,1729,||||||||China||
47634,Asian Art,1749,||||||||Japan||
41753,Asian Art,1849,||||||||Japan||
192800,European Sculpture and Decorative Arts,1760,||||||||||British
671537,European Sculpture and Decorative Arts,1675,||||||||||British
449623,Islamic Art,899,Nishapur||||||Iran||||
449402,Islamic Art,812,Nishapur||||||Iran||||
199542,European Sculpture and Decorative Arts,1765,||||||||||
187750,European Sculpture and Decorative Arts,1700,||||||||||
46893,Asian Art,1765,||||||||China||
52300,Asian Art,1657,||||||||Japan||
453349,Islamic Art,1200,||||||Iran||||
46713,Asian Art,1749,||||||||China||
308459,The Michael C. Rockefeller Wing,-500,||||Ica Valley||Peru||Topará||
52033,Asian Art,1692,||||||||China||
205100,European Sculpture and Decorative Arts,1781,||||||||||
451871,Islamic Art,1649,||||||Iran||||
46541,Asian Art,1729,||||||||China||
47510,Asian Art,1800,||||||||China||
42370,Asian Art,1750,||||||||China||
47869,Asian Art,1850,||||||||Japan||
201394,European Sculpture and Decorative Arts,1760,||||||||||French
449420,Islamic Art,799,Nishapur||||||Iran||||
46546,Asian Art,1711,||||||||China||
46948,Asian Art,1749,||||||||China||
203278,European Sculpture and Decorative Arts,1675,||||||||||German
63085,Asian Art,1245,||||||||Japan||Japanese
44428,Asian Art,-2150,||||||||China||
48573,Asian Art,1824,||||||||China||
201408,European Sculpture and Decorative Arts,1747,||||||||||French
47866,Asian Art,1717,||||||||China||
449880,Islamic Art,1049,Nishapur||||||Iran||||
49360,Asian Art,1765,||||||||China||
623475,European Sculpture and Decorative Arts,1705,||||||||||
50350,Asian Art,1700,||||||||Japan||
48655,Asian Art,1765,||||||||China||
463529,Medieval Art,1415,probably Orvieto||Umbria||||Italy||Italian||
239355,European Sculpture and Decorative Arts,1891,||||||||||French
47402,Asian Art,1749,||||||||China||
316782,The Michael C. Rockefeller Wing,950,||Cocle Province||||Panama||Coclé (Macaracas)||
42308,Asian Art,1485,||||||||Korea||
46987,Asian Art,1750,||||||||Japan||
39524,Asian Art,683,||||||||China||
197220,European Sculpture and Decorative Arts,1575,||||||||||
49316,Asian Art,1683,||||||||Japan||
48316,Asian Art,708,||||||||China||
307619,The Michael C. Rockefeller Wing,-550,||||||Peru||Paracas||
308627,The Michael C. Rockefeller Wing,-300,||||||Peru||Paracas||
308303,The Michael C. Rockefeller Wing,-450,||||||Peru||Paracas||
444463,Islamic Art,1674,||||||Iran||||
49850,Asian Art,1777,||||||||China||
46791,Asian Art,1749,||||||||China||
42469,Asian Art,1167,||||||||China||
468168,Medieval Art,1425,Florence||Tuscany||||Italy||Italian||
50819,Asian Art,1765,||||||||China||
47062,Asian Art,1695,||||||||China||
199285,European Sculpture and Decorative Arts,1772,||||||||||German
314523,The Michael C. Rockefeller Wing,0,||||Mesoamerica||Guatemala||Maya||
62905,Asian Art,1649,||||||||Japan||
448826,Islamic Art,449,Ctesiphon||||||Iraq||||
48621,Asian Art,1749,||||||||China||
451879,Islamic Art,1149,||||||Iran||||
42400,Asian Art,849,||||||||China||
47682,Asian Art,1849,||||||||Japan||
62697,Asian Art,1849,||||||||Japan||
670990,Asian Art,1536,||||||||Japan||
51232,Asian Art,1849,||||||||China||
205922,European Sculpture and Decorative Arts,1735,||||||||||German
42550,Asian Art,1544,||||||||China||
308521,The Michael C. Rockefeller Wing,350,||||||Peru||Moche||
42354,Asian Art,1666,||||||||China||
47203,Asian Art,1620,||||||||Japan||
48772,Asian Art,1849,||||||||China||
448186,Islamic Art,799,||||||Iran||||
45847,Asian Art,1700,||||||||China||
206393,European Sculpture and Decorative Arts,1792,||||||||||German
194582,European Sculpture and Decorative Arts,1760,||||||||||
46627,Asian Art,1883,||||||||Japan||Japanese
308723,The Michael C. Rockefeller Wing,-350,||||Ica Valley||Peru||Paracas||
185900,European Sculpture and Decorative Arts,1715,||||||||||
447130,Islamic Art,1349,||||||Iran||||
47137,Asian Art,1849,||||||||Japan||
449659,Islamic Art,899,Nishapur||||||Iran||||
48771,Asian Art,1692,||||||||China||
44690,Asian Art,-2250,||||||||China||
468398,Medieval Art,1500,||probably Surrey||||England||British||
62598,Asian Art,1749,||||||||Japan||
48254,Asian Art,1849,||||||||China||
46642,Asian Art,1783,||||||||China||
47149,Asian Art,1749,||||||||Japan||
204370,European Sculpture and Decorative Arts,1849,||||||||||
309387,The Michael C. Rockefeller Wing,200,||||||Peru||Vicús||
45880,Asian Art,1692,||||||||China||
204383,European Sculpture and Decorative Arts,1849,||||||||||
48128,Asian Art,1700,||||||||China||
308441,The Michael C. Rockefeller Wing,-500,||||||Peru||Paracas||
449418,Islamic Art,849,Nishapur||||||Iran||||
47108,Asian Art,1840,||||||||Japan||
39576,Asian Art,1649,||||||||Japan||Japanese
52930,Asian Art,1765,||||||||China||
52711,Asian Art,1430,||||||||China||
471747,The Cloisters,1549,probably Manises||Valencia||||Spain||Spanish||
308426,The Michael C. Rockefeller Wing,-500,||||||Peru||Paracas||
308456,The Michael C. Rockefeller Wing,-150,||||||Peru||Nasca||
309360,The Michael C. Rockefeller Wing,450,||||||Peru||Moche||
770934,European Sculpture and Decorative Arts,1880,||||||||||British
42541,Asian Art,1544,||||||||China||
52021,Asian Art,1729,||||||||China||
444873,Islamic Art,1849,||||||Turkey||||
48640,Asian Art,1583,||||||||China||
309353,The Michael C. Rockefeller Wing,400,||||||Peru||Moche||
446283,Islamic Art,1124,||||||Iran||||
47254,Asian Art,1725,||||||||Japan||
208035,European Sculpture and Decorative Arts,1885,||||||||||
48285,Asian Art,1700,||||||||China||
770951,European Sculpture and Decorative Arts,1870,||||||||||British
63084,Asian Art,1700,||||||||Japan||
309439,The Michael C. Rockefeller Wing,500,||||||Peru||Moche||
205328,European Sculpture and Decorative Arts,1760,||||||||||British
208806,European Sculpture and Decorative Arts,1849,||||||||||
49319,Asian Art,1700,||||||||Japan||
309518,The Michael C. Rockefeller Wing,-1000,||||North Coast||Peru||Cupisnique||
48411,Asian Art,1285,||||||||China||
450480,Islamic Art,1674,||||||Iran||||
47395,Asian Art,1750,||||||||Japan||
42424,Asian Art,1700,||||||||China||
771035,European Sculpture and Decorative Arts,1884,||||||||||British
308584,The Michael C. Rockefeller Wing,-400,||||Ica Valley||Peru||Paracas||
468526,The Cloisters,1455,probably Manises||Valencia||||Spain||Spanish||
449067,Islamic Art,899,Nishapur||||||Iran||||
57438,Asian Art,1849,||||||||Korea||
208122,European Sculpture and Decorative Arts,1737,||||||||||
47723,Asian Art,1749,||||||||China||
199273,European Sculpture and Decorative Arts,1764,||||||||||German
62694,Asian Art,1749,||||||||Japan||
42192,Asian Art,1750,||||||||China||
199752,European Sculpture and Decorative Arts,1502,||||||||||
199261,European Sculpture and Decorative Arts,1779,||||||||||German
449557,Islamic Art,849,Nishapur||||||Iran||||
446673,Islamic Art,1199,near Raqqa||||||Syria||||
231832,European Sculpture and Decorative Arts,1890,||||||||||French
44427,Asian Art,-2150,||||||||China||
308492,The Michael C. Rockefeller Wing,-250,||||Ica Valley||Peru||Paracas||
770922,European Sculpture and Decorative Arts,1872,||||||||||British
444507,Islamic Art,1649,||||||Iran||||
308530,The Michael C. Rockefeller Wing,300,||||||Peru||Moche||
49189,Asian Art,1600,||||||||China||
451361,Islamic Art,1200,Raqqa||||||Syria||||
52304,Asian Art,1741,||||||||Japan||
46946,Asian Art,1729,||||||||China||
197571,European Sculpture and Decorative Arts,1755,||||||||||
449744,Islamic Art,799,Nishapur||||||Iran||||
308648,The Michael C. Rockefeller Wing,-300,||||||Peru||Paracas||
452920,Islamic Art,749,||||||Iran or Iraq||||
310193,The Michael C. Rockefeller Wing,550,||||||Peru||Moche||
48637,Asian Art,1716,||||||||China||
51032,Asian Art,1692,||||||||China||
667254,Asian Art,1740,||||||||Japan||
45868,Asian Art,1596,||||||||China||
52046,Asian Art,1692,||||||||China||
47280,Asian Art,1749,||||||||Japan||
198941,European Sculpture and Decorative Arts,1543,||||||||||
465831,Medieval Art,1400,||||||||European||
63189,Asian Art,1849,||||||||Japan||
765030,Medieval Art,1434,Viterbo||Lazio||||Italy||Central Italian||
47353,Asian Art,1824,||||||||Japan||
448968,Islamic Art,749,Qasr-i Abu Nasr||||||Iran||||
44742,Asian Art,1334,||||||||China||
52810,Asian Art,1692,||||||||China||
461497,Robert Lehman Collection,1787,||||||||Chinese||
52753,Asian Art,1583,||||||||China||
42341,Asian Art,1685,||||||||China||
48595,Asian Art,1692,||||||||China||
308600,The Michael C. Rockefeller Wing,-300,||||||Peru||Paracas||
449362,Islamic Art,849,Nishapur||||||Iran||||
49825,Asian Art,1800,||||||||China||
63103,Asian Art,1625,||||||||Japan||
47720,Asian Art,1749,||||||||Japan||
310205,The Michael C. Rockefeller Wing,1400,||||||Peru||Inca-Chimú||
63136,Asian Art,1749,||||||||Japan||
51179,Asian Art,1777,||||||||China||
312935,The Michael C. Rockefeller Wing,500,||||||Peru||Moche||
449747,Islamic Art,849,Nishapur||||||Iran||||
199415,European Sculpture and Decorative Arts,1745,||||||||||
770941,European Sculpture and Decorative Arts,1874,||||||||||British
37478,Asian Art,1499,||||||||Thailand (Si Satchanalai)||
53856,Asian Art,1849,||||||||China||
194587,European Sculpture and Decorative Arts,1749,||||||||||
205919,European Sculpture and Decorative Arts,1727,||||||||||German
444486,Islamic Art,1699,||||||Iran||||
52067,Asian Art,1549,||||||||China||
49136,Asian Art,-2150,||||||||China||
667258,Asian Art,1749,||||||||Japan||
199372,European Sculpture and Decorative Arts,1760,||||||||||Russian
62638,Asian Art,1849,||||||||Japan||
449555,Islamic Art,899,Nishapur||||||Iran||||
308577,The Michael C. Rockefeller Wing,350,||||||Peru||Nasca||
49268,Asian Art,1349,||||||||Japan||
47784,Asian Art,1840,||||||||Japan||
207123,European Sculpture and Decorative Arts,1730,||||||||||
52942,Asian Art,1692,||||||||China||
42209,Asian Art,1749,||||||||China||
52400,Asian Art,1749,||||||||Japan||
49323,Asian Art,1683,||||||||Japan||
47295,Asian Art,1800,||||||||China||
62722,Asian Art,1890,||||||||Japan||Japanese
196601,European Sculpture and Decorative Arts,1715,||||||||||
770973,European Sculpture and Decorative Arts,1870,||||||||||British
47973,Asian Art,1860,||||||||Japan||
318291,The Michael C. Rockefeller Wing,1100,||||||Colombia||Quimbaya||
47757,Asian Art,1749,||||||||Japan||
49833,Asian Art,1624,||||||||China||
319570,The Michael C. Rockefeller Wing,-600,||||||Peru||Peruvian||
50362,Asian Art,7,||||||||China||
52806,Asian Art,1692,||||||||China||
62684,Asian Art,1749,||||||||Japan||
37558,Asian Art,1499,||||||||Vietnam||
770913,European Sculpture and Decorative Arts,1872,||||||||||British
47806,Asian Art,1749,||||||||Japan||
449404,Islamic Art,800,Nishapur||||||Iran||||
195780,European Sculpture and Decorative Arts,1842,||||||||||British
316875,The Michael C. Rockefeller Wing,450,||||Mesoamerica||Mexico||Teotihuacan||
50824,Asian Art,1692,||||||||China||
310601,The Michael C. Rockefeller Wing,450,||Ancash||||Peru||Recuay||
309331,The Michael C. Rockefeller Wing,450,||||||Peru||Moche||
316175,The Michael C. Rockefeller Wing,-675,||Chiclayo||North Coast||Peru||Cupisnique||
63122,Asian Art,1749,||||||||Japan||
206796,European Sculpture and Decorative Arts,1715,||||||||||
51206,Asian Art,1319,||||||||China||
770969,European Sculpture and Decorative Arts,1873,||||||||||British
42293,Asian Art,1249,||||||||Korea||
52043,Asian Art,1692,||||||||China||
47621,Asian Art,1692,||||||||China||
42011,Asian Art,1299,||||||||China||
63102,Asian Art,1775,||||||||Japan||
769061,Islamic Art,1099,Nishapur||||||Iran||||
44728,Asian Art,-2150,||||||||China||
771063,European Sculpture and Decorative Arts,1879,||||||||||British
47306,Asian Art,1750,||||||||China||
62545,Asian Art,1649,||||||||Japan||
309354,The Michael C. Rockefeller Wing,250,||||||Peru||Moche||
48776,Asian Art,1695,||||||||China||
460175,Robert Lehman Collection,1535,"||||||||Italian, Deruta||"
310520,The Michael C. Rockefeller Wing,1467,||||||Peru||Inca||
62943,Asian Art,1780,||||||||Japan||
449634,Islamic Art,999,Nishapur||||||Iran||||
62606,Asian Art,1749,||||||||Japan||
477741,Medieval Art,499,||Kharga Oasis||||Byzantine Egypt||Coptic||
57406,Asian Art,1249,||||||||Korea||
48305,Asian Art,1749,||||||||China||
198974,European Sculpture and Decorative Arts,1579,||||||||||
449357,Islamic Art,1199,Nishapur||||||Iran||||
194479,European Sculpture and Decorative Arts,1644,||||||||||
463709,Medieval Art,1400,Todi||||||Italy||Italian||
47157,Asian Art,1830,||||||||Japan||
45861,Asian Art,1680,||||||||Japan||
50548,Asian Art,1349,||||||||China||
47214,Asian Art,1760,||||||||Japan||
478437,Medieval Art,499,||Kharga Oasis||||Byzantine Egypt||Coptic||
48809,Asian Art,1155,||||||||China (?)||
198432,European Sculpture and Decorative Arts,1757,||||||||||British
308355,The Michael C. Rockefeller Wing,-50,||||Ica Valley||Peru||Topará||
193062,European Sculpture and Decorative Arts,1807,||||||||||
309495,The Michael C. Rockefeller Wing,400,||||||Peru||Moche||
52215,Asian Art,1630,||||||||Japan||
207776,European Sculpture and Decorative Arts,1880,||||||||||British
308602,The Michael C. Rockefeller Wing,-300,||||||Peru||Paracas||
460263,Robert Lehman Collection,1535,"||||||||Italian, probably Gubbio||"
447275,Islamic Art,1199,||||||Iran||||
48546,Asian Art,1849,||||||||Japan||
308884,The Michael C. Rockefeller Wing,600,||||||Peru||Moche||
460279,Robert Lehman Collection,1485,||||||||Italian (probably Naples)||
63545,Asian Art,1536,||||||||Japan||
46755,Asian Art,1655,||||||||China||
308883,The Michael C. Rockefeller Wing,600,||||||Peru||Moche||
52624,Asian Art,1124,||||||||China||
200952,European Sculpture and Decorative Arts,1769,||||||||||Spanish
53157,Asian Art,583,||||||||Japan||
45862,Asian Art,649,||||||||China||
44688,Asian Art,-2200,||||||||China||
444948,Islamic Art,1674,||||||Iran||||
42317,Asian Art,1765,||||||||China||
449736,Islamic Art,899,Nishapur||||||Iran||||
48641,Asian Art,1749,||||||||China||
206507,European Sculpture and Decorative Arts,1740,||||||||||German
451763,Islamic Art,1149,||||||Iran||||
309485,The Michael C. Rockefeller Wing,550,||||||Peru||Moche (?)||
48608,Asian Art,1692,||||||||China||
309747,The Michael C. Rockefeller Wing,300,||||||Peru||Vicús||
48216,Asian Art,1588,||||||||China||
47313,Asian Art,1783,||||||||China||
63548,Asian Art,1716,||||||||Japan||
193063,European Sculpture and Decorative Arts,1849,||||||||||
446903,Islamic Art,1199,Raqqa||||||Syria||||
49191,Asian Art,1765,||||||||China||
47281,Asian Art,1749,||||||||Japan||
49272,Asian Art,1683,||||||||Japan||
62757,Asian Art,1650,||||||||Japan||
47985,Asian Art,1591,||||||||Japan||
204046,European Sculpture and Decorative Arts,1749,||||||||||
307863,The Michael C. Rockefeller Wing,-200,||||||Peru||Paracas||
680974,European Sculpture and Decorative Arts,1587,||||||||||
53613,Asian Art,1879,||||||||Japan||Japanese
57435,Asian Art,1174,||||||||Korea||
209256,European Sculpture and Decorative Arts,1855,||||||||||British
46916,Asian Art,1711,||||||||China||
45845,Asian Art,1849,||||||||China||
52975,Asian Art,1765,||||||||China||
52562,Asian Art,599,||||||||China||
310652,The Michael C. Rockefeller Wing,-900,||||Tembladera||Peru||Cupisnique||
464680,Medieval Art,1425,probably Manises||Valencia||||Spain||Spanish||
449497,Islamic Art,1099,Nishapur||||||Iran||||
625629,Islamic Art,1674,Kirman||||||Iran||||
50981,Asian Art,1729,||||||||China||
444898,Islamic Art,1649,Iznik||||||Turkey||||
308294,The Michael C. Rockefeller Wing,-300,||||||Peru||Paracas||
198781,European Sculpture and Decorative Arts,1510,||||||||||
62937,Asian Art,1749,||||||||Japan||
52685,Asian Art,1765,||||||||China||
629700,Asian Art,1616,||||||||China||
48482,Asian Art,1119,||||||||China||
37438,Asian Art,1135,||||||||Thailand||
715459,Islamic Art,1887,||||||Egypt||||
446217,Islamic Art,1137,||||||Iran||||
62763,Asian Art,1320,||||||||Japan||Japanese
317991,The Michael C. Rockefeller Wing,1350,||||||Mali||Middle Niger civilization (?)||
206517,European Sculpture and Decorative Arts,1740,||||||||||German
468169,Medieval Art,1425,||||||Spain||Spanish||
477748,Medieval Art,499,||Kharga Oasis||||Byzantine Egypt||Coptic||
47914,Asian Art,1849,||||||||China||
52260,Asian Art,1749,||||||||Japan||
201032,European Sculpture and Decorative Arts,1755,||||||||||
460278,Robert Lehman Collection,1490,"||||||||Italian, Faenza or Naples||"
50720,Asian Art,1765,||||||||China||
315155,The Michael C. Rockefeller Wing,600,||||||Peru||Moche||
52041,Asian Art,1749,||||||||China||
50943,Asian Art,1683,||||||||China||
770928,European Sculpture and Decorative Arts,1885,||||||||||British
46921,Asian Art,1749,||||||||China||
187702,European Sculpture and Decorative Arts,1649,||||||||||
199466,European Sculpture and Decorative Arts,1755,||||||||||
308706,The Michael C. Rockefeller Wing,-300,||||||Peru||Paracas||
47983,Asian Art,1849,||||||||Japan||Japanese
451834,Islamic Art,1532,Iznik||||||Turkey||||
63132,Asian Art,1749,||||||||Japan||
308704,The Michael C. Rockefeller Wing,-300,||||||Peru||Paracas||
201738,European Sculpture and Decorative Arts,1752,||||||||||French
208546,European Sculpture and Decorative Arts,1862,"||||||||||British, Scottish"
448394,Islamic Art,1649,||||||Iran||||
44424,Asian Art,-2150,||||||||China||
42415,Asian Art,1692,||||||||China||
42505,Asian Art,1416,||||||||China||
48284,Asian Art,1749,||||||||China||
46783,Asian Art,1596,||||||||China||
52941,Asian Art,1692,||||||||China||
202243,European Sculpture and Decorative Arts,1765,||||||||||
206629,European Sculpture and Decorative Arts,1690,||||||||||
48720,Asian Art,1670,||||||||Japan||
42378,Asian Art,708,||||||||China||
42248,Asian Art,1700,||||||||China||
50820,Asian Art,1716,||||||||China||
57367,Asian Art,1916,||||||||Korea||
39484,Asian Art,1749,||||||||Japan||
706316,Asian Art,1683,||||||||China||
202581,European Sculpture and Decorative Arts,1530,||||||||||
476271,Medieval Art,499,||Kharga Oasis||||Byzantine Egypt||Coptic||
200962,European Sculpture and Decorative Arts,1777,||||||||||Italian
46726,Asian Art,1849,||||||||China||
48456,Asian Art,1319,||||||||China||
198500,European Sculpture and Decorative Arts,1770,||||||||||British
52808,Asian Art,1692,||||||||China||
851661,Asian Art,1499,||||||||Korea||
205327,European Sculpture and Decorative Arts,1755,||||||||||British
449063,Islamic Art,1149,Nishapur||||||Iran||||
63128,Asian Art,1749,||||||||Japan||
471756,The Cloisters,1450,Manises||Valencia||||Spain||Spanish||
448671,Islamic Art,1215,Kashan||||||Iran||||
57403,Asian Art,1916,||||||||Korea||
770953,European Sculpture and Decorative Arts,1880,||||||||||British
44423,Asian Art,-2150,||||||||China||
465888,Medieval Art,1449,||||||||French||
451865,Islamic Art,1649,||||||Iran||||
53468,Asian Art,1700,||||||||Japan||
48481,Asian Art,1506,||||||||China||
308412,The Michael C. Rockefeller Wing,350,||||||Peru||Moche||
447288,Islamic Art,1099,||||||Iraq or Syria||||
313145,The Michael C. Rockefeller Wing,-151,||Oaxaca||Mesoamerica||Mexico||Monte Alban||
49905,Asian Art,710,||||||||China||
50740,Asian Art,1692,||||||||China||
308363,The Michael C. Rockefeller Wing,-675,||||Ica Valley||Peru||Paracas||
458261,Islamic Art,1149,||||||Iran||||
308712,The Michael C. Rockefeller Wing,-300,||||||Peru||Paracas||
62547,Asian Art,1649,||||||||Japan||
667257,Asian Art,1749,||||||||Japan||
46913,Asian Art,1800,||||||||China||
44448,Asian Art,1749,||||||||Japan||
314197,The Michael C. Rockefeller Wing,1300,||||||Ecuador||Carchi||
57356,Asian Art,1916,||||||||Korea||
52777,Asian Art,1587,||||||||China||
51050,Asian Art,1239,||||||||China||
46614,Asian Art,1749,||||||||China||
52626,Asian Art,1119,||||||||China||
50998,Asian Art,1692,||||||||China||
199337,European Sculpture and Decorative Arts,1780,||||||||||
451336,Islamic Art,949,||||||Iraq||||
46566,Asian Art,1692,||||||||China||
771046,European Sculpture and Decorative Arts,1887,||||||||||British
53628,Asian Art,0,||||||||Japan||
453308,Islamic Art,1650,probably Isfahan||||||Iran||||
206914,European Sculpture and Decorative Arts,1717,||||||||||
308585,The Michael C. Rockefeller Wing,-550,||||Ica Valley||Peru||Paracas||
207470,European Sculpture and Decorative Arts,1574,||||||||||
48581,Asian Art,1700,||||||||China||
460187,Robert Lehman Collection,1535,"||||||||Italian, Castelli||"
205827,European Sculpture and Decorative Arts,1692,||||||||||
308588,The Michael C. Rockefeller Wing,-300,||||Ica Valley||Peru||Paracas||
308292,The Michael C. Rockefeller Wing,0,||||||Peru||Paracas||
46690,Asian Art,1506,||||||||China||
48570,Asian Art,1783,||||||||China||
310538,The Michael C. Rockefeller Wing,-450,||||Ica Valley||Peru||Paracas||
53627,Asian Art,200,||||||||Japan||
309502,The Michael C. Rockefeller Wing,200,||||||Peru||Moche||
309378,The Michael C. Rockefeller Wing,450,||||||Peru||Moche||
49248,Asian Art,1700,||||||||China||
449424,Islamic Art,1049,Nishapur||||||Iran||||
46680,Asian Art,1849,||||||||China||
449748,Islamic Art,899,Nishapur||||||Iran||||
47624,Asian Art,1849,||||||||Japan||
50713,Asian Art,1916,||||||||China||
57520,Asian Art,1099,||||||||Korea||
48841,Asian Art,1824,||||||||China||
42290,Asian Art,1700,||||||||China||
748303,Asian Art,1741,||||||||Japan||
308657,The Michael C. Rockefeller Wing,-300,||||Ica Valley||Peru||Paracas||
197552,European Sculpture and Decorative Arts,1766,||||||||||
308608,The Michael C. Rockefeller Wing,-350,||||Ica Valley||Peru||Paracas||
307873,The Michael C. Rockefeller Wing,350,||||||Peru||Moche||
37457,Asian Art,1349,||||||||Thailand||
62633,Asian Art,1749,||||||||Japan||
62668,Asian Art,1749,||||||||Japan||
205845,European Sculpture and Decorative Arts,1735,||||||||||
50211,Asian Art,1349,||||||||China||
52222,Asian Art,1741,||||||||Japan||
51160,Asian Art,1765,||||||||China||
48842,Asian Art,1930,||||||||China||
194963,European Sculpture and Decorative Arts,1884,||||||||||American and French
75831,Asian Art,1450,||||||||China||
38308,Asian Art,1085,||||||||Thailand||
37557,Asian Art,1449,||||||||Vietnam||
308560,The Michael C. Rockefeller Wing,250,||||||Peru||Moche||
62635,Asian Art,1749,||||||||Japan||
447176,Islamic Art,1199,Rayy||||||Iran||||
468159,Medieval Art,1425,Florence||Tuscany||||Italy||Italian||
51019,Asian Art,1808,||||||||China||
52026,Asian Art,1729,||||||||China||
42200,Asian Art,1700,||||||||China||
63057,Asian Art,1800,||||||||Japan||
47531,Asian Art,1692,||||||||China||
308563,The Michael C. Rockefeller Wing,300,||||||Peru||Moche||
208388,European Sculpture and Decorative Arts,1770,||||||||||Swiss
449117,Islamic Art,812,Nishapur||||||Iran||||
463533,Medieval Art,1300,Lazio||||||Italy||Italian||
62589,Asian Art,1749,||||||||Japan||
48246,Asian Art,1849,||||||||China||
50880,Asian Art,1824,||||||||China||
48015,Asian Art,1849,||||||||Japan||Japanese
50886,Asian Art,1749,||||||||China||
63099,Asian Art,1749,||||||||Japan||
198507,European Sculpture and Decorative Arts,1772,||||||||||British
475754,Medieval Art,499,||Kharga Oasis||||Byzantine Egypt||Coptic||
37479,Asian Art,1499,||||||||Thailand (Si Satchanalai)||
50463,Asian Art,1549,||||||||China||
197605,European Sculpture and Decorative Arts,1760,||||||||||
309366,The Michael C. Rockefeller Wing,500,||||||Peru||Moche||
48768,Asian Art,1751,||||||||China||
44721,Asian Art,-1150,||||||||China||
623471,European Sculpture and Decorative Arts,1705,||||||||||
47253,Asian Art,1849,||||||||Japan||
447674,Islamic Art,899,||||||Iran||||
191600,European Sculpture and Decorative Arts,1849,||||||||||
445269,Islamic Art,1199,Raqqa||||||Syria||||
42220,Asian Art,1799,||||||||China||
37434,Asian Art,1116,||||||||Thailand (Buriram Province)||
460185,Robert Lehman Collection,1535,"||||||||Italian, Castelli||"
46929,Asian Art,1711,||||||||China||
448541,Islamic Art,849,Saveh||||||Iran||||
194231,European Sculpture and Decorative Arts,1740,||||||||||German
63090,Asian Art,1600,||||||||Japan||
310364,The Michael C. Rockefeller Wing,700,||||||||Maya||
48575,Asian Art,1850,||||||||Japan||
447185,Islamic Art,1199,||||||Iran||||
449876,Islamic Art,800,Nishapur||||||Iran||||
46276,Asian Art,1849,||||||||China||
460676,Robert Lehman Collection,1750,||||||||Chinese||
199111,European Sculpture and Decorative Arts,1749,||||||||||French
61634,Asian Art,1319,||||||||China||
310568,The Michael C. Rockefeller Wing,825,||||||Peru||Wari||
52976,Asian Art,1765,||||||||China||
42486,Asian Art,1283,||||||||China||
192801,European Sculpture and Decorative Arts,1770,||||||||||British
193077,European Sculpture and Decorative Arts,1807,||||||||||
197232,European Sculpture and Decorative Arts,1550,||||||||||Italian
460276,Robert Lehman Collection,1490,"||||||||Italian, Naples||"
52579,Asian Art,762,||||||||China||
671536,European Sculpture and Decorative Arts,1500,||||||||||
187748,European Sculpture and Decorative Arts,1749,||||||||||
460900,Robert Lehman Collection,1692,||||||||Chinese||
48757,Asian Art,1695,||||||||China||
47945,Asian Art,1849,||||||||China||
309323,The Michael C. Rockefeller Wing,500,||||||Peru||Moche||
50777,Asian Art,1596,||||||||China||
47696,Asian Art,1849,||||||||Japan||
448429,Islamic Art,1674,||||||Iran||||
460268,Robert Lehman Collection,1603,||||||||Italian||
51024,Asian Art,1319,||||||||China||
465895,Medieval Art,1549,||||||||French||
50226,Asian Art,299,||||||||China||
198947,European Sculpture and Decorative Arts,1485,||||||||||
468165,Medieval Art,1425,Florence or its vicinity||Tuscany||||Italy||Italian||
448544,Islamic Art,1249,Rayy||||||Iran||||
239359,European Sculpture and Decorative Arts,1885,||||||||||American and French
670809,European Sculpture and Decorative Arts,1880,"||||||||||British, Scottish"
200921,European Sculpture and Decorative Arts,1735,||||||||||German
50952,Asian Art,1700,||||||||China||
308646,The Michael C. Rockefeller Wing,-300,||||||Peru||Paracas||
47609,Asian Art,1695,||||||||China||
47183,Asian Art,1820,||||||||Japan||
37476,Asian Art,1435,||||||||Thailand (Si Satchanalai)||
451609,Islamic Art,1200,Nishapur||||||Iran||||
62760,Asian Art,1650,||||||||Japan||
447070,Islamic Art,1612,Iznik||||||Turkey||||
42355,Asian Art,1700,||||||||China||
460659,Robert Lehman Collection,1250,||||||||Chinese||
770971,European Sculpture and Decorative Arts,1864,||||||||||British
47375,Asian Art,1824,||||||||China||
309446,The Michael C. Rockefeller Wing,500,||||||Peru||Moche||
307614,The Michael C. Rockefeller Wing,-250,||||||Peru||Paracas||
314694,The Michael C. Rockefeller Wing,350,||||||Peru||Moche||
449851,Islamic Art,1099,Nishapur||||||Iran||||
317786,The Michael C. Rockefeller Wing,400,||||South Coast||Peru||Nasca||
63942,Asian Art,1610,||||||||Japan||
44467,Asian Art,-2750,||||||||China||
312606,The Michael C. Rockefeller Wing,-450,||||||Peru||Paracas||
308586,The Michael C. Rockefeller Wing,-300,||||||Peru||Paracas||
453623,Islamic Art,649,||||||Egypt||||
62656,Asian Art,1749,||||||||Japan||
194395,European Sculpture and Decorative Arts,1710,||||||||||
445268,Islamic Art,1349,||||||Syria||||
309389,The Michael C. Rockefeller Wing,1467,||||||Peru||Inca||
471836,The Cloisters,1449,Orvieto ?||||||Italy||Italian||
308446,The Michael C. Rockefeller Wing,-900,||||||Peru||Paracas||
185902,European Sculpture and Decorative Arts,1705,||||||||||
451492,Islamic Art,1532,Iznik||||||Turkey||||
309753,The Michael C. Rockefeller Wing,1450,||||||Peru||Inca or Chimú||
206522,European Sculpture and Decorative Arts,1754,||||||||||French
49207,Asian Art,1099,||||||||China||
48507,Asian Art,1029,||||||||China||
46815,Asian Art,1749,||||||||China||
37555,Asian Art,1299,||||||||Vietnam||
206107,European Sculpture and Decorative Arts,1758,||||||||||French
47432,Asian Art,1506,||||||||China||
46544,Asian Art,1711,||||||||China||
463546,Medieval Art,1500,||||||Europe||European||
46623,Asian Art,1749,||||||||China||
201290,European Sculpture and Decorative Arts,1755,||||||||||
51005,Asian Art,1672,||||||||China||
52656,Asian Art,1119,||||||||China||
49363,Asian Art,1777,||||||||China||
307615,The Michael C. Rockefeller Wing,-250,||||||Peru||Paracas||
52401,Asian Art,1749,||||||||Japan||
446652,Islamic Art,1449,||||||Iran||||
465882,Medieval Art,1449,||||||||French||
662967,The Michael C. Rockefeller Wing,700,||||Mesoamerica||Mexico or Guatemala||Maya||
308452,The Michael C. Rockefeller Wing,-500,||||||Peru||Paracas||
314695,The Michael C. Rockefeller Wing,350,||||||Peru||Moche||
49914,Asian Art,1099,||||||||China||
452025,Islamic Art,1199,Rayy||||||Iran||||
46704,Asian Art,1716,||||||||China||
308647,The Michael C. Rockefeller Wing,-300,||||||Peru||Paracas||
50547,Asian Art,1149,||||||||China||
771047,European Sculpture and Decorative Arts,1886,||||||||||British
48697,Asian Art,1849,||||||||China||
52029,Asian Art,1765,||||||||China||
48593,Asian Art,1695,||||||||China||
318602,The Michael C. Rockefeller Wing,500,||||North Coast||Peru||Moche||
308557,The Michael C. Rockefeller Wing,400,||||||Peru||Moche||
461222,Robert Lehman Collection,1750,||||||||Chinese||
48591,Asian Art,1749,||||||||China||
202967,European Sculpture and Decorative Arts,1742,||||||||||
46560,Asian Art,1749,||||||||China||
48466,Asian Art,1749,||||||||China||
62541,Asian Art,1849,||||||||Japan||
57405,Asian Art,1125,||||||||Korea||
308545,The Michael C. Rockefeller Wing,350,||||||Peru||Moche||
46930,Asian Art,1711,||||||||China||
203401,European Sculpture and Decorative Arts,1755,||||||||||British
476304,Medieval Art,499,||Kharga Oasis||||Byzantine Egypt||Coptic||
47427,Asian Art,1749,||||||||China||
204380,European Sculpture and Decorative Arts,1849,||||||||||
207564,European Sculpture and Decorative Arts,1892,||||||||||Italian
771043,European Sculpture and Decorative Arts,1884,||||||||||British
309325,The Michael C. Rockefeller Wing,300,||||||Peru||Moche||
449883,Islamic Art,799,Nishapur||||||Iran||||
205382,European Sculpture and Decorative Arts,1849,||||||||||
207404,European Sculpture and Decorative Arts,1715,||||||||||
50333,Asian Art,1633,||||||||Japan||
317989,The Michael C. Rockefeller Wing,1350,||||||Mali||Middle Niger civilization||
478668,Medieval Art,499,||Kharga Oasis||||Byzantine Egypt||Coptic||
460144,Robert Lehman Collection,1480,"||||||||Italian, probably Faenza||"
47223,Asian Art,1849,||||||||Japan||
51222,Asian Art,1783,||||||||China||
53006,Asian Art,1616,||||||||Japan||
770975,European Sculpture and Decorative Arts,1870,||||||||||British
36446,Asian Art,-2600,||||||||China||
308556,The Michael C. Rockefeller Wing,400,||||||Peru||Moche||
194251,European Sculpture and Decorative Arts,1675,||||||||||
451431,Islamic Art,1199,Raqqa||||||Syria||||
49214,Asian Art,1049,||||||||China||
50473,Asian Art,1692,||||||||China||
62611,Asian Art,1849,||||||||Japan||
848435,European Sculpture and Decorative Arts,1720,||||||||||German
50356,Asian Art,1224,||||||||Korea||
46571,Asian Art,1749,||||||||China||
49900,Asian Art,-49,||||||||China||
42376,Asian Art,708,||||||||China||
479661,The Cloisters,1350,||||||||British||
52217,Asian Art,1644,||||||||Japan||
467958,Medieval Art,1549,Valencia||||||||Spanish||
197515,European Sculpture and Decorative Arts,1755,||||||||||
460134,Robert Lehman Collection,1485,"||||||||Italian, possibly Florence or Faenza||"
471757,The Cloisters,1474,Manises||Valencia||||Spain||Spanish||
63088,Asian Art,1480,||||||||Japan||Japanese
42240,Asian Art,1833,||||||||China||
446888,Islamic Art,1199,Raqqa||||||Syria||||
205322,European Sculpture and Decorative Arts,1752,||||||||||British
468395,Medieval Art,1499,||Surrey||||England||British||
49898,Asian Art,-600,||||||||China||
477269,Medieval Art,499,||Kharga Oasis||||Byzantine Egypt||Coptic||
38546,Asian Art,1499,||||||||Vietnam||
52517,Asian Art,1780,||||||||Japan||
75915,Asian Art,1250,||||||||Vietnam||
201695,European Sculpture and Decorative Arts,1574,||||||||||German
47373,Asian Art,1777,||||||||China||
44722,Asian Art,-2200,||||||||China||
308540,The Michael C. Rockefeller Wing,400,||||||Peru||Moche||
53944,Asian Art,1692,||||||||China||
623476,European Sculpture and Decorative Arts,1705,||||||||||
487292,Modern and Contemporary Art,1893,||||||||||British
308615,The Michael C. Rockefeller Wing,-350,||||Ica Valley||Peru||Paracas||
204356,European Sculpture and Decorative Arts,1849,||||||||||
42477,Asian Art,1300,||||||||China||
47660,Asian Art,1711,||||||||China||
48156,Asian Art,1319,||||||||China||
465885,Medieval Art,1499,||||||||French||
48734,Asian Art,213,||||||||China||
314524,The Michael C. Rockefeller Wing,150,||||Mesoamerica||Guatemala||Maya||
308532,The Michael C. Rockefeller Wing,650,||||North Coast||Peru||Moche||
42450,Asian Art,1099,||||||||China||
52936,Asian Art,1672,||||||||China||
449455,Islamic Art,837,Nishapur||||||Iran||||
48560,Asian Art,1692,||||||||China||
468396,Medieval Art,1500,||Surrey||||England||British||
312632,The Michael C. Rockefeller Wing,350,||||North Coast||Peru||Moche||
200892,European Sculpture and Decorative Arts,1550,||||||||||German
444497,Islamic Art,1649,||||||Iran||||
199110,European Sculpture and Decorative Arts,1849,||||||||||
307868,The Michael C. Rockefeller Wing,-500,||||||Peru||Paracas||
203607,European Sculpture and Decorative Arts,1770,||||||||||British
39559,Asian Art,749,||||||||China||
205476,European Sculpture and Decorative Arts,1785,||||||||||Danish
46919,Asian Art,1711,||||||||China||
444508,Islamic Art,1649,||||||Iran||||
770927,European Sculpture and Decorative Arts,1891,||||||||||British
318603,The Michael C. Rockefeller Wing,300,||||||Peru||Moche||
308464,The Michael C. Rockefeller Wing,-50,||||||Peru||Topará||
47290,Asian Art,1849,||||||||China||
770959,European Sculpture and Decorative Arts,1875,||||||||||British
206073,European Sculpture and Decorative Arts,1755,||||||||||British
471754,The Cloisters,1474,Manises||Valencia||||Spain||Spanish||
308301,The Michael C. Rockefeller Wing,-450,||||||Peru||Paracas||
308510,The Michael C. Rockefeller Wing,350,||||||Peru||Moche||
444478,Islamic Art,1725,||||||Iran||||
52932,Asian Art,1692,||||||||China||
314954,The Michael C. Rockefeller Wing,1467,||||||Peru||Inca||
39529,Asian Art,1564,||||||||China||
465874,Medieval Art,1300,||||||||French||
446946,Islamic Art,1699,||||||Iran||||
447464,Islamic Art,1100,Fustat||||||Egypt||||
471752,The Cloisters,1474,Manises||Valencia||||Spain||Spanish||
52921,Asian Art,1692,||||||||China||
477278,Medieval Art,499,||Kharga Oasis||||Byzantine Egypt||Coptic||
308570,The Michael C. Rockefeller Wing,300,||||South Coast||Peru||Nasca||
309496,The Michael C. Rockefeller Wing,450,||||||Peru||Moche||
42204,Asian Art,1700,||||||||China||
42265,Asian Art,1116,||||||||Korea||
44747,Asian Art,1513,||||||||China||
449708,Islamic Art,849,Nishapur||||||Iran||||
201054,European Sculpture and Decorative Arts,1770,||||||||||
48660,Asian Art,1692,||||||||China||
200911,European Sculpture and Decorative Arts,1775,||||||||||German
310673,The Michael C. Rockefeller Wing,50,||Colima||Mesoamerica||Mexico||Colima||
310654,The Michael C. Rockefeller Wing,-1000,||||North Coast||Peru||Cupisnique||
46565,Asian Art,1695,||||||||China||
207847,European Sculpture and Decorative Arts,1849,||||||||||
48432,Asian Art,7,||||||||China||
49425,Asian Art,1783,||||||||Japan||
308487,The Michael C. Rockefeller Wing,-400,||||Ica Valley||Peru||Paracas||
37475,Asian Art,1435,||||||||Thailand (Si Satchanalai)||
207779,European Sculpture and Decorative Arts,1880,||||||||||
50563,Asian Art,-366,||||||||China||
51213,Asian Art,1575,||||||||China||
199765,European Sculpture and Decorative Arts,1807,||||||||||
452082,Islamic Art,1224,probably Rayy||||||Iran||||
37455,Asian Art,1350,||||||||Thailand||
52984,Asian Art,1506,||||||||China||
317831,The Michael C. Rockefeller Wing,750,||||||Peru||Wari||
456054,Islamic Art,1049,Raqqa||||||Syria||||
201299,European Sculpture and Decorative Arts,1792,||||||||||
463085,Medieval Art,1449,probably Manises||Valencia||||Spain||Spanish||
460652,Robert Lehman Collection,710,||||||||Chinese||
47347,Asian Art,1783,||||||||China||
187794,European Sculpture and Decorative Arts,1600,||||||||||
52506,Asian Art,1870,||||||||Japan||
308549,The Michael C. Rockefeller Wing,450,||||||Peru||Moche||
192034,European Sculpture and Decorative Arts,1825,||||||||||
199534,European Sculpture and Decorative Arts,1727,||||||||||
48338,Asian Art,1749,||||||||China||
46869,Asian Art,1783,||||||||China||
192014,European Sculpture and Decorative Arts,1849,||||||||||
200894,European Sculpture and Decorative Arts,1655,||||||||||German
51049,Asian Art,1119,||||||||China||
449403,Islamic Art,900,Nishapur||||||Iran||||
468400,Medieval Art,1350,||||||||British||
444516,Islamic Art,1625,||||||Iran||||
448700,Islamic Art,849,Ctesiphon||||||Iraq||||
204047,European Sculpture and Decorative Arts,1749,||||||||||
52383,Asian Art,1849,||||||||Japan||
62764,Asian Art,1700,||||||||Japan||
63069,Asian Art,1749,||||||||Japan||
446900,Islamic Art,1649,||||||Iran||||
50692,Asian Art,1765,||||||||China||
447137,Islamic Art,1199,||||||Iran||||
62587,Asian Art,1749,||||||||Japan||
45848,Asian Art,1751,||||||||China||
468524,The Cloisters,1449,probably Manises||Valencia||||Spain||Spanish||
200740,European Sculpture and Decorative Arts,1722,||||||||||German
47316,Asian Art,1810,||||||||China||
47725,Asian Art,1749,||||||||Japan||
670991,Asian Art,1591,||||||||Japan||
47942,Asian Art,1749,||||||||Japan||
49269,Asian Art,1349,||||||||Japan||
449426,Islamic Art,849,Nishapur||||||Iran||||
48777,Asian Art,1749,||||||||China||
449081,Islamic Art,1149,Nishapur||||||Iran||||
309438,The Michael C. Rockefeller Wing,500,||||||Peru||Moche||
478988,The Cloisters,1250,||||||||French||
50765,Asian Art,1729,||||||||China||
46934,Asian Art,1695,||||||||China||
47635,Asian Art,1749,||||||||Japan||
308707,The Michael C. Rockefeller Wing,-300,||||||Peru||Paracas||
205935,European Sculpture and Decorative Arts,1741,||||||||||German
310465,The Michael C. Rockefeller Wing,1250,||||||Peru||Lambayeque (Sicán)||
448985,Islamic Art,899,Qasr-i Abu Nasr||||||Iran||||
199732,European Sculpture and Decorative Arts,1495,||||||||||
48603,Asian Art,1692,||||||||China||
46818,Asian Art,1830,||||||||Japan||
206669,European Sculpture and Decorative Arts,1690,||||||||||
48631,Asian Art,1695,||||||||China||
198940,European Sculpture and Decorative Arts,1530,||||||||||Italian
309355,The Michael C. Rockefeller Wing,500,||||||Peru||Moche||
48307,Asian Art,1749,||||||||China||
449872,Islamic Art,899,Nishapur||||||Iran||||
50830,Asian Art,1549,||||||||China||
48596,Asian Art,1433,||||||||China||
47946,Asian Art,1849,||||||||China||
452084,Islamic Art,1649,||||||Iran||||
49533,Asian Art,-49,||||||||China||
770970,European Sculpture and Decorative Arts,1870,||||||||||British
52055,Asian Art,1692,||||||||China||
643549,The Cloisters,1250,||Surrey||||England||British||
309400,The Michael C. Rockefeller Wing,1250,||||||Peru||Chancay||
201756,European Sculpture and Decorative Arts,1540,||||||||||
51045,Asian Art,1334,||||||||China||
476252,Medieval Art,499,||Kharga Oasis||||Byzantine Egypt||Coptic||
52479,Asian Art,1800,||||||||Japan||
200730,European Sculpture and Decorative Arts,1727,||||||||||
200869,European Sculpture and Decorative Arts,1799,||||||||||French
48632,Asian Art,1849,||||||||China||
314698,The Michael C. Rockefeller Wing,200,||||||Peru||Vicús||
194961,European Sculpture and Decorative Arts,1884,||||||||||American and French
39528,Asian Art,1149,||||||||China||
196359,European Sculpture and Decorative Arts,1830,||||||||||
199132,European Sculpture and Decorative Arts,1716,||||||||||German
48773,Asian Art,1749,||||||||Japan||
37454,Asian Art,1350,||||||||Thailand||
50311,Asian Art,200,||||||||Japan||
447120,Islamic Art,1149,||||||Syria||||
318475,The Michael C. Rockefeller Wing,1350,||Veracruz||Mesoamerica||Mexico||Huastec||
460678,Robert Lehman Collection,1784,||||||||Chinese||
52662,Asian Art,1319,||||||||China||
63035,Asian Art,1780,||||||||Japan||
313286,The Michael C. Rockefeller Wing,150,||||Mesoamerica||Mexico||Teotihuacan||
47053,Asian Art,1849,||||||||Japan||Japanese
206385,European Sculpture and Decorative Arts,1864,||||||||||
475756,Medieval Art,499,||Kharga Oasis||||Byzantine Egypt||Coptic||
309359,The Michael C. Rockefeller Wing,400,||||||Peru||Moche||
208450,European Sculpture and Decorative Arts,1725,||||||||||
47380,Asian Art,1749,||||||||Japan||
308491,The Michael C. Rockefeller Wing,-250,||||Ica Valley||Peru||Paracas||
47915,Asian Art,1820,||||||||Japan||
47483,Asian Art,1760,||||||||Japan||Japanese
452683,Islamic Art,1649,||||||Iran||||
42311,Asian Art,1850,||||||||Korea||
312571,The Michael C. Rockefeller Wing,50,||Colima||Mesoamerica||Mexico||Colima||
201053,European Sculpture and Decorative Arts,1747,||||||||||
49859,Asian Art,1749,||||||||China||
51017,Asian Art,1729,||||||||China||
204396,European Sculpture and Decorative Arts,1849,||||||||||
310496,The Michael C. Rockefeller Wing,-650,||||North Coast||Peru||Cupisnique||
191778,European Sculpture and Decorative Arts,1470,||||||||||
42286,Asian Art,1175,||||||||Korea||
205335,European Sculpture and Decorative Arts,1752,||||||||||British
848434,European Sculpture and Decorative Arts,1700,||||||||||
52639,Asian Art,1323,||||||||China||
828493,Asian Art,1600,||||||||Japan||
62771,Asian Art,1680,||||||||Japan||
310209,The Michael C. Rockefeller Wing,-450,||||||Peru||Paracas||
47074,Asian Art,1824,||||||||Japan||Japanese
47495,Asian Art,1695,||||||||China||
62533,Asian Art,1749,||||||||Japan||
478433,Medieval Art,499,||Kharga Oasis||||Byzantine Egypt||Coptic||
204026,European Sculpture and Decorative Arts,1753,||||||||||British
316721,The Michael C. Rockefeller Wing,300,||||||Peru||Moche||
314636,The Michael C. Rockefeller Wing,1200,||||Mesoamerica||Mexico||Mexican||
42694,Asian Art,-2150,||||||||China||
313156,The Michael C. Rockefeller Wing,50,||Colima||Mesoamerica||Mexico||Colima||
449902,Islamic Art,949,Nishapur||||||Iran||||
42432,Asian Art,1099,||||||||China||
48129,Asian Art,1695,||||||||China||
204753,European Sculpture and Decorative Arts,1780,||||||||||
46887,Asian Art,1783,||||||||China||
449400,Islamic Art,849,Nishapur||||||Iran||||
204384,European Sculpture and Decorative Arts,1849,||||||||||
46562,Asian Art,1692,||||||||China||
47820,Asian Art,1749,||||||||Japan||
308455,The Michael C. Rockefeller Wing,-50,||||Ica Valley||Peru||Paracas||
49273,Asian Art,1500,||||||||Japan||
447146,Islamic Art,1249,Kashan||||||Iran||||
197993,European Sculpture and Decorative Arts,1762,||||||||||
47196,Asian Art,1749,||||||||Japan||
449070,Islamic Art,812,Nishapur||||||Iran||||
453047,Islamic Art,1149,||||||probably Egypt||||
449743,Islamic Art,849,Nishapur||||||Iran||||
47633,Asian Art,1729,||||||||China||
308477,The Michael C. Rockefeller Wing,-101,||||Ica Valley||Peru||Paracas||
447229,Islamic Art,1749,||||||Iran||||
47065,Asian Art,1749,||||||||Japan||
48331,Asian Art,1749,||||||||China||
675862,European Sculpture and Decorative Arts,1612,||||||||||
46956,Asian Art,1692,||||||||China||
42229,Asian Art,1717,||||||||China||
47939,Asian Art,1500,||||||||Japan||
188998,European Sculpture and Decorative Arts,1737,||||||||||French
308409,The Michael C. Rockefeller Wing,650,||||||Peru||Moche||
771028,European Sculpture and Decorative Arts,1872,||||||||||British
308439,The Michael C. Rockefeller Wing,-500,||||||Peru||Paracas||
49364,Asian Art,1783,||||||||China||
194383,European Sculpture and Decorative Arts,1788,||||||||||French
42249,Asian Art,1750,||||||||China||
200670,European Sculpture and Decorative Arts,1770,||||||||||
45833,Asian Art,7,||||||||China||
42202,Asian Art,1700,||||||||China||
199582,European Sculpture and Decorative Arts,1712,||||||||||German
47506,Asian Art,1749,||||||||Japan||
310192,The Michael C. Rockefeller Wing,550,||||||Peru||Moche||
48742,Asian Art,1849,||||||||China||
308643,The Michael C. Rockefeller Wing,-300,||||||Peru||Paracas||
199579,European Sculpture and Decorative Arts,1750,||||||||||
51080,Asian Art,762,||||||||China||
47056,Asian Art,1749,||||||||Japan||
204378,European Sculpture and Decorative Arts,1849,||||||||||
51359,Asian Art,1149,||||||||Korea||
202193,European Sculpture and Decorative Arts,1758,||||||||||French
452615,Islamic Art,1200,Rayy||||||Iran||||
50883,Asian Art,1749,||||||||China||
48663,Asian Art,1692,||||||||China||
442873,Islamic Art,1699,||||||Iran||||
487474,Modern and Contemporary Art,1897,||||||||||French
312486,The Michael C. Rockefeller Wing,350,||||||Peru||Nasca||
310195,The Michael C. Rockefeller Wing,450,||||||Peru||Moche||
309367,The Michael C. Rockefeller Wing,400,||||||Peru||Moche||
46589,Asian Art,1781,||||||||China||
199745,European Sculpture and Decorative Arts,1507,||||||||||
46637,Asian Art,1824,||||||||Japan||
200875,European Sculpture and Decorative Arts,1695,||||||||||French
460180,Robert Lehman Collection,1525,"||||||||Italian, Castelli||"
318618,The Michael C. Rockefeller Wing,1500,||||||Peru||Peruvian||
309370,The Michael C. Rockefeller Wing,500,||||||Peru||Moche||
52780,Asian Art,1600,||||||||China||
42226,Asian Art,1749,||||||||China||
47845,Asian Art,1649,||||||||Japan||
195766,European Sculpture and Decorative Arts,1527,||||||||||
46711,Asian Art,1849,||||||||China||
308703,The Michael C. Rockefeller Wing,-550,||||Ica Valley||Peru||Paracas||
42310,Asian Art,1824,||||||||Korea||
44733,Asian Art,290,||||||||China||
39531,Asian Art,1349,||||||||China||
42336,Asian Art,1650,||||||||China||
475753,Medieval Art,499,||Kharga Oasis||||Byzantine Egypt||Coptic||
39500,Asian Art,499,||||||||Korea||
477279,Medieval Art,499,||Kharga Oasis||||Byzantine Egypt||Coptic||
62614,Asian Art,1849,||||||||Japan||
42282,Asian Art,1183,||||||||Korea||
195302,European Sculpture and Decorative Arts,1779,||||||||||French
446898,Islamic Art,1187,||||||Iran||||
62626,Asian Art,1849,||||||||Japan||
47788,Asian Art,1749,||||||||Japan||
9180,European Sculpture and Decorative Arts,1828,||||||||||
46548,Asian Art,1692,||||||||China||
50357,Asian Art,1333,||||||||Korea||
42447,Asian Art,1199,||||||||China||
239504,European Sculpture and Decorative Arts,1905,||||||||||British
315688,The Michael C. Rockefeller Wing,1250,||||||Peru||Chimú||
308640,The Michael C. Rockefeller Wing,-300,||||||Peru||Paracas||
670987,Asian Art,1733,||||||||Japan||
52960,Asian Art,1729,||||||||China||
48855,Asian Art,1808,||||||||China||
47897,Asian Art,1650,||||||||China||
201752,European Sculpture and Decorative Arts,1700,||||||||||
46978,Asian Art,1749,||||||||China||
460145,Robert Lehman Collection,1480,"||||||||Italian, probably Faenza||"
52214,Asian Art,1849,||||||||Japan||
199238,European Sculpture and Decorative Arts,1750,||||||||||German
47638,Asian Art,1692,||||||||China||
310481,The Michael C. Rockefeller Wing,-450,||||||Peru||Paracas||
42549,Asian Art,1550,||||||||China||
318604,The Michael C. Rockefeller Wing,450,||||||Peru||Moche||
47822,Asian Art,1849,||||||||Japan||
47944,Asian Art,1816,||||||||Japan||
313307,The Michael C. Rockefeller Wing,300,||||||Peru||Moche||
309332,The Michael C. Rockefeller Wing,550,||||||Peru||Moche||
48627,Asian Art,1695,||||||||China||
45895,Asian Art,1692,||||||||China||
194380,European Sculpture and Decorative Arts,1774,||||||||||
52044,Asian Art,1692,||||||||China||
47970,Asian Art,1849,||||||||Japan||Japanese
460271,Robert Lehman Collection,1650,||||||||Italian||
57355,Asian Art,1249,||||||||Korea||
45872,Asian Art,1849,||||||||China||
37443,Asian Art,1049,||||||||Thailand||
203282,European Sculpture and Decorative Arts,1747,||||||||||
50230,Asian Art,1099,||||||||China||
37543,Asian Art,1383,||||||||Thailand||
46679,Asian Art,1749,||||||||China||
190547,European Sculpture and Decorative Arts,1749,||||||||||
52610,Asian Art,1506,||||||||China||
771067,European Sculpture and Decorative Arts,1868,||||||||||British
62762,Asian Art,1680,||||||||Japan||
47929,Asian Art,1850,||||||||Japan||
47305,Asian Art,1808,||||||||China||
456219,Islamic Art,1649,||||||Iran||||
48758,Asian Art,1695,||||||||China||
450941,Islamic Art,1149,Raqqa||||||Syria||||
37496,Asian Art,1399,||||||||Thailand (Si Satchanalai)||
708056,European Sculpture and Decorative Arts,1725,||||||||||German
63047,Asian Art,1850,||||||||Japan||
308448,The Michael C. Rockefeller Wing,-500,||||||Peru||Paracas||
194644,European Sculpture and Decorative Arts,1760,||||||||||
308348,The Michael C. Rockefeller Wing,350,||||Ica Valley||Peru||Nasca (?)||
771061,European Sculpture and Decorative Arts,1886,||||||||||British
47336,Asian Art,1835,||||||||China||
50735,Asian Art,1692,||||||||China||
308533,The Michael C. Rockefeller Wing,400,||||||Peru||Moche||
47679,Asian Art,1749,||||||||Japan||
770946,European Sculpture and Decorative Arts,1870,"||||||||||British, Scottish"
48286,Asian Art,1781,||||||||China||
201758,European Sculpture and Decorative Arts,1584,||||||||||
313320,The Michael C. Rockefeller Wing,-200,||||||Peru||Nasca||
188533,European Sculpture and Decorative Arts,1594,||||||||||
449509,Islamic Art,1149,Raqqa||||||Syria||||
188563,European Sculpture and Decorative Arts,1792,||||||||||Spanish
204844,European Sculpture and Decorative Arts,1749,||||||||||
47659,Asian Art,1711,||||||||China||
310509,The Michael C. Rockefeller Wing,150,South Coast||||||Peru||Nasca||
74243,Asian Art,1849,||||||||Korea||
47382,Asian Art,1649,||||||||Japan||
202192,European Sculpture and Decorative Arts,1757,||||||||||French
451349,Islamic Art,1282,||||||Iran||||
204390,European Sculpture and Decorative Arts,1849,||||||||||
51218,Asian Art,1849,||||||||China||
308405,The Michael C. Rockefeller Wing,500,||||||Peru||Moche||
449506,Islamic Art,837,Nishapur||||||Iran||||
48017,Asian Art,1749,||||||||Japan||
51168,Asian Art,1808,||||||||China||
450940,Islamic Art,1199,Raqqa||||||Syria||||
46725,Asian Art,1572,||||||||China||
62549,Asian Art,1749,||||||||Japan||
49222,Asian Art,1485,||||||||China||
50043,Asian Art,1900,||||||||China||
51142,Asian Art,1849,||||||||China||
208152,European Sculpture and Decorative Arts,1822,||||||||||German
47677,Asian Art,1700,||||||||Japan||
190649,European Sculpture and Decorative Arts,1892,||||||||||
315052,The Michael C. Rockefeller Wing,825,||||||Peru||Wari||
47167,Asian Art,1730,||||||||Japan||
239499,European Sculpture and Decorative Arts,1880,||||||||||French
46695,Asian Art,1908,||||||||China||
52390,Asian Art,1616,||||||||China||
46212,Asian Art,1849,||||||||China||
445230,Islamic Art,1199,Raqqa||||||Syria||||
447290,Islamic Art,1099,||||||Syria||||
450932,Islamic Art,1212,Raqqa||||||Syria||||
200917,European Sculpture and Decorative Arts,1727,||||||||||German
40082,Asian Art,-2200,||||||||China||
42331,Asian Art,-300,||||||||China||
448695,Islamic Art,849,||||||Iraq||||
37482,Asian Art,1435,||||||||Thailand (Si Satchanalai)||
314692,The Michael C. Rockefeller Wing,100,||||||Peru||Salinar (?)||
188536,European Sculpture and Decorative Arts,1551,||||||||||
309133,The Michael C. Rockefeller Wing,350,||||||Peru||Nasca||
308528,The Michael C. Rockefeller Wing,650,||||North Coast||Peru||Moche||
45856,Asian Art,7,||||||||China||
48689,Asian Art,1483,||||||||China||
62642,Asian Art,1749,||||||||Japan||Japanese
307871,The Michael C. Rockefeller Wing,650,||||||Peru||Moche||
49280,Asian Art,1616,||||||||Japan||
309757,The Michael C. Rockefeller Wing,350,||||||Peru||Nasca||
449608,Islamic Art,1049,Nishapur||||||Iran||||
48357,Asian Art,1849,||||||||China||
46628,Asian Art,1849,||||||||China||
308590,The Michael C. Rockefeller Wing,-350,||||Ica Valley||Peru||Paracas||
39666,Asian Art,1416,||||||||China||
50846,Asian Art,1596,||||||||China||
450942,Islamic Art,1149,Raqqa||||||Syria||||
187858,European Sculpture and Decorative Arts,1785,||||||||||German
50739,Asian Art,1765,||||||||China||
54084,Asian Art,1125,||||||||Japan||
770932,European Sculpture and Decorative Arts,1890,||||||||||British
449335,Islamic Art,812,Nishapur||||||Iran||||
670804,European Sculpture and Decorative Arts,1867,"||||||||||British, Scottish"
449640,Islamic Art,899,Nishapur||||||Iran||||
191636,European Sculpture and Decorative Arts,1732,||||||||||German
770914,European Sculpture and Decorative Arts,1875,||||||||||British
308715,The Michael C. Rockefeller Wing,-300,||||||Peru||Paracas||
48751,Asian Art,1749,||||||||China||
205973,European Sculpture and Decorative Arts,1849,||||||||||
468381,Medieval Art,1300,Paris or its vicinity||||||France||French||
194298,European Sculpture and Decorative Arts,1545,||||||||||French
46710,Asian Art,1749,||||||||China||
53901,Asian Art,1692,||||||||China||
463530,Medieval Art,1425,Siena||||||Italy||Italian||
318466,The Michael C. Rockefeller Wing,249,||Nayarit||Mesoamerica||Mexico||Nayarit (Chinesco)||
56164,Asian Art,1607,||||||||Japan||
446908,Islamic Art,1199,||||||Iran||||
478721,Medieval Art,499,||Kharga Oasis||||Byzantine Egypt||Coptic||
198321,European Sculpture and Decorative Arts,1730,||||||||||German
48634,Asian Art,1549,||||||||China||
52397,Asian Art,1750,||||||||Japan||
453577,Islamic Art,849,||||||Iraq||||
48173,Asian Art,1783,||||||||China||
52908,Asian Art,1765,||||||||China||
449436,Islamic Art,937,Nishapur||||||Iran||||
48318,Asian Art,599,||||||||China||
52061,Asian Art,1692,||||||||China||
452735,Islamic Art,1149,||||||Iran||||
570767,Egyptian Art,-2650,||||||||||
546649,Egyptian Art,-1766,||||Memphite Region||Egypt||||
573266,Egyptian Art,-2925,||||Fayum Entrance Area||Egypt||||
573268,Egyptian Art,-2925,||||Fayum Entrance Area||Egypt||||
551832,Egyptian Art,-3100,||||Northern Upper Egypt||Egypt||||
547398,Egyptian Art,-2650,||||||||||
547400,Egyptian Art,-2650,||||||||||
547399,Egyptian Art,-2650,||||||||||
545779,Egyptian Art,-2805,||||Northern Upper Egypt||Egypt||||
547443,Egyptian Art,-3100,||||Fayum Entrance Area||Egypt||||
544696,Egyptian Art,-1353,||||Middle Egypt||||||
545798,Egyptian Art,-2649,||||||Egypt||||
573264,Egyptian Art,-2925,||||Fayum Entrance Area||Egypt||||
551833,Egyptian Art,-2650,||||Northern Upper Egypt||Egypt||||
545780,Egyptian Art,-3100,||||Northern Upper Egypt||Egypt||||
545781,Egyptian Art,-2875,||||Northern Upper Egypt||Egypt||||
573267,Egyptian Art,-2925,||||Fayum Entrance Area||Egypt||||
547756,Egyptian Art,-2875,||||Northern Upper Egypt||Egypt||||
547445,Egyptian Art,-2925,||||Fayum Entrance Area||Egypt||||
570769,Egyptian Art,-2650,||||||||||
570768,Egyptian Art,-2650,||||||||||
547401,Egyptian Art,-3100,||||Fayum Entrance Area||Egypt||||
547444,Egyptian Art,-3100,||||Fayum Entrance Area||Egypt||||
554690,Egyptian Art,-1423,||||||Egypt||||
549136,Egyptian Art,-1476,"||||Upper Egypt, Thebes||Egypt||||"
545778,Egyptian Art,-3100,||||Northern Upper Egypt||Egypt||||
573269,Egyptian Art,-2925,||||Fayum Entrance Area||Egypt||||
250804,Greek and Roman Art,-350,"||||||||Greek, Attic||"
245548,Greek and Roman Art,-146,"||||||||Greek, Egypt, Alexandria-Hadra||"
254629,Greek and Roman Art,-310,"||||||||Greek, South Italian, Apulian||"
244857,Greek and Roman Art,-563,"||||||||Greek, Corinthian||"
240403,Greek and Roman Art,-1750,||||||||Cypriot||
240048,Greek and Roman Art,-675,||||||||Cypriot||
254881,Greek and Roman Art,-510,"||||||||Greek, Attic||"
255627,Greek and Roman Art,-555,"||||||||Greek, Attic||"
253052,Greek and Roman Art,-430,"||||||||Greek, Attic||"
240086,Greek and Roman Art,-800,||||||||Cypriot||
250077,Greek and Roman Art,-170,||||||||Roman||
245612,Greek and Roman Art,-338,"||||||||Greek, South Italian, Campanian||"
240030,Greek and Roman Art,-675,||||||||Cypriot||
240335,Greek and Roman Art,-1245,||||||||Mycenaean||
254633,Greek and Roman Art,-525,||||||||Etruscan||
248182,Greek and Roman Art,-430,"||||||||Greek, Attic||"
254346,Greek and Roman Art,-488,"||||||||Greek, Attic||"
247383,Greek and Roman Art,-313,"||||||||Greek, South Italian, Apulian||"
255156,Greek and Roman Art,-387,"||||||||Greek, Attic||"
245598,Greek and Roman Art,-375,||||||||Faliscan||
250747,Greek and Roman Art,-338,||||||||Etruscan||
251401,Greek and Roman Art,-460,"||||||||Greek, Attic||"
248705,Greek and Roman Art,-315,"||||||||Greek, South Italian, Campanian||"
254923,Greek and Roman Art,-350,"||||||||Greek, South Italian, Apulian||"
247949,Greek and Roman Art,-485,"||||||||Greek, Attic||"
247256,Greek and Roman Art,-475,"||||||||Greek, Attic||"
240129,Greek and Roman Art,-675,||||||||Cypriot||
250239,Greek and Roman Art,-170,||||||||Roman||
246223,Greek and Roman Art,-576,||||||||Etruscan||
241273,Greek and Roman Art,-250,||||||||Cypriot||
240128,Greek and Roman Art,-41,"||||||||Greek, probably Cypriot||"
246560,Greek and Roman Art,-3515,"||||||||Greek, South Italian, Apulian||"
240667,Greek and Roman Art,-1750,||||||||Cypriot||
247192,Greek and Roman Art,-580,"||||||||Greek, Corinthian||"
240351,Greek and Roman Art,-1250,||||||||Mycenaean||
240117,Greek and Roman Art,-675,||||||||Cypriot||
247584,Greek and Roman Art,-450,"||||||||Greek, Attic||"
254957,Greek and Roman Art,-413,"||||||||Greek, Attic||"
254247,Greek and Roman Art,-480,"||||||||Greek, Attic||"
248709,Greek and Roman Art,-200,"||||||||Greek, South Italian, Apulian, Canosan||"
255316,Greek and Roman Art,-313,"||||||||Greek, South Italian, Apulian||"
240486,Greek and Roman Art,-1125,||||||||Cypriot||
247635,Greek and Roman Art,-2500,||||||||Minoan||
240539,Greek and Roman Art,-975,||||||||Cypriot||
247250,Greek and Roman Art,-488,"||||||||Greek, Attic||"
239963,Greek and Roman Art,-450,||||||||Cypriot||
254186,Greek and Roman Art,-460,"||||||||Greek, Attic||"
240161,Greek and Roman Art,-355,||||||||Cypriot||
240256,Greek and Roman Art,-1088,||||||||Cypriot||
247235,Greek and Roman Art,-487,"||||||||Greek, Attic||"
251134,Greek and Roman Art,-387,"||||||||Greek, Attic||"
247188,Greek and Roman Art,-605,"||||||||Greek, Corinthian||"
240763,Greek and Roman Art,-2600,||||||||Cypriot||
247093,Greek and Roman Art,-285,||||||||Etruscan||
254329,Greek and Roman Art,-605,"||||||||Greek, Corinthian||"
240489,Greek and Roman Art,-540,||||||||Cypriot||
240668,Greek and Roman Art,-1000,||||||||Cypriot||
244838,Greek and Roman Art,-563,||||||||Etruscan||
256912,Greek and Roman Art,-525,||||||||Greek||
240634,Greek and Roman Art,-1763,||||||||Cypriot||
244828,Greek and Roman Art,-450,"||||||||Greek, Attic||"
246241,Greek and Roman Art,-513,||||||||Etruscan||
247308,Greek and Roman Art,-455,"||||||||Greek, Attic||"
247324,Greek and Roman Art,-500,"||||||||Greek, Attic||"
248732,Greek and Roman Art,-455,"||||||||Greek, Attic||"
246979,Greek and Roman Art,-325,"||||||||Greek, South Italian, Apulian||"
240484,Greek and Roman Art,-800,||||||||Cypriot||
240478,Greek and Roman Art,-800,||||||||Cypriot||
910531,Greek and Roman Art,-13,||||||||Mycenaean||
244729,Greek and Roman Art,-1325,||||||||Mycenaean||
325500,Ancient West Asian Art,-2475,||||Mesopotamia||||||
891616,Ancient West Asian Art,1855,||||||||British||
328898,Ancient West Asian Art,-1900,||||Anatolia||||Old Assyrian Trading Colony||
328900,Ancient West Asian Art,-1900,||||Anatolia||||Old Assyrian Trading Colony||
322435,Ancient West Asian Art,449,||||Iran||||Sasanian||
310603,The Michael C. Rockefeller Wing,1100,||Veracruz||Mesoamerica||Mexico||Huastec||
315684,The Michael C. Rockefeller Wing,1250,||||||Peru||Chancay||
308539,The Michael C. Rockefeller Wing,250,||||||Peru||Moche||
309302,The Michael C. Rockefeller Wing,350,||||||Peru||Moche||
316176,The Michael C. Rockefeller Wing,300,||||South Coast||Peru||Nasca||
310387,The Michael C. Rockefeller Wing,1750,||||||Mali||Dogon peoples||
315038,The Michael C. Rockefeller Wing,1350,||||||Mali||Middle Niger civilization||
312160,The Michael C. Rockefeller Wing,50,||Colima||||Mexico||Colima||
309861,The Michael C. Rockefeller Wing,1360,||||Tehuacan Valley||Mexico||Eastern Nahua||
319800,The Michael C. Rockefeller Wing,500,||||South Coast||Peru||Nasca||
315682,The Michael C. Rockefeller Wing,400,||||||Peru||Moche||
312582,The Michael C. Rockefeller Wing,1475,||||Mesoamerica||Mexico||Mexica (Aztec)||
310361,The Michael C. Rockefeller Wing,50,||Colima||Mesoamerica||Mexico||Colima||
316764,The Michael C. Rockefeller Wing,1350,||||West Mexico||Mexico||Colima||
314165,The Michael C. Rockefeller Wing,-750,||||||Ecuador||Chorrera||
313362,The Michael C. Rockefeller Wing,350,||Chihuahua||Mesoamerica||Mexico||Casas Grandes||
318730,The Michael C. Rockefeller Wing,1250,||||||Mali||Dogon or Tellem  peoples (?)||
314362,The Michael C. Rockefeller Wing,1250,||||||Mali||Middle Niger civilization||
833901,The Michael C. Rockefeller Wing,1199,||New Mexico||||United States||Ancestral Puebloan (Cibola)||
319003,The Michael C. Rockefeller Wing,0,||Nayarit||Mesoamerica||Mexico||Nayarit||
317619,The Michael C. Rockefeller Wing,800,||Veracruz||Mesoamerica||Mexico||Veracruz||
318345,The Michael C. Rockefeller Wing,350,||||||Guatemala||Maya||
310369,The Michael C. Rockefeller Wing,1650,Fomena (?)||||Adanse traditional area||Ghana||Akan||
315683,The Michael C. Rockefeller Wing,1250,||||||Peru||Chancay||
310594,The Michael C. Rockefeller Wing,450,||Ancash||||Peru||Recuay||
319065,The Michael C. Rockefeller Wing,75,||Colima||Mesoamerica||Mexico||Colima||
318991,The Michael C. Rockefeller Wing,250,||||West Mexico||Mexico||Nayarit||
314859,The Michael C. Rockefeller Wing,1300,||||||Mali||Middle Niger civilization||
316710,The Michael C. Rockefeller Wing,1450,||||Mesoamerica||Mexico||Nayarit||
315062,The Michael C. Rockefeller Wing,-600,||||||Ecuador||Chorrera||
310563,The Michael C. Rockefeller Wing,150,||||South Coast||Peru||Nasca||
318997,The Michael C. Rockefeller Wing,75,||Colima||West Mexico||Mexico||Colima||
312814,The Michael C. Rockefeller Wing,550,||Chihuahua||Mesoamerica||Mexico||Casas Grandes||
310384,The Michael C. Rockefeller Wing,1350,Bandiagara Escarpment||||||Mali||Tellem peoples||
313361,The Michael C. Rockefeller Wing,350,||Chihuahua||Mesoamerica||Mexico||Casas Grandes||
309304,The Michael C. Rockefeller Wing,500,||||||Peru||Moche||
313289,The Michael C. Rockefeller Wing,1467,||||||Peru||Inca||
310543,The Michael C. Rockefeller Wing,200,||||South Coast||Peru||Nasca||
318628,The Michael C. Rockefeller Wing,750,||||Mesoamerica||Guatemala or Mexico||Maya||
318989,The Michael C. Rockefeller Wing,0,||Nayarit||Mesoamerica||Mexico||Nayarit||
318992,The Michael C. Rockefeller Wing,250,||||West Mexico||Mexico||Nayarit||
319004,The Michael C. Rockefeller Wing,0,||Nayarit||Mesoamerica||Mexico||Nayarit||
313314,The Michael C. Rockefeller Wing,50,||Colima||Mesoamerica||Mexico||Colima||
312770,The Michael C. Rockefeller Wing,800,||Veracruz||Mesoamerica||Mexico||Veracruz||
310368,The Michael C. Rockefeller Wing,1650,Fomena (?)||||Adanse traditional area||Ghana||Akan||
449724,Islamic Art,899,Nishapur||||||Iran||||
446195,Islamic Art,1249,Kashan||||||Iran||||
453306,Islamic Art,949,Nishapur or Samarqand||||||Iran or present-day Uzbekistan||||
449924,Islamic Art,899,Nishapur||||||Iran||||
449873,Islamic Art,899,Nishapur||||||Iran||||
449884,Islamic Art,899,Nishapur||||||Iran||||
449879,Islamic Art,949,Nishapur||||||Iran||||
255648,Greek and Roman Art,-350,"||||||||Greek, South Italian, Apulian||"
247352,Greek and Roman Art,-440,"||||||||Greek, Attic||"
254427,Greek and Roman Art,-488,"||||||||Greek, Attic||"
240785,Greek and Roman Art,-2200,||||||||Cypriot||
250076,Greek and Roman Art,-170,||||||||Roman||
247282,Greek and Roman Art,-440,"||||||||Greek, Attic||"
245571,Greek and Roman Art,-250,"||||||||Greek, Egypt, Alexandria-Hadra||"
251271,Greek and Roman Art,-450,"||||||||Greek, Attic||"
251100,Greek and Roman Art,-525,"||||||||Greek, Attic||"
255062,Greek and Roman Art,-700,"||||||||Greek, Attic||"
253050,Greek and Roman Art,-550,||||||||East Greek||
255580,Greek and Roman Art,-225,||||||||Greek||
241816,Greek and Roman Art,-200,||||||||Cypriot||
240221,Greek and Roman Art,-500,||||||||Cypriot||
254198,Greek and Roman Art,-575,"||||||||Etruscan, Etrusco-Corinthian||"
254183,Greek and Roman Art,-465,"||||||||Greek, Attic||"
256203,Greek and Roman Art,-1725,||||||||Helladic||
240394,Greek and Roman Art,-1125,||||||||Cypriot||
250229,Greek and Roman Art,150,||||||||Roman||
247348,Greek and Roman Art,-415,"||||||||Greek, Attic||"
255333,Greek and Roman Art,-313,"||||||||Greek, South Italian, Apulian, Canosan||"
246636,Greek and Roman Art,-400,||||||||Etruscan||
255461,Greek and Roman Art,-325,"||||||||Greek, South Italian, Apulian||"
253196,Greek and Roman Art,-713,"||||||||Greek, Attic||"
254268,Greek and Roman Art,-487,"||||||||Greek, Attic||"
240442,Greek and Roman Art,-800,||||||||Cypriot||
246205,Greek and Roman Art,-550,||||||||Etruscan||
240893,Greek and Roman Art,-2125,||||||||Cypriot||
256549,Greek and Roman Art,-2100,||||||||Cycladic||
250572,Greek and Roman Art,-350,||||||||East Greek||
252901,Greek and Roman Art,-1295,||||||||Mycenaean||
240815,Greek and Roman Art,-1663,||||||||Cypriot||
255097,Greek and Roman Art,-550,"||||||||Greek, Attic||"
240529,Greek and Roman Art,-2288,||||||||Cypriot||
244759,Greek and Roman Art,-538,"||||||||Greek, Corinthian||"
240022,Greek and Roman Art,-1000,||||||||Cypriot||
256602,Greek and Roman Art,-338,"||||||||Greek, South Italian, Campanian||"
248300,Greek and Roman Art,-487,"||||||||Greek, Attic||"
240140,Greek and Roman Art,-675,||||||||Cypriot||
251022,Greek and Roman Art,-510,"||||||||Greek, Attic||"
244860,Greek and Roman Art,-338,"||||||||Greek, South Italian, Apulian||"
255193,Greek and Roman Art,-490,"||||||||Greek, Attic||"
240015,Greek and Roman Art,-1125,||||||||Cypriot||
246123,Greek and Roman Art,-350,"||||||||Greek, South Italian, Apulian||"
246116,Greek and Roman Art,-650,"||||||||Etruscan, Italo-Corinthian||"
240437,Greek and Roman Art,-415,||||||||Cypriot||
254246,Greek and Roman Art,-588,||||||||East Greek||
254396,Greek and Roman Art,-350,"||||||||Greek, South Italian, Apulian||"
254307,Greek and Roman Art,-400,"||||||||Greek, Attic||"
254559,Greek and Roman Art,-525,"||||||||Greek, Attic||"
240118,Greek and Roman Art,-675,||||||||Cypriot||
239990,Greek and Roman Art,-355,||||||||Cypriot||
252556,Greek and Roman Art,-558,"||||||||Etruscan, Etrusco-Corinthian||"
248515,Greek and Roman Art,-1488,||||||||Cycladic||
240926,Greek and Roman Art,-1750,||||||||Cypriot||
