objectID,title,use
2292,Covered bean pot,storage
2432,Covered Pitcher,pouring
2473,Covered slop jar,storage
2539,Tobacco Jar,storage
2635,Cream Pitcher,pouring
2636,Cream Pitcher,pouring
2646,Cream jug,pouring
2647,Creamer,pouring
2737,Creamer,pouring
3463,Apothecary Jar,storage
3469,Apothecary Jar,storage
3561,Ewer,pouring
3563,Ewer,pouring
3761,Flower Pot,other
4480,Chamber Pot,other
4508,Barrel,storage
4585,Jug,pouring
4895,Vase,vase
5397,Mustard Pot,storage
5667,Pitcher,pouring
5698,Pitcher,pouring
5713,Pitcher,pouring
5726,Pitcher,pouring
5732,Pitcher,pouring
5737,Pitcher,pouring
5762,Pitcher,pouring
5769,Pitcher,pouring
5783,Pitcher,pouring
5848,Pitcher,pouring
5850,Pitcher,pouring
5853,Pitcher,pouring
5860,Pitcher,pouring
7740,Spill Vase,vase
7742,Spill Vase,vase
8048,Syrup Jug,pouring
8681,Toddy Jug,wine_alcohol_water
9179,Urn,storage
9180,Urn,storage
9199,Flower Pot,other
9202,Vase,vase
9214,Vase,vase
9242,Vase,vase
9246,Vase,vase
9248,Vase,vase
9257,Vase,vase
9284,Vase,vase
9286,Vase,vase
9336,Vase,vase
9353,Vase,vase
9367,Vase,vase
9386,Vase,vase
9506,Vase,vase
9582,Covered Vase,storage
9584,Covered Vase,storage
9752,Water Bottle,wine_alcohol_water
13455,Ewer,pouring
14371,Pitcher,pouring
14828,Covered potpourri vase,storage
15595,Vase,vase
16298,Pitcher,pouring
16544,Vase,vase
17732,Vase,vase
18861,Pitcher,pouring
19001,Covered honey pot,storage
19071,Vase,vase
20076,Vase,vase
20637,Pitcher,pouring
20730,Pitcher,pouring
36446,Jar (Hu),storage
36452,Bottle with flattened side,flask_and_bottle
36454,Jar with Floral Design,storage
37398,Bottle,flask_and_bottle
37404,Vase with Incised and Impressed Designs,vase
37407,Stem Vase with Incised and Painted Design,vase
37425,Vessel with Flaring Foot,other
37431,Jar with Zoomorphic Handle and Spout,pouring
37432,Footed Urn,storage
37433,Footed Urn,storage
37434,Bottle,flask_and_bottle
37435,Bottle,flask_and_bottle
37436,Covered Lime Pot in the Form of a Rabbit,storage
37438,Vase with Cover,storage
37439,Covered Cylinderical Jar,storage
37442,Covered Jar,storage
37443,Anthropomorphic Bottle in Human Form,flask_and_bottle
37449,Footed Jar,storage
37450,Bottle with Waves and Auspicious Emblems,flask_and_bottle
37454,Bottle with Stopper,flask_and_bottle
37455,Bottle with Bulbous Neck,flask_and_bottle
37457,Bottle with Bulbous Neck,flask_and_bottle
37458,Bottle with Bulbous Neck,flask_and_bottle
37475,Covered Jar with Four Lugs,storage
37476,Covered Jar,storage
37477,Covered Jar,storage
37478,Covered Jar,storage
37479,Bulbous Jar with Narrow Neck,storage
37482,Covered Jar in the Form of a Bird,animal_shaped
37496,Covered Jar,storage
37510,Bottle with Three Lugs,flask_and_bottle
37524,Vessel with Lid,storage
37537,Jar,storage
37540,Jar with Cover,storage
37543,Bottle,flask_and_bottle
37555,Ewer,pouring
37557,Bottle with Birds and Peony Scroll,flask_and_bottle
37558,Ewer in the Form of a Phoenix,pouring
37563,Large Incised Jar,storage
37649,Pedestalled Vessel,other
37657,Jar,storage
38308,Covered Jar,storage
38546,Vase,vase
39484,Bottle with Peony and Rock,flask_and_bottle
39496,Bird-shaped vessel,animal_shaped
39500,Globular Jar,storage
39501,Globular Jar,storage
39505,Pedestal jar with handle and lid,storage
39506,Footed jar,storage
39510,Covered Urn,storage
39511,Covered urn with geometric decoration,storage
39512,Covered Jar,storage
39513,Covered urn with geometric decoration,storage
39520,Double-handled vessel,other
39521,Gourd-shaped bottle,flask_and_bottle
39524,Amphora,storage
39528,Jar with Handles,storage
39531,Bottle with abstract flowers and leaves,flask_and_bottle
39559,Vase,vase
39576,Water Jar,wine_alcohol_water
39589,Gourd-shaped ewer decorated with waterfowl and reeds,wine_alcohol_water
39590,Maebyeong (plum bottle) decorated with cranes and clouds,flask_and_bottle
39609,Ewer with Lotus Petal Collar,pouring
39631,Jar in the shape of bronze container (hu),storage
39666,Jar with dragon,storage
39885,Jar with grapevine decoration,storage
40074,Water Jar in the Shape of a Well Bucket,wine_alcohol_water
40082,Jar (Guan),storage
40083,Jug (Hu),pouring
40084,Vase with Buddhist figures,vase
40095,Jar,storage
40206,Small Jar (Guan),storage
40207,Small Jar (Guan),storage
40959,Wall Vase,vase
40960,Wall Vase,vase
41076,Snuff Bottle,flask_and_bottle
41749,Water Jar for the Tea Ceremony with Seven Sages of the Bamboo Grove Design,wine_alcohol_water
41753,Long-Necked Bottle with Design of Chinese Children Playing Outdoors,flask_and_bottle
42011,Bottle with cloud scrolls,flask_and_bottle
42190,Vase in Meiping Shape with Phoenix,vase
42191,Jar with Dragons and Floral Designs,storage
42192,Vase with dragon amid clouds,vase
42199,Vase with Mythical Creature Chasing Pearl,vase
42200,Vase with Butterflies,vase
42201,Vase with Scholars in Landscape,vase
42202,Bottle with Dragon Chasing Pearl,flask_and_bottle
42203,Vase with Flowers and Scholar’s Implements,vase
42204,Vase with Flowering Plants and Birds,vase
42205,Vase with Basket of Auspicious Flowers,vase
42206,Vase with Basket of Auspicious Flowers,vase
42207,Jar with Basket of Auspicious Flowers,storage
42208,Vase,vase
42209,Moon-Shaped Bottle,flask_and_bottle
42211,Vase,vase
42212,Gourd-Shaped Bottle,flask_and_bottle
42213,Vase,vase
42215,Vase in Shape of Archaic Bronze Vessel,vase
42216,Vase,vase
42217,Vase with Coiling Dragon,storage
42218,"Vase with design of ""Hundred Antiques""",vase
42220,Vase with flowers of the four seasons,vase
42221,Vase with flowers and birds of the four seasons,vase
42222,Vase with Rocks and Flowers,vase
42223,Vase with Plum Blossoms and Birds,vase
42224,Vase with alternating landscape and floral scenes,vase
42226,Vase in Meiping Shape,vase
42227,Water Jar,wine_alcohol_water
42228,Vase in Meiping Shape,vase
42229,Vase,vase
42232,Vase,vase
42237,Vase,vase
42238,Vase,vase
42240,Vase in Form of Archaic Bronze,vase
42241,Vase in Shape of Double Gourd,vase
42242,Vase in Meiping Shape,vase
42243,"Vase with Cranes, Clouds, and Waves",vase
42246,Vase,vase
42247,Water Jar with Swirling Clouds,wine_alcohol_water
42248,Vase in Meiping Shape,vase
42249,Vase,vase
42250,Vase with Flowers,vase
42251,Vase with Flowers,vase
42253,Jar with Rooster and Flowers,storage
42254,Jar with Landscape Scenes,storage
42255,Vase with romantic scenes,vase
42256,Vase with Scenes of Daily Life,vase
42257,Vase with Animals and Mythical Creatures,vase
42265,Bottle,flask_and_bottle
42267,Vase,vase
42268,Melon-shaped ewer with bamboo decoration,pouring
42272,Vase with flowers,vase
42278,Maebyeong with lotus decoration,other
42279,Vase with landscape scenes,vase
42282,Oil bottle decorated with peony leaves,flask_and_bottle
42285,Oil bottle decorated with peony leaves,flask_and_bottle
42290,Covered Ewer,pouring
42293,Oil bottle decorated with peonies and chrysanthemums,flask_and_bottle
42301,Maebyeong (plum bottle) decorated with cranes and clouds,flask_and_bottle
42305,Maebyeong decorated with lotus,other
42306,Maebyeong with chrysanthemum decoration,other
42307,Maebyeong,other
42308,Flask-shaped bottle decorated with peonies,flask_and_bottle
42309,Large jar decorated with peonies,storage
42310,Square bottle,flask_and_bottle
42311,Brush holder with lotus decoration,other
42312,Small Jar with Cover,storage
42313,Large jar decorated with peonies,storage
42317,Vase with Nine Peaches,vase
42324,Vase in the shape of an archaic bronze vessel (gu),vase
42326,Vase,vase
42331,Jar (Guan),storage
42333,Covered jar (Guan),storage
42336,Wine bottle with decoration of landscape and poem,wine_alcohol_water
42337,Vase with equestrian figure in landscape,vase
42338,Vase with Phoenix and Peonies,vase
42341,Vase with Magnolias,vase
42350,Chicken-Headed Ewer,pouring
42353,Bottle,flask_and_bottle
42354,Vase with landscape scenes,vase
42355,Vase,vase
42358,Vase,vase
42360,Vase,vase
42363,Vase,vase
42364,Vase with Dragon amid Clouds,vase
42366,Vase with Dragon,vase
42367,Covered Jar (Hu),storage
42368,Meiping vase with dragons amid waves,vase
42369,Jar,storage
42370,Ewer in Shape of Tibetan Monk’s Cap,pouring
42376,Phoenix headed amphora,storage
42377,Jar,storage
42378,Covered jar,storage
42389,Vase with King Wen Visiting the Scholar Jiang Taigong,vase
42391,Vase decorated with bird on flowering plum,vase
42393,Jar,storage
42394,"Jar decorated with rock, peonies, and birds",storage
42397,Vase decorated with peonies and chrysanthemums,vase
42400,Flask,flask_and_bottle
42403,Vase in Shape of Archaic Bronze Vessel with Flowers and Birds,vase
42406,Covered Ewer,pouring
42409,Vase with Women Enjoying Scholarly Pursuits,vase
42413,Water Jar,wine_alcohol_water
42414,Vase,vase
42415,Vase,vase
42416,Water jar with clouds,wine_alcohol_water
42417,Jar,storage
42421,Water Jar,wine_alcohol_water
42422,Water Jar,wine_alcohol_water
42424,Vase,vase
42425,Vase,vase
42426,Vase with Relief Decoration,vase
42427,Vase,vase
42428,Vase,vase
42432,Jar with Peony Scroll,storage
42434,Ewer with Parrots,pouring
42436,Jar,storage
42438,Funerary jar,ritual
42439,Vase with Peony  Scroll,vase
42440,Jar with Leaf Decoration,storage
42443,Jar,storage
42447,Vase with dragonfish handles,vase
42448,Jar,storage
42450,Bottle,flask_and_bottle
42464,Bottle,flask_and_bottle
42468,Jar,storage
42469,Jar with abstract floral design,storage
42474,Vase with Peony Scroll,vase
42476,Funerary jar with dragon,ritual
42477,Bottle with Lotus Scroll,flask_and_bottle
42479,Jar,storage
42486,Bottle with vegetal scrolls,flask_and_bottle
42490,Vase,vase
42491,Faceted vase with flowers,vase
42498,Monk’s cap ewer,pouring
42505,Flask with Medallion,flask_and_bottle
42506,Vase,vase
42510,Vase in Shape of Ancient Bronze Vessel,vase
42511,Jar with Scrolling Vine and Gourds,storage
42522,Jar with Dragon,storage
42537,Vase with dragons amid flowers,vase
42540,Jar,storage
42541,Jar,storage
42549,Jar with carp in lotus pond,storage
42550,Vase,vase
42551,Gourd-Shaped Bottle,flask_and_bottle
42694,"Jar with Painted Decoration of  ""Frog"" Pattern",storage
42740,Meiping Vase,vase
44332,Cocoon-Shaped Jar,storage
44349,Jar,storage
44419,Jar in Shape of Archaic Bronze Vessel (Hu),storage
44421,Pear-Shaped Jar (Hu),storage
44422,Jar with Spiral Decoration,storage
44423,Ovoid Jar (Hu),storage
44424,Ovoid Jar (Hu),storage
44426,Small Jar (Guan),storage
44427,Jar with Spiral Decoration and Cross Hatching,storage
44428,Jar with Two Loop Handles (Hu),storage
44429,Jar (Guan),storage
44431,Molded Flask,flask_and_bottle
44439,Wine Bottle,wine_alcohol_water
44441,Jar,storage
44447,Vase,vase
44448,Square Flask,flask_and_bottle
44450,Ceramic Jar with Ivory Lid,storage
44454,Covered Jar,storage
44465,Pitcher (Hu),pouring
44467,Covered Jar,storage
44528,Ewer with Floral and Striped Design,pouring
44637,Large Storage Jar (Ōtsubo),storage
44688,Pitcher (Hu),pouring
44689,Jar (Guan),storage
44690,Jar (Guan),storage
44721,Jar (Guan),storage
44722,Jar (Guan),storage
44724,Jar (Guan),storage
44725,Jar (Guan),storage
44726,Jar (Guan),storage
44727,Jar (Guan),storage
44728,Jar (Guan),storage
44729,Jar (Guan),storage
44730,Jar (Guan),storage
44733,Funerary Urn (Hunping),ritual
44737,Bottle decorated with peonies,flask_and_bottle
44738,Large wine jar,wine_alcohol_water
44739,Covered Jar in the Shape of a Star Fruit,storage
44740,Vase,vase
44741,Jar,storage
44742,Jar,storage
44743,Vase with horses in waves,vase
44747,Square Jar,storage
44749,Vase,vase
44752,Vase,vase
44755,Barrel-Shaped Jar,storage
44756,Leys Jar,storage
44793,Jar,storage
44817,Spouted Vessel,pouring
44830,Jar,storage
44862,Hanging Flower Holder (Hanaire) with Woman Holding a Flag,other
44907,Jar,storage
44953,Bottle with Tall Neck,flask_and_bottle
44973,Bell-Shaped Jar,storage
44974,Pedestal jar with two handles,storage
44977,Jar,storage
45205,Large Storage Jar (Ōtsubo),storage
45365,Storage Jar (Tsubo,storage
45432,Moon jar,storage
45482,Ninsei-style Sake Bottle with Floral Patterning,wine_alcohol_water
45484,"Sake Bottle (Tokkuri) with “Three Friends of Winter” (Pine, Bamboo, and Plum)",wine_alcohol_water
45527,Sake Bottle with Nanban (Southern Barbarian) Design,wine_alcohol_water
45529,Deep Vessel with Decorative Handles,other
45550,Jar,storage
45552,Water Jar with Chinese Scholars,wine_alcohol_water
45553,Freshwater Jar (Mizusashi) with the “Seven Sages of the Bamboo Grove”,wine_alcohol_water
45554,Water Jar with Design of the Seven Sages in the Bamboo Grove,wine_alcohol_water
45555,Water Jar (Mizusashi) with the Seven Sages of the Bamboo Grove,wine_alcohol_water
45556,Water Jar with Lin Hejing (Lin Bu) and His Pet Crane,wine_alcohol_water
45732,Wine Bottle with Three Friends of Winter,wine_alcohol_water
45828,Vase with cover,storage
45829,"Vase with pheasants, rocks, and flowers",vase
45830,Vase with birds and flowers,vase
45832,Gobular vase,vase
45833,Vase,vase
45834,Jar,storage
45837,Jar,storage
45838,Vase with cover,storage
45839,Vase with cover,storage
45844,Jar decorated with plum blossoms,storage
45845,Jar with floral sprays,storage
45847,Jar with animals and flowers,storage
45848,Covered jar with flowers,storage
45849,Jar with dragon-shaped handles,storage
45853,Vase with cover,storage
45856,Jar,storage
45857,Wine container (hu),wine_alcohol_water
45861,Vase with cover,storage
45862,Amphora with dragon-shaped handles,storage
45863,Covered jar with phoenix,storage
45864,Covered Jar,storage
45868,Jar,storage
45871,Vase with lid,storage
45872,Covered jar with birds and flowers,storage
45873,Jar with flowers,storage
45879,Water pot,wine_alcohol_water
45880,Vase,vase
45882,Jar,storage
45883,Vase with birds and flowers,vase
45886,Vase with scenes from Romance of the Three Kingdoms,vase
45889,Vase with birds and flowers,vase
45891,Vase with birds and flowers,vase
45893,Vase with immortals,vase
45894,Vase,vase
45895,Jar with Cover,storage
45896,Covered Jar,storage
45900,Vase with birds and flowers,vase
45904,Wine bottle,wine_alcohol_water
45907,Vase,vase
45908,Vase with dragon and phoenix,vase
45909,Vase with ladies and boys,vase
45912,Meiping vase with floral scrolls,vase
45913,Meiping vase,vase
45914,Water pot with three boys,wine_alcohol_water
45915,Vase,vase
45917,Vase,vase
45918,Jar with cover,storage
45919,Vase,vase
45923,Vase,vase
45929,Vase,vase
45930,Gourd-shaped vase,vase
45932,Vase,vase
45934,Hexagonal vase with lion-head handles,vase
45937,Vase with characters fortune (fu) and longevity (shou),vase
45938,Vase,vase
45939,Vase,vase
45959,Vase,vase
45962,Jar,storage
45964,Jar,storage
45965,Vase with entwined dragon,wine_alcohol_water
45967,Large Pear-Shaped Jar,storage
45970,Covered jar with plum blossoms,storage
45972,Vase,vase
45974,Water Pot,wine_alcohol_water
45977,Jar with cover,storage
45979,Bottle,flask_and_bottle
45984,Vase with handles,vase
45985,Jar,storage
45986,Vase,vase
45987,Bottle,flask_and_bottle
45989,Water Pot,wine_alcohol_water
45990,Openwork vase with plants,vase
45992,Vase,vase
45994,Jar,storage
45997,Ewer with Dragon,pouring
45998,Bottle,flask_and_bottle
45999,Large Vase,vase
46000,Vase,vase
46001,Water Pot,wine_alcohol_water
46003,Vase with dragon,vase
46004,Vase with flowers,vase
46008,Covered jar with birds and flowers,storage
46011,Jar,storage
46016,Jar with dragons,storage
46017,Jar with four lugs,storage
46021,Bottle,flask_and_bottle
46022,Bottle vase,flask_and_bottle
46024,Vase with dragon,vase
46025,Vase with archaistic design,vase
46029,Jar,storage
46030,Meiping vase,vase
46032,Hill Jar,storage
46033,Jar with four lugs,storage
46040,Bottle vase,flask_and_bottle
46042,Jar with Double Cover,storage
46043,Vase with openwork ornaments,vase
46044,Double gourd bottle with immortals,flask_and_bottle
46045,Covered jar with narrative scenes,storage
46046,Jar with immortals,storage
46047,Covered jar with plum blossoms,storage
46048,Vase with landscape and flowers,vase
46049,Vase with auspicious symbols of Dragon Boat Festival (Duanwu),vase
46050,Vase with auspicious animals,vase
46051,Gu-shaped vase,vase
46053,Vase with landscape and bird-and-flower scenes,vase
46054,Vase,vase
46055,Covered jar,storage
46057,Bottle,flask_and_bottle
46058,Jar in the shape of bronze container (hu),storage
46059,Vase decorated with lotus flowers,vase
46060,Vase with immortals,vase
46061,Covered jar with immortals,storage
46062,Vase with lion and bird,vase
46063,Vase,vase
46064,Jar,storage
46066,Covered Jar,storage
46067,Vase with immortal Liu Hai,vase
46068,Jar,storage
46071,Jar,storage
46074,Vase with birds and flowers,vase
46075,"Vase decorated with magnolia, hollyhocks, and pheasants",vase
46076,Vase with birds and flowers,vase
46077,Covered Jar,storage
46078,Vase with birds and flowers,vase
46080,Bottle vase,flask_and_bottle
46081,Vase in the shape of a bottle,flask_and_bottle
46082,Vase with birds and flowers,vase
46083,Vase decorated with floral medallions,vase
46084,Vase with birds and flowers,vase
46086,Vase with eight treasures and auspicious symbols,vase
46087,Vase with birds and flowers,vase
46090,Octagonal Jar with Cover,storage
46092,Offering Jar,ritual
46094,Vase with landscape scenes,vase
46097,Covered jar with floral patterns,storage
46099,Covered jar,storage
46103,Vase,vase
46104,ase with birds and flowers,other
46105,Vase with the “One Hundred Deer” motif,vase
46106,Covered jar with lions,storage
46114,Vase,vase
46116,Jar,storage
46120,Square vase with flowers of four seasons,vase
46121,Triple gourd vase,vase
46123,Square vase with flowers of four seasons,vase
46124,Bottle vase,flask_and_bottle
46125,Vase with landscape,vase
46126,Meiping vase with dragons,vase
46129,Jar,storage
46130,Vase with archaistic patterns,vase
46131,Bottle,flask_and_bottle
46137,Vase,vase
46138,Vase,vase
46139,Vase,vase
46140,Meiping vase,vase
46141,Meiping vase,vase
46142,Bottle vase,flask_and_bottle
46143,Vase with floral scrolls,vase
46144,Bottle vase,flask_and_bottle
46146,Vase,vase
46147,Bottle vase,flask_and_bottle
46148,Meiping vase,vase
46149,Bottle vase,flask_and_bottle
46150,Jar,storage
46151,Vase,vase
46152,Vase,vase
46153,Vase,vase
46154,Miniature Bottle,flask_and_bottle
46155,Miniature Bottle,flask_and_bottle
46156,Miniature Bottle,flask_and_bottle
46157,Prunus Vase,vase
46158,Vase,vase
46159,Square vase with scenes of four seasons,vase
46160,Bottle,flask_and_bottle
46161,Jar with Cover,storage
46162,Bottle vase,flask_and_bottle
46163,Vase,vase
46165,Vase,vase
46192,Covered jar with Thai mythical figures,storage
46205,Jar with floral pattern,storage
46209,Covered jar with floral pattern,storage
46212,Covered jar with floral pattern,storage
46223,Jar with geometric pattern,storage
46233,Covered jar with floral pattern,storage
46235,Jar with floral pattern,storage
46249,Covered jar with animal masks,storage
46250,Covered jar with floral patterns,storage
46268,Pot,other
46269,Water pot in the shape of a bird,animal_shaped
46276,Covered flask with poet Li Bai and landscape,flask_and_bottle
46306,Vase with arhat,vase
46315,Miniature vase,vase
46317,Miniature jar,storage
46330,Vase with dragons amid floral sprays,vase
46331,Vase with dragon,vase
46333,Vase with the Pole Star deity (Kuixing),ritual
46353,Square Vase,vase
46378,Vase,vase
46379,Minature meiping vase,vase
46380,Bottle vase,flask_and_bottle
46422,Meiping vase with birds and flowers,vase
46425,Vase,vase
46434,Bottle vase with poems,flask_and_bottle
46435,Vase,vase
46436,Vase,vase
46462,Meiping vase,vase
46478,Bottle,flask_and_bottle
46481,Hexagonal Bottle,flask_and_bottle
46501,Vase with scholar's objects,vase
46507,Meiping vase,vase
46508,Mallet-shaped vase,vase
46515,Meiping vase,vase
46516,Vase with floral scrolls,vase
46517,Vase,vase
46518,Vase,vase
46519,Minature Meiping vase,vase
46521,Vase with dragon,vase
46522,Vase with floral scrolls,vase
46523,Vase,vase
46525,Water pot,wine_alcohol_water
46527,Meiping vase,vase
46528,Pilgrim bottle vase,flask_and_bottle
46529,Meiping vase,vase
46530,Vase,vase
46531,Vase,vase
46532,Meiping vase,vase
46533,Meiping vase,vase
46534,Prunus Vase,vase
46535,Vase,vase
46536,Meiping vase with floral scrolls,vase
46537,Vase,vase
46538,Vase,vase
46539,Vase,vase
46541,Bottle vase,flask_and_bottle
46542,Vase,vase
46543,Meiping vase,vase
46544,Jar,storage
46545,Meiping vase,vase
46546,Vase,vase
46547,Vase,vase
46548,Prunus Vase,vase
46550,Meiping vase,vase
46553,"Vase with peaches, pomegranates, and fingered citrons",vase
46554,Minature vase with floral scrolls,vase
46555,Vase,vase
46556,Vase,vase
46557,Tripod vase,ritual
46558,Bottle vase,flask_and_bottle
46559,Vase,vase
46560,Bottle vase,flask_and_bottle
46561,Pomegranate vase,vase
46562,Vase,vase
46563,Vase,vase
46564,Vase,vase
46565,Vase,vase
46566,Bottle,flask_and_bottle
46567,Miniature vase,vase
46568,Minature vase,vase
46569,Miniature vase,vase
46570,Minature vase,vase
46571,Miniature Vase,vase
46575,Covered Jar,storage
46580,Flower Vase,vase
46586,Jar with floral scrolls,storage
46587,Bottle vase,flask_and_bottle
46588,Jar with Cover,storage
46589,Vase with figures,vase
46590,Bottle vase,flask_and_bottle
46614,Vase,vase
46619,Bottle,flask_and_bottle
46620,Washer in the shape of a butterfly,other
46623,Bottle vase,flask_and_bottle
46624,Vase with ladies and boys,vase
46627,Vase with Butterflies,vase
46628,Vase,vase
46631,Vase,vase
46633,Vase,vase
46634,Vase,vase
46635,Vase,vase
46636,Vase,vase
46637,Sake Bottle (Tokkuri),wine_alcohol_water
46638,Jar,storage
46639,Vase with butterflies and flowers,vase
46640,Vase with phoenix,vase
46642,Meiping vase,vase
46654,Vase,vase
46665,Vase,vase
46666,Vase,vase
46667,Vase with animal-masks,vase
46673,Bottle vase,flask_and_bottle
46674,Meiping vase,vase
46675,Vase,vase
46676,Vase with landscape,vase
46679,Vase,vase
46680,Vase,vase
46686,Vase,vase
46687,Vase,vase
46690,Jar with Cover,storage
46693,Vase,vase
46695,Bottle,flask_and_bottle
46704,Meiping vase,vase
46705,Vase with archaistic dragon pattern,vase
46710,Covered jar with dragons,storage
46711,Jar,storage
46712,Vase,vase
46713,Vase with animal-mask handles,vase
46714,Vase,vase
46718,Meiping vase,vase
46719,Bottle vase,flask_and_bottle
46720,Vase,vase
46725,Vase,vase
46726,Bottle with floral pattern,flask_and_bottle
46727,Meiping vase,vase
46730,Twin-fish vase,vase
46739,Jar with butterflies,storage
46746,Jar,storage
46748,Vase,vase
46755,Jar with flowers,storage
46757,Jar with four lugs,storage
46760,Covered jar with landscape,storage
46762,Jar with floral medallions,storage
46770,Vase with ring handles,vase
46773,Bottle,flask_and_bottle
46778,Gu-shaped vase with floral patterns,vase
46779,Vase with flowers,vase
46781,Jar,storage
46782,Vase with birds and flowers,vase
46783,Jar,storage
46791,Vase,vase
46796,Vase,vase
46797,Vase,vase
46799,Tomb urn,storage
46809,Meiping vase with human figures,vase
46815,Gourd-shaped bottle,flask_and_bottle
46816,Vase,vase
46817,Jar,storage
46818,Jar,storage
46827,Hexagonal vase with lion-head handles,vase
46830,Vase in the shape of archaic wine container (gu),wine_alcohol_water
46831,Bottle,flask_and_bottle
46836,Bottle,flask_and_bottle
46840,Vase,vase
46848,Vase,vase
46849,Vase,vase
46863,Vase with the Eight Trigrams,vase
46865,Lobed bottle vase,flask_and_bottle
46868,Vase,vase
46869,Vase with landscape,vase
46871,Vase,vase
46872,Meiping vase with flowers,vase
46887,Vase,vase
46893,Jar,storage
46897,Vase with lions,vase
46898,Meiping vase with birds and flowers,vase
46913,Hexagonal vase,vase
46914,Covered square bottle with flowers,flask_and_bottle
46915,Vase,vase
46916,Meiping vase,vase
46918,Double-gourd vase,vase
46919,Meiping vase,vase
46920,Jar,storage
46921,Bottle vase,flask_and_bottle
46922,Vase with Women Enjoying Scholarly Pursuits,vase
46923,Vase,vase
46924,Meiping vase,vase
46927,Bottle vase,flask_and_bottle
46928,Vase with floral patterns,vase
46929,Jar,storage
46930,Bottle vase,flask_and_bottle
46932,Bottle vase with dragon,flask_and_bottle
46933,Jar with dragon and phoenix,storage
46934,Vase,vase
46935,Vase,vase
46937,Vase,vase
46938,Bottle,flask_and_bottle
46939,Vase,vase
46940,Vase with chrysanthemum petals,vase
46941,Jar,storage
46942,Vase,vase
46943,Vase,vase
46946,Vase,vase
46947,Bottle vase,flask_and_bottle
46948,Vase,vase
46950,Jar,storage
46953,Vase,vase
46955,Bottle,flask_and_bottle
46956,Vase,vase
46957,Vase,vase
46958,Vase,vase
46959,Bottle,flask_and_bottle
46961,Vase,vase
46962,Vase,vase
46965,Jar,storage
46968,Square Flask,flask_and_bottle
46978,Bottle,flask_and_bottle
46979,Meiping vase,vase
46985,Square Bottle,flask_and_bottle
46986,Vase,vase
46987,Bottle,flask_and_bottle
46988,Vase,vase
46989,Vase,vase
46991,Square Bottle,flask_and_bottle
47006,Bottle,flask_and_bottle
47019,Pot,other
47029,Bottle,flask_and_bottle
47043,Hanging Vase,vase
47049,"Meiping vase  with peach, pomegranade, and fingered citron",vase
47050,Gourd-shaped vase,vase
47053,Vase,vase
47056,Hanging Flower Vase,vase
47060,Bottle,flask_and_bottle
47061,Vase with flowers,vase
47062,Jar with figures in a garden,storage
47064,Wine Bottle,wine_alcohol_water
47065,Bottle with One Handle,flask_and_bottle
47066,Jar,storage
47072,Jar,storage
47074,Sencha Tea Jar with Phoenixes and Peonies in the Cochin (Kōchi) Style,storage
47075,Bottle,flask_and_bottle
47077,Bottle,flask_and_bottle
47088,Jar,storage
47089,Vase,vase
47091,Jar with Cover,storage
47092,Vase,vase
47102,Vase,vase
47103,Bottle,flask_and_bottle
47106,Bottle,flask_and_bottle
47108,Jar for Sweets,storage
47117,Jar with Cover,storage
47118,Jar with Cover,storage
47119,Jar and cover,storage
47122,Miniature Jar with Cover,storage
47132,Water Jar (Mizusashi) in the Shape of a Bamboo Basket,wine_alcohol_water
47137,Jar,storage
47149,Water Bottle,wine_alcohol_water
47157,Bottle,flask_and_bottle
47158,Flower Vase,vase
47167,Vase,vase
47169,Freshwater Jar with Kirin (Mythical Chimera),wine_alcohol_water
47171,Jar with Cover,storage
47173,Bottle,flask_and_bottle
47174,Miniature Jar with Cover,storage
47183,Vase,vase
47185,Bottle,flask_and_bottle
47186,Bottle,flask_and_bottle
47196,Bottle for Sweets,flask_and_bottle
47203,Jar,storage
47214,Vase,vase
47215,Bottle,flask_and_bottle
47216,Vase for a Pillar,vase
47218,Hanging Vase,vase
47222,Covered Vessel with Design of Horizontal Bands of Diaper Patterns,storage
47223,Hanging Vase,vase
47226,Bottle,flask_and_bottle
47228,Vase,vase
47234,Vase,vase
47253,Bottle,flask_and_bottle
47254,Miniature Vase,vase
47256,Bottle,flask_and_bottle
47257,Hanging Vase,vase
47258,Sake Bottle (Tokkuri) in the Shape of an Eggplant,wine_alcohol_water
47259,Jar and Cover,storage
47260,Vase in form of a Carp,vase
47270,Jug,pouring
47280,Vase,vase
47281,Vase,vase
47282,Tea Jar,storage
47283,Wide-Mouth Vase with Carp,vase
47286,Double gourd bottle with handles,flask_and_bottle
47287,Jar with plum trees,storage
47290,Double gourd bottle,flask_and_bottle
47292,Minature bottle with scene of the West Chamber,flask_and_bottle
47294,Hexagonal vase with tubular handles,vase
47295,Vase with dragons,vase
47299,Jar,storage
47305,Vase with Dragons and Bats amid Clouds,vase
47306,Hexagonal vase with stylized phoenix handles,vase
47307,Bottle,flask_and_bottle
47308,Bottle,flask_and_bottle
47309,Bottle,flask_and_bottle
47313,Vase in the form of twin fish,vase
47315,Vase,vase
47316,Vase,vase
47317,Vase,vase
47319,Double gourd vase with gourd vines,vase
47320,Vase with openwork pattern of flowers,vase
47327,Vase,vase
47332,Bon-Bon Vase,vase
47334,Vase with flowers,vase
47336,Vase with collage of archaistic motifs,vase
47347,Vase with poem on marbled ground,vase
47350,Vase,vase
47353,Vase with Lion-Shaped Handles and Cranes amid Clouds,vase
47364,Bottle,flask_and_bottle
47367,Square Vase,vase
47370,Vase,vase
47373,Vase,vase
47375,Bottle,flask_and_bottle
47380,Ring Bottle,flask_and_bottle
47382,Tea Jar,storage
47384,Sake Bottle (Tokkuri),wine_alcohol_water
47385,Vase,vase
47388,Bottle,flask_and_bottle
47389,Vase,vase
47391,Jar,storage
47394,Bottle,flask_and_bottle
47395,Wine bottle,wine_alcohol_water
47398,Vase with figures,vase
47401,Meiping vase with floral scrolls,vase
47402,Meiping vase with plum blossoms and bamboo,vase
47404,Covered Jar,storage
47407,Vase,vase
47409,Flask vase,flask_and_bottle
47412,Vase with animal masks,vase
47414,Jar with cover,storage
47420,Wine Bottle,wine_alcohol_water
47427,Vase,vase
47429,Vase with scholars in a garden,vase
47432,Vase,vase
47433,Vase,vase
47434,Vase,vase
47435,Vase,vase
47438,Vase,vase
47439,Vase,vase
47440,Vase,vase
47441,Vase,vase
47443,Vase,vase
47447,Jar,storage
47448,Wine Bottle,wine_alcohol_water
47449,Bottle,flask_and_bottle
47453,Bottle,flask_and_bottle
47455,Vase,vase
47470,Bottle,flask_and_bottle
47472,Wine Bottle,wine_alcohol_water
47473,Wine Bottle,wine_alcohol_water
47481,Vase,vase
47482,Water Bottle,wine_alcohol_water
47483,Vase,vase
47490,Vase with flowers,vase
47495,Bottle vase with floral scrolls,flask_and_bottle
47497,Double-gourd bottle with floral patterns,flask_and_bottle
47501,Vase,vase
47505,Bottle,flask_and_bottle
47506,Bottle,flask_and_bottle
47510,Vase,vase
47527,Vase,vase
47530,Vase,vase
47531,Bottle,flask_and_bottle
47534,Jar,storage
47536,Vase,vase
47540,Square Bottle,flask_and_bottle
47556,Vase,vase
47558,Bottle,flask_and_bottle
47565,Wine Bottle,wine_alcohol_water
47566,Vase,vase
47568,Vase,vase
47573,Bottle vase with floral scrolls,flask_and_bottle
47574,Bottle vase with floral scrolls,flask_and_bottle
47575,Bottle vase with floral scrolls,flask_and_bottle
47577,Bottle vase with floral scrolls,flask_and_bottle
47582,Jar decorated with auspicious characters amid plants,storage
47587,Vase with a display of antiques,vase
47589,Vase with figures in a landscape,vase
47591,Bottle,flask_and_bottle
47599,Bottle for Sweets,flask_and_bottle
47600,Vase with dragons,vase
47603,Small Vase,vase
47609,Jar with theatrical scene,storage
47615,Wine Bottle,wine_alcohol_water
47616,Covered Bottle,flask_and_bottle
47619,Vase,vase
47620,Vase with landscape,vase
47621,"Meiping vase  with peaches, pomegranades, and fingered citrons",vase
47622,"Meiping vase  with peach, pomegranade, and fingered citron",vase
47623,Jar,storage
47624,Bottle,flask_and_bottle
47625,Hanging Vase,vase
47626,Vase in the form of an archaic bronze vessel,vase
47633,Vase,vase
47634,Wine Bottle,wine_alcohol_water
47635,Bottle,flask_and_bottle
47637,Jar or Fire-holder,storage
47638,Bottle,flask_and_bottle
47640,Bottle For Sweets,flask_and_bottle
47641,Bottle,flask_and_bottle
47642,Mallet-shaped vase,vase
47644,Bottle,flask_and_bottle
47647,Vase with floral scrolls,vase
47648,Bottle,flask_and_bottle
47649,Jar with mythical creatures,storage
47656,Vase,vase
47657,Jar,storage
47659,Vase with floral scrolls,vase
47660,Covered jar with plum blossoms,storage
47665,Hanging Vase,vase
47676,Water Jar,wine_alcohol_water
47677,Bottle,flask_and_bottle
47678,Jar,storage
47679,Jar,storage
47680,Large Bottle,flask_and_bottle
47681,Bottle,flask_and_bottle
47682,Bottle,flask_and_bottle
47686,Vase,vase
47687,Vase,vase
47688,Vase,vase
47691,Bottle,flask_and_bottle
47693,Oil Bottle,flask_and_bottle
47695,Jar,storage
47696,Bottle,flask_and_bottle
47720,Bottle,flask_and_bottle
47722,Bottle,flask_and_bottle
47723,Vase with poem and mythical beast,vase
47724,Hexagonal ewer,pouring
47725,Vase,vase
47754,Vase with butterflies and flowers,vase
47755,Bottle,flask_and_bottle
47757,Vase,vase
47758,Jar,storage
47759,Jar,storage
47762,Hexagonal ewer with lion and cub,pouring
47770,Rectangular vase with animal masks,vase
47780,Vase in the form of an archaic bell,vase
47783,Vase,vase
47784,Vase,vase
47785,Vase,vase
47786,Wine Bottle,wine_alcohol_water
47787,Jar,storage
47788,Water Jar,wine_alcohol_water
47792,Vase with figures in a garden,vase
47803,Jar,storage
47804,Bottle vase,flask_and_bottle
47805,Vase,vase
47806,Bottle,flask_and_bottle
47807,Bottle,flask_and_bottle
47808,Vase,vase
47809,Bottle,flask_and_bottle
47810,Wine Bottle,wine_alcohol_water
47811,Wine bottle,wine_alcohol_water
47813,Jar,storage
47820,Water Jar,wine_alcohol_water
47821,Jar,storage
47822,Hanging Vase,vase
47828,Trefoil vase,storage
47845,Jar,storage
47846,Sencha Water Pitcher (Suichū),wine_alcohol_water
47850,Bottle,flask_and_bottle
47853,Flower Vase,vase
47854,Vase,vase
47857,Vase,vase
47858,Jar with Cover,storage
47866,Bottle with Dragons,flask_and_bottle
47869,Vase,vase
47870,Vase,vase
47872,Vase,vase
47873,Bottle,flask_and_bottle
47883,Vase,vase
47888,Bottle,flask_and_bottle
47890,Vase,vase
47892,Jar,storage
47896,Jar with Female Rider,storage
47897,Jar with Female Rider,storage
47908,Wine pot,wine_alcohol_water
47911,Vase with flowers,vase
47914,Vase with figures in a landscape,vase
47915,Square Vase,vase
47920,Ewer with a lion-formed handle,pouring
47921,Wine Bottle,wine_alcohol_water
47922,Vase,vase
47923,Flower Vase,vase
47927,Bottle vase,flask_and_bottle
47929,Ewer with Cover,pouring
47935,Double gourd vase,vase
47938,Ewer with floral pattern,pouring
47939,Bottle,flask_and_bottle
47941,Jar,storage
47942,Vase,vase
47944,Vase,vase
47945,Quadrangular vase in the form of a Neolithic ritual jade object (Cong),ritual
47946,Quadrangular vase in the form of a Neolithic ritual jade object (cong),ritual
47947,Vase,vase
47948,Vase,vase
47949,Jar,storage
47950,Wine Bottle,wine_alcohol_water
47951,Oil Bottle,flask_and_bottle
47953,Vase,vase
47958,Jar,storage
47959,Vase,vase
47970,Vase,vase
47972,Bucket,other
47973,Vase,vase
47977,Vase,vase
47982,Vase,vase
47983,Vase,vase
47985,Small Jar (Kotsubo),storage
47988,Bottle vase,flask_and_bottle
47989,Vase with floral patterns,vase
47990,Vase,vase
48012,Bottle,flask_and_bottle
48013,Oil Bottle,flask_and_bottle
48015,Flower Vase,vase
48017,Bottle,flask_and_bottle
48027,Jar,storage
48051,Vase with clouds,vase
48052,Tea leaf jar with ladies at leisure,storage
48058,Vase with ladies,vase
48084,Jar,storage
48085,Jar with flowers,storage
48086,Bottle,flask_and_bottle
48088,Bottle,flask_and_bottle
48096,Vase,vase
48099,Water pot and cover,wine_alcohol_water
48124,Miniature vase,vase
48126,Jar with dragon,storage
48128,Covered ewer with floral patterns,pouring
48129,Covered jar with handles,storage
48148,Ritual vessel,ritual
48156,Yuhuchun vase with lotus petals,vase
48172,Jar,storage
48173,Vase with floral and geometric ornaments,vase
48174,Jar with Cover,storage
48175,Covered ewer with figures in a garden,pouring
48187,Miniature jar,storage
48189,Miniature vase,vase
48202,"Hexagonal vase with ladies, plants, and landscape",vase
48203,Gourd-form bottle vase,flask_and_bottle
48204,Vase,vase
48211,Vase,vase
48216,Jar decorated with auspicious characters amid plants,storage
48222,Bottle with floral scrolls,flask_and_bottle
48223,"Covered jar with ""Hundred Antique"" pattern",storage
48224,Bottle for a water pipe (huqqa),wine_alcohol_water
48228,Vase with boy riding an ox,vase
48244,Vase,vase
48246,Vase in the form of a Neolithic ritual object cong,ritual
48251,Vase,vase
48254,Meiping vase,vase
48267,Jar,storage
48271,Bottle,flask_and_bottle
48272,Jar with Cover,storage
48275,Bottle,flask_and_bottle
48276,Vase,vase
48278,Bottle,flask_and_bottle
48280,Vase with flowers and rocks,vase
48281,Jug with dragon handle and floral madellions,pouring
48284,Double gourd bottle,flask_and_bottle
48285,Vase with ladies and plants,vase
48286,Vase with landscape,vase
48304,Bottle vase,flask_and_bottle
48305,Bottle vase with dragon,flask_and_bottle
48306,Bottle vase,flask_and_bottle
48307,Meiping vase,vase
48308,Vase,vase
48309,Meiping vase,vase
48310,Meiping vase,vase
48311,Vase with dragon amid floral scrolls,vase
48312,Meiping vase,vase
48314,Meiping vase,vase
48316,Ewer,pouring
48318,Jar with three lugs,storage
48324,Vase with ladies and flowers,vase
48329,Vase with mythical creature qilin,vase
48330,Bottle vase,flask_and_bottle
48331,Minature bottle vase,flask_and_bottle
48332,Minature meiping vase,vase
48333,Miniature meiping vase,vase
48334,Miniature meiping vase,vase
48335,Minature meiping vase,vase
48337,Vase with flowers and poem,vase
48338,Meiping vase with flowers,vase
48339,Minature bottle vase,flask_and_bottle
48340,Miniature meiping vase,vase
48343,Double gourd vase,vase
48346,Miniature vase,vase
48351,Vase,vase
48357,Water pot,wine_alcohol_water
48359,Double gourd vase with ruyi form handles,vase
48369,Meiping vase,vase
48387,Vase with flowers,vase
48390,Meiping vase,vase
48391,Water pot,wine_alcohol_water
48395,Meiping vase with floral patterns,vase
48411,Jar with two lugs,storage
48424,Jar with flowers,storage
48425,Vase,vase
48432,Jar,storage
48451,Jar with two lugs,storage
48456,Jar,storage
48461,Bottle,flask_and_bottle
48462,Meiping vase with dragon,vase
48466,Meiping vase with floral scrolls,vase
48467,Pilgrim Bottle,flask_and_bottle
48480,Vase,vase
48481,Jar,storage
48482,Vase,vase
48483,Wine Jug,wine_alcohol_water
48489,Bottle,flask_and_bottle
48504,Pilgrim bottle with dragons,flask_and_bottle
48506,Vase,vase
48507,Ewer,pouring
48509,Pot with two handles,other
48516,Vase,vase
48527,Pilgrim Bottle,flask_and_bottle
48532,Granary urn,storage
48544,Vase in shape of winter melon,vase
48546,Vase,vase
48550,Jar,storage
48551,Vase,vase
48552,Jar with lion-head ornaments,storage
48558,Vase with phoenixes amid flowers,vase
48559,Gourd-shaped vase with gourds on vines and bats,vase
48560,Bottle,flask_and_bottle
48562,Vase with poetric scenes,vase
48564,Bottle vase,flask_and_bottle
48565,Jar,storage
48566,Vase with dragon,vase
48569,Meiping vase with flowers,vase
48570,Vase,vase
48571,Bottle,flask_and_bottle
48572,Vase with scenes from Romance of the West Chamber,vase
48573,Covered Vase,storage
48575,Vase,vase
48577,Vase with Incised Design and Salamander Handles in Kochi Style,vase
48579,Covered Jar,storage
48580,Vase,vase
48581,Vase with mounted hunters,vase
48590,"Vase with dragon, phoenixes, and butterflies",vase
48591,Vase,vase
48592,Vase,vase
48593,Covered Jar,storage
48594,Vase,vase
48595,Vase,vase
48596,Long neck bottle,flask_and_bottle
48597,Vase,vase
48598,Vase,vase
48602,Vase,vase
48603,Vase,vase
48604,Vase,vase
48608,Square vase with scenes of four seasons,vase
48609,Square vase with scenes of four seasons,vase
48610,Square vase with birds and flowers,vase
48611,Square vase with birds and flowers,vase
48612,Square vase with scenes of four seasons,vase
48613,Vase,vase
48616,Bottle with Lion,flask_and_bottle
48620,Vase with elephant head handles and floral decoration,vase
48621,Vase with cranes and peaches,vase
48625,Vase,vase
48626,Vase with butterflies amid melon vines,vase
48627,Jar with floral patterns,storage
48628,Vase with Garden Scene,vase
48629,Vase with dragon,vase
48631,Bottle vase with floral scrolls,flask_and_bottle
48632,Covered jar with birds and flowers,storage
48633,Bottle,flask_and_bottle
48634,Vase with coiling dragon,storage
48635,Vase,vase
48636,Gobular bottle with dragon,flask_and_bottle
48637,Vase with immortals,vase
48639,Jar,storage
48640,Jar with lotus scrolls,storage
48641,Bottle vase with floral scrolls,flask_and_bottle
48643,Vase,vase
48644,Vase,vase
48645,Vase,vase
48646,Bottle,flask_and_bottle
48647,Bottle,flask_and_bottle
48648,Vase decorated with auspicious animals,vase
48649,Jar with Flowers,storage
48650,Covered jar with flowers,storage
48653,Vase with lions,vase
48654,Vase,vase
48655,Jar with Cover,storage
48660,Vase,vase
48661,Square vase,vase
48662,Vase,vase
48663,Bottle,flask_and_bottle
48664,Bottle,flask_and_bottle
48665,Vase,vase
48666,Bottle,flask_and_bottle
48669,Vase,vase
48676,Square vase with flowers of four seasons,vase
48677,Vase with lion-head handles,vase
48679,Jar with scholars and crane,storage
48682,Vase,vase
48686,Vase,vase
48689,Jar with human figures and crane,storage
48690,Vase,vase
48691,Vase with birds and flowers,vase
48694,Square vase with birds and flowers,vase
48695,Vase with relief decoration of figures,vase
48696,Vase with birds and flowers,vase
48697,Vase with flower and rock,vase
48698,Vase with archaistic pattern,vase
48699,Vase with relief decoration of figures,vase
48700,Vase with birds and flowers,vase
48701,Vase with birds and flowers,vase
48702,Vase with roundels of phoenix and chi dragon,vase
48703,Vase,vase
48704,Vase,vase
48706,Long neck bottle with lions,flask_and_bottle
48711,Vase with Scene from the Dragon Boat Festival,vase
48712,Wine container (hu),wine_alcohol_water
48713,Vase with floral scrolls,vase
48714,Vase,vase
48716,Bottle vase with floral scrolls,flask_and_bottle
48717,Bottle vase with floral scrolls,flask_and_bottle
48720,Large Jar,storage
48725,"Vase with lion, elephant, and qilin",vase
48726,Jar with Cover,storage
48727,Vase,vase
48734,Vase,vase
48735,Vase with floral scrolls,vase
48736,Vase with chi dragons,vase
48740,Vase with women and boys in a garden,vase
48741,Vase with Immortals Offering the Peaches of Longevity,ritual
48742,Covered jar with birds and flowers,storage
48745,Vase with narrative scene,vase
48746,Vase,vase
48747,Large Vase,vase
48748,Vase,vase
48749,Hexagonal vase with Rococo-style flowers,vase
48750,Large Jar,storage
48751,Covered jar with baskets of flowers,storage
48754,Vase in Trumpet Shape,vase
48755,Large Vase,vase
48757,Covered jar with flowers,storage
48758,Vase with lions,vase
48759,Vase,vase
48761,Covered jar with plum blossoms,storage
48762,Vase with birds and flowers,vase
48764,Vase with children at play and scholars in gathering,vase
48765,Vase,vase
48766,Vase with scene from Romance of the Three Kingdoms,vase
48767,Vase with Birthday Reception for General Guo Ziyi,vase
48768,Vase with floral scrolls,vase
48769,Vase with birds and flowers,vase
48771,Vase,vase
48772,Covered jar with lions,storage
48773,Vase,vase
48774,Vase,vase
48775,Vase,vase
48776,Vase with figural scene,vase
48777,Covered jar with landscape and flowers,storage
48781,Vase with floral scrolls,vase
48800,Bottle vase,flask_and_bottle
48801,Vase,vase
48809,Bottle and cover,flask_and_bottle
48840,Vase,vase
48841,Vase with archaistic decoration,vase
48842,Vase with millefleurs decoration,vase
48844,Bottle with an entwined dragon,wine_alcohol_water
48846,Bottle,flask_and_bottle
48850,Jar with Lid,storage
48852,Bottle,flask_and_bottle
48854,Hexagonal vase,vase
48855,Vase,vase
48857,Wine bottle,wine_alcohol_water
48859,Vase with floral patterns,vase
49135,Jar (Guan),storage
49136,Jar,storage
49139,Vase (Hu),vase
49142,Jar (Hu),storage
49189,Bottle with Daoist Immortals,flask_and_bottle
49191,Large Vase with Cover and Design of Peacocks,storage
49201,Ewer with lug handles,pouring
49203,Jar,storage
49204,Ewer with phoenix,pouring
49206,Vase,vase
49207,Vase with abstract scroll decoration,vase
49208,Ewer,pouring
49214,Ewer,pouring
49215,Bottle with Peonies,flask_and_bottle
49216,Bottle with Peony Scroll,flask_and_bottle
49222,Bottle with lotuses,flask_and_bottle
49248,Covered jar with plum blossoms,storage
49261,Vessel,other
49262,Jar,storage
49264,Flask,flask_and_bottle
49266,Jar,storage
49267,Jar for Sutra Burial (Sankinko),ritual
49268,Jar in Meiping Shape with Incised Floral Design,storage
49269,Flower Vase with Stamped Design of Lotus,vase
49270,Storage jar,storage
49272,Jar,storage
49273,Storage jar,storage
49274,Storage jar,storage
49280,Sake Bottle (Tokkuri) with Decoration of Three-Leaf Arrowhead,wine_alcohol_water
49293,"Apothecary Bottle with Initial ""M"" in Laurel Wreath",flask_and_bottle
49295,Apothecary bottle,flask_and_bottle
49296,Apothecary bottle,flask_and_bottle
49298,Ewer with Figures in Landscape,pouring
49299,Vase with Figures in Landscape,vase
49305,Vase,vase
49308,Jar with Mythical Qilin (Kirin) and Chrysanthemums,storage
49316,Octagonal Jar with Decoration of Flowering Cherry and Chrysanthemum,storage
49318,Ewer with Strap Handle and Floral Decoration,pouring
49319,Large Baluster Jar with Phoenix and Figure of Hawk on Lid,storage
49323,Sake Bottle in the Shape of a Gourd,wine_alcohol_water
49335,Kundika (Long-Necked Bottle),flask_and_bottle
49344,Vase with Flowers and Birds,vase
49346,Vase,vase
49351,Vase,vase
49352,"Vase decorated with flowers, birds, and poems",vase
49356,Vase with Dragon Handles,vase
49359,Long-Necked Jar (Chōkeiko),storage
49360,Vase,vase
49362,Vase with Poems Composed by the Qianlong Emperor,vase
49363,Flask,flask_and_bottle
49364,Covered jar with landscape scenes,storage
49366,Vase,vase
49425,Octagonal Sake Bottle with Landscape Design,wine_alcohol_water
49426,Hexagonal Sake Ewer with Landscape Design,wine_alcohol_water
49533,Jar (Labakou Hu),storage
49553,Amphora with dragon-shaped handles,storage
49559,Covered jar,storage
49825,Covered Jar,storage
49833,Covered Jar,storage
49850,Vase,vase
49852,Vase,vase
49855,Flask with Lotus Pond,flask_and_bottle
49856,Bottle with Two Handles,flask_and_bottle
49857,Vase with rabbits,vase
49859,Vase,vase
49861,Vase with Figures in Landscape,vase
49862,Vase with Figures in Landscape,vase
49864,Jar,storage
49896,Jar,storage
49898,Jar (Guan),storage
49899,Jar (Guan),storage
49900,Jar,storage
49903,Jar,storage
49905,Amphora with dragon-shaped handles,storage
49909,Ewer with loop handles,pouring
49914,Vase,vase
49915,Covered Jar,storage
49920,Vase with Peony Scrolls,vase
49924,Flower Pot,other
50020,Vase,vase
50026,Bottle,flask_and_bottle
50027,Vase,vase
50033,Vase with Garden Scene,vase
50036,Vase with Elephant Handles,vase
50037,Vase,vase
50043,Vase,vase
50143,Covered jar with baskets of flowers,storage
50165,Jar,storage
50186,Freshwater Jar (Mizusashi) with Pines,wine_alcohol_water
50187,Large Wine Bottle,wine_alcohol_water
50192,"Bottle with Rock, Flowers, and Birds",flask_and_bottle
50211,Bottle in meiping shape with “tortoiseshell” glaze,flask_and_bottle
50213,Urn or Jar,storage
50226,Jar,storage
50229,Jar,storage
50230,Vase in Meiping Shape,vase
50235,Vase,vase
50236,Vase in the shape of a flower,vase
50247,Vase,vase
50305,Jar,storage
50311,Jar,storage
50313,Large Storage Jar (Ōtsubo),storage
50314,Vessel with Straw Hole,other
50315,Long-Necked Bottle,flask_and_bottle
50316,Four-Legged Jar (Yonsoku-tsubo),storage
50317,Storage jar,storage
50328,Sake Bottle (Tokkuri) with Flowers and Grasses,wine_alcohol_water
50329,Sake Bottle (Tokkuri) with Chinese Character Meaning “Treasure”,wine_alcohol_water
50331,Jar (Tsubo) with Four Loop Handles and Flower Medallions,storage
50332,Jar (Tsubo) with Landscape and Figures,storage
50333,Freshwater Jar (Mizusashi) with Plants and Auspicious Motifs,wine_alcohol_water
50334,Freshwater Jar (Mizusashi) with Pine (front) and Plum with Bamboo (reverse),wine_alcohol_water
50335,Tall Freshwater Jar (Hoso-mizusashi) with Striped Design,wine_alcohol_water
50338,Bottle,flask_and_bottle
50349,Vase in Shape of Archaic Chinese bronze,vase
50350,Bottle with  Pine Tree,flask_and_bottle
50354,Wine Ewer with Lotuses,wine_alcohol_water
50355,Wine Ewer with Lid,wine_alcohol_water
50356,Wine Ewer with Chrysanthemums and Lotus Flowers,wine_alcohol_water
50357,Bottle decorated with chrysanthemums and lotus petals,flask_and_bottle
50359,Wine Ewer with Lid,wine_alcohol_water
50362,Squared Jar with Cover (Fanghu),storage
50463,Bottle,flask_and_bottle
50473,Vase with Floral and Landscape Decor,vase
50502,Bottle,flask_and_bottle
50506,Vase with landscape,vase
50524,Vase,vase
50536,Jar,storage
50547,Ewer with Cover,pouring
50548,Bottle Vase,flask_and_bottle
50563,Jar (Guan),storage
50567,Bottle,flask_and_bottle
50568,Vase,vase
50655,Jar,storage
50659,Jar,storage
50692,Vase,vase
50694,Meiping (Plum) Vase with Bamboo and Rocks,vase
50700,Jar with Abstract Decoration,storage
50702,Jar (Hu),storage
50707,Jar (Guan),storage
50708,Jar (Guan),storage
50709,Jar with loop handles,storage
50713,Vase in the shape of an ancient ritual beaker (gu),ritual
50714,Vase in the shape of an ancient ritual beaker (gu),ritual
50722,Bottle,flask_and_bottle
50726,Vase,vase
50735,Vase,vase
50737,Minature meiping vase,vase
50738,Minature vase,vase
50739,Vase,vase
50740,Vase,vase
50741,Square vase,vase
50742,Square vase,vase
50743,Square vase,vase
50747,Vase with flowers,vase
50748,Vase with flowers,vase
50749,Vase with flowers,vase
50765,Ewer,pouring
50770,Small Jar,storage
50773,Vase,vase
50777,Vase,vase
50783,Vase,vase
50813,Vase,vase
50815,Vase,vase
50816,Vase,vase
50817,Vase,vase
50819,Vase,vase
50820,Vase,vase
50824,Vase with Daoist Immortals,vase
50830,Vase with figural scene,vase
50834,Vase,vase
50837,Vase with figural scenes,vase
50839,Vase with scenes and poems from Farming and Weaving,vase
50840,Vase with scenes and poems from Farming and Weaving,vase
50841,Vase,vase
50842,Vase with Women’s Activities,vase
50844,Temple vase with dragons and clouds,vase
50846,Vase,vase
50848,Jar with immortals,storage
50880,Vase,vase
50881,Vase,vase
50883,Vase,vase
50884,Vase,vase
50885,Ewer,pouring
50886,Vase with flowers,vase
50891,"Vase with ladies, plants, and landscape",vase
50906,Vase,vase
50907,Jar with Cover,storage
50908,"Bottle with Theme of the ""Hundred Antiques""",flask_and_bottle
50919,Covered jar decorated with blossoming plum and cracked ice,storage
50921,Vase with flowers,vase
50935,"Vase with Daoist immortals, flower sprays, and dragons",vase
50938,Vase,vase
50942,Vase,vase
50943,Vase with Warrior,vase
50944,Meiping vase with dragon,vase
50948,Covered Jar,storage
50950,Vase,vase
50952,Vase,vase
50960,Covered Ewer,pouring
50963,Gourd-Shaped Vase,vase
50971,Jar,storage
50973,Miniature covered jar and “inkstone”,storage
50975,Covered Jar,storage
50981,Vase,vase
50998,Vase,vase
50999,Vase,vase
51000,Bottle,flask_and_bottle
51001,Bottle,flask_and_bottle
51002,Bottle,flask_and_bottle
51003,Bottle,flask_and_bottle
51005,Vase,vase
51007,Vase,vase
51008,Vase with Dragons and Waves,vase
51009,Vase decorated with blossoming plum,vase
51010,Vase decorated with blossoming plum,vase
51011,Bottle,flask_and_bottle
51012,Vase,vase
51013,Vase,vase
51014,Vase,vase
51015,Vase,vase
51017,Vase,vase
51018,Vase,vase
51019,Vase,vase
51020,Vase with Elephant Heads and Cloud Designs,vase
51021,Vase,vase
51023,Gallipot,storage
51024,Jar,storage
51025,Vase,vase
51026,Jar,storage
51027,Bottle,flask_and_bottle
51032,Vase,vase
51041,Bottle vase,flask_and_bottle
51044,Covered Jar,storage
51045,Jar with peony scroll,storage
51049,Jar,storage
51050,Vase,vase
51056,Miniature Vase,vase
51063,Vase with dragon,vase
51064,Bottle,flask_and_bottle
51066,Vase,vase
51067,Vase,vase
51080,Pilgrim Bottle,flask_and_bottle
51106,Vase,vase
51124,Covered Jar,storage
51130,Vase,vase
51133,Vase decorated with bats and peaches amid scrolling floral vines,vase
51134,Vase,vase
51138,Vase decorated with bats and peaches amid scrolling floral vines and “double happiness” character,vase
51142,Vase in Meiping Shape,vase
51160,Double Vase,vase
51161,Vase,vase
51168,Vase,vase
51173,Vase in the Shape of Buddha's-Hand Citron,vase
51179,Vase in the shape of a gourd,vase
51183,Quadruple Vase,vase
51187,Jar,storage
51192,Vase,vase
51206,Vase,vase
51210,Vase,vase
51213,Jar,storage
51217,Vase,vase
51218,Vase,vase
51222,Vase,vase
51223,Vase,vase
51224,Vase,vase
51232,Vase,vase
51245,Jar with floral pattern,storage
51247,Vase,vase
51359,Maebyeong,other
51946,Vessel,other
52014,Mortuary Urn,storage
52017,Bottle,flask_and_bottle
52018,Vase,vase
52019,Vase,vase
52020,Vase with birds and flowers,vase
52021,Prunus Vase,vase
52022,Vase,vase
52023,Vase with performance of dragon boat,vase
52024,Vase with peony and magnolia,vase
52026,Vase,vase
52029,Vase,vase
52033,Covered Jar,storage
52034,Covered Jar,storage
52036,Bottle vase,flask_and_bottle
52038,Vase,vase
52039,Vase with Village Scene,vase
52040,Vase,vase
52041,Vase with deer and pine tree,vase
52043,Vase,vase
52044,Writer's Water Bottle,wine_alcohol_water
52046,Vase,vase
52047,Vase,vase
52049,Vase,vase
52050,Writer's Water Bottle,wine_alcohol_water
52052,Vase,vase
52053,Vase,vase
52054,Water Jar,wine_alcohol_water
52055,Vase,vase
52056,Vase with Coiling Dragon,storage
52057,Vase,vase
52058,Writer's Water Bottle,wine_alcohol_water
52059,Writer's Water Bottle,wine_alcohol_water
52060,Vase,vase
52061,Vase,vase
52063,Vase with flower and rock,vase
52064,Covered Jar,storage
52065,Miniature vase,vase
52066,Bottle,flask_and_bottle
52067,Covered Jar,storage
52069,Funerary Urn,ritual
52075,Jar,storage
52076,Jar,storage
52081,"Small jar and cover decorated with chrysanthemums, cranes, and clouds",storage
52085,Oil Bottle,flask_and_bottle
52089,Tea Jar,storage
52208,Rectangular Vase with Raised Netting Pattern,vase
52214,Bottle,flask_and_bottle
52215,Small Jar,storage
52216,Small Jar,storage
52217,Jar (Tsubo) with Chrysanthemums,storage
52218,Jar (Tsubo) with Landscape,storage
52219,Jar (Tsubo) with Flowering Plant,storage
52220,Small Jar (Ko-tsubo) with Flowers,storage
52222,Jar,storage
52224,Bottle with Character Design,flask_and_bottle
52252,Small Jar (Kotsubo) with Relief Plum- Blossom Patterns,storage
52259,Oil bottle,flask_and_bottle
52260,Jar with Chrysanthemums and Rocks,storage
52261,Jar,storage
52298,Wine bottle,wine_alcohol_water
52300,Sake Bottle (Tokkuri) with Auspicious Patterns,wine_alcohol_water
52304,Wine bottle,wine_alcohol_water
52305,Wine bottle,wine_alcohol_water
52377,Jar,storage
52383,Water jar,wine_alcohol_water
52390,Vase,vase
52391,Vase,vase
52397,Wine Bottle,wine_alcohol_water
52398,Bottle with Cover,flask_and_bottle
52399,Cake Jar,storage
52400,Bottle,flask_and_bottle
52401,Square Bottle,flask_and_bottle
52436,Vase,vase
52442,Freshwater Jar (Mizusashi) with Bamboo,wine_alcohol_water
52461,Water Bottle in the Form of a Mouse,wine_alcohol_water
52470,"Water Jar with Dragon, Mount Fuji, Kirin, Cockerels, and Auspicious Motifs",wine_alcohol_water
52479,Wine bottle,wine_alcohol_water
52491,Jar with cover,storage
52492,Water Jar with Poetry Gathering at the Orchid Pavilion,wine_alcohol_water
52506,Jar,storage
52513,Water Jar,wine_alcohol_water
52514,Water Jar (Mizusashi) with Pine Trees,wine_alcohol_water
52517,Vase,vase
52518,Vase,vase
52524,Jar,storage
52546,Jar,storage
52547,Vase,vase
52562,Flask with molded decoration,flask_and_bottle
52563,Flask with molded decoration,flask_and_bottle
52568,Jar with handle,storage
52569,Vase,vase
52605,Vase with dragons,vase
52609,Bottle with Floral Decoration,flask_and_bottle
52610,Vase,vase
52611,Vase,vase
52624,Jar,storage
52626,Vase,vase
52638,Vase,vase
52639,Jar,storage
52656,Vase in the shape of a double gourd,vase
52658,Jar,storage
52659,Vase,vase
52662,Vase,vase
52679,Vase,vase
52681,Vase,vase
52682,Vase,vase
52685,Covered Jar,storage
52709,Jar,storage
52711,Vase,vase
52712,Wine Vessel with Daoist Immortals,wine_alcohol_water
52719,Jar,storage
52720,Vase,vase
52732,Jar,storage
52735,Jar,storage
52736,Vase,vase
52739,Jar,storage
52753,Jar with scene of Wang Xizhi (303–361) watching geese,storage
52755,Jar,storage
52765,Jar with Mythical Qilin amidst Tree Peonies,storage
52767,Covered Jar,storage
52777,Vase with Poet Zhou Dunyi,vase
52778,Jar with Ducks in Lotus Pond,storage
52780,Vase,vase
52794,Vase,vase
52797,Jar,storage
52798,Jar with Mythical Qilin,storage
52801,Vase,vase
52802,Vase,vase
52803,Tea jar,storage
52804,Wine Bottle with Landscape Scenes,wine_alcohol_water
52806,Vase,vase
52807,Ewer with Equestrian Figure,pouring
52808,Vase,vase
52809,Vase decorated with flowers,vase
52810,Vase decorated with cranes amid clouds,vase
52811,Vase decorated with flowers,vase
52812,"Vase with landscape, flowers, and gardens",vase
52813,Vase,vase
52834,Covered Jar,storage
52906,Bottle,flask_and_bottle
52907,Bottle,flask_and_bottle
52908,Bottle,flask_and_bottle
52914,Beaker,other
52916,Vase,vase
52921,Bottle,flask_and_bottle
52922,Amphora,storage
52923,Amphora,storage
52930,Vase,vase
52932,Vase decorated with flowers and butterflies,vase
52933,Vase with landscape,vase
52936,Vase,vase
52939,Vase,vase
52941,Vase,vase
52942,Bottle,flask_and_bottle
52943,Bottle,flask_and_bottle
52945,Sake Bottle (Tokkuri) with Bird on a Rock under Willow Tree,wine_alcohol_water
52960,Vase,vase
52971,Bottle,flask_and_bottle
52972,Vase,vase
52975,Miniature vase with floral medallions,vase
52976,Vase with landscape decoration,vase
52978,Bottle with Coiling Dragon,flask_and_bottle
52979,Pot,other
52983,Vase,vase
52984,Vase,vase
53006,Ewer (Suichū) with Cherry Blossoms and Picnic Curtain,pouring
53157,Recumbent bottle (Yokobe),flask_and_bottle
53203,Jar (Tsubo) with Chrysanthemums,storage
53419,Hexagonal Jar (Rokkaku-tsubo) with Paulownia and Geometric Design,storage
53468,Bottle,flask_and_bottle
53613,Freshwater Jar (Mizusashi),wine_alcohol_water
53618,Vase with Depiction of Bugaku Dancer,vase
53627,Jar,storage
53628,Storage jar,storage
53663,Vase,vase
53765,Jar with scholars,storage
53767,Meiping vase,vase
53773,Jar,storage
53774,Vase with nine peaches,vase
53775,Covered jar with ladies and antiques,storage
53777,Vase,vase
53798,Vase,vase
53825,Vase with landscape scenes and poem,vase
53826,Covered Jar,storage
53828,Jar with dragon and stylized character for longevity (shou),storage
53846,Jar,storage
53853,Covered Jar,storage
53855,Vase,vase
53856,Miniature Vase,vase
53891,Vase,vase
53901,Bottle,flask_and_bottle
53930,Jar with Cover,storage
53944,Bottle,flask_and_bottle
53956,Vase,vase
53961,Jar with women at leisure,storage
53964,Storage Jar,storage
54084,Jar,storage
56164,Freshwater Jar (Mizusashi),wine_alcohol_water
56587,Jar,storage
57355,Maebyeong,other
57356,Jar,storage
57357,Vase with Inlaid Designs,vase
57358,Vase,vase
57359,Bottle,flask_and_bottle
57362,Vase,vase
57365,Vase,vase
57366,Vase,vase
57367,Vase,vase
57368,Vase,vase
57369,Vase,vase
57370,Jar,storage
57400,Bottle,flask_and_bottle
57403,Jar,storage
57404,Jar,storage
57405,Jar,storage
57406,Jar,storage
57417,Jar,storage
57422,Bottle,flask_and_bottle
57425,Bottle,flask_and_bottle
57434,Oil Bottle,flask_and_bottle
57435,Bottle,flask_and_bottle
57436,Bottle,flask_and_bottle
57438,Bottle,flask_and_bottle
57441,Vase,vase
57488,Vase,vase
57489,Vase,vase
57492,Wine Ewer,wine_alcohol_water
57502,Bottle,flask_and_bottle
57515,Vase,vase
57517,Jar with lid,storage
57520,Bottle,flask_and_bottle
57522,Jar with small loop handles,storage
61634,Vase with abstract decoration,vase
62527,Bottle,flask_and_bottle
62528,Gourd-Shaped Sake Bottle (Tokkuri) with Carved Floral Design and Jewel,wine_alcohol_water
62529,Bottle,flask_and_bottle
62530,Vase,vase
62533,Gourd-Shaped Bottle,flask_and_bottle
62541,Vase in Shape of a Bamboo Joint,vase
62545,Tea Jar,storage
62546,Tea Jar,storage
62547,Tea Jar,storage
62549,Tea Jar,storage
62550,Tea Jar,storage
62551,Vase,vase
62552,Tea Jar,storage
62553,Tea Jar,storage
62555,Tea Jar,storage
62556,Tea Jar,storage
62557,Tea Jar,storage
62558,Tea Jar,storage
62559,Small Gourd-Shaped Bottle,flask_and_bottle
62563,Sake Bottle (Tokkuri) in the Shape of an Eggplant,wine_alcohol_water
62571,Bottle,flask_and_bottle
62573,Vase,vase
62587,Tea Jar,storage
62588,Tea Jar,storage
62589,Tea Jar,storage
62590,Jar,storage
62591,Tea Jar,storage
62595,Tea Jar,storage
62597,Tea Jar,storage
62598,Tea Jar,storage
62601,Tea Jar,storage
62602,Tea Jar,storage
62606,Bottle,flask_and_bottle
62609,Gourd-Shaped Bottle,flask_and_bottle
62611,Tea Jar,storage
62613,Tea Jar,storage
62614,Bottle,flask_and_bottle
62615,Tea Jar,storage
62616,Tea Jar,storage
62626,Jar,storage
62627,Bottle,flask_and_bottle
62630,Wine Bottle,wine_alcohol_water
62633,Tea Jar,storage
62634,Tea Jar,storage
62635,Tea Jar,storage
62636,Tea Jar,storage
62638,Jar,storage
62640,Tea Jar,storage
62642,Vase,vase
62656,Tea Jar,storage
62658,Tea Jar,storage
62666,Gourd-Shaped Sake Bottle,wine_alcohol_water
62668,Bottle,flask_and_bottle
62677,Bottle,flask_and_bottle
62681,Jar,storage
62684,Bottle,flask_and_bottle
62686,Square Bottle,flask_and_bottle
62690,Water Pot,wine_alcohol_water
62692,Tea Jar,storage
62694,Jar with Ivory Lid,storage
62697,Bottle,flask_and_bottle
62701,Bottle with Splashed Design,flask_and_bottle
62702,Bottle,flask_and_bottle
62703,Tea Jar,storage
62704,Jar,storage
62706,Tea Jar,storage
62707,Three-Cornered Bottle,flask_and_bottle
62708,Tea Jar,storage
62710,Tea Jar,storage
62711,Tea Jar,storage
62712,Tea Jar,storage
62713,Water Jar,wine_alcohol_water
62714,Tea Jar,storage
62715,Tea Jar,storage
62717,Tea Jar,storage
62721,Covered Jar,storage
62722,Water Jar with Plum Tree,wine_alcohol_water
62724,Bottle,flask_and_bottle
62754,Tea Jar,storage
62757,Tea Jar,storage
62759,Tea Jar,storage
62760,Tea Jar,storage
62761,Tea Jar,storage
62762,Tea Jar,storage
62763,Tea Jar,storage
62764,Tea Jar,storage
62765,Tea Jar,storage
62768,Tea Jar,storage
62769,Tea Jar,storage
62770,Tea Jar,storage
62771,Tea Jar,storage
62772,Tea Jar,storage
62792,Long-Necked Bottle,flask_and_bottle
62863,Vase,vase
62867,Vase,vase
62871,Wine Bottle,wine_alcohol_water
62877,Jug,pouring
62905,Water jar,wine_alcohol_water
62909,Jug,pouring
62910,Hexagonal Wine Bottle,wine_alcohol_water
62916,Vase in form of a Funamushi,vase
62917,Vase,vase
62922,Wine Bottle with Landscape and Waterfall,wine_alcohol_water
62937,Vase with lid,storage
62942,Wine bottle,wine_alcohol_water
62943,Sake bottle,wine_alcohol_water
62995,Wine bottle,wine_alcohol_water
62998,Tea jar,storage
63007,Vase in the Shape of a Bundle of Bamboo,vase
63020,Wine bottle,wine_alcohol_water
63035,"Sake Bottle with Design of Leaves, Vines, and Waves",wine_alcohol_water
63047,Water Jar (Mizusashi) with Geometric Patterns,wine_alcohol_water
63048,"Water Bottle in form of Hotei's Bag, Fan and Jewels",wine_alcohol_water
63049,Wine bottle,wine_alcohol_water
63054,Jar with Scrolling Peony Design,storage
63057,Vase,vase
63061,Covered Jar,storage
63065,Ewer in the Shape of a Bucket,pouring
63069,Tea jar,storage
63070,Tea jar,storage
63071,Small Vase,vase
63081,Tea jar,storage
63082,Tea jar,storage
63083,Tea jar,storage
63084,Tea jar,storage
63085,Tea jar,storage
63087,Sencha Tea Jar with Peony Arabesque and Plum in Cochin (Kōchi) Style,storage
63088,Tea jar,storage
63090,Bosom of Grandmother (Sobokai),other
63093,Tea jar with cover,storage
63094,Tea jar with cover,storage
63096,Tea jar,storage
63097,Tea jar with cover,storage
63099,Tea jar with cover,storage
63100,Tea jar with cover,storage
63101,Tea jar,storage
63102,Tea jar with cover,storage
63103,Water pot,wine_alcohol_water
63108,Bottle,flask_and_bottle
63109,Jar,storage
63119,Tea jar,storage
63120,Tea jar,storage
63122,Tea jar,storage
63123,Tea jar,storage
63124,Tea jar,storage
63125,Tea jar,storage
63126,Tea jar,storage
63127,Tea jar,storage
63128,Tea jar,storage
63129,Tea jar,storage
63131,Tea jar,storage
63132,Tea jar,storage
63133,Tea jar,storage
63134,Tea jar,storage
63135,Tea jar,storage
63136,Tea jar,storage
63137,Tea jar,storage
63138,Tea jar,storage
63140,Tea jar,storage
63141,Tea jar,storage
63142,Tea jar,storage
63189,Small Covered Jar with Design of Cherry Blossoms and Lambrequin Border,storage
63313,Water jar,wine_alcohol_water
63328,Circular Small Covered Jar with Millefleur Design,storage
63329,Miniature Covered Jar,storage
63526,Sake bottle,wine_alcohol_water
63531,Water jar,wine_alcohol_water
63539,Four-Legged Jar with Lid,storage
63545,Wide-Mouthed Jar (Kame),storage
63548,Sake Bottle (Tokkuri),wine_alcohol_water
63550,Bottle,flask_and_bottle
63565,Jar (Tsubo) with Stylized Net Design,storage
63695,Bottle,flask_and_bottle
63941,Flower vase,vase
63942,Water jar,wine_alcohol_water
64119,Pilgrim’s flask with Central Asian dancers,flask_and_bottle
64921,Jar with floral decorations and musicians,storage
65596,Jar with Four Lugs (Guan),storage
72312,"Bottle Decorated with ""Three Friends"" Pine, Bamboo and Plum",flask_and_bottle
72324,Flask-shaped bottle,flask_and_bottle
72420,Jug with Floral Scroll,pouring
72737,Faceted jar decorated with plum blossoms and bamboo,storage
72738,Jar decorated with flowers and insects,storage
73216,Jar with floral scroll,storage
73217,Jar decorated with dragons,storage
73366,Bottle,flask_and_bottle
73635,Ewer with writhing dragon,pouring
73676,Quadrangular vase in the shape of a Neolithic cong,vase
73810,Ewer in the Form of an Elephant,pouring
74243,Bottle,flask_and_bottle
75831,Jar with Winged Animals over Waves,storage
75915,Storage Jar,storage
75938,Vase in Meiping Shape with Daoist Immortal Zhongli Quan,vase
76114,Dragon jar,storage
76452,Vase with Scene from The Story of the Blue Robe,vase
76733,Bottle,flask_and_bottle
78006,Vase with Plum Blossoms,vase
78432,Jar,storage
185900,Puzzle jug,pouring
185901,Vase,vase
185902,Jug with cover,pouring
185914,Jug with cover,pouring
186684,Vase,vase
186687,Ewer,pouring
187660,Jug,pouring
187701,Ewer,pouring
187702,Jug,pouring
187733,Vase,vase
187750,Jug,pouring
187791,Pharmacy jar,storage
187794,Albarello,storage
187801,Vase,vase
187805,Vase with cover,storage
187828,Vase,vase
187829,Vase,vase
187854,Vase,vase
187863,Bottle (Refredador),flask_and_bottle
187871,Jar with chrysanthemums and rocks,storage
188533,Jug,pouring
188534,Globular jar,storage
188535,Globular vase,vase
188536,Pharmacy jar (albarello),storage
188537,Albarello,storage
188538,Albarello,storage
188539,Albarello,storage
188541,Albarello,storage
188556,Four-handled vase,vase
188563,Jug,pouring
188633,Milk pot,pouring
188645,Milk or hot water jug (?),wine_alcohol_water
188753,Vase,vase
188765,Vase,vase
188777,Vase with cover (vase parent),storage
188900,Ewer in the form of a dragon,pouring
188908,Vase,vase
188972,Ewer,pouring
188974,Vase,vase
188976,Cream jug,pouring
188993,Cream jug,pouring
188994,Milk pot,pouring
188998,Jar with cover,storage
190474,Vase,vase
190547,Jug,pouring
190600,Scent bottle,flask_and_bottle
190647,Beardman or Bellarmine jug,pouring
190648,Jug,pouring
190649,Pharmacy jar,storage
190657,Vase,vase
190732,Bottle,flask_and_bottle
190797,Jug,pouring
191142,Milk jug,pouring
191206,Vase with cover,storage
191213,Vase,vase
191218,Vase with cover,storage
191344,Jug,pouring
191375,Vase with cover,storage
191583,Bottle jug,pouring
191593,Jug,pouring
191600,Jug,pouring
191636,Vase with cover,storage
191731,Ewer (Schnabelkanne),pouring
191733,Jug,pouring
191778,Albarello,storage
191779,Albarello,storage
191780,Vase,vase
192014,Cream jug,pouring
192034,Harvest jug,pouring
192308,Toilet jar,storage
192800,Vase with cover,storage
192801,Vase with cover,storage
192802,Vase with cover,storage
192803,Vase,vase
192810,Vase with cover,storage
192811,Vase with cover,storage
192830,Vase,vase
192831,Vase,vase
192844,Vase with cover,storage
192854,Vase,vase
193020,Jar with cover,storage
193062,Jug,pouring
193063,Jug,pouring
193064,Jug,pouring
193077,Jug,pouring
193084,Vase,vase
193093,Jug,pouring
193355,Jug,pouring
193449,Vase,vase
194228,Scent bottle in the form of a monk,flask_and_bottle
194229,Scent bottle in the form of a monk,flask_and_bottle
194230,Scent bottle,flask_and_bottle
194231,Scent bottle in the form of a hunter,flask_and_bottle
194232,Scent bottle,flask_and_bottle
194233,Scent bottle,flask_and_bottle
194234,Scent bottle,flask_and_bottle
194235,Scent bottle in the form of a huntress,flask_and_bottle
194236,Scent bottle,flask_and_bottle
194238,Scent bottle,flask_and_bottle
194239,Scent bottle,flask_and_bottle
194243,Ewer,pouring
194251,Jug,pouring
194256,Jug,pouring
194261,Hot water jug,wine_alcohol_water
194262,Ewer,pouring
194279,Ewer,pouring
194287,Jug (chevrette),pouring
194288,Flask,flask_and_bottle
194289,Ewer,pouring
194291,Pilgrim bottle,flask_and_bottle
194292,Jug,pouring
194293,Pharmacy jar (albarello),storage
194298,Albarello,storage
194301,Vase,vase
194303,Pharmacy jar (albarello),storage
194304,Pilgrim bottle,flask_and_bottle
194307,Ewer,pouring
194380,Jug with cover,pouring
194383,Water jug,wine_alcohol_water
194390,Water jug,wine_alcohol_water
194391,Vase,vase
194392,Vase with cover,storage
194395,Ewer,pouring
194432,Ewer (Brocca),pouring
194433,Ewer (Brocca),pouring
194439,Ewer (Schnabelkanne),pouring
194471,Puzzle bottle,flask_and_bottle
194472,Ewer,pouring
194475,Jug,pouring
194479,Jug,pouring
194488,Hot milk jug,pouring
194582,Jug with cover,pouring
194583,Screw-top jar,storage
194586,Screw-top jar (Schraubflasche),storage
194587,Screw-top jar (Schraubflasche),storage
194588,Bottle,flask_and_bottle
194590,Bottle,flask_and_bottle
194591,Vase,vase
194595,Jug,pouring
194608,Storage jar (albarello),storage
194624,Pitcher with cover,pouring
194632,Jug,pouring
194636,Jug,pouring
194637,Jug,pouring
194639,Jug,pouring
194644,Jug,pouring
194906,Milk pot with cover,pouring
194960,Vase,vase
194961,Jug,pouring
194963,Jug,pouring
194967,Vase,vase
195013,Urn,storage
195021,Albarello,storage
195041,Rosewater jug,wine_alcohol_water
195127,Jug,pouring
195208,Bottle cooler (seau à bouteille),flask_and_bottle
195209,Bottle cooler (seau à bouteille),flask_and_bottle
195217,Toilet jar with cover,storage
195272,Rosewater jug,wine_alcohol_water
195273,Ewer,pouring
195302,Milk jug (pot à lait à pieds),pouring
195307,Jug,pouring
195499,Vase,vase
195500,Bottle,flask_and_bottle
195501,Bottle,flask_and_bottle
195741,Vase,vase
195742,Vase,vase
195766,Albarello with arms of Leonardo Buonafede,storage
195774,Ewer,pouring
195775,Ewer,pouring
195780,Jug,pouring
196343,Ewer,pouring
196344,Jug,pouring
196359,Vase with stopper,storage
196360,Vase with stopper,storage
196361,Bottle with stopper,flask_and_bottle
196544,Ewer,pouring
196553,Vase with cover,storage
196567,Wine bottle,wine_alcohol_water
196568,Puzzle jug,pouring
196601,Jar with cover,storage
196741,Albarello,storage
197018,Urn with cover,storage
197219,Storage Jar (Albarello),storage
197220,Storage Jar (Albarello),storage
197222,Albarello,storage
197223,Albarello,storage
197224,Albarello,storage
197225,Pharmacy jar with subjects from The Campaigns of Julius Caesar,storage
197232,Pilgrim bottle,flask_and_bottle
197233,Pilgrim bottle,flask_and_bottle
197485,Jug,pouring
197515,Water bottle,wine_alcohol_water
197532,Cream jug,pouring
197552,Puzzle jug,pouring
197558,Vase,vase
197570,Cream jug,pouring
197571,Cream jug,pouring
197572,Cream jug,pouring
197580,Wall vase,vase
197605,Cream jug,pouring
197612,Jug,pouring
197613,Cream jug,pouring
197614,Cream jug,pouring
197616,Cream jug,pouring
197819,Jug in the form of a bear hugging a small dog,pouring
197824,Jug,pouring
197829,Bottle,flask_and_bottle
197993,Jug,pouring
198006,Hand warmer or flask in the shape of a book,flask_and_bottle
198321,Vase with cover,storage
198322,Vase with cover,storage
198409,Jug,pouring
198416,Cream jug,pouring
198426,Jug,pouring
198432,Jug with portrait of Frederick the Great,pouring
198497,Jug,pouring
198500,Vase,vase
198507,Vase with cover,storage
198575,Jug,pouring
198669,Vase,vase
198670,Ewer,pouring
198707,Pilgrim bottle with screw top,flask_and_bottle
198777,Pharmacy jar (albarello),storage
198778,Pharmacy jar (albarello),storage
198780,Storage jar,storage
198781,Storage jar,storage
198784,Double-spouted pitcher with arms of the Antinori family,pouring
198939,Storage or pharmacy jar,storage
198940,Double-spouted armorial ewer,pouring
198941,Storage jar (albarello) for mostarda,storage
198947,Albarello,storage
198963,Jug,pouring
198972,Lidded pharmacy jar with the personification of Fortuna,storage
198973,Lidded pharmacy jar with the personification of Fortuna,storage
198974,Lidded pharmacy jar with the personification of Fortuna,storage
199026,Cream jug,pouring
199039,Jug,pouring
199051,Jug in the style of Worcester,pouring
199110,Potpourri jar with cover,storage
199111,Toilet jar,storage
199132,Tea caddy,storage
199134,Jug with cover,pouring
199135,Vase,vase
199181,Hot milk pot,pouring
199195,Jug with cover,pouring
199238,Jug,pouring
199261,Cream jug,pouring
199271,Cream jug,pouring
199273,Hot milk jug,pouring
199285,Milk jug,pouring
199320,Jug,pouring
199334,Toby jug,pouring
199335,Toby jug,pouring
199337,Toby jug,pouring
199338,Jug,pouring
199343,Pomade jar,storage
199348,Pilgrim bottle with cover,flask_and_bottle
199372,Bottle cooler,flask_and_bottle
199384,Ewer,pouring
199415,Jug,pouring
199417,Milk pot with cover,pouring
199461,Bottle,flask_and_bottle
199466,Bottle,flask_and_bottle
199470,Vase,vase
199515,Puzzle jug,pouring
199532,Book flask,flask_and_bottle
199533,Book flask,flask_and_bottle
199534,Miniature pilgrim bottle,flask_and_bottle
199542,Hot milk jug with cover,pouring
199559,Bottle,flask_and_bottle
199568,Jug,pouring
199569,Jug,pouring
199570,Puzzle jug,pouring
199579,Spill vase,vase
199582,Bottle,flask_and_bottle
199601,Flower vase,vase
199670,Jar,storage
199719,Albarello,storage
199720,Pharmacy jar (albarello),storage
199721,Pharmacy jar (albarello),storage
199722,Storage jar (albarello) with a profile portrait,storage
199726,Pharmacy jar,storage
199727,Albarello,storage
199730,Storage jar (albarello),storage
199731,Pharmacy jar with the Apollo Belvedere and King David,storage
199732,Vase or jar,storage
199733,Two-handled pharmacy or storage jar with arms of the Orsini family and profile head of a man,storage
199744,Pharmacy jar (albarello),storage
199745,Storage Jar (Albarello),storage
199751,One-handled storage jar (albarello),storage
199752,Two-handled vase,vase
199765,Cream jug,pouring
199775,Jar,storage
199886,Jug,pouring
200622,Vase with cover,storage
200670,Vase,vase
200726,Toby jug,pouring
200730,Pilgrim bottle with cover,flask_and_bottle
200772,Vase with cover,storage
200823,Toilet jar with cover,storage
200827,Jar,storage
200839,Bottle cooler,flask_and_bottle
200840,Glass cooler (seau à verre),other
200841,Toilet jar with cover,storage
200873,Vase (vase le boitteux),vase
200875,Vase with cover,storage
200876,Potpourri jar,storage
200879,Vase with cover,storage
200880,Jug (Enghalskrug),pouring
200885,Jug (Krug),pouring
200886,Vase with cover,storage
200891,Jug,pouring
200892,Jug,pouring
200894,Jug,pouring
200895,Vase with cover,storage
200911,Scent bottle,flask_and_bottle
200928,Vase with cover,storage
200962,Vase with cover,storage
201054,Milk jug with cover,pouring
201289,Cream jug,pouring
201290,Wall vase,vase
201299,Hot milk jug,pouring
201408,Pharmacy jar with cover,storage
201610,Ewer,pouring
201695,Perfume bottle,flask_and_bottle
201716,Milk jug with cover,pouring
201732,Vase (cuvette à fleurs Courteille),vase
201751,Bottle,flask_and_bottle
201752,Jug,pouring
201753,"Jug with portraits of Emperor Charles V (1500–1558) and Johann Friedrich the Magnanimous (1503–1554), elector of Saxony",pouring
201756,Bellarmine or Bartman jug,pouring
201758,Jug,pouring
201762,Pilgrim bottle,flask_and_bottle
201798,Vase with cover,storage
201881,Jar with cover,storage
202124,Ewer,pouring
202171,Vase with cover (vase à dauphins),storage
202178,Vase with cover (vase à bâtons rompus),storage
202183,Vase with cover (Vase Paris enfants),storage
202184,Vase (vase à panneaux or à perles),vase
202191,Vase (vase hollandais),vase
202192,Potpourri vase (pot-pourri gondole),vase
202193,Potpourri vase (pot-pourri à vaisseau),vase
202205,Flower vase (cuvette à fleurs courteille),vase
202215,Vase with cover (vase urne antique),storage
202218,Vase with cover (probably vase à bâtons rompus),storage
202243,Water jar,wine_alcohol_water
202473,Vase with cover,storage
202581,Jug with Portuguese arms,pouring
202967,Jar with cover,storage
203192,Bottle,flask_and_bottle
203257,Scent bottle,flask_and_bottle
203266,Jar with cover,storage
203276,Pilgrim bottle,flask_and_bottle
203278,Hexagonal vase,vase
203282,Commemorative jar with cover,storage
203297,Cream jug,pouring
203298,Cream jug,pouring
203299,Jar (bulb pot),storage
203363,Ewer,pouring
203377,Perfume vase,storage
203378,Perfume vase,storage
203607,Jar with cover,storage
203612,Vase with cover,storage
204026,Jug,pouring
204046,Jug,pouring
204047,Jug,pouring
204058,Cream jug,pouring
204062,Cream jug,pouring
204066,Cream jug,pouring
204070,Cream jug,pouring
204071,Cream jug,pouring
204072,Cream jug,pouring
204075,Vase,vase
204084,Vase,vase
204090,Bottle,flask_and_bottle
204098,Cream jug,pouring
204350,Pitcher,pouring
204351,Pitcher,pouring
204352,Pitcher,pouring
204354,Pitcher,pouring
204355,Pitcher,pouring
204356,Pitcher,pouring
204360,Pitcher,pouring
204363,Pitcher,pouring
204364,Pitcher,pouring
204368,Pitcher,pouring
204370,Pitcher,pouring
204372,Pitcher,pouring
204374,Pitcher,pouring
204377,Pitcher,pouring
204378,Pitcher,pouring
204380,Pitcher,pouring
204382,Jug,pouring
204383,Jug,pouring
204384,Jug,pouring
204385,Jug,pouring
204386,Jug,pouring
204387,Jug,pouring
204390,Pitcher,pouring
204391,Pitcher,pouring
204392,Pitcher,pouring
204396,Clock vase,vase
204403,Jug,pouring
204414,Urn,storage
204415,Jug,pouring
204423,Pitcher,pouring
204511,Vase,vase
204512,Two-handled storage jug (albarello) with crowned eagles,pouring
204513,Vase with love motifs,vase
204514,Pharmacy jar (albarello),storage
204515,Pharmacy bottle,flask_and_bottle
204524,Jug,pouring
204671,Vase,vase
204753,Toby jug,pouring
204844,Bottle,flask_and_bottle
205087,Cream jug,pouring
205096,Syrup jug,pouring
205100,Harvest jug,pouring
205321,Scent bottle,flask_and_bottle
205322,The Three Graces,other
205323,Scent bottle,flask_and_bottle
205324,Scent bottle,flask_and_bottle
205325,Scent bottle,flask_and_bottle
205326,Scent bottle,flask_and_bottle
205327,Scent bottle in the form of a nun reading a book,flask_and_bottle
205328,Scent bottle,flask_and_bottle
205330,Scent bottle,flask_and_bottle
205335,Scent bottle,flask_and_bottle
205336,Scent bottle,flask_and_bottle
205378,Jug,pouring
205379,Jug,pouring
205381,Jug,pouring
205382,Jug,pouring
205470,Vase (pot à fleurs),vase
205476,Vase with cover,storage
205826,Jug,pouring
205827,Jug,pouring
205832,Small jug,pouring
205835,Jug with scroll handle and flat cover,pouring
205845,Jug with pewter cover,pouring
205878,Scent bottle,flask_and_bottle
205919,Vase,vase
205922,Vase,vase
205936,Vase,vase
205973,Ewer with cover in the shape of a rabbit,pouring
205979,Small milk pot with cover,pouring
206024,Four-sided bottle,flask_and_bottle
206025,Bottle,flask_and_bottle
206073,Scent bottle in the form of a swan,flask_and_bottle
206107,Flower vase (cuvette Mahon),vase
206142,Lady seated amongst a grapevine,other
206318,Wine jar (Orcio da vino),wine_alcohol_water
206319,Wine jar (Orcio da vino),wine_alcohol_water
206328,Water bottle or flask,wine_alcohol_water
206385,Ewer,pouring
206392,Vase,vase
206393,Vase,vase
206433,Flower vase (cuvette à tombeau),vase
206454,Elephant-head vase (vase à tête d'éléphant),vase
206522,Potpourri vase (pot-pourri à jour),vase
206629,Vase,vase
206654,Pitcher,pouring
206669,Flask,flask_and_bottle
206742,Vase (jasmin japonais),vase
206796,Ewer,pouring
206914,Bottle,flask_and_bottle
207123,Scent bottle,flask_and_bottle
207124,Scent bottle,flask_and_bottle
207145,Potpourri Vase with Girl and Dog,vase
207383,Elephant-head vase (vase à tête d'éléphant),vase
207399,Jar,storage
207404,Ewer,pouring
207469,Jug,pouring
207470,Jug,pouring
207564,Vase,vase
207713,U-shaped vase,vase
207745,Ewer,pouring
207775,Pitcher,pouring
207776,Pitcher,pouring
207777,Pitcher,pouring
207779,Moon flask,flask_and_bottle
207815,Urn (cachepot),storage
207847,Cider jug,wine_alcohol_water
207850,Vase,vase
207983,Bottle,flask_and_bottle
207990,Jug,pouring
208001,Pitcher,pouring
208006,Jug with stylized floral pendants,pouring
208009,Low jug,pouring
208029,Vase,vase
208035,Vase,vase
208036,Vase,vase
208040,Vase,vase
208083,Pharmacy jar,storage
208120,Water jar with spout (vase à bec),wine_alcohol_water
208121,Pomade pot with cover,storage
208122,Pomade pot,storage
208140,Vase,vase
208152,Vase,vase
208156,Vase,vase
208181,Vase,vase
208199,Flower vase,vase
208243,Bottle,flask_and_bottle
208245,Ewer,pouring
208248,Jar,storage
208279,Bottle with flowers of the four seasons,flask_and_bottle
208307,Ewer,pouring
208337,Pitcher,pouring
208387,Milk jug with cover,pouring
208388,Milk jug with cover,pouring
208389,Bottle,flask_and_bottle
208397,Vase,vase
208398,Vase,vase
208403,Jar with cover,storage
208409,Milk jug with cover,pouring
208421,Vase,vase
208422,Cylindrical vase,vase
208439,Milk jug with cover,pouring
208440,Milk pitcher,pouring
208450,Vase with coiling dragon,storage
208486,Potpourri vase,vase
208542,Pitcher,pouring
208546,Bottle,flask_and_bottle
208556,Pitcher,pouring
208806,Pilgrim bottle,flask_and_bottle
208811,Scent bottle,flask_and_bottle
208822,Pitcher,pouring
209254,Flask,flask_and_bottle
209256,Jug,pouring
209997,Vase,vase
210743,Pinch bottle,flask_and_bottle
210750,One-handled storage jar (albarello),storage
210783,Milk jug,pouring
231768,Milk jug,pouring
231832,Vase soliflore,vase
232205,Gourd-shaped vase,vase
232222,Jug,pouring
232384,Vase (Vase hollandois),vase
234894,Hot milk jug,pouring
238560,Vase,vase
239354,Monumental vase,vase
239355,Vase,vase
239357,Square vase,vase
239358,Vase with rooster,vase
239359,Vase with reaper,vase
239363,Vase with face,vase
239364,Vessel with Women and Goats,other
239483,Tall vase with four roundels,vase
239486,Jar with four birds,storage
239488,Vase,vase
239494,Beaker vase,vase
239496,Vase with birds and portrait,vase
239498,Bottle vase with birds,flask_and_bottle
239499,Vase with blue jay,vase
239504,Small vase with birds,vase
239506,Vase,vase
239561,Flask with face,flask_and_bottle
239563,Gourd vase,vase
239963,"Jug, miniature",pouring
239987,Askos,pouring
239990,"Vase, miniature",vase
239997,Juglet,pouring
240000,Jug,pouring
240009,"Vase, miniature",vase
240015,Terracotta krater,wine_alcohol_water
240016,Terracotta jug,pouring
240048,Jug,pouring
240063,Strainer,other
240065,Jug,pouring
240070,Jug,pouring
240072,Amphoriskos,storage
240086,Terracotta jug with trough spout,pouring
240109,Oinochoe,pouring
240117,Terracotta jug,pouring
240118,Terracotta jug,pouring
240122,Juglet,pouring
240124,Juglet,pouring
240128,Terracotta head-shaped flask,flask_and_bottle
240129,Jug,pouring
240140,Jug,pouring
240145,Amphora,storage
240161,Vase,vase
240221,Terracotta jug,pouring
240256,Oinochoe,pouring
240274,Ring-kernos,ritual
240277,Amphora,storage
240287,Jug,pouring
240291,"Jug, barrel-shaped",pouring
240298,"Krater, miniature",wine_alcohol_water
240307,Amphoriskos,storage
240312,Oinochoe,pouring
240328,Jug,pouring
240332,Terracotta stirrup jar,storage
240333,Terracotta stirrup jar,storage
240335,Terracotta stirrup jar,storage
240344,Terracotta globular flask,flask_and_bottle
240345,Terracotta globular flask,flask_and_bottle
240351,Terracotta pithoid jar,storage
240394,Amphora,storage
240403,Askos in the form of an animal,animal_shaped
240423,Terracotta zoomorphic askos (vessel),pouring
240428,Terracotta duck-shaped askos (flask with spout and handle over the back),pouring
240432,Askos in the form of an animal,animal_shaped
240436,Jug,pouring
240442,Juglet,pouring
240474,Juglet,pouring
240478,Juglet,pouring
240484,Terracotta barrel-shaped jug,pouring
240486,Terracotta lentoid flask,flask_and_bottle
240489,Flask,flask_and_bottle
240539,Jug,pouring
240554,Terracotta chariot krater,wine_alcohol_water
240566,Amphora,storage
240600,Amphora,storage
240634,Terracotta jug,pouring
240667,Amphoriskos,storage
240668,Terracotta vase in the shape of a horn,vase
240727,Terracotta jug,pouring
240739,Juglet,pouring
240763,Vase in the form of a bird,animal_shaped
240785,Terracotta jug,pouring
240790,Juglet,pouring
240815,Terracotta jug,pouring
240817,Terracotta vessel,other
240908,Terracotta spindle bottle,flask_and_bottle
240910,Terracotta spindle bottle,flask_and_bottle
240926,Terracotta amphora,storage
240970,Terracotta jug,pouring
241816,Terracotta vase in the form of a sleeping Black African youth,vase
244729,Terracotta alabastron (jar),storage
244732,Terracotta jug,pouring
244751,Terracotta stirrup jar,storage
244759,Terracotta amphoriskos (oil flask),flask_and_bottle
244778,Terracotta pithoid jar,storage
244817,Terracotta oinochoe: chous (jug),pouring
244828,Terracotta squat lekythos (oil flask),flask_and_bottle
244829,Terracotta oinochoe: olpe (jug),pouring
244838,Terracotta Nicosthenic neck-amphora (jar),storage
244857,Terracotta alabastron (perfume vase),storage
244860,Hydria,wine_alcohol_water
244862,Pelike,storage
245556,Terracotta Hadra hydria (water jar),wine_alcohol_water
245557,Terracotta Hadra hydria (water jar),wine_alcohol_water
245571,Terracotta Hadra hydria (water jar),wine_alcohol_water
245573,Terracotta Hadra hydria (water jar),wine_alcohol_water
245574,Terracotta Hadra hydria (water jar),wine_alcohol_water
245598,Terracotta stamnos,storage
245612,Terracotta neck-amphora (jar),storage
246116,Terracotta pointed aryballos (oil flask),flask_and_bottle
246122,Lebes gamikos (jar associated with weddings),storage
246123,Terracotta lekythos (oil flask) with an owl,flask_and_bottle
246156,Terracotta amphora with lid,storage
246168,Amphora with lid,storage
246169,Vase with lid,storage
246189,Vase,vase
246223,Oinochoe,pouring
246239,Terracotta volute-krater (container for mixing wine and water),wine_alcohol_water
246241,Terracotta neck-amphora (jar) with lid,storage
246560,Squat lekythos,storage
246571,Squat lekythos,storage
246636,Vase,vase
246939,Terracotta pelike (jar),storage
246979,Terracotta rhyton (vase for libations or drinking),ritual
247188,Terracotta alabastron (perfume vase),storage
247191,Terracotta neck-amphora (storage jar),storage
247192,Terracotta alabastron (perfume vase),storage
247198,Terracotta vase in the form of a fish,animal_shaped
247207,Terracotta vase in the form of a siren,vase
247212,Terracotta oinochoe (jug),pouring
247216,Terracotta neck-amphora (jar),storage
247223,Terracotta neck-amphora (jar) of Panathenaic shape,storage
247235,Terracotta oinochoe (jug),pouring
247250,Lekythos,storage
247256,Terracotta lekythos (oil jar),storage
247282,Terracotta neck-amphora (jar) with twisted handles,storage
247308,Terracotta pelike (jar),storage
247315,Terracotta amphora (jar),storage
247324,Lekythos,storage
247348,Terracotta hydria: kalpis (water jar),wine_alcohol_water
247352,Terracotta oinochoe (jug),pouring
247364,"Oinochoe, chous",pouring
247410,Terracotta funnel-jar,storage
247414,Terracotta loutrophoros (ceremonial vase for water),wine_alcohol_water
247582,Terracotta lekythos (oil flask),flask_and_bottle
247584,Terracotta lekythos (oil flask),flask_and_bottle
247635,Terracotta side-spouted jug,pouring
247949,Terracotta Nolan neck-amphora (jar),storage
247952,Terracotta neck-pelike (wine jar),wine_alcohol_water
248096,Terracotta oinochoe: chous (jug),pouring
248182,Terracotta lekythos (oil flask),flask_and_bottle
248300,Terracotta stamnos (jar),storage
248502,Terracotta jug,pouring
248515,Terracotta kalathos (vase with flaring lip),vase
248705,Terracotta guttus (flask with handle and vertical spout),pouring
248709,Terracotta relief probably from a funnel vase,vase
248732,Terracotta Nolan neck-amphora (jar),storage
248811,Terracotta neck-amphora (jar) with twisted handles,storage
248832,Terracotta hemispherical strainer,other
248847,Terracotta oinochoe (jug),pouring
249056,Lekythos,storage
250076,Vase,vase
250077,Vase,vase
250091,Jug,pouring
250238,Vase,vase
250239,Vase,vase
250550,Terracotta squat lekythos (oil flask),flask_and_bottle
250572,Jug,pouring
250747,Terracotta duck-askos (flask with spout and handle),pouring
250804,Terracotta amphoriskos (oil flask),flask_and_bottle
251100,Terracotta amphora (jar),storage
251104,Terracotta oinochoe: chous (jug),pouring
251128,Oinochoe,pouring
251134,Terracotta hydria: kalpis (water jar),wine_alcohol_water
251260,Terracotta aryballos (oil flask),flask_and_bottle
251269,Small terracotta amphora (jar),storage
251271,"Hydria, miniature",wine_alcohol_water
251345,Terracotta hydria (water jar),wine_alcohol_water
251401,Terracotta vase in the form of a lobster claw,vase
251402,Terracotta neck-amphora (jar),storage
251487,Terracotta lekythos (oil flask),flask_and_bottle
251508,Terracotta amphoriskos (flask),flask_and_bottle
251763,Terracotta miniature jar with two handles,storage
251803,Lekythos,storage
251933,Terracotta Nolan neck-amphora (jar),storage
252496,Terracotta amphora (jar),storage
252556,Terracotta vase in the shape of a monkey,vase
252589,Terracotta ring askos (flask with a spout and handle over the top),pouring
252592,Terracotta situla (bucket),pouring
252634,Terracotta lydion (perfume jar),storage
252902,Terracotta sauceboat,other
253050,Terracotta alabastron (perfume vase) in the form of a woman holding a dove,storage
253052,Terracotta squat lekythos (oil flask),flask_and_bottle
253173,Terracotta oinochoe (jug),pouring
253205,Terracotta oinochoe (jug),pouring
253430,Terracotta lekythos (oil flask),flask_and_bottle
254183,Terracotta Nolan neck-amphora (jar),storage
254186,Terracotta lekythos (oil flask),flask_and_bottle
254189,Terracotta vase in the form of a bird,animal_shaped
254198,Terracotta alabastron (perfume vase) in the shape of a hare,storage
254199,Terracotta neck-amphora (jar),storage
254200,Terracotta rhyton (vase for libations or drinking),ritual
254202,Terracotta lekythos (oil flask),flask_and_bottle
254227,Column-krater,wine_alcohol_water
254246,Terracotta aryballos in the form of a helmeted head,storage
254247,Terracotta alabastron (perfume vase),storage
254268,Terracotta lekythos (oil flask),flask_and_bottle
254281,Terracotta Nolan neck-amphora (jar),storage
254303,Terracotta Nolan amphora (jar),storage
254307,Terracotta squat lekythos (oil flask),flask_and_bottle
254312,Lekythos,storage
254329,Terracotta aryballos (oil flask),flask_and_bottle
254345,Terracotta amphora (jar),storage
254346,Neck-amphora,storage
254352,Lekythos,storage
254378,Lekythos,storage
254396,Terracotta lekythos (oil flask) with a bird,flask_and_bottle
254422,"Amphora, miniature",storage
254427,Lekythos,storage
254428,Plemochoe,other
254484,Terracotta jug in the form of Dionysos,pouring
254545,Terracotta neck-amphora (jar),storage
254551,Terracotta neck-amphora (jar),storage
254559,Lekythos,storage
254561,Terracotta amphora (jar),storage
254616,Terracotta hydria: kalpis (water jar),wine_alcohol_water
254629,Terracotta oinochoe (jug),pouring
254633,Oinochoe,pouring
254634,Terracotta amphora (jug),pouring
254778,Terracotta vase,vase
254880,Terracotta neck-amphora (jar),storage
254881,Terracotta  neck-amphora (jar),storage
254915,Terracotta hydria: kalpis (water jar),wine_alcohol_water
254923,Terracotta situla (bucket),pouring
254932,Terracotta nestoris (two-handled jar),storage
254957,Terracotta squat lekythos (oil flask),flask_and_bottle
254983,Terracotta amphora (jar),storage
255062,"Terracotta vase with strainer, spout, and three handles",pouring
255156,Terracotta pelike (wine jar),wine_alcohol_water
255193,Terracotta hydria: kalpis (water jar),wine_alcohol_water
255244,Oinochoe,pouring
255274,Terracotta alabastron (perfume vase),storage
255289,Terracotta vase in the form of a pig,animal_shaped
255315,Epichysis,pouring
255316,Epichysis,pouring
255333,Bottle,flask_and_bottle
255341,Terracotta oon (egg),other
255351,Terracotta guttus (flask with handle and vertical spout),pouring
255461,Terracotta rhyton (vase for libations or drinking),ritual
255627,Terracotta Panathenaic prize amphora (jar),storage
255648,Terracotta askos (flask  with a spout and handle over the top),pouring
255700,Terracotta ring aryballos (perfume vase),storage
255706,Lekythos,storage
255719,Terracotta oinochoe (jug),pouring
255796,Terracotta guttus (flask with handle and verticle spout),pouring
255894,Terracotta hydria (water jar),wine_alcohol_water
256203,Terracotta beak-spouted jug,pouring
256207,Terracotta loutrophoros (ceremonial vase for water),wine_alcohol_water
256549,Terracotta jar,storage
256602,Terracotta neck-amphora with twisted handles (jar),storage
256616,Terracotta neck-amphora (jar),storage
256912,Terracotta vase in the form of a phallus,vase
257671,Terracotta spouted jug,pouring
258464,Terracotta neck-amphora (jar),storage
307472,Bottle with portrait head,flask_and_bottle
307473,Stirrup-spout bottle with fox warrior,pouring
307474,Stirrup-spout bottle with seated figure,pouring
307614,Foot Jar,storage
307615,Foot Jar,storage
307619,Incised Painted Jar with Single Spout,pouring
307620,Single Spout Painted Jar,pouring
307622,Double Spout and Bridge Bottle,pouring
307863,Double-End Snake Bottle,flask_and_bottle
307864,Bridge and Spout Bottle,pouring
307865,Bridge and Spout Bottle with Bird Head,pouring
307866,Bridge and Spout Bottle with Bird,pouring
307868,Bridge and Spout Bottle with Falcoln,pouring
307869,Stirrup Spout Bottle with Owl Head,pouring
307870,Stirrup Spout Bottle with Seated Figure,pouring
307871,Stirrup-spout bottle with peanut figure,pouring
307873,Stirrup Spout Bottle with Wrinkled Face,pouring
308291,"Bottle, Feline Face",flask_and_bottle
308292,"Bottle, Feline Face",flask_and_bottle
308293,Bridge and Spout Bottle,pouring
308294,"Bottle, Falcon Head",flask_and_bottle
308296,"Bottle, Falcon",flask_and_bottle
308297,"Bottle, Falcon",flask_and_bottle
308298,"Bottle, Falcon",flask_and_bottle
308300,Painted bridge and spout bottle,pouring
308301,Bottle,flask_and_bottle
308303,Bottle,flask_and_bottle
308304,Bottle,flask_and_bottle
308347,Figure jar,storage
308348,Painted jar with stripes,storage
308349,Storage jar,storage
308350,Storage jar,storage
308352,Whistling bottle with single spout,pouring
308354,Monkey-shaped spout-and-bridge bottle,pouring
308355,"Double Spout Bottle, Felines",pouring
308359,Double-Spout Bottle: Felines,pouring
308362,Bird-Head Vessel,other
308363,Spout-and-bridge bottle with feline face,pouring
308379,Double spout and bridge bottle,pouring
308380,Collared jar with birds,storage
308381,Bottle with figures,flask_and_bottle
308382,Stirrup spout bottle with figure,pouring
308383,Spectacled Bear Bottle,flask_and_bottle
308386,Stirrup spout bottle with fish demon and tumi,animal_shaped
308387,Stirrup spout bottle with sitting figure,pouring
308388,Stirrup spout bottle with sitting blind man,pouring
308403,"Bottle, Crab Deity",ritual
308404,"Bottle, Fighting Figures",flask_and_bottle
308405,"Bottle, Starfish",flask_and_bottle
308406,Stirrup spout bottle in cap shape,pouring
308408,Bottle with fox head,flask_and_bottle
308409,Stirrup-spout bottle with deer,pouring
308410,Stirrup-spout bottle with bird warrior,pouring
308411,Warrior Bottle,flask_and_bottle
308412,Stirrup spout bottle with dignitary figure,pouring
308413,Stirrup spout bottle with dignitary figure,pouring
308414,Spout-and-bridge bottle with funerary procession,ritual
308415,Architectural Vessel,other
308417,Stirrup spout bottle with figure with llama headdress,pouring
308420,Jar,storage
308423,Bottle,flask_and_bottle
308424,Bottle,flask_and_bottle
308425,"Bottle, Face",flask_and_bottle
308426,"Bottle, Feline face",flask_and_bottle
308428,Bottle,flask_and_bottle
308439,Bridge and Spout Bottle with Head,pouring
308440,Bridge and Double Spout Bottle with Guilloches,pouring
308441,Bridge and Double Spout Bottle with Guilloche,pouring
308446,Black Slip Bottle,flask_and_bottle
308447,"Double Spout and Bridge Bottle with ""S"" Designs",pouring
308448,Feline Effigy Bottle,flask_and_bottle
308450,Melon Shaped Bottle,flask_and_bottle
308451,Melon Shaped Bottle,flask_and_bottle
308452,Fox Effigy Bottle,animal_shaped
308455,Double-spout bottle,pouring
308456,Monkey Bottle,flask_and_bottle
308457,Jar,storage
308458,Spout-and-bridge bottle with fox,animal_shaped
308459,"Double Spout Bottle, Bird",animal_shaped
308463,Gourd-shaped bottle,flask_and_bottle
308464,"Bottle, Gourds",flask_and_bottle
308465,Double Spout Bottle,pouring
308466,Double Spout Bottle,pouring
308476,Foot Jar,storage
308477,Foot Jar,storage
308483,Bridge and Spout Bottle,pouring
308486,Blind Spout Incised Vessel,pouring
308487,Double Spouted Vessel with Snake,pouring
308491,Miniature Effigy Vessel,other
308492,Blackware Vessel with Incised Patterns,other
308507,Bottle with Runners,flask_and_bottle
308508,Owl Warrior Bottle,flask_and_bottle
308510,"Bottle, Warriors",flask_and_bottle
308511,"Bottle, Boat",flask_and_bottle
308512,Stirrup-spout bottle with bean warriors,pouring
308513,Stirrup Spout Bottle with Pumas,pouring
308514,Bird Bottle,flask_and_bottle
308515,Stirrup Spout Bottle with Duck,animal_shaped
308516,Stirrup Spout Bottle with Three Sections,pouring
308518,Stirrup Spout Bottle with Modeled Sections,pouring
308519,Stirrup Spout Bottle in Cactus Form,pouring
308520,Stirrup Spout Bottle with Stacked Containers,pouring
308523,Stirrup-spout bottle with feline,pouring
308524,Double Chambered Whistling Jar with Parrot,storage
308525,Stirrup Spout Bottle with Owl,pouring
308526,Stirrup Spout Bottle with Bird and Snake,pouring
308527,Portrait Head Bottle,flask_and_bottle
308528,Bottle with portrait head,flask_and_bottle
308529,Stirrup Spout Bottle with Portrait Head,pouring
308530,Stirrup Spout Bottle with Tattoed Head,pouring
308531,Stirrup Spout Bottle with Portrait Head,pouring
308532,Tuber-inspired stirrup-spout bottle,pouring
308533,Bottle in Potato Form,flask_and_bottle
308534,Warrior Head Jar,storage
308535,Figure Jar,storage
308538,Stirrup Spout Bottle with Kneeling Warrior,pouring
308539,Stirrup Spout Bottle with Sleeping Warrior,pouring
308540,Stirrup Spout Bottle with Seated Figure,pouring
308541,Stirrup Spout Bottle with Coca Chewer,pouring
308542,Stirrup Spout Bottle with Seated Figure,pouring
308544,Figure Bottle,flask_and_bottle
308545,Stirrup Spout Bottle with Kneeling Leper,pouring
308546,Stirrup Spout Bottle with Woman Carrying Burden,pouring
308549,Stirrup Spout Bottle with Figure Holding Feline,pouring
308550,Stirrup Spout Bottle with Figure on Throne,pouring
308552,Double Chambered Bottle,flask_and_bottle
308554,Double Chambered Bottle,flask_and_bottle
308555,Double Chambered Bottle,flask_and_bottle
308556,"Bottle, Death Scene (?)",flask_and_bottle
308557,"Bottle, Death Scene (?)",flask_and_bottle
308558,Tuber-inspired stirrup-spout bottle,pouring
308560,"Bottle, Enthroned Figure",flask_and_bottle
308561,"Bottle, Crab Demon",flask_and_bottle
308563,Bottle,flask_and_bottle
308565,Stirrup-spout bottle with mountain sacrifice scene,pouring
308566,Figure Bottle,flask_and_bottle
308567,Spout-and-bridge bottle with warrior,pouring
308568,"Bottle, Mythic Figures",flask_and_bottle
308569,"Double Spout Bottle, Feline-Otter",pouring
308570,Bottle with masked figure,flask_and_bottle
308571,Double-spout bottle with shark,pouring
308577,Jar,storage
308578,Jar,storage
308580,"Double Spout Bottle, Killer Whale Motif",pouring
308582,Double Spout and Bridge Bottle with Bird Demon,animal_shaped
308584,Bottle with Incised Designs,flask_and_bottle
308585,Double Spout and Bridge Bottle with Incised Design,pouring
308586,Bottle with Incised Designs,flask_and_bottle
308588,Single Spout Painted Bottle,pouring
308590,Double Spout and Bridge Bottle with Snake,pouring
308591,Single Spout Jar in the Form of a Feline,pouring
308592,Single Spout Painted Jar,pouring
308600,Double Spout and Bridge Bottle with Bird Head,animal_shaped
308602,Single Spout Bottle with Resin Paint,pouring
308606,Double Spout and Bridge Bottle with Feline Face,animal_shaped
308607,Double Spout and Bridge Bottle with Bird,animal_shaped
308608,Single Spout Plain Bottle,pouring
308609,Double Spout and Bridge Bottle with Feline,animal_shaped
308615,Single Spout Bottle in Melon Form,pouring
308616,Double Spout and Bridge Bottle in Feline Shape,pouring
308618,Double Spout and Bridge Bottle with Falcoln,pouring
308619,Double Spout and Bridge Bottle with Feline and Bird,animal_shaped
308622,Single Spout Bottle,pouring
308623,Double Spout and Bridge Bottle with Falcon,pouring
308624,Double Spout and Bridge Bottle with Feline and Bird,animal_shaped
308625,Single Spout Bottle,pouring
308626,Single Spout Bottle,pouring
308627,"Bottle, Feline Face",flask_and_bottle
308628,"Bottle, Feline Face",flask_and_bottle
308629,Double Spout and Bridge Bottle with Bird,animal_shaped
308640,Double Spout and Bridge Bottle with Bird,animal_shaped
308642,Double Spout and Bridge Bottle with Bird,animal_shaped
308643,Double Spout and Bridge Bottle with Bird,animal_shaped
308645,Double Spout and Bridge Bottle with Bird,animal_shaped
308646,Double Spout and Bridge Bottle with Bird,animal_shaped
308647,Double Spout and Bridge Bottle with Bird,animal_shaped
308648,Double Spout and Bridge Bottle with Bird,animal_shaped
308651,Double Spout and Bridge Bottle with Bird,animal_shaped
308652,Double Spout and Bridge Bottle with Bird,animal_shaped
308655,Double Spout and Bridge Bottle with Bird,animal_shaped
308657,Double Spout and Bridge Bottle with Foxhead,pouring
308702,Oblong Single Spout Bottle,pouring
308703,Figure Jar,storage
308704,Single Spout Bottle with Incised Rings,pouring
308706,"Bottle, Falcon",flask_and_bottle
308707,Double Spout and Bridge Bottle with Bird,animal_shaped
308709,Double Spout and Bridge Bottle with Bird,animal_shaped
308710,Double Spout and Bridge Bottle with Bird,animal_shaped
308711,Double Spout and Bridge Bottle with Bird,animal_shaped
308712,Double Spout and Bridge Bottle with Bird,animal_shaped
308713,Double Spout and Bridge Bottle with Bird,animal_shaped
308714,Double Spout and Bridge Bottle with Bird,animal_shaped
308715,Double Spout and Bridge Bottle with Chevron Design,pouring
308718,Bottle,flask_and_bottle
308719,Double Spout and Bridge Bottle with Bird,animal_shaped
308722,Handled Jar,storage
308723,Feline Bottle,animal_shaped
308724,Bottle,flask_and_bottle
308883,Seated Prisoner Single Spout Bottle,pouring
308884,Single Spout Monkey Figure Bottle with Strap Handle,pouring
308885,Stirrup Spout Bottle with Figure,pouring
308886,Stirrup Spout Bottle with Figure,pouring
309129,Mountain Scene Bottle,flask_and_bottle
309132,Double Spout and Bridge Bottle with Face,pouring
309133,Double Spout and Bridge Bottle with Faces,pouring
309137,Stirrup-Spout Bottle: Two Figures,pouring
309138,Bottle: Head,flask_and_bottle
309301,Stirrup Spout Bottle with Scrolls,pouring
309302,Vessel with Handle,other
309303,Single Spout Bottle with Strap Handle and Face,pouring
309304,Stirrup Spout Bottle with Cat,animal_shaped
309323,Stirrup Spout Bottle with Sleeping Man,pouring
309324,Stirrup Spout Bottle with Figure,pouring
309325,Stirrup Spout Bottle with Figure,pouring
309326,Stirrup Spout Bottle with Seated Figure,pouring
309327,Stirrup Spout Bottle with Seated Figure,pouring
309331,Stirrup Spout Bottle with Figure,pouring
309332,Stirrup Spout Bottle with Figure,pouring
309333,Stirrup Spout Bottle with Figures,pouring
309335,Stirrup Spout Bottle with Figure,pouring
309337,Whistling Stirrup Spout Bottle with Figure,pouring
309338,Whistling Stirrup Spout Bottle with Figure,pouring
309339,Stirrup Spout Bottle with Figure,pouring
309344,Stirrup Spout Bottle with Female,pouring
309345,Stirrup Spout Bottle with Figures,pouring
309346,Stirrup Spout Bottle with Figures,pouring
309352,Stirrup Spout Bottle with Couple,pouring
309353,Stirrup Spout Bottle with Couple,pouring
309354,Stirrup Spout Bottle with Couple,pouring
309355,Stirrup Spout Bottle with Couple,pouring
309356,Stirrup Spout Bottle with Couple,pouring
309357,Stirrup Spout Bottle with Couple,pouring
309359,Stirrup Spout Bottle with Couple,pouring
309360,Stirrup Spout Bottle with Couple,pouring
309363,Stirrup Spout Bottle with Couple,pouring
309364,Stirrup Spout Bottle with Couple,pouring
309366,Stirrup Spout Bottle with Couple,pouring
309367,Stirrup Spout Bottle with Phallic Figure,pouring
309370,Stirrup Spout Bottle with Ai-Apec,pouring
309371,Single Spout (Ai-Apec) Figure Bottle,pouring
309372,Stirrup Spout Bottle with Ai-Apec,pouring
309373,Stirrup Spout Bottle with Seated Figure,pouring
309376,Stirrup Spout Bottle with Figure,pouring
309378,Stirrup Spout Bottle with Figure,pouring
309379,Stirrup Spout Bottle with Painted Cactus Forms,pouring
309380,Figure Bottle,flask_and_bottle
309385,Double-chambered bottle with mouse,flask_and_bottle
309386,Double-chambered bottle with effigy figures,flask_and_bottle
309387,Figure Vessel,other
309388,Stirrup-spout bottle with owl,pouring
309389,Urpu (jar),storage
309396,Miniature Jar with Two Handles,storage
309397,Miniature Jar with Two Handles,storage
309399,Miniature Jar,storage
309400,Single Spout Bottle in Figure Form,pouring
309401,Single Spout Bottle with Strap Handles,pouring
309436,Stirrup Spout Bottle with Felines,pouring
309437,Bird Warrior Bottle,flask_and_bottle
309438,Bird Warrior Bottle,flask_and_bottle
309439,Warrior Bottle,flask_and_bottle
309440,Stirrup-spout bottle with warclub and crab warrior,pouring
309441,Raptorial Bird Bottle,flask_and_bottle
309442,Geometric Pattern Bottle,flask_and_bottle
309443,Geometric Pattern Bottle,flask_and_bottle
309444,Bottle,flask_and_bottle
309445,Bottle,flask_and_bottle
309446,Snarling Feline Bottle,animal_shaped
309447,Spotted Feline Bottle,animal_shaped
309468,Jar with flying figure (the Oculate Being),storage
309469,Storage jar,storage
309470,Storage jar,storage
309482,Llama Bottle,flask_and_bottle
309484,Stirrup Spout Bottle with Deer,pouring
309485,Animal Bottle,flask_and_bottle
309486,Frog Bottle,animal_shaped
309487,Corn Plant Bottle,flask_and_bottle
309490,Single Spout Portrait Head Bottle,pouring
309492,"Bottle, Head on Neck",flask_and_bottle
309494,"Jar, Fat Figure",storage
309495,"Jar, Fat Figure",storage
309496,"Bottle, Sleeping Figure",flask_and_bottle
309497,Stirrup Spout Bottle with Figure,pouring
309498,"Bottle, Seated Figure",flask_and_bottle
309499,"Bottle, Seated Figure",flask_and_bottle
309501,"Bottle, Figure Showing Tunic",flask_and_bottle
309502,"Bottle, Figure Showing Tunic",flask_and_bottle
309503,Double-chambered bottle,flask_and_bottle
309504,"Bottle, Throne Scene",flask_and_bottle
309508,Stirrup-spout vessel with figure in a shell,pouring
309509,Stirrup-spout bottle with monkey and snake,pouring
309510,Stirrup Spout Bottle: Fruit,pouring
309512,Bottle: Owl,flask_and_bottle
309513,Stirrup Spout Bottle: Monkey,pouring
309514,Stirrup Spout Bottle,pouring
309516,Stirrup Spout Bottle,pouring
309517,Stirrup Spout Bottle,pouring
309518,Stirrup-spout bottle with figure carrying deer,pouring
309519,Stirrup-spout bottle with feline and snake,pouring
309521,Stirrup-Spout Bottle,pouring
309523,Stirrup-Spout Bottle: Llama,pouring
309525,Cactus Jar,storage
309713,Yoke-form vessel,other
309717,Head jar,storage
309728,"Bottle, Drum",flask_and_bottle
309730,"Bottle, Fish",flask_and_bottle
309731,Bridge and Spout Bottle in Bird Form,pouring
309735,Jar with Lug Handles,storage
309741,"Jar, Whiskered Face",storage
309746,Bridge and Spout Bottle in Bird Form,pouring
309747,Bridge and Spout Bottle in Animal Form,pouring
309751,Bottle with Figures,flask_and_bottle
309752,Bottle with mythic figure,flask_and_bottle
309753,Stirrup Spout Bottle with Fish,animal_shaped
309756,Double Spout and Bridge Bottle with Birds,animal_shaped
309757,Tall Jar with Crosshatch Designs,storage
309759,Face Neck Bottle,flask_and_bottle
309760,Painted Aryballus Jar,storage
310192,"Bottle, Geometric Designs",flask_and_bottle
310193,"Bottle, Geometric Designs",flask_and_bottle
310194,Stirrup Spout Bottle with Animals,pouring
310195,"Bottle, Head",flask_and_bottle
310196,"Jar, Anthropomorphic Fox",storage
310197,Figure Jar,storage
310198,"Bottle, Sleeping Figure",flask_and_bottle
310199,Figure Bottle,flask_and_bottle
310201,"Bottle, Seated Figure",flask_and_bottle
310202,"Bottle, Seated Figure",flask_and_bottle
310203,"Bottle, Seated Figure",flask_and_bottle
310205,"Bottle, Anthropomorphic Crab",flask_and_bottle
310206,"Bottle, Anthropomorphic Crab",flask_and_bottle
310207,"Bottle, Deity Figure",ritual
310208,"Bottle, Feline Face",flask_and_bottle
310209,Figure Bottle,flask_and_bottle
310214,Bottle,flask_and_bottle
310215,Bottle,flask_and_bottle
310218,Bottle,flask_and_bottle
310219,Double Spout Bottle,pouring
310220,Bottle,flask_and_bottle
310221,Gourd-shaped bottle,flask_and_bottle
310227,Double-chambered bottle with monkeys,flask_and_bottle
310231,Stirrup Spout Bottle with Crayfish,pouring
310232,Stirrup Spout Bottle with Fruit Form,pouring
310355,Bottle,flask_and_bottle
310358,Jar,storage
310359,Bird Jar,storage
310361,Cylindrical Vessel,other
310363,Stirrup Spout Bottle with Serpent,pouring
310364,Vessel with mythological scene,other
310384,Vessel with footed base,other
310387,Vessel: Footed Base,other
310465,Bridge and Spout Bottle,pouring
310466,Bottle with a reed boat and paddler,flask_and_bottle
310481,Bottle,flask_and_bottle
310494,Stirrup-Spout Bottle,pouring
310496,Stirrup-spout bottle,pouring
310497,Bottle,flask_and_bottle
310509,Bottle with seated figure,flask_and_bottle
310512,Double Spout Bottle,pouring
310517,Head jar,storage
310520,Urpu (jar),storage
310521,Sea Lion Hunt Bottle,flask_and_bottle
310522,Stirrup-spout bottle with confronting figures,pouring
310523,Stirrup Spout Bottle with Nude Man and Bird,pouring
310538,Bottle,flask_and_bottle
310542,Whistling vessel,other
310543,Bottle with hummingbirds,flask_and_bottle
310544,Jar,storage
310547,Bottle,flask_and_bottle
310550,"Bottle, Trophy-Head",flask_and_bottle
310556,Bottle,flask_and_bottle
310568,Bottle with deity,ritual
310589,Effigy vessel,other
310594,Herder with llama,other
310601,Vessel with ritual scene,ritual
310602,Face Jar,storage
310603,Painted Animal Vessel,animal_shaped
310607,"Vessel, Seated Deities",other
310645,"Bottle, Skeletal Couple with Child",flask_and_bottle
310652,Bottle with caiman,flask_and_bottle
310654,Stirrup-spout bottle with fruits,pouring
310662,Feline-shaped stirrup-spout bottle,animal_shaped
310673,Jar,storage
310675,Jug,pouring
310704,Bridge and Spout Vessel with Duck Head,pouring
310716,Bottle,flask_and_bottle
312157,Bottle,flask_and_bottle
312158,Bottle,flask_and_bottle
312160,Shell Vessel,animal_shaped
312161,Bottle (Florero),flask_and_bottle
312165,Bridge and Spout Bottle with Figure on Throne,pouring
312486,Double Spout Bottle,pouring
312570,Jar,storage
312571,Jar,storage
312572,Tripod Jar,ritual
312582,Tripod brazier with date glyph,ritual
312586,Tripod vessel,ritual
312603,Jar,storage
312606,Double Spout and Bridge Bottle with Bird Handle,animal_shaped
312608,Tuber-inspired stirrup-spout bottle with monkeys,pouring
312629,Bridge and Spout Bottle,pouring
312632,Stirrup-spout bottle with combat scene,pouring
312802,Figure Vessel,other
312814,Ceramic Painted Vessel,other
312891,Bottle with Two Heads,flask_and_bottle
312928,Neckless jar with complex scene,storage
312935,Bird jar,storage
313009,Stirrup Spout Bottle with Suckling Puma,pouring
313101,Bridge and Spout Face Bottle,pouring
313145,Spouted jar,pouring
313155,Animal Vessel,animal_shaped
313156,Jar with Cut Maguey Leaves,storage
313241,Vessel,other
313275,Vessel,other
313286,Bottle (Florero),flask_and_bottle
313287,Urpu (jar),storage
313289,Hand with beaker,other
313301,Jar,storage
313302,Jar,storage
313304,Stirrup Spout Bottle,pouring
313305,Stirrup Spout Bottle,pouring
313307,Stirrup Spout Bottle,pouring
313309,Stirrup Spout Bottle,pouring
313314,Cylindrical Vessel,other
313320,Double Spout Bottle,pouring
313340,Feline-shaped spout-and-bridge bottle,animal_shaped
313361,Painted Vessel in the Form of a Seated Woman,other
313362,Fish Vessel,animal_shaped
313363,Jar with Four Faces,storage
313397,Stirrup Spout Bottle,pouring
314165,Vessel,other
314181,Ceramic Urn,storage
314197,Ceramic Whistling Vessel,other
314217,Vessel with mythological scene,other
314364,Stirrup-spout Bottle,pouring
314365,Vulture vessel,other
314523,Cylindrical Vessel,other
314524,Cylindrical Vessel,other
314626,Single Spout Bottle,pouring
314628,Bottle,flask_and_bottle
314629,Jar,storage
314633,Tripod Vessel,ritual
314635,Spouted Bottle,pouring
314636,Jar,storage
314678,Seated Figure Bottle,flask_and_bottle
314679,Fox Warrior Bottle,animal_shaped
314680,Portrait Head Bottle,flask_and_bottle
314681,Prisoner jar,storage
314682,Stirrup-spout bottle with squash,pouring
314684,Parrot Head Bottle,animal_shaped
314687,Bottle with fang motif,flask_and_bottle
314688,Stirrup Spout Bottle: Monkey Head,pouring
314690,Stirrup Spout Bottle; Kneeling Figure,pouring
314691,Stirrup Spout Bottle,pouring
314692,Stirrup Spout Bottle with Felines,pouring
314693,Stirrup Spout Bottle with Sea Monster,pouring
314694,Stirrup Spout Bottle with Long Necked Birds,pouring
314695,Stirrup Spout Bottle with Reclining Llama,pouring
314696,Stirrup Spout Bottle with Reclining Figure,pouring
314697,Stirrup Spout Bottle with Deer,pouring
314698,Bridge and Spout Bottle with Seated Prisoner,pouring
314699,Figure Bottle,flask_and_bottle
314859,Vessel: Zoomorphic,other
314954,Paccha (ritual vessel),ritual
314955,Paccha (ritual vessel),ritual
315038,Vessel,other
315052,Effigy bottle,flask_and_bottle
315062,Figure Vessel,other
315155,Stirrup Spout Bottle with Warrior,pouring
315176,Stirrup Spout Bottle with Warrior,pouring
315677,Single Spout Bottle with Fanged Face,pouring
315678,Stirrup-spout bottle with decapitation scene,pouring
315682,Stirrup Spout Bottle with Fanged Deity,ritual
315688,Stirrup Spout Bottle with Llama Head,animal_shaped
315999,Spout and Bridge Vessel,pouring
316000,Spouted Bottle,pouring
316001,Double-chambered bottle,flask_and_bottle
316175,Stirrup-spout bottle with mouse,pouring
316176,Bottle in the shape of a monkey,animal_shaped
316177,Bottle in the shape of a dog,flask_and_bottle
316270,Corn stalk-shaped vessel,other
316710,Bottle with ritual scene,ritual
316711,Vessel with Seated Lord,other
316718,Double Spout Bottle,pouring
316719,Double Spout Bottle,pouring
316720,Stirrup Spout Bottle: Frog,pouring
316721,Bottle with Snake,flask_and_bottle
316764,Female effigy vessel,other
316782,Jar,storage
316813,"Jar, Ritual Scenes",ritual
316875,Jar,storage
316882,Miniature Tripod Vase,ritual
316886,Double Spout Bottle,pouring
317619,Turkey Vessel,animal_shaped
317749,Stirrup Spout Bottle,pouring
317786,Double-spout bottle with flying figure,pouring
317793,Bottle in the shape of a feline,flask_and_bottle
317831,Jar,storage
317890,Spouted Vessel,pouring
317989,Long-necked vessel,other
317991,Globular vessel with twine impressions,wine_alcohol_water
318291,"Jar, Geometric Pattern",storage
318293,Water Jar,wine_alcohol_water
318345,Censer with seated king,ritual
318466,Jar,storage
318470,Bird Jar,storage
318475,Spouted Vessel,pouring
318602,Vessel with face-neck,other
318603,Figure Stirrup Spout Jar,pouring
318604,Stirrup Spout Bottle,pouring
318605,Compartmented Stirrup Spout Jar,pouring
318606,Lizard Stirrup Spout Jar,pouring
318607,Double-chambered bottle,flask_and_bottle
318614,Double Spout Bottle,pouring
318617,Runners Bottle,flask_and_bottle
318618,Painted Single Spout Bottle,pouring
318628,Cylinder Vessel,other
318662,Vessel with throne scene,other
319065,Turtle Vessel,animal_shaped
319468,Effigy urn,storage
319570,Owl Bottle,flask_and_bottle
319633,Cylindrical Vessel,other
319800,Bottle with female figure,flask_and_bottle
319859,Urn,storage
319966,Double-Tiered Jar,storage
320343,"Bottle, Head on Spout",pouring
330014,Terracotta chous,other
330015,Terracotta bottle,flask_and_bottle
330104,Pharmacy Jar,storage
442860,Spheroconical Vessel,other
442873,Vase,vase
442902,Pilgrim Flask with Saint Menas,flask_and_bottle
443103,Spheroconical Vessel,other
444451,Vase,vase
444463,Vase in the Form of a Double Gourd,vase
444478,Bottle with Incised Decoration,flask_and_bottle
444480,Jar,storage
444481,Ewer,pouring
444485,Vase,vase
444486,Vase,vase
444488,Bottle,flask_and_bottle
444490,Vase,vase
444495,Bottle,flask_and_bottle
444496,Pear-Shaped Bottle with a Bullock Design,flask_and_bottle
444497,Bottle,flask_and_bottle
444503,Ewer,pouring
444507,Bottle,flask_and_bottle
444508,Bottle Depicting a Peacock in Foliage,flask_and_bottle
444515,Jar,storage
444516,Bottle with Deer in Landscape,flask_and_bottle
444517,Bottle,flask_and_bottle
444518,Jar,storage
444873,Bottle,flask_and_bottle
444876,"Blue-ground Ewer with Floral, Tiger-stripe and 'Cintamani' Designs",pouring
444888,Ewer,pouring
444893,Pear-Shaped Bottle with Birds,flask_and_bottle
444898,Ewer,pouring
444900,Ewer,pouring
444948,Bottle,flask_and_bottle
445230,Ewer,pouring
445241,Ewer,pouring
445268,Vase,vase
445269,Ewer,pouring
445270,Ewer,pouring
445289,Jar,storage
445301,Jar,storage
446195,Beaker,other
446217,Pierced Blue Pot with Animals and Vegetal Scroll,other
446222,Jar,storage
446264,Bottle,flask_and_bottle
446269,Ewer,pouring
446283,Ewer with Molded Inscriptions and Figures on Horseback,pouring
446652,"Bottle with Figures Riding Buffaloes or Antilopes, and Monkeys",flask_and_bottle
446653,Bottle with Flying Cranes,flask_and_bottle
446654,Bottle Depicting Storks in Blue and Yellow on a White Background,flask_and_bottle
446673,Jar,storage
446685,Ewer,pouring
446695,Bottle,flask_and_bottle
446840,Jar,storage
446841,Jar,storage
446842,Jar,storage
446843,Jar,storage
446844,Jar,storage
446845,Jar,storage
446878,Spheroconical Vessel,other
446879,Bottle,flask_and_bottle
446886,Vase,vase
446888,Jar,storage
446898,Ewer with Horsemen Inscribed in Arabic with Good Wishes to its Owner,pouring
446900,Ewer,pouring
446902,Jar,storage
446903,Jar,storage
446907,Ewer with Horsemen and Sphinxes,pouring
446908,Ewer,pouring
446909,Jar,storage
446929,Jar,storage
446935,Jar,storage
446936,Jar,storage
446944,Jar,storage
446945,Ewer,pouring
446946,Jar,storage
446961,Jar,storage
446976,Bottle,flask_and_bottle
446997,Bottle,flask_and_bottle
447070,Ewer with Sailing-Ship Design,pouring
447072,Rooster-Headed Ewer,pouring
447080,Ewer,pouring
447120,Vase,vase
447130,Ewer,pouring
447137,Ewer,pouring
447138,Ewer,pouring
447139,Vase,vase
447146,Ewer,pouring
447159,Vase,vase
447164,Vase,vase
447171,Ewer,pouring
447176,Ewer,pouring
447177,Ewer,pouring
447185,Ewer,pouring
447229,Bottle,flask_and_bottle
447275,Bottle,flask_and_bottle
447276,Ewer,pouring
447277,Ewer,pouring
447278,Jar,storage
447279,Miniature Ewer,pouring
447285,Ewer,pouring
447286,Ewer,pouring
447287,Ewer,pouring
447288,Ewer,pouring
447289,Ewer,pouring
447290,Ewer,pouring
447291,Ewer,pouring
447292,Ewer,pouring
447464,Vase,vase
447617,Bottle in the Form of a Lute Player,flask_and_bottle
447674,Jar,storage
447678,Jar,storage
447748,Vase,vase
447776,Vase,vase
447789,Jar,storage
447987,Ampulla (Flask) with Saint Menas,flask_and_bottle
447995,Ampulla (Flask) of Saint Menas,flask_and_bottle
448017,Jar,storage
448181,Ewer,pouring
448182,Ewer,pouring
448186,Jar,storage
448260,Ewer,pouring
448261,Jar,storage
448394,Bottle,flask_and_bottle
448395,Vase,vase
448397,Vase,vase
448424,Ewer,pouring
448429,Bottle,flask_and_bottle
448430,Bottle,flask_and_bottle
448432,Bottle,flask_and_bottle
448441,Jar,storage
448447,Ewer,pouring
448448,Vase,vase
448541,Ewer,pouring
448544,Jar,storage
448557,Ewer,pouring
448671,Pierced Jug with Harpies and Sphinxes,pouring
448686,Jar,storage
448694,Jar with Four Lug Handles,storage
448695,Large Storage Jar for Cool Water With Flower Motifs,wine_alcohol_water
448696,Pilgrim Flask,flask_and_bottle
448700,Jar,storage
448726,Ewer,pouring
448826,Jug,pouring
448967,Jar,storage
448968,Jar,storage
448969,Jar,storage
448975,Jar,storage
448976,Jar,storage
448981,Ewer,pouring
448984,Ewer,pouring
448985,Ewer,pouring
448986,Ewer,pouring
448987,Jar,storage
448988,Ewer,pouring
448997,Jar with Writing,storage
448998,Jar with Writing,storage
449010,Jar,storage
449041,Ewer,pouring
449056,Jug,pouring
449058,Ewer,pouring
449063,Jar,storage
449066,Jug,pouring
449067,Jug,pouring
449068,Jar,storage
449070,Jug,pouring
449071,Jug,pouring
449072,Jar,storage
449073,Jug,pouring
449078,Jar,storage
449079,Jug,pouring
449081,Jar,storage
449086,Jar,storage
449089,Jar,storage
449096,Ewer,pouring
449115,Ewer,pouring
449116,Jug,pouring
449117,Jug,pouring
449129,Ribbed Jar,storage
449313,Jug,pouring
449335,Jar,storage
449357,Flask with Molded Decoration,flask_and_bottle
449361,Jug,pouring
449362,Jug,pouring
449363,Jar,storage
449371,Jug,pouring
449399,Jug,pouring
449400,Jug,pouring
449402,Jug,pouring
449403,Jug,pouring
449404,Jug,pouring
449418,Jug,pouring
449419,Jar,storage
449420,Jar,storage
449421,Jar,storage
449422,Jar,storage
449424,Jar,storage
449426,Ewer,pouring
449428,Ewer,pouring
449429,Jar,storage
449430,Jar,storage
449435,Ewer,pouring
449436,Jar,storage
449446,Unglazed Ewer,pouring
449455,Jar,storage
449457,Animal-Spouted Pitcher,pouring
449481,Jar,storage
449482,Spheroconical Vessel,other
449483,Spheroconical Vessel,other
449497,Jar with Handles,storage
449498,Jar,storage
449506,Jar,storage
449507,Jar,storage
449508,Jar,storage
449509,Jar,storage
449555,Ewer,pouring
449557,Jar,storage
449559,Jar,storage
449560,Jar,storage
449608,Ewer,pouring
449622,Jar,storage
449623,Jar,storage
449634,Ewer,pouring
449635,Ewer,pouring
449636,Jar,storage
449637,Ewer,pouring
449640,Ewer,pouring
449649,Ewer,pouring
449652,Jar,storage
449659,Ewer,pouring
449676,Ewer,pouring
449686,Large Turquoise Jar,storage
449708,Jar,storage
449715,Vase,vase
449736,Ewer,pouring
449743,Jar,storage
449744,Ewer,pouring
449747,Ewer,pouring
449748,Ewer,pouring
449771,Ewer,pouring
449772,Jar,storage
449773,Jar,storage
449775,Ewer,pouring
449851,Jar,storage
449869,Ewer,pouring
449870,Jar,storage
449872,Ewer,pouring
449873,Ewer,pouring
449874,Ewer,pouring
449875,Ewer,pouring
449876,Ewer,pouring
449878,Ewer,pouring
449879,Ewer,pouring
449880,Ewer,pouring
449883,Ewer,pouring
449884,Ewer,pouring
449902,Jar,storage
449903,Ewer,pouring
449904,Ewer,pouring
449905,Ewer,pouring
449906,Ewer,pouring
449913,Ewer,pouring
449914,Spheroconical Vessel,other
449915,Spheroconical Vessel,other
449916,Spheroconical Vessel,other
449917,Spheroconical Vessel,other
449918,Spheroconical Vessel,other
449919,Spheroconical Vessel,other
449920,Spheroconical Vessel,other
449921,Spheroconical Vessel,other
449923,Spheroconical Vessel,other
449924,Spheroconical Vessel,other
449925,Spheroconical Vessel,other
450198,"Ewer, waster",pouring
450459,Ewer,pouring
450460,Storage Jar,storage
450480,Luster-Painted Bottle,flask_and_bottle
450494,Jar,storage
450747,Ewer,pouring
450759,Jar,storage
450760,Unglazed Jug with Writing,pouring
450769,Ewer,pouring
450929,Jar,storage
450930,Jar,storage
450931,Jar,storage
450932,Jar,storage
450940,Jar,storage
450941,Vase,vase
450942,Jar with a Pattern of Spiral-Filled Trefoils,storage
450943,Jar,storage
450944,Ewer,pouring
450945,Ewer,pouring
450946,"Ewer Inscribed with ""al-'izz"" (""Glory"") in Floriated Kufic on its Neck",pouring
450947,Ewer,pouring
451029,Jar Depicting Three Spirited Peacocks,storage
451180,"Ewer with Repeated Arabic Phrase, ""Blessing""",pouring
451200,Bottle,flask_and_bottle
451336,Luster Jar with Medallions and Peacock-Eye Pattern,storage
451338,Ewer,pouring
451349,Large Jar,storage
451352,Jar with Carved Benedictory Arabic Inscription in Thuluth Script,storage
451361,Vase,vase
451362,Jar,storage
451363,Jar,storage
451364,Vase,vase
451365,Pear-Shaped Jar with Stylized Vegetal Decoration,storage
451397,"Ewer with Molded Inscriptions, Animals, and Dancers",pouring
451429,Ewer,pouring
451431,Vase,vase
451434,Gilded Mina'i Ceramic,other
451466,Flask with Zodiac Medallions,flask_and_bottle
451609,Ewer,pouring
451618,Jar,storage
451619,Vase,vase
451620,Ewer,pouring
451621,Ewer,pouring
451622,Ewer,pouring
451635,Jar,storage
451694,Jar,storage
451695,Jar,storage
451707,Ewer,pouring
451740,Bottle,flask_and_bottle
451763,Ewer,pouring
451798,Vase,vase
451834,Ewer with 'Tughra-Illuminator' Style Decoration,pouring
451836,Vase,vase
451840,Bottle,flask_and_bottle
451865,Tulip Vase,vase
451871,Vase with Scrolling Vines,vase
451873,Vase,vase
451878,Bottle with Bulb-Shaped Neck,flask_and_bottle
451879,Ewer,pouring
451880,Ewer,pouring
451881,Ewer,pouring
451946,Bottle,flask_and_bottle
451986,Bottle,flask_and_bottle
451993,Elephant-Shaped Kendi,pouring
452011,Jar,storage
452025,Ewer,pouring
452034,Bottle,flask_and_bottle
452036,Ewer,pouring
452082,Jug with Floral Decoration,pouring
452083,Vase,vase
452084,Bottle with Running Quadrupeds,flask_and_bottle
452223,Bottle,flask_and_bottle
452610,Vase,vase
452615,Ewer,pouring
452683,Bottle,flask_and_bottle
452735,Vase,vase
452853,Jar,storage
452920,Ring-Shaped Ewer,pouring
452960,Luster Jar with Hares (?) and Inscribed Words,storage
453047,Vase,vase
453306,"Ewer with Arabic Proverb, ""Devotion Fortifies Action""",pouring
453308,Bottle,flask_and_bottle
453349,Ewer,pouring
453452,Ewer,pouring
453454,White Ewer with Blue Streaks,pouring
453457,Ewer with Floral Design,pouring
453577,"Large Storage Jar for Cool Water With a Bejeweled Lion, Hare, and Deer",wine_alcohol_water
453623,Storage Jar,storage
453896,Jar,storage
453996,Pear-Shaped Jar,storage
454610,Jar,storage
454766,Bottle,flask_and_bottle
454767,Vase,vase
456054,Jar,storage
456219,Vase,vase
458261,Apothecary Jar with Running Hares and a Dog,storage
460128,Armorial Jug (boccale),pouring
460131,Armorial Jug (boccale),pouring
460132,Apothecary Jar (albarello),storage
460133,Armorial Jug (vaso),pouring
460134,Armorial jug (boccale),pouring
460135,Armorial jug (boccale),pouring
460136,Armorial Jug (boccale),pouring
460138,Armorial Jug (boccale),pouring
460139,Apothecary Jar (orciuolo),storage
460142,Apothecary jar (albarello),storage
460143,Apothecary jar (albarello),storage
460144,Apothecary jar (albarello),storage
460145,Apothecary jar (albarello),storage
460146,Armorial jug (boccale),pouring
460147,Apothecary jar (albarello),storage
460149,Armorial ewer (brocca),pouring
460168,Vase (vaso),vase
460173,Vase (vaso),vase
460175,Vase (vaso),vase
460177,Apothecary Vase (vaso da farmacia),vase
460178,Apothecary jar (orciuolo),storage
460179,Apothecary jar (orciuolo),storage
460180,Apothecary vase (vaso da farmacia),vase
460182,Apothecary jar (albarello),storage
460183,Apothecary jar (albarello),storage
460184,Apothecary bottle (fiasca da farmacia),flask_and_bottle
460185,Apothecary bottle (fiasca da farmacia),flask_and_bottle
460186,Apothecary vase (vaso da farmacia),vase
460187,Apothecary vase (vaso da farmacia),vase
460226,Apothecary jar (albarello),storage
460227,Apothecary jar (albarello),storage
460263,Ring flask (fiasca d'anello),flask_and_bottle
460264,Apothecary jar (albarello),storage
460265,Apothecary jar (albarello),storage
460268,Apothecary jar (albarello),storage
460270,Apothecary jar (albarello),storage
460271,Apothecary jar (albarello),storage
460272,Apothecary jar (albarello),storage
460276,Apothecary jar (albarello),storage
460277,Apothecary jar (albarello),storage
460278,Apothecary jar (albarello),storage
460279,Maiolica: Apothecary jar (albarello),storage
460280,Maiolica: Apothecary jug (brocca),pouring
460652,"Phoenix-head ewer, Tang sancai ware",pouring
460659,"Jar, Jun ware",storage
460660,"Two-eared jar, Jun ware",storage
460664,"Pyriform vase, possibly an imitation of Song Guan ware",vase
460665,Small ewer,pouring
460666,"Wine jar (Guan), Cizhou ware",wine_alcohol_water
460673,Small vase,vase
460675,Small vase,vase
460676,Small bottle-shaped vase,flask_and_bottle
460677,Small vase,vase
460678,Small covered vase,storage
460679,Small vase,vase
460681,Covered ewer,pouring
460689,Water pot,wine_alcohol_water
460715,Ewer,pouring
460716,Ewer,pouring
460717,Club-shaped vase,vase
460718,Club-shaped vase,vase
460900,Amphora vase,storage
460983,Saltcellar,other
460984,Pilgrim Flask,flask_and_bottle
461193,Tulip Vase,vase
461210,"Quatrefoil vase, Jun ware",storage
461218,Bottle-shaped vase,flask_and_bottle
461222,Small vase,vase
461224,Vase,vase
461338,Covered ewer,pouring
461493,"Two-eared jar, Jun ware",storage
461497,Small vase,vase
461500,Small vase,vase
461501,Small vase,vase
461502,Water pot,wine_alcohol_water
461503,Small bottle-vase,flask_and_bottle
463085,Pharmacy Jar,storage
463086,Pharmacy Jar,storage
463208,Jug,pouring
463529,Jug with Eagle,pouring
463530,Pitcher,pouring
463532,Pitcher,pouring
463533,Jug with Flattened Spout,pouring
463546,Pitcher,pouring
463554,Jug with Figure in Profile,pouring
463559,Jug,pouring
463707,Pharmacy Jar,storage
463709,Jug,pouring
463710,Jug,pouring
464680,Pharmacy Jar,storage
465831,Jar,storage
465870,Jar,storage
465871,Jar,storage
465872,Jar,storage
465873,Jar,storage
465874,Jar,storage
465875,Jar,storage
465876,Jar,storage
465877,"Bottle, Pilgrim",flask_and_bottle
465878,Jug,pouring
465879,Jug,pouring
465880,Jug,pouring
465881,Jug,pouring
465882,Jug,pouring
465883,Jug,pouring
465884,Jug,pouring
465885,Jug,pouring
465886,Jar,storage
465888,Pharmacy Jar,storage
465889,Pharmacy Jar,storage
465895,Bottle,flask_and_bottle
466228,Jug,pouring
466229,Footed pot,other
466230,Jug,pouring
466231,Jug,pouring
466283,Jug,pouring
466579,Vase,vase
466618,Jug,pouring
466701,Two-Handled Jar with Stag,storage
467634,Two-Handled Jar with Lions' Heads,storage
467946,Pharmacy Jar,storage
467958,Pharmacy Jar,storage
467959,Pharmacy Jar,storage
468158,Pharmacy Jar,storage
468159,Pharmacy Jar,storage
468165,Two-Handled Jar with Stag,storage
468166,Two-Handled Jar,storage
468167,Two-Handled Jar with Birds and a Coat of Arms,storage
468168,Pharmacy Jar,storage
468169,Pharmacy Jar,storage
468271,Vessel,other
468381,Jug,pouring
468382,Jug,pouring
468390,"Pot, Watering",wine_alcohol_water
468391,Jug,pouring
468393,Jug,pouring
468394,Jug,pouring
468395,Jug,pouring
468396,Flask,flask_and_bottle
468397,Jug,pouring
468398,Jug,pouring
468399,Jug,pouring
468400,Jug,pouring
468523,Jug,pouring
468524,Pharmacy Jar,storage
468525,Pharmacy Jar,storage
468526,Pharmacy Jar,storage
470127,Jug,pouring
471747,Handled Vase,vase
471749,Pharmacy Jar,storage
471751,Jug,pouring
471752,Pharmacy Jar,storage
471753,Pharmacy Jar,storage
471754,Pharmacy Jar,storage
471755,Pharmacy Jar,storage
471756,Pharmacy Jar,storage
471757,Pharmacy Jar,storage
471758,Pharmacy Jar,storage
471759,Pharmacy Jar,storage
471799,Pitcher,pouring
471800,Pharmacy Jar,storage
471836,Jug,pouring
474926,Ribbed Amphora,storage
475416,Ampulla (Flask) of Saint Menas,flask_and_bottle
475725,Jar,storage
475726,Jar,storage
475749,Jar,storage
475750,Jar,storage
475751,Jar,storage
475752,Jar,storage
475753,Jar,storage
475754,Jug,pouring
475755,Jug,pouring
475756,Jug,pouring
475758,Jar,storage
475759,Amphora,storage
475760,Vase,vase
475761,Amphora,storage
476251,Amphora,storage
476252,Vase,vase
476253,Vase,vase
476254,Vase,vase
476256,Amphora,storage
476257,Amphora,storage
476258,Amphora,storage
476264,Jug,pouring
476266,Amphora,storage
476271,Amphora,storage
476276,Pot,other
476280,Vase,vase
476282,Jug,pouring
476285,Jug,pouring
476287,Jug,pouring
476296,Jug,pouring
476300,Jar,storage
476304,Jar,storage
477269,Jug with Cruces Gammatae,pouring
477270,Jug,pouring
477274,Jug,pouring
477275,Jug,pouring
477276,Jug,pouring
477277,Jug,pouring
477278,Jug,pouring
477279,Jug,pouring
477280,Jug,pouring
477281,Jug,pouring
477283,Jug,pouring
477288,Pot,other
477291,Pot,other
477323,Jar with Handle,storage
477325,Jar,storage
477326,Jar with Spout,pouring
477741,Jug with Handle,pouring
477748,Vase,vase
477749,Vase,vase
477815,Aquamanile in the Form of a Ram,pouring
478433,Jug,pouring
478436,Jug,pouring
478437,Vase,vase
478438,Jug,pouring
478667,Jug with Grapevines,pouring
478668,Jar,storage
478669,Jug,pouring
478708,Pilgrim Flask,flask_and_bottle
478721,Unguentarium,other
478811,Jug,pouring
478988,Pitcher,pouring
479661,Face Jug,pouring
479662,Face Jug,pouring
479830,Vase,vase
487206,Vase,vase
487245,Vase with lid,storage
487292,Vase with cover,storage
487341,Vase,vase
487350,Jug,pouring
487351,Vase,vase
487474,Vase,vase
487563,Vase,vase
500028,Vase,vase
545042,Tell el-Yahudiya type juglet,pouring
545772,Classic Kerma Beaker,other
545791,Two-handed pottery vase of Amenhotep,vase
546034,Black-topped red ware jar,storage
546649,Jar,storage
546758,White cross-lined ware beaker with hippos,other
546986,Cypriot ring-based Juglet,pouring
547254,Jar Decorated with Boats,storage
547274,White cross-lined ware beaker with Nile River scene,other
547452,Spouted vessel in decorated ware,pouring
547504,Wavy-handled jar,storage
547523,Vessel in shape of bird,other
547756,Jar,storage
549136,Canopic Jar of Ruiu,ritual
549140,Two-Handled Jar from the Burial,ritual
551026,Beaker,other
551028,Beaker,other
551843,Black-topped Red Ware Beaker,other
551844,Black-topped Red Ware Beaker,other
551845,Black-topped red ware beaker,other
552174,Decorated ware jar with vertical bands of wavy lines,storage
552180,Black-topped red ware cylindrical jar,storage
552190,Polished red ware jar with lugs,storage
552353,Pot That Contained a Donkey (12.181.272b-k),other
554326,Pot,other
554515,Black-topped Red Ware Beaker,other
558198,White cross-lined ware beaker with geometric and floral design,other
558204,Black-topped red ware beaker,other
558282,Marl ware jar with lug handles,storage
569685,Vessel in the shape of a horse,other
572220,Canopic Jar with an Image Representing the Hieroglyph for Face,ritual
576327,Pot,other
623471,Baluster-shaped vase,vase
623500,Covered jar with large finial,storage
625629,Vase,vase
629700,Freshwater jar,wine_alcohol_water
643549,Jug with Applied decoration,pouring
644110,Vase with scenes of storm at sea,vase
644111,Vase with scenes of storm on land,vase
647271,Wine bottle with lotuses and admonition,wine_alcohol_water
651241,Jug with twisted handle,pouring
651287,Jug with Horseshoes,pouring
651289,Green Glazed Jug,pouring
651290,Jug,pouring
658676,Vase,vase
658718,Tall vase,vase
658719,Jug,pouring
662967,Vessel with mythological scene,other
666591,Sake bottle (Tokkuri),wine_alcohol_water
666592,Gourd-Shaped Sake Bottle (Tokkuri),wine_alcohol_water
667252,Wine ewer with stopper (Tokkuri),wine_alcohol_water
667254,Flower vase,vase
667256,"Sake bottle with pine, bamboo and plum",wine_alcohol_water
667257,Sake bottle with flower medallions,wine_alcohol_water
667258,Sake bottle with chrysanthemums,wine_alcohol_water
667259,Sake bottle,wine_alcohol_water
667264,Sake bottle with pine and plum,wine_alcohol_water
668677,Barrel-Shaped Jug with a Fox and a Rooster,pouring
670804,Vase,vase
670806,Bottle vase,flask_and_bottle
670807,Jug,pouring
670808,Pitcher,pouring
670809,Pitcher,pouring
670810,Jug,pouring
670812,Jug,pouring
670813,Jug,pouring
670815,Lobed bottle vase,flask_and_bottle
670987,Freshwater jar (Mizusashi),wine_alcohol_water
670989,Sake Bottle (Tokkuri),wine_alcohol_water
670990,Large Storage Jar (Ōtsubo),storage
670991,Widemouthed jar (kame) with wave pattern,storage
670992,Widemouthed Oil Jar (Kame) with Wave Pattern,storage
670994,Pail‑shaped freshwater jar (Onioke mizusashi),wine_alcohol_water
670995,Shigaraki Tea Jar (Chatsubo),storage
671535,Jug,pouring
671536,Face jug,pouring
671537,Bottle with a thistle medallion,flask_and_bottle
675861,Jug,pouring
675862,Jug,pouring
680974,Jar with the emblem of the Order of Saint Augustine,storage
701291,Square-form vase with decoration of Su Shi’s first and second “Rhapsody on Red Cliff”,vase
706069,Jug,pouring
706316,Vase with poems in a panoramic landscape,vase
708056,Vase with cover,storage
708306,Vase,vase
715459,Ewer with Filter,pouring
716908,Vase,vase
747034,Vase,vase
748293,Water jar (Mizusashi) with autumn grasses,wine_alcohol_water
748303,Water pitcher (Mizutsugi),wine_alcohol_water
748327,Wall vase in the form of a peacock,vase
752044,Nanban Freshwater Jar (Mizusashi) with Large Handles,wine_alcohol_water
761272,Vessel with water bird and hieroglyphic text,wine_alcohol_water
762252,Jug,pouring
762253,Barrel shaped jug,pouring
765030,Jug with Finely-Dressed Woman,pouring
769061,Miniature Jar,storage
770913,Moon flask with Islamicizing floral motifs,flask_and_bottle
770914,"Moon flask with ""cloisonné"" floral decoration",flask_and_bottle
770916,Hexagonal vase with cloisonné decoration,vase
770917,Moon flask,flask_and_bottle
770920,Bottle with stopper,flask_and_bottle
770921,Vase in the form of a camel,vase
770922,Moon flask with Japanese woman,flask_and_bottle
770923,Octagonal vase with gold birds,vase
770925,Vase,vase
770927,Bottle vase with handles,flask_and_bottle
770928,Vase with handles,vase
770931,Large spill vase,vase
770932,Moon flask with gold dragonfly motif,flask_and_bottle
770933,Ewer with gold floral motifs,pouring
770934,Red and white floral pattern moon flask,flask_and_bottle
770938,"""Alhambra"" vase with lid",storage
770939,Moon flask with stylized floral decoration,flask_and_bottle
770940,Pilgrim flask with botanical spray and butterfly,flask_and_bottle
770941,Moon flask with mosquito motif,flask_and_bottle
770942,"Spill vase with ""cloisonné"" decoration",vase
770945,Moon flask with Aesthetic bird motif,flask_and_bottle
770946,Moon flask with crane and fish motifs,flask_and_bottle
770951,Cuboid vase,vase
770952,Moon flask with pink flower motif,flask_and_bottle
770953,Moon flask rust body with central reserve,flask_and_bottle
770959,Moon flask with gilt floral decoration on pink ground,flask_and_bottle
770961,Bottle vase with stopper,flask_and_bottle
770962,Orb vase with gold fern motif,vase
770969,Ewer with twisted trunk handle,pouring
770970,Triple vase in form of bamboo,vase
770971,Cylindrical vase with cattail motif,vase
770973,Ewer with quatrefoil motifs,pouring
770974,Vase with rope and wheat decoration,vase
770975,Triple cylindrical body vase with ivy motif,vase
770977,"Vase with owl heads and ""cloisonné"" decoration",vase
770979,Vase with gold fern decoration,vase
770986,Miniature moon flask with fretwork center,flask_and_bottle
770987,Moon flask with fretwork center,flask_and_bottle
770999,Urn with lid,storage
771000,Quadruple orb vase,vase
771006,Moon flask,flask_and_bottle
771009,Lidded jar,storage
771015,Moon flask  with gold butterfly and wheat motifs,flask_and_bottle
771016,Vase in the form of a beggar's purse,vase
771019,Moon flask with paisley motif,flask_and_bottle
771021,Moon flask with white flower motif on raised foot with flat handles,flask_and_bottle
771022,Moon flask with gilded decoration,flask_and_bottle
771023,Moon flask,flask_and_bottle
771024,Ginger jar,storage
771025,Vase with handles,vase
771026,Moon flask with orchids,flask_and_bottle
771028,Moon flask with fish vase holding orchid spray,flask_and_bottle
771029,Moon flask,flask_and_bottle
771030,Lidded vase with Medusa decoration and snake handles,storage
771031,Spill vase,vase
771034,"""Alhambra"" vase with lid",storage
771035,Vase,vase
771036,Vase,vase
771037,Elongated amphora shaped vase in pastel shades,storage
771038,Islamic-style jar with pierced handles,storage
771039,Bamboo vase with flowering cherry blossoms,vase
771041,Vase,vase
771043,Moon flask with white grape leaf motifs,flask_and_bottle
771045,"Yellow moon flask with ""cloisonné"" decoration",flask_and_bottle
771046,Vase with coiled dragon,storage
771047,Vase,vase
771050,Miniature vase in form of a cactus flower,vase
771052,Vase in the form of a lotus,vase
771053,Octagonal vase with scenes of the story of the silkworm,vase
771056,Vase with Aesthetic Japonisme birds,vase
771060,Small spherical vase,vase
771061,Vase,vase
771063,Lidded jar,storage
771064,Vase,vase
771065,Vase,vase
771066,Ewer with bird and berry motif,pouring
771067,Moon flask,flask_and_bottle
771068,Miniature orb vase in blue and white,vase
771072,Orb bottom vase with white and gold crane motif,vase
771073,Moon flask with white and gold crane,flask_and_bottle
771081,Vase with crane motifs and ring handles,vase
774589,Ornamental agate creamware vase,vase
823194,"Vase with ""Old Bogey"" pattern",vase
823195,Vase with handles,vase
828443,Double Gourd Vessel,other
828462,Four handled storage jar with rope-pattern design,storage
828493,"Freshwater Jar (Mizusashi), Named “Hotei”",wine_alcohol_water
833900,Water Jar (Olla),wine_alcohol_water
833901,Pitcher,pouring
833902,Polychrome Vessel,other
833904,Vessel (Olla),other
838101,Olive-green ground vase with pâte-sur-pâte decoration,vase
839471,Exhibition Vase with Scenes from the Ramayana,vase
841274,Ewer with female figure,pouring
848434,Jug with coat-of-arms of the Cleminius Family,pouring
848435,Jug with flowers and peacock,pouring
848436,Jug with cavalry scene,pouring
848444,Jug with baptism of Christ,pouring
851660,Bottle decorated with flowering plant,flask_and_bottle
851661,Jar with lid,storage
851662,Jar with floral roundels and inscriptions,storage
853841,Covered jar,storage
853980,Ewer with makara spout,pouring
853981,Ewer with makara spout with lotus-form cover,pouring
856856,Ceremonial vessel with animal heads,ritual
857709,Terracotta askos in the shape of a quadruped,pouring
857949,“Magic Fountain” ewer,pouring
871715,Vase with iris,vase
871864,Vase with leaves and seed pods,vase
871928,Vase with snails,vase
871929,Vase with centipede,vase
871960,Vase with green and gold decoration on white,vase
890331,Gourd-shaped bottle,flask_and_bottle
890336,Ribbed vase,vase
890351,Vase with mushrooms,vase
891616,Jug with Assyrian-inspired decoration,pouring
891620,Jug with Assyrian-inspired decoration,pouring
892635,Jar decorated with dragons,storage
894321,Freshwater Jar (Mizusashi) in the Shape of a Seed Jar (Tane-tsubo),wine_alcohol_water
902207,Jar with Thistle,storage
910524,Openwork jar with peonies,storage
910531,Terracotta stirrup jar,storage
910532,Red-figure calyx-krater,wine_alcohol_water
912990,Polychrome terracotta head vase,vase
918706,Beaker with “Posteleӱn Verkooping” (porcelain selling),other
