objectId,department,objectBeginDate,objectEndDate,final_date,final_date_bucket_key,geo_options,geo_normalized_best_guess_location,geo_normalized_source_cols,geo_normalized_confidence,geo_normalized_geo_eligible,mapbox_feature_id,mapbox_place_name,geo_mapbox_lon,geo_mapbox_lat,geo_mapbox_relevance,geo_mapbox_accuracy,geo_mapbox_match_status,geo_mapbox_updated_at
44793,Asian Art,1,99,50,0:499,||||||||China||,China,culture,0.55,true,country.8753,People's Republic of China,101.901875,35.486703,1.0,country:1.00,matched,2026-04-27T16:46:34Z
44817,Asian Art,-2500,-1000,-1750,-2000:-1501,||||||||Japan||,Japan,culture,0.55,true,country.8820,Japan,138.59223,36.386493,1.0,country:1.00,matched,2026-04-27T16:46:48Z
44830,Asian Art,90,310,200,0:499,||||||||Japan||,Japan,culture,0.55,true,country.8820,Japan,138.59223,36.386493,1.0,country:1.00,matched,2026-04-27T16:46:48Z
44862,Asian Art,1660,1679,1669,1500:1999,||||||||Japan||,Japan,culture,0.55,true,country.8820,Japan,138.59223,36.386493,1.0,country:1.00,matched,2026-04-27T16:46:48Z
44907,Asian Art,-150,150,0,0:499,||||||||Japan||,Japan,culture,0.55,true,country.8820,Japan,138.59223,36.386493,1.0,country:1.00,matched,2026-04-27T16:46:48Z
44953,Asian Art,400,699,549,500:999,||||||||Korea||,Korea,culture,0.55,true,country.8828,South Korea,128.168944,36.536236,1.0,country:1.00,matched,2026-04-27T16:46:49Z
44973,Asian Art,400,700,550,500:999,||||||||Korea||,Korea,culture,0.55,true,country.8828,South Korea,128.168944,36.536236,1.0,country:1.00,matched,2026-04-27T16:46:49Z
44974,Asian Art,400,599,499,0:499,||||||||Korea||,Korea,culture,0.55,true,country.8828,South Korea,128.168944,36.536236,1.0,country:1.00,matched,2026-04-27T16:46:49Z
44977,Asian Art,1700,1899,1799,1500:1999,||||||||Korea||,Korea,culture,0.55,true,country.8828,South Korea,128.168944,36.536236,1.0,country:1.00,matched,2026-04-27T16:46:49Z
45205,Asian Art,1350,1399,1374,1000:1499,||||||||Japan||,Japan,culture,0.55,true,country.8820,Japan,138.59223,36.386493,1.0,country:1.00,matched,2026-04-27T16:46:48Z
45365,Asian Art,1100,1199,1149,1000:1499,||||||||Japan||,Japan,culture,0.55,true,country.8820,Japan,138.59223,36.386493,1.0,country:1.00,matched,2026-04-27T16:46:48Z
45432,Asian Art,1750,1799,1774,1500:1999,||||||||Korea||,Korea,culture,0.55,true,country.8828,South Korea,128.168944,36.536236,1.0,country:1.00,matched,2026-04-27T16:46:49Z
45482,Asian Art,1734,1766,1750,1500:1999,||||||||Japan||,Japan,culture,0.55,true,country.8820,Japan,138.59223,36.386493,1.0,country:1.00,matched,2026-04-27T16:46:48Z
45484,Asian Art,1700,1799,1749,1500:1999,||||||||Japan||,Japan,culture,0.55,true,country.8820,Japan,138.59223,36.386493,1.0,country:1.00,matched,2026-04-27T16:46:48Z
45527,Asian Art,1600,1699,1649,1500:1999,||||||||Japan||,Japan,culture,0.55,true,country.8820,Japan,138.59223,36.386493,1.0,country:1.00,matched,2026-04-27T16:46:48Z
45529,Asian Art,-3500,-2500,-3000,-3000:-2501,||||||||Japan||,Japan,culture,0.55,true,country.8820,Japan,138.59223,36.386493,1.0,country:1.00,matched,2026-04-27T16:46:48Z
45550,Asian Art,1300,1499,1399,1000:1499,||||||||Japan||,Japan,culture,0.55,true,country.8820,Japan,138.59223,36.386493,1.0,country:1.00,matched,2026-04-27T16:46:48Z
45552,Asian Art,1700,1749,1724,1500:1999,||||||||Japan||,Japan,culture,0.55,true,country.8820,Japan,138.59223,36.386493,1.0,country:1.00,matched,2026-04-27T16:46:48Z
45553,Asian Art,1750,1799,1774,1500:1999,||||||||Japan||,Japan,culture,0.55,true,country.8820,Japan,138.59223,36.386493,1.0,country:1.00,matched,2026-04-27T16:46:48Z
45554,Asian Art,1767,1799,1783,1500:1999,||||||||Japan||,Japan,culture,0.55,true,country.8820,Japan,138.59223,36.386493,1.0,country:1.00,matched,2026-04-27T16:46:48Z
45555,Asian Art,1767,1799,1783,1500:1999,||||||||Japan||,Japan,culture,0.55,true,country.8820,Japan,138.59223,36.386493,1.0,country:1.00,matched,2026-04-27T16:46:48Z
45556,Asian Art,1834,1866,1850,1500:1999,||||||||Japan||,Japan,culture,0.55,true,country.8820,Japan,138.59223,36.386493,1.0,country:1.00,matched,2026-04-27T16:46:48Z
45732,Asian Art,1800,1899,1849,1500:1999,||||||||Japan||,Japan,culture,0.55,true,country.8820,Japan,138.59223,36.386493,1.0,country:1.00,matched,2026-04-27T16:46:48Z
45828,Asian Art,1680,1680,1680,1500:1999,||||||||Japan||,Japan,culture,0.55,true,country.8820,Japan,138.59223,36.386493,1.0,country:1.00,matched,2026-04-27T16:46:48Z
45829,Asian Art,1700,1799,1749,1500:1999,||||||||China||,China,culture,0.55,true,country.8753,People's Republic of China,101.901875,35.486703,1.0,country:1.00,matched,2026-04-27T16:46:34Z
45830,Asian Art,1800,1899,1849,1500:1999,||||||||China||,China,culture,0.55,true,country.8753,People's Republic of China,101.901875,35.486703,1.0,country:1.00,matched,2026-04-27T16:46:34Z
45832,Asian Art,1734,1735,1734,1500:1999,||||||||China||,China,culture,0.55,true,country.8753,People's Republic of China,101.901875,35.486703,1.0,country:1.00,matched,2026-04-27T16:46:34Z
45896,Asian Art,1736,1795,1765,1500:1999,||||||||China||,China,culture,0.55,true,country.8753,People's Republic of China,101.901875,35.486703,1.0,country:1.00,matched,2026-04-27T16:46:34Z
45900,Asian Art,1667,1699,1683,1500:1999,||||||||China||,China,culture,0.55,true,country.8753,People's Republic of China,101.901875,35.486703,1.0,country:1.00,matched,2026-04-27T16:46:34Z
45904,Asian Art,1720,1720,1720,1500:1999,||||||||Japan||,Japan,culture,0.55,true,country.8820,Japan,138.59223,36.386493,1.0,country:1.00,matched,2026-04-27T16:46:48Z
45907,Asian Art,1662,1722,1692,1500:1999,||||||||China||,China,culture,0.55,true,country.8753,People's Republic of China,101.901875,35.486703,1.0,country:1.00,matched,2026-04-27T16:46:34Z
45908,Asian Art,1700,1733,1716,1500:1999,||||||||China||,China,culture,0.55,true,country.8753,People's Republic of China,101.901875,35.486703,1.0,country:1.00,matched,2026-04-27T16:46:34Z
45909,Asian Art,1768,1899,1833,1500:1999,||||||||China||,China,culture,0.55,true,country.8753,People's Republic of China,101.901875,35.486703,1.0,country:1.00,matched,2026-04-27T16:46:34Z
45912,Asian Art,1700,1733,1716,1500:1999,||||||||China||,China,culture,0.55,true,country.8753,People's Republic of China,101.901875,35.486703,1.0,country:1.00,matched,2026-04-27T16:46:34Z
45913,Asian Art,1768,1795,1781,1500:1999,||||||||China||,China,culture,0.55,true,country.8753,People's Republic of China,101.901875,35.486703,1.0,country:1.00,matched,2026-04-27T16:46:34Z
45914,Asian Art,1800,1899,1849,1500:1999,||||||||China||,China,culture,0.55,true,country.8753,People's Republic of China,101.901875,35.486703,1.0,country:1.00,matched,2026-04-27T16:46:34Z
45915,Asian Art,1800,1849,1824,1500:1999,||||||||China||,China,culture,0.55,true,country.8753,People's Republic of China,101.901875,35.486703,1.0,country:1.00,matched,2026-04-27T16:46:34Z
45917,Asian Art,1820,1820,1820,1500:1999,||||||||Japan||Japanese,Japan,culture,0.55,true,country.8820,Japan,138.59223,36.386493,1.0,country:1.00,matched,2026-04-27T16:46:48Z
45918,Asian Art,1830,1830,1830,1500:1999,||||||||Japan||,Japan,culture,0.55,true,country.8820,Japan,138.59223,36.386493,1.0,country:1.00,matched,2026-04-27T16:46:48Z
45919,Asian Art,1644,1911,1777,1500:1999,||||||||China||,China,culture,0.55,true,country.8753,People's Republic of China,101.901875,35.486703,1.0,country:1.00,matched,2026-04-27T16:46:34Z
45923,Asian Art,1736,1795,1765,1500:1999,||||||||China||,China,culture,0.55,true,country.8753,People's Republic of China,101.901875,35.486703,1.0,country:1.00,matched,2026-04-27T16:46:34Z
45929,Asian Art,1700,1799,1749,1500:1999,||||||||China||,China,culture,0.55,true,country.8753,People's Republic of China,101.901875,35.486703,1.0,country:1.00,matched,2026-04-27T16:46:34Z
45930,Asian Art,1800,1899,1849,1500:1999,||||||||China||,China,culture,0.55,true,country.8753,People's Republic of China,101.901875,35.486703,1.0,country:1.00,matched,2026-04-27T16:46:34Z
45932,Asian Art,1771,1849,1810,1500:1999,||||||||China||,China,culture,0.55,true,country.8753,People's Republic of China,101.901875,35.486703,1.0,country:1.00,matched,2026-04-27T16:46:34Z
45934,Asian Art,1567,1633,1600,1500:1999,||||||||China||,China,culture,0.55,true,country.8753,People's Republic of China,101.901875,35.486703,1.0,country:1.00,matched,2026-04-27T16:46:34Z
45937,Asian Art,1800,1849,1824,1500:1999,||||||||China||,China,culture,0.55,true,country.8753,People's Republic of China,101.901875,35.486703,1.0,country:1.00,matched,2026-04-27T16:46:34Z
45938,Asian Art,1800,1899,1849,1500:1999,||||||||China||,China,culture,0.55,true,country.8753,People's Republic of China,101.901875,35.486703,1.0,country:1.00,matched,2026-04-27T16:46:34Z
45939,Asian Art,1768,1833,1800,1500:1999,||||||||China||,China,culture,0.55,true,country.8753,People's Republic of China,101.901875,35.486703,1.0,country:1.00,matched,2026-04-27T16:46:34Z
45959,Asian Art,1800,1899,1849,1500:1999,||||||||Japan||,Japan,culture,0.55,true,country.8820,Japan,138.59223,36.386493,1.0,country:1.00,matched,2026-04-27T16:46:48Z
45962,Asian Art,1730,1730,1730,1500:1999,||||||||Japan||Japanese,Japan,culture,0.55,true,country.8820,Japan,138.59223,36.386493,1.0,country:1.00,matched,2026-04-27T16:46:48Z
45964,Asian Art,1800,1849,1824,1500:1999,||||||||China||,China,culture,0.55,true,country.8753,People's Republic of China,101.901875,35.486703,1.0,country:1.00,matched,2026-04-27T16:46:34Z
45965,Asian Art,1668,1722,1695,1500:1999,||||||||China||,China,culture,0.55,true,country.8753,People's Republic of China,101.901875,35.486703,1.0,country:1.00,matched,2026-04-27T16:46:34Z
45967,Asian Art,1700,1899,1799,1500:1999,||||||||Japan||,Japan,culture,0.55,true,country.8820,Japan,138.59223,36.386493,1.0,country:1.00,matched,2026-04-27T16:46:48Z
45970,Asian Art,1667,1722,1694,1500:1999,||||||||China||,China,culture,0.55,true,country.8753,People's Republic of China,101.901875,35.486703,1.0,country:1.00,matched,2026-04-27T16:46:34Z
45972,Asian Art,1855,1855,1855,1500:1999,||||||||Japan||,Japan,culture,0.55,true,country.8820,Japan,138.59223,36.386493,1.0,country:1.00,matched,2026-04-27T16:46:48Z
45974,Asian Art,1800,1899,1849,1500:1999,||||||||Japan||,Japan,culture,0.55,true,country.8820,Japan,138.59223,36.386493,1.0,country:1.00,matched,2026-04-27T16:46:48Z
45977,Asian Art,1820,1820,1820,1500:1999,||||||||Japan||,Japan,culture,0.55,true,country.8820,Japan,138.59223,36.386493,1.0,country:1.00,matched,2026-04-27T16:46:48Z
45979,Asian Art,1800,1899,1849,1500:1999,||||||||China||,China,culture,0.55,true,country.8753,People's Republic of China,101.901875,35.486703,1.0,country:1.00,matched,2026-04-27T16:46:34Z
45984,Asian Art,1771,1899,1835,1500:1999,||||||||China||,China,culture,0.55,true,country.8753,People's Republic of China,101.901875,35.486703,1.0,country:1.00,matched,2026-04-27T16:46:34Z
45985,Asian Art,1767,1799,1783,1500:1999,||||||||Japan||,Japan,culture,0.55,true,country.8820,Japan,138.59223,36.386493,1.0,country:1.00,matched,2026-04-27T16:46:48Z
45986,Asian Art,1736,1795,1765,1500:1999,||||||||China||,China,culture,0.55,true,country.8753,People's Republic of China,101.901875,35.486703,1.0,country:1.00,matched,2026-04-27T16:46:34Z
45987,Asian Art,1700,1799,1749,1500:1999,||||||||Japan||,Japan,culture,0.55,true,country.8820,Japan,138.59223,36.386493,1.0,country:1.00,matched,2026-04-27T16:46:48Z
45989,Asian Art,1700,1799,1749,1500:1999,||||||||Japan||,Japan,culture,0.55,true,country.8820,Japan,138.59223,36.386493,1.0,country:1.00,matched,2026-04-27T16:46:48Z
45990,Asian Art,1468,1533,1500,1500:1999,||||||||China||,China,culture,0.55,true,country.8753,People's Republic of China,101.901875,35.486703,1.0,country:1.00,matched,2026-04-27T16:46:34Z
45992,Asian Art,1700,1795,1747,1500:1999,||||||||China||,China,culture,0.55,true,country.8753,People's Republic of China,101.901875,35.486703,1.0,country:1.00,matched,2026-04-27T16:46:34Z
45994,Asian Art,1700,1722,1711,1500:1999,||||||||China||,China,culture,0.55,true,country.8753,People's Republic of China,101.901875,35.486703,1.0,country:1.00,matched,2026-04-27T16:46:34Z
45997,Asian Art,1867,1899,1883,1500:1999,||||||||Japan||Japanese,Japan,culture,0.55,true,country.8820,Japan,138.59223,36.386493,1.0,country:1.00,matched,2026-04-27T16:46:48Z
45998,Asian Art,1736,1795,1765,1500:1999,||||||||China||,China,culture,0.55,true,country.8753,People's Republic of China,101.901875,35.486703,1.0,country:1.00,matched,2026-04-27T16:46:34Z
45999,Asian Art,1840,1860,1850,1500:1999,||||||||Japan||,Japan,culture,0.55,true,country.8820,Japan,138.59223,36.386493,1.0,country:1.00,matched,2026-04-27T16:46:48Z
46000,Asian Art,1820,1820,1820,1500:1999,||||||||Japan||,Japan,culture,0.55,true,country.8820,Japan,138.59223,36.386493,1.0,country:1.00,matched,2026-04-27T16:46:48Z
46001,Asian Art,1700,1799,1749,1500:1999,||||||||Japan||,Japan,culture,0.55,true,country.8820,Japan,138.59223,36.386493,1.0,country:1.00,matched,2026-04-27T16:46:48Z
46003,Asian Art,1700,1799,1749,1500:1999,||||||||China||,China,culture,0.55,true,country.8753,People's Republic of China,101.901875,35.486703,1.0,country:1.00,matched,2026-04-27T16:46:34Z
46004,Asian Art,1800,1833,1816,1500:1999,||||||||China||,China,culture,0.55,true,country.8753,People's Republic of China,101.901875,35.486703,1.0,country:1.00,matched,2026-04-27T16:46:34Z
46008,Asian Art,1644,1666,1655,1500:1999,||||||||China||,China,culture,0.55,true,country.8753,People's Republic of China,101.901875,35.486703,1.0,country:1.00,matched,2026-04-27T16:46:34Z
46011,Asian Art,960,1279,1119,1000:1499,||||||||China||,China,culture,0.55,true,country.8753,People's Republic of China,101.901875,35.486703,1.0,country:1.00,matched,2026-04-27T16:46:34Z
46016,Asian Art,1534,1566,1550,1500:1999,||||||||China||,China,culture,0.55,true,country.8753,People's Republic of China,101.901875,35.486703,1.0,country:1.00,matched,2026-04-27T16:46:34Z
46017,Asian Art,1500,1599,1549,1500:1999,||||||||China||,China,culture,0.55,true,country.8753,People's Republic of China,101.901875,35.486703,1.0,country:1.00,matched,2026-04-27T16:46:34Z
46021,Asian Art,1800,1899,1849,1500:1999,||||||||China or Japan (?)||,China,culture,0.35,true,country.8753,People's Republic of China,101.901875,35.486703,1.0,country:1.00,matched,2026-04-27T16:46:34Z
46022,Asian Art,1700,1799,1749,1500:1999,||||||||China||,China,culture,0.55,true,country.8753,People's Republic of China,101.901875,35.486703,1.0,country:1.00,matched,2026-04-27T16:46:34Z
46024,Asian Art,1767,1833,1800,1500:1999,||||||||China||,China,culture,0.55,true,country.8753,People's Republic of China,101.901875,35.486703,1.0,country:1.00,matched,2026-04-27T16:46:34Z
46025,Asian Art,1768,1799,1783,1500:1999,||||||||China||,China,culture,0.55,true,country.8753,People's Republic of China,101.901875,35.486703,1.0,country:1.00,matched,2026-04-27T16:46:34Z
46029,Asian Art,1700,1799,1749,1500:1999,||||||||China||,China,culture,0.55,true,country.8753,People's Republic of China,101.901875,35.486703,1.0,country:1.00,matched,2026-04-27T16:46:34Z
46030,Asian Art,1800,1899,1849,1500:1999,||||||||China||,China,culture,0.55,true,country.8753,People's Republic of China,101.901875,35.486703,1.0,country:1.00,matched,2026-04-27T16:46:34Z
46032,Asian Art,-206,220,7,0:499,||||||||China||,China,culture,0.55,true,country.8753,People's Republic of China,101.901875,35.486703,1.0,country:1.00,matched,2026-04-27T16:46:34Z
46033,Asian Art,550,599,574,500:999,||||||||China||,China,culture,0.55,true,country.8753,People's Republic of China,101.901875,35.486703,1.0,country:1.00,matched,2026-04-27T16:46:34Z
46040,Asian Art,1700,1799,1749,1500:1999,||||||||China||,China,culture,0.55,true,country.8753,People's Republic of China,101.901875,35.486703,1.0,country:1.00,matched,2026-04-27T16:46:34Z
46042,Asian Art,1680,1680,1680,1500:1999,||||||||Japan||,Japan,culture,0.55,true,country.8820,Japan,138.59223,36.386493,1.0,country:1.00,matched,2026-04-27T16:46:48Z
46043,Asian Art,1734,1766,1750,1500:1999,||||||||China||,China,culture,0.55,true,country.8753,People's Republic of China,101.901875,35.486703,1.0,country:1.00,matched,2026-04-27T16:46:34Z
46044,Asian Art,1500,1599,1549,1500:1999,||||||||China||,China,culture,0.55,true,country.8753,People's Republic of China,101.901875,35.486703,1.0,country:1.00,matched,2026-04-27T16:46:34Z
46045,Asian Art,1768,1795,1781,1500:1999,||||||||China||,China,culture,0.55,true,country.8753,People's Republic of China,101.901875,35.486703,1.0,country:1.00,matched,2026-04-27T16:46:34Z
46046,Asian Art,1467,1499,1483,1000:1499,||||||||China||,China,culture,0.55,true,country.8753,People's Republic of China,101.901875,35.486703,1.0,country:1.00,matched,2026-04-27T16:46:34Z
46047,Asian Art,1668,1722,1695,1500:1999,||||||||China||,China,culture,0.55,true,country.8753,People's Republic of China,101.901875,35.486703,1.0,country:1.00,matched,2026-04-27T16:46:34Z
46048,Asian Art,1700,1799,1749,1500:1999,||||||||China||,China,culture,0.55,true,country.8753,People's Republic of China,101.901875,35.486703,1.0,country:1.00,matched,2026-04-27T16:46:34Z
46049,Asian Art,1800,1820,1810,1500:1999,||||||||China||,China,culture,0.55,true,country.8753,People's Republic of China,101.901875,35.486703,1.0,country:1.00,matched,2026-04-27T16:46:34Z
46050,Asian Art,1662,1722,1692,1500:1999,||||||||China||,China,culture,0.55,true,country.8753,People's Republic of China,101.901875,35.486703,1.0,country:1.00,matched,2026-04-27T16:46:34Z
46051,Asian Art,1700,1799,1749,1500:1999,||||||||China||,China,culture,0.55,true,country.8753,People's Republic of China,101.901875,35.486703,1.0,country:1.00,matched,2026-04-27T16:46:34Z
46053,Asian Art,1662,1722,1692,1500:1999,||||||||China||,China,culture,0.55,true,country.8753,People's Republic of China,101.901875,35.486703,1.0,country:1.00,matched,2026-04-27T16:46:34Z
46054,Asian Art,-206,220,7,0:499,||||||||China||,China,culture,0.55,true,country.8753,People's Republic of China,101.901875,35.486703,1.0,country:1.00,matched,2026-04-27T16:46:34Z
46055,Asian Art,1500,1599,1549,1500:1999,||||||||China||,China,culture,0.55,true,country.8753,People's Republic of China,101.901875,35.486703,1.0,country:1.00,matched,2026-04-27T16:46:34Z
46057,Asian Art,1662,1722,1692,1500:1999,||||||||China||,China,culture,0.55,true,country.8753,People's Republic of China,101.901875,35.486703,1.0,country:1.00,matched,2026-04-27T16:46:34Z
46058,Asian Art,1,199,100,0:499,||||||||China||,China,culture,0.55,true,country.8753,People's Republic of China,101.901875,35.486703,1.0,country:1.00,matched,2026-04-27T16:46:34Z
46059,Asian Art,1734,1766,1750,1500:1999,||||||||China||,China,culture,0.55,true,country.8753,People's Republic of China,101.901875,35.486703,1.0,country:1.00,matched,2026-04-27T16:46:34Z
46060,Asian Art,1700,1799,1749,1500:1999,||||||||China||,China,culture,0.55,true,country.8753,People's Republic of China,101.901875,35.486703,1.0,country:1.00,matched,2026-04-27T16:46:34Z
46061,Asian Art,1400,1599,1499,1000:1499,||||||||China||,China,culture,0.55,true,country.8753,People's Republic of China,101.901875,35.486703,1.0,country:1.00,matched,2026-04-27T16:46:34Z
46062,Asian Art,1767,1799,1783,1500:1999,||||||||China||,China,culture,0.55,true,country.8753,People's Republic of China,101.901875,35.486703,1.0,country:1.00,matched,2026-04-27T16:46:34Z
46063,Asian Art,1662,1722,1692,1500:1999,||||||||China||,China,culture,0.55,true,country.8753,People's Republic of China,101.901875,35.486703,1.0,country:1.00,matched,2026-04-27T16:46:34Z
46064,Asian Art,1368,1644,1506,1500:1999,||||||||China||,China,culture,0.55,true,country.8753,People's Republic of China,101.901875,35.486703,1.0,country:1.00,matched,2026-04-27T16:46:34Z
46066,Asian Art,1736,1795,1765,1500:1999,||||||||China||,China,culture,0.55,true,country.8753,People's Republic of China,101.901875,35.486703,1.0,country:1.00,matched,2026-04-27T16:46:34Z
46067,Asian Art,1700,1799,1749,1500:1999,||||||||China||,China,culture,0.55,true,country.8753,People's Republic of China,101.901875,35.486703,1.0,country:1.00,matched,2026-04-27T16:46:34Z
46068,Asian Art,1271,1368,1319,1000:1499,||||||||China||,China,culture,0.55,true,country.8753,People's Republic of China,101.901875,35.486703,1.0,country:1.00,matched,2026-04-27T16:46:34Z
46071,Asian Art,1368,1644,1506,1500:1999,||||||||China||,China,culture,0.55,true,country.8753,People's Republic of China,101.901875,35.486703,1.0,country:1.00,matched,2026-04-27T16:46:34Z
46074,Asian Art,1734,1766,1750,1500:1999,||||||||China||,China,culture,0.55,true,country.8753,People's Republic of China,101.901875,35.486703,1.0,country:1.00,matched,2026-04-27T16:46:34Z
46075,Asian Art,1700,1733,1716,1500:1999,||||||||China||,China,culture,0.55,true,country.8753,People's Republic of China,101.901875,35.486703,1.0,country:1.00,matched,2026-04-27T16:46:34Z
46076,Asian Art,1800,1899,1849,1500:1999,||||||||China||,China,culture,0.55,true,country.8753,People's Republic of China,101.901875,35.486703,1.0,country:1.00,matched,2026-04-27T16:46:34Z
46077,Asian Art,1500,1549,1524,1500:1999,||||||||China||,China,culture,0.55,true,country.8753,People's Republic of China,101.901875,35.486703,1.0,country:1.00,matched,2026-04-27T16:46:34Z
46078,Asian Art,1800,1899,1849,1500:1999,||||||||China||,China,culture,0.55,true,country.8753,People's Republic of China,101.901875,35.486703,1.0,country:1.00,matched,2026-04-27T16:46:34Z
46080,Asian Art,1734,1735,1734,1500:1999,||||||||China||,China,culture,0.55,true,country.8753,People's Republic of China,101.901875,35.486703,1.0,country:1.00,matched,2026-04-27T16:46:34Z
46081,Asian Art,1800,1849,1824,1500:1999,||||||||China||,China,culture,0.55,true,country.8753,People's Republic of China,101.901875,35.486703,1.0,country:1.00,matched,2026-04-27T16:46:34Z
46082,Asian Art,1668,1722,1695,1500:1999,||||||||China||,China,culture,0.55,true,country.8753,People's Republic of China,101.901875,35.486703,1.0,country:1.00,matched,2026-04-27T16:46:34Z
46083,Asian Art,1734,1766,1750,1500:1999,||||||||China||,China,culture,0.55,true,country.8753,People's Republic of China,101.901875,35.486703,1.0,country:1.00,matched,2026-04-27T16:46:34Z
46084,Asian Art,1800,1899,1849,1500:1999,||||||||China||,China,culture,0.55,true,country.8753,People's Republic of China,101.901875,35.486703,1.0,country:1.00,matched,2026-04-27T16:46:34Z
46086,Asian Art,1768,1795,1781,1500:1999,||||||||China||,China,culture,0.55,true,country.8753,People's Republic of China,101.901875,35.486703,1.0,country:1.00,matched,2026-04-27T16:46:34Z
46087,Asian Art,1667,1733,1700,1500:1999,||||||||China||,China,culture,0.55,true,country.8753,People's Republic of China,101.901875,35.486703,1.0,country:1.00,matched,2026-04-27T16:46:34Z
46090,Asian Art,1700,1700,1700,1500:1999,||||||||Japan||,Japan,culture,0.55,true,country.8820,Japan,138.59223,36.386493,1.0,country:1.00,matched,2026-04-27T16:46:48Z
46092,Asian Art,400,599,499,0:499,||||||||Japan||,Japan,culture,0.55,true,country.8820,Japan,138.59223,36.386493,1.0,country:1.00,matched,2026-04-27T16:46:48Z
46094,Asian Art,1667,1699,1683,1500:1999,||||||||China||,China,culture,0.55,true,country.8753,People's Republic of China,101.901875,35.486703,1.0,country:1.00,matched,2026-04-27T16:46:34Z
46097,Asian Art,1668,1722,1695,1500:1999,||||||||China||,China,culture,0.55,true,country.8753,People's Republic of China,101.901875,35.486703,1.0,country:1.00,matched,2026-04-27T16:46:34Z
46099,Asian Art,1668,1722,1695,1500:1999,||||||||China||,China,culture,0.55,true,country.8753,People's Republic of China,101.901875,35.486703,1.0,country:1.00,matched,2026-04-27T16:46:34Z
46103,Asian Art,1860,1860,1860,1500:1999,||||||||Japan||,Japan,culture,0.55,true,country.8820,Japan,138.59223,36.386493,1.0,country:1.00,matched,2026-04-27T16:46:48Z
46104,Asian Art,1800,1899,1849,1500:1999,||||||||China||,China,culture,0.55,true,country.8753,People's Republic of China,101.901875,35.486703,1.0,country:1.00,matched,2026-04-27T16:46:34Z
46105,Asian Art,1750,1799,1774,1500:1999,||||||||China||,China,culture,0.55,true,country.8753,People's Republic of China,101.901875,35.486703,1.0,country:1.00,matched,2026-04-27T16:46:34Z
46106,Asian Art,1800,1899,1849,1500:1999,||||||||China||,China,culture,0.55,true,country.8753,People's Republic of China,101.901875,35.486703,1.0,country:1.00,matched,2026-04-27T16:46:34Z
46114,Asian Art,1830,1830,1830,1500:1999,||||||||Japan||,Japan,culture,0.55,true,country.8820,Japan,138.59223,36.386493,1.0,country:1.00,matched,2026-04-27T16:46:48Z
46116,Asian Art,1600,1699,1649,1500:1999,||||||||China||,China,culture,0.55,true,country.8753,People's Republic of China,101.901875,35.486703,1.0,country:1.00,matched,2026-04-27T16:46:34Z
46120,Asian Art,1800,1899,1849,1500:1999,||||||||China||,China,culture,0.55,true,country.8753,People's Republic of China,101.901875,35.486703,1.0,country:1.00,matched,2026-04-27T16:46:34Z
46121,Asian Art,1668,1722,1695,1500:1999,||||||||China||,China,culture,0.55,true,country.8753,People's Republic of China,101.901875,35.486703,1.0,country:1.00,matched,2026-04-27T16:46:34Z
46123,Asian Art,1700,1899,1799,1500:1999,||||||||China||,China,culture,0.55,true,country.8753,People's Republic of China,101.901875,35.486703,1.0,country:1.00,matched,2026-04-27T16:46:34Z
46124,Asian Art,1700,1799,1749,1500:1999,||||||||China||,China,culture,0.55,true,country.8753,People's Republic of China,101.901875,35.486703,1.0,country:1.00,matched,2026-04-27T16:46:34Z
46125,Asian Art,1766,1795,1780,1500:1999,||||||||China||,China,culture,0.55,true,country.8753,People's Republic of China,101.901875,35.486703,1.0,country:1.00,matched,2026-04-27T16:46:34Z
46126,Asian Art,1771,1833,1802,1500:1999,||||||||China||,China,culture,0.55,true,country.8753,People's Republic of China,101.901875,35.486703,1.0,country:1.00,matched,2026-04-27T16:46:34Z
46129,Asian Art,1368,1644,1506,1500:1999,||||||||China||,China,culture,0.55,true,country.8753,People's Republic of China,101.901875,35.486703,1.0,country:1.00,matched,2026-04-27T16:46:34Z
46130,Asian Art,1736,1766,1751,1500:1999,||||||||China||,China,culture,0.55,true,country.8753,People's Republic of China,101.901875,35.486703,1.0,country:1.00,matched,2026-04-27T16:46:34Z
46131,Asian Art,1622,1722,1672,1500:1999,||||||||China||,China,culture,0.55,true,country.8753,People's Republic of China,101.901875,35.486703,1.0,country:1.00,matched,2026-04-27T16:46:34Z
46137,Asian Art,1736,1795,1765,1500:1999,||||||||China||,China,culture,0.55,true,country.8753,People's Republic of China,101.901875,35.486703,1.0,country:1.00,matched,2026-04-27T16:46:34Z
46138,Asian Art,1662,1722,1692,1500:1999,||||||||China||,China,culture,0.55,true,country.8753,People's Republic of China,101.901875,35.486703,1.0,country:1.00,matched,2026-04-27T16:46:34Z
46139,Asian Art,1668,1722,1695,1500:1999,||||||||China||,China,culture,0.55,true,country.8753,People's Republic of China,101.901875,35.486703,1.0,country:1.00,matched,2026-04-27T16:46:34Z
46140,Asian Art,1668,1722,1695,1500:1999,||||||||China||,China,culture,0.55,true,country.8753,People's Republic of China,101.901875,35.486703,1.0,country:1.00,matched,2026-04-27T16:46:34Z
46141,Asian Art,1668,1722,1695,1500:1999,||||||||China||,China,culture,0.55,true,country.8753,People's Republic of China,101.901875,35.486703,1.0,country:1.00,matched,2026-04-27T16:46:34Z
46142,Asian Art,1700,1799,1749,1500:1999,||||||||China||,China,culture,0.55,true,country.8753,People's Republic of China,101.901875,35.486703,1.0,country:1.00,matched,2026-04-27T16:46:34Z
46143,Asian Art,1700,1799,1749,1500:1999,||||||||China||,China,culture,0.55,true,country.8753,People's Republic of China,101.901875,35.486703,1.0,country:1.00,matched,2026-04-27T16:46:34Z
46144,Asian Art,1700,1799,1749,1500:1999,||||||||China||,China,culture,0.55,true,country.8753,People's Republic of China,101.901875,35.486703,1.0,country:1.00,matched,2026-04-27T16:46:34Z
46146,Asian Art,1700,1799,1749,1500:1999,||||||||China||,China,culture,0.55,true,country.8753,People's Republic of China,101.901875,35.486703,1.0,country:1.00,matched,2026-04-27T16:46:34Z
46147,Asian Art,1700,1799,1749,1500:1999,||||||||China||,China,culture,0.55,true,country.8753,People's Republic of China,101.901875,35.486703,1.0,country:1.00,matched,2026-04-27T16:46:34Z
46148,Asian Art,1700,1799,1749,1500:1999,||||||||China||,China,culture,0.55,true,country.8753,People's Republic of China,101.901875,35.486703,1.0,country:1.00,matched,2026-04-27T16:46:34Z
46149,Asian Art,1700,1799,1749,1500:1999,||||||||China||,China,culture,0.55,true,country.8753,People's Republic of China,101.901875,35.486703,1.0,country:1.00,matched,2026-04-27T16:46:34Z
46150,Asian Art,1668,1722,1695,1500:1999,||||||||China||,China,culture,0.55,true,country.8753,People's Republic of China,101.901875,35.486703,1.0,country:1.00,matched,2026-04-27T16:46:34Z
46151,Asian Art,1667,1722,1694,1500:1999,||||||||China||,China,culture,0.55,true,country.8753,People's Republic of China,101.901875,35.486703,1.0,country:1.00,matched,2026-04-27T16:46:34Z
46152,Asian Art,1768,1899,1833,1500:1999,||||||||China||,China,culture,0.55,true,country.8753,People's Republic of China,101.901875,35.486703,1.0,country:1.00,matched,2026-04-27T16:46:34Z
46153,Asian Art,1700,1799,1749,1500:1999,||||||||China||,China,culture,0.55,true,country.8753,People's Republic of China,101.901875,35.486703,1.0,country:1.00,matched,2026-04-27T16:46:34Z
46154,Asian Art,1662,1722,1692,1500:1999,||||||||China||,China,culture,0.55,true,country.8753,People's Republic of China,101.901875,35.486703,1.0,country:1.00,matched,2026-04-27T16:46:34Z
46155,Asian Art,1662,1722,1692,1500:1999,||||||||China||,China,culture,0.55,true,country.8753,People's Republic of China,101.901875,35.486703,1.0,country:1.00,matched,2026-04-27T16:46:34Z
46156,Asian Art,1662,1722,1692,1500:1999,||||||||China||,China,culture,0.55,true,country.8753,People's Republic of China,101.901875,35.486703,1.0,country:1.00,matched,2026-04-27T16:46:34Z
46157,Asian Art,1622,1722,1672,1500:1999,||||||||China||,China,culture,0.55,true,country.8753,People's Republic of China,101.901875,35.486703,1.0,country:1.00,matched,2026-04-27T16:46:34Z
46158,Asian Art,1662,1722,1692,1500:1999,||||||||China||,China,culture,0.55,true,country.8753,People's Republic of China,101.901875,35.486703,1.0,country:1.00,matched,2026-04-27T16:46:34Z
46159,Asian Art,1800,1899,1849,1500:1999,||||||||China||,China,culture,0.55,true,country.8753,People's Republic of China,101.901875,35.486703,1.0,country:1.00,matched,2026-04-27T16:46:34Z
46160,Asian Art,1368,1644,1506,1500:1999,||||||||China||,China,culture,0.55,true,country.8753,People's Republic of China,101.901875,35.486703,1.0,country:1.00,matched,2026-04-27T16:46:34Z
46161,Asian Art,1661,1722,1691,1500:1999,||||||||China||,China,culture,0.55,true,country.8753,People's Republic of China,101.901875,35.486703,1.0,country:1.00,matched,2026-04-27T16:46:34Z
46162,Asian Art,1700,1799,1749,1500:1999,||||||||China||,China,culture,0.55,true,country.8753,People's Republic of China,101.901875,35.486703,1.0,country:1.00,matched,2026-04-27T16:46:34Z
46163,Asian Art,1667,1722,1694,1500:1999,||||||||China||,China,culture,0.55,true,country.8753,People's Republic of China,101.901875,35.486703,1.0,country:1.00,matched,2026-04-27T16:46:34Z
46235,Asian Art,1800,1899,1849,1500:1999,||||||||China||,China,culture,0.55,true,country.8753,People's Republic of China,101.901875,35.486703,1.0,country:1.00,matched,2026-04-27T16:46:34Z
46249,Asian Art,1800,1899,1849,1500:1999,||||||||China||,China,culture,0.55,true,country.8753,People's Republic of China,101.901875,35.486703,1.0,country:1.00,matched,2026-04-27T16:46:34Z
46250,Asian Art,1800,1899,1849,1500:1999,||||||||China||,China,culture,0.55,true,country.8753,People's Republic of China,101.901875,35.486703,1.0,country:1.00,matched,2026-04-27T16:46:34Z
46268,Asian Art,220,589,404,0:499,||||||||China||,China,culture,0.55,true,country.8753,People's Republic of China,101.901875,35.486703,1.0,country:1.00,matched,2026-04-27T16:46:34Z
46269,Asian Art,222,399,310,0:499,||||||||China||,China,culture,0.55,true,country.8753,People's Republic of China,101.901875,35.486703,1.0,country:1.00,matched,2026-04-27T16:46:34Z
46306,Asian Art,1800,1899,1849,1500:1999,||||||||China||,China,culture,0.55,true,country.8753,People's Republic of China,101.901875,35.486703,1.0,country:1.00,matched,2026-04-27T16:46:34Z
46315,Asian Art,1800,1899,1849,1500:1999,||||||||China||,China,culture,0.55,true,country.8753,People's Republic of China,101.901875,35.486703,1.0,country:1.00,matched,2026-04-27T16:46:34Z
46317,Asian Art,1800,1833,1816,1500:1999,||||||||China||,China,culture,0.55,true,country.8753,People's Republic of China,101.901875,35.486703,1.0,country:1.00,matched,2026-04-27T16:46:34Z
46330,Asian Art,1723,1735,1729,1500:1999,||||||||China||,China,culture,0.55,true,country.8753,People's Republic of China,101.901875,35.486703,1.0,country:1.00,matched,2026-04-27T16:46:34Z
46331,Asian Art,1700,1799,1749,1500:1999,||||||||China||,China,culture,0.55,true,country.8753,People's Republic of China,101.901875,35.486703,1.0,country:1.00,matched,2026-04-27T16:46:34Z
46333,Asian Art,1800,1849,1824,1500:1999,||||||||China||,China,culture,0.55,true,country.8753,People's Republic of China,101.901875,35.486703,1.0,country:1.00,matched,2026-04-27T16:46:34Z
46353,Asian Art,1800,1849,1824,1500:1999,||||||||China||,China,culture,0.55,true,country.8753,People's Republic of China,101.901875,35.486703,1.0,country:1.00,matched,2026-04-27T16:46:34Z
46378,Asian Art,1700,1799,1749,1500:1999,||||||||China||,China,culture,0.55,true,country.8753,People's Republic of China,101.901875,35.486703,1.0,country:1.00,matched,2026-04-27T16:46:34Z
46379,Asian Art,1700,1799,1749,1500:1999,||||||||China||,China,culture,0.55,true,country.8753,People's Republic of China,101.901875,35.486703,1.0,country:1.00,matched,2026-04-27T16:46:34Z
46380,Asian Art,1700,1799,1749,1500:1999,||||||||China||,China,culture,0.55,true,country.8753,People's Republic of China,101.901875,35.486703,1.0,country:1.00,matched,2026-04-27T16:46:34Z
46422,Asian Art,1767,1799,1783,1500:1999,||||||||China||,China,culture,0.55,true,country.8753,People's Republic of China,101.901875,35.486703,1.0,country:1.00,matched,2026-04-27T16:46:34Z
46425,Asian Art,1768,1799,1783,1500:1999,||||||||China||,China,culture,0.55,true,country.8753,People's Republic of China,101.901875,35.486703,1.0,country:1.00,matched,2026-04-27T16:46:34Z
46434,Asian Art,1768,1833,1800,1500:1999,||||||||China||,China,culture,0.55,true,country.8753,People's Republic of China,101.901875,35.486703,1.0,country:1.00,matched,2026-04-27T16:46:34Z
46435,Asian Art,1700,1799,1749,1500:1999,||||||||China||,China,culture,0.55,true,country.8753,People's Republic of China,101.901875,35.486703,1.0,country:1.00,matched,2026-04-27T16:46:34Z
46436,Asian Art,1800,1849,1824,1500:1999,||||||||China||,China,culture,0.55,true,country.8753,People's Republic of China,101.901875,35.486703,1.0,country:1.00,matched,2026-04-27T16:46:34Z
46462,Asian Art,1700,1799,1749,1500:1999,||||||||China||,China,culture,0.55,true,country.8753,People's Republic of China,101.901875,35.486703,1.0,country:1.00,matched,2026-04-27T16:46:34Z
46478,Asian Art,1700,1799,1749,1500:1999,||||||||Japan||,Japan,culture,0.55,true,country.8820,Japan,138.59223,36.386493,1.0,country:1.00,matched,2026-04-27T16:46:48Z
46481,Asian Art,1840,1860,1850,1500:1999,||||||||Japan||,Japan,culture,0.55,true,country.8820,Japan,138.59223,36.386493,1.0,country:1.00,matched,2026-04-27T16:46:48Z
46501,Asian Art,1800,1899,1849,1500:1999,||||||||China||,China,culture,0.55,true,country.8753,People's Republic of China,101.901875,35.486703,1.0,country:1.00,matched,2026-04-27T16:46:34Z
46507,Asian Art,1700,1722,1711,1500:1999,||||||||China||,China,culture,0.55,true,country.8753,People's Republic of China,101.901875,35.486703,1.0,country:1.00,matched,2026-04-27T16:46:34Z
46508,Asian Art,1667,1722,1694,1500:1999,||||||||China||,China,culture,0.55,true,country.8753,People's Republic of China,101.901875,35.486703,1.0,country:1.00,matched,2026-04-27T16:46:34Z
46515,Asian Art,1668,1722,1695,1500:1999,||||||||China||,China,culture,0.55,true,country.8753,People's Republic of China,101.901875,35.486703,1.0,country:1.00,matched,2026-04-27T16:46:34Z
46516,Asian Art,1667,1722,1694,1500:1999,||||||||China||,China,culture,0.55,true,country.8753,People's Republic of China,101.901875,35.486703,1.0,country:1.00,matched,2026-04-27T16:46:34Z
46517,Asian Art,1667,1722,1694,1500:1999,||||||||China||,China,culture,0.55,true,country.8753,People's Republic of China,101.901875,35.486703,1.0,country:1.00,matched,2026-04-27T16:46:34Z
46518,Asian Art,1700,1722,1711,1500:1999,||||||||China||,China,culture,0.55,true,country.8753,People's Republic of China,101.901875,35.486703,1.0,country:1.00,matched,2026-04-27T16:46:34Z
46519,Asian Art,1700,1722,1711,1500:1999,||||||||China||,China,culture,0.55,true,country.8753,People's Republic of China,101.901875,35.486703,1.0,country:1.00,matched,2026-04-27T16:46:34Z
46521,Asian Art,1667,1722,1694,1500:1999,||||||||China||,China,culture,0.55,true,country.8753,People's Republic of China,101.901875,35.486703,1.0,country:1.00,matched,2026-04-27T16:46:34Z
46522,Asian Art,1662,1722,1692,1500:1999,||||||||China||,China,culture,0.55,true,country.8753,People's Republic of China,101.901875,35.486703,1.0,country:1.00,matched,2026-04-27T16:46:34Z
46523,Asian Art,1700,1799,1749,1500:1999,||||||||ChinaNeihuLu||,,none,0.00,false,,,,,,,,
46525,Asian Art,1700,1799,1749,1500:1999,||||||||China||,China,culture,0.55,true,country.8753,People's Republic of China,101.901875,35.486703,1.0,country:1.00,matched,2026-04-27T16:46:34Z
46527,Asian Art,1700,1722,1711,1500:1999,||||||||China||,China,culture,0.55,true,country.8753,People's Republic of China,101.901875,35.486703,1.0,country:1.00,matched,2026-04-27T16:46:34Z
46528,Asian Art,1800,1899,1849,1500:1999,||||||||China||,China,culture,0.55,true,country.8753,People's Republic of China,101.901875,35.486703,1.0,country:1.00,matched,2026-04-27T16:46:34Z
46529,Asian Art,1700,1799,1749,1500:1999,||||||||China||,China,culture,0.55,true,country.8753,People's Republic of China,101.901875,35.486703,1.0,country:1.00,matched,2026-04-27T16:46:34Z
46530,Asian Art,1723,1799,1761,1500:1999,||||||||China||,China,culture,0.55,true,country.8753,People's Republic of China,101.901875,35.486703,1.0,country:1.00,matched,2026-04-27T16:46:34Z
46531,Asian Art,1667,1722,1694,1500:1999,||||||||China||,China,culture,0.55,true,country.8753,People's Republic of China,101.901875,35.486703,1.0,country:1.00,matched,2026-04-27T16:46:34Z
46532,Asian Art,1668,1722,1695,1500:1999,||||||||China||,China,culture,0.55,true,country.8753,People's Republic of China,101.901875,35.486703,1.0,country:1.00,matched,2026-04-27T16:46:34Z
46533,Asian Art,1668,1722,1695,1500:1999,||||||||China||,China,culture,0.55,true,country.8753,People's Republic of China,101.901875,35.486703,1.0,country:1.00,matched,2026-04-27T16:46:34Z
46534,Asian Art,1662,1722,1692,1500:1999,||||||||China||,China,culture,0.55,true,country.8753,People's Republic of China,101.901875,35.486703,1.0,country:1.00,matched,2026-04-27T16:46:34Z
46535,Asian Art,1662,1722,1692,1500:1999,||||||||China||,China,culture,0.55,true,country.8753,People's Republic of China,101.901875,35.486703,1.0,country:1.00,matched,2026-04-27T16:46:34Z
46536,Asian Art,1668,1722,1695,1500:1999,||||||||China||,China,culture,0.55,true,country.8753,People's Republic of China,101.901875,35.486703,1.0,country:1.00,matched,2026-04-27T16:46:34Z
46537,Asian Art,1768,1795,1781,1500:1999,||||||||China||,China,culture,0.55,true,country.8753,People's Republic of China,101.901875,35.486703,1.0,country:1.00,matched,2026-04-27T16:46:34Z
46538,Asian Art,1768,1899,1833,1500:1999,||||||||China||,China,culture,0.55,true,country.8753,People's Republic of China,101.901875,35.486703,1.0,country:1.00,matched,2026-04-27T16:46:34Z
46539,Asian Art,1662,1722,1692,1500:1999,||||||||China||,China,culture,0.55,true,country.8753,People's Republic of China,101.901875,35.486703,1.0,country:1.00,matched,2026-04-27T16:46:34Z
47259,Asian Art,1800,1899,1849,1500:1999,||||||||Japan||,Japan,culture,0.55,true,country.8820,Japan,138.59223,36.386493,1.0,country:1.00,matched,2026-04-27T16:46:48Z
47490,Asian Art,1668,1722,1695,1500:1999,||||||||China||,China,culture,0.55,true,country.8753,People's Republic of China,101.901875,35.486703,1.0,country:1.00,matched,2026-04-27T16:46:34Z
205878,European Sculpture and Decorative Arts,1750,1760,1755,1500:1999,||||||||||German,Germany,department||artistNationality,0.53,true,country.8762,Germany,10.018343,51.133481,1.0,country:1.00,matched,2026-04-27T16:46:43Z
770999,European Sculpture and Decorative Arts,1876,1896,1886,1500:1999,||||||||||British,Britain,department||artistNationality,0.53,true,country.8783,United Kingdom,-2.36967,54.237933,1.0,country:1.00,matched,2026-04-27T16:46:31Z
196553,European Sculpture and Decorative Arts,1735,1750,1742,1500:1999,||||||||||French,France,department||artistNationality,0.53,true,country.8781,France,2.618787,47.824905,1.0,country:1.00,matched,2026-04-27T16:46:43Z
199730,European Sculpture and Decorative Arts,1475,1505,1490,1000:1499,||||||||||,,none,0.00,false,,,,,,,,
308546,The Michael C. Rockefeller Wing,200,600,400,0:499,||||||Peru||Moche||,Peru,country,0.70,true,country.8880,Peru,-75.311132,-10.151093,1.0,country:1.00,matched,2026-04-27T16:47:00Z
37436,Asian Art,1150,1199,1174,1000:1499,||||||||Thailand||,Thailand,culture,0.55,true,country.8925,Thailand,101.017438,15.127333,1.0,country:1.00,matched,2026-04-27T16:47:09Z
47332,Asian Art,1800,1800,1800,1500:1999,||||||||Japan||Japanese,Japan,culture,0.55,true,country.8820,Japan,138.59223,36.386493,1.0,country:1.00,matched,2026-04-27T16:46:48Z
477277,Medieval Art,300,699,499,0:499,||Kharga Oasis||||Byzantine Egypt||Coptic||,"Kharga Oasis, Byzantine Egypt",state||country,0.72,true,country.8771,Egypt,29.871903,26.494184,0.388889,country:0.39,matched,2026-04-27T16:46:49Z
47568,Asian Art,1800,1800,1800,1500:1999,||||||||Japan||,Japan,culture,0.55,true,country.8820,Japan,138.59223,36.386493,1.0,country:1.00,matched,2026-04-27T16:46:48Z
309396,The Michael C. Rockefeller Wing,1400,1550,1475,1000:1499,||||||Peru||Inca||,Peru,country,0.70,true,country.8880,Peru,-75.311132,-10.151093,1.0,country:1.00,matched,2026-04-27T16:47:00Z
310207,The Michael C. Rockefeller Wing,300,700,500,500:999,||||||Peru||Moche||,Peru,country,0.70,true,country.8880,Peru,-75.311132,-10.151093,1.0,country:1.00,matched,2026-04-27T16:47:00Z
308486,The Michael C. Rockefeller Wing,-300,-200,-250,-500:-1,||||Ica Valley||Peru||Paracas||,"Ica Valley, Peru, Peru",region||country,0.70,true,place.5556400,"Ica District, Ica, Peru",-75.729645,-14.063716,0.592593,place:0.59,matched,2026-04-27T16:46:45Z
309339,The Michael C. Rockefeller Wing,300,700,500,500:999,||||||Peru||Moche||,Peru,country,0.70,true,country.8880,Peru,-75.311132,-10.151093,1.0,country:1.00,matched,2026-04-27T16:47:00Z
191780,European Sculpture and Decorative Arts,1485,1499,1492,1000:1499,||||||||||,,none,0.00,false,,,,,,,,
463532,Medieval Art,1300,1399,1349,1000:1499,Rome||||||Italy||Italian||,"Rome, Italy",city||country,0.88,true,place.47384688,"Rome, Rome, Italy",12.476713,41.899986,1.0,place:1.00,matched,2026-04-27T16:47:04Z
199461,European Sculpture and Decorative Arts,1750,1760,1755,1500:1999,||||||||||,,none,0.00,false,,,,,,,,
318606,The Michael C. Rockefeller Wing,1100,1500,1300,1000:1499,||||||Peru||Chimú||,Peru,country,0.70,true,country.8880,Peru,-75.311132,-10.151093,1.0,country:1.00,matched,2026-04-27T16:47:00Z
42425,Asian Art,1690,1732,1711,1500:1999,||||||||China||,China,culture,0.55,true,country.8753,People's Republic of China,101.901875,35.486703,1.0,country:1.00,matched,2026-04-27T16:46:34Z
47228,Asian Art,1750,1750,1750,1500:1999,||||||||Japan||,Japan,culture,0.55,true,country.8820,Japan,138.59223,36.386493,1.0,country:1.00,matched,2026-04-27T16:46:48Z
314679,The Michael C. Rockefeller Wing,300,600,450,0:499,||||||Peru||Moche||,Peru,country,0.70,true,country.8880,Peru,-75.311132,-10.151093,1.0,country:1.00,matched,2026-04-27T16:47:00Z
47665,Asian Art,1834,1866,1850,1500:1999,||||||||Japan||,Japan,culture,0.55,true,country.8820,Japan,138.59223,36.386493,1.0,country:1.00,matched,2026-04-27T16:46:48Z
48395,Asian Art,1271,1368,1319,1000:1499,||||||||China||,China,culture,0.55,true,country.8753,People's Republic of China,101.901875,35.486703,1.0,country:1.00,matched,2026-04-27T16:46:34Z
466229,The Cloisters,1200,1299,1249,1000:1499,||Meuse Valley||||South Netherlands||South Netherlandish||,"Meuse Valley, Netherlands, South Netherlands",state||country,0.72,true,country.8872,Netherlands,5.613491,51.972466,0.366667,country:0.37,matched,2026-04-27T16:46:53Z
312586,The Michael C. Rockefeller Wing,350,450,400,0:499,||||Mesoamerica||Mexico||Teotihuacan||,"Mesoamerica, Mexico",region||country,0.70,true,country.8863,Mexico,-102.532867,23.950464,0.5,country:0.50,matched,2026-04-27T16:46:53Z
44332,Asian Art,-206,220,7,0:499,||||||||China||,China,culture,0.55,true,country.8753,People's Republic of China,101.901875,35.486703,1.0,country:1.00,matched,2026-04-27T16:46:34Z
62768,Asian Art,1700,1700,1700,1500:1999,||||||||Japan||,Japan,culture,0.55,true,country.8820,Japan,138.59223,36.386493,1.0,country:1.00,matched,2026-04-27T16:46:48Z
48088,Asian Art,1667,1733,1700,1500:1999,||||||||China||,China,culture,0.55,true,country.8753,People's Republic of China,101.901875,35.486703,1.0,country:1.00,matched,2026-04-27T16:46:34Z
770974,European Sculpture and Decorative Arts,1864,1864,1864,1500:1999,||||||||||British,Britain,department||artistNationality,0.53,true,country.8783,United Kingdom,-2.36967,54.237933,1.0,country:1.00,matched,2026-04-27T16:46:31Z
197233,European Sculpture and Decorative Arts,1545,1555,1550,1500:1999,||||||||||Italian,Italy,department||artistNationality,0.53,true,country.8816,Italy,12.646361,42.504154,1.0,country:1.00,matched,2026-04-27T16:46:47Z
47260,Asian Art,1780,1780,1780,1500:1999,||||||||Japan||,Japan,culture,0.55,true,country.8820,Japan,138.59223,36.386493,1.0,country:1.00,matched,2026-04-27T16:46:48Z
313287,The Michael C. Rockefeller Wing,1400,1535,1467,1000:1499,||||||Peru||Inca||,Peru,country,0.70,true,country.8880,Peru,-75.311132,-10.151093,1.0,country:1.00,matched,2026-04-27T16:47:00Z
308616,The Michael C. Rockefeller Wing,-500,-200,-350,-500:-1,||||Ica Valley||Peru||Paracas||,"Ica Valley, Peru, Peru",region||country,0.70,true,place.5556400,"Ica District, Ica, Peru",-75.729645,-14.063716,0.592593,place:0.59,matched,2026-04-27T16:46:45Z
207745,European Sculpture and Decorative Arts,1700,1715,1707,1500:1999,||||||||||,,none,0.00,false,,,,,,,,
42218,Asian Art,1667,1733,1700,1500:1999,||||||||China||,China,culture,0.55,true,country.8753,People's Republic of China,101.901875,35.486703,1.0,country:1.00,matched,2026-04-27T16:46:34Z
188972,European Sculpture and Decorative Arts,1775,1780,1777,1500:1999,||||||||||French,France,department||artistNationality,0.53,true,country.8781,France,2.618787,47.824905,1.0,country:1.00,matched,2026-04-27T16:46:43Z
444495,Islamic Art,1650,1699,1674,1500:1999,||||||Iran||||,Iran,country,0.70,true,country.8814,Iran,54.301374,32.565838,1.0,country:1.00,matched,2026-04-27T16:46:46Z
50502,Asian Art,1640,1911,1775,1500:1999,||||||||China||,China,culture,0.55,true,country.8753,People's Republic of China,101.901875,35.486703,1.0,country:1.00,matched,2026-04-27T16:46:34Z
48027,Asian Art,1368,1644,1506,1500:1999,||||||||China||,China,culture,0.55,true,country.8753,People's Republic of China,101.901875,35.486703,1.0,country:1.00,matched,2026-04-27T16:46:34Z
446653,Islamic Art,1625,1675,1650,1500:1999,Kirman||||||Iran||||,"Kirman, Iran",city||country,0.88,true,region.99438,"Kerman, Iran",57.064839,30.285219,0.958333,region:0.96,matched,2026-04-27T16:46:49Z
62998,Asian Art,1800,1800,1800,1500:1999,||||||||Japan||,Japan,culture,0.55,true,country.8820,Japan,138.59223,36.386493,1.0,country:1.00,matched,2026-04-27T16:46:48Z
52798,Asian Art,1634,1666,1650,1500:1999,||||||||China||,China,culture,0.55,true,country.8753,People's Republic of China,101.901875,35.486703,1.0,country:1.00,matched,2026-04-27T16:46:34Z
57436,Asian Art,1267,1333,1300,1000:1499,||||||||Korea||,Korea,culture,0.55,true,country.8828,South Korea,128.168944,36.536236,1.0,country:1.00,matched,2026-04-27T16:46:49Z
46985,Asian Art,1700,1733,1716,1500:1999,||||||||Japan||,Japan,culture,0.55,true,country.8820,Japan,138.59223,36.386493,1.0,country:1.00,matched,2026-04-27T16:46:48Z
206454,European Sculpture and Decorative Arts,1758,1762,1760,1500:1999,||||||||||French,France,department||artistNationality,0.53,true,country.8781,France,2.618787,47.824905,1.0,country:1.00,matched,2026-04-27T16:46:43Z
202183,European Sculpture and Decorative Arts,1773,1783,1778,1500:1999,||||||||||French,France,department||artistNationality,0.53,true,country.8781,France,2.618787,47.824905,1.0,country:1.00,matched,2026-04-27T16:46:43Z
42436,Asian Art,1200,1333,1266,1000:1499,||||||||China||,China,culture,0.55,true,country.8753,People's Republic of China,101.901875,35.486703,1.0,country:1.00,matched,2026-04-27T16:46:34Z
200895,European Sculpture and Decorative Arts,1710,1720,1715,1500:1999,||||||||||,,none,0.00,false,,,,,,,,
63119,Asian Art,1700,1799,1749,1500:1999,||||||||Japan||,Japan,culture,0.55,true,country.8820,Japan,138.59223,36.386493,1.0,country:1.00,matched,2026-04-27T16:46:48Z
42491,Asian Art,1334,1366,1350,1000:1499,||||||||China||,China,culture,0.55,true,country.8753,People's Republic of China,101.901875,35.486703,1.0,country:1.00,matched,2026-04-27T16:46:34Z
51210,Asian Art,1800,1849,1824,1500:1999,||||||||China||,China,culture,0.55,true,country.8753,People's Republic of China,101.901875,35.486703,1.0,country:1.00,matched,2026-04-27T16:46:34Z
51023,Asian Art,1368,1644,1506,1500:1999,||||||||China||,China,culture,0.55,true,country.8753,People's Republic of China,101.901875,35.486703,1.0,country:1.00,matched,2026-04-27T16:46:34Z
47470,Asian Art,1700,1799,1749,1500:1999,||||||||Japan||,Japan,culture,0.55,true,country.8820,Japan,138.59223,36.386493,1.0,country:1.00,matched,2026-04-27T16:46:48Z
447276,Islamic Art,1100,1299,1199,1000:1499,||||||Iran||||,Iran,country,0.70,true,country.8814,Iran,54.301374,32.565838,1.0,country:1.00,matched,2026-04-27T16:46:46Z
48332,Asian Art,1800,1899,1849,1500:1999,||||||||China||,China,culture,0.55,true,country.8753,People's Republic of China,101.901875,35.486703,1.0,country:1.00,matched,2026-04-27T16:46:34Z
309470,The Michael C. Rockefeller Wing,-350,-200,-275,-500:-1,||||South Coast||Peru||Paracas||,Peru,country,0.70,true,country.8880,Peru,-75.311132,-10.151093,1.0,country:1.00,matched,2026-04-27T16:47:00Z
199719,European Sculpture and Decorative Arts,1475,1485,1480,1000:1499,||||||||||,,none,0.00,false,,,,,,,,
46633,Asian Art,1800,1899,1849,1500:1999,||||||||China||,China,culture,0.55,true,country.8753,People's Republic of China,101.901875,35.486703,1.0,country:1.00,matched,2026-04-27T16:46:34Z
46799,Asian Art,1000,1199,1099,1000:1499,||||||||China||,China,culture,0.55,true,country.8753,People's Republic of China,101.901875,35.486703,1.0,country:1.00,matched,2026-04-27T16:46:34Z
310675,The Michael C. Rockefeller Wing,1100,1800,1450,1000:1499,||Arizona||||United States||Ancestral Pueblo||,"Arizona, United States",state||country,0.72,true,region.394476,"Arizona, United States",-111.422128,34.220261,1.0,region:1.00,matched,2026-04-27T16:46:28Z
308507,The Michael C. Rockefeller Wing,200,500,350,0:499,||||||Peru||Moche||,Peru,country,0.70,true,country.8880,Peru,-75.311132,-10.151093,1.0,country:1.00,matched,2026-04-27T16:47:00Z
449066,Islamic Art,800,999,899,500:999,Nishapur||||||Iran||||,"Nishapur, Iran",city||country,0.88,true,place.1878126,"Nishapur County, Razavi Khorasan, Iran",58.79233,36.21129,0.95,place:0.95,matched,2026-04-27T16:46:56Z
446842,Islamic Art,1100,1199,1149,1000:1499,||||||Eastern Syria||||,Eastern Syria,country,0.70,true,country.8919,Syria,38.505592,35.013048,0.5,country:0.50,matched,2026-04-27T16:46:39Z
206742,European Sculpture and Decorative Arts,1834,1834,1834,1500:1999,||||||||||French,France,department||artistNationality,0.53,true,country.8781,France,2.618787,47.824905,1.0,country:1.00,matched,2026-04-27T16:46:43Z
50036,Asian Art,1736,1795,1765,1500:1999,||||||||China||,China,culture,0.55,true,country.8753,People's Republic of China,101.901875,35.486703,1.0,country:1.00,matched,2026-04-27T16:46:34Z
452610,Islamic Art,1100,1199,1149,1000:1499,||||||Iran||||,Iran,country,0.70,true,country.8814,Iran,54.301374,32.565838,1.0,country:1.00,matched,2026-04-27T16:46:46Z
45849,Asian Art,700,799,749,500:999,||||||||China||,China,culture,0.55,true,country.8753,People's Republic of China,101.901875,35.486703,1.0,country:1.00,matched,2026-04-27T16:46:34Z
51138,Asian Art,1820,1850,1835,1500:1999,||||||||China||,China,culture,0.55,true,country.8753,People's Republic of China,101.901875,35.486703,1.0,country:1.00,matched,2026-04-27T16:46:34Z
205321,European Sculpture and Decorative Arts,1745,1760,1752,1500:1999,||||||||||British,Britain,department||artistNationality,0.53,true,country.8783,United Kingdom,-2.36967,54.237933,1.0,country:1.00,matched,2026-04-27T16:46:31Z
48665,Asian Art,1662,1722,1692,1500:1999,||||||||China||,China,culture,0.55,true,country.8753,People's Republic of China,101.901875,35.486703,1.0,country:1.00,matched,2026-04-27T16:46:34Z
46580,Asian Art,1800,1899,1849,1500:1999,||||||||Japan||,Japan,culture,0.55,true,country.8820,Japan,138.59223,36.386493,1.0,country:1.00,matched,2026-04-27T16:46:48Z
51106,Asian Art,1800,1849,1824,1500:1999,||||||||China||,China,culture,0.55,true,country.8753,People's Republic of China,101.901875,35.486703,1.0,country:1.00,matched,2026-04-27T16:46:34Z
52659,Asian Art,960,1279,1119,1000:1499,||||||||China||,China,culture,0.55,true,country.8753,People's Republic of China,101.901875,35.486703,1.0,country:1.00,matched,2026-04-27T16:46:34Z
204360,European Sculpture and Decorative Arts,1800,1899,1849,1500:1999,||||||||||,,none,0.00,false,,,,,,,,
658676,European Sculpture and Decorative Arts,1895,1905,1900,1500:1999,||||||||||British,Britain,department||artistNationality,0.53,true,country.8783,United Kingdom,-2.36967,54.237933,1.0,country:1.00,matched,2026-04-27T16:46:31Z
48717,Asian Art,1668,1722,1695,1500:1999,||||||||China||,China,culture,0.55,true,country.8753,People's Republic of China,101.901875,35.486703,1.0,country:1.00,matched,2026-04-27T16:46:34Z
47075,Asian Art,1700,1700,1700,1500:1999,||||||||Japan||,Japan,culture,0.55,true,country.8820,Japan,138.59223,36.386493,1.0,country:1.00,matched,2026-04-27T16:46:48Z
46953,Asian Art,1662,1722,1692,1500:1999,||||||||China||,China,culture,0.55,true,country.8753,People's Republic of China,101.901875,35.486703,1.0,country:1.00,matched,2026-04-27T16:46:34Z
771072,European Sculpture and Decorative Arts,1879,1879,1879,1500:1999,||||||||||British,Britain,department||artistNationality,0.53,true,country.8783,United Kingdom,-2.36967,54.237933,1.0,country:1.00,matched,2026-04-27T16:46:31Z
188535,European Sculpture and Decorative Arts,1585,1599,1592,1500:1999,||||||||||Italian,Italy,department||artistNationality,0.53,true,country.8816,Italy,12.646361,42.504154,1.0,country:1.00,matched,2026-04-27T16:46:47Z
448397,Islamic Art,1600,1699,1649,1500:1999,Iznik||||||Turkey||||,"Iznik, Turkey",city||country,0.88,true,place.5138660,"İznik, Bursa, Türkiye",29.719765,40.42917,1.0,place:1.00,matched,2026-04-27T16:46:47Z
771041,European Sculpture and Decorative Arts,1877,1882,1879,1500:1999,||||||||||British,Britain,department||artistNationality,0.53,true,country.8783,United Kingdom,-2.36967,54.237933,1.0,country:1.00,matched,2026-04-27T16:46:31Z
205832,European Sculpture and Decorative Arts,1685,1699,1692,1500:1999,||||||||||,,none,0.00,false,,,,,,,,
50948,Asian Art,1667,1733,1700,1500:1999,||||||||China||,China,culture,0.55,true,country.8753,People's Republic of China,101.901875,35.486703,1.0,country:1.00,matched,2026-04-27T16:46:34Z
63138,Asian Art,1700,1799,1749,1500:1999,||||||||Japan||,Japan,culture,0.55,true,country.8820,Japan,138.59223,36.386493,1.0,country:1.00,matched,2026-04-27T16:46:48Z
44422,Asian Art,-2300,-2000,-2150,-2500:-2001,||||||||China||,China,culture,0.55,true,country.8753,People's Republic of China,101.901875,35.486703,1.0,country:1.00,matched,2026-04-27T16:46:34Z
63007,Asian Art,1850,1899,1874,1500:1999,||||||||Japan||,Japan,culture,0.55,true,country.8820,Japan,138.59223,36.386493,1.0,country:1.00,matched,2026-04-27T16:46:48Z
467634,Medieval Art,1400,1450,1425,1000:1499,Florence||||||Italy||Italian||,"Florence, Italy",city||country,0.88,true,place.22481008,"Florence, Florence, Italy",11.256129,43.771484,1.0,place:1.00,matched,2026-04-27T16:46:42Z
47350,Asian Art,1768,1833,1800,1500:1999,||||||||China||,China,culture,0.55,true,country.8753,People's Republic of China,101.901875,35.486703,1.0,country:1.00,matched,2026-04-27T16:46:34Z
447776,Islamic Art,1600,1799,1699,1500:1999,||||||India||||,India,country,0.70,true,country.8811,India,78.476681,22.199166,1.0,country:1.00,matched,2026-04-27T16:46:45Z
199384,European Sculpture and Decorative Arts,1800,1899,1849,1500:1999,||||||||||British,Britain,department||artistNationality,0.53,true,country.8783,United Kingdom,-2.36967,54.237933,1.0,country:1.00,matched,2026-04-27T16:46:31Z
48204,Asian Art,1115,1234,1174,1000:1499,||||||||China||,China,culture,0.55,true,country.8753,People's Republic of China,101.901875,35.486703,1.0,country:1.00,matched,2026-04-27T16:46:34Z
199335,European Sculpture and Decorative Arts,1775,1785,1780,1500:1999,||||||||||British,Britain,department||artistNationality,0.53,true,country.8783,United Kingdom,-2.36967,54.237933,1.0,country:1.00,matched,2026-04-27T16:46:31Z
203377,European Sculpture and Decorative Arts,1756,1766,1761,1500:1999,||||||||||British,Britain,department||artistNationality,0.53,true,country.8783,United Kingdom,-2.36967,54.237933,1.0,country:1.00,matched,2026-04-27T16:46:31Z
39510,Asian Art,700,899,799,500:999,||||||||Korea||,Korea,culture,0.55,true,country.8828,South Korea,128.168944,36.536236,1.0,country:1.00,matched,2026-04-27T16:46:49Z
37649,Asian Art,-310,310,0,0:499,||||||||Thailand||,Thailand,culture,0.55,true,country.8925,Thailand,101.017438,15.127333,1.0,country:1.00,matched,2026-04-27T16:47:09Z
46950,Asian Art,1700,1799,1749,1500:1999,||||||||China||,China,culture,0.55,true,country.8753,People's Republic of China,101.901875,35.486703,1.0,country:1.00,matched,2026-04-27T16:46:34Z
49261,Asian Art,-510,-490,-500,-500:-1,||||||||Japan||,Japan,culture,0.55,true,country.8820,Japan,138.59223,36.386493,1.0,country:1.00,matched,2026-04-27T16:46:48Z
51011,Asian Art,1736,1795,1765,1500:1999,||||||||China||,China,culture,0.55,true,country.8753,People's Republic of China,101.901875,35.486703,1.0,country:1.00,matched,2026-04-27T16:46:34Z
57357,Asian Art,1900,1933,1916,1500:1999,||||||||Korea||,Korea,culture,0.55,true,country.8828,South Korea,128.168944,36.536236,1.0,country:1.00,matched,2026-04-27T16:46:49Z
477291,Medieval Art,300,699,499,0:499,||Kharga Oasis||||Byzantine Egypt||Coptic||,"Kharga Oasis, Byzantine Egypt",state||country,0.72,true,country.8771,Egypt,29.871903,26.494184,0.388889,country:0.39,matched,2026-04-27T16:46:49Z
48390,Asian Art,1200,1279,1239,1000:1499,||||||||China||,China,culture,0.55,true,country.8753,People's Republic of China,101.901875,35.486703,1.0,country:1.00,matched,2026-04-27T16:46:34Z
200841,European Sculpture and Decorative Arts,1715,1745,1730,1500:1999,||||||||||French,France,department||artistNationality,0.53,true,country.8781,France,2.618787,47.824905,1.0,country:1.00,matched,2026-04-27T16:46:43Z
48527,Asian Art,960,1279,1119,1000:1499,||||||||China||,China,culture,0.55,true,country.8753,People's Republic of China,101.901875,35.486703,1.0,country:1.00,matched,2026-04-27T16:46:34Z
201753,European Sculpture and Decorative Arts,1542,1555,1548,1500:1999,||||||||||German,Germany,department||artistNationality,0.53,true,country.8762,Germany,10.018343,51.133481,1.0,country:1.00,matched,2026-04-27T16:46:43Z
453454,Islamic Art,1100,1299,1199,1000:1499,Kashan||||||Iran||||,"Kashan, Iran",city||country,0.88,true,place.1255534,"Kashan County, Isfahan, Iran",51.44271,33.98714,0.98,place:0.98,matched,2026-04-27T16:46:48Z
51025,Asian Art,1271,1644,1457,1000:1499,||||||||China||,China,culture,0.55,true,country.8753,People's Republic of China,101.901875,35.486703,1.0,country:1.00,matched,2026-04-27T16:46:34Z
461502,Robert Lehman Collection,1798,1902,1850,1500:1999,||||||||Chinese||,China,culture,0.55,true,country.8753,People's Republic of China,101.901875,35.486703,1.0,country:1.00,matched,2026-04-27T16:46:34Z
316270,The Michael C. Rockefeller Wing,1,600,300,0:499,||||South Coast||Peru||Nasca||,Peru,country,0.70,true,country.8880,Peru,-75.311132,-10.151093,1.0,country:1.00,matched,2026-04-27T16:47:00Z
450946,Islamic Art,1200,1250,1225,1000:1499,Raqqa||||||Syria||||,"Raqqa, Syria",city||country,0.88,true,place.13035735,"Raqqa, Al-Raqqah, Syria",39.008921,35.949678,1.0,place:1.00,matched,2026-04-27T16:47:01Z
48312,Asian Art,1768,1795,1781,1500:1999,||||||||China||,China,culture,0.55,true,country.8753,People's Republic of China,101.901875,35.486703,1.0,country:1.00,matched,2026-04-27T16:46:34Z
46830,Asian Art,1700,1795,1747,1500:1999,||||||||China||,China,culture,0.55,true,country.8753,People's Republic of China,101.901875,35.486703,1.0,country:1.00,matched,2026-04-27T16:46:34Z
47857,Asian Art,1662,1722,1692,1500:1999,||||||||China||,China,culture,0.55,true,country.8753,People's Republic of China,101.901875,35.486703,1.0,country:1.00,matched,2026-04-27T16:46:34Z
309441,The Michael C. Rockefeller Wing,300,700,500,500:999,||||||Peru||Moche||,Peru,country,0.70,true,country.8880,Peru,-75.311132,-10.151093,1.0,country:1.00,matched,2026-04-27T16:47:00Z
187805,European Sculpture and Decorative Arts,1800,1899,1849,1500:1999,||||||||||,,none,0.00,false,,,,,,,,
194586,European Sculpture and Decorative Arts,1785,1799,1792,1500:1999,||||||||||,,none,0.00,false,,,,,,,,
49924,Asian Art,1271,1368,1319,1000:1499,||||||||China||,China,culture,0.55,true,country.8753,People's Republic of China,101.901875,35.486703,1.0,country:1.00,matched,2026-04-27T16:46:34Z
194289,European Sculpture and Decorative Arts,1645,1685,1665,1500:1999,||||||||||,,none,0.00,false,,,,,,,,
308531,The Michael C. Rockefeller Wing,200,500,350,0:499,||||||Peru||Moche||,Peru,country,0.70,true,country.8880,Peru,-75.311132,-10.151093,1.0,country:1.00,matched,2026-04-27T16:47:00Z
42211,Asian Art,1700,1733,1716,1500:1999,||||||||China||,China,culture,0.55,true,country.8753,People's Republic of China,101.901875,35.486703,1.0,country:1.00,matched,2026-04-27T16:46:34Z
312608,The Michael C. Rockefeller Wing,200,800,500,500:999,||North Coast||||Peru||Moche||,Peru,country,0.70,true,country.8880,Peru,-75.311132,-10.151093,1.0,country:1.00,matched,2026-04-27T16:47:00Z
308410,The Michael C. Rockefeller Wing,500,800,650,500:999,||||North Coast||Peru||Moche||,Peru,country,0.70,true,country.8880,Peru,-75.311132,-10.151093,1.0,country:1.00,matched,2026-04-27T16:47:00Z
52081,Asian Art,1267,1299,1283,1000:1499,||||||||Korea||,Korea,culture,0.55,true,country.8828,South Korea,128.168944,36.536236,1.0,country:1.00,matched,2026-04-27T16:46:49Z
50747,Asian Art,1800,1899,1849,1500:1999,||||||||China||,China,culture,0.55,true,country.8753,People's Republic of China,101.901875,35.486703,1.0,country:1.00,matched,2026-04-27T16:46:34Z
48716,Asian Art,1668,1722,1695,1500:1999,||||||||China||,China,culture,0.55,true,country.8753,People's Republic of China,101.901875,35.486703,1.0,country:1.00,matched,2026-04-27T16:46:34Z
42333,Asian Art,-500,-350,-425,-500:-1,||||||||China||,China,culture,0.55,true,country.8753,People's Republic of China,101.901875,35.486703,1.0,country:1.00,matched,2026-04-27T16:46:34Z
313101,The Michael C. Rockefeller Wing,1200,1600,1400,1000:1499,||||||Peru||North coast (?)||,Peru,country,0.70,true,country.8880,Peru,-75.311132,-10.151093,1.0,country:1.00,matched,2026-04-27T16:47:00Z
48516,Asian Art,1368,1644,1506,1500:1999,||||||||China||,China,culture,0.55,true,country.8753,People's Republic of China,101.901875,35.486703,1.0,country:1.00,matched,2026-04-27T16:46:34Z
308568,The Michael C. Rockefeller Wing,300,600,450,0:499,||||||Peru||Nasca||,Peru,country,0.70,true,country.8880,Peru,-75.311132,-10.151093,1.0,country:1.00,matched,2026-04-27T16:47:00Z
197613,European Sculpture and Decorative Arts,1755,1765,1760,1500:1999,||||||||||,,none,0.00,false,,,,,,,,
204414,European Sculpture and Decorative Arts,1800,1899,1849,1500:1999,||||||||||,,none,0.00,false,,,,,,,,
310547,The Michael C. Rockefeller Wing,-700,-200,-450,-500:-1,||||Ica Valley||Peru||Paracas||,"Ica Valley, Peru, Peru",region||country,0.70,true,place.5556400,"Ica District, Ica, Peru",-75.729645,-14.063716,0.592593,place:0.59,matched,2026-04-27T16:46:45Z
205325,European Sculpture and Decorative Arts,1750,1760,1755,1500:1999,||||||||||British,Britain,department||artistNationality,0.53,true,country.8783,United Kingdom,-2.36967,54.237933,1.0,country:1.00,matched,2026-04-27T16:46:31Z
449041,Islamic Art,1100,1299,1199,1000:1499,Nishapur||||||Iran||||,"Nishapur, Iran",city||country,0.88,true,place.1878126,"Nishapur County, Razavi Khorasan, Iran",58.79233,36.21129,0.95,place:0.95,matched,2026-04-27T16:46:56Z
50187,Asian Art,1634,1666,1650,1500:1999,||||||||Japan||,Japan,culture,0.55,true,country.8820,Japan,138.59223,36.386493,1.0,country:1.00,matched,2026-04-27T16:46:48Z
57434,Asian Art,1200,1299,1249,1000:1499,||||||||Korea||,Korea,culture,0.55,true,country.8828,South Korea,128.168944,36.536236,1.0,country:1.00,matched,2026-04-27T16:46:49Z
312158,The Michael C. Rockefeller Wing,-1200,-800,-1000,-1000:-501,||||Mesoamerica||Mexico||Olmec||,"Mesoamerica, Mexico",region||country,0.70,true,country.8863,Mexico,-102.532867,23.950464,0.5,country:0.50,matched,2026-04-27T16:46:53Z
309345,The Michael C. Rockefeller Wing,1100,1500,1300,1000:1499,||||||Peru||Chimú||,Peru,country,0.70,true,country.8880,Peru,-75.311132,-10.151093,1.0,country:1.00,matched,2026-04-27T16:47:00Z
185914,European Sculpture and Decorative Arts,1715,1725,1720,1500:1999,||||||||||,,none,0.00,false,,,,,,,,
670810,European Sculpture and Decorative Arts,1875,1885,1880,1500:1999,"||||||||||British, Scottish",Scotland,department||artistNationality,0.35,true,region.17487,"Scotland, United Kingdom",-4.095892,56.734282,1.0,region:1.00,matched,2026-04-27T16:47:05Z
449637,Islamic Art,800,999,899,500:999,Nishapur||||||Iran||||,"Nishapur, Iran",city||country,0.88,true,place.1878126,"Nishapur County, Razavi Khorasan, Iran",58.79233,36.21129,0.95,place:0.95,matched,2026-04-27T16:46:56Z
48597,Asian Art,1662,1722,1692,1500:1999,||||||||China||,China,culture,0.55,true,country.8753,People's Republic of China,101.901875,35.486703,1.0,country:1.00,matched,2026-04-27T16:46:34Z
309346,The Michael C. Rockefeller Wing,300,700,500,500:999,||||||Peru||Moche||,Peru,country,0.70,true,country.8880,Peru,-75.311132,-10.151093,1.0,country:1.00,matched,2026-04-27T16:47:00Z
37433,Asian Art,1050,1199,1124,1000:1499,||||||||Thailand||,Thailand,culture,0.55,true,country.8925,Thailand,101.017438,15.127333,1.0,country:1.00,matched,2026-04-27T16:47:09Z
42394,Asian Art,1634,1699,1666,1500:1999,||||||||China||,China,culture,0.55,true,country.8753,People's Republic of China,101.901875,35.486703,1.0,country:1.00,matched,2026-04-27T16:46:34Z
308406,The Michael C. Rockefeller Wing,-99,300,100,0:499,||||||Peru||Moche or Salinar (?)||,Peru,country,0.70,true,country.8880,Peru,-75.311132,-10.151093,1.0,country:1.00,matched,2026-04-27T16:47:00Z
48801,Asian Art,1800,1800,1800,1500:1999,||||||||Japan||,Japan,culture,0.55,true,country.8820,Japan,138.59223,36.386493,1.0,country:1.00,matched,2026-04-27T16:46:48Z
50037,Asian Art,1736,1795,1765,1500:1999,||||||||China||,China,culture,0.55,true,country.8753,People's Republic of China,101.901875,35.486703,1.0,country:1.00,matched,2026-04-27T16:46:34Z
44447,Asian Art,1700,1799,1749,1500:1999,||||||||Japan||,Japan,culture,0.55,true,country.8820,Japan,138.59223,36.386493,1.0,country:1.00,matched,2026-04-27T16:46:48Z
50960,Asian Art,1700,1733,1716,1500:1999,||||||||China||,China,culture,0.55,true,country.8753,People's Republic of China,101.901875,35.486703,1.0,country:1.00,matched,2026-04-27T16:46:34Z
50834,Asian Art,1662,1722,1692,1500:1999,||||||||China||,China,culture,0.55,true,country.8753,People's Republic of China,101.901875,35.486703,1.0,country:1.00,matched,2026-04-27T16:46:34Z
309324,The Michael C. Rockefeller Wing,400,700,550,500:999,||||||Peru||Moche||,Peru,country,0.70,true,country.8880,Peru,-75.311132,-10.151093,1.0,country:1.00,matched,2026-04-27T16:47:00Z
205835,European Sculpture and Decorative Arts,1725,1735,1730,1500:1999,||||||||||,,none,0.00,false,,,,,,,,
50950,Asian Art,1667,1733,1700,1500:1999,||||||||China||,China,culture,0.55,true,country.8753,People's Republic of China,101.901875,35.486703,1.0,country:1.00,matched,2026-04-27T16:46:34Z
460135,Robert Lehman Collection,1467,1493,1480,1000:1499,"||||||||Italian, possibly Florence or Faenza||","Florence, Italy",culture||country,0.35,true,place.22481008,"Florence, Florence, Italy",11.256129,43.771484,1.0,place:1.00,matched,2026-04-27T16:46:42Z
761272,The Michael C. Rockefeller Wing,600,900,750,500:999,||||||Mexico||Maya||,Mexico,country,0.70,true,country.8863,Mexico,-102.532867,23.950464,1.0,country:1.00,matched,2026-04-27T16:46:53Z
47447,Asian Art,1600,1699,1649,1500:1999,||||||||Japan||,Japan,culture,0.55,true,country.8820,Japan,138.59223,36.386493,1.0,country:1.00,matched,2026-04-27T16:46:48Z
47804,Asian Art,1700,1799,1749,1500:1999,||||||||China||,China,culture,0.55,true,country.8753,People's Republic of China,101.901875,35.486703,1.0,country:1.00,matched,2026-04-27T16:46:34Z
310517,The Michael C. Rockefeller Wing,100,500,300,0:499,||||South Coast||Peru||Nasca||,Peru,country,0.70,true,country.8880,Peru,-75.311132,-10.151093,1.0,country:1.00,matched,2026-04-27T16:47:00Z
468271,Medieval Art,500,699,599,500:999,||||||||Visigothic||,Spain,culture,0.55,true,country.8774,Spain,-4.055685,41.294856,1.0,country:1.00,matched,2026-04-27T16:47:07Z
446929,Islamic Art,1600,1699,1649,1500:1999,||||||Iran||||,Iran,country,0.70,true,country.8814,Iran,54.301374,32.565838,1.0,country:1.00,matched,2026-04-27T16:46:46Z
196741,European Sculpture and Decorative Arts,1550,1599,1574,1500:1999,||||||||||,,none,0.00,false,,,,,,,,
47953,Asian Art,1700,1799,1749,1500:1999,||||||||Japan||,Japan,culture,0.55,true,country.8820,Japan,138.59223,36.386493,1.0,country:1.00,matched,2026-04-27T16:46:48Z
447285,Islamic Art,1100,1299,1199,1000:1499,||||||Iran||||,Iran,country,0.70,true,country.8814,Iran,54.301374,32.565838,1.0,country:1.00,matched,2026-04-27T16:46:46Z
197824,European Sculpture and Decorative Arts,1885,1899,1892,1500:1999,||||||||||,,none,0.00,false,,,,,,,,
63137,Asian Art,1700,1799,1749,1500:1999,||||||||Japan||,Japan,culture,0.55,true,country.8820,Japan,138.59223,36.386493,1.0,country:1.00,matched,2026-04-27T16:46:48Z
50567,Asian Art,1100,1299,1199,1000:1499,||||||||China||,China,culture,0.55,true,country.8753,People's Republic of China,101.901875,35.486703,1.0,country:1.00,matched,2026-04-27T16:46:34Z
314635,The Michael C. Rockefeller Wing,400,700,550,500:999,||Veracruz||Mesoamerica||Mexico||Mexican||,"Veracruz, Mexico, Mexico",state||country,0.72,true,place.37464223,"Veracruz, Veracruz, Mexico",-96.1379,19.198362,0.666667,place:0.67,matched,2026-04-27T16:47:14Z
466618,Medieval Art,1300,1500,1400,1000:1499,||||||||German||,Germany,culture,0.55,true,country.8762,Germany,10.018343,51.133481,1.0,country:1.00,matched,2026-04-27T16:46:43Z
46932,Asian Art,1700,1799,1749,1500:1999,||||||||China||,China,culture,0.55,true,country.8753,People's Republic of China,101.901875,35.486703,1.0,country:1.00,matched,2026-04-27T16:46:34Z
47587,Asian Art,1668,1722,1695,1500:1999,||||||||China||,China,culture,0.55,true,country.8753,People's Republic of China,101.901875,35.486703,1.0,country:1.00,matched,2026-04-27T16:46:34Z
42285,Asian Art,1150,1199,1174,1000:1499,||||||||Korea||,Korea,culture,0.55,true,country.8828,South Korea,128.168944,36.536236,1.0,country:1.00,matched,2026-04-27T16:46:49Z
47908,Asian Art,1700,1722,1711,1500:1999,||||||||China||,China,culture,0.55,true,country.8753,People's Republic of China,101.901875,35.486703,1.0,country:1.00,matched,2026-04-27T16:46:34Z
203276,European Sculpture and Decorative Arts,1645,1655,1650,1500:1999,||||||||||,,none,0.00,false,,,,,,,,
48552,Asian Art,1700,1799,1749,1500:1999,||||||||China||,China,culture,0.55,true,country.8753,People's Republic of China,101.901875,35.486703,1.0,country:1.00,matched,2026-04-27T16:46:34Z
448261,Islamic Art,1100,1199,1149,1000:1499,||||||Iran||||,Iran,country,0.70,true,country.8814,Iran,54.301374,32.565838,1.0,country:1.00,matched,2026-04-27T16:46:46Z
451707,Islamic Art,1100,1299,1199,1000:1499,Rayy||||||Iran||||,"Rayy, Iran",city||country,0.88,true,country.8814,Iran,54.301374,32.565838,0.5,country:0.50,matched,2026-04-27T16:47:02Z
47158,Asian Art,1700,1799,1749,1500:1999,||||||||Japan||,Japan,culture,0.55,true,country.8820,Japan,138.59223,36.386493,1.0,country:1.00,matched,2026-04-27T16:46:48Z
451363,Islamic Art,1175,1225,1200,1000:1499,Raqqa||||||Syria||||,"Raqqa, Syria",city||country,0.88,true,place.13035735,"Raqqa, Al-Raqqah, Syria",39.008921,35.949678,1.0,place:1.00,matched,2026-04-27T16:47:01Z
194238,European Sculpture and Decorative Arts,1755,1765,1760,1500:1999,||||||||||German,Germany,department||artistNationality,0.53,true,country.8762,Germany,10.018343,51.133481,1.0,country:1.00,matched,2026-04-27T16:46:43Z
39512,Asian Art,700,899,799,500:999,||||||||Korea||,Korea,culture,0.55,true,country.8828,South Korea,128.168944,36.536236,1.0,country:1.00,matched,2026-04-27T16:46:49Z
444893,Islamic Art,1600,1699,1649,1500:1999,||||||Iran||||,Iran,country,0.70,true,country.8814,Iran,54.301374,32.565838,1.0,country:1.00,matched,2026-04-27T16:46:46Z
44450,Asian Art,1820,1820,1820,1500:1999,||||||||Japan||Japanese,Japan,culture,0.55,true,country.8820,Japan,138.59223,36.386493,1.0,country:1.00,matched,2026-04-27T16:46:48Z
192802,European Sculpture and Decorative Arts,1750,1770,1760,1500:1999,||||||||||British,Britain,department||artistNationality,0.53,true,country.8783,United Kingdom,-2.36967,54.237933,1.0,country:1.00,matched,2026-04-27T16:46:31Z
203299,European Sculpture and Decorative Arts,1743,1753,1748,1500:1999,||||||||||British,Britain,department||artistNationality,0.53,true,country.8783,United Kingdom,-2.36967,54.237933,1.0,country:1.00,matched,2026-04-27T16:46:31Z
63135,Asian Art,1700,1799,1749,1500:1999,||||||||Japan||,Japan,culture,0.55,true,country.8820,Japan,138.59223,36.386493,1.0,country:1.00,matched,2026-04-27T16:46:48Z
318605,The Michael C. Rockefeller Wing,1100,1500,1300,1000:1499,||||||Peru||Chimú||,Peru,country,0.70,true,country.8880,Peru,-75.311132,-10.151093,1.0,country:1.00,matched,2026-04-27T16:47:00Z
50813,Asian Art,1700,1799,1749,1500:1999,||||||||China||,China,culture,0.55,true,country.8753,People's Republic of China,101.901875,35.486703,1.0,country:1.00,matched,2026-04-27T16:46:34Z
49896,Asian Art,-1300,-1000,-1150,-1500:-1001,||||||||China||,China,culture,0.55,true,country.8753,People's Republic of China,101.901875,35.486703,1.0,country:1.00,matched,2026-04-27T16:46:34Z
48311,Asian Art,1668,1722,1695,1500:1999,||||||||China||,China,culture,0.55,true,country.8753,People's Republic of China,101.901875,35.486703,1.0,country:1.00,matched,2026-04-27T16:46:34Z
658719,European Sculpture and Decorative Arts,1875,1885,1880,1500:1999,"||||||||||British, Scottish",Scotland,department||artistNationality,0.35,true,region.17487,"Scotland, United Kingdom",-4.095892,56.734282,1.0,region:1.00,matched,2026-04-27T16:47:05Z
47222,Asian Art,1830,1830,1830,1500:1999,||||||||Japan||,Japan,culture,0.55,true,country.8820,Japan,138.59223,36.386493,1.0,country:1.00,matched,2026-04-27T16:46:48Z
871929,European Sculpture and Decorative Arts,1895,1905,1900,1500:1999,||||||||||Danish,Denmark,department||artistNationality,0.35,true,country.8765,Denmark,10.046297,55.963398,1.0,country:1.00,matched,2026-04-27T16:46:38Z
47648,Asian Art,1573,1620,1596,1500:1999,||||||||China||,China,culture,0.55,true,country.8753,People's Republic of China,101.901875,35.486703,1.0,country:1.00,matched,2026-04-27T16:46:34Z
208243,European Sculpture and Decorative Arts,1700,1715,1707,1500:1999,||||||||||,,none,0.00,false,,,,,,,,
447289,Islamic Art,1100,1199,1149,1000:1499,||||||Syria||||,Syria,country,0.70,true,country.8919,Syria,38.505592,35.013048,1.0,country:1.00,matched,2026-04-27T16:47:09Z
52059,Asian Art,1662,1722,1692,1500:1999,||||||||China||,China,culture,0.55,true,country.8753,People's Republic of China,101.901875,35.486703,1.0,country:1.00,matched,2026-04-27T16:46:34Z
310219,The Michael C. Rockefeller Wing,-200,100,-50,-500:-1,||||||Peru||Topará||,Peru,country,0.70,true,country.8880,Peru,-75.311132,-10.151093,1.0,country:1.00,matched,2026-04-27T16:47:00Z
48701,Asian Art,1800,1899,1849,1500:1999,||||||||China||,China,culture,0.55,true,country.8753,People's Republic of China,101.901875,35.486703,1.0,country:1.00,matched,2026-04-27T16:46:34Z
48714,Asian Art,1700,1799,1749,1500:1999,||||||||China||,China,culture,0.55,true,country.8753,People's Republic of China,101.901875,35.486703,1.0,country:1.00,matched,2026-04-27T16:46:34Z
314693,The Michael C. Rockefeller Wing,100,600,350,0:499,||||||Peru||Moche||,Peru,country,0.70,true,country.8880,Peru,-75.311132,-10.151093,1.0,country:1.00,matched,2026-04-27T16:47:00Z
445270,Islamic Art,1100,1299,1199,1000:1499,Raqqa||||||Syria||||,"Raqqa, Syria",city||country,0.88,true,place.13035735,"Raqqa, Al-Raqqah, Syria",39.008921,35.949678,1.0,place:1.00,matched,2026-04-27T16:47:01Z
446841,Islamic Art,1100,1199,1149,1000:1499,||||||Eastern Syria||||,Eastern Syria,country,0.70,true,country.8919,Syria,38.505592,35.013048,0.5,country:0.50,matched,2026-04-27T16:46:39Z
62601,Asian Art,1800,1899,1849,1500:1999,||||||||Japan||,Japan,culture,0.55,true,country.8820,Japan,138.59223,36.386493,1.0,country:1.00,matched,2026-04-27T16:46:48Z
309442,The Michael C. Rockefeller Wing,300,700,500,500:999,||||||Peru||Moche||,Peru,country,0.70,true,country.8880,Peru,-75.311132,-10.151093,1.0,country:1.00,matched,2026-04-27T16:47:00Z
204364,European Sculpture and Decorative Arts,1800,1899,1849,1500:1999,||||||||||,,none,0.00,false,,,,,,,,
477288,Medieval Art,300,699,499,0:499,||Kharga Oasis||||Byzantine Egypt||Coptic||,"Kharga Oasis, Byzantine Egypt",state||country,0.72,true,country.8771,Egypt,29.871903,26.494184,0.388889,country:0.39,matched,2026-04-27T16:46:49Z
308451,The Michael C. Rockefeller Wing,-700,-300,-500,-500:-1,||||||Peru||Paracas||,Peru,country,0.70,true,country.8880,Peru,-75.311132,-10.151093,1.0,country:1.00,matched,2026-04-27T16:47:00Z
309490,The Michael C. Rockefeller Wing,200,600,400,0:499,||||||Peru||Moche||,Peru,country,0.70,true,country.8880,Peru,-75.311132,-10.151093,1.0,country:1.00,matched,2026-04-27T16:47:00Z
63142,Asian Art,1700,1799,1749,1500:1999,||||||||Japan||,Japan,culture,0.55,true,country.8820,Japan,138.59223,36.386493,1.0,country:1.00,matched,2026-04-27T16:46:48Z
210743,European Sculpture and Decorative Arts,1885,1895,1890,1500:1999,"||||||||||British, Scottish",Scotland,department||artistNationality,0.35,true,region.17487,"Scotland, United Kingdom",-4.095892,56.734282,1.0,region:1.00,matched,2026-04-27T16:47:05Z
308582,The Michael C. Rockefeller Wing,100,600,350,0:499,||||||Peru||Nasca||,Peru,country,0.70,true,country.8880,Peru,-75.311132,-10.151093,1.0,country:1.00,matched,2026-04-27T16:47:00Z
42206,Asian Art,1736,1795,1765,1500:1999,||||||||China||,China,culture,0.55,true,country.8753,People's Republic of China,101.901875,35.486703,1.0,country:1.00,matched,2026-04-27T16:46:34Z
195041,European Sculpture and Decorative Arts,1600,1699,1649,1500:1999,||||||||||,,none,0.00,false,,,,,,,,
204386,European Sculpture and Decorative Arts,1800,1899,1849,1500:1999,||||||||||,,none,0.00,false,,,,,,,,
47258,Asian Art,1850,1899,1874,1500:1999,||||||||Japan||,Japan,culture,0.55,true,country.8820,Japan,138.59223,36.386493,1.0,country:1.00,matched,2026-04-27T16:46:48Z
62590,Asian Art,1600,1699,1649,1500:1999,||||||||Japan||,Japan,culture,0.55,true,country.8820,Japan,138.59223,36.386493,1.0,country:1.00,matched,2026-04-27T16:46:48Z
771025,European Sculpture and Decorative Arts,1884,1884,1884,1500:1999,||||||||||British,Britain,department||artistNationality,0.53,true,country.8783,United Kingdom,-2.36967,54.237933,1.0,country:1.00,matched,2026-04-27T16:46:31Z
50213,Asian Art,700,799,749,500:999,||||||||Japan||,Japan,culture,0.55,true,country.8820,Japan,138.59223,36.386493,1.0,country:1.00,matched,2026-04-27T16:46:48Z
50334,Asian Art,1630,1649,1639,1500:1999,||||||||Japan||,Japan,culture,0.55,true,country.8820,Japan,138.59223,36.386493,1.0,country:1.00,matched,2026-04-27T16:46:48Z
205323,European Sculpture and Decorative Arts,1745,1760,1752,1500:1999,||||||||||British,Britain,department||artistNationality,0.53,true,country.8783,United Kingdom,-2.36967,54.237933,1.0,country:1.00,matched,2026-04-27T16:46:31Z
310645,The Michael C. Rockefeller Wing,200,700,450,0:499,||||||Peru||Moche||,Peru,country,0.70,true,country.8880,Peru,-75.311132,-10.151093,1.0,country:1.00,matched,2026-04-27T16:47:00Z
193093,European Sculpture and Decorative Arts,1800,1899,1849,1500:1999,||||||||||,,none,0.00,false,,,,,,,,
190600,European Sculpture and Decorative Arts,1785,1799,1792,1500:1999,||||||||||British,Britain,department||artistNationality,0.53,true,country.8783,United Kingdom,-2.36967,54.237933,1.0,country:1.00,matched,2026-04-27T16:46:31Z
46714,Asian Art,1700,1799,1749,1500:1999,||||||||China||,China,culture,0.55,true,country.8753,People's Republic of China,101.901875,35.486703,1.0,country:1.00,matched,2026-04-27T16:46:34Z
465875,Medieval Art,1200,1299,1249,1000:1499,||||||||French||,France,culture,0.55,true,country.8781,France,2.618787,47.824905,1.0,country:1.00,matched,2026-04-27T16:46:43Z
37524,Asian Art,1350,1550,1450,1000:1499,||||||||Thailand||,Thailand,culture,0.55,true,country.8925,Thailand,101.017438,15.127333,1.0,country:1.00,matched,2026-04-27T16:47:09Z
37537,Asian Art,-3500,-3500,-3500,-3500:-3001,||||||||Thailand||,Thailand,culture,0.55,true,country.8925,Thailand,101.017438,15.127333,1.0,country:1.00,matched,2026-04-27T16:47:09Z
770940,European Sculpture and Decorative Arts,1877,1877,1877,1500:1999,||||||||||British,Britain,department||artistNationality,0.53,true,country.8783,United Kingdom,-2.36967,54.237933,1.0,country:1.00,matched,2026-04-27T16:46:31Z
51217,Asian Art,1736,1795,1765,1500:1999,||||||||China||,China,culture,0.55,true,country.8753,People's Republic of China,101.901875,35.486703,1.0,country:1.00,matched,2026-04-27T16:46:34Z
42397,Asian Art,1640,1670,1655,1500:1999,||||||||China||,China,culture,0.55,true,country.8753,People's Republic of China,101.901875,35.486703,1.0,country:1.00,matched,2026-04-27T16:46:34Z
46965,Asian Art,1668,1722,1695,1500:1999,||||||||China||,China,culture,0.55,true,country.8753,People's Republic of China,101.901875,35.486703,1.0,country:1.00,matched,2026-04-27T16:46:34Z
46569,Asian Art,1700,1799,1749,1500:1999,||||||||China||,China,culture,0.55,true,country.8753,People's Republic of China,101.901875,35.486703,1.0,country:1.00,matched,2026-04-27T16:46:34Z
57422,Asian Art,1200,1299,1249,1000:1499,||||||||Korea||,Korea,culture,0.55,true,country.8828,South Korea,128.168944,36.536236,1.0,country:1.00,matched,2026-04-27T16:46:49Z
197572,European Sculpture and Decorative Arts,1745,1775,1760,1500:1999,||||||||||,,none,0.00,false,,,,,,,,
48699,Asian Art,1700,1722,1711,1500:1999,||||||||China||,China,culture,0.55,true,country.8753,People's Republic of China,101.901875,35.486703,1.0,country:1.00,matched,2026-04-27T16:46:34Z
48509,Asian Art,1200,1368,1284,1000:1499,||||||||China||,China,culture,0.55,true,country.8753,People's Republic of China,101.901875,35.486703,1.0,country:1.00,matched,2026-04-27T16:46:34Z
48840,Asian Art,1662,1722,1692,1500:1999,||||||||China||,China,culture,0.55,true,country.8753,People's Republic of China,101.901875,35.486703,1.0,country:1.00,matched,2026-04-27T16:46:34Z
46590,Asian Art,1700,1799,1749,1500:1999,||||||||China||,China,culture,0.55,true,country.8753,People's Republic of China,101.901875,35.486703,1.0,country:1.00,matched,2026-04-27T16:46:34Z
320343,The Michael C. Rockefeller Wing,-625,-475,-550,-1000:-501,||||||Peru||Paracas||,Peru,country,0.70,true,country.8880,Peru,-75.311132,-10.151093,1.0,country:1.00,matched,2026-04-27T16:47:00Z
46675,Asian Art,1800,1899,1849,1500:1999,||||||||China||,China,culture,0.55,true,country.8753,People's Republic of China,101.901875,35.486703,1.0,country:1.00,matched,2026-04-27T16:46:34Z
44727,Asian Art,-2650,-2350,-2500,-2500:-2001,||||||||China||,China,culture,0.55,true,country.8753,People's Republic of China,101.901875,35.486703,1.0,country:1.00,matched,2026-04-27T16:46:34Z
313241,The Michael C. Rockefeller Wing,500,900,700,500:999,||||Mesoamerica||Mexico||Maya||,"Mesoamerica, Mexico",region||country,0.70,true,country.8863,Mexico,-102.532867,23.950464,0.5,country:0.50,matched,2026-04-27T16:46:53Z
200823,European Sculpture and Decorative Arts,1760,1770,1765,1500:1999,||||||||||,,none,0.00,false,,,,,,,,
309486,The Michael C. Rockefeller Wing,300,700,500,500:999,||||||Peru||Moche||,Peru,country,0.70,true,country.8880,Peru,-75.311132,-10.151093,1.0,country:1.00,matched,2026-04-27T16:47:00Z
48340,Asian Art,1700,1799,1749,1500:1999,||||||||China||,China,culture,0.55,true,country.8753,People's Republic of China,101.901875,35.486703,1.0,country:1.00,matched,2026-04-27T16:46:34Z
194235,European Sculpture and Decorative Arts,1735,1745,1740,1500:1999,||||||||||German,Germany,department||artistNationality,0.53,true,country.8762,Germany,10.018343,51.133481,1.0,country:1.00,matched,2026-04-27T16:46:43Z
309509,The Michael C. Rockefeller Wing,-1200,-800,-1000,-1000:-501,||||North Coast||Peru||Cupisnique||,Peru,country,0.70,true,country.8880,Peru,-75.311132,-10.151093,1.0,country:1.00,matched,2026-04-27T16:47:00Z
312802,The Michael C. Rockefeller Wing,-300,-1,-151,-500:-1,||Michoacan||Mesoamerica||Mexico||Chupicuaro||,"Michoacan, Mexico, Mexico",state||country,0.72,true,region.255135,"Mexico, Mexico",-99.724084,19.642105,0.666667,region:0.67,matched,2026-04-27T16:46:54Z
50349,Asian Art,1750,1799,1774,1500:1999,||||||||Japan||,Japan,culture,0.55,true,country.8820,Japan,138.59223,36.386493,1.0,country:1.00,matched,2026-04-27T16:46:48Z
49296,Asian Art,1650,1699,1674,1500:1999,||||||||Japan||,Japan,culture,0.55,true,country.8820,Japan,138.59223,36.386493,1.0,country:1.00,matched,2026-04-27T16:46:48Z
313155,The Michael C. Rockefeller Wing,-200,300,50,0:499,||Colima||Mesoamerica||Mexico||Colima||,"Colima, Mexico, Mexico",state||country,0.72,true,region.255135,"Mexico, Mexico",-99.724084,19.642105,0.666667,region:0.67,matched,2026-04-27T16:46:35Z
446878,Islamic Art,900,1099,999,500:999,||||||Iran||||,Iran,country,0.70,true,country.8814,Iran,54.301374,32.565838,1.0,country:1.00,matched,2026-04-27T16:46:46Z
49216,Asian Art,1334,1366,1350,1000:1499,||||||||China||,China,culture,0.55,true,country.8753,People's Republic of China,101.901875,35.486703,1.0,country:1.00,matched,2026-04-27T16:46:34Z
308296,The Michael C. Rockefeller Wing,-400,-200,-300,-500:-1,||||||Peru||Paracas||,Peru,country,0.70,true,country.8880,Peru,-75.311132,-10.151093,1.0,country:1.00,matched,2026-04-27T16:47:00Z
63061,Asian Art,1700,1799,1749,1500:1999,||||||||Japan||,Japan,culture,0.55,true,country.8820,Japan,138.59223,36.386493,1.0,country:1.00,matched,2026-04-27T16:46:48Z
200886,European Sculpture and Decorative Arts,1749,1758,1753,1500:1999,||||||||||German,Germany,department||artistNationality,0.53,true,country.8762,Germany,10.018343,51.133481,1.0,country:1.00,matched,2026-04-27T16:46:43Z
316177,The Michael C. Rockefeller Wing,1,600,300,0:499,||||South Coast||Peru||Nasca||,Peru,country,0.70,true,country.8880,Peru,-75.311132,-10.151093,1.0,country:1.00,matched,2026-04-27T16:47:00Z
308291,The Michael C. Rockefeller Wing,-700,-400,-550,-1000:-501,||||Ica Valley||Peru||Paracas||,"Ica Valley, Peru, Peru",region||country,0.70,true,place.5556400,"Ica District, Ica, Peru",-75.729645,-14.063716,0.592593,place:0.59,matched,2026-04-27T16:46:45Z
47786,Asian Art,1700,1799,1749,1500:1999,||||||||Japan||,Japan,culture,0.55,true,country.8820,Japan,138.59223,36.386493,1.0,country:1.00,matched,2026-04-27T16:46:48Z
73217,Asian Art,1600,1699,1649,1500:1999,||||||||Korea||,Korea,culture,0.55,true,country.8828,South Korea,128.168944,36.536236,1.0,country:1.00,matched,2026-04-27T16:46:49Z
308386,The Michael C. Rockefeller Wing,400,700,550,500:999,||||||Peru||Moche||,Peru,country,0.70,true,country.8880,Peru,-75.311132,-10.151093,1.0,country:1.00,matched,2026-04-27T16:47:00Z
45889,Asian Art,1800,1899,1849,1500:1999,||||||||China||,China,culture,0.55,true,country.8753,People's Republic of China,101.901875,35.486703,1.0,country:1.00,matched,2026-04-27T16:46:34Z
49344,Asian Art,1667,1733,1700,1500:1999,||||||||China||,China,culture,0.55,true,country.8753,People's Republic of China,101.901875,35.486703,1.0,country:1.00,matched,2026-04-27T16:46:34Z
48324,Asian Art,1668,1722,1695,1500:1999,||||||||China||,China,culture,0.55,true,country.8753,People's Republic of China,101.901875,35.486703,1.0,country:1.00,matched,2026-04-27T16:46:34Z
50192,Asian Art,1600,1699,1649,1500:1999,||||||||Japan||,Japan,culture,0.55,true,country.8820,Japan,138.59223,36.386493,1.0,country:1.00,matched,2026-04-27T16:46:48Z
57404,Asian Art,1100,1199,1149,1000:1499,||||||||Korea||,Korea,culture,0.55,true,country.8828,South Korea,128.168944,36.536236,1.0,country:1.00,matched,2026-04-27T16:46:49Z
47858,Asian Art,1820,1820,1820,1500:1999,||||||||Japan||,Japan,culture,0.55,true,country.8820,Japan,138.59223,36.386493,1.0,country:1.00,matched,2026-04-27T16:46:48Z
57400,Asian Art,1900,1999,1949,1500:1999,||||||||Korea||,Korea,culture,0.55,true,country.8828,South Korea,128.168944,36.536236,1.0,country:1.00,matched,2026-04-27T16:46:49Z
450494,Islamic Art,800,899,849,500:999,||||||Iraq or Syria||||,Iraq,country,0.50,true,country.8813,Iraq,43.404716,33.048056,1.0,country:1.00,matched,2026-04-27T16:46:46Z
185901,European Sculpture and Decorative Arts,1695,1705,1700,1500:1999,||||||||||,,none,0.00,false,,,,,,,,
918706,European Sculpture and Decorative Arts,1700,1730,1715,1500:1999,||||||||||Bohemian,Czech Republic,department||artistNationality,0.35,true,country.8761,Czech Republic,15.338412,49.742859,1.0,country:1.00,matched,2026-04-27T16:46:37Z
62917,Asian Art,1750,1750,1750,1500:1999,||||||||Japan||,Japan,culture,0.55,true,country.8820,Japan,138.59223,36.386493,1.0,country:1.00,matched,2026-04-27T16:46:48Z
314633,The Michael C. Rockefeller Wing,400,500,450,0:499,||||Mesoamerica||Mexico||Teotihuacan||,"Mesoamerica, Mexico",region||country,0.70,true,country.8863,Mexico,-102.532867,23.950464,0.5,country:0.50,matched,2026-04-27T16:46:53Z
848436,European Sculpture and Decorative Arts,1675,1685,1680,1500:1999,||||||||||German,Germany,department||artistNationality,0.53,true,country.8762,Germany,10.018343,51.133481,1.0,country:1.00,matched,2026-04-27T16:46:43Z
52767,Asian Art,1368,1644,1506,1500:1999,||||||||China||,China,culture,0.55,true,country.8753,People's Republic of China,101.901875,35.486703,1.0,country:1.00,matched,2026-04-27T16:46:34Z
487245,Modern and Contemporary Art,1922,1922,1922,1500:1999,||||||||Danish (Nästved)||Danish,Denmark,artistNationality,0.45,true,country.8765,Denmark,10.046297,55.963398,1.0,country:1.00,matched,2026-04-27T16:46:38Z
890336,European Sculpture and Decorative Arts,1893,1903,1898,1500:1999,||||||||||French,France,department||artistNationality,0.53,true,country.8781,France,2.618787,47.824905,1.0,country:1.00,matched,2026-04-27T16:46:43Z
63129,Asian Art,1700,1799,1749,1500:1999,||||||||Japan||,Japan,culture,0.55,true,country.8820,Japan,138.59223,36.386493,1.0,country:1.00,matched,2026-04-27T16:46:48Z
48451,Asian Art,1271,1368,1319,1000:1499,||||||||China||,China,culture,0.55,true,country.8753,People's Republic of China,101.901875,35.486703,1.0,country:1.00,matched,2026-04-27T16:46:34Z
50335,Asian Art,1771,1799,1785,1500:1999,||||||||Japan||,Japan,culture,0.55,true,country.8820,Japan,138.59223,36.386493,1.0,country:1.00,matched,2026-04-27T16:46:48Z
466230,The Cloisters,1300,1350,1325,1000:1499,Siegburg||Lower Rhineland||||Germany||German||,"Siegburg, Germany, Lower Rhineland, Germany",city||state||country,0.95,true,place.73533498,"Siegburg, Rhein-Sieg District, North Rhine-Westphalia, Germany",7.205866,50.796486,0.592593,place:0.59,matched,2026-04-27T16:47:06Z
308624,The Michael C. Rockefeller Wing,-700,-400,-550,-1000:-501,||||Ica Valley||Peru||Paracas||,"Ica Valley, Peru, Peru",region||country,0.70,true,place.5556400,"Ica District, Ica, Peru",-75.729645,-14.063716,0.592593,place:0.59,matched,2026-04-27T16:46:45Z
52220,Asian Art,1640,1649,1644,1500:1999,||||||||Japan||,Japan,culture,0.55,true,country.8820,Japan,138.59223,36.386493,1.0,country:1.00,matched,2026-04-27T16:46:48Z
52834,Asian Art,1662,1722,1692,1500:1999,||||||||China||,China,culture,0.55,true,country.8753,People's Republic of China,101.901875,35.486703,1.0,country:1.00,matched,2026-04-27T16:46:34Z
48682,Asian Art,1662,1722,1692,1500:1999,||||||||China||,China,culture,0.55,true,country.8753,People's Republic of China,101.901875,35.486703,1.0,country:1.00,matched,2026-04-27T16:46:34Z
308362,The Michael C. Rockefeller Wing,-500,-300,-400,-500:-1,||||Ica Valley||Peru||Paracas||,"Ica Valley, Peru, Peru",region||country,0.70,true,place.5556400,"Ica District, Ica, Peru",-75.729645,-14.063716,0.592593,place:0.59,matched,2026-04-27T16:46:45Z
463086,Medieval Art,1400,1450,1425,1000:1499,probably Manises||Valencia||||Spain||Spanish||,"Manises, Valencia, Spain, Valencia, Spain",city||state||country,0.75,true,place.35178566,"Manises, Valencia, Spain",-0.462126,39.493927,1.0,place:1.00,matched,2026-04-27T16:46:52Z
208006,European Sculpture and Decorative Arts,1695,1720,1707,1500:1999,||||||||||,,none,0.00,false,,,,,,,,
51946,Asian Art,-500,300,-100,-500:-1,||||||||Vietnam (North)||,"North, Vietnam",culture||country,0.55,true,country.8948,Vietnam,108.339537,14.315424,0.5,country:0.50,matched,2026-04-27T16:46:57Z
48544,Asian Art,1800,1833,1816,1500:1999,||||||||China||,China,culture,0.55,true,country.8753,People's Republic of China,101.901875,35.486703,1.0,country:1.00,matched,2026-04-27T16:46:34Z
47019,Asian Art,1820,1820,1820,1500:1999,||||||||Japan||,Japan,culture,0.55,true,country.8820,Japan,138.59223,36.386493,1.0,country:1.00,matched,2026-04-27T16:46:48Z
52058,Asian Art,1662,1722,1692,1500:1999,||||||||China||,China,culture,0.55,true,country.8753,People's Republic of China,101.901875,35.486703,1.0,country:1.00,matched,2026-04-27T16:46:34Z
449071,Islamic Art,775,850,812,500:999,Nishapur||||||Iran||||,"Nishapur, Iran",city||country,0.88,true,place.1878126,"Nishapur County, Razavi Khorasan, Iran",58.79233,36.21129,0.95,place:0.95,matched,2026-04-27T16:46:56Z
313301,The Michael C. Rockefeller Wing,100,600,350,0:499,||||||Peru||Nasca||,Peru,country,0.70,true,country.8880,Peru,-75.311132,-10.151093,1.0,country:1.00,matched,2026-04-27T16:47:00Z
771024,European Sculpture and Decorative Arts,1886,1886,1886,1500:1999,||||||||||British,Britain,department||artistNationality,0.53,true,country.8783,United Kingdom,-2.36967,54.237933,1.0,country:1.00,matched,2026-04-27T16:46:31Z
309498,The Michael C. Rockefeller Wing,400,700,550,500:999,||||||Peru||Moche||,Peru,country,0.70,true,country.8880,Peru,-75.311132,-10.151093,1.0,country:1.00,matched,2026-04-27T16:47:00Z
310466,The Michael C. Rockefeller Wing,900,1375,1137,1000:1499,||||North Coast||Peru||Lambayeque (Sicán)||,Peru,country,0.70,true,country.8880,Peru,-75.311132,-10.151093,1.0,country:1.00,matched,2026-04-27T16:47:00Z
309388,The Michael C. Rockefeller Wing,200,500,350,0:499,||||North Coast||Peru||Moche||,Peru,country,0.70,true,country.8880,Peru,-75.311132,-10.151093,1.0,country:1.00,matched,2026-04-27T16:47:00Z
46955,Asian Art,1662,1772,1717,1500:1999,||||||||China||,China,culture,0.55,true,country.8753,People's Republic of China,101.901875,35.486703,1.0,country:1.00,matched,2026-04-27T16:46:34Z
450747,Islamic Art,1200,1299,1249,1000:1499,Gurgan||||||Iran||||,"Gurgan, Iran",city||country,0.88,true,place.1009774,"Gorgan County, Golestan, Iran",54.435223,36.839176,0.94,place:0.94,matched,2026-04-27T16:46:45Z
51014,Asian Art,1736,1795,1765,1500:1999,||||||||China||,China,culture,0.55,true,country.8753,People's Republic of China,101.901875,35.486703,1.0,country:1.00,matched,2026-04-27T16:46:34Z
452853,Islamic Art,1100,1199,1149,1000:1499,||||||probably Egypt||||,Egypt,country,0.50,true,country.8771,Egypt,29.871903,26.494184,1.0,country:1.00,matched,2026-04-27T16:46:40Z
52802,Asian Art,1368,1644,1506,1500:1999,||||||||China||,China,culture,0.55,true,country.8753,People's Republic of China,101.901875,35.486703,1.0,country:1.00,matched,2026-04-27T16:46:34Z
46962,Asian Art,1700,1799,1749,1500:1999,||||||||China||,China,culture,0.55,true,country.8753,People's Republic of China,101.901875,35.486703,1.0,country:1.00,matched,2026-04-27T16:46:34Z
446935,Islamic Art,1700,1799,1749,1500:1999,||||||Iran||||,Iran,country,0.70,true,country.8814,Iran,54.301374,32.565838,1.0,country:1.00,matched,2026-04-27T16:46:46Z
309519,The Michael C. Rockefeller Wing,-1200,-800,-1000,-1000:-501,||||North Coast||Peru||Cupisnique||,Peru,country,0.70,true,country.8880,Peru,-75.311132,-10.151093,1.0,country:1.00,matched,2026-04-27T16:47:00Z
460178,Robert Lehman Collection,1517,1523,1520,1500:1999,"||||||||Italian, Castelli||","Castelli, Italy",culture||country,0.55,true,place.13543536,"Castelli, Teramo, Italy",13.711486,42.488766,1.0,place:1.00,matched,2026-04-27T16:46:32Z
308652,The Michael C. Rockefeller Wing,-500,-100,-300,-500:-1,||||||Peru||Paracas||,Peru,country,0.70,true,country.8880,Peru,-75.311132,-10.151093,1.0,country:1.00,matched,2026-04-27T16:47:00Z
48572,Asian Art,1667,1699,1683,1500:1999,||||||||China||,China,culture,0.55,true,country.8753,People's Republic of China,101.901875,35.486703,1.0,country:1.00,matched,2026-04-27T16:46:34Z
42279,Asian Art,1667,1733,1700,1500:1999,||||||||China||,China,culture,0.55,true,country.8753,People's Republic of China,101.901875,35.486703,1.0,country:1.00,matched,2026-04-27T16:46:34Z
476276,Medieval Art,300,699,499,0:499,||Kharga Oasis||||Byzantine Egypt||Coptic||,"Kharga Oasis, Byzantine Egypt",state||country,0.72,true,country.8771,Egypt,29.871903,26.494184,0.388889,country:0.39,matched,2026-04-27T16:46:49Z
45893,Asian Art,1668,1722,1695,1500:1999,||||||||China||,China,culture,0.55,true,country.8753,People's Republic of China,101.901875,35.486703,1.0,country:1.00,matched,2026-04-27T16:46:34Z
63141,Asian Art,1650,1670,1660,1500:1999,||||||||Japan||Japanese,Japan,culture,0.55,true,country.8820,Japan,138.59223,36.386493,1.0,country:1.00,matched,2026-04-27T16:46:48Z
42360,Asian Art,1700,1733,1716,1500:1999,||||||||China||,China,culture,0.55,true,country.8753,People's Republic of China,101.901875,35.486703,1.0,country:1.00,matched,2026-04-27T16:46:34Z
47809,Asian Art,1700,1799,1749,1500:1999,||||||||Japan||,Japan,culture,0.55,true,country.8820,Japan,138.59223,36.386493,1.0,country:1.00,matched,2026-04-27T16:46:48Z
232205,European Sculpture and Decorative Arts,1875,1885,1880,1500:1999,"||||||||||British, Scottish",Scotland,department||artistNationality,0.35,true,region.17487,"Scotland, United Kingdom",-4.095892,56.734282,1.0,region:1.00,matched,2026-04-27T16:47:05Z
309327,The Michael C. Rockefeller Wing,500,700,600,500:999,||||||Peru||Moche||,Peru,country,0.70,true,country.8880,Peru,-75.311132,-10.151093,1.0,country:1.00,matched,2026-04-27T16:47:00Z
76733,Asian Art,567,633,600,500:999,||||||||China||,China,culture,0.55,true,country.8753,People's Republic of China,101.901875,35.486703,1.0,country:1.00,matched,2026-04-27T16:46:34Z
50338,Asian Art,1671,1699,1685,1500:1999,||||||||Japan||,Japan,culture,0.55,true,country.8820,Japan,138.59223,36.386493,1.0,country:1.00,matched,2026-04-27T16:46:48Z
310220,The Michael C. Rockefeller Wing,-600,-300,-450,-500:-1,||||||Peru||Paracas||,Peru,country,0.70,true,country.8880,Peru,-75.311132,-10.151093,1.0,country:1.00,matched,2026-04-27T16:47:00Z
46779,Asian Art,1668,1722,1695,1500:1999,||||||||China||,China,culture,0.55,true,country.8753,People's Republic of China,101.901875,35.486703,1.0,country:1.00,matched,2026-04-27T16:46:34Z
308457,The Michael C. Rockefeller Wing,-200,-100,-150,-500:-1,||||||Peru||Nasca||,Peru,country,0.70,true,country.8880,Peru,-75.311132,-10.151093,1.0,country:1.00,matched,2026-04-27T16:47:00Z
195021,European Sculpture and Decorative Arts,1515,1515,1515,1500:1999,||||||||||,,none,0.00,false,,,,,,,,
309138,The Michael C. Rockefeller Wing,-1200,-800,-1000,-1000:-501,||||||Peru||Cupisnique||,Peru,country,0.70,true,country.8880,Peru,-75.311132,-10.151093,1.0,country:1.00,matched,2026-04-27T16:47:00Z
201716,European Sculpture and Decorative Arts,1775,1785,1780,1500:1999,||||||||||German,Germany,department||artistNationality,0.53,true,country.8762,Germany,10.018343,51.133481,1.0,country:1.00,matched,2026-04-27T16:46:43Z
447279,Islamic Art,1000,1199,1099,1000:1499,||||||Iran||||,Iran,country,0.70,true,country.8814,Iran,54.301374,32.565838,1.0,country:1.00,matched,2026-04-27T16:46:46Z
308520,The Michael C. Rockefeller Wing,100,600,350,0:499,||||||Peru||Moche||,Peru,country,0.70,true,country.8880,Peru,-75.311132,-10.151093,1.0,country:1.00,matched,2026-04-27T16:47:00Z
72737,Asian Art,1767,1833,1800,1500:1999,||||||||Korea||,Korea,culture,0.55,true,country.8828,South Korea,128.168944,36.536236,1.0,country:1.00,matched,2026-04-27T16:46:49Z
448987,Islamic Art,700,899,799,500:999,Qasr-i Abu Nasr||||||Iran||||,"Qasr-i Abu Nasr, Iran",city||country,0.88,true,country.8814,Iran,54.301374,32.565838,0.366667,country:0.37,matched,2026-04-27T16:47:01Z
314681,The Michael C. Rockefeller Wing,200,800,500,500:999,||||North Coast||Peru||Moche||,Peru,country,0.70,true,country.8880,Peru,-75.311132,-10.151093,1.0,country:1.00,matched,2026-04-27T16:47:00Z
197614,European Sculpture and Decorative Arts,1755,1765,1760,1500:1999,||||||||||,,none,0.00,false,,,,,,,,
47988,Asian Art,1700,1799,1749,1500:1999,||||||||China||,China,culture,0.55,true,country.8753,People's Republic of China,101.901875,35.486703,1.0,country:1.00,matched,2026-04-27T16:46:34Z
312629,The Michael C. Rockefeller Wing,-200,400,100,0:499,||Oaxaca||Mesoamerica||Mexico||Monte Alban||,"Oaxaca, Mexico, Mexico",state||country,0.72,true,place.40880287,"Oaxaca, Oaxaca, Mexico",-96.72438,17.062824,0.666667,place:0.67,matched,2026-04-27T16:46:57Z
833900,The Michael C. Rockefeller Wing,1200,1399,1299,1000:1499,||Arizona||||United States||Ancestral Puebloan (Kayenta Black-on-White)||,"Arizona, United States",state||country,0.72,true,region.394476,"Arizona, United States",-111.422128,34.220261,1.0,region:1.00,matched,2026-04-27T16:46:28Z
188777,European Sculpture and Decorative Arts,1883,1885,1884,1500:1999,||||||||||French,France,department||artistNationality,0.53,true,country.8781,France,2.618787,47.824905,1.0,country:1.00,matched,2026-04-27T16:46:43Z
46940,Asian Art,1668,1722,1695,1500:1999,||||||||China||,China,culture,0.55,true,country.8753,People's Republic of China,101.901875,35.486703,1.0,country:1.00,matched,2026-04-27T16:46:34Z
309447,The Michael C. Rockefeller Wing,300,700,500,500:999,||||||Peru||Moche||,Peru,country,0.70,true,country.8880,Peru,-75.311132,-10.151093,1.0,country:1.00,matched,2026-04-27T16:47:00Z
62759,Asian Art,1650,1650,1650,1500:1999,||||||||Japan||,Japan,culture,0.55,true,country.8820,Japan,138.59223,36.386493,1.0,country:1.00,matched,2026-04-27T16:46:48Z
47722,Asian Art,1690,1710,1700,1500:1999,||||||||Japan||,Japan,culture,0.55,true,country.8820,Japan,138.59223,36.386493,1.0,country:1.00,matched,2026-04-27T16:46:48Z
47582,Asian Art,1522,1566,1544,1500:1999,||||||||China||,China,culture,0.55,true,country.8753,People's Republic of China,101.901875,35.486703,1.0,country:1.00,matched,2026-04-27T16:46:34Z
47922,Asian Art,1800,1833,1816,1500:1999,||||||||Japan||Japanese,Japan,culture,0.55,true,country.8820,Japan,138.59223,36.386493,1.0,country:1.00,matched,2026-04-27T16:46:48Z
63109,Asian Art,1610,1630,1620,1500:1999,||||||||Japan||Japanese,Japan,culture,0.55,true,country.8820,Japan,138.59223,36.386493,1.0,country:1.00,matched,2026-04-27T16:46:48Z
48661,Asian Art,1768,1833,1800,1500:1999,||||||||China||,China,culture,0.55,true,country.8753,People's Republic of China,101.901875,35.486703,1.0,country:1.00,matched,2026-04-27T16:46:34Z
48280,Asian Art,1667,1733,1700,1500:1999,||||||||China||,China,culture,0.55,true,country.8753,People's Republic of China,101.901875,35.486703,1.0,country:1.00,matched,2026-04-27T16:46:34Z
57517,Asian Art,1800,1899,1849,1500:1999,||||||||Korea||,Korea,culture,0.55,true,country.8828,South Korea,128.168944,36.536236,1.0,country:1.00,matched,2026-04-27T16:46:49Z
50313,Asian Art,500,699,599,500:999,||||||||Japan||,Japan,culture,0.55,true,country.8820,Japan,138.59223,36.386493,1.0,country:1.00,matched,2026-04-27T16:46:48Z
477270,Medieval Art,300,699,499,0:499,||Kharga Oasis||||Byzantine Egypt||Coptic||,"Kharga Oasis, Byzantine Egypt",state||country,0.72,true,country.8771,Egypt,29.871903,26.494184,0.388889,country:0.39,matched,2026-04-27T16:46:49Z
46928,Asian Art,1700,1799,1749,1500:1999,||||||||China||,China,culture,0.55,true,country.8753,People's Republic of China,101.901875,35.486703,1.0,country:1.00,matched,2026-04-27T16:46:34Z
188534,European Sculpture and Decorative Arts,1585,1599,1592,1500:1999,||||||||||Italian,Italy,department||artistNationality,0.53,true,country.8816,Italy,12.646361,42.504154,1.0,country:1.00,matched,2026-04-27T16:46:47Z
460139,Robert Lehman Collection,1477,1523,1500,1500:1999,"||||||||Italian, probably Florence or vicinity||","Florence, Italy",culture||country,0.35,true,place.22481008,"Florence, Florence, Italy",11.256129,43.771484,1.0,place:1.00,matched,2026-04-27T16:46:42Z
52377,Asian Art,1600,1699,1649,1500:1999,||||||||Japan||,Japan,culture,0.55,true,country.8820,Japan,138.59223,36.386493,1.0,country:1.00,matched,2026-04-27T16:46:48Z
197222,European Sculpture and Decorative Arts,1550,1599,1574,1500:1999,||||||||||,,none,0.00,false,,,,,,,,
44426,Asian Art,-2300,-2000,-2150,-2500:-2001,||||||||China||,China,culture,0.55,true,country.8753,People's Republic of China,101.901875,35.486703,1.0,country:1.00,matched,2026-04-27T16:46:34Z
52807,Asian Art,1567,1633,1600,1500:1999,||||||||China||,China,culture,0.55,true,country.8753,People's Republic of China,101.901875,35.486703,1.0,country:1.00,matched,2026-04-27T16:46:34Z
644110,European Sculpture and Decorative Arts,1792,1802,1797,1500:1999,||||||||||French,France,department||artistNationality,0.53,true,country.8781,France,2.618787,47.824905,1.0,country:1.00,matched,2026-04-27T16:46:43Z
50770,Asian Art,1300,1368,1334,1000:1499,||||||||China||,China,culture,0.55,true,country.8753,People's Republic of China,101.901875,35.486703,1.0,country:1.00,matched,2026-04-27T16:46:34Z
47599,Asian Art,1650,1650,1650,1500:1999,||||||||Japan||,Japan,culture,0.55,true,country.8820,Japan,138.59223,36.386493,1.0,country:1.00,matched,2026-04-27T16:46:48Z
53855,Asian Art,1879,1879,1879,1500:1999,||||||||China||,China,culture,0.55,true,country.8753,People's Republic of China,101.901875,35.486703,1.0,country:1.00,matched,2026-04-27T16:46:34Z
449913,Islamic Art,1000,1199,1099,1000:1499,Nishapur||||||Iran||||,"Nishapur, Iran",city||country,0.88,true,place.1878126,"Nishapur County, Razavi Khorasan, Iran",58.79233,36.21129,0.95,place:0.95,matched,2026-04-27T16:46:56Z
670813,European Sculpture and Decorative Arts,1875,1885,1880,1500:1999,"||||||||||British, Scottish",Scotland,department||artistNationality,0.35,true,region.17487,"Scotland, United Kingdom",-4.095892,56.734282,1.0,region:1.00,matched,2026-04-27T16:47:05Z
48625,Asian Art,1368,1499,1433,1000:1499,||||||||China||,China,culture,0.55,true,country.8753,People's Republic of China,101.901875,35.486703,1.0,country:1.00,matched,2026-04-27T16:46:34Z
46947,Asian Art,1700,1799,1749,1500:1999,||||||||China||,China,culture,0.55,true,country.8753,People's Republic of China,101.901875,35.486703,1.0,country:1.00,matched,2026-04-27T16:46:34Z
50359,Asian Art,1200,1299,1249,1000:1499,||||||||Korea||,Korea,culture,0.55,true,country.8828,South Korea,128.168944,36.536236,1.0,country:1.00,matched,2026-04-27T16:46:49Z
188908,European Sculpture and Decorative Arts,1515,1525,1520,1500:1999,||||||||||,,none,0.00,false,,,,,,,,
52611,Asian Art,1100,1299,1199,1000:1499,||||||||China||,China,culture,0.55,true,country.8753,People's Republic of China,101.901875,35.486703,1.0,country:1.00,matched,2026-04-27T16:46:34Z
42243,Asian Art,1767,1799,1783,1500:1999,||||||||China||,China,culture,0.55,true,country.8753,People's Republic of China,101.901875,35.486703,1.0,country:1.00,matched,2026-04-27T16:46:34Z
210750,European Sculpture and Decorative Arts,1505,1535,1520,1500:1999,||||||||||,,none,0.00,false,,,,,,,,
37432,Asian Art,1050,1199,1124,1000:1499,||||||||Thailand||,Thailand,culture,0.55,true,country.8925,Thailand,101.017438,15.127333,1.0,country:1.00,matched,2026-04-27T16:47:09Z
52259,Asian Art,1615,1868,1741,1500:1999,||||||||Japan||,Japan,culture,0.55,true,country.8820,Japan,138.59223,36.386493,1.0,country:1.00,matched,2026-04-27T16:46:48Z
194432,European Sculpture and Decorative Arts,1570,1592,1581,1500:1999,||||||||||Italian,Italy,department||artistNationality,0.53,true,country.8816,Italy,12.646361,42.504154,1.0,country:1.00,matched,2026-04-27T16:46:47Z
62677,Asian Art,1800,1899,1849,1500:1999,||||||||Japan||,Japan,culture,0.55,true,country.8820,Japan,138.59223,36.386493,1.0,country:1.00,matched,2026-04-27T16:46:48Z
204512,European Sculpture and Decorative Arts,1455,1485,1470,1000:1499,||||||||||,,none,0.00,false,,,,,,,,
52755,Asian Art,1522,1566,1544,1500:1999,||||||||China||,China,culture,0.55,true,country.8753,People's Republic of China,101.901875,35.486703,1.0,country:1.00,matched,2026-04-27T16:46:34Z
51010,Asian Art,1662,1722,1692,1500:1999,||||||||China||,China,culture,0.55,true,country.8753,People's Republic of China,101.901875,35.486703,1.0,country:1.00,matched,2026-04-27T16:46:34Z
465872,Medieval Art,1200,1399,1299,1000:1499,||||||||French||,France,culture,0.55,true,country.8781,France,2.618787,47.824905,1.0,country:1.00,matched,2026-04-27T16:46:43Z
771037,European Sculpture and Decorative Arts,1880,1889,1884,1500:1999,||||||||||British,Britain,department||artistNationality,0.53,true,country.8783,United Kingdom,-2.36967,54.237933,1.0,country:1.00,matched,2026-04-27T16:46:31Z
42251,Asian Art,1734,1766,1750,1500:1999,||||||||China||,China,culture,0.55,true,country.8753,People's Republic of China,101.901875,35.486703,1.0,country:1.00,matched,2026-04-27T16:46:34Z
39506,Asian Art,434,466,450,0:499,||||||||Korea||,Korea,culture,0.55,true,country.8828,South Korea,128.168944,36.536236,1.0,country:1.00,matched,2026-04-27T16:46:49Z
670807,European Sculpture and Decorative Arts,1874,1894,1884,1500:1999,"||||||||||British, Scottish",Scotland,department||artistNationality,0.35,true,region.17487,"Scotland, United Kingdom",-4.095892,56.734282,1.0,region:1.00,matched,2026-04-27T16:47:05Z
40074,Asian Art,1800,1899,1849,1500:1999,||||||||Japan||,Japan,culture,0.55,true,country.8820,Japan,138.59223,36.386493,1.0,country:1.00,matched,2026-04-27T16:46:48Z
449904,Islamic Art,775,899,837,500:999,Nishapur||||||Iran||||,"Nishapur, Iran",city||country,0.88,true,place.1878126,"Nishapur County, Razavi Khorasan, Iran",58.79233,36.21129,0.95,place:0.95,matched,2026-04-27T16:46:56Z
47394,Asian Art,1700,1799,1749,1500:1999,||||||||Japan||,Japan,culture,0.55,true,country.8820,Japan,138.59223,36.386493,1.0,country:1.00,matched,2026-04-27T16:46:48Z
447287,Islamic Art,1100,1299,1199,1000:1499,Raqqa||||||Syria||||,"Raqqa, Syria",city||country,0.88,true,place.13035735,"Raqqa, Al-Raqqah, Syria",39.008921,35.949678,1.0,place:1.00,matched,2026-04-27T16:47:01Z
207983,European Sculpture and Decorative Arts,1600,1699,1649,1500:1999,||||||||||,,none,0.00,false,,,,,,,,
46558,Asian Art,1668,1722,1695,1500:1999,||||||||China||,China,culture,0.55,true,country.8753,People's Republic of China,101.901875,35.486703,1.0,country:1.00,matched,2026-04-27T16:46:34Z
37563,Asian Art,1400,1599,1499,1000:1499,||||||||Vietnam||,Vietnam,culture,0.55,true,country.8948,Vietnam,108.339537,14.315424,1.0,country:1.00,matched,2026-04-27T16:47:14Z
47600,Asian Art,1700,1799,1749,1500:1999,||||||||China||,China,culture,0.55,true,country.8753,People's Republic of China,101.901875,35.486703,1.0,country:1.00,matched,2026-04-27T16:46:34Z
49862,Asian Art,1634,1666,1650,1500:1999,||||||||China||,China,culture,0.55,true,country.8753,People's Republic of China,101.901875,35.486703,1.0,country:1.00,matched,2026-04-27T16:46:34Z
46836,Asian Art,1723,1735,1729,1500:1999,||||||||China||,China,culture,0.55,true,country.8753,People's Republic of China,101.901875,35.486703,1.0,country:1.00,matched,2026-04-27T16:46:34Z
46561,Asian Art,1800,1899,1849,1500:1999,||||||||China||,China,culture,0.55,true,country.8753,People's Republic of China,101.901875,35.486703,1.0,country:1.00,matched,2026-04-27T16:46:34Z
308404,The Michael C. Rockefeller Wing,1100,1500,1300,1000:1499,||||||Peru||Chimú||,Peru,country,0.70,true,country.8880,Peru,-75.311132,-10.151093,1.0,country:1.00,matched,2026-04-27T16:47:00Z
39511,Asian Art,700,799,749,500:999,||||||||Korea||,Korea,culture,0.55,true,country.8828,South Korea,128.168944,36.536236,1.0,country:1.00,matched,2026-04-27T16:46:49Z
444485,Islamic Art,1600,1650,1625,1500:1999,||||||Iran||||,Iran,country,0.70,true,country.8814,Iran,54.301374,32.565838,1.0,country:1.00,matched,2026-04-27T16:46:46Z
62711,Asian Art,1700,1799,1749,1500:1999,||||||||Japan||,Japan,culture,0.55,true,country.8820,Japan,138.59223,36.386493,1.0,country:1.00,matched,2026-04-27T16:46:48Z
770942,European Sculpture and Decorative Arts,1869,1869,1869,1500:1999,||||||||||British,Britain,department||artistNationality,0.53,true,country.8783,United Kingdom,-2.36967,54.237933,1.0,country:1.00,matched,2026-04-27T16:46:31Z
310197,The Michael C. Rockefeller Wing,200,600,400,0:499,||||||Peru||Moche||,Peru,country,0.70,true,country.8880,Peru,-75.311132,-10.151093,1.0,country:1.00,matched,2026-04-27T16:47:00Z
46638,Asian Art,1800,1899,1849,1500:1999,||||||||Japan||,Japan,culture,0.55,true,country.8820,Japan,138.59223,36.386493,1.0,country:1.00,matched,2026-04-27T16:46:48Z
203297,European Sculpture and Decorative Arts,1740,1750,1745,1500:1999,||||||||||British,Britain,department||artistNationality,0.53,true,country.8783,United Kingdom,-2.36967,54.237933,1.0,country:1.00,matched,2026-04-27T16:46:31Z
460128,Robert Lehman Collection,1457,1483,1470,1000:1499,"||||||||Italian, Florence or vicinity||","Florence, Italy",culture||country,0.35,true,place.22481008,"Florence, Florence, Italy",11.256129,43.771484,1.0,place:1.00,matched,2026-04-27T16:46:42Z
46849,Asian Art,1700,1899,1799,1500:1999,||||||||Japan||,Japan,culture,0.55,true,country.8820,Japan,138.59223,36.386493,1.0,country:1.00,matched,2026-04-27T16:46:48Z
476285,Medieval Art,300,699,499,0:499,||Kharga Oasis||||Byzantine Egypt||Coptic||,"Kharga Oasis, Byzantine Egypt",state||country,0.72,true,country.8771,Egypt,29.871903,26.494184,0.388889,country:0.39,matched,2026-04-27T16:46:49Z
47102,Asian Art,1700,1799,1749,1500:1999,||||||||Japan||,Japan,culture,0.55,true,country.8820,Japan,138.59223,36.386493,1.0,country:1.00,matched,2026-04-27T16:46:48Z
53828,Asian Art,1522,1599,1560,1500:1999,||||||||China||,China,culture,0.55,true,country.8753,People's Republic of China,101.901875,35.486703,1.0,country:1.00,matched,2026-04-27T16:46:34Z
194433,European Sculpture and Decorative Arts,1570,1585,1577,1500:1999,||||||||||Italian,Italy,department||artistNationality,0.53,true,country.8816,Italy,12.646361,42.504154,1.0,country:1.00,matched,2026-04-27T16:46:47Z
46205,Asian Art,1800,1899,1849,1500:1999,||||||||China||,China,culture,0.55,true,country.8753,People's Republic of China,101.901875,35.486703,1.0,country:1.00,matched,2026-04-27T16:46:34Z
313009,The Michael C. Rockefeller Wing,1100,1500,1300,1000:1499,||||||Peru||Chimú||,Peru,country,0.70,true,country.8880,Peru,-75.311132,-10.151093,1.0,country:1.00,matched,2026-04-27T16:47:00Z
208140,European Sculpture and Decorative Arts,1879,1882,1880,1500:1999,"||||||||||British, Scottish",Scotland,department||artistNationality,0.35,true,region.17487,"Scotland, United Kingdom",-4.095892,56.734282,1.0,region:1.00,matched,2026-04-27T16:47:05Z
49359,Asian Art,600,699,649,500:999,||||||||Japan||,Japan,culture,0.55,true,country.8820,Japan,138.59223,36.386493,1.0,country:1.00,matched,2026-04-27T16:46:48Z
50908,Asian Art,1662,1722,1692,1500:1999,||||||||China||,China,culture,0.55,true,country.8753,People's Republic of China,101.901875,35.486703,1.0,country:1.00,matched,2026-04-27T16:46:34Z
47412,Asian Art,1768,1799,1783,1500:1999,||||||||China||,China,culture,0.55,true,country.8753,People's Republic of China,101.901875,35.486703,1.0,country:1.00,matched,2026-04-27T16:46:34Z
53798,Asian Art,960,1279,1119,1000:1499,||||||||China||,China,culture,0.55,true,country.8753,People's Republic of China,101.901875,35.486703,1.0,country:1.00,matched,2026-04-27T16:46:34Z
62703,Asian Art,1600,1699,1649,1500:1999,||||||||Japan||,Japan,culture,0.55,true,country.8820,Japan,138.59223,36.386493,1.0,country:1.00,matched,2026-04-27T16:46:48Z
451993,Islamic Art,1625,1650,1637,1500:1999,probably Kirman||||||Iran||||,"Kerman, Iran, Iran",city||country,0.68,true,region.99438,"Kerman, Iran",57.064839,30.285219,0.666667,region:0.67,matched,2026-04-27T16:46:48Z
449481,Islamic Art,800,999,899,500:999,Nishapur||||||Iran||||,"Nishapur, Iran",city||country,0.88,true,place.1878126,"Nishapur County, Razavi Khorasan, Iran",58.79233,36.21129,0.95,place:0.95,matched,2026-04-27T16:46:56Z
308420,The Michael C. Rockefeller Wing,-600,-200,-400,-500:-1,||||||Peru||Paracas||,Peru,country,0.70,true,country.8880,Peru,-75.311132,-10.151093,1.0,country:1.00,matched,2026-04-27T16:47:00Z
62551,Asian Art,1800,1899,1849,1500:1999,||||||||Japan||,Japan,culture,0.55,true,country.8820,Japan,138.59223,36.386493,1.0,country:1.00,matched,2026-04-27T16:46:48Z
45844,Asian Art,1500,1533,1516,1500:1999,||||||||China||,China,culture,0.55,true,country.8753,People's Republic of China,101.901875,35.486703,1.0,country:1.00,matched,2026-04-27T16:46:34Z
48695,Asian Art,1700,1722,1711,1500:1999,||||||||China||,China,culture,0.55,true,country.8753,People's Republic of China,101.901875,35.486703,1.0,country:1.00,matched,2026-04-27T16:46:34Z
309385,The Michael C. Rockefeller Wing,200,700,450,0:499,||Ancash||||Peru||Recuay||,"Ancash, Peru, Peru",state||country,0.72,true,region.50352,"Ancash, Peru",-77.528998,-9.529851,1.0,region:1.00,matched,2026-04-27T16:46:28Z
771039,European Sculpture and Decorative Arts,1880,1880,1880,1500:1999,||||||||||British,Britain,department||artistNationality,0.53,true,country.8783,United Kingdom,-2.36967,54.237933,1.0,country:1.00,matched,2026-04-27T16:46:31Z
463559,Medieval Art,1375,1425,1400,1000:1499,probably Orvieto||Umbria||||Italy||Italian||,"Orvieto, Umbria, Italy",city||state||country,0.75,true,region.1475696,"Umbria, Italy",12.38901,43.111961,0.666667,region:0.67,matched,2026-04-27T16:46:58Z
314680,The Michael C. Rockefeller Wing,200,500,350,0:499,||||||Peru||Moche||,Peru,country,0.70,true,country.8880,Peru,-75.311132,-10.151093,1.0,country:1.00,matched,2026-04-27T16:47:00Z
207399,European Sculpture and Decorative Arts,1620,1655,1637,1500:1999,||||||||||,,none,0.00,false,,,,,,,,
446997,Islamic Art,1600,1699,1649,1500:1999,||||||Iran||||,Iran,country,0.70,true,country.8814,Iran,54.301374,32.565838,1.0,country:1.00,matched,2026-04-27T16:46:46Z
51187,Asian Art,1821,1850,1835,1500:1999,||||||||China||,China,culture,0.55,true,country.8753,People's Republic of China,101.901875,35.486703,1.0,country:1.00,matched,2026-04-27T16:46:34Z
50741,Asian Art,1768,1899,1833,1500:1999,||||||||China||,China,culture,0.55,true,country.8753,People's Republic of China,101.901875,35.486703,1.0,country:1.00,matched,2026-04-27T16:46:34Z
471751,The Cloisters,1450,1499,1474,1000:1499,probably Manises||Valencia||||Spain||Spanish||,"Manises, Valencia, Spain, Valencia, Spain",city||state||country,0.75,true,place.35178566,"Manises, Valencia, Spain",-0.462126,39.493927,1.0,place:1.00,matched,2026-04-27T16:46:52Z
47389,Asian Art,1800,1849,1824,1500:1999,||||||||China||,China,culture,0.55,true,country.8753,People's Republic of China,101.901875,35.486703,1.0,country:1.00,matched,2026-04-27T16:46:34Z
312928,The Michael C. Rockefeller Wing,-350,60,-145,-500:-1,"||||Ica River, South Coast||Peru||Paracas||","Ica Valley, Peru, Peru",region||country,0.70,true,place.5556400,"Ica District, Ica, Peru",-75.729645,-14.063716,0.592593,place:0.59,matched,2026-04-27T16:46:45Z
52057,Asian Art,1662,1722,1692,1500:1999,||||||||China||,China,culture,0.55,true,country.8753,People's Republic of China,101.901875,35.486703,1.0,country:1.00,matched,2026-04-27T16:46:34Z
208036,European Sculpture and Decorative Arts,1895,1905,1900,1500:1999,||||||||||French,France,department||artistNationality,0.53,true,country.8781,France,2.618787,47.824905,1.0,country:1.00,matched,2026-04-27T16:46:43Z
49351,Asian Art,1678,1688,1683,1500:1999,||||||||China||,China,culture,0.55,true,country.8753,People's Republic of China,101.901875,35.486703,1.0,country:1.00,matched,2026-04-27T16:46:34Z
206654,European Sculpture and Decorative Arts,1715,1725,1720,1500:1999,||||||||||,,none,0.00,false,,,,,,,,
318607,The Michael C. Rockefeller Wing,1600,1700,1650,1500:1999,||||||Peru||Viceregal Era||,Peru,country,0.70,true,country.8880,Peru,-75.311132,-10.151093,1.0,country:1.00,matched,2026-04-27T16:47:00Z
45834,Asian Art,1368,1644,1506,1500:1999,||||||||China||,China,culture,0.55,true,country.8753,People's Republic of China,101.901875,35.486703,1.0,country:1.00,matched,2026-04-27T16:46:34Z
53891,Asian Art,1368,1644,1506,1500:1999,||||||||China||,China,culture,0.55,true,country.8753,People's Republic of China,101.901875,35.486703,1.0,country:1.00,matched,2026-04-27T16:46:34Z
460681,Robert Lehman Collection,1641,1686,1663,1500:1999,||||||||Chinese||,China,culture,0.55,true,country.8753,People's Republic of China,101.901875,35.486703,1.0,country:1.00,matched,2026-04-27T16:46:34Z
208409,European Sculpture and Decorative Arts,1775,1785,1780,1500:1999,||||||||||French,France,department||artistNationality,0.53,true,country.8781,France,2.618787,47.824905,1.0,country:1.00,matched,2026-04-27T16:46:43Z
47438,Asian Art,1644,1911,1777,1500:1999,||||||||China||,China,culture,0.55,true,country.8753,People's Republic of China,101.901875,35.486703,1.0,country:1.00,matched,2026-04-27T16:46:34Z
42216,Asian Art,1700,1799,1749,1500:1999,||||||||China||,China,culture,0.55,true,country.8753,People's Republic of China,101.901875,35.486703,1.0,country:1.00,matched,2026-04-27T16:46:34Z
460675,Robert Lehman Collection,1700,1799,1749,1500:1999,||||||||Chinese||,China,culture,0.55,true,country.8753,People's Republic of China,101.901875,35.486703,1.0,country:1.00,matched,2026-04-27T16:46:34Z
448395,Islamic Art,1600,1699,1649,1500:1999,||||||Iran||||,Iran,country,0.70,true,country.8814,Iran,54.301374,32.565838,1.0,country:1.00,matched,2026-04-27T16:46:46Z
308711,The Michael C. Rockefeller Wing,-500,-100,-300,-500:-1,||||Ica Valley||Peru||Paracas||,"Ica Valley, Peru, Peru",region||country,0.70,true,place.5556400,"Ica District, Ica, Peru",-75.729645,-14.063716,0.592593,place:0.59,matched,2026-04-27T16:46:45Z
771073,European Sculpture and Decorative Arts,1880,1889,1884,1500:1999,||||||||||British,Britain,department||artistNationality,0.53,true,country.8783,United Kingdom,-2.36967,54.237933,1.0,country:1.00,matched,2026-04-27T16:46:31Z
460717,Robert Lehman Collection,1660,1724,1692,1500:1999,||||||||Chinese||,China,culture,0.55,true,country.8753,People's Republic of China,101.901875,35.486703,1.0,country:1.00,matched,2026-04-27T16:46:34Z
309492,The Michael C. Rockefeller Wing,200,600,400,0:499,||||||Peru||Moche||,Peru,country,0.70,true,country.8880,Peru,-75.311132,-10.151093,1.0,country:1.00,matched,2026-04-27T16:47:00Z
62595,Asian Art,1600,1699,1649,1500:1999,||||||||Japan||,Japan,culture,0.55,true,country.8820,Japan,138.59223,36.386493,1.0,country:1.00,matched,2026-04-27T16:46:48Z
316719,The Michael C. Rockefeller Wing,100,400,250,0:499,||||||Peru||Nasca||,Peru,country,0.70,true,country.8880,Peru,-75.311132,-10.151093,1.0,country:1.00,matched,2026-04-27T16:47:00Z
308554,The Michael C. Rockefeller Wing,600,800,700,500:999,||||||Peru||Wari||,Peru,country,0.70,true,country.8880,Peru,-75.311132,-10.151093,1.0,country:1.00,matched,2026-04-27T16:47:00Z
314955,The Michael C. Rockefeller Wing,1400,1535,1467,1000:1499,||||||Peru||Inca||,Peru,country,0.70,true,country.8880,Peru,-75.311132,-10.151093,1.0,country:1.00,matched,2026-04-27T16:47:00Z
50944,Asian Art,1700,1799,1749,1500:1999,||||||||China||,China,culture,0.55,true,country.8753,People's Republic of China,101.901875,35.486703,1.0,country:1.00,matched,2026-04-27T16:46:34Z
45882,Asian Art,1700,1799,1749,1500:1999,||||||||China||,China,culture,0.55,true,country.8753,People's Republic of China,101.901875,35.486703,1.0,country:1.00,matched,2026-04-27T16:46:34Z
53777,Asian Art,1100,1299,1199,1000:1499,||||||||China||,China,culture,0.55,true,country.8753,People's Republic of China,101.901875,35.486703,1.0,country:1.00,matched,2026-04-27T16:46:34Z
42250,Asian Art,1734,1766,1750,1500:1999,||||||||China||,China,culture,0.55,true,country.8753,People's Republic of China,101.901875,35.486703,1.0,country:1.00,matched,2026-04-27T16:46:34Z
47811,Asian Art,1700,1799,1749,1500:1999,||||||||Japan||,Japan,culture,0.55,true,country.8820,Japan,138.59223,36.386493,1.0,country:1.00,matched,2026-04-27T16:46:48Z
239486,European Sculpture and Decorative Arts,1892,1892,1892,1500:1999,||||||||||British,Britain,department||artistNationality,0.53,true,country.8783,United Kingdom,-2.36967,54.237933,1.0,country:1.00,matched,2026-04-27T16:46:31Z
195013,European Sculpture and Decorative Arts,1825,1835,1830,1500:1999,||||||||||,,none,0.00,false,,,,,,,,
205470,European Sculpture and Decorative Arts,1744,1754,1749,1500:1999,||||||||||French,France,department||artistNationality,0.53,true,country.8781,France,2.618787,47.824905,1.0,country:1.00,matched,2026-04-27T16:46:43Z
44726,Asian Art,-2300,-2000,-2150,-2500:-2001,||||||||China||,China,culture,0.55,true,country.8753,People's Republic of China,101.901875,35.486703,1.0,country:1.00,matched,2026-04-27T16:46:34Z
204385,European Sculpture and Decorative Arts,1800,1899,1849,1500:1999,||||||||||,,none,0.00,false,,,,,,,,
42324,Asian Art,1700,1799,1749,1500:1999,||||||||China||Chinese,China,culture,0.55,true,country.8753,People's Republic of China,101.901875,35.486703,1.0,country:1.00,matched,2026-04-27T16:46:34Z
309525,The Michael C. Rockefeller Wing,-200,300,50,0:499,Comala||Colima||Mesoamerica||Mexico||Colima||,"Comala, Colima, Mexico, Mexico",city||state||country,0.95,true,place.6899871,"Comala, Colima, Mexico",-103.75812,19.32317,0.75,place:0.75,matched,2026-04-27T16:46:36Z
37510,Asian Art,1300,1570,1435,1000:1499,||||||||Thailand (Si Satchanalai)||,"Si Satchanalai, Thailand",culture||country,0.55,true,place.6007005,"Si Satchanalai, Sukhothai, Thailand",99.80422,17.401382,1.0,place:1.00,matched,2026-04-27T16:47:06Z
53774,Asian Art,1734,1766,1750,1500:1999,||||||||China||,China,culture,0.55,true,country.8753,People's Republic of China,101.901875,35.486703,1.0,country:1.00,matched,2026-04-27T16:46:34Z
771065,European Sculpture and Decorative Arts,1884,1884,1884,1500:1999,||||||||||British,Britain,department||artistNationality,0.53,true,country.8783,United Kingdom,-2.36967,54.237933,1.0,country:1.00,matched,2026-04-27T16:46:31Z
47174,Asian Art,1771,1799,1785,1500:1999,||||||||Japan||,Japan,culture,0.55,true,country.8820,Japan,138.59223,36.386493,1.0,country:1.00,matched,2026-04-27T16:46:48Z
52797,Asian Art,1573,1620,1596,1500:1999,||||||||China||,China,culture,0.55,true,country.8753,People's Republic of China,101.901875,35.486703,1.0,country:1.00,matched,2026-04-27T16:46:34Z
194256,European Sculpture and Decorative Arts,1600,1750,1675,1500:1999,||||||||||,,none,0.00,false,,,,,,,,
446222,Islamic Art,1000,1199,1099,1000:1499,Raqqa||||||Syria||||,"Raqqa, Syria",city||country,0.88,true,place.13035735,"Raqqa, Al-Raqqah, Syria",39.008921,35.949678,1.0,place:1.00,matched,2026-04-27T16:47:01Z
199026,European Sculpture and Decorative Arts,1765,1775,1770,1500:1999,||||||||||,,none,0.00,false,,,,,,,,
204403,European Sculpture and Decorative Arts,1805,1815,1810,1500:1999,||||||||||,,none,0.00,false,,,,,,,,
207775,European Sculpture and Decorative Arts,1879,1882,1880,1500:1999,||||||||||British,Britain,department||artistNationality,0.53,true,country.8783,United Kingdom,-2.36967,54.237933,1.0,country:1.00,matched,2026-04-27T16:46:31Z
48702,Asian Art,1736,1766,1751,1500:1999,||||||||China||,China,culture,0.55,true,country.8753,People's Republic of China,101.901875,35.486703,1.0,country:1.00,matched,2026-04-27T16:46:34Z
200772,European Sculpture and Decorative Arts,1765,1770,1767,1500:1999,||||||||||British,Britain,department||artistNationality,0.53,true,country.8783,United Kingdom,-2.36967,54.237933,1.0,country:1.00,matched,2026-04-27T16:46:31Z
204071,European Sculpture and Decorative Arts,1760,1775,1767,1500:1999,||||||||||British,Britain,department||artistNationality,0.53,true,country.8783,United Kingdom,-2.36967,54.237933,1.0,country:1.00,matched,2026-04-27T16:46:31Z
471800,The Cloisters,1420,1430,1425,1000:1499,probably Manises||Valencia||||Spain||Spanish||,"Manises, Valencia, Spain, Valencia, Spain",city||state||country,0.75,true,place.35178566,"Manises, Valencia, Spain",-0.462126,39.493927,1.0,place:1.00,matched,2026-04-27T16:46:52Z
770938,European Sculpture and Decorative Arts,1880,1889,1884,1500:1999,||||||||||British,Britain,department||artistNationality,0.53,true,country.8783,United Kingdom,-2.36967,54.237933,1.0,country:1.00,matched,2026-04-27T16:46:31Z
47755,Asian Art,1800,1833,1816,1500:1999,||||||||Japan||,Japan,culture,0.55,true,country.8820,Japan,138.59223,36.386493,1.0,country:1.00,matched,2026-04-27T16:46:48Z
752044,Asian Art,1650,1699,1674,1500:1999,||||||||Japan||Japanese,Japan,culture,0.55,true,country.8820,Japan,138.59223,36.386493,1.0,country:1.00,matched,2026-04-27T16:46:48Z
309344,The Michael C. Rockefeller Wing,200,700,450,0:499,||||||Peru||Moche||,Peru,country,0.70,true,country.8880,Peru,-75.311132,-10.151093,1.0,country:1.00,matched,2026-04-27T16:47:00Z
460983,Robert Lehman Collection,1537,1900,1718,1500:1999,||||||||French||,France,culture,0.55,true,country.8781,France,2.618787,47.824905,1.0,country:1.00,matched,2026-04-27T16:46:43Z
200885,European Sculpture and Decorative Arts,1685,1699,1692,1500:1999,||||||||||,,none,0.00,false,,,,,,,,
48629,Asian Art,1700,1899,1799,1500:1999,||||||||China||,China,culture,0.55,true,country.8753,People's Republic of China,101.901875,35.486703,1.0,country:1.00,matched,2026-04-27T16:46:34Z
453896,Islamic Art,1500,1699,1599,1500:1999,Iznik||||||Turkey||||,"Iznik, Turkey",city||country,0.88,true,place.5138660,"İznik, Bursa, Türkiye",29.719765,40.42917,1.0,place:1.00,matched,2026-04-27T16:46:47Z
49262,Asian Art,100,300,200,0:499,||||||||Japan||,Japan,culture,0.55,true,country.8820,Japan,138.59223,36.386493,1.0,country:1.00,matched,2026-04-27T16:46:48Z
460182,Robert Lehman Collection,1527,1543,1535,1500:1999,"||||||||Italian, Castelli||","Castelli, Italy",culture||country,0.55,true,place.13543536,"Castelli, Teramo, Italy",13.711486,42.488766,1.0,place:1.00,matched,2026-04-27T16:46:32Z
63097,Asian Art,1715,1735,1725,1500:1999,||||||||Japan||,Japan,culture,0.55,true,country.8820,Japan,138.59223,36.386493,1.0,country:1.00,matched,2026-04-27T16:46:48Z
37449,Asian Art,1000,1199,1099,1000:1499,||||||||Vietnam||,Vietnam,culture,0.55,true,country.8948,Vietnam,108.339537,14.315424,1.0,country:1.00,matched,2026-04-27T16:47:14Z
199039,European Sculpture and Decorative Arts,1755,1765,1760,1500:1999,||||||||||British,Britain,department||artistNationality,0.53,true,country.8783,United Kingdom,-2.36967,54.237933,1.0,country:1.00,matched,2026-04-27T16:46:31Z
48281,Asian Art,1700,1799,1749,1500:1999,||||||||China||,China,culture,0.55,true,country.8753,People's Republic of China,101.901875,35.486703,1.0,country:1.00,matched,2026-04-27T16:46:34Z
446269,Islamic Art,1100,1299,1199,1000:1499,||||||Iran||||,Iran,country,0.70,true,country.8814,Iran,54.301374,32.565838,1.0,country:1.00,matched,2026-04-27T16:46:46Z
239506,European Sculpture and Decorative Arts,1879,1879,1879,1500:1999,||||||||||British,Britain,department||artistNationality,0.53,true,country.8783,United Kingdom,-2.36967,54.237933,1.0,country:1.00,matched,2026-04-27T16:46:31Z
62546,Asian Art,1600,1699,1649,1500:1999,||||||||Japan||,Japan,culture,0.55,true,country.8820,Japan,138.59223,36.386493,1.0,country:1.00,matched,2026-04-27T16:46:48Z
42448,Asian Art,1100,1399,1249,1000:1499,||||||||China||,China,culture,0.55,true,country.8753,People's Republic of China,101.901875,35.486703,1.0,country:1.00,matched,2026-04-27T16:46:34Z
671535,The Cloisters,1370,1430,1400,1000:1499,Siegburg||||||Germany||German||,"Siegburg, Germany, Germany",city||country,0.88,true,place.73533498,"Siegburg, Rhein-Sieg District, North Rhine-Westphalia, Germany",7.205866,50.796486,1.0,place:1.00,matched,2026-04-27T16:47:06Z
52461,Asian Art,1700,1799,1749,1500:1999,||||||||Japan||,Japan,culture,0.55,true,country.8820,Japan,138.59223,36.386493,1.0,country:1.00,matched,2026-04-27T16:46:48Z
308628,The Michael C. Rockefeller Wing,-500,-100,-300,-500:-1,||||||Peru||Paracas||,Peru,country,0.70,true,country.8880,Peru,-75.311132,-10.151093,1.0,country:1.00,matched,2026-04-27T16:47:00Z
308580,The Michael C. Rockefeller Wing,300,600,450,0:499,||||||Peru||Nasca||,Peru,country,0.70,true,country.8880,Peru,-75.311132,-10.151093,1.0,country:1.00,matched,2026-04-27T16:47:00Z
48749,Asian Art,1700,1799,1749,1500:1999,||||||||China||,China,culture,0.55,true,country.8753,People's Republic of China,101.901875,35.486703,1.0,country:1.00,matched,2026-04-27T16:46:34Z
44689,Asian Art,-1300,-1000,-1150,-1500:-1001,||||||||China||,China,culture,0.55,true,country.8753,People's Republic of China,101.901875,35.486703,1.0,country:1.00,matched,2026-04-27T16:46:34Z
853841,Asian Art,1400,1599,1499,1000:1499,||||||||Korea||,Korea,culture,0.55,true,country.8828,South Korea,128.168944,36.536236,1.0,country:1.00,matched,2026-04-27T16:46:49Z
675861,European Sculpture and Decorative Arts,1602,1602,1602,1500:1999,||||||||||,,none,0.00,false,,,,,,,,
48172,Asian Art,1500,1599,1549,1500:1999,||||||||China||,China,culture,0.55,true,country.8753,People's Republic of China,101.901875,35.486703,1.0,country:1.00,matched,2026-04-27T16:46:34Z
47949,Asian Art,1800,1899,1849,1500:1999,||||||||Japan||,Japan,culture,0.55,true,country.8820,Japan,138.59223,36.386493,1.0,country:1.00,matched,2026-04-27T16:46:48Z
310231,The Michael C. Rockefeller Wing,-100,200,50,0:499,||||||Peru||Moche||,Peru,country,0.70,true,country.8880,Peru,-75.311132,-10.151093,1.0,country:1.00,matched,2026-04-27T16:47:00Z
448017,Islamic Art,1100,1199,1149,1000:1499,||||||Iraq or Syria||||,Iraq,country,0.50,true,country.8813,Iraq,43.404716,33.048056,1.0,country:1.00,matched,2026-04-27T16:46:46Z
42212,Asian Art,1700,1733,1716,1500:1999,||||||||China||,China,culture,0.55,true,country.8753,People's Republic of China,101.901875,35.486703,1.0,country:1.00,matched,2026-04-27T16:46:34Z
48636,Asian Art,1768,1799,1783,1500:1999,||||||||China||,China,culture,0.55,true,country.8753,People's Republic of China,101.901875,35.486703,1.0,country:1.00,matched,2026-04-27T16:46:34Z
63565,Asian Art,1620,1640,1630,1500:1999,||||||||Japan||,Japan,culture,0.55,true,country.8820,Japan,138.59223,36.386493,1.0,country:1.00,matched,2026-04-27T16:46:48Z
451635,Islamic Art,700,799,749,500:999,||||||Iran or Iraq||||,Iran,country,0.50,true,country.8814,Iran,54.301374,32.565838,1.0,country:1.00,matched,2026-04-27T16:46:46Z
191344,European Sculpture and Decorative Arts,1500,1515,1507,1500:1999,||||||||||,,none,0.00,false,,,,,,,,
52811,Asian Art,1662,1722,1692,1500:1999,||||||||China||,China,culture,0.55,true,country.8753,People's Republic of China,101.901875,35.486703,1.0,country:1.00,matched,2026-04-27T16:46:34Z
476256,Medieval Art,300,699,499,0:499,||Kharga Oasis||||Byzantine Egypt||Coptic||,"Kharga Oasis, Byzantine Egypt",state||country,0.72,true,country.8771,Egypt,29.871903,26.494184,0.388889,country:0.39,matched,2026-04-27T16:46:49Z
41749,Asian Art,1700,1799,1749,1500:1999,||||||||Japan||,Japan,culture,0.55,true,country.8820,Japan,138.59223,36.386493,1.0,country:1.00,matched,2026-04-27T16:46:48Z
46848,Asian Art,1870,1870,1870,1500:1999,||||||||Japan||,Japan,culture,0.55,true,country.8820,Japan,138.59223,36.386493,1.0,country:1.00,matched,2026-04-27T16:46:48Z
76114,Asian Art,1750,1810,1780,1500:1999,||||||||Korea||,Korea,culture,0.55,true,country.8828,South Korea,128.168944,36.536236,1.0,country:1.00,matched,2026-04-27T16:46:49Z
48628,Asian Art,1668,1722,1695,1500:1999,||||||||China||,China,culture,0.55,true,country.8753,People's Republic of China,101.901875,35.486703,1.0,country:1.00,matched,2026-04-27T16:46:34Z
50317,Asian Art,1500,1599,1549,1500:1999,||||||||Japan||,Japan,culture,0.55,true,country.8820,Japan,138.59223,36.386493,1.0,country:1.00,matched,2026-04-27T16:46:48Z
51013,Asian Art,1662,1722,1692,1500:1999,||||||||China||,China,culture,0.55,true,country.8753,People's Republic of China,101.901875,35.486703,1.0,country:1.00,matched,2026-04-27T16:46:34Z
44729,Asian Art,-2300,-2000,-2150,-2500:-2001,||||||||China||,China,culture,0.55,true,country.8753,People's Republic of China,101.901875,35.486703,1.0,country:1.00,matched,2026-04-27T16:46:34Z
194632,European Sculpture and Decorative Arts,1800,1815,1807,1500:1999,||||||||||,,none,0.00,false,,,,,,,,
51247,Asian Art,1767,1899,1833,1500:1999,||||||||China||,China,culture,0.55,true,country.8753,People's Republic of China,101.901875,35.486703,1.0,country:1.00,matched,2026-04-27T16:46:34Z
49293,Asian Art,1650,1699,1674,1500:1999,||||||||Japan||,Japan,culture,0.55,true,country.8820,Japan,138.59223,36.386493,1.0,country:1.00,matched,2026-04-27T16:46:48Z
833904,The Michael C. Rockefeller Wing,1300,1300,1300,1000:1499,||Arizona||||United States||Ancestral Puebloan (Jeddito )||,"Arizona, United States",state||country,0.72,true,region.394476,"Arizona, United States",-111.422128,34.220261,1.0,region:1.00,matched,2026-04-27T16:46:28Z
460660,Robert Lehman Collection,1197,1303,1250,1000:1499,||||||||Chinese||,China,culture,0.55,true,country.8753,People's Republic of China,101.901875,35.486703,1.0,country:1.00,matched,2026-04-27T16:46:34Z
53826,Asian Art,1662,1722,1692,1500:1999,||||||||China||,China,culture,0.55,true,country.8753,People's Republic of China,101.901875,35.486703,1.0,country:1.00,matched,2026-04-27T16:46:34Z
47388,Asian Art,1700,1733,1716,1500:1999,||||||||China||,China,culture,0.55,true,country.8753,People's Republic of China,101.901875,35.486703,1.0,country:1.00,matched,2026-04-27T16:46:34Z
309503,The Michael C. Rockefeller Wing,800,900,850,500:999,||||North Coast||Peru||Wari artist(s)||,Peru,country,0.70,true,country.8880,Peru,-75.311132,-10.151093,1.0,country:1.00,matched,2026-04-27T16:47:00Z
670995,Asian Art,1615,1699,1657,1500:1999,||||||||Japan||,Japan,culture,0.55,true,country.8820,Japan,138.59223,36.386493,1.0,country:1.00,matched,2026-04-27T16:46:48Z
461338,Robert Lehman Collection,1798,1902,1850,1500:1999,||||||||Chinese||,China,culture,0.55,true,country.8753,People's Republic of China,101.901875,35.486703,1.0,country:1.00,matched,2026-04-27T16:46:34Z
199751,European Sculpture and Decorative Arts,1505,1535,1520,1500:1999,||||||||||,,none,0.00,false,,,,,,,,
42389,Asian Art,1634,1666,1650,1500:1999,||||||||China||,China,culture,0.55,true,country.8753,People's Republic of China,101.901875,35.486703,1.0,country:1.00,matched,2026-04-27T16:46:34Z
48223,Asian Art,1668,1722,1695,1500:1999,||||||||China||,China,culture,0.55,true,country.8753,People's Republic of China,101.901875,35.486703,1.0,country:1.00,matched,2026-04-27T16:46:34Z
460146,Robert Lehman Collection,1467,1503,1485,1000:1499,"||||||||Italian, Faenza or Florence||","Faenza, Italy",culture||country,0.35,true,place.21547120,"Faenza, Ravenna, Italy",11.882004,44.285633,1.0,place:1.00,matched,2026-04-27T16:46:41Z
231768,European Sculpture and Decorative Arts,1700,1899,1799,1500:1999,||||||||||,,none,0.00,false,,,,,,,,
63123,Asian Art,1700,1799,1749,1500:1999,||||||||Japan||,Japan,culture,0.55,true,country.8820,Japan,138.59223,36.386493,1.0,country:1.00,matched,2026-04-27T16:46:48Z
195500,European Sculpture and Decorative Arts,1829,1839,1834,1500:1999,||||||||||,,none,0.00,false,,,,,,,,
204374,European Sculpture and Decorative Arts,1800,1899,1849,1500:1999,||||||||||,,none,0.00,false,,,,,,,,
771023,European Sculpture and Decorative Arts,1863,1872,1867,1500:1999,||||||||||British,Britain,department||artistNationality,0.53,true,country.8783,United Kingdom,-2.36967,54.237933,1.0,country:1.00,matched,2026-04-27T16:46:31Z
239494,European Sculpture and Decorative Arts,1874,1874,1874,1500:1999,||||||||||British,Britain,department||artistNationality,0.53,true,country.8783,United Kingdom,-2.36967,54.237933,1.0,country:1.00,matched,2026-04-27T16:46:31Z
62922,Asian Art,1767,1833,1800,1500:1999,||||||||Japan||,Japan,culture,0.55,true,country.8820,Japan,138.59223,36.386493,1.0,country:1.00,matched,2026-04-27T16:46:48Z
205096,European Sculpture and Decorative Arts,1718,1718,1718,1500:1999,||||||||||,,none,0.00,false,,,,,,,,
48012,Asian Art,1700,1799,1749,1500:1999,||||||||Japan||,Japan,culture,0.55,true,country.8820,Japan,138.59223,36.386493,1.0,country:1.00,matched,2026-04-27T16:46:48Z
46550,Asian Art,1700,1722,1711,1500:1999,||||||||China||,China,culture,0.55,true,country.8753,People's Republic of China,101.901875,35.486703,1.0,country:1.00,matched,2026-04-27T16:46:34Z
644111,European Sculpture and Decorative Arts,1792,1802,1797,1500:1999,||||||||||French,France,department||artistNationality,0.53,true,country.8781,France,2.618787,47.824905,1.0,country:1.00,matched,2026-04-27T16:46:43Z
651241,The Cloisters,1275,1300,1287,1000:1499,Potter Toynton (?)||Lincolnshire||||England||British||,"Toynton, Lincolnshire, England, Lincolnshire, England",city||state||country,0.75,true,district.730703,"Lincolnshire, England, United Kingdom",-0.541387,53.230133,0.548148,district:0.55,matched,2026-04-27T16:47:10Z
447277,Islamic Art,1100,1299,1199,1000:1499,||||||Iran||||,Iran,country,0.70,true,country.8814,Iran,54.301374,32.565838,1.0,country:1.00,matched,2026-04-27T16:46:46Z
47920,Asian Art,1668,1722,1695,1500:1999,||||||||China||,China,culture,0.55,true,country.8753,People's Republic of China,101.901875,35.486703,1.0,country:1.00,matched,2026-04-27T16:46:34Z
37450,Asian Art,1300,1399,1349,1000:1499,||||||||Vietnam||,Vietnam,culture,0.55,true,country.8948,Vietnam,108.339537,14.315424,1.0,country:1.00,matched,2026-04-27T16:47:14Z
51001,Asian Art,1662,1722,1692,1500:1999,||||||||China||,China,culture,0.55,true,country.8753,People's Republic of China,101.901875,35.486703,1.0,country:1.00,matched,2026-04-27T16:46:34Z
193020,European Sculpture and Decorative Arts,1885,1899,1892,1500:1999,||||||||||,,none,0.00,false,,,,,,,,
50659,Asian Art,960,1127,1043,1000:1499,||||||||China||,China,culture,0.55,true,country.8753,People's Republic of China,101.901875,35.486703,1.0,country:1.00,matched,2026-04-27T16:46:34Z
52568,Asian Art,700,799,749,500:999,||||||||China||,China,culture,0.55,true,country.8753,People's Republic of China,101.901875,35.486703,1.0,country:1.00,matched,2026-04-27T16:46:34Z
37458,Asian Art,1250,1450,1350,1000:1499,||||||||Thailand||,Thailand,culture,0.55,true,country.8925,Thailand,101.017438,15.127333,1.0,country:1.00,matched,2026-04-27T16:47:09Z
446944,Islamic Art,1700,1799,1749,1500:1999,||||||Iran||||,Iran,country,0.70,true,country.8814,Iran,54.301374,32.565838,1.0,country:1.00,matched,2026-04-27T16:46:46Z
47066,Asian Art,1780,1780,1780,1500:1999,||||||||Japan||,Japan,culture,0.55,true,country.8820,Japan,138.59223,36.386493,1.0,country:1.00,matched,2026-04-27T16:46:48Z
193355,European Sculpture and Decorative Arts,1770,1775,1772,1500:1999,||||||||||British,Britain,department||artistNationality,0.53,true,country.8783,United Kingdom,-2.36967,54.237933,1.0,country:1.00,matched,2026-04-27T16:46:31Z
670812,European Sculpture and Decorative Arts,1875,1885,1880,1500:1999,"||||||||||British, Scottish",Scotland,department||artistNationality,0.35,true,region.17487,"Scotland, United Kingdom",-4.095892,56.734282,1.0,region:1.00,matched,2026-04-27T16:47:05Z
73216,Asian Art,1467,1533,1500,1500:1999,||||||||Korea||,Korea,culture,0.55,true,country.8828,South Korea,128.168944,36.536236,1.0,country:1.00,matched,2026-04-27T16:46:49Z
448984,Islamic Art,700,899,799,500:999,Qasr-i Abu Nasr||||||Iran||||,"Qasr-i Abu Nasr, Iran",city||country,0.88,true,country.8814,Iran,54.301374,32.565838,0.366667,country:0.37,matched,2026-04-27T16:47:01Z
191142,European Sculpture and Decorative Arts,1700,1899,1799,1500:1999,||||||||||French,France,department||artistNationality,0.53,true,country.8781,France,2.618787,47.824905,1.0,country:1.00,matched,2026-04-27T16:46:43Z
308381,The Michael C. Rockefeller Wing,200,500,350,0:499,||||||Peru||Moche||,Peru,country,0.70,true,country.8880,Peru,-75.311132,-10.151093,1.0,country:1.00,matched,2026-04-27T16:47:00Z
451397,Islamic Art,1050,1199,1124,1000:1499,||||||Iran||||,Iran,country,0.70,true,country.8814,Iran,54.301374,32.565838,1.0,country:1.00,matched,2026-04-27T16:46:46Z
50884,Asian Art,1771,1849,1810,1500:1999,||||||||China||,China,culture,0.55,true,country.8753,People's Republic of China,101.901875,35.486703,1.0,country:1.00,matched,2026-04-27T16:46:34Z
48566,Asian Art,1736,1795,1765,1500:1999,||||||||China||,China,culture,0.55,true,country.8753,People's Republic of China,101.901875,35.486703,1.0,country:1.00,matched,2026-04-27T16:46:34Z
748293,Asian Art,1573,1615,1594,1500:1999,||||||||Japan||,Japan,culture,0.55,true,country.8820,Japan,138.59223,36.386493,1.0,country:1.00,matched,2026-04-27T16:46:48Z
204355,European Sculpture and Decorative Arts,1800,1899,1849,1500:1999,||||||||||,,none,0.00,false,,,,,,,,
770986,European Sculpture and Decorative Arts,1880,1880,1880,1500:1999,||||||||||British,Britain,department||artistNationality,0.53,true,country.8783,United Kingdom,-2.36967,54.237933,1.0,country:1.00,matched,2026-04-27T16:46:31Z
47644,Asian Art,1700,1899,1799,1500:1999,||||||||Japan||,Japan,culture,0.55,true,country.8820,Japan,138.59223,36.386493,1.0,country:1.00,matched,2026-04-27T16:46:48Z
200880,European Sculpture and Decorative Arts,1715,1725,1720,1500:1999,||||||||||German,Germany,department||artistNationality,0.53,true,country.8762,Germany,10.018343,51.133481,1.0,country:1.00,matched,2026-04-27T16:46:43Z
49366,Asian Art,1650,1850,1750,1500:1999,||||||||China||,China,culture,0.55,true,country.8753,People's Republic of China,101.901875,35.486703,1.0,country:1.00,matched,2026-04-27T16:46:34Z
747034,European Sculpture and Decorative Arts,1750,1761,1755,1500:1999,||||||||||British,Britain,department||artistNationality,0.53,true,country.8783,United Kingdom,-2.36967,54.237933,1.0,country:1.00,matched,2026-04-27T16:46:31Z
49201,Asian Art,800,899,849,500:999,||||||||China||,China,culture,0.55,true,country.8753,People's Republic of China,101.901875,35.486703,1.0,country:1.00,matched,2026-04-27T16:46:34Z
187854,European Sculpture and Decorative Arts,1800,1894,1847,1500:1999,||||||||||,,none,0.00,false,,,,,,,,
47688,Asian Art,1667,1733,1700,1500:1999,||||||||China||,China,culture,0.55,true,country.8753,People's Republic of China,101.901875,35.486703,1.0,country:1.00,matched,2026-04-27T16:46:34Z
195774,European Sculpture and Decorative Arts,1515,1530,1522,1500:1999,||||||||||Italian,Italy,department||artistNationality,0.53,true,country.8816,Italy,12.646361,42.504154,1.0,country:1.00,matched,2026-04-27T16:46:47Z
771053,European Sculpture and Decorative Arts,1868,1878,1873,1500:1999,||||||||||British,Britain,department||artistNationality,0.53,true,country.8783,United Kingdom,-2.36967,54.237933,1.0,country:1.00,matched,2026-04-27T16:46:31Z
312161,The Michael C. Rockefeller Wing,100,500,300,0:499,||||Mesoamerica||Mexico||Teotihuacan||,"Mesoamerica, Mexico",region||country,0.70,true,country.8863,Mexico,-102.532867,23.950464,0.5,country:0.50,matched,2026-04-27T16:46:53Z
448981,Islamic Art,622,799,710,500:999,Qasr-i Abu Nasr||||||Iran||||,"Qasr-i Abu Nasr, Iran",city||country,0.88,true,country.8814,Iran,54.301374,32.565838,0.366667,country:0.37,matched,2026-04-27T16:47:01Z
50891,Asian Art,1667,1733,1700,1500:1999,||||||||China||,China,culture,0.55,true,country.8753,People's Republic of China,101.901875,35.486703,1.0,country:1.00,matched,2026-04-27T16:46:34Z
49553,Asian Art,600,699,649,500:999,||||||||China||,China,culture,0.55,true,country.8753,People's Republic of China,101.901875,35.486703,1.0,country:1.00,matched,2026-04-27T16:46:34Z
477323,Medieval Art,300,699,499,0:499,||Kharga Oasis||||Byzantine Egypt||Coptic||,"Kharga Oasis, Byzantine Egypt",state||country,0.72,true,country.8771,Egypt,29.871903,26.494184,0.388889,country:0.39,matched,2026-04-27T16:46:49Z
44431,Asian Art,-206,225,9,0:499,||||||||China||,China,culture,0.55,true,country.8753,People's Republic of China,101.901875,35.486703,1.0,country:1.00,matched,2026-04-27T16:46:34Z
454610,Islamic Art,1400,1499,1449,1000:1499,probably Seville||||||Spain||||,"Seville, Spain, Spain",city||country,0.68,true,place.54249542,"Seville, Seville, Spain",-5.992558,37.389416,1.0,place:1.00,matched,2026-04-27T16:47:05Z
477749,Medieval Art,300,699,499,0:499,||Kharga Oasis||||Byzantine Egypt||Coptic||,"Kharga Oasis, Byzantine Egypt",state||country,0.72,true,country.8771,Egypt,29.871903,26.494184,0.388889,country:0.39,matched,2026-04-27T16:46:49Z
651290,The Cloisters,1200,1400,1300,1000:1499,||Wiltshire||||England||British||,"Wiltshire, England, England",state||country,0.72,true,district.1353295,"Wiltshire, England, United Kingdom",-2.20183,51.318718,0.666667,district:0.67,matched,2026-04-27T16:47:15Z
307473,The Michael C. Rockefeller Wing,500,800,650,500:999,||||North Coast||Peru||Moche||,Peru,country,0.70,true,country.8880,Peru,-75.311132,-10.151093,1.0,country:1.00,matched,2026-04-27T16:47:00Z
48086,Asian Art,1662,1722,1692,1500:1999,||||||||China||,China,culture,0.55,true,country.8753,People's Republic of China,101.901875,35.486703,1.0,country:1.00,matched,2026-04-27T16:46:34Z
42278,Asian Art,1067,1133,1100,1000:1499,||||||||Korea||,Korea,culture,0.55,true,country.8828,South Korea,128.168944,36.536236,1.0,country:1.00,matched,2026-04-27T16:46:49Z
48329,Asian Art,1800,1899,1849,1500:1999,||||||||China||,China,culture,0.55,true,country.8753,People's Republic of China,101.901875,35.486703,1.0,country:1.00,matched,2026-04-27T16:46:34Z
478669,Medieval Art,300,699,499,0:499,||Kharga Oasis||||Byzantine Egypt||Coptic||,"Kharga Oasis, Byzantine Egypt",state||country,0.72,true,country.8771,Egypt,29.871903,26.494184,0.388889,country:0.39,matched,2026-04-27T16:46:49Z
309401,The Michael C. Rockefeller Wing,1400,1550,1475,1000:1499,||||||Peru||Inca||,Peru,country,0.70,true,country.8880,Peru,-75.311132,-10.151093,1.0,country:1.00,matched,2026-04-27T16:47:00Z
197558,European Sculpture and Decorative Arts,1750,1760,1755,1500:1999,||||||||||,,none,0.00,false,,,,,,,,
62528,Asian Art,1700,1799,1749,1500:1999,||||||||Japan||,Japan,culture,0.55,true,country.8820,Japan,138.59223,36.386493,1.0,country:1.00,matched,2026-04-27T16:46:48Z
47892,Asian Art,1736,1795,1765,1500:1999,||||||||China||,China,culture,0.55,true,country.8753,People's Republic of China,101.901875,35.486703,1.0,country:1.00,matched,2026-04-27T16:46:34Z
190732,European Sculpture and Decorative Arts,1695,1705,1700,1500:1999,||||||||||,,none,0.00,false,,,,,,,,
63093,Asian Art,1800,1899,1849,1500:1999,||||||||Japan||,Japan,culture,0.55,true,country.8820,Japan,138.59223,36.386493,1.0,country:1.00,matched,2026-04-27T16:46:48Z
204524,European Sculpture and Decorative Arts,1475,1505,1490,1000:1499,||||||||||,,none,0.00,false,,,,,,,,
47574,Asian Art,1700,1722,1711,1500:1999,||||||||China||,China,culture,0.55,true,country.8753,People's Republic of China,101.901875,35.486703,1.0,country:1.00,matched,2026-04-27T16:46:34Z
78006,Asian Art,1700,1799,1749,1500:1999,||||||||China||,China,culture,0.55,true,country.8753,People's Republic of China,101.901875,35.486703,1.0,country:1.00,matched,2026-04-27T16:46:34Z
316000,The Michael C. Rockefeller Wing,-1200,-300,-750,-1000:-501,||||||Ecuador||Chorrera||,Ecuador,country,0.70,true,country.8769,Ecuador,-78.432915,-1.160171,1.0,country:1.00,matched,2026-04-27T16:46:39Z
313309,The Michael C. Rockefeller Wing,1100,1500,1300,1000:1499,||||||Peru||Chimú||,Peru,country,0.70,true,country.8880,Peru,-75.311132,-10.151093,1.0,country:1.00,matched,2026-04-27T16:47:00Z
47443,Asian Art,1800,1899,1849,1500:1999,||||||||China||,China,culture,0.55,true,country.8753,People's Republic of China,101.901875,35.486703,1.0,country:1.00,matched,2026-04-27T16:46:34Z
48759,Asian Art,1662,1722,1692,1500:1999,||||||||China||,China,culture,0.55,true,country.8753,People's Republic of China,101.901875,35.486703,1.0,country:1.00,matched,2026-04-27T16:46:34Z
46570,Asian Art,1700,1799,1749,1500:1999,||||||||China||,China,culture,0.55,true,country.8753,People's Republic of China,101.901875,35.486703,1.0,country:1.00,matched,2026-04-27T16:46:34Z
49203,Asian Art,1000,1199,1099,1000:1499,||||||||China||,China,culture,0.55,true,country.8753,People's Republic of China,101.901875,35.486703,1.0,country:1.00,matched,2026-04-27T16:46:34Z
188538,European Sculpture and Decorative Arts,1500,1599,1549,1500:1999,||||||||||,,none,0.00,false,,,,,,,,
308297,The Michael C. Rockefeller Wing,-400,-200,-300,-500:-1,||||||Peru||Paracas||,Peru,country,0.70,true,country.8880,Peru,-75.311132,-10.151093,1.0,country:1.00,matched,2026-04-27T16:47:00Z
62552,Asian Art,1700,1799,1749,1500:1999,||||||||Japan||,Japan,culture,0.55,true,country.8820,Japan,138.59223,36.386493,1.0,country:1.00,matched,2026-04-27T16:46:48Z
46773,Asian Art,1500,1644,1572,1500:1999,||||||||China||,China,culture,0.55,true,country.8753,People's Republic of China,101.901875,35.486703,1.0,country:1.00,matched,2026-04-27T16:46:34Z
308411,The Michael C. Rockefeller Wing,100,200,150,0:499,||||||Peru||Moche||,Peru,country,0.70,true,country.8880,Peru,-75.311132,-10.151093,1.0,country:1.00,matched,2026-04-27T16:47:00Z
47077,Asian Art,1800,1899,1849,1500:1999,||||||||Japan||,Japan,culture,0.55,true,country.8820,Japan,138.59223,36.386493,1.0,country:1.00,matched,2026-04-27T16:46:48Z
47118,Asian Art,1820,1820,1820,1500:1999,||||||||Japan||,Japan,culture,0.55,true,country.8820,Japan,138.59223,36.386493,1.0,country:1.00,matched,2026-04-27T16:46:48Z
475761,Medieval Art,300,699,499,0:499,||Kharga Oasis||||Byzantine Egypt||Coptic||,"Kharga Oasis, Byzantine Egypt",state||country,0.72,true,country.8771,Egypt,29.871903,26.494184,0.388889,country:0.39,matched,2026-04-27T16:46:49Z
47846,Asian Art,1800,1833,1816,1500:1999,||||||||Japan||,Japan,culture,0.55,true,country.8820,Japan,138.59223,36.386493,1.0,country:1.00,matched,2026-04-27T16:46:48Z
201610,European Sculpture and Decorative Arts,1585,1615,1600,1500:1999,||||||||||French,France,department||artistNationality,0.53,true,country.8781,France,2.618787,47.824905,1.0,country:1.00,matched,2026-04-27T16:46:43Z
52922,Asian Art,1662,1722,1692,1500:1999,||||||||China||,China,culture,0.55,true,country.8753,People's Republic of China,101.901875,35.486703,1.0,country:1.00,matched,2026-04-27T16:46:34Z
446886,Islamic Art,1600,1650,1625,1500:1999,||||||Iran||||,Iran,country,0.70,true,country.8814,Iran,54.301374,32.565838,1.0,country:1.00,matched,2026-04-27T16:46:46Z
314688,The Michael C. Rockefeller Wing,-1200,-400,-800,-1000:-501,||||||Peru||Cupisnique (?)||,Peru,country,0.70,true,country.8880,Peru,-75.311132,-10.151093,1.0,country:1.00,matched,2026-04-27T16:47:00Z
452223,Islamic Art,1600,1699,1649,1500:1999,||||||Iran||||,Iran,country,0.70,true,country.8814,Iran,54.301374,32.565838,1.0,country:1.00,matched,2026-04-27T16:46:46Z
63120,Asian Art,1700,1799,1749,1500:1999,||||||||Japan||,Japan,culture,0.55,true,country.8820,Japan,138.59223,36.386493,1.0,country:1.00,matched,2026-04-27T16:46:48Z
770916,European Sculpture and Decorative Arts,1870,1880,1875,1500:1999,||||||||||British,Britain,department||artistNationality,0.53,true,country.8783,United Kingdom,-2.36967,54.237933,1.0,country:1.00,matched,2026-04-27T16:46:31Z
46809,Asian Art,1467,1533,1500,1500:1999,||||||||China||,China,culture,0.55,true,country.8753,People's Republic of China,101.901875,35.486703,1.0,country:1.00,matched,2026-04-27T16:46:34Z
192803,European Sculpture and Decorative Arts,1755,1770,1762,1500:1999,||||||||||British,Britain,department||artistNationality,0.53,true,country.8783,United Kingdom,-2.36967,54.237933,1.0,country:1.00,matched,2026-04-27T16:46:31Z
197018,European Sculpture and Decorative Arts,1775,1795,1785,1500:1999,||||||||||,,none,0.00,false,,,,,,,,
63125,Asian Art,1490,1510,1500,1500:1999,||||||||Japan||,Japan,culture,0.55,true,country.8820,Japan,138.59223,36.386493,1.0,country:1.00,matched,2026-04-27T16:46:48Z
465871,Medieval Art,1200,1399,1299,1000:1499,||||||||French||,France,culture,0.55,true,country.8781,France,2.618787,47.824905,1.0,country:1.00,matched,2026-04-27T16:46:43Z
203378,European Sculpture and Decorative Arts,1756,1766,1761,1500:1999,||||||||||British,Britain,department||artistNationality,0.53,true,country.8783,United Kingdom,-2.36967,54.237933,1.0,country:1.00,matched,2026-04-27T16:46:31Z
47292,Asian Art,1800,1899,1849,1500:1999,||||||||China||,China,culture,0.55,true,country.8753,People's Republic of China,101.901875,35.486703,1.0,country:1.00,matched,2026-04-27T16:46:34Z
63133,Asian Art,1700,1799,1749,1500:1999,||||||||Japan||,Japan,culture,0.55,true,country.8820,Japan,138.59223,36.386493,1.0,country:1.00,matched,2026-04-27T16:46:48Z
200726,European Sculpture and Decorative Arts,1700,1899,1799,1500:1999,||||||||||,,none,0.00,false,,,,,,,,
450947,Islamic Art,1100,1199,1149,1000:1499,Raqqa||||||Syria||||,"Raqqa, Syria",city||country,0.88,true,place.13035735,"Raqqa, Al-Raqqah, Syria",39.008921,35.949678,1.0,place:1.00,matched,2026-04-27T16:47:01Z
42255,Asian Art,1700,1733,1716,1500:1999,||||||||China||,China,culture,0.55,true,country.8753,People's Republic of China,101.901875,35.486703,1.0,country:1.00,matched,2026-04-27T16:46:34Z
310550,The Michael C. Rockefeller Wing,-200,100,-50,-500:-1,||||||Peru||Topará||,Peru,country,0.70,true,country.8880,Peru,-75.311132,-10.151093,1.0,country:1.00,matched,2026-04-27T16:47:00Z
52546,Asian Art,-206,220,7,0:499,||||||||China||,China,culture,0.55,true,country.8753,People's Republic of China,101.901875,35.486703,1.0,country:1.00,matched,2026-04-27T16:46:34Z
188900,European Sculpture and Decorative Arts,1595,1605,1600,1500:1999,||||||||||,,none,0.00,false,,,,,,,,
50314,Asian Art,500,799,649,500:999,||||||||Japan||,Japan,culture,0.55,true,country.8820,Japan,138.59223,36.386493,1.0,country:1.00,matched,2026-04-27T16:46:48Z
199271,European Sculpture and Decorative Arts,1765,1785,1775,1500:1999,||||||||||German,Germany,department||artistNationality,0.53,true,country.8762,Germany,10.018343,51.133481,1.0,country:1.00,matched,2026-04-27T16:46:43Z
770977,European Sculpture and Decorative Arts,1868,1868,1868,1500:1999,||||||||||British,Britain,department||artistNationality,0.53,true,country.8783,United Kingdom,-2.36967,54.237933,1.0,country:1.00,matched,2026-04-27T16:46:31Z
62770,Asian Art,1700,1700,1700,1500:1999,||||||||Japan||,Japan,culture,0.55,true,country.8820,Japan,138.59223,36.386493,1.0,country:1.00,matched,2026-04-27T16:46:48Z
315176,The Michael C. Rockefeller Wing,500,700,600,500:999,||||||Peru||Moche||,Peru,country,0.70,true,country.8880,Peru,-75.311132,-10.151093,1.0,country:1.00,matched,2026-04-27T16:47:00Z
194304,European Sculpture and Decorative Arts,1700,1799,1749,1500:1999,||||||||||,,none,0.00,false,,,,,,,,
51021,Asian Art,1736,1795,1765,1500:1999,||||||||China||,China,culture,0.55,true,country.8753,People's Republic of China,101.901875,35.486703,1.0,country:1.00,matched,2026-04-27T16:46:34Z
48611,Asian Art,1800,1899,1849,1500:1999,||||||||China||,China,culture,0.55,true,country.8753,People's Republic of China,101.901875,35.486703,1.0,country:1.00,matched,2026-04-27T16:46:34Z
49857,Asian Art,1568,1599,1583,1500:1999,||||||||China||,China,culture,0.55,true,country.8753,People's Republic of China,101.901875,35.486703,1.0,country:1.00,matched,2026-04-27T16:46:34Z
73676,Asian Art,1200,1299,1249,1000:1499,||||||||China||,China,culture,0.55,true,country.8753,People's Republic of China,101.901875,35.486703,1.0,country:1.00,matched,2026-04-27T16:46:34Z
449073,Islamic Art,800,999,899,500:999,Nishapur||||||Iran||||,"Nishapur, Iran",city||country,0.88,true,place.1878126,"Nishapur County, Razavi Khorasan, Iran",58.79233,36.21129,0.95,place:0.95,matched,2026-04-27T16:46:56Z
308561,The Michael C. Rockefeller Wing,300,700,500,500:999,||||||Peru||Moche||,Peru,country,0.70,true,country.8880,Peru,-75.311132,-10.151093,1.0,country:1.00,matched,2026-04-27T16:47:00Z
191375,European Sculpture and Decorative Arts,1769,1780,1774,1500:1999,||||||||||British,Britain,department||artistNationality,0.53,true,country.8783,United Kingdom,-2.36967,54.237933,1.0,country:1.00,matched,2026-04-27T16:46:31Z
200928,European Sculpture and Decorative Arts,1720,1735,1727,1500:1999,||||||||||German,Germany,department||artistNationality,0.53,true,country.8762,Germany,10.018343,51.133481,1.0,country:1.00,matched,2026-04-27T16:46:43Z
46563,Asian Art,1668,1722,1695,1500:1999,||||||||China||,China,culture,0.55,true,country.8753,People's Republic of China,101.901875,35.486703,1.0,country:1.00,matched,2026-04-27T16:46:34Z
308466,The Michael C. Rockefeller Wing,-200,-1,-101,-500:-1,||||||Peru||Paracas||,Peru,country,0.70,true,country.8880,Peru,-75.311132,-10.151093,1.0,country:1.00,matched,2026-04-27T16:47:00Z
308518,The Michael C. Rockefeller Wing,200,500,350,0:499,||||||Peru||Moche||,Peru,country,0.70,true,country.8880,Peru,-75.311132,-10.151093,1.0,country:1.00,matched,2026-04-27T16:47:00Z
52563,Asian Art,571,699,635,500:999,||||||||China||,China,culture,0.55,true,country.8753,People's Republic of China,101.901875,35.486703,1.0,country:1.00,matched,2026-04-27T16:46:34Z
39885,Asian Art,1734,1766,1750,1500:1999,||||||||Korea||,Korea,culture,0.55,true,country.8828,South Korea,128.168944,36.536236,1.0,country:1.00,matched,2026-04-27T16:46:49Z
309494,The Michael C. Rockefeller Wing,200,600,400,0:499,||||||Peru||Moche||,Peru,country,0.70,true,country.8880,Peru,-75.311132,-10.151093,1.0,country:1.00,matched,2026-04-27T16:47:00Z
451695,Islamic Art,1000,1199,1099,1000:1499,probably Rayy||||||Iran||||,"Rayy, Iran, Iran",city||country,0.68,true,place.1099886,"Eyvan County, Ilam, Iran",46.309772,33.82832,0.613333,place:0.61,matched,2026-04-27T16:47:02Z
50709,Asian Art,618,699,658,500:999,||||||||China||,China,culture,0.55,true,country.8753,People's Republic of China,101.901875,35.486703,1.0,country:1.00,matched,2026-04-27T16:46:34Z
46927,Asian Art,1700,1799,1749,1500:1999,||||||||China||,China,culture,0.55,true,country.8753,People's Republic of China,101.901875,35.486703,1.0,country:1.00,matched,2026-04-27T16:46:34Z
47556,Asian Art,1800,1849,1824,1500:1999,||||||||China||,China,culture,0.55,true,country.8753,People's Republic of China,101.901875,35.486703,1.0,country:1.00,matched,2026-04-27T16:46:34Z
78432,Asian Art,600,733,666,500:999,||||||||China||,China,culture,0.55,true,country.8753,People's Republic of China,101.901875,35.486703,1.0,country:1.00,matched,2026-04-27T16:46:34Z
50229,Asian Art,900,1099,999,500:999,||||||||China||,China,culture,0.55,true,country.8753,People's Republic of China,101.901875,35.486703,1.0,country:1.00,matched,2026-04-27T16:46:34Z
308293,The Michael C. Rockefeller Wing,-400,-200,-300,-500:-1,||||||Peru||Paracas||,Peru,country,0.70,true,country.8880,Peru,-75.311132,-10.151093,1.0,country:1.00,matched,2026-04-27T16:47:00Z
48228,Asian Art,1700,1799,1749,1500:1999,||||||||China||,China,culture,0.55,true,country.8753,People's Republic of China,101.901875,35.486703,1.0,country:1.00,matched,2026-04-27T16:46:34Z
232384,European Sculpture and Decorative Arts,1761,1761,1761,1500:1999,||||||||||French,France,department||artistNationality,0.53,true,country.8781,France,2.618787,47.824905,1.0,country:1.00,matched,2026-04-27T16:46:43Z
460136,Robert Lehman Collection,1471,1500,1485,1000:1499,"||||||||Italian, possibly Tuscany||","Italian, Tuscany",culture||country,0.35,true,region.1459312,"Tuscany, Italy",11.255576,43.769871,0.935714,region:0.94,matched,2026-04-27T16:46:47Z
310542,The Michael C. Rockefeller Wing,400,500,450,0:499,||||Mesoamerica||Guatemala or Mexico||Maya||,"Mesoamerica, Guatemala",region||country,0.50,true,country.8797,Guatemala,-90.390002,15.605589,0.5,country:0.50,matched,2026-04-27T16:46:53Z
48504,Asian Art,581,599,590,500:999,||||||||China||,China,culture,0.55,true,country.8753,People's Republic of China,101.901875,35.486703,1.0,country:1.00,matched,2026-04-27T16:46:34Z
450769,Islamic Art,1000,1099,1049,1000:1499,Nishapur||||||Iran||||,"Nishapur, Iran",city||country,0.88,true,place.1878126,"Nishapur County, Razavi Khorasan, Iran",58.79233,36.21129,0.95,place:0.95,matched,2026-04-27T16:46:56Z
46914,Asian Art,1767,1795,1781,1500:1999,||||||||China||,China,culture,0.55,true,country.8753,People's Republic of China,101.901875,35.486703,1.0,country:1.00,matched,2026-04-27T16:46:34Z
309504,The Michael C. Rockefeller Wing,300,700,500,500:999,||||||Peru||Moche||,Peru,country,0.70,true,country.8880,Peru,-75.311132,-10.151093,1.0,country:1.00,matched,2026-04-27T16:47:00Z
239483,European Sculpture and Decorative Arts,1876,1876,1876,1500:1999,||||||||||British,Britain,department||artistNationality,0.53,true,country.8783,United Kingdom,-2.36967,54.237933,1.0,country:1.00,matched,2026-04-27T16:46:31Z
48467,Asian Art,1800,1849,1824,1500:1999,||||||||China||,China,culture,0.55,true,country.8753,People's Republic of China,101.901875,35.486703,1.0,country:1.00,matched,2026-04-27T16:46:34Z
65596,Asian Art,-3500,-2500,-3000,-3000:-2501,||||||||Northeast China (Hongshan culture)||,Northeast China,culture,0.55,true,country.8753,People's Republic of China,101.901875,35.486703,0.5,country:0.50,matched,2026-04-27T16:46:57Z
448424,Islamic Art,1200,1399,1299,1000:1499,||||||Iran||||,Iran,country,0.70,true,country.8814,Iran,54.301374,32.565838,1.0,country:1.00,matched,2026-04-27T16:46:46Z
209997,European Sculpture and Decorative Arts,1875,1890,1882,1500:1999,||||||||||French,France,department||artistNationality,0.53,true,country.8781,France,2.618787,47.824905,1.0,country:1.00,matched,2026-04-27T16:46:43Z
46619,Asian Art,1690,1710,1700,1500:1999,||||||||Japan||,Japan,culture,0.55,true,country.8820,Japan,138.59223,36.386493,1.0,country:1.00,matched,2026-04-27T16:46:48Z
451362,Islamic Art,1175,1225,1200,1000:1499,Raqqa||||||Syria||||,"Raqqa, Syria",city||country,0.88,true,place.13035735,"Raqqa, Al-Raqqah, Syria",39.008921,35.949678,1.0,place:1.00,matched,2026-04-27T16:47:01Z
308428,The Michael C. Rockefeller Wing,-700,-300,-500,-500:-1,||||||Peru||Paracas||,Peru,country,0.70,true,country.8880,Peru,-75.311132,-10.151093,1.0,country:1.00,matched,2026-04-27T16:47:00Z
308465,The Michael C. Rockefeller Wing,-200,100,-50,-500:-1,||||Ica Valley||Peru||Topará||,"Ica Valley, Peru, Peru",region||country,0.70,true,place.5556400,"Ica District, Ica, Peru",-75.729645,-14.063716,0.592593,place:0.59,matched,2026-04-27T16:46:45Z
460142,Robert Lehman Collection,1467,1483,1475,1000:1499,"||||||||Italian, Faenza or Pesaro||","Faenza, Italy",culture||country,0.35,true,place.21547120,"Faenza, Ravenna, Italy",11.882004,44.285633,1.0,place:1.00,matched,2026-04-27T16:46:41Z
57358,Asian Art,1900,1933,1916,1500:1999,||||||||Korea||,Korea,culture,0.55,true,country.8828,South Korea,128.168944,36.536236,1.0,country:1.00,matched,2026-04-27T16:46:49Z
477280,Medieval Art,0,4,2,0:499,||Kharga Oasis||||Byzantine Egypt||Coptic||,"Kharga Oasis, Byzantine Egypt",state||country,0.72,true,country.8771,Egypt,29.871903,26.494184,0.388889,country:0.39,matched,2026-04-27T16:46:49Z
52907,Asian Art,1736,1795,1765,1500:1999,||||||||China||,China,culture,0.55,true,country.8753,People's Republic of China,101.901875,35.486703,1.0,country:1.00,matched,2026-04-27T16:46:34Z
448726,Islamic Art,700,799,749,500:999,Ctesiphon||||||Iraq||||,"Ctesiphon, Iraq",city||country,0.88,true,country.8813,Iraq,43.404716,33.048056,0.5,country:0.50,matched,2026-04-27T16:46:37Z
62942,Asian Art,1780,1780,1780,1500:1999,||||||||Japan||,Japan,culture,0.55,true,country.8820,Japan,138.59223,36.386493,1.0,country:1.00,matched,2026-04-27T16:46:48Z
57362,Asian Art,1900,1933,1916,1500:1999,||||||||Korea||,Korea,culture,0.55,true,country.8828,South Korea,128.168944,36.536236,1.0,country:1.00,matched,2026-04-27T16:46:49Z
308515,The Michael C. Rockefeller Wing,-100,200,50,0:499,||||||Peru||Moche||,Peru,country,0.70,true,country.8880,Peru,-75.311132,-10.151093,1.0,country:1.00,matched,2026-04-27T16:47:00Z
46941,Asian Art,1668,1722,1695,1500:1999,||||||||China||,China,culture,0.55,true,country.8753,People's Republic of China,101.901875,35.486703,1.0,country:1.00,matched,2026-04-27T16:46:34Z
188539,European Sculpture and Decorative Arts,1550,1599,1574,1500:1999,||||||||||,,none,0.00,false,,,,,,,,
314629,The Michael C. Rockefeller Wing,-200,300,50,0:499,||Colima||Mesoamerica||Mexico||Colima||,"Colima, Mexico, Mexico",state||country,0.72,true,region.255135,"Mexico, Mexico",-99.724084,19.642105,0.666667,region:0.67,matched,2026-04-27T16:46:35Z
197485,European Sculpture and Decorative Arts,1735,1755,1745,1500:1999,||||||||||,,none,0.00,false,,,,,,,,
44737,Asian Art,1200,1333,1266,1000:1499,||||||||China||,China,culture,0.55,true,country.8753,People's Republic of China,101.901875,35.486703,1.0,country:1.00,matched,2026-04-27T16:46:34Z
48174,Asian Art,1736,1795,1765,1500:1999,||||||||China||,China,culture,0.55,true,country.8753,People's Republic of China,101.901875,35.486703,1.0,country:1.00,matched,2026-04-27T16:46:34Z
47657,Asian Art,1800,1899,1849,1500:1999,||||||||China||,China,culture,0.55,true,country.8753,People's Republic of China,101.901875,35.486703,1.0,country:1.00,matched,2026-04-27T16:46:34Z
45871,Asian Art,1700,1799,1749,1500:1999,||||||||Japan||,Japan,culture,0.55,true,country.8820,Japan,138.59223,36.386493,1.0,country:1.00,matched,2026-04-27T16:46:48Z
48741,Asian Art,1662,1722,1692,1500:1999,||||||||China||,China,culture,0.55,true,country.8753,People's Republic of China,101.901875,35.486703,1.0,country:1.00,matched,2026-04-27T16:46:34Z
199721,European Sculpture and Decorative Arts,1470,1505,1487,1000:1499,||||||||||,,none,0.00,false,,,,,,,,
48676,Asian Art,1668,1699,1683,1500:1999,||||||||China||,China,culture,0.55,true,country.8753,People's Republic of China,101.901875,35.486703,1.0,country:1.00,matched,2026-04-27T16:46:34Z
466701,Medieval Art,1345,1355,1350,1000:1499,||Tuscany||||Italy||Italian||,"Tuscany, Italy",state||country,0.72,true,region.1459312,"Tuscany, Italy",11.255576,43.769871,1.0,region:1.00,matched,2026-04-27T16:47:12Z
49298,Asian Art,1650,1670,1660,1500:1999,||||||||Japan||,Japan,culture,0.55,true,country.8820,Japan,138.59223,36.386493,1.0,country:1.00,matched,2026-04-27T16:46:48Z
63048,Asian Art,1820,1820,1820,1500:1999,||||||||Japan||,Japan,culture,0.55,true,country.8820,Japan,138.59223,36.386493,1.0,country:1.00,matched,2026-04-27T16:46:48Z
48764,Asian Art,1734,1766,1750,1500:1999,||||||||China||,China,culture,0.55,true,country.8753,People's Republic of China,101.901875,35.486703,1.0,country:1.00,matched,2026-04-27T16:46:34Z
47482,Asian Art,1700,1799,1749,1500:1999,||||||||Japan||,Japan,culture,0.55,true,country.8820,Japan,138.59223,36.386493,1.0,country:1.00,matched,2026-04-27T16:46:48Z
48748,Asian Art,1700,1700,1700,1500:1999,||||||||Japan||,Japan,culture,0.55,true,country.8820,Japan,138.59223,36.386493,1.0,country:1.00,matched,2026-04-27T16:46:48Z
315999,The Michael C. Rockefeller Wing,-900,-100,-500,-500:-1,||||||Ecuador||Chorrera||,Ecuador,country,0.70,true,country.8769,Ecuador,-78.432915,-1.160171,1.0,country:1.00,matched,2026-04-27T16:46:39Z
308558,The Michael C. Rockefeller Wing,600,800,700,500:999,||||North Coast||Peru||Moche||,Peru,country,0.70,true,country.8880,Peru,-75.311132,-10.151093,1.0,country:1.00,matched,2026-04-27T16:47:00Z
48846,Asian Art,1620,1640,1630,1500:1999,||||||||Japan||,Japan,culture,0.55,true,country.8820,Japan,138.59223,36.386493,1.0,country:1.00,matched,2026-04-27T16:46:48Z
51018,Asian Art,1723,1735,1729,1500:1999,||||||||China||,China,culture,0.55,true,country.8753,People's Republic of China,101.901875,35.486703,1.0,country:1.00,matched,2026-04-27T16:46:34Z
49861,Asian Art,1650,1690,1670,1500:1999,||||||||Japan||,Japan,culture,0.55,true,country.8820,Japan,138.59223,36.386493,1.0,country:1.00,matched,2026-04-27T16:46:48Z
188753,European Sculpture and Decorative Arts,1750,1760,1755,1500:1999,||||||||||British,Britain,department||artistNationality,0.53,true,country.8783,United Kingdom,-2.36967,54.237933,1.0,country:1.00,matched,2026-04-27T16:46:31Z
310198,The Michael C. Rockefeller Wing,200,600,400,0:499,||||||Peru||Moche||,Peru,country,0.70,true,country.8880,Peru,-75.311132,-10.151093,1.0,country:1.00,matched,2026-04-27T16:47:00Z
310355,The Michael C. Rockefeller Wing,-1200,-800,-1000,-1000:-501,||||Mesoamerica||Mexico||Tlatilco||,"Mesoamerica, Mexico",region||country,0.70,true,country.8863,Mexico,-102.532867,23.950464,0.5,country:0.50,matched,2026-04-27T16:46:53Z
318662,The Michael C. Rockefeller Wing,600,900,750,500:999,Alta Verapaz||||Mesoamerica||Guatemala||Maya||,"Alta Verapaz, Guatemala",city||country,0.88,true,region.25693,"Alta Verapaz, Guatemala",-90.373506,15.4702,1.0,region:1.00,matched,2026-04-27T16:46:27Z
51134,Asian Art,1800,1849,1824,1500:1999,||||||||China||,China,culture,0.55,true,country.8753,People's Republic of China,101.901875,35.486703,1.0,country:1.00,matched,2026-04-27T16:46:34Z
202184,European Sculpture and Decorative Arts,1774,1784,1779,1500:1999,||||||||||French,France,department||artistNationality,0.53,true,country.8781,France,2.618787,47.824905,1.0,country:1.00,matched,2026-04-27T16:46:43Z
48085,Asian Art,1568,1633,1600,1500:1999,||||||||China||,China,culture,0.55,true,country.8753,People's Republic of China,101.901875,35.486703,1.0,country:1.00,matched,2026-04-27T16:46:34Z
47850,Asian Art,1800,1899,1849,1500:1999,||||||||Japan||,Japan,culture,0.55,true,country.8820,Japan,138.59223,36.386493,1.0,country:1.00,matched,2026-04-27T16:46:48Z
204350,European Sculpture and Decorative Arts,1800,1899,1849,1500:1999,||||||||||,,none,0.00,false,,,,,,,,
48335,Asian Art,1800,1899,1849,1500:1999,||||||||China||,China,culture,0.55,true,country.8753,People's Republic of China,101.901875,35.486703,1.0,country:1.00,matched,2026-04-27T16:46:34Z
42217,Asian Art,1662,1722,1692,1500:1999,||||||||China||,China,culture,0.55,true,country.8753,People's Republic of China,101.901875,35.486703,1.0,country:1.00,matched,2026-04-27T16:46:34Z
487350,Modern and Contemporary Art,1882,1886,1884,1500:1999,||||||||French (Paris)||French,"Paris, France",culture||country,0.55,true,place.894029,"Paris, France",2.348392,48.853495,1.0,region:1.00,matched,2026-04-27T16:46:59Z
47505,Asian Art,1700,1750,1725,1500:1999,||||||||Japan||,Japan,culture,0.55,true,country.8820,Japan,138.59223,36.386493,1.0,country:1.00,matched,2026-04-27T16:46:48Z
48609,Asian Art,1800,1899,1849,1500:1999,||||||||China||,China,culture,0.55,true,country.8753,People's Republic of China,101.901875,35.486703,1.0,country:1.00,matched,2026-04-27T16:46:34Z
308483,The Michael C. Rockefeller Wing,-300,-200,-250,-500:-1,||||Ica Valley||Peru||Paracas||,"Ica Valley, Peru, Peru",region||country,0.70,true,place.5556400,"Ica District, Ica, Peru",-75.729645,-14.063716,0.592593,place:0.59,matched,2026-04-27T16:46:45Z
47315,Asian Art,1767,1849,1808,1500:1999,||||||||China||,China,culture,0.55,true,country.8753,People's Republic of China,101.901875,35.486703,1.0,country:1.00,matched,2026-04-27T16:46:34Z
42350,Asian Art,300,499,399,0:499,||||||||China||,China,culture,0.55,true,country.8753,People's Republic of China,101.901875,35.486703,1.0,country:1.00,matched,2026-04-27T16:46:34Z
308623,The Michael C. Rockefeller Wing,-700,-400,-550,-1000:-501,||||Ica Valley||Peru||Paracas||,"Ica Valley, Peru, Peru",region||country,0.70,true,place.5556400,"Ica District, Ica, Peru",-75.729645,-14.063716,0.592593,place:0.59,matched,2026-04-27T16:46:45Z
42367,Asian Art,-99,1,-49,-500:-1,||||||||China||,China,culture,0.55,true,country.8753,People's Republic of China,101.901875,35.486703,1.0,country:1.00,matched,2026-04-27T16:46:34Z
42364,Asian Art,1723,1735,1729,1500:1999,||||||||China||,China,culture,0.55,true,country.8753,People's Republic of China,101.901875,35.486703,1.0,country:1.00,matched,2026-04-27T16:46:34Z
316813,The Michael C. Rockefeller Wing,700,900,800,500:999,||||Mesoamerica||Guatemala||Maya||,"Mesoamerica, Guatemala",region||country,0.70,true,country.8797,Guatemala,-90.390002,15.605589,0.5,country:0.50,matched,2026-04-27T16:46:53Z
309371,The Michael C. Rockefeller Wing,300,700,500,500:999,||||||Peru||Moche||,Peru,country,0.70,true,country.8880,Peru,-75.311132,-10.151093,1.0,country:1.00,matched,2026-04-27T16:47:00Z
194236,European Sculpture and Decorative Arts,1735,1745,1740,1500:1999,||||||||||German,Germany,department||artistNationality,0.53,true,country.8762,Germany,10.018343,51.133481,1.0,country:1.00,matched,2026-04-27T16:46:43Z
310544,The Michael C. Rockefeller Wing,100,600,350,0:499,||||||Peru||Nasca||,Peru,country,0.70,true,country.8880,Peru,-75.311132,-10.151093,1.0,country:1.00,matched,2026-04-27T16:47:00Z
207145,European Sculpture and Decorative Arts,1745,1765,1755,1500:1999,||||||||||,,none,0.00,false,,,,,,,,
46988,Asian Art,1650,1670,1660,1500:1999,||||||||Japan||,Japan,culture,0.55,true,country.8820,Japan,138.59223,36.386493,1.0,country:1.00,matched,2026-04-27T16:46:48Z
47625,Asian Art,1800,1899,1849,1500:1999,||||||||Japan||,Japan,culture,0.55,true,country.8820,Japan,138.59223,36.386493,1.0,country:1.00,matched,2026-04-27T16:46:48Z
308423,The Michael C. Rockefeller Wing,-900,-500,-700,-1000:-501,||||Ica Valley||Peru||Paracas||,"Ica Valley, Peru, Peru",region||country,0.70,true,place.5556400,"Ica District, Ica, Peru",-75.729645,-14.063716,0.592593,place:0.59,matched,2026-04-27T16:46:45Z
460715,Robert Lehman Collection,1662,1722,1692,1500:1999,||||||||Chinese||,China,culture,0.55,true,country.8753,People's Republic of China,101.901875,35.486703,1.0,country:1.00,matched,2026-04-27T16:46:34Z
447748,Islamic Art,1600,1699,1649,1500:1999,||||||Iran||||,Iran,country,0.70,true,country.8814,Iran,54.301374,32.565838,1.0,country:1.00,matched,2026-04-27T16:46:46Z
52023,Asian Art,1668,1722,1695,1500:1999,||||||||China||,China,culture,0.55,true,country.8753,People's Republic of China,101.901875,35.486703,1.0,country:1.00,matched,2026-04-27T16:46:34Z
47758,Asian Art,1800,1899,1849,1500:1999,||||||||Japan||,Japan,culture,0.55,true,country.8820,Japan,138.59223,36.386493,1.0,country:1.00,matched,2026-04-27T16:46:48Z
50328,Asian Art,1700,1733,1716,1500:1999,||||||||Japan||,Japan,culture,0.55,true,country.8820,Japan,138.59223,36.386493,1.0,country:1.00,matched,2026-04-27T16:46:48Z
49142,Asian Art,-475,-221,-348,-500:-1,||||||||China||,China,culture,0.55,true,country.8753,People's Republic of China,101.901875,35.486703,1.0,country:1.00,matched,2026-04-27T16:46:34Z
49274,Asian Art,1490,1510,1500,1500:1999,||||||||Japan||,Japan,culture,0.55,true,country.8820,Japan,138.59223,36.386493,1.0,country:1.00,matched,2026-04-27T16:46:48Z
309728,The Michael C. Rockefeller Wing,100,600,350,0:499,||||||Peru||Nasca||,Peru,country,0.70,true,country.8880,Peru,-75.311132,-10.151093,1.0,country:1.00,matched,2026-04-27T16:47:00Z
48666,Asian Art,1662,1722,1692,1500:1999,||||||||China||,China,culture,0.55,true,country.8753,People's Republic of China,101.901875,35.486703,1.0,country:1.00,matched,2026-04-27T16:46:34Z
42443,Asian Art,1334,1366,1350,1000:1499,||||||||China||,China,culture,0.55,true,country.8753,People's Republic of China,101.901875,35.486703,1.0,country:1.00,matched,2026-04-27T16:46:34Z
62715,Asian Art,1700,1799,1749,1500:1999,||||||||Japan||,Japan,culture,0.55,true,country.8820,Japan,138.59223,36.386493,1.0,country:1.00,matched,2026-04-27T16:46:48Z
310522,The Michael C. Rockefeller Wing,500,800,650,500:999,||||North Coast||Peru||Moche||,Peru,country,0.70,true,country.8880,Peru,-75.311132,-10.151093,1.0,country:1.00,matched,2026-04-27T16:47:00Z
47941,Asian Art,1800,1899,1849,1500:1999,||||||||Japan||,Japan,culture,0.55,true,country.8820,Japan,138.59223,36.386493,1.0,country:1.00,matched,2026-04-27T16:46:48Z
52218,Asian Art,1630,1639,1634,1500:1999,||||||||Japan||,Japan,culture,0.55,true,country.8820,Japan,138.59223,36.386493,1.0,country:1.00,matched,2026-04-27T16:46:48Z
446961,Islamic Art,1100,1299,1199,1000:1499,||||||Iran||||,Iran,country,0.70,true,country.8814,Iran,54.301374,32.565838,1.0,country:1.00,matched,2026-04-27T16:46:46Z
50536,Asian Art,-206,220,7,0:499,||||||||China||,China,culture,0.55,true,country.8753,People's Republic of China,101.901875,35.486703,1.0,country:1.00,matched,2026-04-27T16:46:34Z
48635,Asian Art,1668,1722,1695,1500:1999,||||||||China||,China,culture,0.55,true,country.8753,People's Republic of China,101.901875,35.486703,1.0,country:1.00,matched,2026-04-27T16:46:34Z
48690,Asian Art,1735,1795,1765,1500:1999,||||||||China||,China,culture,0.55,true,country.8753,People's Republic of China,101.901875,35.486703,1.0,country:1.00,matched,2026-04-27T16:46:34Z
52720,Asian Art,1368,1644,1506,1500:1999,||||||||China||,China,culture,0.55,true,country.8753,People's Republic of China,101.901875,35.486703,1.0,country:1.00,matched,2026-04-27T16:46:34Z
73366,Asian Art,581,618,599,500:999,||||||||China||,China,culture,0.55,true,country.8753,People's Republic of China,101.901875,35.486703,1.0,country:1.00,matched,2026-04-27T16:46:34Z
46686,Asian Art,1830,1830,1830,1500:1999,||||||||Japan||,Japan,culture,0.55,true,country.8820,Japan,138.59223,36.386493,1.0,country:1.00,matched,2026-04-27T16:46:48Z
42369,Asian Art,-100,100,0,0:499,||||||||China||,China,culture,0.55,true,country.8753,People's Republic of China,101.901875,35.486703,1.0,country:1.00,matched,2026-04-27T16:46:34Z
451694,Islamic Art,1000,1199,1099,1000:1499,probably Rayy||||||Iran||||,"Rayy, Iran, Iran",city||country,0.68,true,place.1099886,"Eyvan County, Ilam, Iran",46.309772,33.82832,0.613333,place:0.61,matched,2026-04-27T16:47:02Z
471753,The Cloisters,1450,1499,1474,1000:1499,probably Manises||Valencia||||Spain||Spanish||,"Manises, Valencia, Spain, Valencia, Spain",city||state||country,0.75,true,place.35178566,"Manises, Valencia, Spain",-0.462126,39.493927,1.0,place:1.00,matched,2026-04-27T16:46:52Z
62910,Asian Art,1720,1720,1720,1500:1999,||||||||Japan||,Japan,culture,0.55,true,country.8820,Japan,138.59223,36.386493,1.0,country:1.00,matched,2026-04-27T16:46:48Z
48766,Asian Art,1668,1722,1695,1500:1999,||||||||China||,China,culture,0.55,true,country.8753,People's Republic of China,101.901875,35.486703,1.0,country:1.00,matched,2026-04-27T16:46:34Z
309523,The Michael C. Rockefeller Wing,-1200,-400,-800,-1000:-501,||||||Peru||Cupisnique||,Peru,country,0.70,true,country.8880,Peru,-75.311132,-10.151093,1.0,country:1.00,matched,2026-04-27T16:47:00Z
52492,Asian Art,1767,1799,1783,1500:1999,||||||||Japan||,Japan,culture,0.55,true,country.8820,Japan,138.59223,36.386493,1.0,country:1.00,matched,2026-04-27T16:46:48Z
198006,European Sculpture and Decorative Arts,1700,1750,1725,1500:1999,||||||||||,,none,0.00,false,,,,,,,,
449429,Islamic Art,700,825,762,500:999,Nishapur||||||Iran||||,"Nishapur, Iran",city||country,0.88,true,place.1878126,"Nishapur County, Razavi Khorasan, Iran",58.79233,36.21129,0.95,place:0.95,matched,2026-04-27T16:46:56Z
50921,Asian Art,1667,1733,1700,1500:1999,||||||||China||,China,culture,0.55,true,country.8753,People's Republic of China,101.901875,35.486703,1.0,country:1.00,matched,2026-04-27T16:46:34Z
48275,Asian Art,1723,1735,1729,1500:1999,||||||||China||,China,culture,0.55,true,country.8753,People's Republic of China,101.901875,35.486703,1.0,country:1.00,matched,2026-04-27T16:46:34Z
46640,Asian Art,1700,1799,1749,1500:1999,||||||||China||,China,culture,0.55,true,country.8753,People's Republic of China,101.901875,35.486703,1.0,country:1.00,matched,2026-04-27T16:46:34Z
47681,Asian Art,1700,1799,1749,1500:1999,||||||||Japan||,Japan,culture,0.55,true,country.8820,Japan,138.59223,36.386493,1.0,country:1.00,matched,2026-04-27T16:46:48Z
204075,European Sculpture and Decorative Arts,1748,1758,1753,1500:1999,||||||||||British,Britain,department||artistNationality,0.53,true,country.8783,United Kingdom,-2.36967,54.237933,1.0,country:1.00,matched,2026-04-27T16:46:31Z
50316,Asian Art,800,899,849,500:999,||||||||Japan||,Japan,culture,0.55,true,country.8820,Japan,138.59223,36.386493,1.0,country:1.00,matched,2026-04-27T16:46:48Z
309335,The Michael C. Rockefeller Wing,400,700,550,500:999,||||||Peru||Moche||,Peru,country,0.70,true,country.8880,Peru,-75.311132,-10.151093,1.0,country:1.00,matched,2026-04-27T16:47:00Z
449371,Islamic Art,800,999,899,500:999,Nishapur||||||Iran||||,"Nishapur, Iran",city||country,0.88,true,place.1878126,"Nishapur County, Razavi Khorasan, Iran",58.79233,36.21129,0.95,place:0.95,matched,2026-04-27T16:46:56Z
194391,European Sculpture and Decorative Arts,1690,1715,1702,1500:1999,||||||||||French,France,department||artistNationality,0.53,true,country.8781,France,2.618787,47.824905,1.0,country:1.00,matched,2026-04-27T16:46:43Z
62630,Asian Art,1700,1799,1749,1500:1999,||||||||Japan||,Japan,culture,0.55,true,country.8820,Japan,138.59223,36.386493,1.0,country:1.00,matched,2026-04-27T16:46:48Z
47103,Asian Art,1800,1899,1849,1500:1999,||||||||Japan||,Japan,culture,0.55,true,country.8820,Japan,138.59223,36.386493,1.0,country:1.00,matched,2026-04-27T16:46:48Z
198670,European Sculpture and Decorative Arts,1764,1785,1774,1500:1999,||||||||||British,Britain,department||artistNationality,0.53,true,country.8783,United Kingdom,-2.36967,54.237933,1.0,country:1.00,matched,2026-04-27T16:46:31Z
651287,The Cloisters,1200,1300,1250,1000:1499,||Derbyshire||||England||British||,"Derbyshire, England, England",state||country,0.72,true,district.419407,"Derbyshire, England, United Kingdom",-1.427393,53.23586,0.666667,district:0.67,matched,2026-04-27T16:46:38Z
450929,Islamic Art,1100,1199,1149,1000:1499,Raqqa||||||Syria||||,"Raqqa, Syria",city||country,0.88,true,place.13035735,"Raqqa, Al-Raqqah, Syria",39.008921,35.949678,1.0,place:1.00,matched,2026-04-27T16:47:01Z
208822,European Sculpture and Decorative Arts,1800,1899,1849,1500:1999,||||||||||,,none,0.00,false,,,,,,,,
477275,Medieval Art,300,699,499,0:499,||Kharga Oasis||||Byzantine Egypt||Coptic||,"Kharga Oasis, Byzantine Egypt",state||country,0.72,true,country.8771,Egypt,29.871903,26.494184,0.388889,country:0.39,matched,2026-04-27T16:46:49Z
52513,Asian Art,1800,1833,1816,1500:1999,||||||||Japan||,Japan,culture,0.55,true,country.8820,Japan,138.59223,36.386493,1.0,country:1.00,matched,2026-04-27T16:46:48Z
308512,The Michael C. Rockefeller Wing,500,800,650,500:999,||North Coast||||Peru||Moche||,Peru,country,0.70,true,country.8880,Peru,-75.311132,-10.151093,1.0,country:1.00,matched,2026-04-27T16:47:00Z
47693,Asian Art,1800,1899,1849,1500:1999,||||||||Japan||,Japan,culture,0.55,true,country.8820,Japan,138.59223,36.386493,1.0,country:1.00,matched,2026-04-27T16:46:48Z
309443,The Michael C. Rockefeller Wing,400,700,550,500:999,||||||Peru||Moche||,Peru,country,0.70,true,country.8880,Peru,-75.311132,-10.151093,1.0,country:1.00,matched,2026-04-27T16:47:00Z
198426,European Sculpture and Decorative Arts,1755,1765,1760,1500:1999,||||||||||British,Britain,department||artistNationality,0.53,true,country.8783,United Kingdom,-2.36967,54.237933,1.0,country:1.00,matched,2026-04-27T16:46:31Z
477326,Medieval Art,300,699,499,0:499,||Kharga Oasis||||Byzantine Egypt||Coptic||,"Kharga Oasis, Byzantine Egypt",state||country,0.72,true,country.8771,Egypt,29.871903,26.494184,0.388889,country:0.39,matched,2026-04-27T16:46:49Z
48691,Asian Art,1800,1899,1849,1500:1999,||||||||China||,China,culture,0.55,true,country.8753,People's Republic of China,101.901875,35.486703,1.0,country:1.00,matched,2026-04-27T16:46:34Z
52076,Asian Art,1662,1722,1692,1500:1999,||||||||China||,China,culture,0.55,true,country.8753,People's Republic of China,101.901875,35.486703,1.0,country:1.00,matched,2026-04-27T16:46:34Z
309129,The Michael C. Rockefeller Wing,300,700,500,500:999,||||||Peru||Moche||,Peru,country,0.70,true,country.8880,Peru,-75.311132,-10.151093,1.0,country:1.00,matched,2026-04-27T16:47:00Z
42416,Asian Art,1662,1722,1692,1500:1999,||||||||China||,China,culture,0.55,true,country.8753,People's Republic of China,101.901875,35.486703,1.0,country:1.00,matched,2026-04-27T16:46:34Z
194293,European Sculpture and Decorative Arts,1537,1547,1542,1500:1999,||||||||||French,France,department||artistNationality,0.53,true,country.8781,France,2.618787,47.824905,1.0,country:1.00,matched,2026-04-27T16:46:43Z
205336,European Sculpture and Decorative Arts,1745,1760,1752,1500:1999,||||||||||British,Britain,department||artistNationality,0.53,true,country.8783,United Kingdom,-2.36967,54.237933,1.0,country:1.00,matched,2026-04-27T16:46:31Z
47810,Asian Art,1800,1899,1849,1500:1999,||||||||Japan||,Japan,culture,0.55,true,country.8820,Japan,138.59223,36.386493,1.0,country:1.00,matched,2026-04-27T16:46:48Z
50506,Asian Art,1667,1733,1700,1500:1999,||||||||China||,China,culture,0.55,true,country.8753,People's Republic of China,101.901875,35.486703,1.0,country:1.00,matched,2026-04-27T16:46:34Z
50033,Asian Art,1700,1799,1749,1500:1999,||||||||China||,China,culture,0.55,true,country.8753,People's Republic of China,101.901875,35.486703,1.0,country:1.00,matched,2026-04-27T16:46:34Z
465870,Medieval Art,1200,1399,1299,1000:1499,||||||||French||,France,culture,0.55,true,country.8781,France,2.618787,47.824905,1.0,country:1.00,matched,2026-04-27T16:46:43Z
199532,European Sculpture and Decorative Arts,1735,1755,1745,1500:1999,||||||||||,,none,0.00,false,,,,,,,,
48267,Asian Art,960,1279,1119,1000:1499,||||||||China||,China,culture,0.55,true,country.8753,People's Republic of China,101.901875,35.486703,1.0,country:1.00,matched,2026-04-27T16:46:34Z
447072,Islamic Art,1200,1299,1249,1000:1499,Kashan||||||Iran||||,"Kashan, Iran",city||country,0.88,true,place.1255534,"Kashan County, Isfahan, Iran",51.44271,33.98714,0.98,place:0.98,matched,2026-04-27T16:46:48Z
52524,Asian Art,-2000,-2000,-2000,-2000:-1501,||||||||China||,China,culture,0.55,true,country.8753,People's Republic of China,101.901875,35.486703,1.0,country:1.00,matched,2026-04-27T16:46:34Z
39631,Asian Art,1,199,100,0:499,||||||||China||,China,culture,0.55,true,country.8753,People's Republic of China,101.901875,35.486703,1.0,country:1.00,matched,2026-04-27T16:46:34Z
207383,European Sculpture and Decorative Arts,1752,1762,1757,1500:1999,||||||||||French,France,department||artistNationality,0.53,true,country.8781,France,2.618787,47.824905,1.0,country:1.00,matched,2026-04-27T16:46:43Z
851662,Asian Art,1800,1899,1849,1500:1999,||||||||Korea||,Korea,culture,0.55,true,country.8828,South Korea,128.168944,36.536236,1.0,country:1.00,matched,2026-04-27T16:46:49Z
470127,Medieval Art,1275,1325,1300,1000:1499,Paris||||||France||French||,"Paris, France",city||country,0.88,true,place.894029,"Paris, France",2.348392,48.853495,1.0,region:1.00,matched,2026-04-27T16:46:59Z
57417,Asian Art,1800,1899,1849,1500:1999,||||||||Korea||,Korea,culture,0.55,true,country.8828,South Korea,128.168944,36.536236,1.0,country:1.00,matched,2026-04-27T16:46:49Z
307870,The Michael C. Rockefeller Wing,400,700,550,500:999,||||||Peru||Moche||,Peru,country,0.70,true,country.8880,Peru,-75.311132,-10.151093,1.0,country:1.00,matched,2026-04-27T16:47:00Z
894321,Asian Art,1568,1599,1583,1500:1999,||||||||Japan||,Japan,culture,0.55,true,country.8820,Japan,138.59223,36.386493,1.0,country:1.00,matched,2026-04-27T16:46:48Z
194292,European Sculpture and Decorative Arts,1670,1680,1675,1500:1999,||||||||||,,none,0.00,false,,,,,,,,
309301,The Michael C. Rockefeller Wing,400,700,550,500:999,||||||Peru||Moche||,Peru,country,0.70,true,country.8880,Peru,-75.311132,-10.151093,1.0,country:1.00,matched,2026-04-27T16:47:00Z
200840,European Sculpture and Decorative Arts,1720,1735,1727,1500:1999,||||||||||French,France,department||artistNationality,0.53,true,country.8781,France,2.618787,47.824905,1.0,country:1.00,matched,2026-04-27T16:46:43Z
62557,Asian Art,1700,1799,1749,1500:1999,||||||||Japan||,Japan,culture,0.55,true,country.8820,Japan,138.59223,36.386493,1.0,country:1.00,matched,2026-04-27T16:46:48Z
42254,Asian Art,1667,1733,1700,1500:1999,||||||||China||,China,culture,0.55,true,country.8753,People's Republic of China,101.901875,35.486703,1.0,country:1.00,matched,2026-04-27T16:46:34Z
309751,The Michael C. Rockefeller Wing,800,1100,950,500:999,||||||Peru||Lambayeque (Sicán)||,Peru,country,0.70,true,country.8880,Peru,-75.311132,-10.151093,1.0,country:1.00,matched,2026-04-27T16:47:00Z
188993,European Sculpture and Decorative Arts,1765,1775,1770,1500:1999,||||||||||Swiss,Switzerland,department||artistNationality,0.53,true,country.8748,Switzerland,8.234392,46.802496,1.0,country:1.00,matched,2026-04-27T16:47:08Z
62627,Asian Art,1700,1799,1749,1500:1999,||||||||Japan||,Japan,culture,0.55,true,country.8820,Japan,138.59223,36.386493,1.0,country:1.00,matched,2026-04-27T16:46:48Z
200827,European Sculpture and Decorative Arts,1730,1745,1737,1500:1999,||||||||||French,France,department||artistNationality,0.53,true,country.8781,France,2.618787,47.824905,1.0,country:1.00,matched,2026-04-27T16:46:43Z
50020,Asian Art,1500,1650,1575,1500:1999,||||||||China||,China,culture,0.55,true,country.8753,People's Republic of China,101.901875,35.486703,1.0,country:1.00,matched,2026-04-27T16:46:34Z
42222,Asian Art,1800,1899,1849,1500:1999,||||||||China||,China,culture,0.55,true,country.8753,People's Republic of China,101.901875,35.486703,1.0,country:1.00,matched,2026-04-27T16:46:34Z
647271,Asian Art,1271,1368,1319,1000:1499,||||||||China||,China,culture,0.55,true,country.8753,People's Republic of China,101.901875,35.486703,1.0,country:1.00,matched,2026-04-27T16:46:34Z
46817,Asian Art,1830,1830,1830,1500:1999,||||||||Japan||,Japan,culture,0.55,true,country.8820,Japan,138.59223,36.386493,1.0,country:1.00,matched,2026-04-27T16:46:48Z
42253,Asian Art,1736,1766,1751,1500:1999,||||||||China||,China,culture,0.55,true,country.8753,People's Republic of China,101.901875,35.486703,1.0,country:1.00,matched,2026-04-27T16:46:34Z
319859,The Michael C. Rockefeller Wing,1480,1520,1500,1500:1999,||||Mesoamerica||Mexico||Mixtec||,"Mesoamerica, Mexico",region||country,0.70,true,country.8863,Mexico,-102.532867,23.950464,0.5,country:0.50,matched,2026-04-27T16:46:53Z
771038,European Sculpture and Decorative Arts,1884,1884,1884,1500:1999,||||||||||British,Britain,department||artistNationality,0.53,true,country.8783,United Kingdom,-2.36967,54.237933,1.0,country:1.00,matched,2026-04-27T16:46:31Z
47990,Asian Art,1700,1799,1749,1500:1999,||||||||Japan||,Japan,culture,0.55,true,country.8820,Japan,138.59223,36.386493,1.0,country:1.00,matched,2026-04-27T16:46:48Z
46555,Asian Art,1700,1799,1749,1500:1999,||||||||China||,China,culture,0.55,true,country.8753,People's Republic of China,101.901875,35.486703,1.0,country:1.00,matched,2026-04-27T16:46:34Z
42268,Asian Art,1100,1149,1124,1000:1499,||||||||Korea||,Korea,culture,0.55,true,country.8828,South Korea,128.168944,36.536236,1.0,country:1.00,matched,2026-04-27T16:46:49Z
208120,European Sculpture and Decorative Arts,1550,1599,1574,1500:1999,||||||||||,,none,0.00,false,,,,,,,,
50707,Asian Art,300,399,349,0:499,||||||||China||,China,culture,0.55,true,country.8753,People's Republic of China,101.901875,35.486703,1.0,country:1.00,matched,2026-04-27T16:46:34Z
771015,European Sculpture and Decorative Arts,1880,1889,1884,1500:1999,||||||||||British,Britain,department||artistNationality,0.53,true,country.8783,United Kingdom,-2.36967,54.237933,1.0,country:1.00,matched,2026-04-27T16:46:31Z
446976,Islamic Art,1700,1799,1749,1500:1999,||||||Iran||||,Iran,country,0.70,true,country.8814,Iran,54.301374,32.565838,1.0,country:1.00,matched,2026-04-27T16:46:46Z
47282,Asian Art,1780,1780,1780,1500:1999,||||||||Japan||,Japan,culture,0.55,true,country.8820,Japan,138.59223,36.386493,1.0,country:1.00,matched,2026-04-27T16:46:48Z
48633,Asian Art,1368,1644,1506,1500:1999,||||||||China||,China,culture,0.55,true,country.8753,People's Republic of China,101.901875,35.486703,1.0,country:1.00,matched,2026-04-27T16:46:34Z
42522,Asian Art,1506,1521,1513,1500:1999,||||||||China||,China,culture,0.55,true,country.8753,People's Republic of China,101.901875,35.486703,1.0,country:1.00,matched,2026-04-27T16:46:34Z
310196,The Michael C. Rockefeller Wing,200,600,400,0:499,||||||Peru||Moche||,Peru,country,0.70,true,country.8880,Peru,-75.311132,-10.151093,1.0,country:1.00,matched,2026-04-27T16:47:00Z
47106,Asian Art,1800,1899,1849,1500:1999,||||||||Japan||,Japan,culture,0.55,true,country.8820,Japan,138.59223,36.386493,1.0,country:1.00,matched,2026-04-27T16:46:48Z
475752,Medieval Art,300,699,499,0:499,||Kharga Oasis||||Byzantine Egypt||Coptic||,"Kharga Oasis, Byzantine Egypt",state||country,0.72,true,country.8771,Egypt,29.871903,26.494184,0.388889,country:0.39,matched,2026-04-27T16:46:49Z
48425,Asian Art,960,1279,1119,1000:1499,||||||||China||,China,culture,0.55,true,country.8753,People's Republic of China,101.901875,35.486703,1.0,country:1.00,matched,2026-04-27T16:46:34Z
770917,European Sculpture and Decorative Arts,1873,1887,1880,1500:1999,||||||||||British,Britain,department||artistNationality,0.53,true,country.8783,United Kingdom,-2.36967,54.237933,1.0,country:1.00,matched,2026-04-27T16:46:31Z
771030,European Sculpture and Decorative Arts,1886,1896,1891,1500:1999,||||||||||British,Britain,department||artistNationality,0.53,true,country.8783,United Kingdom,-2.36967,54.237933,1.0,country:1.00,matched,2026-04-27T16:46:31Z
771036,European Sculpture and Decorative Arts,1880,1889,1884,1500:1999,||||||||||British,Britain,department||artistNationality,0.53,true,country.8783,United Kingdom,-2.36967,54.237933,1.0,country:1.00,matched,2026-04-27T16:46:31Z
46757,Asian Art,1500,1599,1549,1500:1999,||||||||China||,China,culture,0.55,true,country.8753,People's Republic of China,101.901875,35.486703,1.0,country:1.00,matched,2026-04-27T16:46:34Z
56587,Asian Art,1790,1810,1800,1500:1999,||||||||Japan||,Japan,culture,0.55,true,country.8820,Japan,138.59223,36.386493,1.0,country:1.00,matched,2026-04-27T16:46:48Z
47234,Asian Art,1800,1849,1824,1500:1999,||||||||China||,China,culture,0.55,true,country.8753,People's Republic of China,101.901875,35.486703,1.0,country:1.00,matched,2026-04-27T16:46:34Z
308387,The Michael C. Rockefeller Wing,100,300,200,0:499,||||||Peru||Moche||,Peru,country,0.70,true,country.8880,Peru,-75.311132,-10.151093,1.0,country:1.00,matched,2026-04-27T16:47:00Z
199568,European Sculpture and Decorative Arts,1760,1770,1765,1500:1999,||||||||||,,none,0.00,false,,,,,,,,
309436,The Michael C. Rockefeller Wing,300,700,500,500:999,||||||Peru||Moche||,Peru,country,0.70,true,country.8880,Peru,-75.311132,-10.151093,1.0,country:1.00,matched,2026-04-27T16:47:00Z
47927,Asian Art,1700,1799,1749,1500:1999,||||||||China||,China,culture,0.55,true,country.8753,People's Republic of China,101.901875,35.486703,1.0,country:1.00,matched,2026-04-27T16:46:34Z
194636,European Sculpture and Decorative Arts,1800,1815,1807,1500:1999,||||||||||,,none,0.00,false,,,,,,,,
52089,Asian Art,1680,1680,1680,1500:1999,||||||||Japan||,Japan,culture,0.55,true,country.8820,Japan,138.59223,36.386493,1.0,country:1.00,matched,2026-04-27T16:46:48Z
47370,Asian Art,1771,1849,1810,1500:1999,||||||||China||,China,culture,0.55,true,country.8753,People's Republic of China,101.901875,35.486703,1.0,country:1.00,matched,2026-04-27T16:46:34Z
190647,European Sculpture and Decorative Arts,1600,1699,1649,1500:1999,||||||||||,,none,0.00,false,,,,,,,,
47441,Asian Art,1736,1795,1765,1500:1999,||||||||China||,China,culture,0.55,true,country.8753,People's Republic of China,101.901875,35.486703,1.0,country:1.00,matched,2026-04-27T16:46:34Z
448976,Islamic Art,900,999,949,500:999,Qasr-i Abu Nasr||||||Iran||||,"Qasr-i Abu Nasr, Iran",city||country,0.88,true,country.8814,Iran,54.301374,32.565838,0.366667,country:0.37,matched,2026-04-27T16:47:01Z
453996,Islamic Art,1200,1250,1225,1000:1499,Raqqa||||||Syria||||,"Raqqa, Syria",city||country,0.88,true,place.13035735,"Raqqa, Al-Raqqah, Syria",39.008921,35.949678,1.0,place:1.00,matched,2026-04-27T16:47:01Z
197225,European Sculpture and Decorative Arts,1580,1581,1580,1500:1999,||||||||||Italian,Italy,department||artistNationality,0.53,true,country.8816,Italy,12.646361,42.504154,1.0,country:1.00,matched,2026-04-27T16:46:47Z
446845,Islamic Art,1000,1099,1049,1000:1499,||||||Eastern Syria||||,Eastern Syria,country,0.70,true,country.8919,Syria,38.505592,35.013048,0.5,country:0.50,matched,2026-04-27T16:46:39Z
48550,Asian Art,1300,1368,1334,1000:1499,||||||||China||,China,culture,0.55,true,country.8753,People's Republic of China,101.901875,35.486703,1.0,country:1.00,matched,2026-04-27T16:46:34Z
449870,Islamic Art,775,899,837,500:999,Nishapur||||||Iran||||,"Nishapur, Iran",city||country,0.88,true,place.1878126,"Nishapur County, Razavi Khorasan, Iran",58.79233,36.21129,0.95,place:0.95,matched,2026-04-27T16:46:56Z
48755,Asian Art,1690,1710,1700,1500:1999,||||||||Japan||,Japan,culture,0.55,true,country.8820,Japan,138.59223,36.386493,1.0,country:1.00,matched,2026-04-27T16:46:48Z
476257,Medieval Art,300,699,499,0:499,||Kharga Oasis||||Byzantine Egypt||Coptic||,"Kharga Oasis, Byzantine Egypt",state||country,0.72,true,country.8771,Egypt,29.871903,26.494184,0.388889,country:0.39,matched,2026-04-27T16:46:49Z
42413,Asian Art,1689,1712,1700,1500:1999,||||||||China||,China,culture,0.55,true,country.8753,People's Republic of China,101.901875,35.486703,1.0,country:1.00,matched,2026-04-27T16:46:34Z
446907,Islamic Art,1100,1299,1199,1000:1499,||||||Iran||||,Iran,country,0.70,true,country.8814,Iran,54.301374,32.565838,1.0,country:1.00,matched,2026-04-27T16:46:46Z
52064,Asian Art,1662,1722,1692,1500:1999,||||||||China||,China,culture,0.55,true,country.8753,People's Republic of China,101.901875,35.486703,1.0,country:1.00,matched,2026-04-27T16:46:34Z
42267,Asian Art,1667,1735,1701,1500:1999,||||||||China||,China,culture,0.55,true,country.8753,People's Republic of China,101.901875,35.486703,1.0,country:1.00,matched,2026-04-27T16:46:34Z
468523,The Cloisters,1435,1475,1455,1000:1499,probably Manises||Valencia||||Spain||Spanish||,"Manises, Valencia, Spain, Valencia, Spain",city||state||country,0.75,true,place.35178566,"Manises, Valencia, Spain",-0.462126,39.493927,1.0,place:1.00,matched,2026-04-27T16:46:52Z
198409,European Sculpture and Decorative Arts,1800,1815,1807,1500:1999,||||||||||,,none,0.00,false,,,,,,,,
47854,Asian Art,1790,1810,1800,1500:1999,||||||||Japan||,Japan,culture,0.55,true,country.8820,Japan,138.59223,36.386493,1.0,country:1.00,matched,2026-04-27T16:46:48Z
196344,European Sculpture and Decorative Arts,1579,1579,1579,1500:1999,||||||||||,,none,0.00,false,,,,,,,,
857949,Asian Art,1534,1566,1550,1500:1999,||||||||China||,China,culture,0.55,true,country.8753,People's Republic of China,101.901875,35.486703,1.0,country:1.00,matched,2026-04-27T16:46:34Z
49215,Asian Art,1334,1366,1350,1000:1499,||||||||China||,China,culture,0.55,true,country.8753,People's Republic of China,101.901875,35.486703,1.0,country:1.00,matched,2026-04-27T16:46:34Z
52638,Asian Art,1279,1368,1323,1000:1499,||||||||China||,China,culture,0.55,true,country.8753,People's Republic of China,101.901875,35.486703,1.0,country:1.00,matched,2026-04-27T16:46:34Z
208009,European Sculpture and Decorative Arts,1600,1699,1649,1500:1999,||||||||||German,Germany,department||artistNationality,0.53,true,country.8762,Germany,10.018343,51.133481,1.0,country:1.00,matched,2026-04-27T16:46:43Z
46989,Asian Art,1700,1799,1749,1500:1999,||||||||China||,China,culture,0.55,true,country.8753,People's Republic of China,101.901875,35.486703,1.0,country:1.00,matched,2026-04-27T16:46:34Z
48278,Asian Art,1662,1722,1692,1500:1999,||||||||China||,China,culture,0.55,true,country.8753,People's Republic of China,101.901875,35.486703,1.0,country:1.00,matched,2026-04-27T16:46:34Z
63100,Asian Art,1735,1755,1745,1500:1999,||||||||Japan||,Japan,culture,0.55,true,country.8820,Japan,138.59223,36.386493,1.0,country:1.00,matched,2026-04-27T16:46:48Z
312570,The Michael C. Rockefeller Wing,-200,300,50,0:499,||Colima||Mesoamerica||Mexico||Colima||,"Colima, Mexico, Mexico",state||country,0.72,true,region.255135,"Mexico, Mexico",-99.724084,19.642105,0.666667,region:0.67,matched,2026-04-27T16:46:35Z
40083,Asian Art,-2500,-2300,-2400,-2500:-2001,||||||||China||,China,culture,0.55,true,country.8753,People's Republic of China,101.901875,35.486703,1.0,country:1.00,matched,2026-04-27T16:46:34Z
309717,The Michael C. Rockefeller Wing,100,500,300,0:499,||||South Coast||Peru||Nasca||,Peru,country,0.70,true,country.8880,Peru,-75.311132,-10.151093,1.0,country:1.00,matched,2026-04-27T16:47:00Z
447278,Islamic Art,1100,1299,1199,1000:1499,||||||Iran||||,Iran,country,0.70,true,country.8814,Iran,54.301374,32.565838,1.0,country:1.00,matched,2026-04-27T16:46:46Z
50235,Asian Art,1100,1199,1149,1000:1499,||||||||China||,China,culture,0.55,true,country.8753,People's Republic of China,101.901875,35.486703,1.0,country:1.00,matched,2026-04-27T16:46:34Z
308450,The Michael C. Rockefeller Wing,-700,-300,-500,-500:-1,||||||Peru||Paracas||,Peru,country,0.70,true,country.8880,Peru,-75.311132,-10.151093,1.0,country:1.00,matched,2026-04-27T16:47:00Z
52547,Asian Art,-206,220,7,0:499,||||||||China||,China,culture,0.55,true,country.8753,People's Republic of China,101.901875,35.486703,1.0,country:1.00,matched,2026-04-27T16:46:34Z
308354,The Michael C. Rockefeller Wing,-200,100,-50,-500:-1,||South Coast||Ica Valley||Peru||Topará||,"Ica Valley, Peru, Peru",region||country,0.70,true,place.5556400,"Ica District, Ica, Peru",-75.729645,-14.063716,0.592593,place:0.59,matched,2026-04-27T16:46:45Z
48598,Asian Art,1662,1722,1692,1500:1999,||||||||China||,China,culture,0.55,true,country.8753,People's Republic of China,101.901875,35.486703,1.0,country:1.00,matched,2026-04-27T16:46:34Z
42434,Asian Art,900,999,949,500:999,||||||||China||,China,culture,0.55,true,country.8753,People's Republic of China,101.901875,35.486703,1.0,country:1.00,matched,2026-04-27T16:46:34Z
449072,Islamic Art,800,999,899,500:999,Nishapur||||||Iran||||,"Nishapur, Iran",city||country,0.88,true,place.1878126,"Nishapur County, Razavi Khorasan, Iran",58.79233,36.21129,0.95,place:0.95,matched,2026-04-27T16:46:56Z
204090,European Sculpture and Decorative Arts,1700,1799,1749,1500:1999,||||||||||,,none,0.00,false,,,,,,,,
451618,Islamic Art,1100,1199,1149,1000:1499,Kashan||||||Iran||||,"Kashan, Iran",city||country,0.88,true,place.1255534,"Kashan County, Isfahan, Iran",51.44271,33.98714,0.98,place:0.98,matched,2026-04-27T16:46:48Z
37407,Asian Art,-1000,-300,-650,-1000:-501,||||||||Thailand (Ban Chiang culture)||,"Ban Chiang, Thailand",culture||country,0.55,true,place.75997,"Ban Chang, Rayong, Thailand",101.050095,12.724634,0.971296,place:0.97,matched,2026-04-27T16:46:29Z
465889,Medieval Art,1400,1499,1449,1000:1499,||||||||French||,France,culture,0.55,true,country.8781,France,2.618787,47.824905,1.0,country:1.00,matched,2026-04-27T16:46:43Z
48202,Asian Art,1667,1733,1700,1500:1999,||||||||China||,China,culture,0.55,true,country.8753,People's Republic of China,101.901875,35.486703,1.0,country:1.00,matched,2026-04-27T16:46:34Z
670989,Asian Art,1567,1633,1600,1500:1999,||||||||Japan||,Japan,culture,0.55,true,country.8820,Japan,138.59223,36.386493,1.0,country:1.00,matched,2026-04-27T16:46:48Z
49308,Asian Art,1650,1680,1665,1500:1999,||||||||Japan||,Japan,culture,0.55,true,country.8820,Japan,138.59223,36.386493,1.0,country:1.00,matched,2026-04-27T16:46:48Z
206433,European Sculpture and Decorative Arts,1760,1760,1760,1500:1999,||||||||||French,France,department||artistNationality,0.53,true,country.8781,France,2.618787,47.824905,1.0,country:1.00,matched,2026-04-27T16:46:43Z
208387,European Sculpture and Decorative Arts,1765,1775,1770,1500:1999,||||||||||Swiss,Switzerland,department||artistNationality,0.53,true,country.8748,Switzerland,8.234392,46.802496,1.0,country:1.00,matched,2026-04-27T16:47:08Z
449649,Islamic Art,800,899,849,500:999,Nishapur||||||Iran||||,"Nishapur, Iran",city||country,0.88,true,place.1878126,"Nishapur County, Razavi Khorasan, Iran",58.79233,36.21129,0.95,place:0.95,matched,2026-04-27T16:46:56Z
465879,Medieval Art,1500,1599,1549,1500:1999,||||||||French||,France,culture,0.55,true,country.8781,France,2.618787,47.824905,1.0,country:1.00,matched,2026-04-27T16:46:43Z
46636,Asian Art,1800,1899,1849,1500:1999,||||||||China||,China,culture,0.55,true,country.8753,People's Republic of China,101.901875,35.486703,1.0,country:1.00,matched,2026-04-27T16:46:34Z
47169,Asian Art,1700,1749,1724,1500:1999,||||||||Japan||,Japan,culture,0.55,true,country.8820,Japan,138.59223,36.386493,1.0,country:1.00,matched,2026-04-27T16:46:48Z
51067,Asian Art,960,1279,1119,1000:1499,||||||||China||,China,culture,0.55,true,country.8753,People's Republic of China,101.901875,35.486703,1.0,country:1.00,matched,2026-04-27T16:46:34Z
463208,Medieval Art,1400,1499,1449,1000:1499,||||||||Italian||,Italy,culture,0.55,true,country.8816,Italy,12.646361,42.504154,1.0,country:1.00,matched,2026-04-27T16:46:47Z
308514,The Michael C. Rockefeller Wing,600,800,700,500:999,||||||Peru||Moche||,Peru,country,0.70,true,country.8880,Peru,-75.311132,-10.151093,1.0,country:1.00,matched,2026-04-27T16:47:00Z
309437,The Michael C. Rockefeller Wing,300,700,500,500:999,||||||Peru||Moche||,Peru,country,0.70,true,country.8880,Peru,-75.311132,-10.151093,1.0,country:1.00,matched,2026-04-27T16:47:00Z
63071,Asian Art,1820,1820,1820,1500:1999,||||||||Japan||Japanese,Japan,culture,0.55,true,country.8820,Japan,138.59223,36.386493,1.0,country:1.00,matched,2026-04-27T16:46:48Z
460131,Robert Lehman Collection,1467,1483,1475,1000:1499,"||||||||Italian, Florence or vicinity||","Florence, Italy",culture||country,0.35,true,place.22481008,"Florence, Florence, Italy",11.256129,43.771484,1.0,place:1.00,matched,2026-04-27T16:46:42Z
312165,The Michael C. Rockefeller Wing,100,200,150,0:499,||||||Peru||Viru||,Peru,country,0.70,true,country.8880,Peru,-75.311132,-10.151093,1.0,country:1.00,matched,2026-04-27T16:47:00Z
186684,European Sculpture and Decorative Arts,1515,1525,1520,1500:1999,||||||||||,,none,0.00,false,,,,,,,,
47566,Asian Art,1700,1799,1749,1500:1999,||||||||Japan||,Japan,culture,0.55,true,country.8820,Japan,138.59223,36.386493,1.0,country:1.00,matched,2026-04-27T16:46:48Z
477281,Medieval Art,-400,400,0,0:499,||Kharga Oasis||||Byzantine Egypt||Coptic||,"Kharga Oasis, Byzantine Egypt",state||country,0.72,true,country.8771,Egypt,29.871903,26.494184,0.388889,country:0.39,matched,2026-04-27T16:46:49Z
468390,Medieval Art,1500,1699,1599,1500:1999,London||||||England||British||,"London, England",city||country,0.88,true,place.6957135,"London, Greater London, England, United Kingdom",-0.127647,51.5073,1.0,place:1.00,matched,2026-04-27T16:46:51Z
200891,European Sculpture and Decorative Arts,1675,1685,1680,1500:1999,||||||||||,,none,0.00,false,,,,,,,,
63087,Asian Art,1868,1899,1883,1500:1999,||||||||Japan||Japanese,Japan,culture,0.55,true,country.8820,Japan,138.59223,36.386493,1.0,country:1.00,matched,2026-04-27T16:46:48Z
449363,Islamic Art,800,999,899,500:999,Nishapur||||||Iran||||,"Nishapur, Iran",city||country,0.88,true,place.1878126,"Nishapur County, Razavi Khorasan, Iran",58.79233,36.21129,0.95,place:0.95,matched,2026-04-27T16:46:56Z
47286,Asian Art,1800,1820,1810,1500:1999,||||||||China||,China,culture,0.55,true,country.8753,People's Republic of China,101.901875,35.486703,1.0,country:1.00,matched,2026-04-27T16:46:34Z
449773,Islamic Art,700,899,799,500:999,Nishapur||||||Iran||||,"Nishapur, Iran",city||country,0.88,true,place.1878126,"Nishapur County, Razavi Khorasan, Iran",58.79233,36.21129,0.95,place:0.95,matched,2026-04-27T16:46:56Z
49559,Asian Art,700,799,749,500:999,||||||||China||,China,culture,0.55,true,country.8753,People's Republic of China,101.901875,35.486703,1.0,country:1.00,matched,2026-04-27T16:46:34Z
48762,Asian Art,1800,1899,1849,1500:1999,||||||||China||,China,culture,0.55,true,country.8753,People's Republic of China,101.901875,35.486703,1.0,country:1.00,matched,2026-04-27T16:46:34Z
308516,The Michael C. Rockefeller Wing,400,700,550,500:999,||||||Peru||Moche||,Peru,country,0.70,true,country.8880,Peru,-75.311132,-10.151093,1.0,country:1.00,matched,2026-04-27T16:47:00Z
194288,European Sculpture and Decorative Arts,1700,1799,1749,1500:1999,||||||||||,,none,0.00,false,,,,,,,,
62666,Asian Art,1700,1799,1749,1500:1999,||||||||Japan||,Japan,culture,0.55,true,country.8820,Japan,138.59223,36.386493,1.0,country:1.00,matched,2026-04-27T16:46:48Z
467946,Medieval Art,1450,1499,1474,1000:1499,||||||||Spanish||,Spain,culture,0.55,true,country.8774,Spain,-4.055685,41.294856,1.0,country:1.00,matched,2026-04-27T16:47:07Z
47497,Asian Art,1668,1722,1695,1500:1999,||||||||China||,China,culture,0.55,true,country.8753,People's Republic of China,101.901875,35.486703,1.0,country:1.00,matched,2026-04-27T16:46:34Z
52518,Asian Art,1830,1830,1830,1500:1999,||||||||Japan||,Japan,culture,0.55,true,country.8820,Japan,138.59223,36.386493,1.0,country:1.00,matched,2026-04-27T16:46:48Z
52983,Asian Art,1368,1644,1506,1500:1999,||||||||China||,China,culture,0.55,true,country.8753,People's Republic of China,101.901875,35.486703,1.0,country:1.00,matched,2026-04-27T16:46:34Z
52054,Asian Art,1600,1799,1699,1500:1999,||||||||China||,China,culture,0.55,true,country.8753,People's Republic of China,101.901875,35.486703,1.0,country:1.00,matched,2026-04-27T16:46:34Z
318614,The Michael C. Rockefeller Wing,-200,1,-100,-500:-1,||||Ica Valley||Peru||Topará||,"Ica Valley, Peru, Peru",region||country,0.70,true,place.5556400,"Ica District, Ica, Peru",-75.729645,-14.063716,0.592593,place:0.59,matched,2026-04-27T16:46:45Z
192831,European Sculpture and Decorative Arts,1755,1765,1760,1500:1999,||||||||||British,Britain,department||artistNationality,0.53,true,country.8783,United Kingdom,-2.36967,54.237933,1.0,country:1.00,matched,2026-04-27T16:46:31Z
201798,European Sculpture and Decorative Arts,1725,1745,1735,1500:1999,||||||||||Spanish,Spain,department||artistNationality,0.53,true,country.8774,Spain,-4.055685,41.294856,1.0,country:1.00,matched,2026-04-27T16:47:07Z
47439,Asian Art,1800,1849,1824,1500:1999,||||||||China||,China,culture,0.55,true,country.8753,People's Republic of China,101.901875,35.486703,1.0,country:1.00,matched,2026-04-27T16:46:34Z
46872,Asian Art,1500,1533,1516,1500:1999,||||||||China||,China,culture,0.55,true,country.8753,People's Republic of China,101.901875,35.486703,1.0,country:1.00,matched,2026-04-27T16:46:34Z
47433,Asian Art,1767,1849,1808,1500:1999,||||||||China||,China,culture,0.55,true,country.8753,People's Republic of China,101.901875,35.486703,1.0,country:1.00,matched,2026-04-27T16:46:34Z
444488,Islamic Art,1600,1799,1699,1500:1999,||||||Iran||||,Iran,country,0.70,true,country.8814,Iran,54.301374,32.565838,1.0,country:1.00,matched,2026-04-27T16:46:46Z
194303,European Sculpture and Decorative Arts,1540,1550,1545,1500:1999,||||||||||French,France,department||artistNationality,0.53,true,country.8781,France,2.618787,47.824905,1.0,country:1.00,matched,2026-04-27T16:46:43Z
828462,Asian Art,900,1199,1049,1000:1499,"||||||||Iraq or Iran, Persian Gulf||",Iraq,culture,0.35,true,country.8813,Iraq,43.404716,33.048056,1.0,country:1.00,matched,2026-04-27T16:46:46Z
308651,The Michael C. Rockefeller Wing,-500,-100,-300,-500:-1,||||||Peru||Paracas||,Peru,country,0.70,true,country.8880,Peru,-75.311132,-10.151093,1.0,country:1.00,matched,2026-04-27T16:47:00Z
57368,Asian Art,1900,1933,1916,1500:1999,||||||||Korea||,Korea,culture,0.55,true,country.8828,South Korea,128.168944,36.536236,1.0,country:1.00,matched,2026-04-27T16:46:49Z
52020,Asian Art,1600,1733,1666,1500:1999,||||||||China||,China,culture,0.55,true,country.8753,People's Republic of China,101.901875,35.486703,1.0,country:1.00,matched,2026-04-27T16:46:34Z
42224,Asian Art,1800,1899,1849,1500:1999,||||||||China||,China,culture,0.55,true,country.8753,People's Republic of China,101.901875,35.486703,1.0,country:1.00,matched,2026-04-27T16:46:34Z
47472,Asian Art,1800,1899,1849,1500:1999,||||||||Japan||,Japan,culture,0.55,true,country.8820,Japan,138.59223,36.386493,1.0,country:1.00,matched,2026-04-27T16:46:48Z
194262,European Sculpture and Decorative Arts,1705,1725,1715,1500:1999,||||||||||,,none,0.00,false,,,,,,,,
46920,Asian Art,1700,1722,1711,1500:1999,||||||||China||,China,culture,0.55,true,country.8753,People's Republic of China,101.901875,35.486703,1.0,country:1.00,matched,2026-04-27T16:46:34Z
46923,Asian Art,1700,1799,1749,1500:1999,||||||||China||,China,culture,0.55,true,country.8753,People's Republic of China,101.901875,35.486703,1.0,country:1.00,matched,2026-04-27T16:46:34Z
208403,European Sculpture and Decorative Arts,1725,1755,1740,1500:1999,||||||||||French,France,department||artistNationality,0.53,true,country.8781,France,2.618787,47.824905,1.0,country:1.00,matched,2026-04-27T16:46:43Z
208307,European Sculpture and Decorative Arts,1700,1715,1707,1500:1999,||||||||||,,none,0.00,false,,,,,,,,
46959,Asian Art,1723,1735,1729,1500:1999,||||||||China||,China,culture,0.55,true,country.8753,People's Republic of China,101.901875,35.486703,1.0,country:1.00,matched,2026-04-27T16:46:34Z
63049,Asian Art,1850,1850,1850,1500:1999,||||||||Japan||,Japan,culture,0.55,true,country.8820,Japan,138.59223,36.386493,1.0,country:1.00,matched,2026-04-27T16:46:48Z
207713,European Sculpture and Decorative Arts,1886,1889,1887,1500:1999,||||||||||British,Britain,department||artistNationality,0.53,true,country.8783,United Kingdom,-2.36967,54.237933,1.0,country:1.00,matched,2026-04-27T16:46:31Z
201881,European Sculpture and Decorative Arts,1745,1765,1755,1500:1999,||||||||||,,none,0.00,false,,,,,,,,
44429,Asian Art,-3200,-2000,-2600,-3000:-2501,||||||||China||,China,culture,0.55,true,country.8753,People's Republic of China,101.901875,35.486703,1.0,country:1.00,matched,2026-04-27T16:46:34Z
52906,Asian Art,1736,1795,1765,1500:1999,||||||||China||,China,culture,0.55,true,country.8753,People's Republic of China,101.901875,35.486703,1.0,country:1.00,matched,2026-04-27T16:46:34Z
46556,Asian Art,1700,1722,1711,1500:1999,||||||||China||,China,culture,0.55,true,country.8753,People's Republic of China,101.901875,35.486703,1.0,country:1.00,matched,2026-04-27T16:46:34Z
203363,European Sculpture and Decorative Arts,1756,1766,1761,1500:1999,||||||||||British,Britain,department||artistNationality,0.53,true,country.8783,United Kingdom,-2.36967,54.237933,1.0,country:1.00,matched,2026-04-27T16:46:31Z
309752,The Michael C. Rockefeller Wing,900,1100,1000,1000:1499,||||North Coast||Peru||Lambayeque (Sicán)||,Peru,country,0.70,true,country.8880,Peru,-75.311132,-10.151093,1.0,country:1.00,matched,2026-04-27T16:47:00Z
451621,Islamic Art,1200,1299,1249,1000:1499,Kashan||||||Iran||||,"Kashan, Iran",city||country,0.88,true,place.1255534,"Kashan County, Isfahan, Iran",51.44271,33.98714,0.98,place:0.98,matched,2026-04-27T16:46:48Z
62995,Asian Art,1800,1800,1800,1500:1999,||||||||Japan||,Japan,culture,0.55,true,country.8820,Japan,138.59223,36.386493,1.0,country:1.00,matched,2026-04-27T16:46:48Z
461218,Robert Lehman Collection,1800,1899,1849,1500:1999,||||||||Chinese||,China,culture,0.55,true,country.8753,People's Republic of China,101.901875,35.486703,1.0,country:1.00,matched,2026-04-27T16:46:34Z
9179,European Sculpture and Decorative Arts,1822,1835,1828,1500:1999,||||||||||,,none,0.00,false,,,,,,,,
47888,Asian Art,1800,1849,1824,1500:1999,||||||||China||,China,culture,0.55,true,country.8753,People's Republic of China,101.901875,35.486703,1.0,country:1.00,matched,2026-04-27T16:46:34Z
62553,Asian Art,1600,1699,1649,1500:1999,||||||||Japan||,Japan,culture,0.55,true,country.8820,Japan,138.59223,36.386493,1.0,country:1.00,matched,2026-04-27T16:46:48Z
42309,Asian Art,1467,1499,1483,1000:1499,||||||||Korea||,Korea,culture,0.55,true,country.8828,South Korea,128.168944,36.536236,1.0,country:1.00,matched,2026-04-27T16:46:49Z
449422,Islamic Art,800,899,849,500:999,Nishapur||||||Iran||||,"Nishapur, Iran",city||country,0.88,true,place.1878126,"Nishapur County, Razavi Khorasan, Iran",58.79233,36.21129,0.95,place:0.95,matched,2026-04-27T16:46:56Z
50332,Asian Art,1630,1640,1635,1500:1999,||||||||Japan||,Japan,culture,0.55,true,country.8820,Japan,138.59223,36.386493,1.0,country:1.00,matched,2026-04-27T16:46:48Z
62712,Asian Art,1700,1799,1749,1500:1999,||||||||Japan||,Japan,culture,0.55,true,country.8820,Japan,138.59223,36.386493,1.0,country:1.00,matched,2026-04-27T16:46:48Z
62702,Asian Art,1700,1799,1749,1500:1999,||||||||Japan||,Japan,culture,0.55,true,country.8820,Japan,138.59223,36.386493,1.0,country:1.00,matched,2026-04-27T16:46:48Z
839471,Asian Art,1880,1889,1884,1500:1999,"||||||||India, Bombay School||","India, Bombay School",culture||country,0.55,true,place.29403243,"Mumbai, Maharashtra, India",72.87872,19.077793,0.656667,place:0.66,matched,2026-04-27T16:46:45Z
47481,Asian Art,1800,1899,1849,1500:1999,||||||||Japan||,Japan,culture,0.55,true,country.8820,Japan,138.59223,36.386493,1.0,country:1.00,matched,2026-04-27T16:46:48Z
204062,European Sculpture and Decorative Arts,1700,1799,1749,1500:1999,||||||||||,,none,0.00,false,,,,,,,,
197819,European Sculpture and Decorative Arts,1730,1765,1747,1500:1999,||||||||||,,none,0.00,false,,,,,,,,
310203,The Michael C. Rockefeller Wing,100,500,300,0:499,||||||Peru||Moche||,Peru,country,0.70,true,country.8880,Peru,-75.311132,-10.151093,1.0,country:1.00,matched,2026-04-27T16:47:00Z
468399,Medieval Art,1400,1600,1500,1500:1999,||Surrey||||England||British||,"Surrey, England, England",state||country,0.72,true,district.1222223,"Surrey, England, United Kingdom",-0.205921,51.23765,0.666667,district:0.67,matched,2026-04-27T16:47:08Z
57502,Asian Art,1600,1699,1649,1500:1999,||||||||Korea||,Korea,culture,0.55,true,country.8828,South Korea,128.168944,36.536236,1.0,country:1.00,matched,2026-04-27T16:46:49Z
199515,European Sculpture and Decorative Arts,1689,1689,1689,1500:1999,||||||||||,,none,0.00,false,,,,,,,,
44724,Asian Art,-2650,-2350,-2500,-2500:-2001,||||||||China||,China,culture,0.55,true,country.8753,People's Republic of China,101.901875,35.486703,1.0,country:1.00,matched,2026-04-27T16:46:34Z
40207,Asian Art,-2300,-2000,-2150,-2500:-2001,||||||||China||,China,culture,0.55,true,country.8753,People's Republic of China,101.901875,35.486703,1.0,country:1.00,matched,2026-04-27T16:46:34Z
196544,European Sculpture and Decorative Arts,1756,1757,1756,1500:1999,||||||||||French,France,department||artistNationality,0.53,true,country.8781,France,2.618787,47.824905,1.0,country:1.00,matched,2026-04-27T16:46:43Z
46557,Asian Art,1768,1795,1781,1500:1999,||||||||China||,China,culture,0.55,true,country.8753,People's Republic of China,101.901875,35.486703,1.0,country:1.00,matched,2026-04-27T16:46:34Z
46192,Asian Art,1800,1899,1849,1500:1999,||||||||China||,China,culture,0.55,true,country.8753,People's Republic of China,101.901875,35.486703,1.0,country:1.00,matched,2026-04-27T16:46:34Z
51192,Asian Art,1800,1849,1824,1500:1999,||||||||China||,China,culture,0.55,true,country.8753,People's Republic of China,101.901875,35.486703,1.0,country:1.00,matched,2026-04-27T16:46:34Z
851660,Asian Art,1467,1533,1500,1500:1999,||||||||Korea||,Korea,culture,0.55,true,country.8828,South Korea,128.168944,36.536236,1.0,country:1.00,matched,2026-04-27T16:46:49Z
48850,Asian Art,1662,1722,1692,1500:1999,||||||||China||,China,culture,0.55,true,country.8753,People's Republic of China,101.901875,35.486703,1.0,country:1.00,matched,2026-04-27T16:46:34Z
196361,European Sculpture and Decorative Arts,1825,1835,1830,1500:1999,||||||||||,,none,0.00,false,,,,,,,,
308592,The Michael C. Rockefeller Wing,-700,-400,-550,-1000:-501,||||Ica Valley||Peru||Paracas||,"Ica Valley, Peru, Peru",region||country,0.70,true,place.5556400,"Ica District, Ica, Peru",-75.729645,-14.063716,0.592593,place:0.59,matched,2026-04-27T16:46:45Z
208556,European Sculpture and Decorative Arts,1879,1882,1880,1500:1999,"||||||||||British, Scottish",Scotland,department||artistNationality,0.35,true,region.17487,"Scotland, United Kingdom",-4.095892,56.734282,1.0,region:1.00,matched,2026-04-27T16:47:05Z
200876,European Sculpture and Decorative Arts,1685,1695,1690,1500:1999,||||||||||French,France,department||artistNationality,0.53,true,country.8781,France,2.618787,47.824905,1.0,country:1.00,matched,2026-04-27T16:46:43Z
234894,European Sculpture and Decorative Arts,1770,1780,1775,1500:1999,||||||||||German,Germany,department||artistNationality,0.53,true,country.8762,Germany,10.018343,51.133481,1.0,country:1.00,matched,2026-04-27T16:46:43Z
46693,Asian Art,1820,1840,1830,1500:1999,||||||||Japan||,Japan,culture,0.55,true,country.8820,Japan,138.59223,36.386493,1.0,country:1.00,matched,2026-04-27T16:46:48Z
47407,Asian Art,1768,1799,1783,1500:1999,||||||||China||,China,culture,0.55,true,country.8753,People's Republic of China,101.901875,35.486703,1.0,country:1.00,matched,2026-04-27T16:46:34Z
46667,Asian Art,1700,1799,1749,1500:1999,||||||||China||,China,culture,0.55,true,country.8753,People's Republic of China,101.901875,35.486703,1.0,country:1.00,matched,2026-04-27T16:46:34Z
771060,European Sculpture and Decorative Arts,1887,1887,1887,1500:1999,||||||||||British,Britain,department||artistNationality,0.53,true,country.8783,United Kingdom,-2.36967,54.237933,1.0,country:1.00,matched,2026-04-27T16:46:31Z
37540,Asian Art,1400,1499,1449,1000:1499,||||||||Vietnam||,Vietnam,culture,0.55,true,country.8948,Vietnam,108.339537,14.315424,1.0,country:1.00,matched,2026-04-27T16:47:14Z
48271,Asian Art,960,1279,1119,1000:1499,||||||||China||,China,culture,0.55,true,country.8753,People's Republic of China,101.901875,35.486703,1.0,country:1.00,matched,2026-04-27T16:46:34Z
49356,Asian Art,1723,1735,1729,1500:1999,||||||||China||,China,culture,0.55,true,country.8753,People's Republic of China,101.901875,35.486703,1.0,country:1.00,matched,2026-04-27T16:46:34Z
309372,The Michael C. Rockefeller Wing,400,700,550,500:999,||||||Peru||Moche||,Peru,country,0.70,true,country.8880,Peru,-75.311132,-10.151093,1.0,country:1.00,matched,2026-04-27T16:47:00Z
199470,European Sculpture and Decorative Arts,1745,1755,1750,1500:1999,||||||||||,,none,0.00,false,,,,,,,,
478811,Medieval Art,-400,400,0,0:499,||Kharga Oasis||||Byzantine Egypt||Coptic||,"Kharga Oasis, Byzantine Egypt",state||country,0.72,true,country.8771,Egypt,29.871903,26.494184,0.388889,country:0.39,matched,2026-04-27T16:46:49Z
206319,European Sculpture and Decorative Arts,1592,1625,1608,1500:1999,||||||||||,,none,0.00,false,,,,,,,,
47656,Asian Art,1667,1733,1700,1500:1999,||||||||China||,China,culture,0.55,true,country.8753,People's Republic of China,101.901875,35.486703,1.0,country:1.00,matched,2026-04-27T16:46:34Z
199343,European Sculpture and Decorative Arts,1720,1735,1727,1500:1999,||||||||||French,France,department||artistNationality,0.53,true,country.8781,France,2.618787,47.824905,1.0,country:1.00,matched,2026-04-27T16:46:43Z
46720,Asian Art,1723,1799,1761,1500:1999,||||||||China||,China,culture,0.55,true,country.8753,People's Republic of China,101.901875,35.486703,1.0,country:1.00,matched,2026-04-27T16:46:34Z
308519,The Michael C. Rockefeller Wing,-100,200,50,0:499,||||||Peru||Moche||,Peru,country,0.70,true,country.8880,Peru,-75.311132,-10.151093,1.0,country:1.00,matched,2026-04-27T16:47:00Z
51064,Asian Art,1600,1699,1649,1500:1999,||||||||China||,China,culture,0.55,true,country.8753,People's Republic of China,101.901875,35.486703,1.0,country:1.00,matched,2026-04-27T16:46:34Z
48565,Asian Art,1400,1599,1499,1000:1499,||||||||China||,China,culture,0.55,true,country.8753,People's Republic of China,101.901875,35.486703,1.0,country:1.00,matched,2026-04-27T16:46:34Z
44421,Asian Art,-2500,-2000,-2250,-2500:-2001,||||||||China||,China,culture,0.55,true,country.8753,People's Republic of China,101.901875,35.486703,1.0,country:1.00,matched,2026-04-27T16:46:34Z
197219,European Sculpture and Decorative Arts,1500,1650,1575,1500:1999,||||||||||,,none,0.00,false,,,,,,,,
47616,Asian Art,1700,1799,1749,1500:1999,||||||||Japan||,Japan,culture,0.55,true,country.8820,Japan,138.59223,36.386493,1.0,country:1.00,matched,2026-04-27T16:46:48Z
48712,Asian Art,1,199,100,0:499,||||||||China||,China,culture,0.55,true,country.8753,People's Republic of China,101.901875,35.486703,1.0,country:1.00,matched,2026-04-27T16:46:34Z
42511,Asian Art,1400,1599,1499,1000:1499,||||||||China||,China,culture,0.55,true,country.8753,People's Republic of China,101.901875,35.486703,1.0,country:1.00,matched,2026-04-27T16:46:34Z
460270,Robert Lehman Collection,1600,1700,1650,1500:1999,||||||||Italian||,Italy,culture,0.55,true,country.8816,Italy,12.646361,42.504154,1.0,country:1.00,matched,2026-04-27T16:46:47Z
46631,Asian Art,1644,1911,1777,1500:1999,||||||||China||,China,culture,0.55,true,country.8753,People's Republic of China,101.901875,35.486703,1.0,country:1.00,matched,2026-04-27T16:46:34Z
204368,European Sculpture and Decorative Arts,1800,1899,1849,1500:1999,||||||||||,,none,0.00,false,,,,,,,,
309517,The Michael C. Rockefeller Wing,-1200,-400,-800,-1000:-501,||||||Peru||Cupisnique||,Peru,country,0.70,true,country.8880,Peru,-75.311132,-10.151093,1.0,country:1.00,matched,2026-04-27T16:47:00Z
475755,Medieval Art,300,699,499,0:499,||Kharga Oasis||||Byzantine Egypt||Coptic||,"Kharga Oasis, Byzantine Egypt",state||country,0.72,true,country.8771,Egypt,29.871903,26.494184,0.388889,country:0.39,matched,2026-04-27T16:46:49Z
62701,Asian Art,1800,1849,1824,1500:1999,||||||||Japan||,Japan,culture,0.55,true,country.8820,Japan,138.59223,36.386493,1.0,country:1.00,matched,2026-04-27T16:46:48Z
48306,Asian Art,1700,1799,1749,1500:1999,||||||||China||,China,culture,0.55,true,country.8753,People's Republic of China,101.901875,35.486703,1.0,country:1.00,matched,2026-04-27T16:46:34Z
308425,The Michael C. Rockefeller Wing,-700,-300,-500,-500:-1,||||||Peru||Paracas||,Peru,country,0.70,true,country.8880,Peru,-75.311132,-10.151093,1.0,country:1.00,matched,2026-04-27T16:47:00Z
52047,Asian Art,1662,1722,1692,1500:1999,||||||||China||,China,culture,0.55,true,country.8753,People's Republic of China,101.901875,35.486703,1.0,country:1.00,matched,2026-04-27T16:46:34Z
41076,Asian Art,1736,1795,1765,1500:1999,||||||||China||,China,culture,0.55,true,country.8753,People's Republic of China,101.901875,35.486703,1.0,country:1.00,matched,2026-04-27T16:46:34Z
47435,Asian Art,1368,1644,1506,1500:1999,||||||||China||,China,culture,0.55,true,country.8753,People's Republic of China,101.901875,35.486703,1.0,country:1.00,matched,2026-04-27T16:46:34Z
449430,Islamic Art,775,825,800,500:999,Nishapur||||||Iran||||,"Nishapur, Iran",city||country,0.88,true,place.1878126,"Nishapur County, Razavi Khorasan, Iran",58.79233,36.21129,0.95,place:0.95,matched,2026-04-27T16:46:56Z
62717,Asian Art,1800,1899,1849,1500:1999,||||||||Japan||,Japan,culture,0.55,true,country.8820,Japan,138.59223,36.386493,1.0,country:1.00,matched,2026-04-27T16:46:48Z
468397,Medieval Art,1450,1550,1500,1500:1999,||||||||British||,Britain,culture,0.55,true,country.8783,United Kingdom,-2.36967,54.237933,1.0,country:1.00,matched,2026-04-27T16:46:31Z
309499,The Michael C. Rockefeller Wing,100,300,200,0:499,||||||Peru||Moche||,Peru,country,0.70,true,country.8880,Peru,-75.311132,-10.151093,1.0,country:1.00,matched,2026-04-27T16:47:00Z
308618,The Michael C. Rockefeller Wing,-500,-200,-350,-500:-1,||||Ica Valley||Peru||Paracas||,"Ica Valley, Peru, Peru",region||country,0.70,true,place.5556400,"Ica District, Ica, Peru",-75.729645,-14.063716,0.592593,place:0.59,matched,2026-04-27T16:46:45Z
190797,European Sculpture and Decorative Arts,1700,1750,1725,1500:1999,||||||||||,,none,0.00,false,,,,,,,,
308511,The Michael C. Rockefeller Wing,100,300,200,0:499,||||||Peru||Moche||,Peru,country,0.70,true,country.8880,Peru,-75.311132,-10.151093,1.0,country:1.00,matched,2026-04-27T16:47:00Z
42391,Asian Art,1634,1666,1650,1500:1999,||||||||China||,China,culture,0.55,true,country.8753,People's Republic of China,101.901875,35.486703,1.0,country:1.00,matched,2026-04-27T16:46:34Z
198497,European Sculpture and Decorative Arts,1760,1770,1765,1500:1999,||||||||||British,Britain,department||artistNationality,0.53,true,country.8783,United Kingdom,-2.36967,54.237933,1.0,country:1.00,matched,2026-04-27T16:46:31Z
48175,Asian Art,1667,1733,1700,1500:1999,||||||||China||,China,culture,0.55,true,country.8753,People's Republic of China,101.901875,35.486703,1.0,country:1.00,matched,2026-04-27T16:46:34Z
42237,Asian Art,1800,1899,1849,1500:1999,||||||||China||,China,culture,0.55,true,country.8753,People's Republic of China,101.901875,35.486703,1.0,country:1.00,matched,2026-04-27T16:46:34Z
192844,European Sculpture and Decorative Arts,1765,1775,1770,1500:1999,||||||||||British,Britain,department||artistNationality,0.53,true,country.8783,United Kingdom,-2.36967,54.237933,1.0,country:1.00,matched,2026-04-27T16:46:31Z
45837,Asian Art,1700,1799,1749,1500:1999,||||||||Japan||,Japan,culture,0.55,true,country.8820,Japan,138.59223,36.386493,1.0,country:1.00,matched,2026-04-27T16:46:48Z
62563,Asian Art,1850,1899,1874,1500:1999,||||||||Japan||,Japan,culture,0.55,true,country.8820,Japan,138.59223,36.386493,1.0,country:1.00,matched,2026-04-27T16:46:48Z
47691,Asian Art,1736,1795,1765,1500:1999,||||||||China||,China,culture,0.55,true,country.8753,People's Republic of China,101.901875,35.486703,1.0,country:1.00,matched,2026-04-27T16:46:34Z
187863,European Sculpture and Decorative Arts,1500,1550,1525,1500:1999,||||||||||,,none,0.00,false,,,,,,,,
46654,Asian Art,1800,1899,1849,1500:1999,||||||||Japan||,Japan,culture,0.55,true,country.8820,Japan,138.59223,36.386493,1.0,country:1.00,matched,2026-04-27T16:46:48Z
195208,European Sculpture and Decorative Arts,1715,1745,1730,1500:1999,||||||||||French,France,department||artistNationality,0.53,true,country.8781,France,2.618787,47.824905,1.0,country:1.00,matched,2026-04-27T16:46:43Z
62558,Asian Art,1600,1699,1649,1500:1999,||||||||Japan||,Japan,culture,0.55,true,country.8820,Japan,138.59223,36.386493,1.0,country:1.00,matched,2026-04-27T16:46:48Z
309445,The Michael C. Rockefeller Wing,400,700,550,500:999,||||||Peru||Moche||,Peru,country,0.70,true,country.8880,Peru,-75.311132,-10.151093,1.0,country:1.00,matched,2026-04-27T16:47:00Z
40084,Asian Art,1667,1699,1683,1500:1999,||||||||China||,China,culture,0.55,true,country.8753,People's Republic of China,101.901875,35.486703,1.0,country:1.00,matched,2026-04-27T16:46:34Z
194624,European Sculpture and Decorative Arts,1785,1799,1792,1500:1999,||||||||||,,none,0.00,false,,,,,,,,
448260,Islamic Art,900,1099,999,500:999,||||||Iran||||,Iran,country,0.70,true,country.8814,Iran,54.301374,32.565838,1.0,country:1.00,matched,2026-04-27T16:46:46Z
308447,The Michael C. Rockefeller Wing,-700,-300,-500,-500:-1,||||||Peru||Paracas||,Peru,country,0.70,true,country.8880,Peru,-75.311132,-10.151093,1.0,country:1.00,matched,2026-04-27T16:47:00Z
52812,Asian Art,1622,1722,1672,1500:1999,||||||||China||,China,culture,0.55,true,country.8753,People's Republic of China,101.901875,35.486703,1.0,country:1.00,matched,2026-04-27T16:46:34Z
310208,The Michael C. Rockefeller Wing,-800,-300,-550,-1000:-501,||||||Peru||Paracas||,Peru,country,0.70,true,country.8880,Peru,-75.311132,-10.151093,1.0,country:1.00,matched,2026-04-27T16:47:00Z
309386,The Michael C. Rockefeller Wing,-100,500,200,0:499,||Piura||||Peru||Vicús||,"Piura, Peru, Peru",state||country,0.72,true,place.9750704,"Piura district, Piura, Peru",-80.627815,-5.197304,0.666667,place:0.67,matched,2026-04-27T16:47:00Z
309352,The Michael C. Rockefeller Wing,100,500,300,0:499,||||||Peru||Moche||,Peru,country,0.70,true,country.8880,Peru,-75.311132,-10.151093,1.0,country:1.00,matched,2026-04-27T16:47:00Z
37477,Asian Art,1300,1570,1435,1000:1499,||||||||Thailand (Si Satchanalai)||,"Si Satchanalai, Thailand",culture||country,0.55,true,place.6007005,"Si Satchanalai, Sukhothai, Thailand",99.80422,17.401382,1.0,place:1.00,matched,2026-04-27T16:47:06Z
62871,Asian Art,1800,1899,1849,1500:1999,||||||||Japan||Japanese,Japan,culture,0.55,true,country.8820,Japan,138.59223,36.386493,1.0,country:1.00,matched,2026-04-27T16:46:48Z
774589,European Sculpture and Decorative Arts,1765,1785,1775,1500:1999,||||||||||British,Britain,department||artistNationality,0.53,true,country.8783,United Kingdom,-2.36967,54.237933,1.0,country:1.00,matched,2026-04-27T16:46:31Z
188974,European Sculpture and Decorative Arts,1795,1805,1800,1500:1999,||||||||||,,none,0.00,false,,,,,,,,
73635,Asian Art,900,1099,999,500:999,||||||||China||,China,culture,0.55,true,country.8753,People's Republic of China,101.901875,35.486703,1.0,country:1.00,matched,2026-04-27T16:46:34Z
195775,European Sculpture and Decorative Arts,1515,1525,1520,1500:1999,||||||||||,,none,0.00,false,,,,,,,,
197532,European Sculpture and Decorative Arts,1745,1755,1750,1500:1999,||||||||||,,none,0.00,false,,,,,,,,
52224,Asian Art,1620,1640,1630,1500:1999,||||||||Japan||,Japan,culture,0.55,true,country.8820,Japan,138.59223,36.386493,1.0,country:1.00,matched,2026-04-27T16:46:48Z
48769,Asian Art,1668,1722,1695,1500:1999,||||||||China||,China,culture,0.55,true,country.8753,People's Republic of China,101.901875,35.486703,1.0,country:1.00,matched,2026-04-27T16:46:34Z
39589,Asian Art,1100,1133,1116,1000:1499,||||||||Korea||,Korea,culture,0.55,true,country.8828,South Korea,128.168944,36.536236,1.0,country:1.00,matched,2026-04-27T16:46:49Z
47453,Asian Art,1800,1899,1849,1500:1999,||||||||Japan||,Japan,culture,0.55,true,country.8820,Japan,138.59223,36.386493,1.0,country:1.00,matched,2026-04-27T16:46:48Z
309137,The Michael C. Rockefeller Wing,-1200,-400,-800,-1000:-501,||||||Peru||Cupisnique||,Peru,country,0.70,true,country.8880,Peru,-75.311132,-10.151093,1.0,country:1.00,matched,2026-04-27T16:47:00Z
48594,Asian Art,1662,1722,1692,1500:1999,||||||||China||,China,culture,0.55,true,country.8753,People's Republic of China,101.901875,35.486703,1.0,country:1.00,matched,2026-04-27T16:46:34Z
46639,Asian Art,1734,1766,1750,1500:1999,||||||||China||,China,culture,0.55,true,country.8753,People's Republic of China,101.901875,35.486703,1.0,country:1.00,matched,2026-04-27T16:46:34Z
46782,Asian Art,1800,1899,1849,1500:1999,||||||||China||,China,culture,0.55,true,country.8753,People's Republic of China,101.901875,35.486703,1.0,country:1.00,matched,2026-04-27T16:46:34Z
770952,European Sculpture and Decorative Arts,1882,1891,1886,1500:1999,||||||||||British,Britain,department||artistNationality,0.53,true,country.8783,United Kingdom,-2.36967,54.237933,1.0,country:1.00,matched,2026-04-27T16:46:31Z
48592,Asian Art,1662,1722,1692,1500:1999,||||||||China||,China,culture,0.55,true,country.8753,People's Republic of China,101.901875,35.486703,1.0,country:1.00,matched,2026-04-27T16:46:34Z
52018,Asian Art,1723,1735,1729,1500:1999,||||||||China||,China,culture,0.55,true,country.8753,People's Republic of China,101.901875,35.486703,1.0,country:1.00,matched,2026-04-27T16:46:34Z
50354,Asian Art,1100,1199,1149,1000:1499,||||||||Korea||,Korea,culture,0.55,true,country.8828,South Korea,128.168944,36.536236,1.0,country:1.00,matched,2026-04-27T16:46:49Z
44749,Asian Art,1522,1526,1524,1500:1999,||||||||China||,China,culture,0.55,true,country.8753,People's Republic of China,101.901875,35.486703,1.0,country:1.00,matched,2026-04-27T16:46:34Z
771026,European Sculpture and Decorative Arts,1867,1877,1872,1500:1999,||||||||||British,Britain,department||artistNationality,0.53,true,country.8783,United Kingdom,-2.36967,54.237933,1.0,country:1.00,matched,2026-04-27T16:46:31Z
204351,European Sculpture and Decorative Arts,1800,1899,1849,1500:1999,||||||||||,,none,0.00,false,,,,,,,,
475725,Medieval Art,300,699,499,0:499,||Kharga Oasis||||Byzantine Egypt||Coptic||,"Kharga Oasis, Byzantine Egypt",state||country,0.72,true,country.8771,Egypt,29.871903,26.494184,0.388889,country:0.39,matched,2026-04-27T16:46:49Z
63070,Asian Art,1700,1799,1749,1500:1999,||||||||Japan||,Japan,culture,0.55,true,country.8820,Japan,138.59223,36.386493,1.0,country:1.00,matched,2026-04-27T16:46:48Z
50027,Asian Art,1368,1644,1506,1500:1999,||||||||China||,China,culture,0.55,true,country.8753,People's Republic of China,101.901875,35.486703,1.0,country:1.00,matched,2026-04-27T16:46:34Z
195273,European Sculpture and Decorative Arts,1600,1699,1649,1500:1999,||||||||||,,none,0.00,false,,,,,,,,
316882,The Michael C. Rockefeller Wing,1400,1550,1475,1000:1499,||||Mesoamerica||Mexico||Mexica (Aztec)||,"Mesoamerica, Mexico",region||country,0.70,true,country.8863,Mexico,-102.532867,23.950464,0.5,country:0.50,matched,2026-04-27T16:46:53Z
46760,Asian Art,1900,1949,1924,1500:1999,||||||||China||,China,culture,0.55,true,country.8753,People's Republic of China,101.901875,35.486703,1.0,country:1.00,matched,2026-04-27T16:46:34Z
310214,The Michael C. Rockefeller Wing,-600,-300,-450,-500:-1,||||||Peru||Paracas||,Peru,country,0.70,true,country.8880,Peru,-75.311132,-10.151093,1.0,country:1.00,matched,2026-04-27T16:47:00Z
48610,Asian Art,1800,1899,1849,1500:1999,||||||||China||,China,culture,0.55,true,country.8753,People's Republic of China,101.901875,35.486703,1.0,country:1.00,matched,2026-04-27T16:46:34Z
62724,Asian Art,1760,1760,1760,1500:1999,||||||||Japan||,Japan,culture,0.55,true,country.8820,Japan,138.59223,36.386493,1.0,country:1.00,matched,2026-04-27T16:46:48Z
51012,Asian Art,1723,1795,1759,1500:1999,||||||||China||,China,culture,0.55,true,country.8753,People's Republic of China,101.901875,35.486703,1.0,country:1.00,matched,2026-04-27T16:46:34Z
57515,Asian Art,671,699,685,500:999,||||||||Korea||,Korea,culture,0.55,true,country.8828,South Korea,128.168944,36.536236,1.0,country:1.00,matched,2026-04-27T16:46:49Z
203192,European Sculpture and Decorative Arts,1725,1730,1727,1500:1999,||||||||||,,none,0.00,false,,,,,,,,
48644,Asian Art,1736,1736,1736,1500:1999,||||||||China||,China,culture,0.55,true,country.8753,People's Republic of China,101.901875,35.486703,1.0,country:1.00,matched,2026-04-27T16:46:34Z
308525,The Michael C. Rockefeller Wing,100,500,300,0:499,||||||Peru||Moche||,Peru,country,0.70,true,country.8880,Peru,-75.311132,-10.151093,1.0,country:1.00,matched,2026-04-27T16:47:00Z
48745,Asian Art,1700,1799,1749,1500:1999,||||||||China||,China,culture,0.55,true,country.8753,People's Republic of China,101.901875,35.486703,1.0,country:1.00,matched,2026-04-27T16:46:34Z
47603,Asian Art,1800,1899,1849,1500:1999,||||||||Japan||,Japan,culture,0.55,true,country.8820,Japan,138.59223,36.386493,1.0,country:1.00,matched,2026-04-27T16:46:48Z
46942,Asian Art,1662,1722,1692,1500:1999,||||||||China||,China,culture,0.55,true,country.8753,People's Republic of China,101.901875,35.486703,1.0,country:1.00,matched,2026-04-27T16:46:34Z
52305,Asian Art,1615,1868,1741,1500:1999,||||||||Japan||,Japan,culture,0.55,true,country.8820,Japan,138.59223,36.386493,1.0,country:1.00,matched,2026-04-27T16:46:48Z
475749,Medieval Art,300,699,499,0:499,||Kharga Oasis||||Byzantine Egypt||Coptic||,"Kharga Oasis, Byzantine Egypt",state||country,0.72,true,country.8771,Egypt,29.871903,26.494184,0.388889,country:0.39,matched,2026-04-27T16:46:49Z
444876,Islamic Art,1555,1610,1582,1500:1999,Iznik||||||Turkey||||,"Iznik, Turkey",city||country,0.88,true,place.5138660,"İznik, Bursa, Türkiye",29.719765,40.42917,1.0,place:1.00,matched,2026-04-27T16:46:47Z
448181,Islamic Art,1100,1299,1199,1000:1499,||||||Iraq or Syria||||,Iraq,country,0.50,true,country.8813,Iraq,43.404716,33.048056,1.0,country:1.00,matched,2026-04-27T16:46:46Z
444480,Islamic Art,1100,1299,1199,1000:1499,Raqqa||||||Syria||||,"Raqqa, Syria",city||country,0.88,true,place.13035735,"Raqqa, Al-Raqqah, Syria",39.008921,35.949678,1.0,place:1.00,matched,2026-04-27T16:47:01Z
203298,European Sculpture and Decorative Arts,1740,1750,1745,1500:1999,||||||||||British,Britain,department||artistNationality,0.53,true,country.8783,United Kingdom,-2.36967,54.237933,1.0,country:1.00,matched,2026-04-27T16:46:31Z
460149,Robert Lehman Collection,1525,1529,1527,1500:1999,"||||||||Italian, Faenza||","Faenza, Italy",culture||country,0.55,true,place.21547120,"Faenza, Ravenna, Italy",11.882004,44.285633,1.0,place:1.00,matched,2026-04-27T16:46:41Z
63082,Asian Art,1765,1785,1775,1500:1999,||||||||Japan||,Japan,culture,0.55,true,country.8820,Japan,138.59223,36.386493,1.0,country:1.00,matched,2026-04-27T16:46:48Z
49920,Asian Art,1334,1366,1350,1000:1499,||||||||China||,China,culture,0.55,true,country.8753,People's Republic of China,101.901875,35.486703,1.0,country:1.00,matched,2026-04-27T16:46:34Z
53825,Asian Art,1668,1722,1695,1500:1999,||||||||China||,China,culture,0.55,true,country.8753,People's Republic of China,101.901875,35.486703,1.0,country:1.00,matched,2026-04-27T16:46:34Z
48051,Asian Art,1500,1599,1549,1500:1999,||||||||China||,China,culture,0.55,true,country.8753,People's Republic of China,101.901875,35.486703,1.0,country:1.00,matched,2026-04-27T16:46:34Z
48333,Asian Art,1700,1799,1749,1500:1999,||||||||China||,China,culture,0.55,true,country.8753,People's Republic of China,101.901875,35.486703,1.0,country:1.00,matched,2026-04-27T16:46:34Z
309373,The Michael C. Rockefeller Wing,400,700,550,500:999,||||||Peru||Moche||,Peru,country,0.70,true,country.8880,Peru,-75.311132,-10.151093,1.0,country:1.00,matched,2026-04-27T16:47:00Z
890331,European Sculpture and Decorative Arts,1895,1905,1900,1500:1999,||||||||||French,France,department||artistNationality,0.53,true,country.8781,France,2.618787,47.824905,1.0,country:1.00,matched,2026-04-27T16:46:43Z
47620,Asian Art,1736,1795,1765,1500:1999,||||||||China||,China,culture,0.55,true,country.8753,People's Republic of China,101.901875,35.486703,1.0,country:1.00,matched,2026-04-27T16:46:34Z
449058,Islamic Art,1100,1299,1199,1000:1499,Nishapur||||||Iran||||,"Nishapur, Iran",city||country,0.88,true,place.1878126,"Nishapur County, Razavi Khorasan, Iran",58.79233,36.21129,0.95,place:0.95,matched,2026-04-27T16:46:56Z
313363,The Michael C. Rockefeller Wing,1200,1500,1350,1000:1499,||Chihuahua||Mesoamerica||Mexico||Casas Grandes||,"Chihuahua, Mexico, Mexico",state||country,0.72,true,place.5228703,"Chihuahua, Chihuahua, Mexico",-106.07461,28.638037,1.0,place:1.00,matched,2026-04-27T16:46:34Z
771045,European Sculpture and Decorative Arts,1870,1879,1874,1500:1999,||||||||||British,Britain,department||artistNationality,0.53,true,country.8783,United Kingdom,-2.36967,54.237933,1.0,country:1.00,matched,2026-04-27T16:46:31Z
314696,The Michael C. Rockefeller Wing,100,600,350,0:499,||||||Peru||Moche||,Peru,country,0.70,true,country.8880,Peru,-75.311132,-10.151093,1.0,country:1.00,matched,2026-04-27T16:47:00Z
62527,Asian Art,1700,1799,1749,1500:1999,||||||||Japan||,Japan,culture,0.55,true,country.8820,Japan,138.59223,36.386493,1.0,country:1.00,matched,2026-04-27T16:46:48Z
449636,Islamic Art,800,999,899,500:999,Nishapur||||||Iran||||,"Nishapur, Iran",city||country,0.88,true,place.1878126,"Nishapur County, Razavi Khorasan, Iran",58.79233,36.21129,0.95,place:0.95,matched,2026-04-27T16:46:56Z
203266,European Sculpture and Decorative Arts,1720,1735,1727,1500:1999,||||||||||,,none,0.00,false,,,,,,,,
50655,Asian Art,1300,1368,1334,1000:1499,||||||||China||,China,culture,0.55,true,country.8753,People's Republic of China,101.901875,35.486703,1.0,country:1.00,matched,2026-04-27T16:46:34Z
47385,Asian Art,1650,1650,1650,1500:1999,||||||||Japan||,Japan,culture,0.55,true,country.8820,Japan,138.59223,36.386493,1.0,country:1.00,matched,2026-04-27T16:46:48Z
194595,European Sculpture and Decorative Arts,1700,1799,1749,1500:1999,||||||||||,,none,0.00,false,,,,,,,,
50971,Asian Art,700,799,749,500:999,||||||||China||,China,culture,0.55,true,country.8753,People's Republic of China,101.901875,35.486703,1.0,country:1.00,matched,2026-04-27T16:46:34Z
48620,Asian Art,1500,1599,1549,1500:1999,||||||||China||,China,culture,0.55,true,country.8753,People's Republic of China,101.901875,35.486703,1.0,country:1.00,matched,2026-04-27T16:46:34Z
194906,European Sculpture and Decorative Arts,1760,1770,1765,1500:1999,||||||||||German,Germany,department||artistNationality,0.53,true,country.8762,Germany,10.018343,51.133481,1.0,country:1.00,matched,2026-04-27T16:46:43Z
63065,Asian Art,1800,1833,1816,1500:1999,||||||||Japan||,Japan,culture,0.55,true,country.8820,Japan,138.59223,36.386493,1.0,country:1.00,matched,2026-04-27T16:46:48Z
309337,The Michael C. Rockefeller Wing,400,700,550,500:999,||||||Peru||Moche||,Peru,country,0.70,true,country.8880,Peru,-75.311132,-10.151093,1.0,country:1.00,matched,2026-04-27T16:47:00Z
451200,Islamic Art,1075,1125,1100,1000:1499,||||||Iran||||,Iran,country,0.70,true,country.8814,Iran,54.301374,32.565838,1.0,country:1.00,matched,2026-04-27T16:46:46Z
307622,The Michael C. Rockefeller Wing,-700,-400,-550,-1000:-501,||||||Peru||Paracas||,Peru,country,0.70,true,country.8880,Peru,-75.311132,-10.151093,1.0,country:1.00,matched,2026-04-27T16:47:00Z
187733,European Sculpture and Decorative Arts,1800,1899,1849,1500:1999,||||||||||,,none,0.00,false,,,,,,,,
308476,The Michael C. Rockefeller Wing,-200,-1,-101,-500:-1,||||Ica Valley||Peru||Paracas||,"Ica Valley, Peru, Peru",region||country,0.70,true,place.5556400,"Ica District, Ica, Peru",-75.729645,-14.063716,0.592593,place:0.59,matched,2026-04-27T16:46:45Z
47759,Asian Art,1700,1799,1749,1500:1999,||||||||Japan||,Japan,culture,0.55,true,country.8820,Japan,138.59223,36.386493,1.0,country:1.00,matched,2026-04-27T16:46:48Z
51056,Asian Art,1736,1795,1765,1500:1999,||||||||China||,China,culture,0.55,true,country.8753,People's Republic of China,101.901875,35.486703,1.0,country:1.00,matched,2026-04-27T16:46:34Z
451029,Islamic Art,950,999,974,500:999,probably Basra||||||Iraq||||,"Basra, Iraq, Iraq",city||country,0.68,true,place.88500333,"Basra, Basra, Iraq",47.793478,30.515087,1.0,place:1.00,matched,2026-04-27T16:46:30Z
42305,Asian Art,1000,1099,1049,1000:1499,||||||||Korea||,Korea,culture,0.55,true,country.8828,South Korea,128.168944,36.536236,1.0,country:1.00,matched,2026-04-27T16:46:49Z
208486,European Sculpture and Decorative Arts,1761,1771,1766,1500:1999,||||||||||German,Germany,department||artistNationality,0.53,true,country.8762,Germany,10.018343,51.133481,1.0,country:1.00,matched,2026-04-27T16:46:43Z
42506,Asian Art,1426,1435,1430,1000:1499,||||||||China||,China,culture,0.55,true,country.8753,People's Republic of China,101.901875,35.486703,1.0,country:1.00,matched,2026-04-27T16:46:34Z
308541,The Michael C. Rockefeller Wing,200,600,400,0:499,||||||Peru||Moche||,Peru,country,0.70,true,country.8880,Peru,-75.311132,-10.151093,1.0,country:1.00,matched,2026-04-27T16:47:00Z
50907,Asian Art,1662,1722,1692,1500:1999,||||||||China||,China,culture,0.55,true,country.8753,People's Republic of China,101.901875,35.486703,1.0,country:1.00,matched,2026-04-27T16:46:34Z
307472,The Michael C. Rockefeller Wing,500,800,650,500:999,||||North Coast||Peru||Moche||,Peru,country,0.70,true,country.8880,Peru,-75.311132,-10.151093,1.0,country:1.00,matched,2026-04-27T16:47:00Z
53767,Asian Art,1668,1722,1695,1500:1999,||||||||China||,China,culture,0.55,true,country.8753,People's Republic of China,101.901875,35.486703,1.0,country:1.00,matched,2026-04-27T16:46:34Z
205979,European Sculpture and Decorative Arts,1718,1730,1724,1500:1999,||||||||||,,none,0.00,false,,,,,,,,
62556,Asian Art,1700,1899,1799,1500:1999,||||||||Japan||,Japan,culture,0.55,true,country.8820,Japan,138.59223,36.386493,1.0,country:1.00,matched,2026-04-27T16:46:48Z
42377,Asian Art,618,799,708,500:999,||||||||China||,China,culture,0.55,true,country.8753,People's Republic of China,101.901875,35.486703,1.0,country:1.00,matched,2026-04-27T16:46:34Z
47256,Asian Art,1750,1750,1750,1500:1999,||||||||Japan||,Japan,culture,0.55,true,country.8820,Japan,138.59223,36.386493,1.0,country:1.00,matched,2026-04-27T16:46:48Z
45891,Asian Art,1668,1722,1695,1500:1999,||||||||China||,China,culture,0.55,true,country.8753,People's Republic of China,101.901875,35.486703,1.0,country:1.00,matched,2026-04-27T16:46:34Z
63140,Asian Art,1800,1899,1849,1500:1999,||||||||Japan||,Japan,culture,0.55,true,country.8820,Japan,138.59223,36.386493,1.0,country:1.00,matched,2026-04-27T16:46:48Z
198939,European Sculpture and Decorative Arts,1495,1525,1510,1500:1999,||||||||||,,none,0.00,false,,,,,,,,
42221,Asian Art,1700,1733,1716,1500:1999,||||||||China||,China,culture,0.55,true,country.8753,People's Republic of China,101.901875,35.486703,1.0,country:1.00,matched,2026-04-27T16:46:34Z
196567,European Sculpture and Decorative Arts,1745,1755,1750,1500:1999,||||||||||,,none,0.00,false,,,,,,,,
44741,Asian Art,1300,1368,1334,1000:1499,||||||||China||,China,culture,0.55,true,country.8753,People's Republic of China,101.901875,35.486703,1.0,country:1.00,matched,2026-04-27T16:46:34Z
52939,Asian Art,1700,1799,1749,1500:1999,||||||||China||,China,culture,0.55,true,country.8753,People's Republic of China,101.901875,35.486703,1.0,country:1.00,matched,2026-04-27T16:46:34Z
871864,European Sculpture and Decorative Arts,1891,1901,1896,1500:1999,||||||||||French,France,department||artistNationality,0.53,true,country.8781,France,2.618787,47.824905,1.0,country:1.00,matched,2026-04-27T16:46:43Z
57370,Asian Art,1900,1933,1916,1500:1999,||||||||Korea||,Korea,culture,0.55,true,country.8828,South Korea,128.168944,36.536236,1.0,country:1.00,matched,2026-04-27T16:46:49Z
63550,Asian Art,1600,1633,1616,1500:1999,||||||||Japan||,Japan,culture,0.55,true,country.8820,Japan,138.59223,36.386493,1.0,country:1.00,matched,2026-04-27T16:46:48Z
52972,Asian Art,1736,1795,1765,1500:1999,||||||||China||,China,culture,0.55,true,country.8753,People's Republic of China,101.901875,35.486703,1.0,country:1.00,matched,2026-04-27T16:46:34Z
47401,Asian Art,1700,1799,1749,1500:1999,||||||||China||,China,culture,0.55,true,country.8753,People's Republic of China,101.901875,35.486703,1.0,country:1.00,matched,2026-04-27T16:46:34Z
52804,Asian Art,1800,1899,1849,1500:1999,||||||||Japan||,Japan,culture,0.55,true,country.8820,Japan,138.59223,36.386493,1.0,country:1.00,matched,2026-04-27T16:46:48Z
450944,Islamic Art,1175,1250,1212,1000:1499,Raqqa||||||Syria||||,"Raqqa, Syria",city||country,0.88,true,place.13035735,"Raqqa, Al-Raqqah, Syria",39.008921,35.949678,1.0,place:1.00,matched,2026-04-27T16:47:01Z
892635,Asian Art,1600,1699,1649,1500:1999,||||||||Korea||,Korea,culture,0.55,true,country.8828,South Korea,128.168944,36.536236,1.0,country:1.00,matched,2026-04-27T16:46:49Z
46840,Asian Art,1700,1799,1749,1500:1999,||||||||China||,China,culture,0.55,true,country.8753,People's Republic of China,101.901875,35.486703,1.0,country:1.00,matched,2026-04-27T16:46:34Z
201732,European Sculpture and Decorative Arts,1762,1762,1762,1500:1999,||||||||||French,France,department||artistNationality,0.53,true,country.8781,France,2.618787,47.824905,1.0,country:1.00,matched,2026-04-27T16:46:43Z
42393,Asian Art,800,899,849,500:999,||||||||China||,China,culture,0.55,true,country.8753,People's Republic of China,101.901875,35.486703,1.0,country:1.00,matched,2026-04-27T16:46:34Z
206328,European Sculpture and Decorative Arts,1795,1825,1810,1500:1999,||||||||||,,none,0.00,false,,,,,,,,
309469,The Michael C. Rockefeller Wing,-350,-200,-275,-500:-1,||||South Coast||Peru||Paracas||,Peru,country,0.70,true,country.8880,Peru,-75.311132,-10.151093,1.0,country:1.00,matched,2026-04-27T16:47:00Z
50841,Asian Art,1662,1722,1692,1500:1999,||||||||China||,China,culture,0.55,true,country.8753,People's Republic of China,101.901875,35.486703,1.0,country:1.00,matched,2026-04-27T16:46:34Z
465873,Medieval Art,1200,1399,1299,1000:1499,||||||||French||,France,culture,0.55,true,country.8781,France,2.618787,47.824905,1.0,country:1.00,matched,2026-04-27T16:46:43Z
52065,Asian Art,1700,1799,1749,1500:1999,||||||||China||,China,culture,0.55,true,country.8753,People's Republic of China,101.901875,35.486703,1.0,country:1.00,matched,2026-04-27T16:46:34Z
465876,Medieval Art,1200,1399,1299,1000:1499,||||||||French||,France,culture,0.55,true,country.8781,France,2.618787,47.824905,1.0,country:1.00,matched,2026-04-27T16:46:43Z
466579,Medieval Art,1500,1599,1549,1500:1999,||||||||Italian||,Italy,culture,0.55,true,country.8816,Italy,12.646361,42.504154,1.0,country:1.00,matched,2026-04-27T16:46:47Z
62754,Asian Art,1680,1680,1680,1500:1999,||||||||Japan||,Japan,culture,0.55,true,country.8820,Japan,138.59223,36.386493,1.0,country:1.00,matched,2026-04-27T16:46:48Z
194232,European Sculpture and Decorative Arts,1765,1775,1770,1500:1999,||||||||||German,Germany,department||artistNationality,0.53,true,country.8762,Germany,10.018343,51.133481,1.0,country:1.00,matched,2026-04-27T16:46:43Z
48272,Asian Art,960,1279,1119,1000:1499,||||||||China||,China,culture,0.55,true,country.8753,People's Republic of China,101.901875,35.486703,1.0,country:1.00,matched,2026-04-27T16:46:34Z
44756,Asian Art,1506,1521,1513,1500:1999,||||||||China||,China,culture,0.55,true,country.8753,People's Republic of China,101.901875,35.486703,1.0,country:1.00,matched,2026-04-27T16:46:34Z
46634,Asian Art,1736,1795,1765,1500:1999,||||||||China||,China,culture,0.55,true,country.8753,People's Republic of China,101.901875,35.486703,1.0,country:1.00,matched,2026-04-27T16:46:34Z
308629,The Michael C. Rockefeller Wing,-500,-100,-300,-500:-1,||||||Peru||Paracas||,Peru,country,0.70,true,country.8880,Peru,-75.311132,-10.151093,1.0,country:1.00,matched,2026-04-27T16:47:00Z
44454,Asian Art,1300,1368,1334,1000:1499,||||||||China||,China,culture,0.55,true,country.8753,People's Republic of China,101.901875,35.486703,1.0,country:1.00,matched,2026-04-27T16:46:34Z
309497,The Michael C. Rockefeller Wing,200,600,400,0:499,||||||Peru||Moche||,Peru,country,0.70,true,country.8880,Peru,-75.311132,-10.151093,1.0,country:1.00,matched,2026-04-27T16:47:00Z
317793,The Michael C. Rockefeller Wing,600,900,750,500:999,||||||Peru||Wari||,Peru,country,0.70,true,country.8880,Peru,-75.311132,-10.151093,1.0,country:1.00,matched,2026-04-27T16:47:00Z
52470,Asian Art,1850,1899,1874,1500:1999,||||||||Japan||,Japan,culture,0.55,true,country.8820,Japan,138.59223,36.386493,1.0,country:1.00,matched,2026-04-27T16:46:48Z
316886,The Michael C. Rockefeller Wing,100,600,350,0:499,||||Central Andes||Peru||Nasca||,"Central Andes, Peru, Peru",region||country,0.70,true,place.10954928,"San Andrés District, Ica, Peru",-76.22378,-13.73163,0.501096,place:0.50,matched,2026-04-27T16:46:33Z
42474,Asian Art,1000,1133,1066,1000:1499,||||||||China||,China,culture,0.55,true,country.8753,People's Republic of China,101.901875,35.486703,1.0,country:1.00,matched,2026-04-27T16:46:34Z
48579,Asian Art,1700,1799,1749,1500:1999,||||||||China||,China,culture,0.55,true,country.8753,People's Republic of China,101.901875,35.486703,1.0,country:1.00,matched,2026-04-27T16:46:34Z
52739,Asian Art,1522,1566,1544,1500:1999,||||||||China||,China,culture,0.55,true,country.8753,People's Republic of China,101.901875,35.486703,1.0,country:1.00,matched,2026-04-27T16:46:34Z
47186,Asian Art,1840,1840,1840,1500:1999,||||||||Japan||,Japan,culture,0.55,true,country.8820,Japan,138.59223,36.386493,1.0,country:1.00,matched,2026-04-27T16:46:48Z
460143,Robert Lehman Collection,1467,1483,1475,1000:1499,"||||||||Italian, Faenza or Pesaro||","Faenza, Italy",culture||country,0.35,true,place.21547120,"Faenza, Ravenna, Italy",11.882004,44.285633,1.0,place:1.00,matched,2026-04-27T16:46:41Z
309713,The Michael C. Rockefeller Wing,350,450,400,0:499,||||Mesoamerica||Guatemala||Maya||,"Mesoamerica, Guatemala",region||country,0.70,true,country.8797,Guatemala,-90.390002,15.605589,0.5,country:0.50,matched,2026-04-27T16:46:53Z
460168,Robert Lehman Collection,1517,1523,1520,1500:1999,"||||||||Italian, Deruta||","Deruta, Italy",culture||country,0.55,true,place.20514928,"Deruta, Perugia, Italy",12.420198,42.98219,1.0,place:1.00,matched,2026-04-27T16:46:38Z
46797,Asian Art,1368,1644,1506,1500:1999,||||||||China||,China,culture,0.55,true,country.8753,People's Republic of China,101.901875,35.486703,1.0,country:1.00,matched,2026-04-27T16:46:34Z
314678,The Michael C. Rockefeller Wing,1100,1500,1300,1000:1499,||||||Peru||Chimú||,Peru,country,0.70,true,country.8880,Peru,-75.311132,-10.151093,1.0,country:1.00,matched,2026-04-27T16:47:00Z
52765,Asian Art,1634,1666,1650,1500:1999,||||||||China||,China,culture,0.55,true,country.8753,People's Republic of China,101.901875,35.486703,1.0,country:1.00,matched,2026-04-27T16:46:34Z
47072,Asian Art,1800,1899,1849,1500:1999,||||||||Japan||,Japan,culture,0.55,true,country.8820,Japan,138.59223,36.386493,1.0,country:1.00,matched,2026-04-27T16:46:48Z
202473,European Sculpture and Decorative Arts,1785,1795,1790,1500:1999,||||||||||,,none,0.00,false,,,,,,,,
46586,Asian Art,1668,1722,1695,1500:1999,||||||||China||,China,culture,0.55,true,country.8753,People's Republic of China,101.901875,35.486703,1.0,country:1.00,matched,2026-04-27T16:46:34Z
314626,The Michael C. Rockefeller Wing,-1200,-800,-1000,-1000:-501,||||Mesoamerica||Mexico||Tlatilco||,"Mesoamerica, Mexico",region||country,0.70,true,country.8863,Mexico,-102.532867,23.950464,0.5,country:0.50,matched,2026-04-27T16:46:53Z
446844,Islamic Art,1100,1199,1149,1000:1499,||||||Eastern Syria||||,Eastern Syria,country,0.70,true,country.8919,Syria,38.505592,35.013048,0.5,country:0.50,matched,2026-04-27T16:46:39Z
206392,European Sculpture and Decorative Arts,1787,1787,1787,1500:1999,||||||||||German,Germany,department||artistNationality,0.53,true,country.8762,Germany,10.018343,51.133481,1.0,country:1.00,matched,2026-04-27T16:46:43Z
63539,Asian Art,710,794,752,500:999,||||||||Japan||,Japan,culture,0.55,true,country.8820,Japan,138.59223,36.386493,1.0,country:1.00,matched,2026-04-27T16:46:48Z
47558,Asian Art,1644,1911,1777,1500:1999,||||||||China||,China,culture,0.55,true,country.8753,People's Republic of China,101.901875,35.486703,1.0,country:1.00,matched,2026-04-27T16:46:34Z
47440,Asian Art,1368,1644,1506,1500:1999,||||||||China||,China,culture,0.55,true,country.8753,People's Republic of China,101.901875,35.486703,1.0,country:1.00,matched,2026-04-27T16:46:34Z
771050,European Sculpture and Decorative Arts,1870,1880,1875,1500:1999,||||||||||British,Britain,department||artistNationality,0.53,true,country.8783,United Kingdom,-2.36967,54.237933,1.0,country:1.00,matched,2026-04-27T16:46:31Z
208421,European Sculpture and Decorative Arts,1885,1899,1892,1500:1999,||||||||||,,none,0.00,false,,,,,,,,
52682,Asian Art,960,1279,1119,1000:1499,||||||||China||,China,culture,0.55,true,country.8753,People's Republic of China,101.901875,35.486703,1.0,country:1.00,matched,2026-04-27T16:46:34Z
308523,The Michael C. Rockefeller Wing,1100,1470,1285,1000:1499,||||North Coast||Peru||Chimú||,Peru,country,0.70,true,country.8880,Peru,-75.311132,-10.151093,1.0,country:1.00,matched,2026-04-27T16:47:00Z
50186,Asian Art,1650,1659,1654,1500:1999,||||||||Japan||,Japan,culture,0.55,true,country.8820,Japan,138.59223,36.386493,1.0,country:1.00,matched,2026-04-27T16:46:48Z
48244,Asian Art,1700,1799,1749,1500:1999,||||||||China||,China,culture,0.55,true,country.8753,People's Republic of China,101.901875,35.486703,1.0,country:1.00,matched,2026-04-27T16:46:34Z
312603,The Michael C. Rockefeller Wing,500,1200,850,500:999,||||||Peru||Wari||,Peru,country,0.70,true,country.8880,Peru,-75.311132,-10.151093,1.0,country:1.00,matched,2026-04-27T16:47:00Z
308359,The Michael C. Rockefeller Wing,-300,-100,-200,-500:-1,||||Ica Valley||Peru||Paracas||,"Ica Valley, Peru, Peru",region||country,0.70,true,place.5556400,"Ica District, Ica, Peru",-75.729645,-14.063716,0.592593,place:0.59,matched,2026-04-27T16:46:45Z
62713,Asian Art,1700,1799,1749,1500:1999,||||||||Japan||,Japan,culture,0.55,true,country.8820,Japan,138.59223,36.386493,1.0,country:1.00,matched,2026-04-27T16:46:48Z
53765,Asian Art,1468,1499,1483,1000:1499,||||||||China||,China,culture,0.55,true,country.8753,People's Republic of China,101.901875,35.486703,1.0,country:1.00,matched,2026-04-27T16:46:34Z
48654,Asian Art,1662,1722,1692,1500:1999,||||||||China||,China,culture,0.55,true,country.8753,People's Republic of China,101.901875,35.486703,1.0,country:1.00,matched,2026-04-27T16:46:34Z
190648,European Sculpture and Decorative Arts,1600,1699,1649,1500:1999,||||||||||,,none,0.00,false,,,,,,,,
47218,Asian Art,1800,1899,1849,1500:1999,||||||||Japan||,Japan,culture,0.55,true,country.8820,Japan,138.59223,36.386493,1.0,country:1.00,matched,2026-04-27T16:46:48Z
309512,The Michael C. Rockefeller Wing,-1200,-400,-800,-1000:-501,||||||Peru||Cupisnique||,Peru,country,0.70,true,country.8880,Peru,-75.311132,-10.151093,1.0,country:1.00,matched,2026-04-27T16:47:00Z
316720,The Michael C. Rockefeller Wing,100,500,300,0:499,||||||Peru||Moche||,Peru,country,0.70,true,country.8880,Peru,-75.311132,-10.151093,1.0,country:1.00,matched,2026-04-27T16:47:00Z
308513,The Michael C. Rockefeller Wing,-300,-150,-225,-500:-1,||||||Peru||Moche||,Peru,country,0.70,true,country.8880,Peru,-75.311132,-10.151093,1.0,country:1.00,matched,2026-04-27T16:47:00Z
310602,The Michael C. Rockefeller Wing,100,1000,550,500:999,||Oaxaca||Mesoamerica||Mexico||Monte Alban||,"Oaxaca, Mexico, Mexico",state||country,0.72,true,place.40880287,"Oaxaca, Oaxaca, Mexico",-96.72438,17.062824,0.666667,place:0.67,matched,2026-04-27T16:46:57Z
46939,Asian Art,1662,1722,1692,1500:1999,||||||||China||,China,culture,0.55,true,country.8753,People's Republic of China,101.901875,35.486703,1.0,country:1.00,matched,2026-04-27T16:46:34Z
63131,Asian Art,1600,1699,1649,1500:1999,||||||||Japan||,Japan,culture,0.55,true,country.8820,Japan,138.59223,36.386493,1.0,country:1.00,matched,2026-04-27T16:46:48Z
448986,Islamic Art,800,999,899,500:999,Qasr-i Abu Nasr||||||Iran||||,"Qasr-i Abu Nasr, Iran",city||country,0.88,true,country.8814,Iran,54.301374,32.565838,0.366667,country:0.37,matched,2026-04-27T16:47:01Z
49266,Asian Art,800,899,849,500:999,||||||||Japan||,Japan,culture,0.55,true,country.8820,Japan,138.59223,36.386493,1.0,country:1.00,matched,2026-04-27T16:46:48Z
47787,Asian Art,1800,1899,1849,1500:1999,||||||||Japan||,Japan,culture,0.55,true,country.8820,Japan,138.59223,36.386493,1.0,country:1.00,matched,2026-04-27T16:46:48Z
62602,Asian Art,1700,1799,1749,1500:1999,||||||||Japan||,Japan,culture,0.55,true,country.8820,Japan,138.59223,36.386493,1.0,country:1.00,matched,2026-04-27T16:46:48Z
52398,Asian Art,1630,1630,1630,1500:1999,||||||||Japan||,Japan,culture,0.55,true,country.8820,Japan,138.59223,36.386493,1.0,country:1.00,matched,2026-04-27T16:46:48Z
194439,European Sculpture and Decorative Arts,1597,1597,1597,1500:1999,||||||||||,,none,0.00,false,,,,,,,,
47119,Asian Art,1850,1850,1850,1500:1999,||||||||Japan||,Japan,culture,0.55,true,country.8820,Japan,138.59223,36.386493,1.0,country:1.00,matched,2026-04-27T16:46:48Z
47687,Asian Art,1667,1733,1700,1500:1999,||||||||China||,China,culture,0.55,true,country.8753,People's Republic of China,101.901875,35.486703,1.0,country:1.00,matched,2026-04-27T16:46:34Z
46568,Asian Art,1700,1799,1749,1500:1999,||||||||China||,China,culture,0.55,true,country.8753,People's Republic of China,101.901875,35.486703,1.0,country:1.00,matched,2026-04-27T16:46:34Z
51133,Asian Art,1796,1820,1808,1500:1999,||||||||China||,China,culture,0.55,true,country.8753,People's Republic of China,101.901875,35.486703,1.0,country:1.00,matched,2026-04-27T16:46:34Z
308534,The Michael C. Rockefeller Wing,100,500,300,0:499,||||||Peru||Moche||,Peru,country,0.70,true,country.8880,Peru,-75.311132,-10.151093,1.0,country:1.00,matched,2026-04-27T16:47:00Z
47308,Asian Art,1650,1650,1650,1500:1999,||||||||Japan||,Japan,culture,0.55,true,country.8820,Japan,138.59223,36.386493,1.0,country:1.00,matched,2026-04-27T16:46:48Z
42406,Asian Art,1662,1722,1692,1500:1999,||||||||China||,China,culture,0.55,true,country.8753,People's Republic of China,101.901875,35.486703,1.0,country:1.00,matched,2026-04-27T16:46:34Z
308463,The Michael C. Rockefeller Wing,-200,100,-50,-500:-1,||||South Coast||Peru||Topará||,Peru,country,0.70,true,country.8880,Peru,-75.311132,-10.151093,1.0,country:1.00,matched,2026-04-27T16:47:00Z
198669,European Sculpture and Decorative Arts,1889,1889,1889,1500:1999,||||||||||French,France,department||artistNationality,0.53,true,country.8781,France,2.618787,47.824905,1.0,country:1.00,matched,2026-04-27T16:46:43Z
48590,Asian Art,1700,1799,1749,1500:1999,||||||||China||,China,culture,0.55,true,country.8753,People's Republic of China,101.901875,35.486703,1.0,country:1.00,matched,2026-04-27T16:46:34Z
72312,Asian Art,1734,1766,1750,1500:1999,||||||||Japan||,Japan,culture,0.55,true,country.8820,Japan,138.59223,36.386493,1.0,country:1.00,matched,2026-04-27T16:46:48Z
52024,Asian Art,1768,1795,1781,1500:1999,||||||||China||,China,culture,0.55,true,country.8753,People's Republic of China,101.901875,35.486703,1.0,country:1.00,matched,2026-04-27T16:46:34Z
47320,Asian Art,1736,1766,1751,1500:1999,||||||||China||,China,culture,0.55,true,country.8753,People's Republic of China,101.901875,35.486703,1.0,country:1.00,matched,2026-04-27T16:46:34Z
200879,European Sculpture and Decorative Arts,1735,1745,1740,1500:1999,||||||||||German,Germany,department||artistNationality,0.53,true,country.8762,Germany,10.018343,51.133481,1.0,country:1.00,matched,2026-04-27T16:46:43Z
52712,Asian Art,1723,1735,1729,1500:1999,||||||||China||,China,culture,0.55,true,country.8753,People's Republic of China,101.901875,35.486703,1.0,country:1.00,matched,2026-04-27T16:46:34Z
194390,European Sculpture and Decorative Arts,1753,1795,1774,1500:1999,||||||||||,,none,0.00,false,,,,,,,,
651289,The Cloisters,1300,1400,1350,1000:1499,Mill Green||Essex||||England||British||,"Mill Green, Essex, England",city||state||country,0.95,true,district.542287,"Essex, England, United Kingdom",0.473644,51.733253,0.592593,district:0.59,matched,2026-04-27T16:46:54Z
476296,Medieval Art,300,699,499,0:499,||Kharga Oasis||||Byzantine Egypt||Coptic||,"Kharga Oasis, Byzantine Egypt",state||country,0.72,true,country.8771,Egypt,29.871903,26.494184,0.388889,country:0.39,matched,2026-04-27T16:46:49Z
46762,Asian Art,1800,1899,1849,1500:1999,||||||||China||,China,culture,0.55,true,country.8753,People's Republic of China,101.901875,35.486703,1.0,country:1.00,matched,2026-04-27T16:46:34Z
191213,European Sculpture and Decorative Arts,1700,1715,1707,1500:1999,||||||||||,,none,0.00,false,,,,,,,,
47117,Asian Art,1820,1820,1820,1500:1999,||||||||Japan||,Japan,culture,0.55,true,country.8820,Japan,138.59223,36.386493,1.0,country:1.00,matched,2026-04-27T16:46:48Z
47299,Asian Art,1767,1849,1808,1500:1999,||||||||China||,China,culture,0.55,true,country.8753,People's Republic of China,101.901875,35.486703,1.0,country:1.00,matched,2026-04-27T16:46:34Z
52039,Asian Art,1736,1795,1765,1500:1999,||||||||China||,China,culture,0.55,true,country.8753,People's Republic of China,101.901875,35.486703,1.0,country:1.00,matched,2026-04-27T16:46:34Z
308417,The Michael C. Rockefeller Wing,200,600,400,0:499,||||||Peru||Moche||,Peru,country,0.70,true,country.8880,Peru,-75.311132,-10.151093,1.0,country:1.00,matched,2026-04-27T16:47:00Z
447286,Islamic Art,1100,1299,1199,1000:1499,||||||Iran||||,Iran,country,0.70,true,country.8814,Iran,54.301374,32.565838,1.0,country:1.00,matched,2026-04-27T16:46:46Z
63941,Asian Art,1615,1868,1741,1500:1999,||||||||Japan||,Japan,culture,0.55,true,country.8820,Japan,138.59223,36.386493,1.0,country:1.00,matched,2026-04-27T16:46:48Z
47686,Asian Art,1736,1795,1765,1500:1999,||||||||China||,China,culture,0.55,true,country.8753,People's Republic of China,101.901875,35.486703,1.0,country:1.00,matched,2026-04-27T16:46:34Z
51044,Asian Art,1100,1299,1199,1000:1499,||||||||China||,China,culture,0.55,true,country.8753,People's Republic of China,101.901875,35.486703,1.0,country:1.00,matched,2026-04-27T16:46:34Z
449068,Islamic Art,900,1099,999,500:999,Nishapur||||||Iran||||,"Nishapur, Iran",city||country,0.88,true,place.1878126,"Nishapur County, Razavi Khorasan, Iran",58.79233,36.21129,0.95,place:0.95,matched,2026-04-27T16:46:56Z
49305,Asian Art,1667,1699,1683,1500:1999,||||||||Japan||,Japan,culture,0.55,true,country.8820,Japan,138.59223,36.386493,1.0,country:1.00,matched,2026-04-27T16:46:48Z
449652,Islamic Art,900,999,949,500:999,Nishapur||||||Iran||||,"Nishapur, Iran",city||country,0.88,true,place.1878126,"Nishapur County, Razavi Khorasan, Iran",58.79233,36.21129,0.95,place:0.95,matched,2026-04-27T16:46:56Z
47785,Asian Art,1825,1825,1825,1500:1999,||||||||Japan||,Japan,culture,0.55,true,country.8820,Japan,138.59223,36.386493,1.0,country:1.00,matched,2026-04-27T16:46:48Z
449419,Islamic Art,800,899,849,500:999,Nishapur||||||Iran||||,"Nishapur, Iran",city||country,0.88,true,place.1878126,"Nishapur County, Razavi Khorasan, Iran",58.79233,36.21129,0.95,place:0.95,matched,2026-04-27T16:46:56Z
309132,The Michael C. Rockefeller Wing,100,400,250,0:499,||||||Peru||Nasca||,Peru,country,0.70,true,country.8880,Peru,-75.311132,-10.151093,1.0,country:1.00,matched,2026-04-27T16:47:00Z
316711,The Michael C. Rockefeller Wing,600,800,700,500:999,||||Mesoamerica||Mexico||Maya||,"Mesoamerica, Mexico",region||country,0.70,true,country.8863,Mexico,-102.532867,23.950464,0.5,country:0.50,matched,2026-04-27T16:46:53Z
48713,Asian Art,1667,1722,1694,1500:1999,||||||||China||,China,culture,0.55,true,country.8753,People's Republic of China,101.901875,35.486703,1.0,country:1.00,matched,2026-04-27T16:46:34Z
308538,The Michael C. Rockefeller Wing,100,400,250,0:499,||||||Peru||Moche||,Peru,country,0.70,true,country.8880,Peru,-75.311132,-10.151093,1.0,country:1.00,matched,2026-04-27T16:47:00Z
310704,The Michael C. Rockefeller Wing,-300,-100,-200,-500:-1,||||||Peru||Nasca||,Peru,country,0.70,true,country.8880,Peru,-75.311132,-10.151093,1.0,country:1.00,matched,2026-04-27T16:47:00Z
308424,The Michael C. Rockefeller Wing,-900,-500,-700,-1000:-501,||||||Peru||Paracas||,Peru,country,0.70,true,country.8880,Peru,-75.311132,-10.151093,1.0,country:1.00,matched,2026-04-27T16:47:00Z
314628,The Michael C. Rockefeller Wing,-1200,-800,-1000,-1000:-501,||||Mesoamerica||Mexico||Tlatilco||,"Mesoamerica, Mexico",region||country,0.70,true,country.8863,Mexico,-102.532867,23.950464,0.5,country:0.50,matched,2026-04-27T16:46:53Z
194637,European Sculpture and Decorative Arts,1800,1815,1807,1500:1999,||||||||||,,none,0.00,false,,,,,,,,
668677,The Cloisters,1200,1300,1250,1000:1499,||Saintonge||||France||French||,"Saintonge, France",state||country,0.72,true,country.8781,France,2.618787,47.824905,0.5,country:0.50,matched,2026-04-27T16:47:04Z
40960,Asian Art,1767,1899,1833,1500:1999,||||||||China||,China,culture,0.55,true,country.8753,People's Republic of China,101.901875,35.486703,1.0,country:1.00,matched,2026-04-27T16:46:34Z
50329,Asian Art,1667,1699,1683,1500:1999,||||||||Japan||,Japan,culture,0.55,true,country.8820,Japan,138.59223,36.386493,1.0,country:1.00,matched,2026-04-27T16:46:48Z
62588,Asian Art,1700,1799,1749,1500:1999,||||||||Japan||,Japan,culture,0.55,true,country.8820,Japan,138.59223,36.386493,1.0,country:1.00,matched,2026-04-27T16:46:48Z
207777,European Sculpture and Decorative Arts,1879,1882,1880,1500:1999,"||||||||||British, Scottish",Scotland,department||artistNationality,0.35,true,region.17487,"Scotland, United Kingdom",-4.095892,56.734282,1.0,region:1.00,matched,2026-04-27T16:47:05Z
465878,Medieval Art,1400,1599,1499,1000:1499,||||||||French||,France,culture,0.55,true,country.8781,France,2.618787,47.824905,1.0,country:1.00,matched,2026-04-27T16:46:43Z
52679,Asian Art,1127,1279,1203,1000:1499,||||||||China||,China,culture,0.55,true,country.8753,People's Republic of China,101.901875,35.486703,1.0,country:1.00,matched,2026-04-27T16:46:34Z
309484,The Michael C. Rockefeller Wing,300,700,500,500:999,||||||Peru||Moche||,Peru,country,0.70,true,country.8880,Peru,-75.311132,-10.151093,1.0,country:1.00,matched,2026-04-27T16:47:00Z
479662,The Cloisters,1300,1400,1350,1000:1499,||||||||British||,Britain,culture,0.55,true,country.8783,United Kingdom,-2.36967,54.237933,1.0,country:1.00,matched,2026-04-27T16:46:31Z
471755,The Cloisters,1450,1499,1474,1000:1499,Manises||Valencia||||Spain||Spanish||,"Manises, Valencia, Spain, Valencia, Spain",city||state||country,0.95,true,place.35178566,"Manises, Valencia, Spain",-0.462126,39.493927,1.0,place:1.00,matched,2026-04-27T16:46:52Z
49204,Asian Art,1000,1199,1099,1000:1499,||||||||China||,China,culture,0.55,true,country.8753,People's Republic of China,101.901875,35.486703,1.0,country:1.00,matched,2026-04-27T16:46:34Z
40095,Asian Art,-450,-250,-350,-500:-1,||||||||Korea||,Korea,culture,0.55,true,country.8828,South Korea,128.168944,36.536236,1.0,country:1.00,matched,2026-04-27T16:46:49Z
46673,Asian Art,1800,1899,1849,1500:1999,||||||||China||,China,culture,0.55,true,country.8753,People's Republic of China,101.901875,35.486703,1.0,country:1.00,matched,2026-04-27T16:46:34Z
188541,European Sculpture and Decorative Arts,1530,1565,1547,1500:1999,||||||||||,,none,0.00,false,,,,,,,,
194488,European Sculpture and Decorative Arts,1745,1755,1750,1500:1999,||||||||||,,none,0.00,false,,,,,,,,
191206,European Sculpture and Decorative Arts,1769,1780,1774,1500:1999,||||||||||British,Britain,department||artistNationality,0.53,true,country.8783,United Kingdom,-2.36967,54.237933,1.0,country:1.00,matched,2026-04-27T16:46:31Z
308713,The Michael C. Rockefeller Wing,-500,-100,-300,-500:-1,||||||Peru||Paracas||,Peru,country,0.70,true,country.8880,Peru,-75.311132,-10.151093,1.0,country:1.00,matched,2026-04-27T16:47:00Z
51183,Asian Art,1723,1735,1729,1500:1999,||||||||China||,China,culture,0.55,true,country.8753,People's Republic of China,101.901875,35.486703,1.0,country:1.00,matched,2026-04-27T16:46:34Z
48746,Asian Art,1662,1722,1692,1500:1999,||||||||China||,China,culture,0.55,true,country.8753,People's Republic of China,101.901875,35.486703,1.0,country:1.00,matched,2026-04-27T16:46:34Z
307865,The Michael C. Rockefeller Wing,-600,-200,-400,-500:-1,||||||Peru||Paracas||,Peru,country,0.70,true,country.8880,Peru,-75.311132,-10.151093,1.0,country:1.00,matched,2026-04-27T16:47:00Z
76452,Asian Art,1634,1666,1650,1500:1999,||||||||China||,China,culture,0.55,true,country.8753,People's Republic of China,101.901875,35.486703,1.0,country:1.00,matched,2026-04-27T16:46:34Z
51015,Asian Art,1736,1795,1765,1500:1999,||||||||China||,China,culture,0.55,true,country.8753,People's Republic of China,101.901875,35.486703,1.0,country:1.00,matched,2026-04-27T16:46:34Z
771081,European Sculpture and Decorative Arts,1873,1873,1873,1500:1999,||||||||||British,Britain,department||artistNationality,0.53,true,country.8783,United Kingdom,-2.36967,54.237933,1.0,country:1.00,matched,2026-04-27T16:46:31Z
446840,Islamic Art,1000,1099,1049,1000:1499,||||||Syria||||,Syria,country,0.70,true,country.8919,Syria,38.505592,35.013048,1.0,country:1.00,matched,2026-04-27T16:47:09Z
47591,Asian Art,1700,1799,1749,1500:1999,||||||||Japan||,Japan,culture,0.55,true,country.8820,Japan,138.59223,36.386493,1.0,country:1.00,matched,2026-04-27T16:46:48Z
198972,European Sculpture and Decorative Arts,1579,1580,1579,1500:1999,||||||||||,,none,0.00,false,,,,,,,,
461210,Robert Lehman Collection,1695,1795,1745,1500:1999,||||||||Chinese||,China,culture,0.55,true,country.8753,People's Republic of China,101.901875,35.486703,1.0,country:1.00,matched,2026-04-27T16:46:34Z
308642,The Michael C. Rockefeller Wing,-500,-100,-300,-500:-1,||||||Peru||Paracas||,Peru,country,0.70,true,country.8880,Peru,-75.311132,-10.151093,1.0,country:1.00,matched,2026-04-27T16:47:00Z
52034,Asian Art,1662,1722,1692,1500:1999,||||||||China||,China,culture,0.55,true,country.8753,People's Republic of China,101.901875,35.486703,1.0,country:1.00,matched,2026-04-27T16:46:34Z
667259,Asian Art,1700,1799,1749,1500:1999,||||||||Japan||,Japan,culture,0.55,true,country.8820,Japan,138.59223,36.386493,1.0,country:1.00,matched,2026-04-27T16:46:48Z
47873,Asian Art,1736,1795,1765,1500:1999,||||||||China||,China,culture,0.55,true,country.8753,People's Republic of China,101.901875,35.486703,1.0,country:1.00,matched,2026-04-27T16:46:34Z
45894,Asian Art,1662,1722,1692,1500:1999,||||||||China||,China,culture,0.55,true,country.8753,People's Republic of China,101.901875,35.486703,1.0,country:1.00,matched,2026-04-27T16:46:34Z
47792,Asian Art,1644,1699,1671,1500:1999,||||||||China||,China,culture,0.55,true,country.8753,People's Republic of China,101.901875,35.486703,1.0,country:1.00,matched,2026-04-27T16:46:34Z
205936,European Sculpture and Decorative Arts,1725,1740,1732,1500:1999,||||||||||German,Germany,department||artistNationality,0.53,true,country.8762,Germany,10.018343,51.133481,1.0,country:1.00,matched,2026-04-27T16:46:43Z
204372,European Sculpture and Decorative Arts,1800,1899,1849,1500:1999,||||||||||,,none,0.00,false,,,,,,,,
49318,Asian Art,1670,1690,1680,1500:1999,||||||||Japan||,Japan,culture,0.55,true,country.8820,Japan,138.59223,36.386493,1.0,country:1.00,matched,2026-04-27T16:46:48Z
47404,Asian Art,1667,1733,1700,1500:1999,||||||||China||,China,culture,0.55,true,country.8753,People's Republic of China,101.901875,35.486703,1.0,country:1.00,matched,2026-04-27T16:46:34Z
46739,Asian Art,1668,1722,1695,1500:1999,||||||||China||,China,culture,0.55,true,country.8753,People's Republic of China,101.901875,35.486703,1.0,country:1.00,matched,2026-04-27T16:46:34Z
44743,Asian Art,1334,1366,1350,1000:1499,||||||||China||,China,culture,0.55,true,country.8753,People's Republic of China,101.901875,35.486703,1.0,country:1.00,matched,2026-04-27T16:46:34Z
42205,Asian Art,1700,1799,1749,1500:1999,||||||||China||,China,culture,0.55,true,country.8753,People's Republic of China,101.901875,35.486703,1.0,country:1.00,matched,2026-04-27T16:46:34Z
204513,European Sculpture and Decorative Arts,1465,1495,1480,1000:1499,||||||||||,,none,0.00,false,,,,,,,,
447789,Islamic Art,622,799,710,500:999,Kufa||||||Iraq||||,"Kufa, Iraq",city||country,0.88,true,place.11266157,"Kufa, Najaf, Iraq",44.403112,32.03444,1.0,place:1.00,matched,2026-04-27T16:46:49Z
52569,Asian Art,1900,1999,1949,1500:1999,||||||||China||,China,culture,0.55,true,country.8753,People's Republic of China,101.901875,35.486703,1.0,country:1.00,matched,2026-04-27T16:46:34Z
475750,Medieval Art,300,699,499,0:499,||Kharga Oasis||||Byzantine Egypt||Coptic||,"Kharga Oasis, Byzantine Egypt",state||country,0.72,true,country.8771,Egypt,29.871903,26.494184,0.388889,country:0.39,matched,2026-04-27T16:46:49Z
47615,Asian Art,1835,1835,1835,1500:1999,||||||||Japan||Japanese,Japan,culture,0.55,true,country.8820,Japan,138.59223,36.386493,1.0,country:1.00,matched,2026-04-27T16:46:48Z
199533,European Sculpture and Decorative Arts,1735,1755,1745,1500:1999,||||||||||,,none,0.00,false,,,,,,,,
308714,The Michael C. Rockefeller Wing,-500,-100,-300,-500:-1,||||||Peru||Paracas||,Peru,country,0.70,true,country.8880,Peru,-75.311132,-10.151093,1.0,country:1.00,matched,2026-04-27T16:47:00Z
449560,Islamic Art,800,999,899,500:999,Nishapur||||||Iran||||,"Nishapur, Iran",city||country,0.88,true,place.1878126,"Nishapur County, Razavi Khorasan, Iran",58.79233,36.21129,0.95,place:0.95,matched,2026-04-27T16:46:56Z
314690,The Michael C. Rockefeller Wing,-1200,-400,-800,-1000:-501,||||||Peru||Cupisnique||,Peru,country,0.70,true,country.8880,Peru,-75.311132,-10.151093,1.0,country:1.00,matched,2026-04-27T16:47:00Z
46796,Asian Art,1115,1234,1174,1000:1499,||||||||China||,China,culture,0.55,true,country.8753,People's Republic of China,101.901875,35.486703,1.0,country:1.00,matched,2026-04-27T16:46:34Z
448432,Islamic Art,1700,1750,1725,1500:1999,||||||Iran||||,Iran,country,0.70,true,country.8814,Iran,54.301374,32.565838,1.0,country:1.00,matched,2026-04-27T16:46:46Z
48251,Asian Art,1780,1780,1780,1500:1999,||||||||Japan||,Japan,culture,0.55,true,country.8820,Japan,138.59223,36.386493,1.0,country:1.00,matched,2026-04-27T16:46:48Z
194239,European Sculpture and Decorative Arts,1753,1758,1755,1500:1999,||||||||||British,Britain,department||artistNationality,0.53,true,country.8783,United Kingdom,-2.36967,54.237933,1.0,country:1.00,matched,2026-04-27T16:46:31Z
47216,Asian Art,1800,1899,1849,1500:1999,||||||||Japan||,Japan,culture,0.55,true,country.8820,Japan,138.59223,36.386493,1.0,country:1.00,matched,2026-04-27T16:46:48Z
47890,Asian Art,1667,1733,1700,1500:1999,||||||||China||,China,culture,0.55,true,country.8753,People's Republic of China,101.901875,35.486703,1.0,country:1.00,matched,2026-04-27T16:46:34Z
187829,European Sculpture and Decorative Arts,1685,1715,1700,1500:1999,||||||||||,,none,0.00,false,,,,,,,,
194287,European Sculpture and Decorative Arts,1540,1550,1545,1500:1999,||||||||||French,France,department||artistNationality,0.53,true,country.8781,France,2.618787,47.824905,1.0,country:1.00,matched,2026-04-27T16:46:43Z
42438,Asian Art,960,1099,1029,1000:1499,||||||||China||,China,culture,0.55,true,country.8753,People's Republic of China,101.901875,35.486703,1.0,country:1.00,matched,2026-04-27T16:46:34Z
62867,Asian Art,1700,1799,1749,1500:1999,||||||||Japan||,Japan,culture,0.55,true,country.8820,Japan,138.59223,36.386493,1.0,country:1.00,matched,2026-04-27T16:46:48Z
47803,Asian Art,1800,1899,1849,1500:1999,||||||||Japan||,Japan,culture,0.55,true,country.8820,Japan,138.59223,36.386493,1.0,country:1.00,matched,2026-04-27T16:46:48Z
50839,Asian Art,1662,1722,1692,1500:1999,||||||||China||,China,culture,0.55,true,country.8753,People's Republic of China,101.901875,35.486703,1.0,country:1.00,matched,2026-04-27T16:46:34Z
453457,Islamic Art,1575,1599,1587,1500:1999,Iznik||||||Turkey||||,"Iznik, Turkey",city||country,0.88,true,place.5138660,"İznik, Bursa, Türkiye",29.719765,40.42917,1.0,place:1.00,matched,2026-04-27T16:46:47Z
46746,Asian Art,1800,1899,1849,1500:1999,||||||||China||,China,culture,0.55,true,country.8753,People's Republic of China,101.901875,35.486703,1.0,country:1.00,matched,2026-04-27T16:46:34Z
52945,Asian Art,1640,1659,1649,1500:1999,||||||||Japan||,Japan,culture,0.55,true,country.8820,Japan,138.59223,36.386493,1.0,country:1.00,matched,2026-04-27T16:46:48Z
308526,The Michael C. Rockefeller Wing,400,700,550,500:999,||||||Peru||Moche||,Peru,country,0.70,true,country.8880,Peru,-75.311132,-10.151093,1.0,country:1.00,matched,2026-04-27T16:47:00Z
62571,Asian Art,1800,1833,1816,1500:1999,||||||||Japan||,Japan,culture,0.55,true,country.8820,Japan,138.59223,36.386493,1.0,country:1.00,matched,2026-04-27T16:46:48Z
46223,Asian Art,1800,1899,1849,1500:1999,||||||||China||,China,culture,0.55,true,country.8753,People's Republic of China,101.901875,35.486703,1.0,country:1.00,matched,2026-04-27T16:46:34Z
46564,Asian Art,1668,1722,1695,1500:1999,||||||||China||,China,culture,0.55,true,country.8753,People's Republic of China,101.901875,35.486703,1.0,country:1.00,matched,2026-04-27T16:46:34Z
204382,European Sculpture and Decorative Arts,1800,1899,1849,1500:1999,||||||||||,,none,0.00,false,,,,,,,,
46559,Asian Art,1723,1735,1729,1500:1999,||||||||China||,China,culture,0.55,true,country.8753,People's Republic of China,101.901875,35.486703,1.0,country:1.00,matched,2026-04-27T16:46:34Z
48343,Asian Art,1800,1899,1849,1500:1999,||||||||China||,China,culture,0.55,true,country.8753,People's Republic of China,101.901875,35.486703,1.0,country:1.00,matched,2026-04-27T16:46:34Z
62772,Asian Art,1650,1650,1650,1500:1999,||||||||Japan||,Japan,culture,0.55,true,country.8820,Japan,138.59223,36.386493,1.0,country:1.00,matched,2026-04-27T16:46:48Z
194639,European Sculpture and Decorative Arts,1800,1815,1807,1500:1999,||||||||||,,none,0.00,false,,,,,,,,
309376,The Michael C. Rockefeller Wing,300,700,500,500:999,||||||Peru||Moche||,Peru,country,0.70,true,country.8880,Peru,-75.311132,-10.151093,1.0,country:1.00,matched,2026-04-27T16:47:00Z
194392,European Sculpture and Decorative Arts,1690,1715,1702,1500:1999,||||||||||French,France,department||artistNationality,0.53,true,country.8781,France,2.618787,47.824905,1.0,country:1.00,matched,2026-04-27T16:46:43Z
748327,Asian Art,1700,1799,1749,1500:1999,||||||||Japan||,Japan,culture,0.55,true,country.8820,Japan,138.59223,36.386493,1.0,country:1.00,matched,2026-04-27T16:46:48Z
460272,Robert Lehman Collection,1600,1700,1650,1500:1999,"||||||||Italian, perhaps Trapani||","Trapani, Italy",culture||country,0.55,true,place.59132016,"Trapani, Trapani, Italy",12.509619,38.015,1.0,place:1.00,matched,2026-04-27T16:47:11Z
49295,Asian Art,1650,1699,1674,1500:1999,||||||||Japan||,Japan,culture,0.55,true,country.8820,Japan,138.59223,36.386493,1.0,country:1.00,matched,2026-04-27T16:46:48Z
476258,Medieval Art,300,699,499,0:499,||Kharga Oasis||||Byzantine Egypt||Coptic||,"Kharga Oasis, Byzantine Egypt",state||country,0.72,true,country.8771,Egypt,29.871903,26.494184,0.388889,country:0.39,matched,2026-04-27T16:46:49Z
63126,Asian Art,1700,1799,1749,1500:1999,||||||||Japan||,Japan,culture,0.55,true,country.8820,Japan,138.59223,36.386493,1.0,country:1.00,matched,2026-04-27T16:46:48Z
449905,Islamic Art,775,899,837,500:999,Nishapur||||||Iran||||,"Nishapur, Iran",city||country,0.88,true,place.1878126,"Nishapur County, Razavi Khorasan, Iran",58.79233,36.21129,0.95,place:0.95,matched,2026-04-27T16:46:56Z
204671,European Sculpture and Decorative Arts,1695,1705,1700,1500:1999,||||||||||,,none,0.00,false,,,,,,,,
51003,Asian Art,1723,1735,1729,1500:1999,||||||||China||,China,culture,0.55,true,country.8753,People's Republic of China,101.901875,35.486703,1.0,country:1.00,matched,2026-04-27T16:46:34Z
478438,Medieval Art,300,699,499,0:499,||Kharga Oasis||||Byzantine Egypt||Coptic||,"Kharga Oasis, Byzantine Egypt",state||country,0.72,true,country.8771,Egypt,29.871903,26.494184,0.388889,country:0.39,matched,2026-04-27T16:46:49Z
52971,Asian Art,1723,1735,1729,1500:1999,||||||||China||,China,culture,0.55,true,country.8753,People's Republic of China,101.901875,35.486703,1.0,country:1.00,matched,2026-04-27T16:46:34Z
449771,Islamic Art,900,1099,999,500:999,Nishapur||||||Iran||||,"Nishapur, Iran",city||country,0.88,true,place.1878126,"Nishapur County, Razavi Khorasan, Iran",58.79233,36.21129,0.95,place:0.95,matched,2026-04-27T16:46:56Z
452036,Islamic Art,1475,1499,1487,1000:1499,||||||Iran||||,Iran,country,0.70,true,country.8814,Iran,54.301374,32.565838,1.0,country:1.00,matched,2026-04-27T16:46:46Z
57489,Asian Art,1300,1349,1324,1000:1499,||||||||Korea||,Korea,culture,0.55,true,country.8828,South Korea,128.168944,36.536236,1.0,country:1.00,matched,2026-04-27T16:46:49Z
46991,Asian Art,1740,1760,1750,1500:1999,||||||||Japan||,Japan,culture,0.55,true,country.8820,Japan,138.59223,36.386493,1.0,country:1.00,matched,2026-04-27T16:46:48Z
476282,Medieval Art,300,699,499,0:499,||Kharga Oasis||||Byzantine Egypt||Coptic||,"Kharga Oasis, Byzantine Egypt",state||country,0.72,true,country.8771,Egypt,29.871903,26.494184,0.388889,country:0.39,matched,2026-04-27T16:46:49Z
39513,Asian Art,700,799,749,500:999,||||||||Korea||,Korea,culture,0.55,true,country.8828,South Korea,128.168944,36.536236,1.0,country:1.00,matched,2026-04-27T16:46:49Z
197580,European Sculpture and Decorative Arts,1745,1760,1752,1500:1999,||||||||||,,none,0.00,false,,,,,,,,
47619,Asian Art,1740,1760,1750,1500:1999,||||||||Japan||,Japan,culture,0.55,true,country.8820,Japan,138.59223,36.386493,1.0,country:1.00,matched,2026-04-27T16:46:48Z
444496,Islamic Art,1650,1699,1674,1500:1999,||||||Iran||||,Iran,country,0.70,true,country.8814,Iran,54.301374,32.565838,1.0,country:1.00,matched,2026-04-27T16:46:46Z
450930,Islamic Art,1100,1199,1149,1000:1499,Raqqa||||||Syria||||,"Raqqa, Syria",city||country,0.88,true,place.13035735,"Raqqa, Al-Raqqah, Syria",39.008921,35.949678,1.0,place:1.00,matched,2026-04-27T16:47:01Z
460132,Robert Lehman Collection,1467,1493,1480,1000:1499,"||||||||Italian, probably Florence or vicinity||","Florence, Italy",culture||country,0.35,true,place.22481008,"Florence, Florence, Italy",11.256129,43.771484,1.0,place:1.00,matched,2026-04-27T16:46:42Z
701291,Asian Art,1622,1722,1672,1500:1999,||||||||China||,China,culture,0.55,true,country.8753,People's Republic of China,101.901875,35.486703,1.0,country:1.00,matched,2026-04-27T16:46:34Z
315677,The Michael C. Rockefeller Wing,-300,200,-50,-500:-1,||||||Peru||Vicús||,Peru,country,0.70,true,country.8880,Peru,-75.311132,-10.151093,1.0,country:1.00,matched,2026-04-27T16:47:00Z
50355,Asian Art,1100,1199,1149,1000:1499,||||||||Korea||,Korea,culture,0.55,true,country.8828,South Korea,128.168944,36.536236,1.0,country:1.00,matched,2026-04-27T16:46:49Z
42228,Asian Art,1800,1899,1849,1500:1999,||||||||China||,China,culture,0.55,true,country.8753,People's Republic of China,101.901875,35.486703,1.0,country:1.00,matched,2026-04-27T16:46:34Z
47622,Asian Art,1700,1799,1749,1500:1999,||||||||China||,China,culture,0.55,true,country.8753,People's Republic of China,101.901875,35.486703,1.0,country:1.00,matched,2026-04-27T16:46:34Z
309338,The Michael C. Rockefeller Wing,400,700,550,500:999,||||||Peru||Moche||,Peru,country,0.70,true,country.8880,Peru,-75.311132,-10.151093,1.0,country:1.00,matched,2026-04-27T16:47:00Z
330104,Medieval Art,1300,1400,1350,1000:1499,Paterna||Valencia||||Spain||Spanish||,"Paterna, Valencia, Spain, Valencia, Spain",city||state||country,0.95,true,place.43223110,"Paterna, Valencia, Spain",-0.442689,39.503807,1.0,place:1.00,matched,2026-04-27T16:46:59Z
478436,Medieval Art,300,699,499,0:499,||Kharga Oasis||||Byzantine Egypt||Coptic||,"Kharga Oasis, Byzantine Egypt",state||country,0.72,true,country.8771,Egypt,29.871903,26.494184,0.388889,country:0.39,matched,2026-04-27T16:46:49Z
670806,European Sculpture and Decorative Arts,1877,1887,1882,1500:1999,"||||||||||British, Scottish",Scotland,department||artistNationality,0.35,true,region.17487,"Scotland, United Kingdom",-4.095892,56.734282,1.0,region:1.00,matched,2026-04-27T16:47:05Z
444503,Islamic Art,1300,1399,1349,1000:1499,||||||Iran||||,Iran,country,0.70,true,country.8814,Iran,54.301374,32.565838,1.0,country:1.00,matched,2026-04-27T16:46:46Z
49909,Asian Art,800,899,849,500:999,||||||||China||,China,culture,0.55,true,country.8753,People's Republic of China,101.901875,35.486703,1.0,country:1.00,matched,2026-04-27T16:46:34Z
310215,The Michael C. Rockefeller Wing,-600,-300,-450,-500:-1,||||||Peru||Paracas||,Peru,country,0.70,true,country.8880,Peru,-75.311132,-10.151093,1.0,country:1.00,matched,2026-04-27T16:47:00Z
444481,Islamic Art,1300,1399,1349,1000:1499,||||||Iran||||,Iran,country,0.70,true,country.8814,Iran,54.301374,32.565838,1.0,country:1.00,matched,2026-04-27T16:46:46Z
451619,Islamic Art,1200,1299,1249,1000:1499,Kashan||||||Iran||||,"Kashan, Iran",city||country,0.88,true,place.1255534,"Kashan County, Isfahan, Iran",51.44271,33.98714,0.98,place:0.98,matched,2026-04-27T16:46:48Z
460280,Robert Lehman Collection,1500,1535,1517,1500:1999,||||||||Italian (supposedly Faenza or Florence)||,"Faenza, Italy",culture||country,0.35,true,place.21547120,"Faenza, Ravenna, Italy",11.882004,44.285633,1.0,place:1.00,matched,2026-04-27T16:46:41Z
197224,European Sculpture and Decorative Arts,1550,1599,1574,1500:1999,||||||||||,,none,0.00,false,,,,,,,,
53773,Asian Art,1700,1799,1749,1500:1999,||||||||China||,China,culture,0.55,true,country.8753,People's Republic of China,101.901875,35.486703,1.0,country:1.00,matched,2026-04-27T16:46:34Z
476300,Medieval Art,300,699,499,0:499,||Kharga Oasis||||Byzantine Egypt||Coptic||,"Kharga Oasis, Byzantine Egypt",state||country,0.72,true,country.8771,Egypt,29.871903,26.494184,0.388889,country:0.39,matched,2026-04-27T16:46:49Z
460147,Robert Lehman Collection,1477,1493,1485,1000:1499,"||||||||Italian, Faenza||","Faenza, Italy",culture||country,0.55,true,place.21547120,"Faenza, Ravenna, Italy",11.882004,44.285633,1.0,place:1.00,matched,2026-04-27T16:46:41Z
208040,European Sculpture and Decorative Arts,1755,1775,1765,1500:1999,||||||||||Italian,Italy,department||artistNationality,0.53,true,country.8816,Italy,12.646361,42.504154,1.0,country:1.00,matched,2026-04-27T16:46:47Z
444517,Islamic Art,1675,1699,1687,1500:1999,||||||Iran||||,Iran,country,0.70,true,country.8814,Iran,54.301374,32.565838,1.0,country:1.00,matched,2026-04-27T16:46:46Z
45883,Asian Art,1800,1899,1849,1500:1999,||||||||China||,China,culture,0.55,true,country.8753,People's Republic of China,101.901875,35.486703,1.0,country:1.00,matched,2026-04-27T16:46:34Z
193064,European Sculpture and Decorative Arts,1800,1815,1807,1500:1999,||||||||||,,none,0.00,false,,,,,,,,
62681,Asian Art,1800,1899,1849,1500:1999,||||||||Japan||,Japan,culture,0.55,true,country.8820,Japan,138.59223,36.386493,1.0,country:1.00,matched,2026-04-27T16:46:48Z
48765,Asian Art,1700,1799,1749,1500:1999,||||||||Japan||,Japan,culture,0.55,true,country.8820,Japan,138.59223,36.386493,1.0,country:1.00,matched,2026-04-27T16:46:48Z
42272,Asian Art,1700,1899,1799,1500:1999,||||||||China||,China,culture,0.55,true,country.8753,People's Republic of China,101.901875,35.486703,1.0,country:1.00,matched,2026-04-27T16:46:34Z
210783,European Sculpture and Decorative Arts,1842,1842,1842,1500:1999,||||||||||British,Britain,department||artistNationality,0.53,true,country.8783,United Kingdom,-2.36967,54.237933,1.0,country:1.00,matched,2026-04-27T16:46:31Z
670992,Asian Art,1700,1799,1749,1500:1999,||||||||Japan||,Japan,culture,0.55,true,country.8820,Japan,138.59223,36.386493,1.0,country:1.00,matched,2026-04-27T16:46:48Z
42208,Asian Art,1667,1733,1700,1500:1999,||||||||China||,China,culture,0.55,true,country.8753,People's Republic of China,101.901875,35.486703,1.0,country:1.00,matched,2026-04-27T16:46:34Z
46968,Asian Art,1700,1799,1749,1500:1999,||||||||Japan||,Japan,culture,0.55,true,country.8820,Japan,138.59223,36.386493,1.0,country:1.00,matched,2026-04-27T16:46:48Z
49270,Asian Art,1300,1499,1399,1000:1499,||||||||Japan||,Japan,culture,0.55,true,country.8820,Japan,138.59223,36.386493,1.0,country:1.00,matched,2026-04-27T16:46:48Z
476251,Medieval Art,300,699,499,0:499,||Kharga Oasis||||Byzantine Egypt||Coptic||,"Kharga Oasis, Byzantine Egypt",state||country,0.72,true,country.8771,Egypt,29.871903,26.494184,0.388889,country:0.39,matched,2026-04-27T16:46:49Z
449906,Islamic Art,800,999,899,500:999,Nishapur||||||Iran||||,"Nishapur, Iran",city||country,0.88,true,place.1878126,"Nishapur County, Razavi Khorasan, Iran",58.79233,36.21129,0.95,place:0.95,matched,2026-04-27T16:46:56Z
50305,Asian Art,100,399,249,0:499,||||||||Japan||,Japan,culture,0.55,true,country.8820,Japan,138.59223,36.386493,1.0,country:1.00,matched,2026-04-27T16:46:48Z
46665,Asian Art,1800,1899,1849,1500:1999,||||||||China||,China,culture,0.55,true,country.8753,People's Republic of China,101.901875,35.486703,1.0,country:1.00,matched,2026-04-27T16:46:34Z
52916,Asian Art,1662,1722,1692,1500:1999,||||||||China||,China,culture,0.55,true,country.8753,People's Republic of China,101.901875,35.486703,1.0,country:1.00,matched,2026-04-27T16:46:34Z
451873,Islamic Art,1600,1699,1649,1500:1999,||||||Iran||||,Iran,country,0.70,true,country.8814,Iran,54.301374,32.565838,1.0,country:1.00,matched,2026-04-27T16:46:46Z
475416,Medieval Art,610,650,630,500:999,||||||||Byzantine (Egypt)||,"Egypt, Byzantine",culture||country,0.55,true,country.8771,Egypt,29.871903,26.494184,0.5,country:0.50,matched,2026-04-27T16:46:40Z
51020,Asian Art,1736,1795,1765,1500:1999,||||||||China||,China,culture,0.55,true,country.8753,People's Republic of China,101.901875,35.486703,1.0,country:1.00,matched,2026-04-27T16:46:34Z
187701,European Sculpture and Decorative Arts,1705,1765,1735,1500:1999,||||||||||,,none,0.00,false,,,,,,,,
50837,Asian Art,1668,1722,1695,1500:1999,||||||||China||,China,culture,0.55,true,country.8753,People's Republic of China,101.901875,35.486703,1.0,country:1.00,matched,2026-04-27T16:46:34Z
853981,Asian Art,1225,1299,1262,1000:1499,"||||||||Vietnam, Hong River region||","Red River Delta, Vietnam",culture||country,0.55,true,country.8948,Vietnam,108.339537,14.315424,0.388889,country:0.39,matched,2026-04-27T16:47:03Z
450943,Islamic Art,1175,1250,1212,1000:1499,Raqqa||||||Syria||||,"Raqqa, Syria",city||country,0.88,true,place.13035735,"Raqqa, Al-Raqqah, Syria",39.008921,35.949678,1.0,place:1.00,matched,2026-04-27T16:47:01Z
476266,Medieval Art,300,699,499,0:499,||Kharga Oasis||||Byzantine Egypt||Coptic||,"Kharga Oasis, Byzantine Egypt",state||country,0.72,true,country.8771,Egypt,29.871903,26.494184,0.388889,country:0.39,matched,2026-04-27T16:46:49Z
308380,The Michael C. Rockefeller Wing,100,400,250,0:499,||||||Peru||Nasca||,Peru,country,0.70,true,country.8880,Peru,-75.311132,-10.151093,1.0,country:1.00,matched,2026-04-27T16:47:00Z
46547,Asian Art,1700,1799,1749,1500:1999,||||||||China||,China,culture,0.55,true,country.8753,People's Republic of China,101.901875,35.486703,1.0,country:1.00,matched,2026-04-27T16:46:34Z
48551,Asian Art,1567,1633,1600,1500:1999,||||||||China||,China,culture,0.55,true,country.8753,People's Republic of China,101.901875,35.486703,1.0,country:1.00,matched,2026-04-27T16:46:34Z
460665,Robert Lehman Collection,1662,1722,1692,1500:1999,||||||||Chinese||,China,culture,0.55,true,country.8753,People's Republic of China,101.901875,35.486703,1.0,country:1.00,matched,2026-04-27T16:46:34Z
42257,Asian Art,1700,1733,1716,1500:1999,||||||||China||,China,culture,0.55,true,country.8753,People's Republic of China,101.901875,35.486703,1.0,country:1.00,matched,2026-04-27T16:46:34Z
448447,Islamic Art,1600,1699,1649,1500:1999,||||||Syria||||,Syria,country,0.70,true,country.8919,Syria,38.505592,35.013048,1.0,country:1.00,matched,2026-04-27T16:47:09Z
49352,Asian Art,1709,1709,1709,1500:1999,||||||||China||,China,culture,0.55,true,country.8753,People's Republic of China,101.901875,35.486703,1.0,country:1.00,matched,2026-04-27T16:46:34Z
196360,European Sculpture and Decorative Arts,1825,1835,1830,1500:1999,||||||||||,,none,0.00,false,,,,,,,,
63526,Asian Art,1934,1966,1950,1500:1999,||||||||Japan||Japanese,Japan,culture,0.55,true,country.8820,Japan,138.59223,36.386493,1.0,country:1.00,matched,2026-04-27T16:46:48Z
190474,European Sculpture and Decorative Arts,1800,1899,1849,1500:1999,||||||||||American and French,United States,department||artistNationality,0.15,false,country.8940,United States,-97.922211,39.381266,1.0,country:1.00,matched,2026-04-27T16:47:13Z
192830,European Sculpture and Decorative Arts,1755,1765,1760,1500:1999,||||||||||British,Britain,department||artistNationality,0.53,true,country.8783,United Kingdom,-2.36967,54.237933,1.0,country:1.00,matched,2026-04-27T16:46:31Z
50694,Asian Art,1700,1749,1724,1500:1999,||||||||China||,China,culture,0.55,true,country.8753,People's Republic of China,101.901875,35.486703,1.0,country:1.00,matched,2026-04-27T16:46:34Z
47215,Asian Art,1700,1799,1749,1500:1999,||||||||Japan||,Japan,culture,0.55,true,country.8820,Japan,138.59223,36.386493,1.0,country:1.00,matched,2026-04-27T16:46:48Z
460277,Robert Lehman Collection,1477,1503,1490,1000:1499,"||||||||Italian, Naples||","Naples, Italy",culture||country,0.55,true,place.36685936,"Naples, Naples, Italy",14.253269,40.84603,1.0,place:1.00,matched,2026-04-27T16:46:55Z
771034,European Sculpture and Decorative Arts,1877,1890,1883,1500:1999,||||||||||British,Britain,department||artistNationality,0.53,true,country.8783,United Kingdom,-2.36967,54.237933,1.0,country:1.00,matched,2026-04-27T16:46:31Z
48844,Asian Art,1500,1644,1572,1500:1999,||||||||China||,China,culture,0.55,true,country.8753,People's Republic of China,101.901875,35.486703,1.0,country:1.00,matched,2026-04-27T16:46:34Z
36454,Asian Art,1867,1933,1900,1500:1999,||||||||Korea||,Korea,culture,0.55,true,country.8828,South Korea,128.168944,36.536236,1.0,country:1.00,matched,2026-04-27T16:46:49Z
47647,Asian Art,1767,1799,1783,1500:1999,||||||||China||,China,culture,0.55,true,country.8753,People's Republic of China,101.901875,35.486703,1.0,country:1.00,matched,2026-04-27T16:46:34Z
463554,Medieval Art,1420,1450,1435,1000:1499,Florence or its vicinity||Tuscany||||Italy||Italian||,"Florence, Tuscany, Italy",city||state||country,0.75,true,place.22481008,"Florence, Florence, Italy",11.256129,43.771484,0.666667,place:0.67,matched,2026-04-27T16:46:42Z
42358,Asian Art,1667,1733,1700,1500:1999,||||||||China||,China,culture,0.55,true,country.8753,People's Republic of China,101.901875,35.486703,1.0,country:1.00,matched,2026-04-27T16:46:34Z
188645,European Sculpture and Decorative Arts,1778,1799,1788,1500:1999,||||||||||German,Germany,department||artistNationality,0.53,true,country.8762,Germany,10.018343,51.133481,1.0,country:1.00,matched,2026-04-27T16:46:43Z
47527,Asian Art,1800,1849,1824,1500:1999,||||||||China||,China,culture,0.55,true,country.8753,People's Republic of China,101.901875,35.486703,1.0,country:1.00,matched,2026-04-27T16:46:34Z
199320,European Sculpture and Decorative Arts,1745,1755,1750,1500:1999,||||||||||,,none,0.00,false,,,,,,,,
47327,Asian Art,1720,1720,1720,1500:1999,||||||||Japan||,Japan,culture,0.55,true,country.8820,Japan,138.59223,36.386493,1.0,country:1.00,matched,2026-04-27T16:46:48Z
48643,Asian Art,1736,1795,1765,1500:1999,||||||||China||,China,culture,0.55,true,country.8753,People's Republic of China,101.901875,35.486703,1.0,country:1.00,matched,2026-04-27T16:46:34Z
51130,Asian Art,1800,1849,1824,1500:1999,||||||||China||,China,culture,0.55,true,country.8753,People's Republic of China,101.901875,35.486703,1.0,country:1.00,matched,2026-04-27T16:46:34Z
52040,Asian Art,1662,1722,1692,1500:1999,||||||||China||,China,culture,0.55,true,country.8753,People's Republic of China,101.901875,35.486703,1.0,country:1.00,matched,2026-04-27T16:46:34Z
50742,Asian Art,1768,1899,1833,1500:1999,||||||||China||,China,culture,0.55,true,country.8753,People's Republic of China,101.901875,35.486703,1.0,country:1.00,matched,2026-04-27T16:46:34Z
188765,European Sculpture and Decorative Arts,1680,1700,1690,1500:1999,||||||||||French,France,department||artistNationality,0.53,true,country.8781,France,2.618787,47.824905,1.0,country:1.00,matched,2026-04-27T16:46:43Z
448696,Islamic Art,700,799,749,500:999,Ctesiphon||||||Iraq||||,"Ctesiphon, Iraq",city||country,0.88,true,country.8813,Iraq,43.404716,33.048056,0.5,country:0.50,matched,2026-04-27T16:46:37Z
208397,European Sculpture and Decorative Arts,1700,1799,1749,1500:1999,||||||||||,,none,0.00,false,,,,,,,,
47923,Asian Art,1767,1799,1783,1500:1999,||||||||Japan||,Japan,culture,0.55,true,country.8820,Japan,138.59223,36.386493,1.0,country:1.00,matched,2026-04-27T16:46:48Z
446936,Islamic Art,1700,1799,1749,1500:1999,||||||Iran||||,Iran,country,0.70,true,country.8814,Iran,54.301374,32.565838,1.0,country:1.00,matched,2026-04-27T16:46:46Z
46687,Asian Art,1800,1899,1849,1500:1999,||||||||Japan||Japanese,Japan,culture,0.55,true,country.8820,Japan,138.59223,36.386493,1.0,country:1.00,matched,2026-04-27T16:46:48Z
48669,Asian Art,1662,1722,1692,1500:1999,||||||||China||,China,culture,0.55,true,country.8753,People's Republic of China,101.901875,35.486703,1.0,country:1.00,matched,2026-04-27T16:46:34Z
460184,Robert Lehman Collection,1527,1543,1535,1500:1999,"||||||||Italian, Castelli||","Castelli, Italy",culture||country,0.55,true,place.13543536,"Castelli, Teramo, Italy",13.711486,42.488766,1.0,place:1.00,matched,2026-04-27T16:46:32Z
62555,Asian Art,1700,1799,1749,1500:1999,||||||||Japan||,Japan,culture,0.55,true,country.8820,Japan,138.59223,36.386493,1.0,country:1.00,matched,2026-04-27T16:46:48Z
187828,European Sculpture and Decorative Arts,1700,1799,1749,1500:1999,||||||||||,,none,0.00,false,,,,,,,,
42421,Asian Art,1678,1688,1683,1500:1999,||||||||China||,China,culture,0.55,true,country.8753,People's Republic of China,101.901875,35.486703,1.0,country:1.00,matched,2026-04-27T16:46:34Z
50783,Asian Art,1400,1599,1499,1000:1499,||||||||China||,China,culture,0.55,true,country.8753,People's Republic of China,101.901875,35.486703,1.0,country:1.00,matched,2026-04-27T16:46:34Z
48767,Asian Art,1662,1722,1692,1500:1999,||||||||China||,China,culture,0.55,true,country.8753,People's Republic of China,101.901875,35.486703,1.0,country:1.00,matched,2026-04-27T16:46:34Z
57425,Asian Art,1140,1160,1150,1000:1499,||||||||Korea||,Korea,culture,0.55,true,country.8828,South Korea,128.168944,36.536236,1.0,country:1.00,matched,2026-04-27T16:46:49Z
188976,European Sculpture and Decorative Arts,1745,1755,1750,1500:1999,||||||||||,,none,0.00,false,,,,,,,,
309399,The Michael C. Rockefeller Wing,1400,1550,1475,1000:1499,||||||Peru||Inca||,Peru,country,0.70,true,country.8880,Peru,-75.311132,-10.151093,1.0,country:1.00,matched,2026-04-27T16:47:00Z
48726,Asian Art,1368,1644,1506,1500:1999,||||||||China||,China,culture,0.55,true,country.8753,People's Republic of China,101.901875,35.486703,1.0,country:1.00,matched,2026-04-27T16:46:34Z
63020,Asian Art,1780,1780,1780,1500:1999,||||||||Japan||,Japan,culture,0.55,true,country.8820,Japan,138.59223,36.386493,1.0,country:1.00,matched,2026-04-27T16:46:48Z
445301,Islamic Art,1200,1399,1299,1000:1499,||||||Spain or North Africa||||,Spain,country,0.50,true,country.8774,Spain,-4.055685,41.294856,1.0,country:1.00,matched,2026-04-27T16:47:07Z
848444,European Sculpture and Decorative Arts,1675,1695,1685,1500:1999,||||||||||German,Germany,department||artistNationality,0.53,true,country.8762,Germany,10.018343,51.133481,1.0,country:1.00,matched,2026-04-27T16:46:43Z
62916,Asian Art,1650,1650,1650,1500:1999,||||||||Japan||,Japan,culture,0.55,true,country.8820,Japan,138.59223,36.386493,1.0,country:1.00,matched,2026-04-27T16:46:48Z
52732,Asian Art,1662,1722,1692,1500:1999,||||||||China||,China,culture,0.55,true,country.8753,People's Republic of China,101.901875,35.486703,1.0,country:1.00,matched,2026-04-27T16:46:34Z
194588,European Sculpture and Decorative Arts,1685,1699,1692,1500:1999,||||||||||,,none,0.00,false,,,,,,,,
39590,Asian Art,1271,1299,1285,1000:1499,||||||||Korea||,Korea,culture,0.55,true,country.8828,South Korea,128.168944,36.536236,1.0,country:1.00,matched,2026-04-27T16:46:49Z
444451,Islamic Art,1700,1799,1749,1500:1999,||||||Iran||||,Iran,country,0.70,true,country.8814,Iran,54.301374,32.565838,1.0,country:1.00,matched,2026-04-27T16:46:46Z
46915,Asian Art,1736,1795,1765,1500:1999,||||||||China||,China,culture,0.55,true,country.8753,People's Republic of China,101.901875,35.486703,1.0,country:1.00,matched,2026-04-27T16:46:34Z
461224,Robert Lehman Collection,1798,1902,1850,1500:1999,||||||||Chinese||,China,culture,0.55,true,country.8753,People's Republic of China,101.901875,35.486703,1.0,country:1.00,matched,2026-04-27T16:46:34Z
310521,The Michael C. Rockefeller Wing,500,699,599,500:999,||||||Peru||Moche||,Peru,country,0.70,true,country.8880,Peru,-75.311132,-10.151093,1.0,country:1.00,matched,2026-04-27T16:47:00Z
309482,The Michael C. Rockefeller Wing,300,700,500,500:999,||||||Peru||Moche||,Peru,country,0.70,true,country.8880,Peru,-75.311132,-10.151093,1.0,country:1.00,matched,2026-04-27T16:47:00Z
204377,European Sculpture and Decorative Arts,1800,1899,1849,1500:1999,||||||||||,,none,0.00,false,,,,,,,,
52066,Asian Art,1736,1795,1765,1500:1999,||||||||China||,China,culture,0.55,true,country.8753,People's Republic of China,101.901875,35.486703,1.0,country:1.00,matched,2026-04-27T16:46:34Z
42247,Asian Art,1713,1722,1717,1500:1999,||||||||China||,China,culture,0.55,true,country.8753,People's Republic of China,101.901875,35.486703,1.0,country:1.00,matched,2026-04-27T16:46:34Z
57522,Asian Art,150,450,300,0:499,||||||||Korea||,Korea,culture,0.55,true,country.8828,South Korea,128.168944,36.536236,1.0,country:1.00,matched,2026-04-27T16:46:49Z
208181,European Sculpture and Decorative Arts,1685,1695,1690,1500:1999,||||||||||French,France,department||artistNationality,0.53,true,country.8781,France,2.618787,47.824905,1.0,country:1.00,matched,2026-04-27T16:46:43Z
50885,Asian Art,1667,1733,1700,1500:1999,||||||||China||,China,culture,0.55,true,country.8753,People's Republic of China,101.901875,35.486703,1.0,country:1.00,matched,2026-04-27T16:46:34Z
310359,The Michael C. Rockefeller Wing,100,600,350,0:499,||||||Peru||Nasca||,Peru,country,0.70,true,country.8880,Peru,-75.311132,-10.151093,1.0,country:1.00,matched,2026-04-27T16:47:00Z
62692,Asian Art,1700,1799,1749,1500:1999,||||||||Japan||,Japan,culture,0.55,true,country.8820,Japan,138.59223,36.386493,1.0,country:1.00,matched,2026-04-27T16:46:48Z
47680,Asian Art,1700,1799,1749,1500:1999,||||||||Japan||,Japan,culture,0.55,true,country.8820,Japan,138.59223,36.386493,1.0,country:1.00,matched,2026-04-27T16:46:48Z
856856,Asian Art,1700,1799,1749,1500:1999,||||||||China||,China,culture,0.55,true,country.8753,People's Republic of China,101.901875,35.486703,1.0,country:1.00,matched,2026-04-27T16:46:34Z
42498,Asian Art,1400,1433,1416,1000:1499,||||||||China||,China,culture,0.55,true,country.8753,People's Republic of China,101.901875,35.486703,1.0,country:1.00,matched,2026-04-27T16:46:34Z
46624,Asian Art,1768,1899,1833,1500:1999,||||||||China||,China,culture,0.55,true,country.8753,People's Republic of China,101.901875,35.486703,1.0,country:1.00,matched,2026-04-27T16:46:34Z
460173,Robert Lehman Collection,1517,1533,1525,1500:1999,"||||||||Italian, Deruta||","Deruta, Italy",culture||country,0.55,true,place.20514928,"Deruta, Perugia, Italy",12.420198,42.98219,1.0,place:1.00,matched,2026-04-27T16:46:38Z
314699,The Michael C. Rockefeller Wing,100,300,200,0:499,||||||Peru||Vicús||,Peru,country,0.70,true,country.8880,Peru,-75.311132,-10.151093,1.0,country:1.00,matched,2026-04-27T16:47:00Z
48648,Asian Art,1700,1722,1711,1500:1999,||||||||China||,China,culture,0.55,true,country.8753,People's Republic of China,101.901875,35.486703,1.0,country:1.00,matched,2026-04-27T16:46:34Z
871715,European Sculpture and Decorative Arts,1898,1908,1903,1500:1999,||||||||||French,France,department||artistNationality,0.53,true,country.8781,France,2.618787,47.824905,1.0,country:1.00,matched,2026-04-27T16:46:43Z
444518,Islamic Art,1600,1699,1649,1500:1999,||||||Iran||||,Iran,country,0.70,true,country.8814,Iran,54.301374,32.565838,1.0,country:1.00,matched,2026-04-27T16:46:46Z
62769,Asian Art,1820,1820,1820,1500:1999,||||||||Japan||,Japan,culture,0.55,true,country.8820,Japan,138.59223,36.386493,1.0,country:1.00,matched,2026-04-27T16:46:48Z
47409,Asian Art,1700,1799,1749,1500:1999,||||||||China||,China,culture,0.55,true,country.8753,People's Republic of China,101.901875,35.486703,1.0,country:1.00,matched,2026-04-27T16:46:34Z
208245,European Sculpture and Decorative Arts,1660,1680,1670,1500:1999,||||||||||,,none,0.00,false,,,,,,,,
194234,European Sculpture and Decorative Arts,1765,1775,1770,1500:1999,||||||||||German,Germany,department||artistNationality,0.53,true,country.8762,Germany,10.018343,51.133481,1.0,country:1.00,matched,2026-04-27T16:46:43Z
449089,Islamic Art,800,999,899,500:999,Nishapur||||||Iran||||,"Nishapur, Iran",city||country,0.88,true,place.1878126,"Nishapur County, Razavi Khorasan, Iran",58.79233,36.21129,0.95,place:0.95,matched,2026-04-27T16:46:56Z
208121,European Sculpture and Decorative Arts,1735,1740,1737,1500:1999,||||||||||,,none,0.00,false,,,,,,,,
454766,Islamic Art,1562,1653,1607,1500:1999,||||||Iran||||,Iran,country,0.70,true,country.8814,Iran,54.301374,32.565838,1.0,country:1.00,matched,2026-04-27T16:46:46Z
50748,Asian Art,1800,1899,1849,1500:1999,||||||||China||,China,culture,0.55,true,country.8753,People's Republic of China,101.901875,35.486703,1.0,country:1.00,matched,2026-04-27T16:46:34Z
475758,Medieval Art,300,699,499,0:499,||Kharga Oasis||||Byzantine Egypt||Coptic||,"Kharga Oasis, Byzantine Egypt",state||country,0.72,true,country.8771,Egypt,29.871903,26.494184,0.388889,country:0.39,matched,2026-04-27T16:46:49Z
188633,European Sculpture and Decorative Arts,1765,1780,1772,1500:1999,||||||||||Belgian,Belgium,department||artistNationality,0.35,true,country.8725,Belgium,4.633575,50.438696,1.0,country:1.00,matched,2026-04-27T16:46:30Z
447177,Islamic Art,1100,1299,1199,1000:1499,Rayy||||||Iran||||,"Rayy, Iran",city||country,0.88,true,country.8814,Iran,54.301374,32.565838,0.5,country:0.50,matched,2026-04-27T16:47:02Z
476280,Medieval Art,300,699,499,0:499,||Kharga Oasis||||Byzantine Egypt||Coptic||,"Kharga Oasis, Byzantine Egypt",state||country,0.72,true,country.8771,Egypt,29.871903,26.494184,0.388889,country:0.39,matched,2026-04-27T16:46:49Z
47853,Asian Art,1800,1899,1849,1500:1999,||||||||Japan||,Japan,culture,0.55,true,country.8820,Japan,138.59223,36.386493,1.0,country:1.00,matched,2026-04-27T16:46:48Z
308710,The Michael C. Rockefeller Wing,-500,-100,-300,-500:-1,||||||Peru||Paracas||,Peru,country,0.70,true,country.8880,Peru,-75.311132,-10.151093,1.0,country:1.00,matched,2026-04-27T16:47:00Z
44419,Asian Art,99,299,199,0:499,||||||||China||,China,culture,0.55,true,country.8753,People's Republic of China,101.901875,35.486703,1.0,country:1.00,matched,2026-04-27T16:46:34Z
192810,European Sculpture and Decorative Arts,1770,1780,1775,1500:1999,||||||||||British,Britain,department||artistNationality,0.53,true,country.8783,United Kingdom,-2.36967,54.237933,1.0,country:1.00,matched,2026-04-27T16:46:31Z
823194,European Sculpture and Decorative Arts,1862,1872,1867,1500:1999,"||||||||||British, Scottish",Scotland,department||artistNationality,0.35,true,region.17487,"Scotland, United Kingdom",-4.095892,56.734282,1.0,region:1.00,matched,2026-04-27T16:47:05Z
50737,Asian Art,1700,1799,1749,1500:1999,||||||||China||,China,culture,0.55,true,country.8753,People's Republic of China,101.901875,35.486703,1.0,country:1.00,matched,2026-04-27T16:46:34Z
62597,Asian Art,1700,1799,1749,1500:1999,||||||||Japan||,Japan,culture,0.55,true,country.8820,Japan,138.59223,36.386493,1.0,country:1.00,matched,2026-04-27T16:46:48Z
314697,The Michael C. Rockefeller Wing,100,600,350,0:499,||||||Peru||Moche||,Peru,country,0.70,true,country.8880,Peru,-75.311132,-10.151093,1.0,country:1.00,matched,2026-04-27T16:47:00Z
195307,European Sculpture and Decorative Arts,1720,1735,1727,1500:1999,||||||||||French,France,department||artistNationality,0.53,true,country.8781,France,2.618787,47.824905,1.0,country:1.00,matched,2026-04-27T16:46:43Z
51161,Asian Art,1768,1833,1800,1500:1999,||||||||China||,China,culture,0.55,true,country.8753,People's Republic of China,101.901875,35.486703,1.0,country:1.00,matched,2026-04-27T16:46:34Z
48781,Asian Art,1768,1799,1783,1500:1999,||||||||China||,China,culture,0.55,true,country.8753,People's Republic of China,101.901875,35.486703,1.0,country:1.00,matched,2026-04-27T16:46:34Z
460265,Robert Lehman Collection,1548,1602,1575,1500:1999,"||||||||Italian, probably Faenza||","Faenza, Italy",culture||country,0.35,true,place.21547120,"Faenza, Ravenna, Italy",11.882004,44.285633,1.0,place:1.00,matched,2026-04-27T16:46:41Z
658718,European Sculpture and Decorative Arts,1887,1899,1893,1500:1999,"||||||||||British, Scottish",Scotland,department||artistNationality,0.35,true,region.17487,"Scotland, United Kingdom",-4.095892,56.734282,1.0,region:1.00,matched,2026-04-27T16:47:05Z
57366,Asian Art,1900,1933,1916,1500:1999,||||||||Korea||,Korea,culture,0.55,true,country.8828,South Korea,128.168944,36.536236,1.0,country:1.00,matched,2026-04-27T16:46:49Z
309521,The Michael C. Rockefeller Wing,-1200,-400,-800,-1000:-501,||||||Peru||Cupisnique||,Peru,country,0.70,true,country.8880,Peru,-75.311132,-10.151093,1.0,country:1.00,matched,2026-04-27T16:47:00Z
475751,Medieval Art,300,699,499,0:499,||Kharga Oasis||||Byzantine Egypt||Coptic||,"Kharga Oasis, Byzantine Egypt",state||country,0.72,true,country.8771,Egypt,29.871903,26.494184,0.388889,country:0.39,matched,2026-04-27T16:46:49Z
50881,Asian Art,1771,1849,1810,1500:1999,||||||||China||,China,culture,0.55,true,country.8753,People's Republic of China,101.901875,35.486703,1.0,country:1.00,matched,2026-04-27T16:46:34Z
48677,Asian Art,1700,1795,1747,1500:1999,||||||||China||,China,culture,0.55,true,country.8753,People's Republic of China,101.901875,35.486703,1.0,country:1.00,matched,2026-04-27T16:46:34Z
46676,Asian Art,1723,1735,1729,1500:1999,||||||||China||,China,culture,0.55,true,country.8753,People's Republic of China,101.901875,35.486703,1.0,country:1.00,matched,2026-04-27T16:46:34Z
307869,The Michael C. Rockefeller Wing,200,500,350,0:499,||||||Peru||Moche||,Peru,country,0.70,true,country.8880,Peru,-75.311132,-10.151093,1.0,country:1.00,matched,2026-04-27T16:47:00Z
63083,Asian Art,1750,1750,1750,1500:1999,||||||||Japan||,Japan,culture,0.55,true,country.8820,Japan,138.59223,36.386493,1.0,country:1.00,matched,2026-04-27T16:46:48Z
205330,European Sculpture and Decorative Arts,1755,1765,1760,1500:1999,||||||||||British,Britain,department||artistNationality,0.53,true,country.8783,United Kingdom,-2.36967,54.237933,1.0,country:1.00,matched,2026-04-27T16:46:31Z
449874,Islamic Art,800,899,849,500:999,Nishapur||||||Iran||||,"Nishapur, Iran",city||country,0.88,true,place.1878126,"Nishapur County, Razavi Khorasan, Iran",58.79233,36.21129,0.95,place:0.95,matched,2026-04-27T16:46:56Z
46863,Asian Art,1700,1799,1749,1500:1999,||||||||China||,China,culture,0.55,true,country.8753,People's Republic of China,101.901875,35.486703,1.0,country:1.00,matched,2026-04-27T16:46:34Z
47947,Asian Art,1300,1399,1349,1000:1499,||||||||Japan||,Japan,culture,0.55,true,country.8820,Japan,138.59223,36.386493,1.0,country:1.00,matched,2026-04-27T16:46:48Z
450459,Islamic Art,1100,1299,1199,1000:1499,||||||Iran||||,Iran,country,0.70,true,country.8814,Iran,54.301374,32.565838,1.0,country:1.00,matched,2026-04-27T16:46:46Z
48052,Asian Art,1668,1722,1695,1500:1999,||||||||China||,China,culture,0.55,true,country.8753,People's Republic of China,101.901875,35.486703,1.0,country:1.00,matched,2026-04-27T16:46:34Z
199670,European Sculpture and Decorative Arts,1730,1765,1747,1500:1999,||||||||||Italian,Italy,department||artistNationality,0.53,true,country.8816,Italy,12.646361,42.504154,1.0,country:1.00,matched,2026-04-27T16:46:47Z
460186,Robert Lehman Collection,1527,1543,1535,1500:1999,"||||||||Italian, Castelli||","Castelli, Italy",culture||country,0.55,true,place.13543536,"Castelli, Teramo, Italy",13.711486,42.488766,1.0,place:1.00,matched,2026-04-27T16:46:32Z
48337,Asian Art,1668,1722,1695,1500:1999,||||||||China||,China,culture,0.55,true,country.8753,People's Republic of China,101.901875,35.486703,1.0,country:1.00,matched,2026-04-27T16:46:34Z
50743,Asian Art,1768,1899,1833,1500:1999,||||||||China||,China,culture,0.55,true,country.8753,People's Republic of China,101.901875,35.486703,1.0,country:1.00,matched,2026-04-27T16:46:34Z
312891,The Michael C. Rockefeller Wing,200,1600,900,500:999,||||||Colombia||Quimbaya||,Colombia,country,0.70,true,country.8754,Colombia,-73.129056,3.065088,1.0,country:1.00,matched,2026-04-27T16:46:36Z
195272,European Sculpture and Decorative Arts,1600,1699,1649,1500:1999,||||||||||,,none,0.00,false,,,,,,,,
46748,Asian Art,1800,1899,1849,1500:1999,||||||||China||,China,culture,0.55,true,country.8753,People's Republic of China,101.901875,35.486703,1.0,country:1.00,matched,2026-04-27T16:46:34Z
460179,Robert Lehman Collection,1517,1523,1520,1500:1999,"||||||||Italian, Castelli||","Castelli, Italy",culture||country,0.55,true,place.13543536,"Castelli, Teramo, Italy",13.711486,42.488766,1.0,place:1.00,matched,2026-04-27T16:46:32Z
42241,Asian Art,1700,1733,1716,1500:1999,||||||||China||,China,culture,0.55,true,country.8753,People's Republic of China,101.901875,35.486703,1.0,country:1.00,matched,2026-04-27T16:46:34Z
44739,Asian Art,1300,1368,1334,1000:1499,||||||||China||,China,culture,0.55,true,country.8753,People's Republic of China,101.901875,35.486703,1.0,country:1.00,matched,2026-04-27T16:46:34Z
50714,Asian Art,1900,1933,1916,1500:1999,||||||||China||,China,culture,0.55,true,country.8753,People's Republic of China,101.901875,35.486703,1.0,country:1.00,matched,2026-04-27T16:46:34Z
42440,Asian Art,1100,1199,1149,1000:1499,||||||||China||,China,culture,0.55,true,country.8753,People's Republic of China,101.901875,35.486703,1.0,country:1.00,matched,2026-04-27T16:46:34Z
308304,The Michael C. Rockefeller Wing,-500,-200,-350,-500:-1,||||||Peru||Paracas||,Peru,country,0.70,true,country.8880,Peru,-75.311132,-10.151093,1.0,country:1.00,matched,2026-04-27T16:47:00Z
461193,Robert Lehman Collection,1697,1723,1710,1500:1999,||||||||Dutch (Delft)||,"Delft, Netherlands",culture||country,0.55,true,place.3156136,"Delft, South Holland, Netherlands",4.357397,52.01155,1.0,place:1.00,matched,2026-04-27T16:46:38Z
309756,The Michael C. Rockefeller Wing,100,600,350,0:499,||||||Peru||Nasca||,Peru,country,0.70,true,country.8880,Peru,-75.311132,-10.151093,1.0,country:1.00,matched,2026-04-27T16:47:00Z
468158,Medieval Art,1400,1450,1425,1000:1499,Florence||Tuscany||||Italy||Italian||,"Florence, Tuscany, Italy",city||state||country,0.95,true,place.22481008,"Florence, Florence, Italy",11.256129,43.771484,0.666667,place:0.67,matched,2026-04-27T16:46:42Z
471749,The Cloisters,1500,1550,1525,1500:1999,probably Manises||Valencia||||Spain||Spanish||,"Manises, Valencia, Spain, Valencia, Spain",city||state||country,0.75,true,place.35178566,"Manises, Valencia, Spain",-0.462126,39.493927,1.0,place:1.00,matched,2026-04-27T16:46:52Z
239358,European Sculpture and Decorative Arts,1879,1889,1884,1500:1999,||||||||||American and French,United States,department||artistNationality,0.15,false,country.8940,United States,-97.922211,39.381266,1.0,country:1.00,matched,2026-04-27T16:47:13Z
46588,Asian Art,1662,1772,1717,1500:1999,||||||||China||,China,culture,0.55,true,country.8753,People's Republic of China,101.901875,35.486703,1.0,country:1.00,matched,2026-04-27T16:46:34Z
476253,Medieval Art,300,699,499,0:499,||Kharga Oasis||||Byzantine Egypt||Coptic||,"Kharga Oasis, Byzantine Egypt",state||country,0.72,true,country.8771,Egypt,29.871903,26.494184,0.388889,country:0.39,matched,2026-04-27T16:46:49Z
308566,The Michael C. Rockefeller Wing,300,600,450,0:499,||||||Peru||Nasca||,Peru,country,0.70,true,country.8880,Peru,-75.311132,-10.151093,1.0,country:1.00,matched,2026-04-27T16:47:00Z
48480,Asian Art,960,1279,1119,1000:1499,||||||||China||,China,culture,0.55,true,country.8753,People's Republic of China,101.901875,35.486703,1.0,country:1.00,matched,2026-04-27T16:46:34Z
46674,Asian Art,1768,1795,1781,1500:1999,||||||||China||,China,culture,0.55,true,country.8753,People's Republic of China,101.901875,35.486703,1.0,country:1.00,matched,2026-04-27T16:46:34Z
308619,The Michael C. Rockefeller Wing,-700,-400,-550,-1000:-501,||||||Peru||Paracas||,Peru,country,0.70,true,country.8880,Peru,-75.311132,-10.151093,1.0,country:1.00,matched,2026-04-27T16:47:00Z
314181,The Michael C. Rockefeller Wing,1000,1600,1300,1000:1499,||||||Ecuador||Carchi||,Ecuador,country,0.70,true,country.8769,Ecuador,-78.432915,-1.160171,1.0,country:1.00,matched,2026-04-27T16:46:39Z
202178,European Sculpture and Decorative Arts,1760,1770,1765,1500:1999,||||||||||French,France,department||artistNationality,0.53,true,country.8781,France,2.618787,47.824905,1.0,country:1.00,matched,2026-04-27T16:46:43Z
48564,Asian Art,1668,1722,1695,1500:1999,||||||||China||,China,culture,0.55,true,country.8753,People's Republic of China,101.901875,35.486703,1.0,country:1.00,matched,2026-04-27T16:46:34Z
191583,European Sculpture and Decorative Arts,1595,1595,1595,1500:1999,||||||||||,,none,0.00,false,,,,,,,,
460227,Robert Lehman Collection,1557,1573,1565,1500:1999,"||||||||Italian, Urbino||","Urbino, Italy",culture||country,0.55,true,place.60237936,"Urbino, Pesaro and Urbino, Italy",12.637198,43.726307,1.0,place:1.00,matched,2026-04-27T16:47:13Z
62609,Asian Art,1800,1899,1849,1500:1999,||||||||Japan||,Japan,culture,0.55,true,country.8820,Japan,138.59223,36.386493,1.0,country:1.00,matched,2026-04-27T16:46:48Z
194228,European Sculpture and Decorative Arts,1725,1735,1730,1500:1999,||||||||||German,Germany,department||artistNationality,0.53,true,country.8762,Germany,10.018343,51.133481,1.0,country:1.00,matched,2026-04-27T16:46:43Z
309510,The Michael C. Rockefeller Wing,-1200,-800,-1000,-1000:-501,||||||Peru||Cupisnique||,Peru,country,0.70,true,country.8880,Peru,-75.311132,-10.151093,1.0,country:1.00,matched,2026-04-27T16:47:00Z
444490,Islamic Art,1600,1699,1649,1500:1999,||||||Iran||||,Iran,country,0.70,true,country.8814,Iran,54.301374,32.565838,1.0,country:1.00,matched,2026-04-27T16:46:46Z
208199,European Sculpture and Decorative Arts,1690,1710,1700,1500:1999,||||||||||,,none,0.00,false,,,,,,,,
48462,Asian Art,1300,1368,1334,1000:1499,||||||||China||,China,culture,0.55,true,country.8753,People's Republic of China,101.901875,35.486703,1.0,country:1.00,matched,2026-04-27T16:46:34Z
444900,Islamic Art,1700,1799,1749,1500:1999,||||||Iran||||,Iran,country,0.70,true,country.8814,Iran,54.301374,32.565838,1.0,country:1.00,matched,2026-04-27T16:46:46Z
42366,Asian Art,1678,1712,1695,1500:1999,||||||||China||,China,culture,0.55,true,country.8753,People's Republic of China,101.901875,35.486703,1.0,country:1.00,matched,2026-04-27T16:46:34Z
308298,The Michael C. Rockefeller Wing,-300,-100,-200,-500:-1,||||||Peru||Paracas||,Peru,country,0.70,true,country.8880,Peru,-75.311132,-10.151093,1.0,country:1.00,matched,2026-04-27T16:47:00Z
204415,European Sculpture and Decorative Arts,1805,1815,1810,1500:1999,||||||||||,,none,0.00,false,,,,,,,,
477274,Medieval Art,300,699,499,0:499,||Kharga Oasis||||Byzantine Egypt||Coptic||,"Kharga Oasis, Byzantine Egypt",state||country,0.72,true,country.8771,Egypt,29.871903,26.494184,0.388889,country:0.39,matched,2026-04-27T16:46:49Z
208337,European Sculpture and Decorative Arts,1725,1740,1732,1500:1999,||||||||||French,France,department||artistNationality,0.53,true,country.8781,France,2.618787,47.824905,1.0,country:1.00,matched,2026-04-27T16:46:43Z
51002,Asian Art,1723,1735,1729,1500:1999,||||||||China||,China,culture,0.55,true,country.8753,People's Republic of China,101.901875,35.486703,1.0,country:1.00,matched,2026-04-27T16:46:34Z
45863,Asian Art,1768,1795,1781,1500:1999,||||||||China||,China,culture,0.55,true,country.8753,People's Republic of China,101.901875,35.486703,1.0,country:1.00,matched,2026-04-27T16:46:34Z
310227,The Michael C. Rockefeller Wing,-200,100,-50,-500:-1,||||South Coast||Peru||Topará||,Peru,country,0.70,true,country.8880,Peru,-75.311132,-10.151093,1.0,country:1.00,matched,2026-04-27T16:47:00Z
449079,Islamic Art,800,899,849,500:999,Nishapur||||||Iran||||,"Nishapur, Iran",city||country,0.88,true,place.1878126,"Nishapur County, Razavi Khorasan, Iran",58.79233,36.21129,0.95,place:0.95,matched,2026-04-27T16:46:56Z
47911,Asian Art,1800,1833,1816,1500:1999,||||||||China||,China,culture,0.55,true,country.8753,People's Republic of China,101.901875,35.486703,1.0,country:1.00,matched,2026-04-27T16:46:34Z
42422,Asian Art,1678,1712,1695,1500:1999,||||||||China||,China,culture,0.55,true,country.8753,People's Republic of China,101.901875,35.486703,1.0,country:1.00,matched,2026-04-27T16:46:34Z
47064,Asian Art,1810,1830,1820,1500:1999,||||||||Japan||,Japan,culture,0.55,true,country.8820,Japan,138.59223,36.386493,1.0,country:1.00,matched,2026-04-27T16:46:48Z
46961,Asian Art,1668,1722,1695,1500:1999,||||||||China||,China,culture,0.55,true,country.8753,People's Republic of China,101.901875,35.486703,1.0,country:1.00,matched,2026-04-27T16:46:34Z
42490,Asian Art,1300,1349,1324,1000:1499,||||||||China||,China,culture,0.55,true,country.8753,People's Republic of China,101.901875,35.486703,1.0,country:1.00,matched,2026-04-27T16:46:34Z
47950,Asian Art,1800,1899,1849,1500:1999,||||||||Japan||,Japan,culture,0.55,true,country.8820,Japan,138.59223,36.386493,1.0,country:1.00,matched,2026-04-27T16:46:48Z
42190,Asian Art,1567,1633,1600,1500:1999,||||||||China||,China,culture,0.55,true,country.8753,People's Republic of China,101.901875,35.486703,1.0,country:1.00,matched,2026-04-27T16:46:34Z
309731,The Michael C. Rockefeller Wing,100,600,350,0:499,||||||Peru||Nasca||,Peru,country,0.70,true,country.8880,Peru,-75.311132,-10.151093,1.0,country:1.00,matched,2026-04-27T16:47:00Z
2646,European Sculpture and Decorative Arts,1747,1750,1748,1500:1999,||||||||||British,Britain,department||artistNationality,0.53,true,country.8783,United Kingdom,-2.36967,54.237933,1.0,country:1.00,matched,2026-04-27T16:46:31Z
197570,European Sculpture and Decorative Arts,1745,1755,1750,1500:1999,||||||||||,,none,0.00,false,,,,,,,,
62573,Asian Art,1700,1799,1749,1500:1999,||||||||Japan||,Japan,culture,0.55,true,country.8820,Japan,138.59223,36.386493,1.0,country:1.00,matched,2026-04-27T16:46:48Z
195742,European Sculpture and Decorative Arts,1800,1899,1849,1500:1999,||||||||||,,none,0.00,false,,,,,,,,
47536,Asian Art,1800,1899,1849,1500:1999,||||||||Japan||,Japan,culture,0.55,true,country.8820,Japan,138.59223,36.386493,1.0,country:1.00,matched,2026-04-27T16:46:48Z
51009,Asian Art,1662,1722,1692,1500:1999,||||||||China||,China,culture,0.55,true,country.8753,People's Republic of China,101.901875,35.486703,1.0,country:1.00,matched,2026-04-27T16:46:34Z
46871,Asian Art,1768,1833,1800,1500:1999,||||||||China||,China,culture,0.55,true,country.8753,People's Republic of China,101.901875,35.486703,1.0,country:1.00,matched,2026-04-27T16:46:34Z
48577,Asian Art,1800,1849,1824,1500:1999,||||||||Japan||Japanese,Japan,culture,0.55,true,country.8820,Japan,138.59223,36.386493,1.0,country:1.00,matched,2026-04-27T16:46:48Z
451740,Islamic Art,1600,1699,1649,1500:1999,probably Mashhad||||||Iran||||,"Mashhad, Iran, Iran",city||country,0.68,true,place.1681518,"Mashhad, Razavi Khorasan, Iran",59.606693,36.297146,0.666667,place:0.67,matched,2026-04-27T16:46:52Z
206142,European Sculpture and Decorative Arts,1745,1760,1752,1500:1999,||||||||||British,Britain,department||artistNationality,0.53,true,country.8783,United Kingdom,-2.36967,54.237933,1.0,country:1.00,matched,2026-04-27T16:46:31Z
52014,Asian Art,-206,220,7,0:499,||||||||China||,China,culture,0.55,true,country.8753,People's Republic of China,101.901875,35.486703,1.0,country:1.00,matched,2026-04-27T16:46:34Z
53964,Asian Art,1368,1644,1506,1500:1999,||||||||China||,China,culture,0.55,true,country.8753,People's Republic of China,101.901875,35.486703,1.0,country:1.00,matched,2026-04-27T16:46:34Z
63328,Asian Art,1800,1899,1849,1500:1999,||||||||Japan||,Japan,culture,0.55,true,country.8820,Japan,138.59223,36.386493,1.0,country:1.00,matched,2026-04-27T16:46:48Z
51041,Asian Art,1736,1795,1765,1500:1999,||||||||China||,China,culture,0.55,true,country.8753,People's Republic of China,101.901875,35.486703,1.0,country:1.00,matched,2026-04-27T16:46:34Z
448557,Islamic Art,1200,1299,1249,1000:1499,||||||Iran||||,Iran,country,0.70,true,country.8814,Iran,54.301374,32.565838,1.0,country:1.00,matched,2026-04-27T16:46:46Z
451620,Islamic Art,1200,1299,1249,1000:1499,Kashan||||||Iran||||,"Kashan, Iran",city||country,0.88,true,place.1255534,"Kashan County, Isfahan, Iran",51.44271,33.98714,0.98,place:0.98,matched,2026-04-27T16:46:48Z
308709,The Michael C. Rockefeller Wing,-500,-100,-300,-500:-1,||||||Peru||Paracas||,Peru,country,0.70,true,country.8880,Peru,-75.311132,-10.151093,1.0,country:1.00,matched,2026-04-27T16:47:00Z
47921,Asian Art,1700,1799,1749,1500:1999,||||||||Japan||,Japan,culture,0.55,true,country.8820,Japan,138.59223,36.386493,1.0,country:1.00,matched,2026-04-27T16:46:48Z
49208,Asian Art,1000,1099,1049,1000:1499,||||||||China||,China,culture,0.55,true,country.8753,People's Republic of China,101.901875,35.486703,1.0,country:1.00,matched,2026-04-27T16:46:34Z
48740,Asian Art,1662,1722,1692,1500:1999,||||||||China||,China,culture,0.55,true,country.8753,People's Republic of China,101.901875,35.486703,1.0,country:1.00,matched,2026-04-27T16:46:34Z
771000,European Sculpture and Decorative Arts,1876,1876,1876,1500:1999,||||||||||British,Britain,department||artistNationality,0.53,true,country.8783,United Kingdom,-2.36967,54.237933,1.0,country:1.00,matched,2026-04-27T16:46:31Z
50844,Asian Art,1500,1599,1549,1500:1999,||||||||China||,China,culture,0.55,true,country.8753,People's Republic of China,101.901875,35.486703,1.0,country:1.00,matched,2026-04-27T16:46:34Z
451881,Islamic Art,1200,1225,1212,1000:1499,Kashan||||||Iran||||,"Kashan, Iran",city||country,0.88,true,place.1255534,"Kashan County, Isfahan, Iran",51.44271,33.98714,0.98,place:0.98,matched,2026-04-27T16:46:48Z
450945,Islamic Art,1100,1199,1149,1000:1499,Raqqa||||||Syria||||,"Raqqa, Syria",city||country,0.88,true,place.13035735,"Raqqa, Al-Raqqah, Syria",39.008921,35.949678,1.0,place:1.00,matched,2026-04-27T16:47:01Z
667252,Asian Art,1667,1733,1700,1500:1999,||||||||Japan||,Japan,culture,0.55,true,country.8820,Japan,138.59223,36.386493,1.0,country:1.00,matched,2026-04-27T16:46:48Z
49267,Asian Art,1100,1133,1116,1000:1499,||||||||Japan||,Japan,culture,0.55,true,country.8820,Japan,138.59223,36.386493,1.0,country:1.00,matched,2026-04-27T16:46:48Z
771016,European Sculpture and Decorative Arts,1876,1876,1876,1500:1999,||||||||||British,Britain,department||artistNationality,0.53,true,country.8783,United Kingdom,-2.36967,54.237933,1.0,country:1.00,matched,2026-04-27T16:46:31Z
314365,The Michael C. Rockefeller Wing,1200,1521,1360,1000:1499,||||Puebla||Mexico||Mexica (Aztec)||,"Puebla, Mexico, Mexico",region||country,0.70,true,place.21481631,"Puebla, Puebla, Mexico",-98.19906,19.043692,0.666667,place:0.67,matched,2026-04-27T16:47:01Z
50942,Asian Art,1800,1849,1824,1500:1999,||||||||China||,China,culture,0.55,true,country.8753,People's Republic of China,101.901875,35.486703,1.0,country:1.00,matched,2026-04-27T16:46:34Z
49346,Asian Art,1667,1733,1700,1500:1999,||||||||China||,China,culture,0.55,true,country.8753,People's Republic of China,101.901875,35.486703,1.0,country:1.00,matched,2026-04-27T16:46:34Z
48649,Asian Art,1734,1766,1750,1500:1999,||||||||China||,China,culture,0.55,true,country.8753,People's Republic of China,101.901875,35.486703,1.0,country:1.00,matched,2026-04-27T16:46:34Z
50749,Asian Art,1800,1899,1849,1500:1999,||||||||China||,China,culture,0.55,true,country.8753,People's Republic of China,101.901875,35.486703,1.0,country:1.00,matched,2026-04-27T16:46:34Z
194233,European Sculpture and Decorative Arts,1745,1760,1752,1500:1999,||||||||||British,Britain,department||artistNationality,0.53,true,country.8783,United Kingdom,-2.36967,54.237933,1.0,country:1.00,matched,2026-04-27T16:46:31Z
48339,Asian Art,1700,1799,1749,1500:1999,||||||||China||,China,culture,0.55,true,country.8753,People's Republic of China,101.901875,35.486703,1.0,country:1.00,matched,2026-04-27T16:46:34Z
451364,Islamic Art,1100,1299,1199,1000:1499,Raqqa||||||Syria||||,"Raqqa, Syria",city||country,0.88,true,place.13035735,"Raqqa, Al-Raqqah, Syria",39.008921,35.949678,1.0,place:1.00,matched,2026-04-27T16:47:01Z
57441,Asian Art,1300,1499,1399,1000:1499,||||||||Korea||,Korea,culture,0.55,true,country.8828,South Korea,128.168944,36.536236,1.0,country:1.00,matched,2026-04-27T16:46:49Z
62909,Asian Art,1650,1690,1670,1500:1999,||||||||Japan||,Japan,culture,0.55,true,country.8820,Japan,138.59223,36.386493,1.0,country:1.00,matched,2026-04-27T16:46:48Z
475759,Medieval Art,350,700,525,500:999,||Kharga Oasis||||Byzantine Egypt||Coptic||,"Kharga Oasis, Byzantine Egypt",state||country,0.72,true,country.8771,Egypt,29.871903,26.494184,0.388889,country:0.39,matched,2026-04-27T16:46:49Z
48664,Asian Art,1662,1722,1692,1500:1999,||||||||China||,China,culture,0.55,true,country.8753,People's Republic of China,101.901875,35.486703,1.0,country:1.00,matched,2026-04-27T16:46:34Z
51066,Asian Art,1203,1203,1203,1000:1499,||||||||China||,China,culture,0.55,true,country.8753,People's Republic of China,101.901875,35.486703,1.0,country:1.00,matched,2026-04-27T16:46:34Z
309741,The Michael C. Rockefeller Wing,300,600,450,0:499,||||||Peru||Nasca||,Peru,country,0.70,true,country.8880,Peru,-75.311132,-10.151093,1.0,country:1.00,matched,2026-04-27T16:47:00Z
52063,Asian Art,1800,1899,1849,1500:1999,||||||||China||,China,culture,0.55,true,country.8753,People's Republic of China,101.901875,35.486703,1.0,country:1.00,matched,2026-04-27T16:46:34Z
42213,Asian Art,1700,1733,1716,1500:1999,||||||||China||,China,culture,0.55,true,country.8753,People's Republic of China,101.901875,35.486703,1.0,country:1.00,matched,2026-04-27T16:46:34Z
308440,The Michael C. Rockefeller Wing,-700,-300,-500,-500:-1,||||||Peru||Paracas||,Peru,country,0.70,true,country.8880,Peru,-75.311132,-10.151093,1.0,country:1.00,matched,2026-04-27T16:47:00Z
475760,Medieval Art,300,699,499,0:499,||Kharga Oasis||||Byzantine Egypt||Coptic||,"Kharga Oasis, Byzantine Egypt",state||country,0.72,true,country.8771,Egypt,29.871903,26.494184,0.388889,country:0.39,matched,2026-04-27T16:46:49Z
204072,European Sculpture and Decorative Arts,1700,1799,1749,1500:1999,||||||||||,,none,0.00,false,,,,,,,,
62710,Asian Art,1700,1799,1749,1500:1999,||||||||Japan||,Japan,culture,0.55,true,country.8820,Japan,138.59223,36.386493,1.0,country:1.00,matched,2026-04-27T16:46:48Z
198784,European Sculpture and Decorative Arts,1500,1520,1510,1500:1999,||||||||||,,none,0.00,false,,,,,,,,
308552,The Michael C. Rockefeller Wing,1100,1500,1300,1000:1499,||||||Peru||Chimú||,Peru,country,0.70,true,country.8880,Peru,-75.311132,-10.151093,1.0,country:1.00,matched,2026-04-27T16:47:00Z
308403,The Michael C. Rockefeller Wing,100,400,250,0:499,||||||Peru||Moche||,Peru,country,0.70,true,country.8880,Peru,-75.311132,-10.151093,1.0,country:1.00,matched,2026-04-27T16:47:00Z
194261,European Sculpture and Decorative Arts,1800,1899,1849,1500:1999,||||||||||,,none,0.00,false,,,,,,,,
48489,Asian Art,1736,1795,1765,1500:1999,||||||||China||,China,culture,0.55,true,country.8753,People's Republic of China,101.901875,35.486703,1.0,country:1.00,matched,2026-04-27T16:46:34Z
314682,The Michael C. Rockefeller Wing,200,500,350,0:499,||||||Peru||Moche||,Peru,country,0.70,true,country.8880,Peru,-75.311132,-10.151093,1.0,country:1.00,matched,2026-04-27T16:47:00Z
48310,Asian Art,1700,1799,1749,1500:1999,||||||||China||,China,culture,0.55,true,country.8753,People's Republic of China,101.901875,35.486703,1.0,country:1.00,matched,2026-04-27T16:46:34Z
47805,Asian Art,1600,1699,1649,1500:1999,||||||||Japan||,Japan,culture,0.55,true,country.8820,Japan,138.59223,36.386493,1.0,country:1.00,matched,2026-04-27T16:46:48Z
205379,European Sculpture and Decorative Arts,1810,1820,1815,1500:1999,||||||||||,,none,0.00,false,,,,,,,,
44740,Asian Art,1367,1399,1383,1000:1499,||||||||China||,China,culture,0.55,true,country.8753,People's Republic of China,101.901875,35.486703,1.0,country:1.00,matched,2026-04-27T16:46:34Z
46935,Asian Art,1723,1735,1729,1500:1999,||||||||China||,China,culture,0.55,true,country.8753,People's Republic of China,101.901875,35.486703,1.0,country:1.00,matched,2026-04-27T16:46:34Z
52022,Asian Art,1723,1735,1729,1500:1999,||||||||China||,China,culture,0.55,true,country.8753,People's Republic of China,101.901875,35.486703,1.0,country:1.00,matched,2026-04-27T16:46:34Z
308415,The Michael C. Rockefeller Wing,400,600,500,500:999,||||||Peru||Moche||,Peru,country,0.70,true,country.8880,Peru,-75.311132,-10.151093,1.0,country:1.00,matched,2026-04-27T16:47:00Z
46922,Asian Art,1662,1722,1692,1500:1999,||||||||China||,China,culture,0.55,true,country.8753,People's Republic of China,101.901875,35.486703,1.0,country:1.00,matched,2026-04-27T16:46:34Z
318470,The Michael C. Rockefeller Wing,-1199,-800,-1000,-1000:-501,||||Mesoamerica||Mexico||Olmec||,"Mesoamerica, Mexico",region||country,0.70,true,country.8863,Mexico,-102.532867,23.950464,0.5,country:0.50,matched,2026-04-27T16:46:53Z
207990,European Sculpture and Decorative Arts,1720,1730,1725,1500:1999,||||||||||German,Germany,department||artistNationality,0.53,true,country.8762,Germany,10.018343,51.133481,1.0,country:1.00,matched,2026-04-27T16:46:43Z
667264,Asian Art,1700,1799,1749,1500:1999,||||||||Japan||,Japan,culture,0.55,true,country.8820,Japan,138.59223,36.386493,1.0,country:1.00,matched,2026-04-27T16:46:48Z
42338,Asian Art,1667,1699,1683,1500:1999,||||||||China||,China,culture,0.55,true,country.8753,People's Republic of China,101.901875,35.486703,1.0,country:1.00,matched,2026-04-27T16:46:34Z
53419,Asian Art,1700,1799,1749,1500:1999,||||||||Japan||,Japan,culture,0.55,true,country.8820,Japan,138.59223,36.386493,1.0,country:1.00,matched,2026-04-27T16:46:48Z
310358,The Michael C. Rockefeller Wing,100,600,350,0:499,||||||Peru||Nasca||,Peru,country,0.70,true,country.8880,Peru,-75.311132,-10.151093,1.0,country:1.00,matched,2026-04-27T16:47:00Z
666592,Asian Art,1700,1730,1715,1500:1999,||||||||Japan||,Japan,culture,0.55,true,country.8820,Japan,138.59223,36.386493,1.0,country:1.00,matched,2026-04-27T16:46:48Z
39521,Asian Art,1100,1133,1116,1000:1499,||||||||Korea||,Korea,culture,0.55,true,country.8828,South Korea,128.168944,36.536236,1.0,country:1.00,matched,2026-04-27T16:46:49Z
771022,European Sculpture and Decorative Arts,1856,1880,1868,1500:1999,||||||||||British,Britain,department||artistNationality,0.53,true,country.8783,United Kingdom,-2.36967,54.237933,1.0,country:1.00,matched,2026-04-27T16:46:31Z
63329,Asian Art,1771,1799,1785,1500:1999,||||||||Japan||,Japan,culture,0.55,true,country.8820,Japan,138.59223,36.386493,1.0,country:1.00,matched,2026-04-27T16:46:48Z
50935,Asian Art,1644,1670,1657,1500:1999,||||||||China||,China,culture,0.55,true,country.8753,People's Republic of China,101.901875,35.486703,1.0,country:1.00,matched,2026-04-27T16:46:34Z
42417,Asian Art,1700,1799,1749,1500:1999,||||||||China||,China,culture,0.55,true,country.8753,People's Republic of China,101.901875,35.486703,1.0,country:1.00,matched,2026-04-27T16:46:34Z
195741,European Sculpture and Decorative Arts,1800,1899,1849,1500:1999,||||||||||,,none,0.00,false,,,,,,,,
47132,Asian Art,1750,1810,1780,1500:1999,||||||||Japan||,Japan,culture,0.55,true,country.8820,Japan,138.59223,36.386493,1.0,country:1.00,matched,2026-04-27T16:46:48Z
465877,Medieval Art,1400,1500,1450,1000:1499,||||||||French||,France,culture,0.55,true,country.8781,France,2.618787,47.824905,1.0,country:1.00,matched,2026-04-27T16:46:43Z
52261,Asian Art,1671,1699,1685,1500:1999,||||||||Japan||,Japan,culture,0.55,true,country.8820,Japan,138.59223,36.386493,1.0,country:1.00,matched,2026-04-27T16:46:48Z
48558,Asian Art,1668,1733,1700,1500:1999,||||||||China||,China,culture,0.55,true,country.8753,People's Republic of China,101.901875,35.486703,1.0,country:1.00,matched,2026-04-27T16:46:34Z
449313,Islamic Art,900,999,949,500:999,Nishapur||||||Iran||||,"Nishapur, Iran",city||country,0.88,true,place.1878126,"Nishapur County, Razavi Khorasan, Iran",58.79233,36.21129,0.95,place:0.95,matched,2026-04-27T16:46:56Z
52436,Asian Art,1760,1760,1760,1500:1999,||||||||Japan||,Japan,culture,0.55,true,country.8820,Japan,138.59223,36.386493,1.0,country:1.00,matched,2026-04-27T16:46:48Z
187660,European Sculpture and Decorative Arts,1800,1899,1849,1500:1999,||||||||||,,none,0.00,false,,,,,,,,
49264,Asian Art,710,710,710,500:999,||||||||Japan||,Japan,culture,0.55,true,country.8820,Japan,138.59223,36.386493,1.0,country:1.00,matched,2026-04-27T16:46:48Z
771009,European Sculpture and Decorative Arts,1882,1882,1882,1500:1999,||||||||||British,Britain,department||artistNationality,0.53,true,country.8783,United Kingdom,-2.36967,54.237933,1.0,country:1.00,matched,2026-04-27T16:46:31Z
468393,Medieval Art,1500,1699,1599,1500:1999,||||||||British||,Britain,culture,0.55,true,country.8783,United Kingdom,-2.36967,54.237933,1.0,country:1.00,matched,2026-04-27T16:46:31Z
47640,Asian Art,1700,1799,1749,1500:1999,||||||||Japan||,Japan,culture,0.55,true,country.8820,Japan,138.59223,36.386493,1.0,country:1.00,matched,2026-04-27T16:46:48Z
42537,Asian Art,1567,1633,1600,1500:1999,||||||||China||,China,culture,0.55,true,country.8753,People's Republic of China,101.901875,35.486703,1.0,country:1.00,matched,2026-04-27T16:46:34Z
199722,European Sculpture and Decorative Arts,1475,1505,1490,1000:1499,||||||||||,,none,0.00,false,,,,,,,,
53846,Asian Art,1573,1620,1596,1500:1999,||||||||China||,China,culture,0.55,true,country.8753,People's Republic of China,101.901875,35.486703,1.0,country:1.00,matched,2026-04-27T16:46:34Z
42201,Asian Art,1667,1799,1733,1500:1999,||||||||China||,China,culture,0.55,true,country.8753,People's Republic of China,101.901875,35.486703,1.0,country:1.00,matched,2026-04-27T16:46:34Z
50906,Asian Art,1644,1911,1777,1500:1999,||||||||China||,China,culture,0.55,true,country.8753,People's Republic of China,101.901875,35.486703,1.0,country:1.00,matched,2026-04-27T16:46:34Z
52298,Asian Art,1671,1699,1685,1500:1999,||||||||Japan||,Japan,culture,0.55,true,country.8820,Japan,138.59223,36.386493,1.0,country:1.00,matched,2026-04-27T16:46:48Z
449361,Islamic Art,800,899,849,500:999,Nishapur||||||Iran||||,"Nishapur, Iran",city||country,0.88,true,place.1878126,"Nishapur County, Razavi Khorasan, Iran",58.79233,36.21129,0.95,place:0.95,matched,2026-04-27T16:46:56Z
46933,Asian Art,1667,1722,1694,1500:1999,||||||||China||,China,culture,0.55,true,country.8753,People's Republic of China,101.901875,35.486703,1.0,country:1.00,matched,2026-04-27T16:46:34Z
44738,Asian Art,1567,1599,1583,1500:1999,||||||||China||,China,culture,0.55,true,country.8753,People's Republic of China,101.901875,35.486703,1.0,country:1.00,matched,2026-04-27T16:46:34Z
308885,The Michael C. Rockefeller Wing,300,700,500,500:999,||||||Peru||Moche||,Peru,country,0.70,true,country.8880,Peru,-75.311132,-10.151093,1.0,country:1.00,matched,2026-04-27T16:47:00Z
910524,Asian Art,1768,1833,1800,1500:1999,||||||||Korea||,Korea,culture,0.55,true,country.8828,South Korea,128.168944,36.536236,1.0,country:1.00,matched,2026-04-27T16:46:49Z
46938,Asian Art,1662,1722,1692,1500:1999,||||||||China||,China,culture,0.55,true,country.8753,People's Republic of China,101.901875,35.486703,1.0,country:1.00,matched,2026-04-27T16:46:34Z
47642,Asian Art,1700,1799,1749,1500:1999,||||||||China||,China,culture,0.55,true,country.8753,People's Republic of China,101.901875,35.486703,1.0,country:1.00,matched,2026-04-27T16:46:34Z
47294,Asian Art,1800,1849,1824,1500:1999,||||||||China||,China,culture,0.55,true,country.8753,People's Republic of China,101.901875,35.486703,1.0,country:1.00,matched,2026-04-27T16:46:34Z
194243,European Sculpture and Decorative Arts,1545,1555,1550,1500:1999,||||||||||,,none,0.00,false,,,,,,,,
208811,European Sculpture and Decorative Arts,1750,1799,1774,1500:1999,||||||||||,,none,0.00,false,,,,,,,,
770979,European Sculpture and Decorative Arts,1870,1879,1874,1500:1999,||||||||||British,Britain,department||artistNationality,0.53,true,country.8783,United Kingdom,-2.36967,54.237933,1.0,country:1.00,matched,2026-04-27T16:46:31Z
48224,Asian Art,1667,1733,1700,1500:1999,||||||||China||,China,culture,0.55,true,country.8753,People's Republic of China,101.901875,35.486703,1.0,country:1.00,matched,2026-04-27T16:46:34Z
313302,The Michael C. Rockefeller Wing,100,600,350,0:499,||||||Peru||Nasca||,Peru,country,0.70,true,country.8880,Peru,-75.311132,-10.151093,1.0,country:1.00,matched,2026-04-27T16:47:00Z
202191,European Sculpture and Decorative Arts,1761,1761,1761,1500:1999,||||||||||French,France,department||artistNationality,0.53,true,country.8781,France,2.618787,47.824905,1.0,country:1.00,matched,2026-04-27T16:46:43Z
447164,Islamic Art,1200,1299,1249,1000:1499,Kashan||||||Iran||||,"Kashan, Iran",city||country,0.88,true,place.1255534,"Kashan County, Isfahan, Iran",51.44271,33.98714,0.98,place:0.98,matched,2026-04-27T16:46:48Z
771068,European Sculpture and Decorative Arts,1870,1879,1874,1500:1999,||||||||||British,Britain,department||artistNationality,0.53,true,country.8783,United Kingdom,-2.36967,54.237933,1.0,country:1.00,matched,2026-04-27T16:46:31Z
500028,Modern and Contemporary Art,1895,1905,1900,1500:1999,||||||||||French,France,artistNationality,0.45,true,country.8781,France,2.618787,47.824905,1.0,country:1.00,matched,2026-04-27T16:46:43Z
477325,Medieval Art,300,699,499,0:499,||Kharga Oasis||||Byzantine Egypt||Coptic||,"Kharga Oasis, Byzantine Egypt",state||country,0.72,true,country.8771,Egypt,29.871903,26.494184,0.388889,country:0.39,matched,2026-04-27T16:46:49Z
771019,European Sculpture and Decorative Arts,1870,1880,1875,1500:1999,||||||||||British,Britain,department||artistNationality,0.53,true,country.8783,United Kingdom,-2.36967,54.237933,1.0,country:1.00,matched,2026-04-27T16:46:31Z
48013,Asian Art,1800,1899,1849,1500:1999,||||||||Japan||,Japan,culture,0.55,true,country.8820,Japan,138.59223,36.386493,1.0,country:1.00,matched,2026-04-27T16:46:48Z
63134,Asian Art,1700,1799,1749,1500:1999,||||||||Japan||,Japan,culture,0.55,true,country.8820,Japan,138.59223,36.386493,1.0,country:1.00,matched,2026-04-27T16:46:48Z
48330,Asian Art,1700,1799,1749,1500:1999,||||||||China||,China,culture,0.55,true,country.8753,People's Republic of China,101.901875,35.486703,1.0,country:1.00,matched,2026-04-27T16:46:34Z
42427,Asian Art,1678,1712,1695,1500:1999,||||||||China||,China,culture,0.55,true,country.8753,People's Republic of China,101.901875,35.486703,1.0,country:1.00,matched,2026-04-27T16:46:34Z
308508,The Michael C. Rockefeller Wing,400,700,550,500:999,||||||Peru||Moche||,Peru,country,0.70,true,country.8880,Peru,-75.311132,-10.151093,1.0,country:1.00,matched,2026-04-27T16:47:00Z
188994,European Sculpture and Decorative Arts,1771,1785,1778,1500:1999,||||||||||German,Germany,department||artistNationality,0.53,true,country.8762,Germany,10.018343,51.133481,1.0,country:1.00,matched,2026-04-27T16:46:43Z
53930,Asian Art,1736,1795,1765,1500:1999,||||||||China||,China,culture,0.55,true,country.8753,People's Republic of China,101.901875,35.486703,1.0,country:1.00,matched,2026-04-27T16:46:34Z
187791,European Sculpture and Decorative Arts,1679,1679,1679,1500:1999,||||||||||,,none,0.00,false,,,,,,,,
63054,Asian Art,1870,1870,1870,1500:1999,||||||||Japan||,Japan,culture,0.55,true,country.8820,Japan,138.59223,36.386493,1.0,country:1.00,matched,2026-04-27T16:46:48Z
460673,Robert Lehman Collection,1660,1724,1692,1500:1999,||||||||Chinese||,China,culture,0.55,true,country.8753,People's Republic of China,101.901875,35.486703,1.0,country:1.00,matched,2026-04-27T16:46:34Z
447139,Islamic Art,1100,1299,1199,1000:1499,||||||Iran||||,Iran,country,0.70,true,country.8814,Iran,54.301374,32.565838,1.0,country:1.00,matched,2026-04-27T16:46:46Z
42246,Asian Art,1678,1688,1683,1500:1999,||||||||China||,China,culture,0.55,true,country.8753,People's Republic of China,101.901875,35.486703,1.0,country:1.00,matched,2026-04-27T16:46:34Z
451840,Islamic Art,1525,1550,1537,1500:1999,Iznik||||||Turkey||||,"Iznik, Turkey",city||country,0.88,true,place.5138660,"İznik, Bursa, Türkiye",29.719765,40.42917,1.0,place:1.00,matched,2026-04-27T16:46:47Z
445289,Islamic Art,1700,1899,1799,1500:1999,Kashan||||||Iran||||,"Kashan, Iran",city||country,0.88,true,place.1255534,"Kashan County, Isfahan, Iran",51.44271,33.98714,0.98,place:0.98,matched,2026-04-27T16:46:48Z
310201,The Michael C. Rockefeller Wing,400,700,550,500:999,||||||Peru||Moche||,Peru,country,0.70,true,country.8880,Peru,-75.311132,-10.151093,1.0,country:1.00,matched,2026-04-27T16:47:00Z
48189,Asian Art,800,899,849,500:999,||||||||China||,China,culture,0.55,true,country.8753,People's Republic of China,101.901875,35.486703,1.0,country:1.00,matched,2026-04-27T16:46:34Z
63695,Asian Art,1600,1799,1699,1500:1999,||||||||Japan||,Japan,culture,0.55,true,country.8820,Japan,138.59223,36.386493,1.0,country:1.00,matched,2026-04-27T16:46:48Z
51223,Asian Art,1690,1732,1711,1500:1999,||||||||China||,China,culture,0.55,true,country.8753,People's Republic of China,101.901875,35.486703,1.0,country:1.00,matched,2026-04-27T16:46:34Z
47420,Asian Art,1780,1780,1780,1500:1999,||||||||Japan||,Japan,culture,0.55,true,country.8820,Japan,138.59223,36.386493,1.0,country:1.00,matched,2026-04-27T16:46:48Z
479830,Modern and Contemporary Art,1895,1905,1900,1500:1999,||||||||||British,Britain,artistNationality,0.45,true,country.8783,United Kingdom,-2.36967,54.237933,1.0,country:1.00,matched,2026-04-27T16:46:31Z
308408,The Michael C. Rockefeller Wing,500,800,650,500:999,||||North Coast||Peru||Moche||,Peru,country,0.70,true,country.8880,Peru,-75.311132,-10.151093,1.0,country:1.00,matched,2026-04-27T16:47:00Z
447138,Islamic Art,1100,1299,1199,1000:1499,||||||Iran||||,Iran,country,0.70,true,country.8814,Iran,54.301374,32.565838,1.0,country:1.00,matched,2026-04-27T16:46:46Z
208279,European Sculpture and Decorative Arts,1705,1715,1710,1500:1999,||||||||||,,none,0.00,false,,,,,,,,
44441,Asian Art,1700,1800,1750,1500:1999,||||||||Japan||,Japan,culture,0.55,true,country.8820,Japan,138.59223,36.386493,1.0,country:1.00,matched,2026-04-27T16:46:48Z
871928,European Sculpture and Decorative Arts,1895,1905,1900,1500:1999,||||||||||Danish,Denmark,department||artistNationality,0.35,true,country.8765,Denmark,10.046297,55.963398,1.0,country:1.00,matched,2026-04-27T16:46:38Z
44349,Asian Art,700,749,724,500:999,||||||||China||,China,culture,0.55,true,country.8753,People's Republic of China,101.901875,35.486703,1.0,country:1.00,matched,2026-04-27T16:46:34Z
52803,Asian Art,1500,1533,1516,1500:1999,||||||||Japan||Japanese,Japan,culture,0.55,true,country.8820,Japan,138.59223,36.386493,1.0,country:1.00,matched,2026-04-27T16:46:48Z
47872,Asian Art,1644,1911,1777,1500:1999,||||||||China||,China,culture,0.55,true,country.8753,People's Republic of China,101.901875,35.486703,1.0,country:1.00,matched,2026-04-27T16:46:34Z
48506,Asian Art,-206,220,7,0:499,||||||||China||,China,culture,0.55,true,country.8753,People's Republic of China,101.901875,35.486703,1.0,country:1.00,matched,2026-04-27T16:46:34Z
190657,European Sculpture and Decorative Arts,1700,1799,1749,1500:1999,||||||||||,,none,0.00,false,,,,,,,,
52514,Asian Art,1710,1730,1720,1500:1999,||||||||Japan||Japanese,Japan,culture,0.55,true,country.8820,Japan,138.59223,36.386493,1.0,country:1.00,matched,2026-04-27T16:46:48Z
310194,The Michael C. Rockefeller Wing,1300,1500,1400,1000:1499,||||||Peru||Chimú||,Peru,country,0.70,true,country.8880,Peru,-75.311132,-10.151093,1.0,country:1.00,matched,2026-04-27T16:47:00Z
449421,Islamic Art,700,999,849,500:999,Nishapur||||||Iran||||,"Nishapur, Iran",city||country,0.88,true,place.1878126,"Nishapur County, Razavi Khorasan, Iran",58.79233,36.21129,0.95,place:0.95,matched,2026-04-27T16:46:56Z
199348,European Sculpture and Decorative Arts,1705,1720,1712,1500:1999,||||||||||German,Germany,department||artistNationality,0.53,true,country.8762,Germany,10.018343,51.133481,1.0,country:1.00,matched,2026-04-27T16:46:43Z
308550,The Michael C. Rockefeller Wing,100,400,250,0:499,||Santa Province||||Peru||Moche||,"Santa Province, Peru, Peru",state||country,0.72,true,place.12142768,"Santa, Ancash, Peru",-78.61287,-8.986263,0.666667,place:0.67,matched,2026-04-27T16:47:04Z
192854,European Sculpture and Decorative Arts,1760,1775,1767,1500:1999,||||||||||British,Britain,department||artistNationality,0.53,true,country.8783,United Kingdom,-2.36967,54.237933,1.0,country:1.00,matched,2026-04-27T16:46:31Z
48725,Asian Art,1667,1733,1700,1500:1999,||||||||China||,China,culture,0.55,true,country.8753,People's Republic of China,101.901875,35.486703,1.0,country:1.00,matched,2026-04-27T16:46:34Z
5713,European Sculpture and Decorative Arts,1762,1762,1762,1500:1999,||||||||||,,none,0.00,false,,,,,,,,
208029,European Sculpture and Decorative Arts,1895,1905,1900,1500:1999,||||||||||French,France,department||artistNationality,0.53,true,country.8781,France,2.618787,47.824905,1.0,country:1.00,matched,2026-04-27T16:46:43Z
308524,The Michael C. Rockefeller Wing,-200,-100,-150,-500:-1,||||||Peru||North Coast (?)||,Peru,country,0.70,true,country.8880,Peru,-75.311132,-10.151093,1.0,country:1.00,matched,2026-04-27T16:47:00Z
48387,Asian Art,1000,1199,1099,1000:1499,||||||||China||,China,culture,0.55,true,country.8753,People's Republic of China,101.901875,35.486703,1.0,country:1.00,matched,2026-04-27T16:46:34Z
460183,Robert Lehman Collection,1527,1543,1535,1500:1999,"||||||||Italian, Castelli||","Castelli, Italy",culture||country,0.55,true,place.13543536,"Castelli, Teramo, Italy",13.711486,42.488766,1.0,place:1.00,matched,2026-04-27T16:46:32Z
52442,Asian Art,1700,1749,1724,1500:1999,||||||||Japan||,Japan,culture,0.55,true,country.8820,Japan,138.59223,36.386493,1.0,country:1.00,matched,2026-04-27T16:46:48Z
449772,Islamic Art,1000,1199,1099,1000:1499,Nishapur||||||Iran||||,"Nishapur, Iran",city||country,0.88,true,place.1878126,"Nishapur County, Razavi Khorasan, Iran",58.79233,36.21129,0.95,place:0.95,matched,2026-04-27T16:46:56Z
46958,Asian Art,1723,1735,1729,1500:1999,||||||||China||,China,culture,0.55,true,country.8753,People's Republic of China,101.901875,35.486703,1.0,country:1.00,matched,2026-04-27T16:46:34Z
48369,Asian Art,1734,1766,1750,1500:1999,||||||||China||,China,culture,0.55,true,country.8753,People's Republic of China,101.901875,35.486703,1.0,country:1.00,matched,2026-04-27T16:46:34Z
460226,Robert Lehman Collection,1557,1573,1565,1500:1999,"||||||||Italian, Urbino||","Urbino, Italy",culture||country,0.55,true,place.60237936,"Urbino, Pesaro and Urbino, Italy",12.637198,43.726307,1.0,place:1.00,matched,2026-04-27T16:47:13Z
62706,Asian Art,1700,1799,1749,1500:1999,||||||||Japan||,Japan,culture,0.55,true,country.8820,Japan,138.59223,36.386493,1.0,country:1.00,matched,2026-04-27T16:46:48Z
48612,Asian Art,1800,1899,1849,1500:1999,||||||||China||,China,culture,0.55,true,country.8753,People's Republic of China,101.901875,35.486703,1.0,country:1.00,matched,2026-04-27T16:46:34Z
47309,Asian Art,1650,1650,1650,1500:1999,||||||||Japan||,Japan,culture,0.55,true,country.8820,Japan,138.59223,36.386493,1.0,country:1.00,matched,2026-04-27T16:46:48Z
52219,Asian Art,1630,1639,1634,1500:1999,||||||||Japan||,Japan,culture,0.55,true,country.8820,Japan,138.59223,36.386493,1.0,country:1.00,matched,2026-04-27T16:46:48Z
191593,European Sculpture and Decorative Arts,1600,1699,1649,1500:1999,||||||||||,,none,0.00,false,,,,,,,,
308886,The Michael C. Rockefeller Wing,300,700,500,500:999,||||||Peru||Moche||,Peru,country,0.70,true,country.8880,Peru,-75.311132,-10.151093,1.0,country:1.00,matched,2026-04-27T16:47:00Z
310206,The Michael C. Rockefeller Wing,1100,1500,1300,1000:1499,||||||Peru||Chimú||,Peru,country,0.70,true,country.8880,Peru,-75.311132,-10.151093,1.0,country:1.00,matched,2026-04-27T16:47:00Z
47501,Asian Art,1690,1710,1700,1500:1999,||||||||Japan||,Japan,culture,0.55,true,country.8820,Japan,138.59223,36.386493,1.0,country:1.00,matched,2026-04-27T16:46:48Z
47317,Asian Art,1736,1795,1765,1500:1999,||||||||China||,China,culture,0.55,true,country.8753,People's Republic of China,101.901875,35.486703,1.0,country:1.00,matched,2026-04-27T16:46:34Z
319966,The Michael C. Rockefeller Wing,175,425,300,0:499,||||||Panama||Tonosí style||,Panama,country,0.70,true,country.8879,Panama,-80.268175,8.704735,1.0,country:1.00,matched,2026-04-27T16:46:58Z
447292,Islamic Art,1000,1199,1099,1000:1499,||||||Iraq or Syria||||,Iraq,country,0.50,true,country.8813,Iraq,43.404716,33.048056,1.0,country:1.00,matched,2026-04-27T16:46:46Z
310523,The Michael C. Rockefeller Wing,200,600,400,0:499,||||||Peru||Moche||,Peru,country,0.70,true,country.8880,Peru,-75.311132,-10.151093,1.0,country:1.00,matched,2026-04-27T16:47:00Z
47367,Asian Art,1800,1849,1824,1500:1999,||||||||China||,China,culture,0.55,true,country.8753,People's Republic of China,101.901875,35.486703,1.0,country:1.00,matched,2026-04-27T16:46:34Z
770923,European Sculpture and Decorative Arts,1877,1877,1877,1500:1999,||||||||||British,Britain,department||artistNationality,0.53,true,country.8783,United Kingdom,-2.36967,54.237933,1.0,country:1.00,matched,2026-04-27T16:46:31Z
451466,Islamic Art,1300,1350,1325,1000:1499,Kashan||||||Iran||||,"Kashan, Iran",city||country,0.88,true,place.1255534,"Kashan County, Isfahan, Iran",51.44271,33.98714,0.98,place:0.98,matched,2026-04-27T16:46:48Z
309487,The Michael C. Rockefeller Wing,300,700,500,500:999,||||||Peru||Moche||,Peru,country,0.70,true,country.8880,Peru,-75.311132,-10.151093,1.0,country:1.00,matched,2026-04-27T16:47:00Z
39609,Asian Art,1000,1199,1099,1000:1499,||||||||Vietnam||,Vietnam,culture,0.55,true,country.8948,Vietnam,108.339537,14.315424,1.0,country:1.00,matched,2026-04-27T16:47:14Z
451946,Islamic Art,1200,1299,1249,1000:1499,||||||Iran||||,Iran,country,0.70,true,country.8814,Iran,54.301374,32.565838,1.0,country:1.00,matched,2026-04-27T16:46:46Z
46165,Asian Art,1834,1866,1850,1500:1999,||||||||Japan||,Japan,culture,0.55,true,country.8820,Japan,138.59223,36.386493,1.0,country:1.00,matched,2026-04-27T16:46:48Z
450759,Islamic Art,800,999,899,500:999,Nishapur||||||Iran||||,"Nishapur, Iran",city||country,0.88,true,place.1878126,"Nishapur County, Razavi Khorasan, Iran",58.79233,36.21129,0.95,place:0.95,matched,2026-04-27T16:46:56Z
48571,Asian Art,1368,1644,1506,1500:1999,||||||||China||,China,culture,0.55,true,country.8753,People's Republic of China,101.901875,35.486703,1.0,country:1.00,matched,2026-04-27T16:46:34Z
47959,Asian Art,1820,1820,1820,1500:1999,||||||||Japan||,Japan,culture,0.55,true,country.8820,Japan,138.59223,36.386493,1.0,country:1.00,matched,2026-04-27T16:46:48Z
62714,Asian Art,1700,1799,1749,1500:1999,||||||||Japan||,Japan,culture,0.55,true,country.8820,Japan,138.59223,36.386493,1.0,country:1.00,matched,2026-04-27T16:46:48Z
48735,Asian Art,1736,1766,1751,1500:1999,||||||||China||,China,culture,0.55,true,country.8753,People's Republic of China,101.901875,35.486703,1.0,country:1.00,matched,2026-04-27T16:46:34Z
44528,Asian Art,1600,1633,1616,1500:1999,||||||||Japan||,Japan,culture,0.55,true,country.8820,Japan,138.59223,36.386493,1.0,country:1.00,matched,2026-04-27T16:46:48Z
46868,Asian Art,1800,1849,1824,1500:1999,||||||||China||,China,culture,0.55,true,country.8753,People's Republic of China,101.901875,35.486703,1.0,country:1.00,matched,2026-04-27T16:46:34Z
42464,Asian Art,1000,1199,1099,1000:1499,||||||||China||,China,culture,0.55,true,country.8753,People's Republic of China,101.901875,35.486703,1.0,country:1.00,matched,2026-04-27T16:46:34Z
47307,Asian Art,1700,1799,1749,1500:1999,||||||||Japan||,Japan,culture,0.55,true,country.8820,Japan,138.59223,36.386493,1.0,country:1.00,matched,2026-04-27T16:46:48Z
37398,Asian Art,1367,1399,1383,1000:1499,||||||||Thailand||,Thailand,culture,0.55,true,country.8925,Thailand,101.017438,15.127333,1.0,country:1.00,matched,2026-04-27T16:47:09Z
48750,Asian Art,1800,1833,1816,1500:1999,||||||||Japan||,Japan,culture,0.55,true,country.8820,Japan,138.59223,36.386493,1.0,country:1.00,matched,2026-04-27T16:46:48Z
46979,Asian Art,1800,1899,1849,1500:1999,||||||||China||,China,culture,0.55,true,country.8753,People's Republic of China,101.901875,35.486703,1.0,country:1.00,matched,2026-04-27T16:46:34Z
309379,The Michael C. Rockefeller Wing,200,500,350,0:499,||||||Peru||Moche||,Peru,country,0.70,true,country.8880,Peru,-75.311132,-10.151093,1.0,country:1.00,matched,2026-04-27T16:47:00Z
45886,Asian Art,1662,1722,1692,1500:1999,||||||||China||,China,culture,0.55,true,country.8753,People's Republic of China,101.901875,35.486703,1.0,country:1.00,matched,2026-04-27T16:46:34Z
48124,Asian Art,618,907,762,500:999,||||||||China||,China,culture,0.55,true,country.8753,People's Republic of China,101.901875,35.486703,1.0,country:1.00,matched,2026-04-27T16:46:34Z
444515,Islamic Art,1100,1299,1199,1000:1499,||||||Iran||||,Iran,country,0.70,true,country.8814,Iran,54.301374,32.565838,1.0,country:1.00,matched,2026-04-27T16:46:46Z
309468,The Michael C. Rockefeller Wing,-350,60,-145,-500:-1,||||South Coast||Peru||Paracas||,Peru,country,0.70,true,country.8880,Peru,-75.311132,-10.151093,1.0,country:1.00,matched,2026-04-27T16:47:00Z
42313,Asian Art,1850,1899,1874,1500:1999,||||||||Korea||,Korea,culture,0.55,true,country.8828,South Korea,128.168944,36.536236,1.0,country:1.00,matched,2026-04-27T16:46:49Z
42476,Asian Art,1100,1299,1199,1000:1499,||||||||China||,China,culture,0.55,true,country.8753,People's Republic of China,101.901875,35.486703,1.0,country:1.00,matched,2026-04-27T16:46:34Z
46778,Asian Art,1700,1799,1749,1500:1999,||||||||China||,China,culture,0.55,true,country.8753,People's Republic of China,101.901875,35.486703,1.0,country:1.00,matched,2026-04-27T16:46:34Z
833902,The Michael C. Rockefeller Wing,1300,1499,1399,1000:1499,||New Mexico||||United States||Ancestral Puebloan (Casas Grandes)||,"New Mexico, United States",state||country,0.72,true,region.222444,"New Mexico, United States",-105.998351,34.324856,1.0,region:1.00,matched,2026-04-27T16:46:55Z
42428,Asian Art,1713,1722,1717,1500:1999,||||||||China||,China,culture,0.55,true,country.8753,People's Republic of China,101.901875,35.486703,1.0,country:1.00,matched,2026-04-27T16:46:34Z
49864,Asian Art,1867,1933,1900,1500:1999,||||||||Korea||,Korea,culture,0.55,true,country.8828,South Korea,128.168944,36.536236,1.0,country:1.00,matched,2026-04-27T16:46:49Z
52053,Asian Art,1662,1722,1692,1500:1999,||||||||China||,China,culture,0.55,true,country.8753,People's Republic of China,101.901875,35.486703,1.0,country:1.00,matched,2026-04-27T16:46:34Z
200839,European Sculpture and Decorative Arts,1800,1899,1849,1500:1999,||||||||||,,none,0.00,false,,,,,,,,
51063,Asian Art,1768,1795,1781,1500:1999,||||||||China||,China,culture,0.55,true,country.8753,People's Republic of China,101.901875,35.486703,1.0,country:1.00,matched,2026-04-27T16:46:34Z
50848,Asian Art,1467,1499,1483,1000:1499,||||||||China||,China,culture,0.55,true,country.8753,People's Republic of China,101.901875,35.486703,1.0,country:1.00,matched,2026-04-27T16:46:34Z
44465,Asian Art,-2550,-2450,-2500,-2500:-2001,||||||||China||,China,culture,0.55,true,country.8753,People's Republic of China,101.901875,35.486703,1.0,country:1.00,matched,2026-04-27T16:46:34Z
206024,European Sculpture and Decorative Arts,1708,1725,1716,1500:1999,||||||||||German,Germany,department||artistNationality,0.53,true,country.8762,Germany,10.018343,51.133481,1.0,country:1.00,matched,2026-04-27T16:46:43Z
46543,Asian Art,1700,1799,1749,1500:1999,||||||||China||,China,culture,0.55,true,country.8753,People's Republic of China,101.901875,35.486703,1.0,country:1.00,matched,2026-04-27T16:46:34Z
192308,European Sculpture and Decorative Arts,1770,1785,1777,1500:1999,||||||||||,,none,0.00,false,,,,,,,,
47319,Asian Art,1800,1899,1849,1500:1999,||||||||China||,China,culture,0.55,true,country.8753,People's Republic of China,101.901875,35.486703,1.0,country:1.00,matched,2026-04-27T16:46:34Z
48559,Asian Art,1700,1733,1716,1500:1999,||||||||China||,China,culture,0.55,true,country.8753,People's Republic of China,101.901875,35.486703,1.0,country:1.00,matched,2026-04-27T16:46:34Z
199720,European Sculpture and Decorative Arts,1465,1505,1485,1000:1499,||||||||||,,none,0.00,false,,,,,,,,
47449,Asian Art,1800,1899,1849,1500:1999,||||||||Japan||,Japan,culture,0.55,true,country.8820,Japan,138.59223,36.386493,1.0,country:1.00,matched,2026-04-27T16:46:48Z
42409,Asian Art,1667,1733,1700,1500:1999,||||||||China||,China,culture,0.55,true,country.8753,People's Republic of China,101.901875,35.486703,1.0,country:1.00,matched,2026-04-27T16:46:34Z
52801,Asian Art,1368,1644,1506,1500:1999,||||||||China||,China,culture,0.55,true,country.8753,People's Republic of China,101.901875,35.486703,1.0,country:1.00,matched,2026-04-27T16:46:34Z
47050,Asian Art,1700,1799,1749,1500:1999,||||||||China||,China,culture,0.55,true,country.8753,People's Republic of China,101.901875,35.486703,1.0,country:1.00,matched,2026-04-27T16:46:34Z
199135,European Sculpture and Decorative Arts,1708,1725,1716,1500:1999,||||||||||German,Germany,department||artistNationality,0.53,true,country.8762,Germany,10.018343,51.133481,1.0,country:1.00,matched,2026-04-27T16:46:43Z
57359,Asian Art,1900,1933,1916,1500:1999,||||||||Korea||,Korea,culture,0.55,true,country.8828,South Korea,128.168944,36.536236,1.0,country:1.00,matched,2026-04-27T16:46:49Z
47534,Asian Art,1662,1722,1692,1500:1999,||||||||China||,China,culture,0.55,true,country.8753,People's Republic of China,101.901875,35.486703,1.0,country:1.00,matched,2026-04-27T16:46:34Z
52036,Asian Art,1700,1799,1749,1500:1999,||||||||China||,China,culture,0.55,true,country.8753,People's Republic of China,101.901875,35.486703,1.0,country:1.00,matched,2026-04-27T16:46:34Z
309759,The Michael C. Rockefeller Wing,900,1600,1250,1000:1499,||||||Colombia||Quimbaya||,Colombia,country,0.70,true,country.8754,Colombia,-73.129056,3.065088,1.0,country:1.00,matched,2026-04-27T16:46:36Z
195217,European Sculpture and Decorative Arts,1745,1765,1755,1500:1999,||||||||||,,none,0.00,false,,,,,,,,
708306,European Sculpture and Decorative Arts,1885,1895,1890,1500:1999,||||||||||French,France,department||artistNationality,0.53,true,country.8781,France,2.618787,47.824905,1.0,country:1.00,matched,2026-04-27T16:46:43Z
308591,The Michael C. Rockefeller Wing,-700,-400,-550,-1000:-501,||||Ica Valley||Peru||Paracas||,"Ica Valley, Peru, Peru",region||country,0.70,true,place.5556400,"Ica District, Ica, Peru",-75.729645,-14.063716,0.592593,place:0.59,matched,2026-04-27T16:46:45Z
463707,Medieval Art,1450,1470,1460,1000:1499,Montelupo||Tuscany||||Italy||Italian||,"Montelupo, Tuscany, Italy",city||state||country,0.95,true,region.1459312,"Tuscany, Italy",11.255576,43.769871,0.666667,region:0.67,matched,2026-04-27T16:46:55Z
194229,European Sculpture and Decorative Arts,1775,1785,1780,1500:1999,||||||||||German,Germany,department||artistNationality,0.53,true,country.8762,Germany,10.018343,51.133481,1.0,country:1.00,matched,2026-04-27T16:46:43Z
49856,Asian Art,1700,1733,1716,1500:1999,||||||||China||,China,culture,0.55,true,country.8753,People's Republic of China,101.901875,35.486703,1.0,country:1.00,matched,2026-04-27T16:46:34Z
47637,Asian Art,1840,1840,1840,1500:1999,||||||||Japan||,Japan,culture,0.55,true,country.8820,Japan,138.59223,36.386493,1.0,country:1.00,matched,2026-04-27T16:46:48Z
47883,Asian Art,1736,1795,1765,1500:1999,||||||||China||,China,culture,0.55,true,country.8753,People's Republic of China,101.901875,35.486703,1.0,country:1.00,matched,2026-04-27T16:46:34Z
49855,Asian Art,1334,1366,1350,1000:1499,||||||||China||,China,culture,0.55,true,country.8753,People's Republic of China,101.901875,35.486703,1.0,country:1.00,matched,2026-04-27T16:46:34Z
50722,Asian Art,1271,1368,1319,1000:1499,||||||||China||,China,culture,0.55,true,country.8753,People's Republic of China,101.901875,35.486703,1.0,country:1.00,matched,2026-04-27T16:46:34Z
309356,The Michael C. Rockefeller Wing,300,700,500,500:999,||||||Peru||Moche||,Peru,country,0.70,true,country.8880,Peru,-75.311132,-10.151093,1.0,country:1.00,matched,2026-04-27T16:47:00Z
42238,Asian Art,1767,1899,1833,1500:1999,||||||||China||,China,culture,0.55,true,country.8753,People's Republic of China,101.901875,35.486703,1.0,country:1.00,matched,2026-04-27T16:46:34Z
47828,Asian Art,1700,1799,1749,1500:1999,||||||||China||,China,culture,0.55,true,country.8753,People's Republic of China,101.901875,35.486703,1.0,country:1.00,matched,2026-04-27T16:46:34Z
477815,The Cloisters,1250,1350,1300,1000:1499,Scarborough||||||England||British||,"Scarborough, England",city||country,0.88,true,place.9513039,"Scarborough, North Yorkshire, England, United Kingdom",-0.400486,54.282314,1.0,place:1.00,matched,2026-04-27T16:47:05Z
308383,The Michael C. Rockefeller Wing,400,700,550,500:999,||Santa Province (?)||||Peru||Moche||,"Santa Province, Peru, Peru",state||country,0.52,true,place.12142768,"Santa, Ancash, Peru",-78.61287,-8.986263,0.666667,place:0.67,matched,2026-04-27T16:47:04Z
50975,Asian Art,1900,1999,1949,1500:1999,||||||||China||,China,culture,0.55,true,country.8753,People's Republic of China,101.901875,35.486703,1.0,country:1.00,matched,2026-04-27T16:46:34Z
51173,Asian Art,1767,1849,1808,1500:1999,||||||||China||,China,culture,0.55,true,country.8753,People's Republic of China,101.901875,35.486703,1.0,country:1.00,matched,2026-04-27T16:46:34Z
770920,European Sculpture and Decorative Arts,1885,1885,1885,1500:1999,||||||||||British,Britain,department||artistNationality,0.53,true,country.8783,United Kingdom,-2.36967,54.237933,1.0,country:1.00,matched,2026-04-27T16:46:31Z
46542,Asian Art,1700,1799,1749,1500:1999,||||||||China||,China,culture,0.55,true,country.8753,People's Republic of China,101.901875,35.486703,1.0,country:1.00,matched,2026-04-27T16:46:34Z
48775,Asian Art,1810,1830,1820,1500:1999,||||||||Japan||,Japan,culture,0.55,true,country.8820,Japan,138.59223,36.386493,1.0,country:1.00,matched,2026-04-27T16:46:48Z
48276,Asian Art,1700,1799,1749,1500:1999,||||||||China||,China,culture,0.55,true,country.8753,People's Republic of China,101.901875,35.486703,1.0,country:1.00,matched,2026-04-27T16:46:34Z
48727,Asian Art,1800,1849,1824,1500:1999,||||||||China||,China,culture,0.55,true,country.8753,People's Republic of China,101.901875,35.486703,1.0,country:1.00,matched,2026-04-27T16:46:34Z
47589,Asian Art,1768,1799,1783,1500:1999,||||||||China||,China,culture,0.55,true,country.8753,People's Republic of China,101.901875,35.486703,1.0,country:1.00,matched,2026-04-27T16:46:34Z
47938,Asian Art,1700,1799,1749,1500:1999,||||||||China||,China,culture,0.55,true,country.8753,People's Republic of China,101.901875,35.486703,1.0,country:1.00,matched,2026-04-27T16:46:34Z
316718,The Michael C. Rockefeller Wing,100,400,250,0:499,||||||Peru||Nasca||,Peru,country,0.70,true,country.8880,Peru,-75.311132,-10.151093,1.0,country:1.00,matched,2026-04-27T16:47:00Z
446902,Islamic Art,1300,1399,1349,1000:1499,||||||Iran||||,Iran,country,0.70,true,country.8814,Iran,54.301374,32.565838,1.0,country:1.00,matched,2026-04-27T16:46:46Z
468391,Medieval Art,1275,1325,1300,1000:1499,||||||||British||,Britain,culture,0.55,true,country.8783,United Kingdom,-2.36967,54.237933,1.0,country:1.00,matched,2026-04-27T16:46:31Z
313397,The Michael C. Rockefeller Wing,500,700,600,500:999,||||||Peru||Moche||,Peru,country,0.70,true,country.8880,Peru,-75.311132,-10.151093,1.0,country:1.00,matched,2026-04-27T16:47:00Z
52391,Asian Art,1662,1722,1692,1500:1999,||||||||China||,China,culture,0.55,true,country.8753,People's Republic of China,101.901875,35.486703,1.0,country:1.00,matched,2026-04-27T16:46:34Z
46816,Asian Art,1800,1899,1849,1500:1999,||||||||China||,China,culture,0.55,true,country.8753,People's Republic of China,101.901875,35.486703,1.0,country:1.00,matched,2026-04-27T16:46:34Z
308535,The Michael C. Rockefeller Wing,200,600,400,0:499,||||||Peru||Moche||,Peru,country,0.70,true,country.8880,Peru,-75.311132,-10.151093,1.0,country:1.00,matched,2026-04-27T16:47:00Z
308578,The Michael C. Rockefeller Wing,300,600,450,0:499,||||||Peru||Nasca||,Peru,country,0.70,true,country.8880,Peru,-75.311132,-10.151093,1.0,country:1.00,matched,2026-04-27T16:47:00Z
42363,Asian Art,1713,1722,1717,1500:1999,||||||||China||,China,culture,0.55,true,country.8753,People's Republic of China,101.901875,35.486703,1.0,country:1.00,matched,2026-04-27T16:46:34Z
47226,Asian Art,1800,1899,1849,1500:1999,||||||||Japan||,Japan,culture,0.55,true,country.8820,Japan,138.59223,36.386493,1.0,country:1.00,matched,2026-04-27T16:46:48Z
317890,The Michael C. Rockefeller Wing,1200,1500,1350,1000:1499,||Veracruz||Mesoamerica||Mexico||Huastec||,"Veracruz, Mexico, Mexico",state||country,0.72,true,place.37464223,"Veracruz, Veracruz, Mexico",-96.1379,19.198362,0.666667,place:0.67,matched,2026-04-27T16:47:14Z
47695,Asian Art,1850,1850,1850,1500:1999,||||||||Japan||,Japan,culture,0.55,true,country.8820,Japan,138.59223,36.386493,1.0,country:1.00,matched,2026-04-27T16:46:48Z
448988,Islamic Art,700,799,749,500:999,Qasr-i Abu Nasr||||||Iran||||,"Qasr-i Abu Nasr, Iran",city||country,0.88,true,country.8814,Iran,54.301374,32.565838,0.366667,country:0.37,matched,2026-04-27T16:47:01Z
50165,Asian Art,-2500,-1000,-1750,-2000:-1501,||||||||Japan||,Japan,culture,0.55,true,country.8820,Japan,138.59223,36.386493,1.0,country:1.00,matched,2026-04-27T16:46:48Z
465886,Medieval Art,1400,1599,1499,1000:1499,||||||||French||,France,culture,0.55,true,country.8781,France,2.618787,47.824905,1.0,country:1.00,matched,2026-04-27T16:46:43Z
51007,Asian Art,1723,1735,1729,1500:1999,||||||||China||,China,culture,0.55,true,country.8753,People's Republic of China,101.901875,35.486703,1.0,country:1.00,matched,2026-04-27T16:46:34Z
205324,European Sculpture and Decorative Arts,1751,1761,1756,1500:1999,||||||||||British,Britain,department||artistNationality,0.53,true,country.8783,United Kingdom,-2.36967,54.237933,1.0,country:1.00,matched,2026-04-27T16:46:31Z
40206,Asian Art,-2300,-2000,-2150,-2500:-2001,||||||||China||,China,culture,0.55,true,country.8753,People's Republic of China,101.901875,35.486703,1.0,country:1.00,matched,2026-04-27T16:46:34Z
52208,Asian Art,1600,1699,1649,1500:1999,||||||||Japan||,Japan,culture,0.55,true,country.8820,Japan,138.59223,36.386493,1.0,country:1.00,matched,2026-04-27T16:46:48Z
450760,Islamic Art,700,899,799,500:999,Nishapur||||||Iran||||,"Nishapur, Iran",city||country,0.88,true,place.1878126,"Nishapur County, Razavi Khorasan, Iran",58.79233,36.21129,0.95,place:0.95,matched,2026-04-27T16:46:56Z
188537,European Sculpture and Decorative Arts,1550,1599,1574,1500:1999,||||||||||,,none,0.00,false,,,,,,,,
49299,Asian Art,1660,1690,1675,1500:1999,||||||||Japan||,Japan,culture,0.55,true,country.8820,Japan,138.59223,36.386493,1.0,country:1.00,matched,2026-04-27T16:46:48Z
191733,European Sculpture and Decorative Arts,1585,1605,1595,1500:1999,||||||||||German,Germany,department||artistNationality,0.53,true,country.8762,Germany,10.018343,51.133481,1.0,country:1.00,matched,2026-04-27T16:46:43Z
48859,Asian Art,1800,1899,1849,1500:1999,||||||||China||,China,culture,0.55,true,country.8753,People's Republic of China,101.901875,35.486703,1.0,country:1.00,matched,2026-04-27T16:46:34Z
310497,The Michael C. Rockefeller Wing,1100,1500,1300,1000:1499,||||||Peru||Chimú||,Peru,country,0.70,true,country.8880,Peru,-75.311132,-10.151093,1.0,country:1.00,matched,2026-04-27T16:47:00Z
193084,European Sculpture and Decorative Arts,1800,1815,1807,1500:1999,||||||||||,,none,0.00,false,,,,,,,,
199726,European Sculpture and Decorative Arts,1465,1495,1480,1000:1499,||||||||||,,none,0.00,false,,,,,,,,
452011,Islamic Art,300,499,399,0:499,||||||Syria||||,Syria,country,0.70,true,country.8919,Syria,38.505592,35.013048,1.0,country:1.00,matched,2026-04-27T16:47:09Z
47780,Asian Art,1668,1722,1695,1500:1999,||||||||China||,China,culture,0.55,true,country.8753,People's Republic of China,101.901875,35.486703,1.0,country:1.00,matched,2026-04-27T16:46:34Z
771056,European Sculpture and Decorative Arts,1879,1879,1879,1500:1999,||||||||||British,Britain,department||artistNationality,0.53,true,country.8783,United Kingdom,-2.36967,54.237933,1.0,country:1.00,matched,2026-04-27T16:46:31Z
47676,Asian Art,1600,1699,1649,1500:1999,||||||||Japan||,Japan,culture,0.55,true,country.8820,Japan,138.59223,36.386493,1.0,country:1.00,matched,2026-04-27T16:46:48Z
49852,Asian Art,1700,1799,1749,1500:1999,||||||||China||,China,culture,0.55,true,country.8753,People's Republic of China,101.901875,35.486703,1.0,country:1.00,matched,2026-04-27T16:46:34Z
307474,The Michael C. Rockefeller Wing,200,500,350,0:499,||||||Peru||Moche||,Peru,country,0.70,true,country.8880,Peru,-75.311132,-10.151093,1.0,country:1.00,matched,2026-04-27T16:47:00Z
308718,The Michael C. Rockefeller Wing,-300,-100,-200,-500:-1,||||Ica Valley||Peru||Paracas||,"Ica Valley, Peru, Peru",region||country,0.70,true,place.5556400,"Ica District, Ica, Peru",-75.729645,-14.063716,0.592593,place:0.59,matched,2026-04-27T16:46:45Z
309746,The Michael C. Rockefeller Wing,100,500,300,0:499,||||||Peru||Vicús||,Peru,country,0.70,true,country.8880,Peru,-75.311132,-10.151093,1.0,country:1.00,matched,2026-04-27T16:47:00Z
667256,Asian Art,1634,1666,1650,1500:1999,||||||||Japan||,Japan,culture,0.55,true,country.8820,Japan,138.59223,36.386493,1.0,country:1.00,matched,2026-04-27T16:46:48Z
208439,European Sculpture and Decorative Arts,1800,1899,1849,1500:1999,||||||||||,,none,0.00,false,,,,,,,,
50973,Asian Art,700,733,716,500:999,||||||||China||,China,culture,0.55,true,country.8753,People's Republic of China,101.901875,35.486703,1.0,country:1.00,matched,2026-04-27T16:46:34Z
201751,European Sculpture and Decorative Arts,1655,1675,1665,1500:1999,||||||||||,,none,0.00,false,,,,,,,,
45873,Asian Art,1800,1899,1849,1500:1999,||||||||China||,China,culture,0.55,true,country.8753,People's Republic of China,101.901875,35.486703,1.0,country:1.00,matched,2026-04-27T16:46:34Z
451352,Islamic Art,1100,1299,1199,1000:1499,Raqqa||||||Syria||||,"Raqqa, Syria",city||country,0.88,true,place.13035735,"Raqqa, Al-Raqqah, Syria",39.008921,35.949678,1.0,place:1.00,matched,2026-04-27T16:47:01Z
204387,European Sculpture and Decorative Arts,1800,1899,1849,1500:1999,||||||||||,,none,0.00,false,,,,,,,,
314684,The Michael C. Rockefeller Wing,-100,200,50,0:499,||||||Peru||Salinar (?)||,Peru,country,0.70,true,country.8880,Peru,-75.311132,-10.151093,1.0,country:1.00,matched,2026-04-27T16:47:00Z
48461,Asian Art,1700,1899,1799,1500:1999,||||||||China||,China,culture,0.55,true,country.8753,People's Republic of China,101.901875,35.486703,1.0,country:1.00,matched,2026-04-27T16:46:34Z
62658,Asian Art,1700,1799,1749,1500:1999,||||||||Japan||,Japan,culture,0.55,true,country.8820,Japan,138.59223,36.386493,1.0,country:1.00,matched,2026-04-27T16:46:48Z
51224,Asian Art,1800,1899,1849,1500:1999,||||||||China||,China,culture,0.55,true,country.8753,People's Republic of China,101.901875,35.486703,1.0,country:1.00,matched,2026-04-27T16:46:34Z
46705,Asian Art,1700,1799,1749,1500:1999,||||||||China||,China,culture,0.55,true,country.8753,People's Republic of China,101.901875,35.486703,1.0,country:1.00,matched,2026-04-27T16:46:34Z
308352,The Michael C. Rockefeller Wing,-500,-200,-350,-500:-1,||||||Peru||Paracas||,Peru,country,0.70,true,country.8880,Peru,-75.311132,-10.151093,1.0,country:1.00,matched,2026-04-27T16:47:00Z
448997,Islamic Art,700,999,849,500:999,Qasr-i Abu Nasr||||||Iran||||,"Qasr-i Abu Nasr, Iran",city||country,0.88,true,country.8814,Iran,54.301374,32.565838,0.366667,country:0.37,matched,2026-04-27T16:47:01Z
199181,European Sculpture and Decorative Arts,1735,1745,1740,1500:1999,||||||||||German,Germany,department||artistNationality,0.53,true,country.8762,Germany,10.018343,51.133481,1.0,country:1.00,matched,2026-04-27T16:46:43Z
770925,European Sculpture and Decorative Arts,1867,1877,1872,1500:1999,||||||||||British,Britain,department||artistNationality,0.53,true,country.8783,United Kingdom,-2.36967,54.237933,1.0,country:1.00,matched,2026-04-27T16:46:31Z
45853,Asian Art,1700,1799,1749,1500:1999,||||||||Japan||,Japan,culture,0.55,true,country.8820,Japan,138.59223,36.386493,1.0,country:1.00,matched,2026-04-27T16:46:48Z
62550,Asian Art,1700,1799,1749,1500:1999,||||||||Japan||,Japan,culture,0.55,true,country.8820,Japan,138.59223,36.386493,1.0,country:1.00,matched,2026-04-27T16:46:48Z
308544,The Michael C. Rockefeller Wing,200,500,350,0:499,||||||Peru||Moche||,Peru,country,0.70,true,country.8880,Peru,-75.311132,-10.151093,1.0,country:1.00,matched,2026-04-27T16:47:00Z
46719,Asian Art,1800,1899,1849,1500:1999,||||||||China||,China,culture,0.55,true,country.8753,People's Republic of China,101.901875,35.486703,1.0,country:1.00,matched,2026-04-27T16:46:34Z
194583,European Sculpture and Decorative Arts,1800,1899,1849,1500:1999,||||||||||,,none,0.00,false,,,,,,,,
37404,Asian Art,-3600,-1000,-2300,-2500:-2001,||||||||Thailand (Ban Chiang)||,"Ban Chiang, Thailand",culture||country,0.55,true,place.75997,"Ban Chang, Rayong, Thailand",101.050095,12.724634,0.971296,place:0.97,matched,2026-04-27T16:46:29Z
310589,The Michael C. Rockefeller Wing,900,1521,1210,1000:1499,||Veracruz||Mesoamerica||Mexico||Huastec||,"Veracruz, Mexico, Mexico",state||country,0.72,true,place.37464223,"Veracruz, Veracruz, Mexico",-96.1379,19.198362,0.666667,place:0.67,matched,2026-04-27T16:47:14Z
52605,Asian Art,1573,1599,1586,1500:1999,||||||||China||,China,culture,0.55,true,country.8753,People's Republic of China,101.901875,35.486703,1.0,country:1.00,matched,2026-04-27T16:46:34Z
199744,European Sculpture and Decorative Arts,1800,1899,1849,1500:1999,||||||||||,,none,0.00,false,,,,,,,,
47391,Asian Art,1840,1840,1840,1500:1999,||||||||Japan||,Japan,culture,0.55,true,country.8820,Japan,138.59223,36.386493,1.0,country:1.00,matched,2026-04-27T16:46:48Z
204423,European Sculpture and Decorative Arts,1800,1899,1849,1500:1999,||||||||||,,none,0.00,false,,,,,,,,
50738,Asian Art,1800,1899,1849,1500:1999,||||||||China||,China,culture,0.55,true,country.8753,People's Republic of China,101.901875,35.486703,1.0,country:1.00,matched,2026-04-27T16:46:34Z
47060,Asian Art,1700,1799,1749,1500:1999,||||||||Japan||,Japan,culture,0.55,true,country.8820,Japan,138.59223,36.386493,1.0,country:1.00,matched,2026-04-27T16:46:48Z
199601,European Sculpture and Decorative Arts,1775,1795,1785,1500:1999,||||||||||British,Britain,department||artistNationality,0.53,true,country.8783,United Kingdom,-2.36967,54.237933,1.0,country:1.00,matched,2026-04-27T16:46:31Z
45864,Asian Art,1800,1899,1849,1500:1999,||||||||China||,China,culture,0.55,true,country.8753,People's Republic of China,101.901875,35.486703,1.0,country:1.00,matched,2026-04-27T16:46:34Z
53775,Asian Art,1667,1722,1694,1500:1999,||||||||China||,China,culture,0.55,true,country.8753,People's Republic of China,101.901875,35.486703,1.0,country:1.00,matched,2026-04-27T16:46:34Z
195127,European Sculpture and Decorative Arts,1705,1735,1720,1500:1999,||||||||||,,none,0.00,false,,,,,,,,
50315,Asian Art,700,799,749,500:999,||||||||Japan||,Japan,culture,0.55,true,country.8820,Japan,138.59223,36.386493,1.0,country:1.00,matched,2026-04-27T16:46:48Z
47870,Asian Art,1780,1780,1780,1500:1999,||||||||Japan||,Japan,culture,0.55,true,country.8820,Japan,138.59223,36.386493,1.0,country:1.00,matched,2026-04-27T16:46:48Z
47455,Asian Art,1800,1849,1824,1500:1999,||||||||China||,China,culture,0.55,true,country.8753,People's Republic of China,101.901875,35.486703,1.0,country:1.00,matched,2026-04-27T16:46:34Z
48211,Asian Art,-206,220,7,0:499,||||||||China||,China,culture,0.55,true,country.8753,People's Republic of China,101.901875,35.486703,1.0,country:1.00,matched,2026-04-27T16:46:34Z
199559,European Sculpture and Decorative Arts,1755,1770,1762,1500:1999,||||||||||,,none,0.00,false,,,,,,,,
468394,Medieval Art,1500,1550,1525,1500:1999,||||||||British||,Britain,culture,0.55,true,country.8783,United Kingdom,-2.36967,54.237933,1.0,country:1.00,matched,2026-04-27T16:46:31Z
239363,European Sculpture and Decorative Arts,1892,1893,1892,1500:1999,||||||||||French,France,department||artistNationality,0.53,true,country.8781,France,2.618787,47.824905,1.0,country:1.00,matched,2026-04-27T16:46:43Z
762253,European Sculpture and Decorative Arts,1815,1825,1820,1500:1999,||||||||||,,none,0.00,false,,,,,,,,
50938,Asian Art,1800,1849,1824,1500:1999,||||||||China||,China,culture,0.55,true,country.8753,People's Republic of China,101.901875,35.486703,1.0,country:1.00,matched,2026-04-27T16:46:34Z
50840,Asian Art,1662,1722,1692,1500:1999,||||||||China||,China,culture,0.55,true,country.8753,People's Republic of China,101.901875,35.486703,1.0,country:1.00,matched,2026-04-27T16:46:34Z
52658,Asian Art,960,1279,1119,1000:1499,||||||||China||,China,culture,0.55,true,country.8753,People's Republic of China,101.901875,35.486703,1.0,country:1.00,matched,2026-04-27T16:46:34Z
465884,Medieval Art,1400,1599,1499,1000:1499,||||||||French||,France,culture,0.55,true,country.8781,France,2.618787,47.824905,1.0,country:1.00,matched,2026-04-27T16:46:43Z
62634,Asian Art,1700,1799,1749,1500:1999,||||||||Japan||,Japan,culture,0.55,true,country.8820,Japan,138.59223,36.386493,1.0,country:1.00,matched,2026-04-27T16:46:48Z
48569,Asian Art,1115,1234,1174,1000:1499,||||||||China||,China,culture,0.55,true,country.8753,People's Republic of China,101.901875,35.486703,1.0,country:1.00,matched,2026-04-27T16:46:34Z
465880,Medieval Art,1400,1499,1449,1000:1499,||||||||French||,France,culture,0.55,true,country.8781,France,2.618787,47.824905,1.0,country:1.00,matched,2026-04-27T16:46:43Z
196343,European Sculpture and Decorative Arts,1578,1578,1578,1500:1999,||||||||||,,none,0.00,false,,,,,,,,
194230,European Sculpture and Decorative Arts,1700,1799,1749,1500:1999,||||||||||German,Germany,department||artistNationality,0.53,true,country.8762,Germany,10.018343,51.133481,1.0,country:1.00,matched,2026-04-27T16:46:43Z
451880,Islamic Art,1100,1299,1199,1000:1499,||||||Iran||||,Iran,country,0.70,true,country.8814,Iran,54.301374,32.565838,1.0,country:1.00,matched,2026-04-27T16:46:46Z
465883,Medieval Art,1400,1499,1449,1000:1499,||||||||French||,France,culture,0.55,true,country.8781,France,2.618787,47.824905,1.0,country:1.00,matched,2026-04-27T16:46:43Z
47257,Asian Art,1800,1899,1849,1500:1999,||||||||Japan||,Japan,culture,0.55,true,country.8820,Japan,138.59223,36.386493,1.0,country:1.00,matched,2026-04-27T16:46:48Z
442902,Islamic Art,300,699,499,0:499,Abu Mena||||||Egypt||||,"Abu Mena, Egypt",city||country,0.88,true,country.8771,Egypt,29.871903,26.494184,0.425926,country:0.43,matched,2026-04-27T16:46:27Z
194471,European Sculpture and Decorative Arts,1500,1699,1599,1500:1999,||||||||||,,none,0.00,false,,,,,,,,
446879,Islamic Art,1000,1099,1049,1000:1499,||||||Iran||||,Iran,country,0.70,true,country.8814,Iran,54.301374,32.565838,1.0,country:1.00,matched,2026-04-27T16:46:46Z
47173,Asian Art,1800,1899,1849,1500:1999,||||||||Japan||,Japan,culture,0.55,true,country.8820,Japan,138.59223,36.386493,1.0,country:1.00,matched,2026-04-27T16:46:48Z
199417,European Sculpture and Decorative Arts,1745,1755,1750,1500:1999,||||||||||,,none,0.00,false,,,,,,,,
319468,The Michael C. Rockefeller Wing,350,600,475,0:499,||||Oaxaca||Mexico||Zapotec||,"Oaxaca, Mexico, Mexico",region||country,0.70,true,place.40880287,"Oaxaca, Oaxaca, Mexico",-96.72438,17.062824,0.666667,place:0.67,matched,2026-04-27T16:46:57Z
48304,Asian Art,1700,1799,1749,1500:1999,||||||||China||,China,culture,0.55,true,country.8753,People's Republic of China,101.901875,35.486703,1.0,country:1.00,matched,2026-04-27T16:46:34Z
63081,Asian Art,1700,1799,1749,1500:1999,||||||||Japan||,Japan,culture,0.55,true,country.8820,Japan,138.59223,36.386493,1.0,country:1.00,matched,2026-04-27T16:46:48Z
50143,Asian Art,1700,1799,1749,1500:1999,||||||||China||,China,culture,0.55,true,country.8753,People's Republic of China,101.901875,35.486703,1.0,country:1.00,matched,2026-04-27T16:46:34Z
48646,Asian Art,1662,1722,1692,1500:1999,||||||||China||,China,culture,0.55,true,country.8753,People's Republic of China,101.901875,35.486703,1.0,country:1.00,matched,2026-04-27T16:46:34Z
199727,European Sculpture and Decorative Arts,1470,1480,1475,1000:1499,||||||||||,,none,0.00,false,,,,,,,,
62530,Asian Art,1800,1899,1849,1500:1999,||||||||Japan||,Japan,culture,0.55,true,country.8820,Japan,138.59223,36.386493,1.0,country:1.00,matched,2026-04-27T16:46:48Z
199338,European Sculpture and Decorative Arts,1788,1788,1788,1500:1999,||||||||||British,Britain,department||artistNationality,0.53,true,country.8783,United Kingdom,-2.36967,54.237933,1.0,country:1.00,matched,2026-04-27T16:46:31Z
195501,European Sculpture and Decorative Arts,1829,1839,1834,1500:1999,||||||||||,,none,0.00,false,,,,,,,,
308645,The Michael C. Rockefeller Wing,-500,-100,-300,-500:-1,||||||Peru||Paracas||,Peru,country,0.70,true,country.8880,Peru,-75.311132,-10.151093,1.0,country:1.00,matched,2026-04-27T16:47:00Z
474926,Medieval Art,580,640,610,500:999,Thebes||||||Byzantine Egypt||Coptic||,"Thebes, Byzantine Egypt",city||country,0.88,true,country.8771,Egypt,29.871903,26.494184,0.425926,country:0.43,matched,2026-04-27T16:47:09Z
42203,Asian Art,1700,1733,1716,1500:1999,||||||||China||,China,culture,0.55,true,country.8753,People's Republic of China,101.901875,35.486703,1.0,country:1.00,matched,2026-04-27T16:46:34Z
449116,Islamic Art,800,850,825,500:999,Nishapur||||||Iran||||,"Nishapur, Iran",city||country,0.88,true,place.1878126,"Nishapur County, Razavi Khorasan, Iran",58.79233,36.21129,0.95,place:0.95,matched,2026-04-27T16:46:56Z
64119,Asian Art,568,599,583,500:999,||||||||China||,China,culture,0.55,true,country.8753,People's Republic of China,101.901875,35.486703,1.0,country:1.00,matched,2026-04-27T16:46:34Z
309730,The Michael C. Rockefeller Wing,100,600,350,0:499,||||||Peru||Nasca||,Peru,country,0.70,true,country.8880,Peru,-75.311132,-10.151093,1.0,country:1.00,matched,2026-04-27T16:47:00Z
52017,Asian Art,1723,1735,1729,1500:1999,||||||||China||,China,culture,0.55,true,country.8753,People's Republic of China,101.901875,35.486703,1.0,country:1.00,matched,2026-04-27T16:46:34Z
52056,Asian Art,1678,1788,1733,1500:1999,||||||||China||,China,culture,0.55,true,country.8753,People's Republic of China,101.901875,35.486703,1.0,country:1.00,matched,2026-04-27T16:46:34Z
42414,Asian Art,1736,1795,1765,1500:1999,||||||||China||,China,culture,0.55,true,country.8753,People's Republic of China,101.901875,35.486703,1.0,country:1.00,matched,2026-04-27T16:46:34Z
449078,Islamic Art,1200,1299,1249,1000:1499,Nishapur||||||Iran||||,"Nishapur, Iran",city||country,0.88,true,place.1878126,"Nishapur County, Razavi Khorasan, Iran",58.79233,36.21129,0.95,place:0.95,matched,2026-04-27T16:46:56Z
46827,Asian Art,1567,1633,1600,1500:1999,||||||||China||,China,culture,0.55,true,country.8753,People's Republic of China,101.901875,35.486703,1.0,country:1.00,matched,2026-04-27T16:46:34Z
47951,Asian Art,1800,1899,1849,1500:1999,||||||||Japan||,Japan,culture,0.55,true,country.8820,Japan,138.59223,36.386493,1.0,country:1.00,matched,2026-04-27T16:46:48Z
47977,Asian Art,1800,1833,1816,1500:1999,||||||||Japan||,Japan,culture,0.55,true,country.8820,Japan,138.59223,36.386493,1.0,country:1.00,matched,2026-04-27T16:46:48Z
62761,Asian Art,1650,1650,1650,1500:1999,||||||||Japan||,Japan,culture,0.55,true,country.8820,Japan,138.59223,36.386493,1.0,country:1.00,matched,2026-04-27T16:46:48Z
451365,Islamic Art,1200,1250,1225,1000:1499,Raqqa||||||Syria||||,"Raqqa, Syria",city||country,0.88,true,place.13035735,"Raqqa, Al-Raqqah, Syria",39.008921,35.949678,1.0,place:1.00,matched,2026-04-27T16:47:01Z
199775,European Sculpture and Decorative Arts,1730,1765,1747,1500:1999,||||||||||,,none,0.00,false,,,,,,,,
63101,Asian Art,1700,1799,1749,1500:1999,||||||||Japan||,Japan,culture,0.55,true,country.8820,Japan,138.59223,36.386493,1.0,country:1.00,matched,2026-04-27T16:46:48Z
192811,European Sculpture and Decorative Arts,1770,1780,1775,1500:1999,||||||||||British,Britain,department||artistNationality,0.53,true,country.8783,United Kingdom,-2.36967,54.237933,1.0,country:1.00,matched,2026-04-27T16:46:31Z
460984,Robert Lehman Collection,1554,1569,1561,1500:1999,||||||||||French,France,artistNationality,0.45,true,country.8781,France,2.618787,47.824905,1.0,country:1.00,matched,2026-04-27T16:46:43Z
307866,The Michael C. Rockefeller Wing,-700,-300,-500,-500:-1,||||||Peru||Paracas||,Peru,country,0.70,true,country.8880,Peru,-75.311132,-10.151093,1.0,country:1.00,matched,2026-04-27T16:47:00Z
47287,Asian Art,1800,1899,1849,1500:1999,||||||||China||,China,culture,0.55,true,country.8753,People's Republic of China,101.901875,35.486703,1.0,country:1.00,matched,2026-04-27T16:46:34Z
62863,Asian Art,1820,1820,1820,1500:1999,||||||||Japan||,Japan,culture,0.55,true,country.8820,Japan,138.59223,36.386493,1.0,country:1.00,matched,2026-04-27T16:46:48Z
46918,Asian Art,1700,1722,1711,1500:1999,||||||||China||,China,culture,0.55,true,country.8753,People's Republic of China,101.901875,35.486703,1.0,country:1.00,matched,2026-04-27T16:46:34Z
47185,Asian Art,1790,1810,1800,1500:1999,||||||||Japan||,Japan,culture,0.55,true,country.8820,Japan,138.59223,36.386493,1.0,country:1.00,matched,2026-04-27T16:46:48Z
468167,Medieval Art,1400,1450,1425,1000:1499,Florence||Tuscany||||Italy||Italian||,"Florence, Tuscany, Italy",city||state||country,0.95,true,place.22481008,"Florence, Florence, Italy",11.256129,43.771484,0.666667,place:0.67,matched,2026-04-27T16:46:42Z
201762,European Sculpture and Decorative Arts,1568,1578,1573,1500:1999,||||||||||,,none,0.00,false,,,,,,,,
191731,European Sculpture and Decorative Arts,1590,1600,1595,1500:1999,||||||||||Netherlandish,Netherlands,department||artistNationality,0.53,true,country.8872,Netherlands,5.613491,51.972466,1.0,country:1.00,matched,2026-04-27T16:46:55Z
53853,Asian Art,1767,1799,1783,1500:1999,||||||||China||,China,culture,0.55,true,country.8753,People's Republic of China,101.901875,35.486703,1.0,country:1.00,matched,2026-04-27T16:46:34Z
448998,Islamic Art,700,999,849,500:999,Qasr-i Abu Nasr||||||Iran||||,"Qasr-i Abu Nasr, Iran",city||country,0.88,true,country.8814,Iran,54.301374,32.565838,0.366667,country:0.37,matched,2026-04-27T16:47:01Z
52813,Asian Art,1662,1722,1692,1500:1999,||||||||China||,China,culture,0.55,true,country.8753,People's Republic of China,101.901875,35.486703,1.0,country:1.00,matched,2026-04-27T16:46:34Z
57369,Asian Art,1900,1933,1916,1500:1999,||||||||Korea||,Korea,culture,0.55,true,country.8828,South Korea,128.168944,36.536236,1.0,country:1.00,matched,2026-04-27T16:46:49Z
670808,European Sculpture and Decorative Arts,1875,1885,1880,1500:1999,"||||||||||British, Scottish",Scotland,department||artistNationality,0.35,true,region.17487,"Scotland, United Kingdom",-4.095892,56.734282,1.0,region:1.00,matched,2026-04-27T16:47:05Z
308722,The Michael C. Rockefeller Wing,-700,-400,-550,-1000:-501,||||||Peru||Paracas||,Peru,country,0.70,true,country.8880,Peru,-75.311132,-10.151093,1.0,country:1.00,matched,2026-04-27T16:47:00Z
51000,Asian Art,1662,1722,1692,1500:1999,||||||||China||,China,culture,0.55,true,country.8753,People's Republic of China,101.901875,35.486703,1.0,country:1.00,matched,2026-04-27T16:46:34Z
47043,Asian Art,1700,1799,1749,1500:1999,||||||||Japan||,Japan,culture,0.55,true,country.8820,Japan,138.59223,36.386493,1.0,country:1.00,matched,2026-04-27T16:46:48Z
198707,European Sculpture and Decorative Arts,1581,1581,1581,1500:1999,||||||||||,,none,0.00,false,,,,,,,,
309501,The Michael C. Rockefeller Wing,100,300,200,0:499,||||||Peru||Moche||,Peru,country,0.70,true,country.8880,Peru,-75.311132,-10.151093,1.0,country:1.00,matched,2026-04-27T16:47:00Z
50773,Asian Art,1667,1733,1700,1500:1999,||||||||China||,China,culture,0.55,true,country.8753,People's Republic of China,101.901875,35.486703,1.0,country:1.00,matched,2026-04-27T16:46:34Z
48706,Asian Art,1700,1733,1716,1500:1999,||||||||China||,China,culture,0.55,true,country.8753,People's Republic of China,101.901875,35.486703,1.0,country:1.00,matched,2026-04-27T16:46:34Z
48650,Asian Art,1736,1766,1751,1500:1999,||||||||China||,China,culture,0.55,true,country.8753,People's Republic of China,101.901875,35.486703,1.0,country:1.00,matched,2026-04-27T16:46:34Z
451986,Islamic Art,1075,1125,1100,1000:1499,||||||Iran||||,Iran,country,0.70,true,country.8814,Iran,54.301374,32.565838,1.0,country:1.00,matched,2026-04-27T16:46:46Z
450198,Islamic Art,1000,1199,1099,1000:1499,Nishapur||||||Iran||||,"Nishapur, Iran",city||country,0.88,true,place.1878126,"Nishapur County, Razavi Khorasan, Iran",58.79233,36.21129,0.95,place:0.95,matched,2026-04-27T16:46:56Z
446685,Islamic Art,1150,1199,1174,1000:1499,||||||Iran||||,Iran,country,0.70,true,country.8814,Iran,54.301374,32.565838,1.0,country:1.00,matched,2026-04-27T16:46:46Z
47982,Asian Art,1800,1899,1849,1500:1999,||||||||Japan||Japanese,Japan,culture,0.55,true,country.8820,Japan,138.59223,36.386493,1.0,country:1.00,matched,2026-04-27T16:46:48Z
313275,The Michael C. Rockefeller Wing,1400,1600,1500,1500:1999,||||||Peru||Inca||,Peru,country,0.70,true,country.8880,Peru,-75.311132,-10.151093,1.0,country:1.00,matched,2026-04-27T16:47:00Z
460264,Robert Lehman Collection,1548,1602,1575,1500:1999,"||||||||Italian, probably Faenza (or Palermo)||","Faenza, Italy",culture||country,0.35,true,place.21547120,"Faenza, Ravenna, Italy",11.882004,44.285633,1.0,place:1.00,matched,2026-04-27T16:46:41Z
447617,Islamic Art,1900,1925,1912,1500:1999,||||||||||,,none,0.00,false,,,,,,,,
40959,Asian Art,1700,1899,1799,1500:1999,||||||||China||,China,culture,0.55,true,country.8753,People's Republic of China,101.901875,35.486703,1.0,country:1.00,matched,2026-04-27T16:46:34Z
196568,European Sculpture and Decorative Arts,1700,1799,1749,1500:1999,||||||||||,,none,0.00,false,,,,,,,,
446909,Islamic Art,1600,1699,1649,1500:1999,||||||Iran||||,Iran,country,0.70,true,country.8814,Iran,54.301374,32.565838,1.0,country:1.00,matched,2026-04-27T16:46:46Z
309508,The Michael C. Rockefeller Wing,-1200,-800,-1000,-1000:-501,||||North Coast||Peru||Cupisnique||,Peru,country,0.70,true,country.8880,Peru,-75.311132,-10.151093,1.0,country:1.00,matched,2026-04-27T16:47:00Z
194967,European Sculpture and Decorative Arts,1870,1885,1877,1500:1999,||||||||||American and French,United States,department||artistNationality,0.15,false,country.8940,United States,-97.922211,39.381266,1.0,country:1.00,matched,2026-04-27T16:47:13Z
308569,The Michael C. Rockefeller Wing,100,600,350,0:499,||||||Peru||Nasca||,Peru,country,0.70,true,country.8880,Peru,-75.311132,-10.151093,1.0,country:1.00,matched,2026-04-27T16:47:00Z
194608,European Sculpture and Decorative Arts,1495,1505,1500,1500:1999,||||||||||,,none,0.00,false,,,,,,,,
72420,Asian Art,1400,1499,1449,1000:1499,||||||||China||,China,culture,0.55,true,country.8753,People's Republic of China,101.901875,35.486703,1.0,country:1.00,matched,2026-04-27T16:46:34Z
42307,Asian Art,1100,1199,1149,1000:1499,||||||||Korea||,Korea,culture,0.55,true,country.8828,South Korea,128.168944,36.536236,1.0,country:1.00,matched,2026-04-27T16:46:49Z
57492,Asian Art,1200,1299,1249,1000:1499,||||||||Korea||,Korea,culture,0.55,true,country.8828,South Korea,128.168944,36.536236,1.0,country:1.00,matched,2026-04-27T16:46:49Z
48351,Asian Art,-300,-100,-200,-500:-1,||||||||China||,China,culture,0.55,true,country.8753,People's Republic of China,101.901875,35.486703,1.0,country:1.00,matched,2026-04-27T16:46:34Z
310232,The Michael C. Rockefeller Wing,-100,200,50,0:499,||||||Peru||Moche||,Peru,country,0.70,true,country.8880,Peru,-75.311132,-10.151093,1.0,country:1.00,matched,2026-04-27T16:47:00Z
446843,Islamic Art,1000,1199,1099,1000:1499,||||||Eastern Syria||||,Eastern Syria,country,0.70,true,country.8919,Syria,38.505592,35.013048,0.5,country:0.50,matched,2026-04-27T16:46:39Z
48309,Asian Art,1700,1799,1749,1500:1999,||||||||China||,China,culture,0.55,true,country.8753,People's Republic of China,101.901875,35.486703,1.0,country:1.00,matched,2026-04-27T16:46:34Z
771021,European Sculpture and Decorative Arts,1879,1879,1879,1500:1999,||||||||||British,Britain,department||artistNationality,0.53,true,country.8783,United Kingdom,-2.36967,54.237933,1.0,country:1.00,matched,2026-04-27T16:46:31Z
193449,European Sculpture and Decorative Arts,1700,1725,1712,1500:1999,||||||||||,,none,0.00,false,,,,,,,,
47540,Asian Art,1800,1899,1849,1500:1999,||||||||Japan||,Japan,culture,0.55,true,country.8820,Japan,138.59223,36.386493,1.0,country:1.00,matched,2026-04-27T16:46:48Z
468382,Medieval Art,1200,1399,1299,1000:1499,||||||||French||,France,culture,0.55,true,country.8781,France,2.618787,47.824905,1.0,country:1.00,matched,2026-04-27T16:46:43Z
46986,Asian Art,1700,1700,1700,1500:1999,||||||||Japan||,Japan,culture,0.55,true,country.8820,Japan,138.59223,36.386493,1.0,country:1.00,matched,2026-04-27T16:46:48Z
460718,Robert Lehman Collection,1660,1724,1692,1500:1999,||||||||Chinese||,China,culture,0.55,true,country.8753,People's Republic of China,101.901875,35.486703,1.0,country:1.00,matched,2026-04-27T16:46:34Z
187871,European Sculpture and Decorative Arts,1695,1710,1702,1500:1999,||||||||||,,none,0.00,false,,,,,,,,
309516,The Michael C. Rockefeller Wing,-1200,-400,-800,-1000:-501,||||||Peru||Cupisnique||,Peru,country,0.70,true,country.8880,Peru,-75.311132,-10.151093,1.0,country:1.00,matched,2026-04-27T16:47:00Z
309397,The Michael C. Rockefeller Wing,1400,1550,1475,1000:1499,||||||Peru||Inca||,Peru,country,0.70,true,country.8880,Peru,-75.311132,-10.151093,1.0,country:1.00,matched,2026-04-27T16:47:00Z
50524,Asian Art,1567,1699,1633,1500:1999,||||||||China||,China,culture,0.55,true,country.8753,People's Republic of China,101.901875,35.486703,1.0,country:1.00,matched,2026-04-27T16:46:34Z
52933,Asian Art,1662,1722,1692,1500:1999,||||||||China||,China,culture,0.55,true,country.8753,People's Republic of China,101.901875,35.486703,1.0,country:1.00,matched,2026-04-27T16:46:34Z
42426,Asian Art,1690,1732,1711,1500:1999,||||||||China||,China,culture,0.55,true,country.8753,People's Republic of China,101.901875,35.486703,1.0,country:1.00,matched,2026-04-27T16:46:34Z
57488,Asian Art,918,1392,1155,1000:1499,||||||||Korea||,Korea,culture,0.55,true,country.8828,South Korea,128.168944,36.536236,1.0,country:1.00,matched,2026-04-27T16:46:49Z
44755,Asian Art,1573,1621,1597,1500:1999,||||||||China||,China,culture,0.55,true,country.8753,People's Republic of China,101.901875,35.486703,1.0,country:1.00,matched,2026-04-27T16:46:34Z
199731,European Sculpture and Decorative Arts,1540,1555,1547,1500:1999,||||||||||Italian,Italy,department||artistNationality,0.53,true,country.8816,Italy,12.646361,42.504154,1.0,country:1.00,matched,2026-04-27T16:46:47Z
460716,Robert Lehman Collection,1662,1722,1692,1500:1999,||||||||Chinese||,China,culture,0.55,true,country.8753,People's Republic of China,101.901875,35.486703,1.0,country:1.00,matched,2026-04-27T16:46:34Z
487341,Modern and Contemporary Art,1882,1886,1884,1500:1999,||||||||French (Paris)||French,"Paris, France",culture||country,0.55,true,place.894029,"Paris, France",2.348392,48.853495,1.0,region:1.00,matched,2026-04-27T16:46:59Z
460138,Robert Lehman Collection,1506,1506,1506,1500:1999,"||||||||Italian, Tuscany, Cafaggiolo or Montelupo||","Montelupo, Tuscany, Italy",culture||country,0.35,true,region.1459312,"Tuscany, Italy",11.255576,43.769871,0.666667,region:0.67,matched,2026-04-27T16:46:55Z
50919,Asian Art,1667,1733,1700,1500:1999,||||||||China||,China,culture,0.55,true,country.8753,People's Republic of China,101.901875,35.486703,1.0,country:1.00,matched,2026-04-27T16:46:34Z
447987,Islamic Art,575,750,662,500:999,Abu Mena||||||Egypt||||,"Abu Mena, Egypt",city||country,0.88,true,country.8771,Egypt,29.871903,26.494184,0.425926,country:0.43,matched,2026-04-27T16:46:27Z
62636,Asian Art,1700,1799,1749,1500:1999,||||||||Japan||,Japan,culture,0.55,true,country.8820,Japan,138.59223,36.386493,1.0,country:1.00,matched,2026-04-27T16:46:48Z
446695,Islamic Art,1500,1599,1549,1500:1999,||||||Iran||||,Iran,country,0.70,true,country.8814,Iran,54.301374,32.565838,1.0,country:1.00,matched,2026-04-27T16:46:46Z
205087,European Sculpture and Decorative Arts,1750,1760,1755,1500:1999,||||||||||British,Britain,department||artistNationality,0.53,true,country.8783,United Kingdom,-2.36967,54.237933,1.0,country:1.00,matched,2026-04-27T16:46:31Z
308388,The Michael C. Rockefeller Wing,100,300,200,0:499,||||||Peru||Moche||,Peru,country,0.70,true,country.8880,Peru,-75.311132,-10.151093,1.0,country:1.00,matched,2026-04-27T16:47:00Z
48736,Asian Art,1734,1766,1750,1500:1999,||||||||China||,China,culture,0.55,true,country.8753,People's Republic of China,101.901875,35.486703,1.0,country:1.00,matched,2026-04-27T16:46:34Z
310494,The Michael C. Rockefeller Wing,-1200,-400,-800,-1000:-501,||||Chicama Valley||Peru||Cupisnique||,"Chicama Valley, Peru, Peru",region||country,0.70,true,place.2599088,"Chicama, La Libertad, Peru",-79.151054,-7.840456,0.592593,place:0.59,matched,2026-04-27T16:46:33Z
47770,Asian Art,1800,1899,1849,1500:1999,||||||||China||,China,culture,0.55,true,country.8753,People's Republic of China,101.901875,35.486703,1.0,country:1.00,matched,2026-04-27T16:46:34Z
52809,Asian Art,1662,1722,1692,1500:1999,||||||||China||,China,culture,0.55,true,country.8753,People's Republic of China,101.901875,35.486703,1.0,country:1.00,matched,2026-04-27T16:46:34Z
208156,European Sculpture and Decorative Arts,1875,1885,1880,1500:1999,||||||||||American and French,United States,department||artistNationality,0.15,false,country.8940,United States,-97.922211,39.381266,1.0,country:1.00,matched,2026-04-27T16:47:13Z
62686,Asian Art,1700,1799,1749,1500:1999,||||||||Japan||,Japan,culture,0.55,true,country.8820,Japan,138.59223,36.386493,1.0,country:1.00,matched,2026-04-27T16:46:48Z
448975,Islamic Art,700,899,799,500:999,Qasr-i Abu Nasr||||||Iran||||,"Qasr-i Abu Nasr, Iran",city||country,0.88,true,country.8814,Iran,54.301374,32.565838,0.366667,country:0.37,matched,2026-04-27T16:47:01Z
42227,Asian Art,1678,1688,1683,1500:1999,||||||||China||,China,culture,0.55,true,country.8753,People's Republic of China,101.901875,35.486703,1.0,country:1.00,matched,2026-04-27T16:46:34Z
42479,Asian Art,1000,1199,1099,1000:1499,||||||||China||,China,culture,0.55,true,country.8753,People's Republic of China,101.901875,35.486703,1.0,country:1.00,matched,2026-04-27T16:46:34Z
460677,Robert Lehman Collection,1766,1803,1784,1500:1999,||||||||Chinese||,China,culture,0.55,true,country.8753,People's Republic of China,101.901875,35.486703,1.0,country:1.00,matched,2026-04-27T16:46:34Z
477283,Medieval Art,300,699,499,0:499,||Kharga Oasis||||Byzantine Egypt||Coptic||,"Kharga Oasis, Byzantine Egypt",state||country,0.72,true,country.8771,Egypt,29.871903,26.494184,0.388889,country:0.39,matched,2026-04-27T16:46:49Z
463710,Medieval Art,1400,1400,1400,1000:1499,Todi||||||Italy||Italian||,"Todi, Italy",city||country,0.88,true,place.58173552,"Todi, Perugia, Italy",12.406307,42.782707,1.0,place:1.00,matched,2026-04-27T16:47:10Z
42403,Asian Art,1667,1733,1700,1500:1999,||||||||China||,China,culture,0.55,true,country.8753,People's Republic of China,101.901875,35.486703,1.0,country:1.00,matched,2026-04-27T16:46:34Z
62765,Asian Art,1750,1750,1750,1500:1999,||||||||Japan||,Japan,culture,0.55,true,country.8820,Japan,138.59223,36.386493,1.0,country:1.00,matched,2026-04-27T16:46:48Z
46781,Asian Art,1662,1722,1692,1500:1999,||||||||China||,China,culture,0.55,true,country.8753,People's Republic of China,101.901875,35.486703,1.0,country:1.00,matched,2026-04-27T16:46:34Z
460689,Robert Lehman Collection,1662,1722,1692,1500:1999,||||||||Chinese||,China,culture,0.55,true,country.8753,People's Republic of China,101.901875,35.486703,1.0,country:1.00,matched,2026-04-27T16:46:34Z
52491,Asian Art,1820,1820,1820,1500:1999,||||||||Japan||,Japan,culture,0.55,true,country.8820,Japan,138.59223,36.386493,1.0,country:1.00,matched,2026-04-27T16:46:48Z
451180,Islamic Art,900,999,949,500:999,Nishapur||||||Iran||||,"Nishapur, Iran",city||country,0.88,true,place.1878126,"Nishapur County, Razavi Khorasan, Iran",58.79233,36.21129,0.95,place:0.95,matched,2026-04-27T16:46:56Z
47473,Asian Art,1700,1799,1749,1500:1999,||||||||Japan||,Japan,culture,0.55,true,country.8820,Japan,138.59223,36.386493,1.0,country:1.00,matched,2026-04-27T16:46:48Z
73810,Asian Art,1000,1199,1099,1000:1499,||||||||Vietnam||,Vietnam,culture,0.55,true,country.8948,Vietnam,108.339537,14.315424,1.0,country:1.00,matched,2026-04-27T16:47:14Z
47171,Asian Art,1820,1820,1820,1500:1999,||||||||Japan||,Japan,culture,0.55,true,country.8820,Japan,138.59223,36.386493,1.0,country:1.00,matched,2026-04-27T16:46:48Z
50708,Asian Art,371,449,410,0:499,||||||||China||,China,culture,0.55,true,country.8753,People's Republic of China,101.901875,35.486703,1.0,country:1.00,matched,2026-04-27T16:46:34Z
465881,Medieval Art,1400,1499,1449,1000:1499,||||||||French||,France,culture,0.55,true,country.8781,France,2.618787,47.824905,1.0,country:1.00,matched,2026-04-27T16:46:43Z
52794,Asian Art,1465,1487,1476,1000:1499,||||||||China||,China,culture,0.55,true,country.8753,People's Republic of China,101.901875,35.486703,1.0,country:1.00,matched,2026-04-27T16:46:34Z
63108,Asian Art,1740,1760,1750,1500:1999,||||||||Japan||,Japan,culture,0.55,true,country.8820,Japan,138.59223,36.386493,1.0,country:1.00,matched,2026-04-27T16:46:48Z
48761,Asian Art,1668,1722,1695,1500:1999,||||||||China||,China,culture,0.55,true,country.8753,People's Republic of China,101.901875,35.486703,1.0,country:1.00,matched,2026-04-27T16:46:34Z
48187,Asian Art,700,799,749,500:999,||||||||China||,China,culture,0.55,true,country.8753,People's Republic of China,101.901875,35.486703,1.0,country:1.00,matched,2026-04-27T16:46:34Z
49206,Asian Art,1000,1133,1066,1000:1499,||||||||China||,China,culture,0.55,true,country.8753,People's Republic of China,101.901875,35.486703,1.0,country:1.00,matched,2026-04-27T16:46:34Z
200622,European Sculpture and Decorative Arts,1765,1775,1770,1500:1999,||||||||||British,Britain,department||artistNationality,0.53,true,country.8783,United Kingdom,-2.36967,54.237933,1.0,country:1.00,matched,2026-04-27T16:46:31Z
52719,Asian Art,1368,1644,1506,1500:1999,||||||||China||,China,culture,0.55,true,country.8753,People's Republic of China,101.901875,35.486703,1.0,country:1.00,matched,2026-04-27T16:46:34Z
312572,The Michael C. Rockefeller Wing,-200,300,50,0:499,||Colima||Mesoamerica||Mexico||Colima||,"Colima, Mexico, Mexico",state||country,0.72,true,region.255135,"Mexico, Mexico",-99.724084,19.642105,0.666667,region:0.67,matched,2026-04-27T16:46:35Z
197223,European Sculpture and Decorative Arts,1550,1599,1574,1500:1999,||||||||||,,none,0.00,false,,,,,,,,
451798,Islamic Art,1100,1299,1199,1000:1499,Raqqa||||||Syria||||,"Raqqa, Syria",city||country,0.88,true,place.13035735,"Raqqa, Al-Raqqah, Syria",39.008921,35.949678,1.0,place:1.00,matched,2026-04-27T16:47:01Z
53961,Asian Art,1634,1666,1650,1500:1999,||||||||China||,China,culture,0.55,true,country.8753,People's Republic of China,101.901875,35.486703,1.0,country:1.00,matched,2026-04-27T16:46:34Z
48647,Asian Art,1736,1795,1765,1500:1999,||||||||China||,China,culture,0.55,true,country.8753,People's Republic of China,101.901875,35.486703,1.0,country:1.00,matched,2026-04-27T16:46:34Z
204391,European Sculpture and Decorative Arts,1800,1899,1849,1500:1999,||||||||||,,none,0.00,false,,,,,,,,
75938,Asian Art,1450,1499,1474,1000:1499,||||||||China||,China,culture,0.55,true,country.8753,People's Republic of China,101.901875,35.486703,1.0,country:1.00,matched,2026-04-27T16:46:34Z
199733,European Sculpture and Decorative Arts,1455,1485,1470,1000:1499,||||||||||,,none,0.00,false,,,,,,,,
308626,The Michael C. Rockefeller Wing,-500,-200,-350,-500:-1,||||||Peru||Paracas||,Peru,country,0.70,true,country.8880,Peru,-75.311132,-10.151093,1.0,country:1.00,matched,2026-04-27T16:47:00Z
63127,Asian Art,1700,1799,1749,1500:1999,||||||||Japan||,Japan,culture,0.55,true,country.8820,Japan,138.59223,36.386493,1.0,country:1.00,matched,2026-04-27T16:46:48Z
47414,Asian Art,1780,1780,1780,1500:1999,||||||||Japan||,Japan,culture,0.55,true,country.8820,Japan,138.59223,36.386493,1.0,country:1.00,matched,2026-04-27T16:46:48Z
47029,Asian Art,1700,1700,1700,1500:1999,||||||||Japan||,Japan,culture,0.55,true,country.8820,Japan,138.59223,36.386493,1.0,country:1.00,matched,2026-04-27T16:46:48Z
466231,The Cloisters,1350,1450,1400,1000:1499,Siegburg||Lower Rhineland||||Germany||German||,"Siegburg, Germany, Lower Rhineland, Germany",city||state||country,0.95,true,place.73533498,"Siegburg, Rhein-Sieg District, North Rhine-Westphalia, Germany",7.205866,50.796486,0.592593,place:0.59,matched,2026-04-27T16:47:06Z
204511,European Sculpture and Decorative Arts,1485,1499,1492,1000:1499,||||||||||,,none,0.00,false,,,,,,,,
308607,The Michael C. Rockefeller Wing,-500,-200,-350,-500:-1,||||Ica Valley||Peru||Paracas||,"Ica Valley, Peru, Peru",region||country,0.70,true,place.5556400,"Ica District, Ica, Peru",-75.729645,-14.063716,0.592593,place:0.59,matched,2026-04-27T16:46:45Z
449676,Islamic Art,800,999,899,500:999,Nishapur||||||Iran||||,"Nishapur, Iran",city||country,0.88,true,place.1878126,"Nishapur County, Razavi Khorasan, Iran",58.79233,36.21129,0.95,place:0.95,matched,2026-04-27T16:46:56Z
309440,The Michael C. Rockefeller Wing,500,800,650,500:999,||||||Peru||Moche||,Peru,country,0.70,true,country.8880,Peru,-75.311132,-10.151093,1.0,country:1.00,matched,2026-04-27T16:47:00Z
468166,Medieval Art,1400,1450,1425,1000:1499,Florence||Tuscany||||Italy||Italian||,"Florence, Tuscany, Italy",city||state||country,0.95,true,place.22481008,"Florence, Florence, Italy",11.256129,43.771484,0.666667,place:0.67,matched,2026-04-27T16:46:42Z
309363,The Michael C. Rockefeller Wing,300,700,500,500:999,||||||Peru||Moche||,Peru,country,0.70,true,country.8880,Peru,-75.311132,-10.151093,1.0,country:1.00,matched,2026-04-27T16:47:00Z
46575,Asian Art,1700,1799,1749,1500:1999,||||||||Japan||,Japan,culture,0.55,true,country.8820,Japan,138.59223,36.386493,1.0,country:1.00,matched,2026-04-27T16:46:48Z
47398,Asian Art,1800,1899,1849,1500:1999,||||||||China||,China,culture,0.55,true,country.8753,People's Republic of China,101.901875,35.486703,1.0,country:1.00,matched,2026-04-27T16:46:34Z
204058,European Sculpture and Decorative Arts,1748,1758,1753,1500:1999,||||||||||British,Britain,department||artistNationality,0.53,true,country.8783,United Kingdom,-2.36967,54.237933,1.0,country:1.00,matched,2026-04-27T16:46:31Z
204098,European Sculpture and Decorative Arts,1725,1735,1730,1500:1999,||||||||||,,none,0.00,false,,,,,,,,
42191,Asian Art,1667,1733,1700,1500:1999,||||||||China||,China,culture,0.55,true,country.8753,People's Republic of China,101.901875,35.486703,1.0,country:1.00,matched,2026-04-27T16:46:34Z
318293,The Michael C. Rockefeller Wing,1880,1880,1880,1500:1999,||New Mexico||||United States||Acoma Pueblo||,"New Mexico, United States",state||country,0.72,true,region.222444,"New Mexico, United States",-105.998351,34.324856,1.0,region:1.00,matched,2026-04-27T16:46:55Z
623500,European Sculpture and Decorative Arts,1720,1755,1737,1500:1999,||||||||||,,none,0.00,false,,,,,,,,
198575,European Sculpture and Decorative Arts,1800,1815,1807,1500:1999,||||||||||,,none,0.00,false,,,,,,,,
319633,The Michael C. Rockefeller Wing,475,925,700,500:999,||||Mesoamerica||Guatemala or Mexico||Maya||,"Mesoamerica, Guatemala",region||country,0.50,true,country.8797,Guatemala,-90.390002,15.605589,0.5,country:0.50,matched,2026-04-27T16:46:53Z
48084,Asian Art,1736,1795,1765,1500:1999,||||||||China||,China,culture,0.55,true,country.8753,People's Republic of China,101.901875,35.486703,1.0,country:1.00,matched,2026-04-27T16:46:34Z
49899,Asian Art,-375,-300,-338,-500:-1,||||||||China||,China,culture,0.55,true,country.8753,People's Republic of China,101.901875,35.486703,1.0,country:1.00,matched,2026-04-27T16:46:34Z
52943,Asian Art,1736,1795,1765,1500:1999,||||||||China||,China,culture,0.55,true,country.8753,People's Republic of China,101.901875,35.486703,1.0,country:1.00,matched,2026-04-27T16:46:34Z
199051,European Sculpture and Decorative Arts,1800,1899,1849,1500:1999,||||||||||French,France,department||artistNationality,0.53,true,country.8781,France,2.618787,47.824905,1.0,country:1.00,matched,2026-04-27T16:46:43Z
313305,The Michael C. Rockefeller Wing,-100,700,300,0:499,||||||Peru||Moche||,Peru,country,0.70,true,country.8880,Peru,-75.311132,-10.151093,1.0,country:1.00,matched,2026-04-27T16:47:00Z
446264,Islamic Art,1100,1299,1199,1000:1499,||||||Iran||||,Iran,country,0.70,true,country.8814,Iran,54.301374,32.565838,1.0,country:1.00,matched,2026-04-27T16:46:46Z
199570,European Sculpture and Decorative Arts,1755,1765,1760,1500:1999,||||||||||,,none,0.00,false,,,,,,,,
666591,Asian Art,1700,1750,1725,1500:1999,||||||||Japan||,Japan,culture,0.55,true,country.8820,Japan,138.59223,36.386493,1.0,country:1.00,matched,2026-04-27T16:46:48Z
45857,Asian Art,1,199,100,0:499,||||||||China||,China,culture,0.55,true,country.8753,People's Republic of China,101.901875,35.486703,1.0,country:1.00,matched,2026-04-27T16:46:34Z
310218,The Michael C. Rockefeller Wing,-700,-400,-550,-1000:-501,||||||Peru||Paracas||,Peru,country,0.70,true,country.8880,Peru,-75.311132,-10.151093,1.0,country:1.00,matched,2026-04-27T16:47:00Z
47783,Asian Art,1736,1795,1765,1500:1999,||||||||China||,China,culture,0.55,true,country.8753,People's Republic of China,101.901875,35.486703,1.0,country:1.00,matched,2026-04-27T16:46:34Z
47434,Asian Art,1767,1849,1808,1500:1999,||||||||China||,China,culture,0.55,true,country.8753,People's Republic of China,101.901875,35.486703,1.0,country:1.00,matched,2026-04-27T16:46:34Z
47089,Asian Art,1768,1833,1800,1500:1999,||||||||China||,China,culture,0.55,true,country.8753,People's Republic of China,101.901875,35.486703,1.0,country:1.00,matched,2026-04-27T16:46:34Z
62615,Asian Art,1700,1799,1749,1500:1999,||||||||Japan||,Japan,culture,0.55,true,country.8820,Japan,138.59223,36.386493,1.0,country:1.00,matched,2026-04-27T16:46:48Z
48334,Asian Art,1700,1799,1749,1500:1999,||||||||China||,China,culture,0.55,true,country.8753,People's Republic of China,101.901875,35.486703,1.0,country:1.00,matched,2026-04-27T16:46:34Z
46727,Asian Art,1900,1916,1908,1500:1999,||||||||China||,China,culture,0.55,true,country.8753,People's Republic of China,101.901875,35.486703,1.0,country:1.00,matched,2026-04-27T16:46:34Z
706069,European Sculpture and Decorative Arts,1887,1901,1894,1500:1999,"||||||||||British, Scottish",Scotland,department||artistNationality,0.35,true,region.17487,"Scotland, United Kingdom",-4.095892,56.734282,1.0,region:1.00,matched,2026-04-27T16:47:05Z
47088,Asian Art,1700,1799,1749,1500:1999,||||||||China||,China,culture,0.55,true,country.8753,People's Republic of China,101.901875,35.486703,1.0,country:1.00,matched,2026-04-27T16:46:34Z
50568,Asian Art,1100,1299,1199,1000:1499,||||||||China||,China,culture,0.55,true,country.8753,People's Republic of China,101.901875,35.486703,1.0,country:1.00,matched,2026-04-27T16:46:34Z
52019,Asian Art,1662,1722,1692,1500:1999,||||||||China||,China,culture,0.55,true,country.8753,People's Republic of China,101.901875,35.486703,1.0,country:1.00,matched,2026-04-27T16:46:34Z
63096,Asian Art,1700,1799,1749,1500:1999,||||||||Japan||,Japan,culture,0.55,true,country.8820,Japan,138.59223,36.386493,1.0,country:1.00,matched,2026-04-27T16:46:48Z
51027,Asian Art,1662,1722,1692,1500:1999,||||||||China||,China,culture,0.55,true,country.8753,People's Republic of China,101.901875,35.486703,1.0,country:1.00,matched,2026-04-27T16:46:34Z
823195,European Sculpture and Decorative Arts,1877,1887,1882,1500:1999,"||||||||||British, Scottish",Scotland,department||artistNationality,0.35,true,region.17487,"Scotland, United Kingdom",-4.095892,56.734282,1.0,region:1.00,matched,2026-04-27T16:47:05Z
48096,Asian Art,1800,1899,1849,1500:1999,||||||||Japan||,Japan,culture,0.55,true,country.8820,Japan,138.59223,36.386493,1.0,country:1.00,matched,2026-04-27T16:46:48Z
313304,The Michael C. Rockefeller Wing,-100,700,300,0:499,||||||Peru||Moche||,Peru,country,0.70,true,country.8880,Peru,-75.311132,-10.151093,1.0,country:1.00,matched,2026-04-27T16:47:00Z
46718,Asian Art,1800,1899,1849,1500:1999,||||||||China||,China,culture,0.55,true,country.8753,People's Republic of China,101.901875,35.486703,1.0,country:1.00,matched,2026-04-27T16:46:34Z
62591,Asian Art,1800,1899,1849,1500:1999,||||||||Japan||,Japan,culture,0.55,true,country.8820,Japan,138.59223,36.386493,1.0,country:1.00,matched,2026-04-27T16:46:48Z
449010,Islamic Art,500,599,549,500:999,Qasr-i Abu Nasr||||||Iran||||,"Qasr-i Abu Nasr, Iran",city||country,0.88,true,country.8814,Iran,54.301374,32.565838,0.366667,country:0.37,matched,2026-04-27T16:47:01Z
47384,Asian Art,1834,1866,1850,1500:1999,||||||||Japan||,Japan,culture,0.55,true,country.8820,Japan,138.59223,36.386493,1.0,country:1.00,matched,2026-04-27T16:46:48Z
44439,Asian Art,1780,1780,1780,1500:1999,||||||||Japan||,Japan,culture,0.55,true,country.8820,Japan,138.59223,36.386493,1.0,country:1.00,matched,2026-04-27T16:46:48Z
47754,Asian Art,1800,1899,1849,1500:1999,||||||||China||,China,culture,0.55,true,country.8753,People's Republic of China,101.901875,35.486703,1.0,country:1.00,matched,2026-04-27T16:46:34Z
453452,Islamic Art,1200,1299,1249,1000:1499,Kashan||||||Iran||||,"Kashan, Iran",city||country,0.88,true,place.1255534,"Kashan County, Isfahan, Iran",51.44271,33.98714,0.98,place:0.98,matched,2026-04-27T16:46:48Z
476264,Medieval Art,300,699,499,0:499,||Kharga Oasis||||Byzantine Egypt||Coptic||,"Kharga Oasis, Byzantine Egypt",state||country,0.72,true,country.8771,Egypt,29.871903,26.494184,0.388889,country:0.39,matched,2026-04-27T16:46:49Z
48613,Asian Art,1662,1722,1692,1500:1999,||||||||China||,China,culture,0.55,true,country.8753,People's Republic of China,101.901875,35.486703,1.0,country:1.00,matched,2026-04-27T16:46:34Z
42439,Asian Art,1100,1199,1149,1000:1499,||||||||China||,China,culture,0.55,true,country.8753,People's Republic of China,101.901875,35.486703,1.0,country:1.00,matched,2026-04-27T16:46:34Z
48314,Asian Art,1700,1799,1749,1500:1999,||||||||China||,China,culture,0.55,true,country.8753,People's Republic of China,101.901875,35.486703,1.0,country:1.00,matched,2026-04-27T16:46:34Z
48747,Asian Art,1700,1700,1700,1500:1999,||||||||Japan||,Japan,culture,0.55,true,country.8820,Japan,138.59223,36.386493,1.0,country:1.00,matched,2026-04-27T16:46:48Z
310716,The Michael C. Rockefeller Wing,-1200,-800,-1000,-1000:-501,||||Mesoamerica||Mexico||Tlatilco||,"Mesoamerica, Mexico",region||country,0.70,true,country.8863,Mexico,-102.532867,23.950464,0.5,country:0.50,matched,2026-04-27T16:46:53Z
52050,Asian Art,1644,1911,1777,1500:1999,||||||||China||,China,culture,0.55,true,country.8753,People's Republic of China,101.901875,35.486703,1.0,country:1.00,matched,2026-04-27T16:46:34Z
47092,Asian Art,1820,1820,1820,1500:1999,||||||||Japan||,Japan,culture,0.55,true,country.8820,Japan,138.59223,36.386493,1.0,country:1.00,matched,2026-04-27T16:46:48Z
310662,The Michael C. Rockefeller Wing,-1200,-800,-1000,-1000:-501,Tembladera||||North Coast||Peru||Cupisnique||,"Tembladera, Peru, Peru",city||country,0.88,true,country.8880,Peru,-75.311132,-10.151093,0.425926,country:0.43,matched,2026-04-27T16:47:09Z
46957,Asian Art,1662,1722,1692,1500:1999,||||||||China||,China,culture,0.55,true,country.8753,People's Republic of China,101.901875,35.486703,1.0,country:1.00,matched,2026-04-27T16:46:34Z
451429,Islamic Art,1175,1250,1212,1000:1499,Raqqa||||||Syria||||,"Raqqa, Syria",city||country,0.88,true,place.13035735,"Raqqa, Al-Raqqah, Syria",39.008921,35.949678,1.0,place:1.00,matched,2026-04-27T16:47:01Z
37435,Asian Art,1171,1199,1185,1000:1499,||||||||Thailand||,Thailand,culture,0.55,true,country.8925,Thailand,101.017438,15.127333,1.0,country:1.00,matched,2026-04-27T16:47:09Z
239354,European Sculpture and Decorative Arts,1885,1895,1890,1500:1999,||||||||||French,France,department||artistNationality,0.53,true,country.8781,France,2.618787,47.824905,1.0,country:1.00,matched,2026-04-27T16:46:43Z
828443,Asian Art,1700,1799,1749,1500:1999,||||||||Japan||,Japan,culture,0.55,true,country.8820,Japan,138.59223,36.386493,1.0,country:1.00,matched,2026-04-27T16:46:48Z
194291,European Sculpture and Decorative Arts,1600,1699,1649,1500:1999,||||||||||,,none,0.00,false,,,,,,,,
47989,Asian Art,1800,1899,1849,1500:1999,||||||||China||,China,culture,0.55,true,country.8753,People's Republic of China,101.901875,35.486703,1.0,country:1.00,matched,2026-04-27T16:46:34Z
238560,European Sculpture and Decorative Arts,1885,1905,1895,1500:1999,||||||||||French,France,department||artistNationality,0.53,true,country.8781,France,2.618787,47.824905,1.0,country:1.00,matched,2026-04-27T16:46:43Z
198778,European Sculpture and Decorative Arts,1525,1565,1545,1500:1999,||||||||||,,none,0.00,false,,,,,,,,
308702,The Michael C. Rockefeller Wing,-500,-100,-300,-500:-1,||||||Peru||Paracas||,Peru,country,0.70,true,country.8880,Peru,-75.311132,-10.151093,1.0,country:1.00,matched,2026-04-27T16:47:00Z
471799,The Cloisters,1425,1435,1430,1000:1499,probably Manises||Valencia||||Spain||Spanish||,"Manises, Valencia, Spain, Valencia, Spain",city||state||country,0.75,true,place.35178566,"Manises, Valencia, Spain",-0.462126,39.493927,1.0,place:1.00,matched,2026-04-27T16:46:52Z
50700,Asian Art,1167,1233,1200,1000:1499,||||||||China||,China,culture,0.55,true,country.8753,People's Republic of China,101.901875,35.486703,1.0,country:1.00,matched,2026-04-27T16:46:34Z
52075,Asian Art,1573,1620,1596,1500:1999,||||||||China||,China,culture,0.55,true,country.8753,People's Republic of China,101.901875,35.486703,1.0,country:1.00,matched,2026-04-27T16:46:34Z
46545,Asian Art,1700,1799,1749,1500:1999,||||||||China||,China,culture,0.55,true,country.8753,People's Republic of China,101.901875,35.486703,1.0,country:1.00,matched,2026-04-27T16:46:34Z
48645,Asian Art,1662,1722,1692,1500:1999,||||||||China||,China,culture,0.55,true,country.8753,People's Republic of China,101.901875,35.486703,1.0,country:1.00,matched,2026-04-27T16:46:34Z
194472,European Sculpture and Decorative Arts,1805,1825,1815,1500:1999,||||||||||,,none,0.00,false,,,,,,,,
451878,Islamic Art,1100,1199,1149,1000:1499,||||||Iran||||,Iran,country,0.70,true,country.8814,Iran,54.301374,32.565838,1.0,country:1.00,matched,2026-04-27T16:46:46Z
449086,Islamic Art,800,999,899,500:999,Nishapur||||||Iran||||,"Nishapur, Iran",city||country,0.88,true,place.1878126,"Nishapur County, Razavi Khorasan, Iran",58.79233,36.21129,0.95,place:0.95,matched,2026-04-27T16:46:56Z
312157,The Michael C. Rockefeller Wing,-1200,-800,-1000,-1000:-501,||||Mesoamerica||Mexico||Olmec||,"Mesoamerica, Mexico",region||country,0.70,true,country.8863,Mexico,-102.532867,23.950464,0.5,country:0.50,matched,2026-04-27T16:46:53Z
47429,Asian Art,1668,1733,1700,1500:1999,||||||||China||,China,culture,0.55,true,country.8753,People's Republic of China,101.901875,35.486703,1.0,country:1.00,matched,2026-04-27T16:46:34Z
188556,European Sculpture and Decorative Arts,1700,1799,1749,1500:1999,||||||||||,,none,0.00,false,,,,,,,,
203612,European Sculpture and Decorative Arts,1750,1760,1755,1500:1999,||||||||||British,Britain,department||artistNationality,0.53,true,country.8783,United Kingdom,-2.36967,54.237933,1.0,country:1.00,matched,2026-04-27T16:46:31Z
314691,The Michael C. Rockefeller Wing,-1200,-400,-800,-1000:-501,||||||Peru||Cupisnique||,Peru,country,0.70,true,country.8880,Peru,-75.311132,-10.151093,1.0,country:1.00,matched,2026-04-27T16:47:00Z
209254,European Sculpture and Decorative Arts,1715,1725,1720,1500:1999,||||||||||,,none,0.00,false,,,,,,,,
451338,Islamic Art,1575,1599,1587,1500:1999,Iznik||||||Turkey||||,"Iznik, Turkey",city||country,0.88,true,place.5138660,"İznik, Bursa, Türkiye",29.719765,40.42917,1.0,place:1.00,matched,2026-04-27T16:46:47Z
310607,The Michael C. Rockefeller Wing,500,700,600,500:999,||||Mesoamerica||Guatemala||Maya||,"Mesoamerica, Guatemala",region||country,0.70,true,country.8797,Guatemala,-90.390002,15.605589,0.5,country:0.50,matched,2026-04-27T16:46:53Z
452083,Islamic Art,1100,1199,1149,1000:1499,||||||Iran||||,Iran,country,0.70,true,country.8814,Iran,54.301374,32.565838,1.0,country:1.00,matched,2026-04-27T16:46:46Z
204352,European Sculpture and Decorative Arts,1800,1899,1849,1500:1999,||||||||||,,none,0.00,false,,,,,,,,
47807,Asian Art,1700,1700,1700,1500:1999,||||||||Japan||,Japan,culture,0.55,true,country.8820,Japan,138.59223,36.386493,1.0,country:1.00,matched,2026-04-27T16:46:48Z
202205,European Sculpture and Decorative Arts,1770,1770,1770,1500:1999,||||||||||French,France,department||artistNationality,0.53,true,country.8781,France,2.618787,47.824905,1.0,country:1.00,matched,2026-04-27T16:46:43Z
762252,European Sculpture and Decorative Arts,1815,1825,1820,1500:1999,||||||||||,,none,0.00,false,,,,,,,,
853980,Asian Art,1250,1450,1350,1000:1499,"||||||||Vietnam, Hong River region||","Red River Delta, Vietnam",culture||country,0.55,true,country.8948,Vietnam,108.339537,14.315424,0.388889,country:0.39,matched,2026-04-27T16:47:03Z
48424,Asian Art,1500,1599,1549,1500:1999,||||||||China||,China,culture,0.55,true,country.8753,People's Republic of China,101.901875,35.486703,1.0,country:1.00,matched,2026-04-27T16:46:34Z
47091,Asian Art,1700,1799,1749,1500:1999,||||||||Japan||,Japan,culture,0.55,true,country.8820,Japan,138.59223,36.386493,1.0,country:1.00,matched,2026-04-27T16:46:48Z
48580,Asian Art,1662,1722,1692,1500:1999,||||||||China||,China,culture,0.55,true,country.8753,People's Republic of China,101.901875,35.486703,1.0,country:1.00,matched,2026-04-27T16:46:34Z
308347,The Michael C. Rockefeller Wing,-300,-100,-200,-500:-1,||||||Peru||Paracas||,Peru,country,0.70,true,country.8880,Peru,-75.311132,-10.151093,1.0,country:1.00,matched,2026-04-27T16:47:00Z
42337,Asian Art,1634,1666,1650,1500:1999,||||||||China||,China,culture,0.55,true,country.8753,People's Republic of China,101.901875,35.486703,1.0,country:1.00,matched,2026-04-27T16:46:34Z
52069,Asian Art,618,907,762,500:999,||||||||China||,China,culture,0.55,true,country.8753,People's Republic of China,101.901875,35.486703,1.0,country:1.00,matched,2026-04-27T16:46:34Z
308622,The Michael C. Rockefeller Wing,-500,-200,-350,-500:-1,||||||Peru||Paracas||,Peru,country,0.70,true,country.8880,Peru,-75.311132,-10.151093,1.0,country:1.00,matched,2026-04-27T16:47:00Z
770921,European Sculpture and Decorative Arts,1870,1870,1870,1500:1999,||||||||||British,Britain,department||artistNationality,0.53,true,country.8783,United Kingdom,-2.36967,54.237933,1.0,country:1.00,matched,2026-04-27T16:46:31Z
208248,European Sculpture and Decorative Arts,1695,1715,1705,1500:1999,||||||||||,,none,0.00,false,,,,,,,,
50247,Asian Art,1450,1550,1500,1500:1999,||||||||China||,China,culture,0.55,true,country.8753,People's Republic of China,101.901875,35.486703,1.0,country:1.00,matched,2026-04-27T16:46:34Z
309514,The Michael C. Rockefeller Wing,-1200,-400,-800,-1000:-501,||||||Peru||Cupisnique (?)||,Peru,country,0.70,true,country.8880,Peru,-75.311132,-10.151093,1.0,country:1.00,matched,2026-04-27T16:47:00Z
48852,Asian Art,1662,1722,1692,1500:1999,||||||||China||,China,culture,0.55,true,country.8753,People's Republic of China,101.901875,35.486703,1.0,country:1.00,matched,2026-04-27T16:46:34Z
46209,Asian Art,1800,1899,1849,1500:1999,||||||||China||,China,culture,0.55,true,country.8753,People's Republic of China,101.901875,35.486703,1.0,country:1.00,matched,2026-04-27T16:46:34Z
194590,European Sculpture and Decorative Arts,1600,1699,1649,1500:1999,||||||||||,,none,0.00,false,,,,,,,,
42207,Asian Art,1700,1799,1749,1500:1999,||||||||China||,China,culture,0.55,true,country.8753,People's Republic of China,101.901875,35.486703,1.0,country:1.00,matched,2026-04-27T16:46:34Z
452960,Islamic Art,900,999,949,500:999,||||||Iraq||||,Iraq,country,0.70,true,country.8813,Iraq,43.404716,33.048056,1.0,country:1.00,matched,2026-04-27T16:46:46Z
460177,Robert Lehman Collection,1512,1518,1515,1500:1999,"||||||||Italian, Castelli||","Castelli, Italy",culture||country,0.55,true,place.13543536,"Castelli, Teramo, Italy",13.711486,42.488766,1.0,place:1.00,matched,2026-04-27T16:46:32Z
308625,The Michael C. Rockefeller Wing,-500,-200,-350,-500:-1,||||||Peru||Paracas||,Peru,country,0.70,true,country.8880,Peru,-75.311132,-10.151093,1.0,country:1.00,matched,2026-04-27T16:47:00Z
487351,Modern and Contemporary Art,1885,1895,1890,1500:1999,||||||||French (Limoges)||French,"Limoges, France",culture||country,0.55,true,place.143050829,"Limoges, Haute-Vienne, France",1.260269,45.831486,1.0,place:1.00,matched,2026-04-27T16:46:51Z
449498,Islamic Art,1000,1199,1099,1000:1499,Nishapur||||||Iran||||,"Nishapur, Iran",city||country,0.88,true,place.1878126,"Nishapur County, Razavi Khorasan, Iran",58.79233,36.21129,0.95,place:0.95,matched,2026-04-27T16:46:56Z
310512,The Michael C. Rockefeller Wing,-300,-100,-200,-500:-1,||||||Peru||Topará||,Peru,country,0.70,true,country.8880,Peru,-75.311132,-10.151093,1.0,country:1.00,matched,2026-04-27T16:47:00Z
315678,The Michael C. Rockefeller Wing,200,500,350,0:499,||||North Coast||Peru||Moche||,Peru,country,0.70,true,country.8880,Peru,-75.311132,-10.151093,1.0,country:1.00,matched,2026-04-27T16:47:00Z
309333,The Michael C. Rockefeller Wing,200,700,450,0:499,||||||Peru||Moche||,Peru,country,0.70,true,country.8880,Peru,-75.311132,-10.151093,1.0,country:1.00,matched,2026-04-27T16:47:00Z
47935,Asian Art,1800,1899,1849,1500:1999,||||||||China||,China,culture,0.55,true,country.8753,People's Republic of China,101.901875,35.486703,1.0,country:1.00,matched,2026-04-27T16:46:34Z
207850,European Sculpture and Decorative Arts,1880,1890,1885,1500:1999,||||||||||French,France,department||artistNationality,0.53,true,country.8781,France,2.618787,47.824905,1.0,country:1.00,matched,2026-04-27T16:46:43Z
871960,European Sculpture and Decorative Arts,1900,1905,1902,1500:1999,||||||||||Dutch,Netherlands,department||artistNationality,0.53,true,country.8872,Netherlands,5.613491,51.972466,1.0,country:1.00,matched,2026-04-27T16:46:55Z
199334,European Sculpture and Decorative Arts,1765,1785,1775,1500:1999,||||||||||British,Britain,department||artistNationality,0.53,true,country.8783,United Kingdom,-2.36967,54.237933,1.0,country:1.00,matched,2026-04-27T16:46:31Z
207469,European Sculpture and Decorative Arts,1500,1699,1599,1500:1999,||||||||||,,none,0.00,false,,,,,,,,
198780,European Sculpture and Decorative Arts,1495,1530,1512,1500:1999,||||||||||,,none,0.00,false,,,,,,,,
310363,The Michael C. Rockefeller Wing,-100,700,300,0:499,||||||Peru||Moche||,Peru,country,0.70,true,country.8880,Peru,-75.311132,-10.151093,1.0,country:1.00,matched,2026-04-27T16:47:00Z
449622,Islamic Art,800,999,899,500:999,Nishapur||||||Iran||||,"Nishapur, Iran",city||country,0.88,true,place.1878126,"Nishapur County, Razavi Khorasan, Iran",58.79233,36.21129,0.95,place:0.95,matched,2026-04-27T16:46:56Z
49426,Asian Art,1800,1833,1816,1500:1999,||||||||Japan||,Japan,culture,0.55,true,country.8820,Japan,138.59223,36.386493,1.0,country:1.00,matched,2026-04-27T16:46:48Z
199134,European Sculpture and Decorative Arts,1720,1730,1725,1500:1999,||||||||||German,Germany,department||artistNationality,0.53,true,country.8762,Germany,10.018343,51.133481,1.0,country:1.00,matched,2026-04-27T16:46:43Z
194475,European Sculpture and Decorative Arts,1600,1699,1649,1500:1999,||||||||||,,none,0.00,false,,,,,,,,
308529,The Michael C. Rockefeller Wing,100,400,250,0:499,||||||Peru||Moche||,Peru,country,0.70,true,country.8880,Peru,-75.311132,-10.151093,1.0,country:1.00,matched,2026-04-27T16:47:00Z
308655,The Michael C. Rockefeller Wing,-500,-100,-300,-500:-1,||||Ica Valley||Peru||Paracas||,"Ica Valley, Peru, Peru",region||country,0.70,true,place.5556400,"Ica District, Ica, Peru",-75.729645,-14.063716,0.592593,place:0.59,matched,2026-04-27T16:46:45Z
50726,Asian Art,1700,1799,1749,1500:1999,||||||||China||,China,culture,0.55,true,country.8753,People's Republic of China,101.901875,35.486703,1.0,country:1.00,matched,2026-04-27T16:46:34Z
310556,The Michael C. Rockefeller Wing,-1200,-800,-1000,-1000:-501,||Puebla||Mesoamerica||Mexico||Olmec||,"Puebla, Mexico, Mexico",state||country,0.72,true,place.21481631,"Puebla, Puebla, Mexico",-98.19906,19.043692,0.666667,place:0.67,matched,2026-04-27T16:47:01Z
487563,Modern and Contemporary Art,1871,1899,1885,1500:1999,||||||||||French,France,artistNationality,0.45,true,country.8781,France,2.618787,47.824905,1.0,country:1.00,matched,2026-04-27T16:46:43Z
471759,The Cloisters,1435,1465,1450,1000:1499,Manises||Valencia||||Spain||Spanish||,"Manises, Valencia, Spain, Valencia, Spain",city||state||country,0.95,true,place.35178566,"Manises, Valencia, Spain",-0.462126,39.493927,1.0,place:1.00,matched,2026-04-27T16:46:52Z
204514,European Sculpture and Decorative Arts,1495,1515,1505,1500:1999,||||||||||,,none,0.00,false,,,,,,,,
52736,Asian Art,1488,1505,1496,1000:1499,||||||||China||,China,culture,0.55,true,country.8753,People's Republic of China,101.901875,35.486703,1.0,country:1.00,matched,2026-04-27T16:46:34Z
239498,European Sculpture and Decorative Arts,1899,1899,1899,1500:1999,||||||||||British,Britain,department||artistNationality,0.53,true,country.8783,United Kingdom,-2.36967,54.237933,1.0,country:1.00,matched,2026-04-27T16:46:31Z
46553,Asian Art,1700,1722,1711,1500:1999,||||||||China||,China,culture,0.55,true,country.8753,People's Republic of China,101.901875,35.486703,1.0,country:1.00,matched,2026-04-27T16:46:34Z
48698,Asian Art,1800,1899,1849,1500:1999,||||||||China||,China,culture,0.55,true,country.8753,People's Republic of China,101.901875,35.486703,1.0,country:1.00,matched,2026-04-27T16:46:34Z
37439,Asian Art,1000,1099,1049,1000:1499,||||||||Thailand (Buriram Province)||,"Buriram Province, Thailand",culture||country,0.55,true,region.394461,"Buri Ram, Thailand",103.107919,14.995569,0.653333,region:0.65,matched,2026-04-27T16:46:32Z
205378,European Sculpture and Decorative Arts,1810,1820,1815,1500:1999,||||||||||,,none,0.00,false,,,,,,,,
53618,Asian Art,1667,1699,1683,1500:1999,||||||||Japan||,Japan,culture,0.55,true,country.8820,Japan,138.59223,36.386493,1.0,country:1.00,matched,2026-04-27T16:46:48Z
194307,European Sculpture and Decorative Arts,1585,1615,1600,1500:1999,||||||||||,,none,0.00,false,,,,,,,,
309735,The Michael C. Rockefeller Wing,1400,1600,1500,1500:1999,||||||Peru||Ica||,Peru,country,0.70,true,country.8880,Peru,-75.311132,-10.151093,1.0,country:1.00,matched,2026-04-27T16:47:00Z
460133,Robert Lehman Collection,1477,1483,1480,1000:1499,"||||||||Italian, probably Tuscany (?)||","Tuscany, Italy",culture||country,0.35,true,region.1459312,"Tuscany, Italy",11.255576,43.769871,1.0,region:1.00,matched,2026-04-27T16:47:12Z
770987,European Sculpture and Decorative Arts,1880,1880,1880,1500:1999,||||||||||British,Britain,department||artistNationality,0.53,true,country.8783,United Kingdom,-2.36967,54.237933,1.0,country:1.00,matched,2026-04-27T16:46:31Z
50817,Asian Art,1662,1722,1692,1500:1999,||||||||China||,China,culture,0.55,true,country.8753,People's Republic of China,101.901875,35.486703,1.0,country:1.00,matched,2026-04-27T16:46:34Z
197616,European Sculpture and Decorative Arts,1755,1765,1760,1500:1999,||||||||||,,none,0.00,false,,,,,,,,
47448,Asian Art,1800,1899,1849,1500:1999,||||||||Japan||,Japan,culture,0.55,true,country.8820,Japan,138.59223,36.386493,1.0,country:1.00,matched,2026-04-27T16:46:48Z
46635,Asian Art,1800,1899,1849,1500:1999,||||||||China||,China,culture,0.55,true,country.8753,People's Republic of China,101.901875,35.486703,1.0,country:1.00,matched,2026-04-27T16:46:34Z
670994,Asian Art,1450,1573,1511,1500:1999,||||||||Japan||,Japan,culture,0.55,true,country.8820,Japan,138.59223,36.386493,1.0,country:1.00,matched,2026-04-27T16:46:48Z
42301,Asian Art,1150,1199,1174,1000:1499,||||||||Korea||,Korea,culture,0.55,true,country.8828,South Korea,128.168944,36.536236,1.0,country:1.00,matched,2026-04-27T16:46:49Z
186687,European Sculpture and Decorative Arts,1500,1599,1549,1500:1999,||||||||||,,none,0.00,false,,,,,,,,
198963,European Sculpture and Decorative Arts,1400,1499,1449,1000:1499,||||||||||,,none,0.00,false,,,,,,,,
307620,The Michael C. Rockefeller Wing,-700,-400,-550,-1000:-501,||||||Peru||Paracas||,Peru,country,0.70,true,country.8880,Peru,-75.311132,-10.151093,1.0,country:1.00,matched,2026-04-27T16:47:00Z
449508,Islamic Art,1100,1199,1149,1000:1499,Raqqa||||||Syria||||,"Raqqa, Syria",city||country,0.88,true,place.13035735,"Raqqa, Al-Raqqah, Syria",39.008921,35.949678,1.0,place:1.00,matched,2026-04-27T16:47:01Z
72324,Asian Art,1467,1533,1500,1500:1999,||||||||Korea||,Korea,culture,0.55,true,country.8828,South Korea,128.168944,36.536236,1.0,country:1.00,matched,2026-04-27T16:46:49Z
308413,The Michael C. Rockefeller Wing,200,500,350,0:499,||||||Peru||Moche||,Peru,country,0.70,true,country.8880,Peru,-75.311132,-10.151093,1.0,country:1.00,matched,2026-04-27T16:47:00Z
48308,Asian Art,1736,1795,1765,1500:1999,||||||||China||,China,culture,0.55,true,country.8753,People's Republic of China,101.901875,35.486703,1.0,country:1.00,matched,2026-04-27T16:46:34Z
204392,European Sculpture and Decorative Arts,1800,1899,1849,1500:1999,||||||||||,,none,0.00,false,,,,,,,,
42256,Asian Art,1700,1733,1716,1500:1999,||||||||China||,China,culture,0.55,true,country.8753,People's Republic of China,101.901875,35.486703,1.0,country:1.00,matched,2026-04-27T16:46:34Z
471758,The Cloisters,1435,1465,1450,1000:1499,Manises||Valencia||||Spain||Spanish||,"Manises, Valencia, Spain, Valencia, Spain",city||state||country,0.95,true,place.35178566,"Manises, Valencia, Spain",-0.462126,39.493927,1.0,place:1.00,matched,2026-04-27T16:46:52Z
47821,Asian Art,1700,1799,1749,1500:1999,||||||||Japan||,Japan,culture,0.55,true,country.8820,Japan,138.59223,36.386493,1.0,country:1.00,matched,2026-04-27T16:46:48Z
770962,European Sculpture and Decorative Arts,1865,1875,1870,1500:1999,||||||||||British,Britain,department||artistNationality,0.53,true,country.8783,United Kingdom,-2.36967,54.237933,1.0,country:1.00,matched,2026-04-27T16:46:31Z
308565,The Michael C. Rockefeller Wing,500,800,650,500:999,||||||Peru||Moche||,Peru,country,0.70,true,country.8880,Peru,-75.311132,-10.151093,1.0,country:1.00,matched,2026-04-27T16:47:00Z
47565,Asian Art,1700,1799,1749,1500:1999,||||||||Japan||,Japan,culture,0.55,true,country.8820,Japan,138.59223,36.386493,1.0,country:1.00,matched,2026-04-27T16:46:48Z
204363,European Sculpture and Decorative Arts,1800,1899,1849,1500:1999,||||||||||,,none,0.00,false,,,,,,,,
47948,Asian Art,1875,1875,1875,1500:1999,||||||||Japan||,Japan,culture,0.55,true,country.8820,Japan,138.59223,36.386493,1.0,country:1.00,matched,2026-04-27T16:46:48Z
48694,Asian Art,1800,1899,1849,1500:1999,||||||||China||,China,culture,0.55,true,country.8753,People's Republic of China,101.901875,35.486703,1.0,country:1.00,matched,2026-04-27T16:46:34Z
475726,Medieval Art,-400,400,0,0:499,||Kharga Oasis||||Byzantine Egypt||Coptic||,"Kharga Oasis, Byzantine Egypt",state||country,0.72,true,country.8771,Egypt,29.871903,26.494184,0.388889,country:0.39,matched,2026-04-27T16:46:49Z
204354,European Sculpture and Decorative Arts,1800,1899,1849,1500:1999,||||||||||,,none,0.00,false,,,,,,,,
50842,Asian Art,1700,1899,1799,1500:1999,||||||||China||,China,culture,0.55,true,country.8753,People's Republic of China,101.901875,35.486703,1.0,country:1.00,matched,2026-04-27T16:46:34Z
48703,Asian Art,1700,1799,1749,1500:1999,||||||||China||,China,culture,0.55,true,country.8753,People's Republic of China,101.901875,35.486703,1.0,country:1.00,matched,2026-04-27T16:46:34Z
310202,The Michael C. Rockefeller Wing,400,700,550,500:999,||||||Peru||Moche||,Peru,country,0.70,true,country.8880,Peru,-75.311132,-10.151093,1.0,country:1.00,matched,2026-04-27T16:47:00Z
208389,European Sculpture and Decorative Arts,1685,1735,1710,1500:1999,||||||||||,,none,0.00,false,,,,,,,,
314687,The Michael C. Rockefeller Wing,-800,-550,-675,-1000:-501,||||||Peru||Cupisnique||,Peru,country,0.70,true,country.8880,Peru,-75.311132,-10.151093,1.0,country:1.00,matched,2026-04-27T16:47:00Z
309364,The Michael C. Rockefeller Wing,300,700,500,500:999,||||||Peru||Moche||,Peru,country,0.70,true,country.8880,Peru,-75.311132,-10.151093,1.0,country:1.00,matched,2026-04-27T16:47:00Z
476254,Medieval Art,300,699,499,0:499,||Kharga Oasis||||Byzantine Egypt||Coptic||,"Kharga Oasis, Byzantine Egypt",state||country,0.72,true,country.8771,Egypt,29.871903,26.494184,0.388889,country:0.39,matched,2026-04-27T16:46:49Z
50816,Asian Art,1662,1722,1692,1500:1999,||||||||China||,China,culture,0.55,true,country.8753,People's Republic of China,101.901875,35.486703,1.0,country:1.00,matched,2026-04-27T16:46:34Z
476287,Medieval Art,300,699,499,0:499,||Kharga Oasis||||Byzantine Egypt||Coptic||,"Kharga Oasis, Byzantine Egypt",state||country,0.72,true,country.8771,Egypt,29.871903,26.494184,0.388889,country:0.39,matched,2026-04-27T16:46:49Z
447171,Islamic Art,1100,1299,1199,1000:1499,Rayy||||||Iran||||,"Rayy, Iran",city||country,0.88,true,country.8814,Iran,54.301374,32.565838,0.5,country:0.50,matched,2026-04-27T16:47:02Z
48616,Asian Art,1662,1722,1692,1500:1999,||||||||China||,China,culture,0.55,true,country.8753,People's Republic of China,101.901875,35.486703,1.0,country:1.00,matched,2026-04-27T16:46:34Z
771029,European Sculpture and Decorative Arts,1870,1880,1875,1500:1999,||||||||||British,Britain,department||artistNationality,0.53,true,country.8783,United Kingdom,-2.36967,54.237933,1.0,country:1.00,matched,2026-04-27T16:46:31Z
50815,Asian Art,1700,1733,1716,1500:1999,||||||||China||,China,culture,0.55,true,country.8753,People's Republic of China,101.901875,35.486703,1.0,country:1.00,matched,2026-04-27T16:46:34Z
771066,European Sculpture and Decorative Arts,1867,1877,1872,1500:1999,||||||||||British,Britain,department||artistNationality,0.53,true,country.8783,United Kingdom,-2.36967,54.237933,1.0,country:1.00,matched,2026-04-27T16:46:31Z
47575,Asian Art,1700,1722,1711,1500:1999,||||||||China||,China,culture,0.55,true,country.8753,People's Republic of China,101.901875,35.486703,1.0,country:1.00,matched,2026-04-27T16:46:34Z
467959,Medieval Art,1500,1599,1549,1500:1999,Valencia||||||||Spanish||,"Valencia, Spain",city||culture,0.65,true,place.59942982,"Valencia, Valencia, Spain",-0.375984,39.47132,1.0,place:1.00,matched,2026-04-27T16:47:13Z
63313,Asian Art,1695,1715,1705,1500:1999,||||||||Japan||Japanese,Japan,culture,0.55,true,country.8820,Japan,138.59223,36.386493,1.0,country:1.00,matched,2026-04-27T16:46:48Z
208083,European Sculpture and Decorative Arts,1722,1722,1722,1500:1999,||||||||||,,none,0.00,false,,,,,,,,
308571,The Michael C. Rockefeller Wing,1,400,200,0:499,||South Coast||||Peru||Nasca||,Peru,country,0.70,true,country.8880,Peru,-75.311132,-10.151093,1.0,country:1.00,matched,2026-04-27T16:47:00Z
42353,Asian Art,581,618,599,500:999,||||||||China||,China,culture,0.55,true,country.8753,People's Republic of China,101.901875,35.486703,1.0,country:1.00,matched,2026-04-27T16:46:34Z
454767,Islamic Art,1500,1699,1599,1500:1999,||||||Iran||||,Iran,country,0.70,true,country.8814,Iran,54.301374,32.565838,1.0,country:1.00,matched,2026-04-27T16:46:46Z
52399,Asian Art,1700,1780,1740,1500:1999,||||||||Japan||,Japan,culture,0.55,true,country.8820,Japan,138.59223,36.386493,1.0,country:1.00,matched,2026-04-27T16:46:48Z
444888,Islamic Art,1600,1625,1612,1500:1999,Iznik||||||Turkey||||,"Iznik, Turkey",city||country,0.88,true,place.5138660,"İznik, Bursa, Türkiye",29.719765,40.42917,1.0,place:1.00,matched,2026-04-27T16:46:47Z
52709,Asian Art,1736,1795,1765,1500:1999,||||||||China||,China,culture,0.55,true,country.8753,People's Republic of China,101.901875,35.486703,1.0,country:1.00,matched,2026-04-27T16:46:34Z
449775,Islamic Art,800,999,899,500:999,Nishapur||||||Iran||||,"Nishapur, Iran",city||country,0.88,true,place.1878126,"Nishapur County, Razavi Khorasan, Iran",58.79233,36.21129,0.95,place:0.95,matched,2026-04-27T16:46:56Z
204066,European Sculpture and Decorative Arts,1760,1770,1765,1500:1999,||||||||||British,Britain,department||artistNationality,0.53,true,country.8783,United Kingdom,-2.36967,54.237933,1.0,country:1.00,matched,2026-04-27T16:46:31Z
57365,Asian Art,1900,1933,1916,1500:1999,||||||||Korea||,Korea,culture,0.55,true,country.8828,South Korea,128.168944,36.536236,1.0,country:1.00,matched,2026-04-27T16:46:49Z
50331,Asian Art,1630,1649,1639,1500:1999,||||||||Japan||,Japan,culture,0.55,true,country.8820,Japan,138.59223,36.386493,1.0,country:1.00,matched,2026-04-27T16:46:48Z
450460,Islamic Art,1300,1399,1349,1000:1499,||||||Syria||||,Syria,country,0.70,true,country.8919,Syria,38.505592,35.013048,1.0,country:1.00,matched,2026-04-27T16:47:09Z
449875,Islamic Art,800,899,849,500:999,Nishapur||||||Iran||||,"Nishapur, Iran",city||country,0.88,true,place.1878126,"Nishapur County, Razavi Khorasan, Iran",58.79233,36.21129,0.95,place:0.95,matched,2026-04-27T16:46:56Z
44637,Asian Art,1467,1499,1483,1000:1499,||||||||Japan||,Japan,culture,0.55,true,country.8820,Japan,138.59223,36.386493,1.0,country:1.00,matched,2026-04-27T16:46:48Z
194301,European Sculpture and Decorative Arts,1585,1615,1600,1500:1999,||||||||||,,none,0.00,false,,,,,,,,
446654,Islamic Art,1600,1699,1649,1500:1999,Kirman||||||Iran||||,"Kirman, Iran",city||country,0.88,true,region.99438,"Kerman, Iran",57.064839,30.285219,0.958333,region:0.96,matched,2026-04-27T16:46:49Z
42540,Asian Art,1522,1566,1544,1500:1999,||||||||China||,China,culture,0.55,true,country.8753,People's Republic of China,101.901875,35.486703,1.0,country:1.00,matched,2026-04-27T16:46:34Z
46730,Asian Art,1700,1799,1749,1500:1999,||||||||China||,China,culture,0.55,true,country.8753,People's Republic of China,101.901875,35.486703,1.0,country:1.00,matched,2026-04-27T16:46:34Z
48483,Asian Art,960,1279,1119,1000:1499,||||||||China||,China,culture,0.55,true,country.8753,People's Republic of China,101.901875,35.486703,1.0,country:1.00,matched,2026-04-27T16:46:34Z
239488,European Sculpture and Decorative Arts,1890,1900,1895,1500:1999,||||||||||British,Britain,department||artistNationality,0.53,true,country.8783,United Kingdom,-2.36967,54.237933,1.0,country:1.00,matched,2026-04-27T16:46:31Z
49335,Asian Art,1650,1850,1750,1500:1999,||||||||Japan||,Japan,culture,0.55,true,country.8820,Japan,138.59223,36.386493,1.0,country:1.00,matched,2026-04-27T16:46:48Z
49139,Asian Art,-2400,-2000,-2200,-2500:-2001,||||||||China||,China,culture,0.55,true,country.8753,People's Republic of China,101.901875,35.486703,1.0,country:1.00,matched,2026-04-27T16:46:34Z
841274,European Sculpture and Decorative Arts,1845,1855,1850,1500:1999,||||||||||French,France,department||artistNationality,0.53,true,country.8781,France,2.618787,47.824905,1.0,country:1.00,matched,2026-04-27T16:46:43Z
48679,Asian Art,1400,1599,1499,1000:1499,||||||||China||,China,culture,0.55,true,country.8753,People's Republic of China,101.901875,35.486703,1.0,country:1.00,matched,2026-04-27T16:46:34Z
191779,European Sculpture and Decorative Arts,1445,1485,1465,1000:1499,||||||||||,,none,0.00,false,,,,,,,,
448686,Islamic Art,1100,1299,1199,1000:1499,Raqqa||||||Syria||||,"Raqqa, Syria",city||country,0.88,true,place.13035735,"Raqqa, Al-Raqqah, Syria",39.008921,35.949678,1.0,place:1.00,matched,2026-04-27T16:47:01Z
449635,Islamic Art,800,950,875,500:999,Nishapur||||||Iran||||,"Nishapur, Iran",city||country,0.88,true,place.1878126,"Nishapur County, Razavi Khorasan, Iran",58.79233,36.21129,0.95,place:0.95,matched,2026-04-27T16:46:56Z
308382,The Michael C. Rockefeller Wing,500,700,600,500:999,||||||Peru||Moche||,Peru,country,0.70,true,country.8880,Peru,-75.311132,-10.151093,1.0,country:1.00,matched,2026-04-27T16:47:00Z
448969,Islamic Art,700,899,799,500:999,Qasr-i Abu Nasr||||||Iran||||,"Qasr-i Abu Nasr, Iran",city||country,0.88,true,country.8814,Iran,54.301374,32.565838,0.366667,country:0.37,matched,2026-04-27T16:47:01Z
207815,European Sculpture and Decorative Arts,1875,1885,1880,1500:1999,||||||||||Irish,Ireland,department||artistNationality,0.35,true,country.8808,Ireland,-7.737649,53.305494,1.0,country:1.00,matched,2026-04-27T16:46:46Z
310221,The Michael C. Rockefeller Wing,-200,100,-50,-500:-1,||||South Coast||Peru||Topará||,Peru,country,0.70,true,country.8880,Peru,-75.311132,-10.151093,1.0,country:1.00,matched,2026-04-27T16:47:00Z
205381,European Sculpture and Decorative Arts,1810,1820,1815,1500:1999,||||||||||,,none,0.00,false,,,,,,,,
52778,Asian Art,1500,1533,1516,1500:1999,||||||||China||,China,culture,0.55,true,country.8753,People's Republic of China,101.901875,35.486703,1.0,country:1.00,matched,2026-04-27T16:46:34Z
44752,Asian Art,1573,1620,1596,1500:1999,||||||||China||,China,culture,0.55,true,country.8753,People's Republic of China,101.901875,35.486703,1.0,country:1.00,matched,2026-04-27T16:46:34Z
62707,Asian Art,1800,1899,1849,1500:1999,||||||||Japan||,Japan,culture,0.55,true,country.8820,Japan,138.59223,36.386493,1.0,country:1.00,matched,2026-04-27T16:46:48Z
448448,Islamic Art,1700,1799,1749,1500:1999,||||||Iran||||,Iran,country,0.70,true,country.8814,Iran,54.301374,32.565838,1.0,country:1.00,matched,2026-04-27T16:46:46Z
204515,European Sculpture and Decorative Arts,1465,1505,1485,1000:1499,||||||||||,,none,0.00,false,,,,,,,,
208422,European Sculpture and Decorative Arts,1765,1775,1770,1500:1999,||||||||||,,none,0.00,false,,,,,,,,
461500,Robert Lehman Collection,1700,1800,1750,1500:1999,||||||||Chinese||,China,culture,0.55,true,country.8753,People's Republic of China,101.901875,35.486703,1.0,country:1.00,matched,2026-04-27T16:46:34Z
460666,Robert Lehman Collection,1271,1300,1285,1000:1499,||||||||Chinese||,China,culture,0.55,true,country.8753,People's Republic of China,101.901875,35.486703,1.0,country:1.00,matched,2026-04-27T16:46:34Z
47530,Asian Art,1644,1911,1777,1500:1999,||||||||China||,China,culture,0.55,true,country.8753,People's Republic of China,101.901875,35.486703,1.0,country:1.00,matched,2026-04-27T16:46:34Z
63094,Asian Art,1735,1755,1745,1500:1999,||||||||Japan||,Japan,culture,0.55,true,country.8820,Japan,138.59223,36.386493,1.0,country:1.00,matched,2026-04-27T16:46:48Z
447678,Islamic Art,1175,1250,1212,1000:1499,||||||Syria||||,Syria,country,0.70,true,country.8919,Syria,38.505592,35.013048,1.0,country:1.00,matched,2026-04-27T16:47:09Z
771031,European Sculpture and Decorative Arts,1890,1899,1894,1500:1999,||||||||||British,Britain,department||artistNationality,0.53,true,country.8783,United Kingdom,-2.36967,54.237933,1.0,country:1.00,matched,2026-04-27T16:46:31Z
466228,The Cloisters,1100,1299,1199,1000:1499,Middle Rhineland (?)||||||Germany||German||,"Rhineland, Germany, Germany",city||country,0.68,true,country.8762,Germany,10.018343,51.133481,0.5,country:0.50,matched,2026-04-27T16:47:03Z
448430,Islamic Art,1600,1699,1649,1500:1999,||||||Iran||||,Iran,country,0.70,true,country.8814,Iran,54.301374,32.565838,1.0,country:1.00,matched,2026-04-27T16:46:46Z
48696,Asian Art,1800,1899,1849,1500:1999,||||||||China||,China,culture,0.55,true,country.8753,People's Republic of China,101.901875,35.486703,1.0,country:1.00,matched,2026-04-27T16:46:34Z
239563,European Sculpture and Decorative Arts,1885,1895,1890,1500:1999,||||||||||French,France,department||artistNationality,0.53,true,country.8781,France,2.618787,47.824905,1.0,country:1.00,matched,2026-04-27T16:46:43Z
52216,Asian Art,1615,1650,1632,1500:1999,||||||||Japan||,Japan,culture,0.55,true,country.8820,Japan,138.59223,36.386493,1.0,country:1.00,matched,2026-04-27T16:46:48Z
48604,Asian Art,1736,1795,1765,1500:1999,||||||||China||,China,culture,0.55,true,country.8753,People's Republic of China,101.901875,35.486703,1.0,country:1.00,matched,2026-04-27T16:46:34Z
42306,Asian Art,1200,1299,1249,1000:1499,||||||||Korea||,Korea,culture,0.55,true,country.8828,South Korea,128.168944,36.536236,1.0,country:1.00,matched,2026-04-27T16:46:49Z
460664,Robert Lehman Collection,1500,1699,1599,1500:1999,||||||||Chinese||,China,culture,0.55,true,country.8753,People's Republic of China,101.901875,35.486703,1.0,country:1.00,matched,2026-04-27T16:46:34Z
42326,Asian Art,1840,1859,1849,1500:1999,||||||||China||,China,culture,0.55,true,country.8753,People's Republic of China,101.901875,35.486703,1.0,country:1.00,matched,2026-04-27T16:46:34Z
52681,Asian Art,1100,1299,1199,1000:1499,||||||||China||,China,culture,0.55,true,country.8753,People's Republic of China,101.901875,35.486703,1.0,country:1.00,matched,2026-04-27T16:46:34Z
460679,Robert Lehman Collection,1800,1900,1850,1500:1999,||||||||Chinese||,China,culture,0.55,true,country.8753,People's Republic of China,101.901875,35.486703,1.0,country:1.00,matched,2026-04-27T16:46:34Z
47122,Asian Art,1771,1799,1785,1500:1999,||||||||Japan||,Japan,culture,0.55,true,country.8820,Japan,138.59223,36.386493,1.0,country:1.00,matched,2026-04-27T16:46:48Z
309326,The Michael C. Rockefeller Wing,-200,-1,-101,-500:-1,||||||Peru||Moche||,Peru,country,0.70,true,country.8880,Peru,-75.311132,-10.151093,1.0,country:1.00,matched,2026-04-27T16:47:00Z
48639,Asian Art,1668,1722,1695,1500:1999,||||||||China||,China,culture,0.55,true,country.8753,People's Republic of China,101.901875,35.486703,1.0,country:1.00,matched,2026-04-27T16:46:34Z
314217,The Michael C. Rockefeller Wing,600,800,700,500:999,||||Mesoamerica||Mexico or Guatemala||Maya||,"Mesoamerica, Mexico",region||country,0.50,true,country.8863,Mexico,-102.532867,23.950464,0.5,country:0.50,matched,2026-04-27T16:46:53Z
197829,European Sculpture and Decorative Arts,1730,1765,1747,1500:1999,||||||||||,,none,0.00,false,,,,,,,,
450931,Islamic Art,1100,1199,1149,1000:1499,Raqqa||||||Syria||||,"Raqqa, Syria",city||country,0.88,true,place.13035735,"Raqqa, Al-Raqqah, Syria",39.008921,35.949678,1.0,place:1.00,matched,2026-04-27T16:47:01Z
448694,Islamic Art,800,899,849,500:999,near Susa||||||Iran||||,"Susa, Iran, Iran",city||country,0.88,true,place.1099886,"Eyvan County, Ilam, Iran",46.309772,33.82832,0.613333,place:0.61,matched,2026-04-27T16:47:08Z
461501,Robert Lehman Collection,1798,1902,1850,1500:1999,||||||||Chinese||,China,culture,0.55,true,country.8753,People's Republic of China,101.901875,35.486703,1.0,country:1.00,matched,2026-04-27T16:46:34Z
49135,Asian Art,-2650,-2350,-2500,-2500:-2001,||||||||China||,China,culture,0.55,true,country.8753,People's Republic of China,101.901875,35.486703,1.0,country:1.00,matched,2026-04-27T16:46:34Z
53956,Asian Art,1736,1795,1765,1500:1999,||||||||China||,China,culture,0.55,true,country.8753,People's Republic of China,101.901875,35.486703,1.0,country:1.00,matched,2026-04-27T16:46:34Z
46831,Asian Art,1723,1735,1729,1500:1999,||||||||China||,China,culture,0.55,true,country.8753,People's Republic of China,101.901875,35.486703,1.0,country:1.00,matched,2026-04-27T16:46:34Z
309357,The Michael C. Rockefeller Wing,200,700,450,0:499,||||||Peru||Moche||,Peru,country,0.70,true,country.8880,Peru,-75.311132,-10.151093,1.0,country:1.00,matched,2026-04-27T16:47:00Z
308555,The Michael C. Rockefeller Wing,1300,1500,1400,1000:1499,||||||Peru||Inca||,Peru,country,0.70,true,country.8880,Peru,-75.311132,-10.151093,1.0,country:1.00,matched,2026-04-27T16:47:00Z
46770,Asian Art,1700,1735,1717,1500:1999,||||||||China||,China,culture,0.55,true,country.8753,People's Republic of China,101.901875,35.486703,1.0,country:1.00,matched,2026-04-27T16:46:34Z
46943,Asian Art,1668,1722,1695,1500:1999,||||||||China||,China,culture,0.55,true,country.8753,People's Republic of China,101.901875,35.486703,1.0,country:1.00,matched,2026-04-27T16:46:34Z
52049,Asian Art,1662,1722,1692,1500:1999,||||||||China||,China,culture,0.55,true,country.8753,People's Republic of China,101.901875,35.486703,1.0,country:1.00,matched,2026-04-27T16:46:34Z
208001,European Sculpture and Decorative Arts,1874,1884,1879,1500:1999,||||||||||French,France,department||artistNationality,0.53,true,country.8781,France,2.618787,47.824905,1.0,country:1.00,matched,2026-04-27T16:46:43Z
46937,Asian Art,1668,1722,1695,1500:1999,||||||||China||,China,culture,0.55,true,country.8753,People's Republic of China,101.901875,35.486703,1.0,country:1.00,matched,2026-04-27T16:46:34Z
771006,European Sculpture and Decorative Arts,1878,1878,1878,1500:1999,||||||||||British,Britain,department||artistNationality,0.53,true,country.8783,United Kingdom,-2.36967,54.237933,1.0,country:1.00,matched,2026-04-27T16:46:31Z
308719,The Michael C. Rockefeller Wing,-700,-400,-550,-1000:-501,||||Ica Valley||Peru||Paracas||,"Ica Valley, Peru, Peru",region||country,0.70,true,place.5556400,"Ica District, Ica, Peru",-75.729645,-14.063716,0.592593,place:0.59,matched,2026-04-27T16:46:45Z
48562,Asian Art,1767,1799,1783,1500:1999,||||||||China||,China,culture,0.55,true,country.8753,People's Republic of China,101.901875,35.486703,1.0,country:1.00,matched,2026-04-27T16:46:34Z
447995,Islamic Art,585,750,667,500:999,Abu Mena||||||Egypt||||,"Abu Mena, Egypt",city||country,0.88,true,country.8771,Egypt,29.871903,26.494184,0.425926,country:0.43,matched,2026-04-27T16:46:27Z
48686,Asian Art,1368,1644,1506,1500:1999,||||||||China||,China,culture,0.55,true,country.8753,People's Republic of China,101.901875,35.486703,1.0,country:1.00,matched,2026-04-27T16:46:34Z
37431,Asian Art,1071,1199,1135,1000:1499,||||||||Thailand||,Thailand,culture,0.55,true,country.8925,Thailand,101.017438,15.127333,1.0,country:1.00,matched,2026-04-27T16:47:09Z
308724,The Michael C. Rockefeller Wing,-700,-400,-550,-1000:-501,||||Ica Valley||Peru||Paracas||,"Ica Valley, Peru, Peru",region||country,0.70,true,place.5556400,"Ica District, Ica, Peru",-75.729645,-14.063716,0.592593,place:0.59,matched,2026-04-27T16:46:45Z
239357,European Sculpture and Decorative Arts,1884,1894,1889,1500:1999,||||||||||French,France,department||artistNationality,0.53,true,country.8781,France,2.618787,47.824905,1.0,country:1.00,matched,2026-04-27T16:46:43Z
308527,The Michael C. Rockefeller Wing,400,600,500,500:999,||||||Peru||Moche||,Peru,country,0.70,true,country.8880,Peru,-75.311132,-10.151093,1.0,country:1.00,matched,2026-04-27T16:47:00Z
45838,Asian Art,1720,1720,1720,1500:1999,||||||||Japan||,Japan,culture,0.55,true,country.8820,Japan,138.59223,36.386493,1.0,country:1.00,matched,2026-04-27T16:46:48Z
198973,European Sculpture and Decorative Arts,1579,1579,1579,1500:1999,||||||||||,,none,0.00,false,,,,,,,,
307864,The Michael C. Rockefeller Wing,-700,-300,-500,-500:-1,||||||Peru||Paracas||,Peru,country,0.70,true,country.8880,Peru,-75.311132,-10.151093,1.0,country:1.00,matched,2026-04-27T16:47:00Z
838101,European Sculpture and Decorative Arts,1884,1884,1884,1500:1999,||||||||||British,Britain,department||artistNationality,0.53,true,country.8783,United Kingdom,-2.36967,54.237933,1.0,country:1.00,matched,2026-04-27T16:46:31Z
308609,The Michael C. Rockefeller Wing,-500,-200,-350,-500:-1,||||Ica Valley||Peru||Paracas||,"Ica Valley, Peru, Peru",region||country,0.70,true,place.5556400,"Ica District, Ica, Peru",-75.729645,-14.063716,0.592593,place:0.59,matched,2026-04-27T16:46:45Z
309303,The Michael C. Rockefeller Wing,1300,1460,1380,1000:1499,||||||Peru||Chimú||,Peru,country,0.70,true,country.8880,Peru,-75.311132,-10.151093,1.0,country:1.00,matched,2026-04-27T16:47:00Z
314364,The Michael C. Rockefeller Wing,-1200,-400,-800,-1000:-501,||||||Peru||Cupisnique||,Peru,country,0.70,true,country.8880,Peru,-75.311132,-10.151093,1.0,country:1.00,matched,2026-04-27T16:47:00Z
62704,Asian Art,1800,1899,1849,1500:1999,||||||||Japan||,Japan,culture,0.55,true,country.8820,Japan,138.59223,36.386493,1.0,country:1.00,matched,2026-04-27T16:46:48Z
46898,Asian Art,1767,1799,1783,1500:1999,||||||||China||,China,culture,0.55,true,country.8753,People's Republic of China,101.901875,35.486703,1.0,country:1.00,matched,2026-04-27T16:46:34Z
51026,Asian Art,1368,1644,1506,1500:1999,||||||||China||,China,culture,0.55,true,country.8753,People's Republic of China,101.901875,35.486703,1.0,country:1.00,matched,2026-04-27T16:46:34Z
466283,The Cloisters,1175,1250,1212,1000:1499,Siegburg||Lower Rhineland||||Germany||German||,"Siegburg, Germany, Lower Rhineland, Germany",city||state||country,0.95,true,place.73533498,"Siegburg, Rhein-Sieg District, North Rhine-Westphalia, Germany",7.205866,50.796486,0.592593,place:0.59,matched,2026-04-27T16:47:06Z
47678,Asian Art,1800,1899,1849,1500:1999,||||||||Japan||,Japan,culture,0.55,true,country.8820,Japan,138.59223,36.386493,1.0,country:1.00,matched,2026-04-27T16:46:48Z
63124,Asian Art,1700,1799,1749,1500:1999,||||||||Japan||,Japan,culture,0.55,true,country.8820,Japan,138.59223,36.386493,1.0,country:1.00,matched,2026-04-27T16:46:48Z
72738,Asian Art,1736,1770,1753,1500:1999,||||||||Korea||,Korea,culture,0.55,true,country.8828,South Korea,128.168944,36.536236,1.0,country:1.00,matched,2026-04-27T16:46:49Z
208440,European Sculpture and Decorative Arts,1800,1899,1849,1500:1999,||||||||||,,none,0.00,false,,,,,,,,
37442,Asian Art,1071,1199,1135,1000:1499,||||||||Thailand||,Thailand,culture,0.55,true,country.8925,Thailand,101.017438,15.127333,1.0,country:1.00,matched,2026-04-27T16:47:09Z
205826,European Sculpture and Decorative Arts,1720,1720,1720,1500:1999,||||||||||German,Germany,department||artistNationality,0.53,true,country.8762,Germany,10.018343,51.133481,1.0,country:1.00,matched,2026-04-27T16:46:43Z
478708,Medieval Art,300,699,499,0:499,||Kharga Oasis||||Byzantine Egypt||Coptic||,"Kharga Oasis, Byzantine Egypt",state||country,0.72,true,country.8771,Egypt,29.871903,26.494184,0.388889,country:0.39,matched,2026-04-27T16:46:49Z
202215,European Sculpture and Decorative Arts,1750,1760,1755,1500:1999,||||||||||French,France,department||artistNationality,0.53,true,country.8781,France,2.618787,47.824905,1.0,country:1.00,matched,2026-04-27T16:46:43Z
48126,Asian Art,1567,1633,1600,1500:1999,||||||||China||,China,culture,0.55,true,country.8753,People's Republic of China,101.901875,35.486703,1.0,country:1.00,matched,2026-04-27T16:46:34Z
461503,Robert Lehman Collection,1798,1902,1850,1500:1999,||||||||Chinese||,China,culture,0.55,true,country.8753,People's Republic of China,101.901875,35.486703,1.0,country:1.00,matched,2026-04-27T16:46:34Z
47813,Asian Art,1700,1799,1749,1500:1999,||||||||Japan||,Japan,culture,0.55,true,country.8820,Japan,138.59223,36.386493,1.0,country:1.00,matched,2026-04-27T16:46:48Z
62708,Asian Art,1600,1699,1649,1500:1999,||||||||Japan||,Japan,culture,0.55,true,country.8820,Japan,138.59223,36.386493,1.0,country:1.00,matched,2026-04-27T16:46:48Z
52052,Asian Art,1662,1722,1692,1500:1999,||||||||China||,China,culture,0.55,true,country.8753,People's Republic of China,101.901875,35.486703,1.0,country:1.00,matched,2026-04-27T16:46:34Z
39501,Asian Art,400,599,499,0:499,||||||||Korea||,Korea,culture,0.55,true,country.8828,South Korea,128.168944,36.536236,1.0,country:1.00,matched,2026-04-27T16:46:49Z
47270,Asian Art,1912,1912,1912,1500:1999,||||||||Japan||,Japan,culture,0.55,true,country.8820,Japan,138.59223,36.386493,1.0,country:1.00,matched,2026-04-27T16:46:48Z
49362,Asian Art,1767,1799,1783,1500:1999,||||||||China||,China,culture,0.55,true,country.8753,People's Republic of China,101.901875,35.486703,1.0,country:1.00,matched,2026-04-27T16:46:34Z
44725,Asian Art,-2500,-2300,-2400,-2500:-2001,||||||||China||,China,culture,0.55,true,country.8753,People's Republic of China,101.901875,35.486703,1.0,country:1.00,matched,2026-04-27T16:46:34Z
316001,The Michael C. Rockefeller Wing,-250,450,100,0:499,||||||Ecuador||Bahia||,Ecuador,country,0.70,true,country.8769,Ecuador,-78.432915,-1.160171,1.0,country:1.00,matched,2026-04-27T16:46:39Z
42510,Asian Art,1400,1599,1499,1000:1499,||||||||China||,China,culture,0.55,true,country.8753,People's Republic of China,101.901875,35.486703,1.0,country:1.00,matched,2026-04-27T16:46:34Z
197612,European Sculpture and Decorative Arts,1760,1770,1765,1500:1999,||||||||||,,none,0.00,false,,,,,,,,
239561,European Sculpture and Decorative Arts,1885,1895,1890,1500:1999,||||||||||French,France,department||artistNationality,0.53,true,country.8781,France,2.618787,47.824905,1.0,country:1.00,matched,2026-04-27T16:46:43Z
449435,Islamic Art,800,925,862,500:999,Nishapur||||||Iran||||,"Nishapur, Iran",city||country,0.88,true,place.1878126,"Nishapur County, Razavi Khorasan, Iran",58.79233,36.21129,0.95,place:0.95,matched,2026-04-27T16:46:56Z
201289,European Sculpture and Decorative Arts,1755,1765,1760,1500:1999,||||||||||,,none,0.00,false,,,,,,,,
308350,The Michael C. Rockefeller Wing,-300,-100,-200,-500:-1,||||||Peru||Paracas||,Peru,country,0.70,true,country.8880,Peru,-75.311132,-10.151093,1.0,country:1.00,matched,2026-04-27T16:47:00Z
451836,Islamic Art,1500,1550,1525,1500:1999,Iznik||||||Turkey||||,"Iznik, Turkey",city||country,0.88,true,place.5138660,"İznik, Bursa, Türkiye",29.719765,40.42917,1.0,place:1.00,matched,2026-04-27T16:46:47Z
47061,Asian Art,1600,1699,1649,1500:1999,||||||||China or Japan (?)||,China,culture,0.35,true,country.8753,People's Republic of China,101.901875,35.486703,1.0,country:1.00,matched,2026-04-27T16:46:34Z
308379,The Michael C. Rockefeller Wing,100,600,350,0:499,||||||Peru||Nasca||,Peru,country,0.70,true,country.8880,Peru,-75.311132,-10.151093,1.0,country:1.00,matched,2026-04-27T16:47:00Z
203257,European Sculpture and Decorative Arts,1750,1755,1752,1500:1999,||||||||||Italian,Italy,department||artistNationality,0.53,true,country.8816,Italy,12.646361,42.504154,1.0,country:1.00,matched,2026-04-27T16:46:47Z
461493,Robert Lehman Collection,1197,1303,1250,1000:1499,||||||||Chinese||,China,culture,0.55,true,country.8753,People's Republic of China,101.901875,35.486703,1.0,country:1.00,matched,2026-04-27T16:46:34Z
45839,Asian Art,1720,1720,1720,1500:1999,||||||||Japan||,Japan,culture,0.55,true,country.8820,Japan,138.59223,36.386493,1.0,country:1.00,matched,2026-04-27T16:46:48Z
308542,The Michael C. Rockefeller Wing,400,700,550,500:999,||||||Peru||Moche||,Peru,country,0.70,true,country.8880,Peru,-75.311132,-10.151093,1.0,country:1.00,matched,2026-04-27T16:47:00Z
52038,Asian Art,1662,1722,1692,1500:1999,||||||||China||,China,culture,0.55,true,country.8753,People's Republic of China,101.901875,35.486703,1.0,country:1.00,matched,2026-04-27T16:46:34Z
47623,Asian Art,1700,1799,1749,1500:1999,||||||||Japan||,Japan,culture,0.55,true,country.8820,Japan,138.59223,36.386493,1.0,country:1.00,matched,2026-04-27T16:46:48Z
39505,Asian Art,400,599,499,0:499,||||||||Korea||,Korea,culture,0.55,true,country.8828,South Korea,128.168944,36.536236,1.0,country:1.00,matched,2026-04-27T16:46:49Z
63531,Asian Art,1590,1610,1600,1500:1999,||||||||Japan||,Japan,culture,0.55,true,country.8820,Japan,138.59223,36.386493,1.0,country:1.00,matched,2026-04-27T16:46:48Z
447080,Islamic Art,1100,1299,1199,1000:1499,||||||Iran||||,Iran,country,0.70,true,country.8814,Iran,54.301374,32.565838,1.0,country:1.00,matched,2026-04-27T16:46:46Z
49915,Asian Art,960,1279,1119,1000:1499,||||||||China||,China,culture,0.55,true,country.8753,People's Republic of China,101.901875,35.486703,1.0,country:1.00,matched,2026-04-27T16:46:34Z
194279,European Sculpture and Decorative Arts,1695,1725,1710,1500:1999,||||||||||,,none,0.00,false,,,,,,,,
308567,The Michael C. Rockefeller Wing,400,600,500,500:999,||||South Coast||Peru||Nasca||,Peru,country,0.70,true,country.8880,Peru,-75.311132,-10.151093,1.0,country:1.00,matched,2026-04-27T16:47:00Z
39520,Asian Art,400,599,499,0:499,||||||||Korea||,Korea,culture,0.55,true,country.8828,South Korea,128.168944,36.536236,1.0,country:1.00,matched,2026-04-27T16:46:49Z
42740,Asian Art,1400,1433,1416,1000:1499,||||||||China||,China,culture,0.55,true,country.8753,People's Republic of China,101.901875,35.486703,1.0,country:1.00,matched,2026-04-27T16:46:34Z
49903,Asian Art,571,599,585,500:999,||||||||China||,China,culture,0.55,true,country.8753,People's Republic of China,101.901875,35.486703,1.0,country:1.00,matched,2026-04-27T16:46:34Z
451622,Islamic Art,1200,1299,1249,1000:1499,Kashan||||||Iran||||,"Kashan, Iran",city||country,0.88,true,place.1255534,"Kashan County, Isfahan, Iran",51.44271,33.98714,0.98,place:0.98,matched,2026-04-27T16:46:48Z
46666,Asian Art,1800,1899,1849,1500:1999,||||||||China||,China,culture,0.55,true,country.8753,People's Republic of China,101.901875,35.486703,1.0,country:1.00,matched,2026-04-27T16:46:34Z
771064,European Sculpture and Decorative Arts,1875,1875,1875,1500:1999,||||||||||British,Britain,department||artistNationality,0.53,true,country.8783,United Kingdom,-2.36967,54.237933,1.0,country:1.00,matched,2026-04-27T16:46:31Z
46233,Asian Art,1800,1899,1849,1500:1999,||||||||China||,China,culture,0.55,true,country.8753,People's Republic of China,101.901875,35.486703,1.0,country:1.00,matched,2026-04-27T16:46:34Z
239364,European Sculpture and Decorative Arts,1882,1892,1887,1500:1999,||||||||||French,France,department||artistNationality,0.53,true,country.8781,France,2.618787,47.824905,1.0,country:1.00,matched,2026-04-27T16:46:43Z
313340,The Michael C. Rockefeller Wing,-800,-400,-600,-1000:-501,||||Ica Valley||Peru||Paracas||,"Ica Valley, Peru, Peru",region||country,0.70,true,place.5556400,"Ica District, Ica, Peru",-75.729645,-14.063716,0.592593,place:0.59,matched,2026-04-27T16:46:45Z
42215,Asian Art,1736,1795,1765,1500:1999,||||||||China||,China,culture,0.55,true,country.8753,People's Republic of China,101.901875,35.486703,1.0,country:1.00,matched,2026-04-27T16:46:34Z
468525,The Cloisters,1450,1500,1475,1000:1499,probably Manises||Valencia||||Spain||Spanish||,"Manises, Valencia, Spain, Valencia, Spain",city||state||country,0.75,true,place.35178566,"Manises, Valencia, Spain",-0.462126,39.493927,1.0,place:1.00,matched,2026-04-27T16:46:52Z
48346,Asian Art,1800,1899,1849,1500:1999,||||||||China||,China,culture,0.55,true,country.8753,People's Republic of China,101.901875,35.486703,1.0,country:1.00,matched,2026-04-27T16:46:34Z
194960,European Sculpture and Decorative Arts,1882,1886,1884,1500:1999,||||||||||American and French,United States,department||artistNationality,0.15,false,country.8940,United States,-97.922211,39.381266,1.0,country:1.00,matched,2026-04-27T16:47:13Z
205326,European Sculpture and Decorative Arts,1751,1761,1756,1500:1999,||||||||||British,Britain,department||artistNationality,0.53,true,country.8783,United Kingdom,-2.36967,54.237933,1.0,country:1.00,matched,2026-04-27T16:46:31Z
47577,Asian Art,1700,1722,1711,1500:1999,||||||||China||,China,culture,0.55,true,country.8753,People's Republic of China,101.901875,35.486703,1.0,country:1.00,matched,2026-04-27T16:46:34Z
478667,Medieval Art,300,699,499,0:499,||Kharga Oasis||||Byzantine Egypt||Coptic||,"Kharga Oasis, Byzantine Egypt",state||country,0.72,true,country.8771,Egypt,29.871903,26.494184,0.388889,country:0.39,matched,2026-04-27T16:46:49Z
64921,Asian Art,567,577,572,500:999,||||||||China||,China,culture,0.55,true,country.8753,People's Republic of China,101.901875,35.486703,1.0,country:1.00,matched,2026-04-27T16:46:34Z
308414,The Michael C. Rockefeller Wing,1100,1470,1285,1000:1499,||North Coast||||Peru||Chimú||,Peru,country,0.70,true,country.8880,Peru,-75.311132,-10.151093,1.0,country:1.00,matched,2026-04-27T16:47:00Z
191218,European Sculpture and Decorative Arts,1769,1780,1774,1500:1999,||||||||||British,Britain,department||artistNationality,0.53,true,country.8783,United Kingdom,-2.36967,54.237933,1.0,country:1.00,matched,2026-04-27T16:46:31Z
310199,The Michael C. Rockefeller Wing,200,600,400,0:499,||||||Peru||Moche||,Peru,country,0.70,true,country.8880,Peru,-75.311132,-10.151093,1.0,country:1.00,matched,2026-04-27T16:47:00Z
200873,European Sculpture and Decorative Arts,1747,1758,1752,1500:1999,||||||||||French,France,department||artistNationality,0.53,true,country.8781,France,2.618787,47.824905,1.0,country:1.00,matched,2026-04-27T16:46:43Z
449903,Islamic Art,775,899,837,500:999,Nishapur||||||Iran||||,"Nishapur, Iran",city||country,0.88,true,place.1878126,"Nishapur County, Razavi Khorasan, Iran",58.79233,36.21129,0.95,place:0.95,matched,2026-04-27T16:46:56Z
770961,European Sculpture and Decorative Arts,1862,1862,1862,1500:1999,||||||||||British,Britain,department||artistNationality,0.53,true,country.8783,United Kingdom,-2.36967,54.237933,1.0,country:1.00,matched,2026-04-27T16:46:31Z
48532,Asian Art,1,199,100,0:499,||||||||China||,China,culture,0.55,true,country.8753,People's Republic of China,101.901875,35.486703,1.0,country:1.00,matched,2026-04-27T16:46:34Z
46712,Asian Art,1800,1849,1824,1500:1999,||||||||China||,China,culture,0.55,true,country.8753,People's Republic of China,101.901875,35.486703,1.0,country:1.00,matched,2026-04-27T16:46:34Z
195499,European Sculpture and Decorative Arts,1825,1845,1835,1500:1999,||||||||||,,none,0.00,false,,,,,,,,
42468,Asian Art,1000,1199,1099,1000:1499,||||||||China||,China,culture,0.55,true,country.8753,People's Republic of China,101.901875,35.486703,1.0,country:1.00,matched,2026-04-27T16:46:34Z
42199,Asian Art,1700,1733,1716,1500:1999,||||||||China||,China,culture,0.55,true,country.8753,People's Republic of China,101.901875,35.486703,1.0,country:1.00,matched,2026-04-27T16:46:34Z
42232,Asian Art,1678,1688,1683,1500:1999,||||||||China||,China,culture,0.55,true,country.8753,People's Republic of China,101.901875,35.486703,1.0,country:1.00,matched,2026-04-27T16:46:34Z
445241,Islamic Art,1550,1599,1574,1500:1999,Iznik||||||Turkey||||,"Iznik, Turkey",city||country,0.88,true,place.5138660,"İznik, Bursa, Türkiye",29.719765,40.42917,1.0,place:1.00,matched,2026-04-27T16:46:47Z
50999,Asian Art,1662,1722,1692,1500:1999,||||||||China||,China,culture,0.55,true,country.8753,People's Republic of China,101.901875,35.486703,1.0,country:1.00,matched,2026-04-27T16:46:34Z
195209,European Sculpture and Decorative Arts,1750,1755,1752,1500:1999,||||||||||French,France,department||artistNationality,0.53,true,country.8781,France,2.618787,47.824905,1.0,country:1.00,matched,2026-04-27T16:46:43Z
317749,The Michael C. Rockefeller Wing,100,500,300,0:499,||||||Peru||Moche||,Peru,country,0.70,true,country.8880,Peru,-75.311132,-10.151093,1.0,country:1.00,matched,2026-04-27T16:47:00Z
770931,European Sculpture and Decorative Arts,1867,1877,1872,1500:1999,||||||||||British,Britain,department||artistNationality,0.53,true,country.8783,United Kingdom,-2.36967,54.237933,1.0,country:1.00,matched,2026-04-27T16:46:31Z
62559,Asian Art,1800,1800,1800,1500:1999,||||||||Japan||,Japan,culture,0.55,true,country.8820,Japan,138.59223,36.386493,1.0,country:1.00,matched,2026-04-27T16:46:48Z
199195,European Sculpture and Decorative Arts,1720,1745,1732,1500:1999,||||||||||German,Germany,department||artistNationality,0.53,true,country.8762,Germany,10.018343,51.133481,1.0,country:1.00,matched,2026-04-27T16:46:43Z
47049,Asian Art,1700,1799,1749,1500:1999,||||||||China||,China,culture,0.55,true,country.8753,People's Republic of China,101.901875,35.486703,1.0,country:1.00,matched,2026-04-27T16:46:34Z
309444,The Michael C. Rockefeller Wing,500,700,600,500:999,||||||Peru||Moche||,Peru,country,0.70,true,country.8880,Peru,-75.311132,-10.151093,1.0,country:1.00,matched,2026-04-27T16:47:00Z
47364,Asian Art,1800,1899,1849,1500:1999,||||||||Japan||,Japan,culture,0.55,true,country.8820,Japan,138.59223,36.386493,1.0,country:1.00,matched,2026-04-27T16:46:48Z
206318,European Sculpture and Decorative Arts,1592,1625,1608,1500:1999,||||||||||,,none,0.00,false,,,,,,,,
770945,European Sculpture and Decorative Arts,1867,1867,1867,1500:1999,||||||||||British,Britain,department||artistNationality,0.53,true,country.8783,United Kingdom,-2.36967,54.237933,1.0,country:1.00,matched,2026-04-27T16:46:31Z
208398,European Sculpture and Decorative Arts,1785,1799,1792,1500:1999,||||||||||,,none,0.00,false,,,,,,,,
52609,Asian Art,1100,1299,1199,1000:1499,||||||||China||,China,culture,0.55,true,country.8753,People's Republic of China,101.901875,35.486703,1.0,country:1.00,matched,2026-04-27T16:46:34Z
198416,European Sculpture and Decorative Arts,1755,1765,1760,1500:1999,||||||||||British,Britain,department||artistNationality,0.53,true,country.8783,United Kingdom,-2.36967,54.237933,1.0,country:1.00,matched,2026-04-27T16:46:31Z
771052,European Sculpture and Decorative Arts,1880,1891,1885,1500:1999,||||||||||British,Britain,department||artistNationality,0.53,true,country.8783,United Kingdom,-2.36967,54.237933,1.0,country:1.00,matched,2026-04-27T16:46:31Z
47641,Asian Art,1800,1899,1849,1500:1999,||||||||Japan||,Japan,culture,0.55,true,country.8820,Japan,138.59223,36.386493,1.0,country:1.00,matched,2026-04-27T16:46:48Z
199569,European Sculpture and Decorative Arts,1755,1765,1760,1500:1999,||||||||||,,none,0.00,false,,,,,,,,
48222,Asian Art,1668,1722,1695,1500:1999,||||||||China||,China,culture,0.55,true,country.8753,People's Republic of China,101.901875,35.486703,1.0,country:1.00,matched,2026-04-27T16:46:34Z
308300,The Michael C. Rockefeller Wing,-700,-400,-550,-1000:-501,||||||Peru||Paracas||,Peru,country,0.70,true,country.8880,Peru,-75.311132,-10.151093,1.0,country:1.00,matched,2026-04-27T16:47:00Z
42551,Asian Art,1534,1566,1550,1500:1999,||||||||China||,China,culture,0.55,true,country.8753,People's Republic of China,101.901875,35.486703,1.0,country:1.00,matched,2026-04-27T16:46:34Z
46897,Asian Art,1800,1849,1824,1500:1999,||||||||China||,China,culture,0.55,true,country.8753,People's Republic of China,101.901875,35.486703,1.0,country:1.00,matched,2026-04-27T16:46:34Z
204070,European Sculpture and Decorative Arts,1767,1777,1772,1500:1999,||||||||||British,Britain,department||artistNationality,0.53,true,country.8783,United Kingdom,-2.36967,54.237933,1.0,country:1.00,matched,2026-04-27T16:46:31Z
50236,Asian Art,1100,1199,1149,1000:1499,||||||||China||,China,culture,0.55,true,country.8753,People's Republic of China,101.901875,35.486703,1.0,country:1.00,matched,2026-04-27T16:46:34Z
48754,Asian Art,1700,1700,1700,1500:1999,||||||||Japan||,Japan,culture,0.55,true,country.8820,Japan,138.59223,36.386493,1.0,country:1.00,matched,2026-04-27T16:46:48Z
477276,Medieval Art,300,699,499,0:499,||Kharga Oasis||||Byzantine Egypt||Coptic||,"Kharga Oasis, Byzantine Egypt",state||country,0.72,true,country.8771,Egypt,29.871903,26.494184,0.388889,country:0.39,matched,2026-04-27T16:46:49Z
50702,Asian Art,271,399,335,0:499,||||||||China||,China,culture,0.55,true,country.8753,People's Republic of China,101.901875,35.486703,1.0,country:1.00,matched,2026-04-27T16:46:34Z
309513,The Michael C. Rockefeller Wing,-1200,-400,-800,-1000:-501,||||||Peru||Cupisnique||,Peru,country,0.70,true,country.8880,Peru,-75.311132,-10.151093,1.0,country:1.00,matched,2026-04-27T16:47:00Z
62721,Asian Art,1820,1820,1820,1500:1999,||||||||Japan||,Japan,culture,0.55,true,country.8820,Japan,138.59223,36.386493,1.0,country:1.00,matched,2026-04-27T16:46:48Z
451434,Islamic Art,1175,1225,1200,1000:1499,||||||Iran||||,Iran,country,0.70,true,country.8814,Iran,54.301374,32.565838,1.0,country:1.00,matched,2026-04-27T16:46:46Z
52978,Asian Art,1567,1599,1583,1500:1999,||||||||China||,China,culture,0.55,true,country.8753,People's Republic of China,101.901875,35.486703,1.0,country:1.00,matched,2026-04-27T16:46:34Z
42242,Asian Art,1600,1699,1649,1500:1999,||||||||China||,China,culture,0.55,true,country.8753,People's Republic of China,101.901875,35.486703,1.0,country:1.00,matched,2026-04-27T16:46:34Z
309760,The Michael C. Rockefeller Wing,1400,1600,1500,1500:1999,||||||Peru||Inca||,Peru,country,0.70,true,country.8880,Peru,-75.311132,-10.151093,1.0,country:1.00,matched,2026-04-27T16:47:00Z
449869,Islamic Art,775,899,837,500:999,Nishapur||||||Iran||||,"Nishapur, Iran",city||country,0.88,true,place.1878126,"Nishapur County, Razavi Khorasan, Iran",58.79233,36.21129,0.95,place:0.95,matched,2026-04-27T16:46:56Z
44730,Asian Art,-2300,-2000,-2150,-2500:-2001,||||||||China||,China,culture,0.55,true,country.8753,People's Republic of China,101.901875,35.486703,1.0,country:1.00,matched,2026-04-27T16:46:34Z
308606,The Michael C. Rockefeller Wing,-300,-100,-200,-500:-1,||||Ica Valley||Peru||Paracas||,"Ica Valley, Peru, Peru",region||country,0.70,true,place.5556400,"Ica District, Ica, Peru",-75.729645,-14.063716,0.592593,place:0.59,matched,2026-04-27T16:46:45Z
194591,European Sculpture and Decorative Arts,1700,1799,1749,1500:1999,||||||||||,,none,0.00,false,,,,,,,,
232222,European Sculpture and Decorative Arts,1867,1880,1873,1500:1999,"||||||||||British, Scottish",Scotland,department||artistNationality,0.35,true,region.17487,"Scotland, United Kingdom",-4.095892,56.734282,1.0,region:1.00,matched,2026-04-27T16:47:05Z
198777,European Sculpture and Decorative Arts,1525,1565,1545,1500:1999,||||||||||,,none,0.00,false,,,,,,,,
47006,Asian Art,1700,1799,1749,1500:1999,||||||||Japan||,Japan,culture,0.55,true,country.8820,Japan,138.59223,36.386493,1.0,country:1.00,matched,2026-04-27T16:46:48Z
206025,European Sculpture and Decorative Arts,1725,1735,1730,1500:1999,||||||||||German,Germany,department||artistNationality,0.53,true,country.8762,Germany,10.018343,51.133481,1.0,country:1.00,matched,2026-04-27T16:46:43Z
449129,Islamic Art,1000,1199,1099,1000:1499,Nishapur||||||Iran||||,"Nishapur, Iran",city||country,0.88,true,place.1878126,"Nishapur County, Razavi Khorasan, Iran",58.79233,36.21129,0.95,place:0.95,matched,2026-04-27T16:46:56Z
47762,Asian Art,1800,1899,1849,1500:1999,||||||||China||,China,culture,0.55,true,country.8753,People's Republic of China,101.901875,35.486703,1.0,country:1.00,matched,2026-04-27T16:46:34Z
198322,European Sculpture and Decorative Arts,1720,1735,1727,1500:1999,||||||||||German,Germany,department||artistNationality,0.53,true,country.8762,Germany,10.018343,51.133481,1.0,country:1.00,matched,2026-04-27T16:46:43Z
308349,The Michael C. Rockefeller Wing,-300,-100,-200,-500:-1,||||||Peru||Paracas||,Peru,country,0.70,true,country.8880,Peru,-75.311132,-10.151093,1.0,country:1.00,matched,2026-04-27T16:47:00Z
47958,Asian Art,1800,1899,1849,1500:1999,||||||||Japan||Japanese,Japan,culture,0.55,true,country.8820,Japan,138.59223,36.386493,1.0,country:1.00,matched,2026-04-27T16:46:48Z
42312,Asian Art,1800,1899,1849,1500:1999,||||||||Korea||,Korea,culture,0.55,true,country.8828,South Korea,128.168944,36.536236,1.0,country:1.00,matched,2026-04-27T16:46:49Z
62640,Asian Art,1600,1699,1649,1500:1999,||||||||Japan||,Japan,culture,0.55,true,country.8820,Japan,138.59223,36.386493,1.0,country:1.00,matched,2026-04-27T16:46:48Z
202171,European Sculpture and Decorative Arts,1760,1770,1765,1500:1999,||||||||||French,France,department||artistNationality,0.53,true,country.8781,France,2.618787,47.824905,1.0,country:1.00,matched,2026-04-27T16:46:43Z
53203,Asian Art,1250,1450,1350,1000:1499,||||||||Japan||,Japan,culture,0.55,true,country.8820,Japan,138.59223,36.386493,1.0,country:1.00,matched,2026-04-27T16:46:48Z
48203,Asian Art,1667,1733,1700,1500:1999,||||||||China||,China,culture,0.55,true,country.8753,People's Republic of China,101.901875,35.486703,1.0,country:1.00,matched,2026-04-27T16:46:34Z
309380,The Michael C. Rockefeller Wing,600,700,650,500:999,||||||Peru||Nasca (?)||,Peru,country,0.70,true,country.8880,Peru,-75.311132,-10.151093,1.0,country:1.00,matched,2026-04-27T16:47:00Z
46865,Asian Art,1700,1799,1749,1500:1999,||||||||China||,China,culture,0.55,true,country.8753,People's Republic of China,101.901875,35.486703,1.0,country:1.00,matched,2026-04-27T16:46:34Z
46924,Asian Art,1669,1722,1695,1500:1999,||||||||China||,China,culture,0.55,true,country.8753,People's Republic of China,101.901875,35.486703,1.0,country:1.00,matched,2026-04-27T16:46:34Z
202124,European Sculpture and Decorative Arts,1695,1705,1700,1500:1999,||||||||||,,none,0.00,false,,,,,,,,
9367,Modern and Contemporary Art,1894,1906,1900,1500:1999,||||||||||American,United States,artistNationality,0.45,true,country.8940,United States,-97.922211,39.381266,1.0,country:1.00,matched,2026-04-27T16:47:13Z
52085,Asian Art,1100,1199,1149,1000:1499,||||||||Korea||,Korea,culture,0.55,true,country.8828,South Korea,128.168944,36.536236,1.0,country:1.00,matched,2026-04-27T16:46:49Z
199886,European Sculpture and Decorative Arts,1791,1801,1796,1500:1999,||||||||||British,Britain,department||artistNationality,0.53,true,country.8783,United Kingdom,-2.36967,54.237933,1.0,country:1.00,matched,2026-04-27T16:46:31Z
62792,Asian Art,1700,1799,1749,1500:1999,||||||||Japan||,Japan,culture,0.55,true,country.8820,Japan,138.59223,36.386493,1.0,country:1.00,matched,2026-04-27T16:46:48Z
48359,Asian Art,1723,1735,1729,1500:1999,||||||||China||,China,culture,0.55,true,country.8753,People's Republic of China,101.901875,35.486703,1.0,country:1.00,matched,2026-04-27T16:46:34Z
46554,Asian Art,1700,1722,1711,1500:1999,||||||||China||,China,culture,0.55,true,country.8753,People's Republic of China,101.901875,35.486703,1.0,country:1.00,matched,2026-04-27T16:46:34Z
47626,Asian Art,1734,1766,1750,1500:1999,||||||||China||,China,culture,0.55,true,country.8753,People's Republic of China,101.901875,35.486703,1.0,country:1.00,matched,2026-04-27T16:46:34Z
447159,Islamic Art,1100,1225,1162,1000:1499,Rayy||||||Iran||||,"Rayy, Iran",city||country,0.88,true,country.8814,Iran,54.301374,32.565838,0.5,country:0.50,matched,2026-04-27T16:47:02Z
51124,Asian Art,1800,1849,1824,1500:1999,||||||||China||,China,culture,0.55,true,country.8753,People's Republic of China,101.901875,35.486703,1.0,country:1.00,matched,2026-04-27T16:46:34Z
670815,European Sculpture and Decorative Arts,1875,1885,1880,1500:1999,"||||||||||British, Scottish",Scotland,department||artistNationality,0.35,true,region.17487,"Scotland, United Kingdom",-4.095892,56.734282,1.0,region:1.00,matched,2026-04-27T16:47:05Z
239496,European Sculpture and Decorative Arts,1876,1876,1876,1500:1999,||||||||||British,Britain,department||artistNationality,0.53,true,country.8783,United Kingdom,-2.36967,54.237933,1.0,country:1.00,matched,2026-04-27T16:46:31Z
204084,European Sculpture and Decorative Arts,1748,1759,1753,1500:1999,||||||||||British,Britain,department||artistNationality,0.53,true,country.8783,United Kingdom,-2.36967,54.237933,1.0,country:1.00,matched,2026-04-27T16:46:31Z
47896,Asian Art,1634,1666,1650,1500:1999,||||||||China||,China,culture,0.55,true,country.8753,People's Republic of China,101.901875,35.486703,1.0,country:1.00,matched,2026-04-27T16:46:34Z
208542,European Sculpture and Decorative Arts,1880,1880,1880,1500:1999,||||||||||British,Britain,department||artistNationality,0.53,true,country.8783,United Kingdom,-2.36967,54.237933,1.0,country:1.00,matched,2026-04-27T16:46:31Z
202218,European Sculpture and Decorative Arts,1771,1771,1771,1500:1999,||||||||||French,France,department||artistNationality,0.53,true,country.8781,France,2.618787,47.824905,1.0,country:1.00,matched,2026-04-27T16:46:43Z
902207,Asian Art,1940,1960,1950,1500:1999,||||||||Japan||Japanese,Japan,culture,0.55,true,country.8820,Japan,138.59223,36.386493,1.0,country:1.00,matched,2026-04-27T16:46:48Z
36452,Asian Art,800,999,899,500:999,||||||||Korea||,Korea,culture,0.55,true,country.8828,South Korea,128.168944,36.536236,1.0,country:1.00,matched,2026-04-27T16:46:49Z
48602,Asian Art,1771,1849,1810,1500:1999,||||||||China||,China,culture,0.55,true,country.8753,People's Republic of China,101.901875,35.486703,1.0,country:1.00,matched,2026-04-27T16:46:34Z
46587,Asian Art,1700,1799,1749,1500:1999,||||||||China||,China,culture,0.55,true,country.8753,People's Republic of China,101.901875,35.486703,1.0,country:1.00,matched,2026-04-27T16:46:34Z
187801,European Sculpture and Decorative Arts,1700,1799,1749,1500:1999,||||||||||German,Germany,department||artistNationality,0.53,true,country.8762,Germany,10.018343,51.133481,1.0,country:1.00,matched,2026-04-27T16:46:43Z
207124,European Sculpture and Decorative Arts,1725,1735,1730,1500:1999,||||||||||,,none,0.00,false,,,,,,,,
39496,Asian Art,200,299,249,0:499,||||||||Korea||,Korea,culture,0.55,true,country.8828,South Korea,128.168944,36.536236,1.0,country:1.00,matched,2026-04-27T16:46:49Z
52252,Asian Art,1630,1649,1639,1500:1999,||||||||Japan||,Japan,culture,0.55,true,country.8820,Japan,138.59223,36.386493,1.0,country:1.00,matched,2026-04-27T16:46:48Z
50026,Asian Art,1600,1699,1649,1500:1999,||||||||China||,China,culture,0.55,true,country.8753,People's Republic of China,101.901875,35.486703,1.0,country:1.00,matched,2026-04-27T16:46:34Z
890351,European Sculpture and Decorative Arts,1895,1905,1900,1500:1999,||||||||||Danish,Denmark,department||artistNationality,0.35,true,country.8765,Denmark,10.046297,55.963398,1.0,country:1.00,matched,2026-04-27T16:46:38Z
48058,Asian Art,1667,1733,1700,1500:1999,||||||||China||,China,culture,0.55,true,country.8753,People's Republic of China,101.901875,35.486703,1.0,country:1.00,matched,2026-04-27T16:46:34Z
770933,European Sculpture and Decorative Arts,1884,1884,1884,1500:1999,||||||||||British,Britain,department||artistNationality,0.53,true,country.8783,United Kingdom,-2.36967,54.237933,1.0,country:1.00,matched,2026-04-27T16:46:31Z
308458,The Michael C. Rockefeller Wing,-200,100,-50,-500:-1,||||South Coast||Peru||Topará||,Peru,country,0.70,true,country.8880,Peru,-75.311132,-10.151093,1.0,country:1.00,matched,2026-04-27T16:47:00Z
446945,Islamic Art,1700,1799,1749,1500:1999,||||||Iran||||,Iran,country,0.70,true,country.8814,Iran,54.301374,32.565838,1.0,country:1.00,matched,2026-04-27T16:46:46Z
62877,Asian Art,0,0,0,0:499,||||||||Japan||,Japan,culture,0.55,true,country.8820,Japan,138.59223,36.386493,1.0,country:1.00,matched,2026-04-27T16:46:48Z
448182,Islamic Art,1100,1299,1199,1000:1499,||||||Iraq or Syria||||,Iraq,country,0.50,true,country.8813,Iraq,43.404716,33.048056,1.0,country:1.00,matched,2026-04-27T16:46:46Z
770939,European Sculpture and Decorative Arts,1867,1867,1867,1500:1999,||||||||||British,Britain,department||artistNationality,0.53,true,country.8783,United Kingdom,-2.36967,54.237933,1.0,country:1.00,matched,2026-04-27T16:46:31Z
448441,Islamic Art,1600,1699,1649,1500:1999,||||||Iran||||,Iran,country,0.70,true,country.8814,Iran,54.301374,32.565838,1.0,country:1.00,matched,2026-04-27T16:46:46Z
318617,The Michael C. Rockefeller Wing,300,700,500,500:999,||||||Peru||Moche||,Peru,country,0.70,true,country.8880,Peru,-75.311132,-10.151093,1.0,country:1.00,matched,2026-04-27T16:47:00Z
52923,Asian Art,1662,1722,1692,1500:1999,||||||||China||,China,culture,0.55,true,country.8753,People's Republic of China,101.901875,35.486703,1.0,country:1.00,matched,2026-04-27T16:46:34Z
37657,Asian Art,1071,1199,1135,1000:1499,||||||||Thailand||,Thailand,culture,0.55,true,country.8925,Thailand,101.017438,15.127333,1.0,country:1.00,matched,2026-04-27T16:47:09Z
449428,Islamic Art,775,999,887,500:999,Nishapur||||||Iran||||,"Nishapur, Iran",city||country,0.88,true,place.1878126,"Nishapur County, Razavi Khorasan, Iran",58.79233,36.21129,0.95,place:0.95,matched,2026-04-27T16:46:56Z
48774,Asian Art,1662,1722,1692,1500:1999,||||||||China||,China,culture,0.55,true,country.8753,People's Republic of China,101.901875,35.486703,1.0,country:1.00,matched,2026-04-27T16:46:34Z
51008,Asian Art,1723,1735,1729,1500:1999,||||||||China||,China,culture,0.55,true,country.8753,People's Republic of China,101.901875,35.486703,1.0,country:1.00,matched,2026-04-27T16:46:34Z
47634,Asian Art,1700,1799,1749,1500:1999,||||||||Japan||,Japan,culture,0.55,true,country.8820,Japan,138.59223,36.386493,1.0,country:1.00,matched,2026-04-27T16:46:48Z
41753,Asian Art,1800,1899,1849,1500:1999,||||||||Japan||,Japan,culture,0.55,true,country.8820,Japan,138.59223,36.386493,1.0,country:1.00,matched,2026-04-27T16:46:48Z
192800,European Sculpture and Decorative Arts,1750,1770,1760,1500:1999,||||||||||British,Britain,department||artistNationality,0.53,true,country.8783,United Kingdom,-2.36967,54.237933,1.0,country:1.00,matched,2026-04-27T16:46:31Z
671537,European Sculpture and Decorative Arts,1670,1680,1675,1500:1999,||||||||||British,Britain,department||artistNationality,0.53,true,country.8783,United Kingdom,-2.36967,54.237933,1.0,country:1.00,matched,2026-04-27T16:46:31Z
449623,Islamic Art,800,999,899,500:999,Nishapur||||||Iran||||,"Nishapur, Iran",city||country,0.88,true,place.1878126,"Nishapur County, Razavi Khorasan, Iran",58.79233,36.21129,0.95,place:0.95,matched,2026-04-27T16:46:56Z
449402,Islamic Art,775,850,812,500:999,Nishapur||||||Iran||||,"Nishapur, Iran",city||country,0.88,true,place.1878126,"Nishapur County, Razavi Khorasan, Iran",58.79233,36.21129,0.95,place:0.95,matched,2026-04-27T16:46:56Z
199542,European Sculpture and Decorative Arts,1760,1770,1765,1500:1999,||||||||||,,none,0.00,false,,,,,,,,
187750,European Sculpture and Decorative Arts,1695,1705,1700,1500:1999,||||||||||,,none,0.00,false,,,,,,,,
46893,Asian Art,1736,1795,1765,1500:1999,||||||||China||,China,culture,0.55,true,country.8753,People's Republic of China,101.901875,35.486703,1.0,country:1.00,matched,2026-04-27T16:46:34Z
52300,Asian Art,1615,1699,1657,1500:1999,||||||||Japan||,Japan,culture,0.55,true,country.8820,Japan,138.59223,36.386493,1.0,country:1.00,matched,2026-04-27T16:46:48Z
453349,Islamic Art,1175,1225,1200,1000:1499,||||||Iran||||,Iran,country,0.70,true,country.8814,Iran,54.301374,32.565838,1.0,country:1.00,matched,2026-04-27T16:46:46Z
46713,Asian Art,1700,1799,1749,1500:1999,||||||||China||,China,culture,0.55,true,country.8753,People's Republic of China,101.901875,35.486703,1.0,country:1.00,matched,2026-04-27T16:46:34Z
308459,The Michael C. Rockefeller Wing,-700,-300,-500,-500:-1,||||Ica Valley||Peru||Topará||,"Ica Valley, Peru, Peru",region||country,0.70,true,place.5556400,"Ica District, Ica, Peru",-75.729645,-14.063716,0.592593,place:0.59,matched,2026-04-27T16:46:45Z
52033,Asian Art,1662,1722,1692,1500:1999,||||||||China||,China,culture,0.55,true,country.8753,People's Republic of China,101.901875,35.486703,1.0,country:1.00,matched,2026-04-27T16:46:34Z
205100,European Sculpture and Decorative Arts,1776,1786,1781,1500:1999,||||||||||,,none,0.00,false,,,,,,,,
451871,Islamic Art,1600,1699,1649,1500:1999,||||||Iran||||,Iran,country,0.70,true,country.8814,Iran,54.301374,32.565838,1.0,country:1.00,matched,2026-04-27T16:46:46Z
46541,Asian Art,1723,1735,1729,1500:1999,||||||||China||,China,culture,0.55,true,country.8753,People's Republic of China,101.901875,35.486703,1.0,country:1.00,matched,2026-04-27T16:46:34Z
47510,Asian Art,1767,1833,1800,1500:1999,||||||||China||,China,culture,0.55,true,country.8753,People's Republic of China,101.901875,35.486703,1.0,country:1.00,matched,2026-04-27T16:46:34Z
42370,Asian Art,1734,1766,1750,1500:1999,||||||||China||,China,culture,0.55,true,country.8753,People's Republic of China,101.901875,35.486703,1.0,country:1.00,matched,2026-04-27T16:46:34Z
47869,Asian Art,1850,1850,1850,1500:1999,||||||||Japan||,Japan,culture,0.55,true,country.8820,Japan,138.59223,36.386493,1.0,country:1.00,matched,2026-04-27T16:46:48Z
449420,Islamic Art,700,899,799,500:999,Nishapur||||||Iran||||,"Nishapur, Iran",city||country,0.88,true,place.1878126,"Nishapur County, Razavi Khorasan, Iran",58.79233,36.21129,0.95,place:0.95,matched,2026-04-27T16:46:56Z
46546,Asian Art,1700,1722,1711,1500:1999,||||||||China||,China,culture,0.55,true,country.8753,People's Republic of China,101.901875,35.486703,1.0,country:1.00,matched,2026-04-27T16:46:34Z
46948,Asian Art,1700,1799,1749,1500:1999,||||||||China||,China,culture,0.55,true,country.8753,People's Republic of China,101.901875,35.486703,1.0,country:1.00,matched,2026-04-27T16:46:34Z
203278,European Sculpture and Decorative Arts,1645,1705,1675,1500:1999,||||||||||German,Germany,department||artistNationality,0.53,true,country.8762,Germany,10.018343,51.133481,1.0,country:1.00,matched,2026-04-27T16:46:43Z
63085,Asian Art,1235,1255,1245,1000:1499,||||||||Japan||Japanese,Japan,culture,0.55,true,country.8820,Japan,138.59223,36.386493,1.0,country:1.00,matched,2026-04-27T16:46:48Z
44428,Asian Art,-2300,-2000,-2150,-2500:-2001,||||||||China||,China,culture,0.55,true,country.8753,People's Republic of China,101.901875,35.486703,1.0,country:1.00,matched,2026-04-27T16:46:34Z
48573,Asian Art,1800,1849,1824,1500:1999,||||||||China||,China,culture,0.55,true,country.8753,People's Republic of China,101.901875,35.486703,1.0,country:1.00,matched,2026-04-27T16:46:34Z
201408,European Sculpture and Decorative Arts,1740,1755,1747,1500:1999,||||||||||French,France,department||artistNationality,0.53,true,country.8781,France,2.618787,47.824905,1.0,country:1.00,matched,2026-04-27T16:46:43Z
47866,Asian Art,1700,1735,1717,1500:1999,||||||||China||,China,culture,0.55,true,country.8753,People's Republic of China,101.901875,35.486703,1.0,country:1.00,matched,2026-04-27T16:46:34Z
449880,Islamic Art,1000,1099,1049,1000:1499,Nishapur||||||Iran||||,"Nishapur, Iran",city||country,0.88,true,place.1878126,"Nishapur County, Razavi Khorasan, Iran",58.79233,36.21129,0.95,place:0.95,matched,2026-04-27T16:46:56Z
49360,Asian Art,1736,1795,1765,1500:1999,||||||||China||,China,culture,0.55,true,country.8753,People's Republic of China,101.901875,35.486703,1.0,country:1.00,matched,2026-04-27T16:46:34Z
50350,Asian Art,1634,1766,1700,1500:1999,||||||||Japan||,Japan,culture,0.55,true,country.8820,Japan,138.59223,36.386493,1.0,country:1.00,matched,2026-04-27T16:46:48Z
48655,Asian Art,1736,1795,1765,1500:1999,||||||||China||,China,culture,0.55,true,country.8753,People's Republic of China,101.901875,35.486703,1.0,country:1.00,matched,2026-04-27T16:46:34Z
463529,Medieval Art,1400,1430,1415,1000:1499,probably Orvieto||Umbria||||Italy||Italian||,"Orvieto, Umbria, Italy",city||state||country,0.75,true,region.1475696,"Umbria, Italy",12.38901,43.111961,0.666667,region:0.67,matched,2026-04-27T16:46:58Z
239355,European Sculpture and Decorative Arts,1886,1896,1891,1500:1999,||||||||||French,France,department||artistNationality,0.53,true,country.8781,France,2.618787,47.824905,1.0,country:1.00,matched,2026-04-27T16:46:43Z
47402,Asian Art,1700,1799,1749,1500:1999,||||||||China||,China,culture,0.55,true,country.8753,People's Republic of China,101.901875,35.486703,1.0,country:1.00,matched,2026-04-27T16:46:34Z
316782,The Michael C. Rockefeller Wing,700,1200,950,500:999,||Cocle Province||||Panama||Coclé (Macaracas)||,"Cocle Province, Panama, Panama",state||country,0.72,true,place.452783,"Panama City, Panamá, Panama",-79.52339,8.982861,0.738444,place:0.74,matched,2026-04-27T16:46:35Z
42308,Asian Art,1471,1499,1485,1000:1499,||||||||Korea||,Korea,culture,0.55,true,country.8828,South Korea,128.168944,36.536236,1.0,country:1.00,matched,2026-04-27T16:46:49Z
46987,Asian Art,1740,1760,1750,1500:1999,||||||||Japan||,Japan,culture,0.55,true,country.8820,Japan,138.59223,36.386493,1.0,country:1.00,matched,2026-04-27T16:46:48Z
39524,Asian Art,667,699,683,500:999,||||||||China||,China,culture,0.55,true,country.8753,People's Republic of China,101.901875,35.486703,1.0,country:1.00,matched,2026-04-27T16:46:34Z
197220,European Sculpture and Decorative Arts,1500,1650,1575,1500:1999,||||||||||,,none,0.00,false,,,,,,,,
49316,Asian Art,1667,1699,1683,1500:1999,||||||||Japan||,Japan,culture,0.55,true,country.8820,Japan,138.59223,36.386493,1.0,country:1.00,matched,2026-04-27T16:46:48Z
48316,Asian Art,618,799,708,500:999,||||||||China||,China,culture,0.55,true,country.8753,People's Republic of China,101.901875,35.486703,1.0,country:1.00,matched,2026-04-27T16:46:34Z
307619,The Michael C. Rockefeller Wing,-700,-400,-550,-1000:-501,||||||Peru||Paracas||,Peru,country,0.70,true,country.8880,Peru,-75.311132,-10.151093,1.0,country:1.00,matched,2026-04-27T16:47:00Z
308627,The Michael C. Rockefeller Wing,-500,-100,-300,-500:-1,||||||Peru||Paracas||,Peru,country,0.70,true,country.8880,Peru,-75.311132,-10.151093,1.0,country:1.00,matched,2026-04-27T16:47:00Z
308303,The Michael C. Rockefeller Wing,-600,-300,-450,-500:-1,||||||Peru||Paracas||,Peru,country,0.70,true,country.8880,Peru,-75.311132,-10.151093,1.0,country:1.00,matched,2026-04-27T16:47:00Z
444463,Islamic Art,1650,1699,1674,1500:1999,||||||Iran||||,Iran,country,0.70,true,country.8814,Iran,54.301374,32.565838,1.0,country:1.00,matched,2026-04-27T16:46:46Z
49850,Asian Art,1644,1911,1777,1500:1999,||||||||China||,China,culture,0.55,true,country.8753,People's Republic of China,101.901875,35.486703,1.0,country:1.00,matched,2026-04-27T16:46:34Z
46791,Asian Art,1700,1799,1749,1500:1999,||||||||China||,China,culture,0.55,true,country.8753,People's Republic of China,101.901875,35.486703,1.0,country:1.00,matched,2026-04-27T16:46:34Z
42469,Asian Art,1100,1234,1167,1000:1499,||||||||China||,China,culture,0.55,true,country.8753,People's Republic of China,101.901875,35.486703,1.0,country:1.00,matched,2026-04-27T16:46:34Z
468168,Medieval Art,1400,1450,1425,1000:1499,Florence||Tuscany||||Italy||Italian||,"Florence, Tuscany, Italy",city||state||country,0.95,true,place.22481008,"Florence, Florence, Italy",11.256129,43.771484,0.666667,place:0.67,matched,2026-04-27T16:46:42Z
50819,Asian Art,1736,1795,1765,1500:1999,||||||||China||,China,culture,0.55,true,country.8753,People's Republic of China,101.901875,35.486703,1.0,country:1.00,matched,2026-04-27T16:46:34Z
47062,Asian Art,1668,1722,1695,1500:1999,||||||||China||,China,culture,0.55,true,country.8753,People's Republic of China,101.901875,35.486703,1.0,country:1.00,matched,2026-04-27T16:46:34Z
199285,European Sculpture and Decorative Arts,1770,1775,1772,1500:1999,||||||||||German,Germany,department||artistNationality,0.53,true,country.8762,Germany,10.018343,51.133481,1.0,country:1.00,matched,2026-04-27T16:46:43Z
314523,The Michael C. Rockefeller Wing,-100,100,0,0:499,||||Mesoamerica||Guatemala||Maya||,"Mesoamerica, Guatemala",region||country,0.70,true,country.8797,Guatemala,-90.390002,15.605589,0.5,country:0.50,matched,2026-04-27T16:46:53Z
62905,Asian Art,1600,1699,1649,1500:1999,||||||||Japan||,Japan,culture,0.55,true,country.8820,Japan,138.59223,36.386493,1.0,country:1.00,matched,2026-04-27T16:46:48Z
448826,Islamic Art,200,699,449,0:499,Ctesiphon||||||Iraq||||,"Ctesiphon, Iraq",city||country,0.88,true,country.8813,Iraq,43.404716,33.048056,0.5,country:0.50,matched,2026-04-27T16:46:37Z
48621,Asian Art,1700,1799,1749,1500:1999,||||||||China||,China,culture,0.55,true,country.8753,People's Republic of China,101.901875,35.486703,1.0,country:1.00,matched,2026-04-27T16:46:34Z
451879,Islamic Art,1100,1199,1149,1000:1499,||||||Iran||||,Iran,country,0.70,true,country.8814,Iran,54.301374,32.565838,1.0,country:1.00,matched,2026-04-27T16:46:46Z
42400,Asian Art,800,899,849,500:999,||||||||China||,China,culture,0.55,true,country.8753,People's Republic of China,101.901875,35.486703,1.0,country:1.00,matched,2026-04-27T16:46:34Z
47682,Asian Art,1800,1899,1849,1500:1999,||||||||Japan||,Japan,culture,0.55,true,country.8820,Japan,138.59223,36.386493,1.0,country:1.00,matched,2026-04-27T16:46:48Z
62697,Asian Art,1800,1899,1849,1500:1999,||||||||Japan||,Japan,culture,0.55,true,country.8820,Japan,138.59223,36.386493,1.0,country:1.00,matched,2026-04-27T16:46:48Z
670990,Asian Art,1500,1573,1536,1500:1999,||||||||Japan||,Japan,culture,0.55,true,country.8820,Japan,138.59223,36.386493,1.0,country:1.00,matched,2026-04-27T16:46:48Z
51232,Asian Art,1800,1899,1849,1500:1999,||||||||China||,China,culture,0.55,true,country.8753,People's Republic of China,101.901875,35.486703,1.0,country:1.00,matched,2026-04-27T16:46:34Z
205922,European Sculpture and Decorative Arts,1730,1740,1735,1500:1999,||||||||||German,Germany,department||artistNationality,0.53,true,country.8762,Germany,10.018343,51.133481,1.0,country:1.00,matched,2026-04-27T16:46:43Z
42550,Asian Art,1522,1566,1544,1500:1999,||||||||China||,China,culture,0.55,true,country.8753,People's Republic of China,101.901875,35.486703,1.0,country:1.00,matched,2026-04-27T16:46:34Z
42354,Asian Art,1634,1699,1666,1500:1999,||||||||China||,China,culture,0.55,true,country.8753,People's Republic of China,101.901875,35.486703,1.0,country:1.00,matched,2026-04-27T16:46:34Z
47203,Asian Art,1620,1620,1620,1500:1999,||||||||Japan||,Japan,culture,0.55,true,country.8820,Japan,138.59223,36.386493,1.0,country:1.00,matched,2026-04-27T16:46:48Z
48772,Asian Art,1800,1899,1849,1500:1999,||||||||China||,China,culture,0.55,true,country.8753,People's Republic of China,101.901875,35.486703,1.0,country:1.00,matched,2026-04-27T16:46:34Z
448186,Islamic Art,700,899,799,500:999,||||||Iran||||,Iran,country,0.70,true,country.8814,Iran,54.301374,32.565838,1.0,country:1.00,matched,2026-04-27T16:46:46Z
45847,Asian Art,1667,1733,1700,1500:1999,||||||||China||,China,culture,0.55,true,country.8753,People's Republic of China,101.901875,35.486703,1.0,country:1.00,matched,2026-04-27T16:46:34Z
206393,European Sculpture and Decorative Arts,1785,1799,1792,1500:1999,||||||||||German,Germany,department||artistNationality,0.53,true,country.8762,Germany,10.018343,51.133481,1.0,country:1.00,matched,2026-04-27T16:46:43Z
194582,European Sculpture and Decorative Arts,1755,1765,1760,1500:1999,||||||||||,,none,0.00,false,,,,,,,,
46627,Asian Art,1867,1899,1883,1500:1999,||||||||Japan||Japanese,Japan,culture,0.55,true,country.8820,Japan,138.59223,36.386493,1.0,country:1.00,matched,2026-04-27T16:46:48Z
308723,The Michael C. Rockefeller Wing,-500,-200,-350,-500:-1,||||Ica Valley||Peru||Paracas||,"Ica Valley, Peru, Peru",region||country,0.70,true,place.5556400,"Ica District, Ica, Peru",-75.729645,-14.063716,0.592593,place:0.59,matched,2026-04-27T16:46:45Z
185900,European Sculpture and Decorative Arts,1705,1725,1715,1500:1999,||||||||||,,none,0.00,false,,,,,,,,
447130,Islamic Art,1300,1399,1349,1000:1499,||||||Iran||||,Iran,country,0.70,true,country.8814,Iran,54.301374,32.565838,1.0,country:1.00,matched,2026-04-27T16:46:46Z
47137,Asian Art,1800,1899,1849,1500:1999,||||||||Japan||,Japan,culture,0.55,true,country.8820,Japan,138.59223,36.386493,1.0,country:1.00,matched,2026-04-27T16:46:48Z
449659,Islamic Art,800,999,899,500:999,Nishapur||||||Iran||||,"Nishapur, Iran",city||country,0.88,true,place.1878126,"Nishapur County, Razavi Khorasan, Iran",58.79233,36.21129,0.95,place:0.95,matched,2026-04-27T16:46:56Z
48771,Asian Art,1662,1722,1692,1500:1999,||||||||China||,China,culture,0.55,true,country.8753,People's Republic of China,101.901875,35.486703,1.0,country:1.00,matched,2026-04-27T16:46:34Z
44690,Asian Art,-2500,-2000,-2250,-2500:-2001,||||||||China||,China,culture,0.55,true,country.8753,People's Republic of China,101.901875,35.486703,1.0,country:1.00,matched,2026-04-27T16:46:34Z
468398,Medieval Art,1475,1525,1500,1500:1999,||probably Surrey||||England||British||,"Surrey, England, England",state||country,0.52,true,district.1222223,"Surrey, England, United Kingdom",-0.205921,51.23765,0.666667,district:0.67,matched,2026-04-27T16:47:08Z
62598,Asian Art,1700,1799,1749,1500:1999,||||||||Japan||,Japan,culture,0.55,true,country.8820,Japan,138.59223,36.386493,1.0,country:1.00,matched,2026-04-27T16:46:48Z
48254,Asian Art,1800,1899,1849,1500:1999,||||||||China||,China,culture,0.55,true,country.8753,People's Republic of China,101.901875,35.486703,1.0,country:1.00,matched,2026-04-27T16:46:34Z
46642,Asian Art,1767,1799,1783,1500:1999,||||||||China||,China,culture,0.55,true,country.8753,People's Republic of China,101.901875,35.486703,1.0,country:1.00,matched,2026-04-27T16:46:34Z
47149,Asian Art,1700,1799,1749,1500:1999,||||||||Japan||,Japan,culture,0.55,true,country.8820,Japan,138.59223,36.386493,1.0,country:1.00,matched,2026-04-27T16:46:48Z
204370,European Sculpture and Decorative Arts,1800,1899,1849,1500:1999,||||||||||,,none,0.00,false,,,,,,,,
309387,The Michael C. Rockefeller Wing,100,300,200,0:499,||||||Peru||Vicús||,Peru,country,0.70,true,country.8880,Peru,-75.311132,-10.151093,1.0,country:1.00,matched,2026-04-27T16:47:00Z
45880,Asian Art,1662,1722,1692,1500:1999,||||||||China||,China,culture,0.55,true,country.8753,People's Republic of China,101.901875,35.486703,1.0,country:1.00,matched,2026-04-27T16:46:34Z
204383,European Sculpture and Decorative Arts,1800,1899,1849,1500:1999,||||||||||,,none,0.00,false,,,,,,,,
48128,Asian Art,1667,1733,1700,1500:1999,||||||||China||,China,culture,0.55,true,country.8753,People's Republic of China,101.901875,35.486703,1.0,country:1.00,matched,2026-04-27T16:46:34Z
308441,The Michael C. Rockefeller Wing,-700,-300,-500,-500:-1,||||||Peru||Paracas||,Peru,country,0.70,true,country.8880,Peru,-75.311132,-10.151093,1.0,country:1.00,matched,2026-04-27T16:47:00Z
449418,Islamic Art,800,899,849,500:999,Nishapur||||||Iran||||,"Nishapur, Iran",city||country,0.88,true,place.1878126,"Nishapur County, Razavi Khorasan, Iran",58.79233,36.21129,0.95,place:0.95,matched,2026-04-27T16:46:56Z
47108,Asian Art,1840,1840,1840,1500:1999,||||||||Japan||,Japan,culture,0.55,true,country.8820,Japan,138.59223,36.386493,1.0,country:1.00,matched,2026-04-27T16:46:48Z
39576,Asian Art,1600,1699,1649,1500:1999,||||||||Japan||Japanese,Japan,culture,0.55,true,country.8820,Japan,138.59223,36.386493,1.0,country:1.00,matched,2026-04-27T16:46:48Z
52930,Asian Art,1736,1795,1765,1500:1999,||||||||China||,China,culture,0.55,true,country.8753,People's Republic of China,101.901875,35.486703,1.0,country:1.00,matched,2026-04-27T16:46:34Z
52711,Asian Art,1426,1435,1430,1000:1499,||||||||China||,China,culture,0.55,true,country.8753,People's Republic of China,101.901875,35.486703,1.0,country:1.00,matched,2026-04-27T16:46:34Z
471747,The Cloisters,1500,1599,1549,1500:1999,probably Manises||Valencia||||Spain||Spanish||,"Manises, Valencia, Spain, Valencia, Spain",city||state||country,0.75,true,place.35178566,"Manises, Valencia, Spain",-0.462126,39.493927,1.0,place:1.00,matched,2026-04-27T16:46:52Z
308426,The Michael C. Rockefeller Wing,-700,-300,-500,-500:-1,||||||Peru||Paracas||,Peru,country,0.70,true,country.8880,Peru,-75.311132,-10.151093,1.0,country:1.00,matched,2026-04-27T16:47:00Z
308456,The Michael C. Rockefeller Wing,-200,-100,-150,-500:-1,||||||Peru||Nasca||,Peru,country,0.70,true,country.8880,Peru,-75.311132,-10.151093,1.0,country:1.00,matched,2026-04-27T16:47:00Z
309360,The Michael C. Rockefeller Wing,200,700,450,0:499,||||||Peru||Moche||,Peru,country,0.70,true,country.8880,Peru,-75.311132,-10.151093,1.0,country:1.00,matched,2026-04-27T16:47:00Z
770934,European Sculpture and Decorative Arts,1880,1880,1880,1500:1999,||||||||||British,Britain,department||artistNationality,0.53,true,country.8783,United Kingdom,-2.36967,54.237933,1.0,country:1.00,matched,2026-04-27T16:46:31Z
42541,Asian Art,1522,1566,1544,1500:1999,||||||||China||,China,culture,0.55,true,country.8753,People's Republic of China,101.901875,35.486703,1.0,country:1.00,matched,2026-04-27T16:46:34Z
52021,Asian Art,1723,1735,1729,1500:1999,||||||||China||,China,culture,0.55,true,country.8753,People's Republic of China,101.901875,35.486703,1.0,country:1.00,matched,2026-04-27T16:46:34Z
444873,Islamic Art,1800,1899,1849,1500:1999,||||||Turkey||||,Turkey,country,0.70,true,country.8932,Türkiye,35.179593,39.060481,1.0,country:1.00,matched,2026-04-27T16:47:11Z
48640,Asian Art,1568,1599,1583,1500:1999,||||||||China||,China,culture,0.55,true,country.8753,People's Republic of China,101.901875,35.486703,1.0,country:1.00,matched,2026-04-27T16:46:34Z
309353,The Michael C. Rockefeller Wing,200,600,400,0:499,||||||Peru||Moche||,Peru,country,0.70,true,country.8880,Peru,-75.311132,-10.151093,1.0,country:1.00,matched,2026-04-27T16:47:00Z
446283,Islamic Art,1050,1199,1124,1000:1499,||||||Iran||||,Iran,country,0.70,true,country.8814,Iran,54.301374,32.565838,1.0,country:1.00,matched,2026-04-27T16:46:46Z
47254,Asian Art,1700,1750,1725,1500:1999,||||||||Japan||,Japan,culture,0.55,true,country.8820,Japan,138.59223,36.386493,1.0,country:1.00,matched,2026-04-27T16:46:48Z
208035,European Sculpture and Decorative Arts,1880,1890,1885,1500:1999,||||||||||,,none,0.00,false,,,,,,,,
48285,Asian Art,1667,1733,1700,1500:1999,||||||||China||,China,culture,0.55,true,country.8753,People's Republic of China,101.901875,35.486703,1.0,country:1.00,matched,2026-04-27T16:46:34Z
770951,European Sculpture and Decorative Arts,1870,1870,1870,1500:1999,||||||||||British,Britain,department||artistNationality,0.53,true,country.8783,United Kingdom,-2.36967,54.237933,1.0,country:1.00,matched,2026-04-27T16:46:31Z
63084,Asian Art,1690,1710,1700,1500:1999,||||||||Japan||,Japan,culture,0.55,true,country.8820,Japan,138.59223,36.386493,1.0,country:1.00,matched,2026-04-27T16:46:48Z
309439,The Michael C. Rockefeller Wing,300,700,500,500:999,||||||Peru||Moche||,Peru,country,0.70,true,country.8880,Peru,-75.311132,-10.151093,1.0,country:1.00,matched,2026-04-27T16:47:00Z
205328,European Sculpture and Decorative Arts,1755,1765,1760,1500:1999,||||||||||British,Britain,department||artistNationality,0.53,true,country.8783,United Kingdom,-2.36967,54.237933,1.0,country:1.00,matched,2026-04-27T16:46:31Z
208806,European Sculpture and Decorative Arts,1800,1899,1849,1500:1999,||||||||||,,none,0.00,false,,,,,,,,
49319,Asian Art,1667,1733,1700,1500:1999,||||||||Japan||,Japan,culture,0.55,true,country.8820,Japan,138.59223,36.386493,1.0,country:1.00,matched,2026-04-27T16:46:48Z
309518,The Michael C. Rockefeller Wing,-1200,-800,-1000,-1000:-501,||||North Coast||Peru||Cupisnique||,Peru,country,0.70,true,country.8880,Peru,-75.311132,-10.151093,1.0,country:1.00,matched,2026-04-27T16:47:00Z
48411,Asian Art,1271,1299,1285,1000:1499,||||||||China||,China,culture,0.55,true,country.8753,People's Republic of China,101.901875,35.486703,1.0,country:1.00,matched,2026-04-27T16:46:34Z
450480,Islamic Art,1650,1699,1674,1500:1999,||||||Iran||||,Iran,country,0.70,true,country.8814,Iran,54.301374,32.565838,1.0,country:1.00,matched,2026-04-27T16:46:46Z
47395,Asian Art,1740,1760,1750,1500:1999,||||||||Japan||,Japan,culture,0.55,true,country.8820,Japan,138.59223,36.386493,1.0,country:1.00,matched,2026-04-27T16:46:48Z
42424,Asian Art,1689,1712,1700,1500:1999,||||||||China||,China,culture,0.55,true,country.8753,People's Republic of China,101.901875,35.486703,1.0,country:1.00,matched,2026-04-27T16:46:34Z
771035,European Sculpture and Decorative Arts,1884,1884,1884,1500:1999,||||||||||British,Britain,department||artistNationality,0.53,true,country.8783,United Kingdom,-2.36967,54.237933,1.0,country:1.00,matched,2026-04-27T16:46:31Z
308584,The Michael C. Rockefeller Wing,-500,-300,-400,-500:-1,||||Ica Valley||Peru||Paracas||,"Ica Valley, Peru, Peru",region||country,0.70,true,place.5556400,"Ica District, Ica, Peru",-75.729645,-14.063716,0.592593,place:0.59,matched,2026-04-27T16:46:45Z
468526,The Cloisters,1435,1475,1455,1000:1499,probably Manises||Valencia||||Spain||Spanish||,"Manises, Valencia, Spain, Valencia, Spain",city||state||country,0.75,true,place.35178566,"Manises, Valencia, Spain",-0.462126,39.493927,1.0,place:1.00,matched,2026-04-27T16:46:52Z
449067,Islamic Art,800,999,899,500:999,Nishapur||||||Iran||||,"Nishapur, Iran",city||country,0.88,true,place.1878126,"Nishapur County, Razavi Khorasan, Iran",58.79233,36.21129,0.95,place:0.95,matched,2026-04-27T16:46:56Z
57438,Asian Art,1800,1899,1849,1500:1999,||||||||Korea||,Korea,culture,0.55,true,country.8828,South Korea,128.168944,36.536236,1.0,country:1.00,matched,2026-04-27T16:46:49Z
208122,European Sculpture and Decorative Arts,1735,1740,1737,1500:1999,||||||||||,,none,0.00,false,,,,,,,,
47723,Asian Art,1700,1799,1749,1500:1999,||||||||China||,China,culture,0.55,true,country.8753,People's Republic of China,101.901875,35.486703,1.0,country:1.00,matched,2026-04-27T16:46:34Z
199273,European Sculpture and Decorative Arts,1763,1766,1764,1500:1999,||||||||||German,Germany,department||artistNationality,0.53,true,country.8762,Germany,10.018343,51.133481,1.0,country:1.00,matched,2026-04-27T16:46:43Z
62694,Asian Art,1700,1799,1749,1500:1999,||||||||Japan||,Japan,culture,0.55,true,country.8820,Japan,138.59223,36.386493,1.0,country:1.00,matched,2026-04-27T16:46:48Z
42192,Asian Art,1734,1766,1750,1500:1999,||||||||China||,China,culture,0.55,true,country.8753,People's Republic of China,101.901875,35.486703,1.0,country:1.00,matched,2026-04-27T16:46:34Z
199752,European Sculpture and Decorative Arts,1490,1515,1502,1500:1999,||||||||||,,none,0.00,false,,,,,,,,
199261,European Sculpture and Decorative Arts,1779,1779,1779,1500:1999,||||||||||German,Germany,department||artistNationality,0.53,true,country.8762,Germany,10.018343,51.133481,1.0,country:1.00,matched,2026-04-27T16:46:43Z
449557,Islamic Art,800,899,849,500:999,Nishapur||||||Iran||||,"Nishapur, Iran",city||country,0.88,true,place.1878126,"Nishapur County, Razavi Khorasan, Iran",58.79233,36.21129,0.95,place:0.95,matched,2026-04-27T16:46:56Z
446673,Islamic Art,1100,1299,1199,1000:1499,near Raqqa||||||Syria||||,"Raqqa, Syria, Syria",city||country,0.88,true,place.13035735,"Raqqa, Al-Raqqah, Syria",39.008921,35.949678,0.666667,place:0.67,matched,2026-04-27T16:47:02Z
231832,European Sculpture and Decorative Arts,1880,1900,1890,1500:1999,||||||||||French,France,department||artistNationality,0.53,true,country.8781,France,2.618787,47.824905,1.0,country:1.00,matched,2026-04-27T16:46:43Z
44427,Asian Art,-2300,-2000,-2150,-2500:-2001,||||||||China||,China,culture,0.55,true,country.8753,People's Republic of China,101.901875,35.486703,1.0,country:1.00,matched,2026-04-27T16:46:34Z
308492,The Michael C. Rockefeller Wing,-300,-200,-250,-500:-1,||||Ica Valley||Peru||Paracas||,"Ica Valley, Peru, Peru",region||country,0.70,true,place.5556400,"Ica District, Ica, Peru",-75.729645,-14.063716,0.592593,place:0.59,matched,2026-04-27T16:46:45Z
770922,European Sculpture and Decorative Arts,1872,1872,1872,1500:1999,||||||||||British,Britain,department||artistNationality,0.53,true,country.8783,United Kingdom,-2.36967,54.237933,1.0,country:1.00,matched,2026-04-27T16:46:31Z
444507,Islamic Art,1600,1699,1649,1500:1999,||||||Iran||||,Iran,country,0.70,true,country.8814,Iran,54.301374,32.565838,1.0,country:1.00,matched,2026-04-27T16:46:46Z
308530,The Michael C. Rockefeller Wing,100,500,300,0:499,||||||Peru||Moche||,Peru,country,0.70,true,country.8880,Peru,-75.311132,-10.151093,1.0,country:1.00,matched,2026-04-27T16:47:00Z
49189,Asian Art,1567,1633,1600,1500:1999,||||||||China||,China,culture,0.55,true,country.8753,People's Republic of China,101.901875,35.486703,1.0,country:1.00,matched,2026-04-27T16:46:34Z
451361,Islamic Art,1175,1225,1200,1000:1499,Raqqa||||||Syria||||,"Raqqa, Syria",city||country,0.88,true,place.13035735,"Raqqa, Al-Raqqah, Syria",39.008921,35.949678,1.0,place:1.00,matched,2026-04-27T16:47:01Z
52304,Asian Art,1615,1868,1741,1500:1999,||||||||Japan||,Japan,culture,0.55,true,country.8820,Japan,138.59223,36.386493,1.0,country:1.00,matched,2026-04-27T16:46:48Z
46946,Asian Art,1723,1735,1729,1500:1999,||||||||China||,China,culture,0.55,true,country.8753,People's Republic of China,101.901875,35.486703,1.0,country:1.00,matched,2026-04-27T16:46:34Z
197571,European Sculpture and Decorative Arts,1750,1760,1755,1500:1999,||||||||||,,none,0.00,false,,,,,,,,
449744,Islamic Art,700,899,799,500:999,Nishapur||||||Iran||||,"Nishapur, Iran",city||country,0.88,true,place.1878126,"Nishapur County, Razavi Khorasan, Iran",58.79233,36.21129,0.95,place:0.95,matched,2026-04-27T16:46:56Z
308648,The Michael C. Rockefeller Wing,-500,-100,-300,-500:-1,||||||Peru||Paracas||,Peru,country,0.70,true,country.8880,Peru,-75.311132,-10.151093,1.0,country:1.00,matched,2026-04-27T16:47:00Z
452920,Islamic Art,700,799,749,500:999,||||||Iran or Iraq||||,Iran,country,0.50,true,country.8814,Iran,54.301374,32.565838,1.0,country:1.00,matched,2026-04-27T16:46:46Z
310193,The Michael C. Rockefeller Wing,400,700,550,500:999,||||||Peru||Moche||,Peru,country,0.70,true,country.8880,Peru,-75.311132,-10.151093,1.0,country:1.00,matched,2026-04-27T16:47:00Z
48637,Asian Art,1700,1733,1716,1500:1999,||||||||China||,China,culture,0.55,true,country.8753,People's Republic of China,101.901875,35.486703,1.0,country:1.00,matched,2026-04-27T16:46:34Z
51032,Asian Art,1662,1722,1692,1500:1999,||||||||China||,China,culture,0.55,true,country.8753,People's Republic of China,101.901875,35.486703,1.0,country:1.00,matched,2026-04-27T16:46:34Z
667254,Asian Art,1700,1780,1740,1500:1999,||||||||Japan||,Japan,culture,0.55,true,country.8820,Japan,138.59223,36.386493,1.0,country:1.00,matched,2026-04-27T16:46:48Z
45868,Asian Art,1573,1620,1596,1500:1999,||||||||China||,China,culture,0.55,true,country.8753,People's Republic of China,101.901875,35.486703,1.0,country:1.00,matched,2026-04-27T16:46:34Z
52046,Asian Art,1662,1722,1692,1500:1999,||||||||China||,China,culture,0.55,true,country.8753,People's Republic of China,101.901875,35.486703,1.0,country:1.00,matched,2026-04-27T16:46:34Z
47280,Asian Art,1700,1799,1749,1500:1999,||||||||Japan||,Japan,culture,0.55,true,country.8820,Japan,138.59223,36.386493,1.0,country:1.00,matched,2026-04-27T16:46:48Z
198941,European Sculpture and Decorative Arts,1543,1543,1543,1500:1999,||||||||||,,none,0.00,false,,,,,,,,
465831,Medieval Art,1300,1500,1400,1000:1499,||||||||European||,Europe,culture,0.55,true,place.125147,"Europa Island, Scattered Islands in the Indian Ocean, French Southern and Antarctic Lands",40.363333,-22.368333,0.88,place:0.88,matched,2026-04-27T16:46:41Z
63189,Asian Art,1800,1899,1849,1500:1999,||||||||Japan||,Japan,culture,0.55,true,country.8820,Japan,138.59223,36.386493,1.0,country:1.00,matched,2026-04-27T16:46:48Z
765030,Medieval Art,1430,1439,1434,1000:1499,Viterbo||Lazio||||Italy||Central Italian||,"Viterbo, Lazio, Italy",city||state||country,0.95,true,region.1483888,"Lazio, Italy",12.482932,41.89332,0.666667,region:0.67,matched,2026-04-27T16:47:14Z
47353,Asian Art,1800,1849,1824,1500:1999,||||||||Japan||,Japan,culture,0.55,true,country.8820,Japan,138.59223,36.386493,1.0,country:1.00,matched,2026-04-27T16:46:48Z
448968,Islamic Art,700,799,749,500:999,Qasr-i Abu Nasr||||||Iran||||,"Qasr-i Abu Nasr, Iran",city||country,0.88,true,country.8814,Iran,54.301374,32.565838,0.366667,country:0.37,matched,2026-04-27T16:47:01Z
44742,Asian Art,1300,1368,1334,1000:1499,||||||||China||,China,culture,0.55,true,country.8753,People's Republic of China,101.901875,35.486703,1.0,country:1.00,matched,2026-04-27T16:46:34Z
52810,Asian Art,1662,1722,1692,1500:1999,||||||||China||,China,culture,0.55,true,country.8753,People's Republic of China,101.901875,35.486703,1.0,country:1.00,matched,2026-04-27T16:46:34Z
461497,Robert Lehman Collection,1769,1805,1787,1500:1999,||||||||Chinese||,China,culture,0.55,true,country.8753,People's Republic of China,101.901875,35.486703,1.0,country:1.00,matched,2026-04-27T16:46:34Z
52753,Asian Art,1567,1599,1583,1500:1999,||||||||China||,China,culture,0.55,true,country.8753,People's Republic of China,101.901875,35.486703,1.0,country:1.00,matched,2026-04-27T16:46:34Z
42341,Asian Art,1671,1699,1685,1500:1999,||||||||China||,China,culture,0.55,true,country.8753,People's Republic of China,101.901875,35.486703,1.0,country:1.00,matched,2026-04-27T16:46:34Z
48595,Asian Art,1662,1722,1692,1500:1999,||||||||China||,China,culture,0.55,true,country.8753,People's Republic of China,101.901875,35.486703,1.0,country:1.00,matched,2026-04-27T16:46:34Z
308600,The Michael C. Rockefeller Wing,-500,-100,-300,-500:-1,||||||Peru||Paracas||,Peru,country,0.70,true,country.8880,Peru,-75.311132,-10.151093,1.0,country:1.00,matched,2026-04-27T16:47:00Z
449362,Islamic Art,800,899,849,500:999,Nishapur||||||Iran||||,"Nishapur, Iran",city||country,0.88,true,place.1878126,"Nishapur County, Razavi Khorasan, Iran",58.79233,36.21129,0.95,place:0.95,matched,2026-04-27T16:46:56Z
49825,Asian Art,1767,1833,1800,1500:1999,||||||||China||,China,culture,0.55,true,country.8753,People's Republic of China,101.901875,35.486703,1.0,country:1.00,matched,2026-04-27T16:46:34Z
63103,Asian Art,1615,1635,1625,1500:1999,||||||||Japan||,Japan,culture,0.55,true,country.8820,Japan,138.59223,36.386493,1.0,country:1.00,matched,2026-04-27T16:46:48Z
47720,Asian Art,1700,1799,1749,1500:1999,||||||||Japan||,Japan,culture,0.55,true,country.8820,Japan,138.59223,36.386493,1.0,country:1.00,matched,2026-04-27T16:46:48Z
310205,The Michael C. Rockefeller Wing,1300,1500,1400,1000:1499,||||||Peru||Inca-Chimú||,Peru,country,0.70,true,country.8880,Peru,-75.311132,-10.151093,1.0,country:1.00,matched,2026-04-27T16:47:00Z
63136,Asian Art,1700,1799,1749,1500:1999,||||||||Japan||,Japan,culture,0.55,true,country.8820,Japan,138.59223,36.386493,1.0,country:1.00,matched,2026-04-27T16:46:48Z
51179,Asian Art,1644,1911,1777,1500:1999,||||||||China||,China,culture,0.55,true,country.8753,People's Republic of China,101.901875,35.486703,1.0,country:1.00,matched,2026-04-27T16:46:34Z
312935,The Michael C. Rockefeller Wing,200,800,500,500:999,||||||Peru||Moche||,Peru,country,0.70,true,country.8880,Peru,-75.311132,-10.151093,1.0,country:1.00,matched,2026-04-27T16:47:00Z
449747,Islamic Art,800,899,849,500:999,Nishapur||||||Iran||||,"Nishapur, Iran",city||country,0.88,true,place.1878126,"Nishapur County, Razavi Khorasan, Iran",58.79233,36.21129,0.95,place:0.95,matched,2026-04-27T16:46:56Z
199415,European Sculpture and Decorative Arts,1740,1750,1745,1500:1999,||||||||||,,none,0.00,false,,,,,,,,
770941,European Sculpture and Decorative Arts,1870,1879,1874,1500:1999,||||||||||British,Britain,department||artistNationality,0.53,true,country.8783,United Kingdom,-2.36967,54.237933,1.0,country:1.00,matched,2026-04-27T16:46:31Z
37478,Asian Art,1400,1599,1499,1000:1499,||||||||Thailand (Si Satchanalai)||,"Si Satchanalai, Thailand",culture||country,0.55,true,place.6007005,"Si Satchanalai, Sukhothai, Thailand",99.80422,17.401382,1.0,place:1.00,matched,2026-04-27T16:47:06Z
53856,Asian Art,1800,1899,1849,1500:1999,||||||||China||,China,culture,0.55,true,country.8753,People's Republic of China,101.901875,35.486703,1.0,country:1.00,matched,2026-04-27T16:46:34Z
194587,European Sculpture and Decorative Arts,1700,1799,1749,1500:1999,||||||||||,,none,0.00,false,,,,,,,,
205919,European Sculpture and Decorative Arts,1725,1730,1727,1500:1999,||||||||||German,Germany,department||artistNationality,0.53,true,country.8762,Germany,10.018343,51.133481,1.0,country:1.00,matched,2026-04-27T16:46:43Z
444486,Islamic Art,1600,1799,1699,1500:1999,||||||Iran||||,Iran,country,0.70,true,country.8814,Iran,54.301374,32.565838,1.0,country:1.00,matched,2026-04-27T16:46:46Z
52067,Asian Art,1500,1599,1549,1500:1999,||||||||China||,China,culture,0.55,true,country.8753,People's Republic of China,101.901875,35.486703,1.0,country:1.00,matched,2026-04-27T16:46:34Z
49136,Asian Art,-2300,-2000,-2150,-2500:-2001,||||||||China||,China,culture,0.55,true,country.8753,People's Republic of China,101.901875,35.486703,1.0,country:1.00,matched,2026-04-27T16:46:34Z
667258,Asian Art,1700,1799,1749,1500:1999,||||||||Japan||,Japan,culture,0.55,true,country.8820,Japan,138.59223,36.386493,1.0,country:1.00,matched,2026-04-27T16:46:48Z
199372,European Sculpture and Decorative Arts,1755,1765,1760,1500:1999,||||||||||Russian,Russia,department||artistNationality,0.35,true,country.8898,Russia,96.669705,61.994573,1.0,country:1.00,matched,2026-04-27T16:47:04Z
62638,Asian Art,1800,1899,1849,1500:1999,||||||||Japan||,Japan,culture,0.55,true,country.8820,Japan,138.59223,36.386493,1.0,country:1.00,matched,2026-04-27T16:46:48Z
449555,Islamic Art,800,999,899,500:999,Nishapur||||||Iran||||,"Nishapur, Iran",city||country,0.88,true,place.1878126,"Nishapur County, Razavi Khorasan, Iran",58.79233,36.21129,0.95,place:0.95,matched,2026-04-27T16:46:56Z
308577,The Michael C. Rockefeller Wing,100,600,350,0:499,||||||Peru||Nasca||,Peru,country,0.70,true,country.8880,Peru,-75.311132,-10.151093,1.0,country:1.00,matched,2026-04-27T16:47:00Z
49268,Asian Art,1300,1399,1349,1000:1499,||||||||Japan||,Japan,culture,0.55,true,country.8820,Japan,138.59223,36.386493,1.0,country:1.00,matched,2026-04-27T16:46:48Z
47784,Asian Art,1840,1840,1840,1500:1999,||||||||Japan||,Japan,culture,0.55,true,country.8820,Japan,138.59223,36.386493,1.0,country:1.00,matched,2026-04-27T16:46:48Z
207123,European Sculpture and Decorative Arts,1725,1735,1730,1500:1999,||||||||||,,none,0.00,false,,,,,,,,
52942,Asian Art,1662,1722,1692,1500:1999,||||||||China||,China,culture,0.55,true,country.8753,People's Republic of China,101.901875,35.486703,1.0,country:1.00,matched,2026-04-27T16:46:34Z
42209,Asian Art,1700,1799,1749,1500:1999,||||||||China||,China,culture,0.55,true,country.8753,People's Republic of China,101.901875,35.486703,1.0,country:1.00,matched,2026-04-27T16:46:34Z
52400,Asian Art,1700,1799,1749,1500:1999,||||||||Japan||,Japan,culture,0.55,true,country.8820,Japan,138.59223,36.386493,1.0,country:1.00,matched,2026-04-27T16:46:48Z
49323,Asian Art,1667,1699,1683,1500:1999,||||||||Japan||,Japan,culture,0.55,true,country.8820,Japan,138.59223,36.386493,1.0,country:1.00,matched,2026-04-27T16:46:48Z
47295,Asian Art,1768,1833,1800,1500:1999,||||||||China||,China,culture,0.55,true,country.8753,People's Republic of China,101.901875,35.486703,1.0,country:1.00,matched,2026-04-27T16:46:34Z
62722,Asian Art,1880,1900,1890,1500:1999,||||||||Japan||Japanese,Japan,culture,0.55,true,country.8820,Japan,138.59223,36.386493,1.0,country:1.00,matched,2026-04-27T16:46:48Z
196601,European Sculpture and Decorative Arts,1700,1730,1715,1500:1999,||||||||||,,none,0.00,false,,,,,,,,
770973,European Sculpture and Decorative Arts,1870,1870,1870,1500:1999,||||||||||British,Britain,department||artistNationality,0.53,true,country.8783,United Kingdom,-2.36967,54.237933,1.0,country:1.00,matched,2026-04-27T16:46:31Z
47973,Asian Art,1860,1860,1860,1500:1999,||||||||Japan||,Japan,culture,0.55,true,country.8820,Japan,138.59223,36.386493,1.0,country:1.00,matched,2026-04-27T16:46:48Z
318291,The Michael C. Rockefeller Wing,800,1400,1100,1000:1499,||||||Colombia||Quimbaya||,Colombia,country,0.70,true,country.8754,Colombia,-73.129056,3.065088,1.0,country:1.00,matched,2026-04-27T16:46:36Z
47757,Asian Art,1700,1799,1749,1500:1999,||||||||Japan||,Japan,culture,0.55,true,country.8820,Japan,138.59223,36.386493,1.0,country:1.00,matched,2026-04-27T16:46:48Z
49833,Asian Art,1600,1649,1624,1500:1999,||||||||China||,China,culture,0.55,true,country.8753,People's Republic of China,101.901875,35.486703,1.0,country:1.00,matched,2026-04-27T16:46:34Z
319570,The Michael C. Rockefeller Wing,-775,-425,-600,-1000:-501,||||||Peru||Peruvian||,Peru,country,0.70,true,country.8880,Peru,-75.311132,-10.151093,1.0,country:1.00,matched,2026-04-27T16:47:00Z
50362,Asian Art,-206,220,7,0:499,||||||||China||,China,culture,0.55,true,country.8753,People's Republic of China,101.901875,35.486703,1.0,country:1.00,matched,2026-04-27T16:46:34Z
52806,Asian Art,1662,1722,1692,1500:1999,||||||||China||,China,culture,0.55,true,country.8753,People's Republic of China,101.901875,35.486703,1.0,country:1.00,matched,2026-04-27T16:46:34Z
62684,Asian Art,1700,1799,1749,1500:1999,||||||||Japan||,Japan,culture,0.55,true,country.8820,Japan,138.59223,36.386493,1.0,country:1.00,matched,2026-04-27T16:46:48Z
37558,Asian Art,1400,1599,1499,1000:1499,||||||||Vietnam||,Vietnam,culture,0.55,true,country.8948,Vietnam,108.339537,14.315424,1.0,country:1.00,matched,2026-04-27T16:47:14Z
770913,European Sculpture and Decorative Arts,1872,1872,1872,1500:1999,||||||||||British,Britain,department||artistNationality,0.53,true,country.8783,United Kingdom,-2.36967,54.237933,1.0,country:1.00,matched,2026-04-27T16:46:31Z
47806,Asian Art,1700,1799,1749,1500:1999,||||||||Japan||,Japan,culture,0.55,true,country.8820,Japan,138.59223,36.386493,1.0,country:1.00,matched,2026-04-27T16:46:48Z
449404,Islamic Art,775,825,800,500:999,Nishapur||||||Iran||||,"Nishapur, Iran",city||country,0.88,true,place.1878126,"Nishapur County, Razavi Khorasan, Iran",58.79233,36.21129,0.95,place:0.95,matched,2026-04-27T16:46:56Z
195780,European Sculpture and Decorative Arts,1842,1842,1842,1500:1999,||||||||||British,Britain,department||artistNationality,0.53,true,country.8783,United Kingdom,-2.36967,54.237933,1.0,country:1.00,matched,2026-04-27T16:46:31Z
316875,The Michael C. Rockefeller Wing,350,550,450,0:499,||||Mesoamerica||Mexico||Teotihuacan||,"Mesoamerica, Mexico",region||country,0.70,true,country.8863,Mexico,-102.532867,23.950464,0.5,country:0.50,matched,2026-04-27T16:46:53Z
50824,Asian Art,1662,1722,1692,1500:1999,||||||||China||,China,culture,0.55,true,country.8753,People's Republic of China,101.901875,35.486703,1.0,country:1.00,matched,2026-04-27T16:46:34Z
310601,The Michael C. Rockefeller Wing,200,700,450,0:499,||Ancash||||Peru||Recuay||,"Ancash, Peru, Peru",state||country,0.72,true,region.50352,"Ancash, Peru",-77.528998,-9.529851,1.0,region:1.00,matched,2026-04-27T16:46:28Z
309331,The Michael C. Rockefeller Wing,200,700,450,0:499,||||||Peru||Moche||,Peru,country,0.70,true,country.8880,Peru,-75.311132,-10.151093,1.0,country:1.00,matched,2026-04-27T16:47:00Z
316175,The Michael C. Rockefeller Wing,-800,-550,-675,-1000:-501,||Chiclayo||North Coast||Peru||Cupisnique||,"Chiclayo, Peru",state||country,0.72,true,place.2631856,"Chiclayo, Lambayeque, Peru",-79.838455,-6.771348,1.0,place:1.00,matched,2026-04-27T16:46:34Z
63122,Asian Art,1700,1799,1749,1500:1999,||||||||Japan||,Japan,culture,0.55,true,country.8820,Japan,138.59223,36.386493,1.0,country:1.00,matched,2026-04-27T16:46:48Z
206796,European Sculpture and Decorative Arts,1710,1720,1715,1500:1999,||||||||||,,none,0.00,false,,,,,,,,
51206,Asian Art,1271,1368,1319,1000:1499,||||||||China||,China,culture,0.55,true,country.8753,People's Republic of China,101.901875,35.486703,1.0,country:1.00,matched,2026-04-27T16:46:34Z
770969,European Sculpture and Decorative Arts,1873,1873,1873,1500:1999,||||||||||British,Britain,department||artistNationality,0.53,true,country.8783,United Kingdom,-2.36967,54.237933,1.0,country:1.00,matched,2026-04-27T16:46:31Z
42293,Asian Art,1200,1299,1249,1000:1499,||||||||Korea||,Korea,culture,0.55,true,country.8828,South Korea,128.168944,36.536236,1.0,country:1.00,matched,2026-04-27T16:46:49Z
52043,Asian Art,1662,1722,1692,1500:1999,||||||||China||,China,culture,0.55,true,country.8753,People's Republic of China,101.901875,35.486703,1.0,country:1.00,matched,2026-04-27T16:46:34Z
47621,Asian Art,1662,1722,1692,1500:1999,||||||||China||,China,culture,0.55,true,country.8753,People's Republic of China,101.901875,35.486703,1.0,country:1.00,matched,2026-04-27T16:46:34Z
42011,Asian Art,1200,1399,1299,1000:1499,||||||||China||,China,culture,0.55,true,country.8753,People's Republic of China,101.901875,35.486703,1.0,country:1.00,matched,2026-04-27T16:46:34Z
63102,Asian Art,1765,1785,1775,1500:1999,||||||||Japan||,Japan,culture,0.55,true,country.8820,Japan,138.59223,36.386493,1.0,country:1.00,matched,2026-04-27T16:46:48Z
769061,Islamic Art,1000,1199,1099,1000:1499,Nishapur||||||Iran||||,"Nishapur, Iran",city||country,0.88,true,place.1878126,"Nishapur County, Razavi Khorasan, Iran",58.79233,36.21129,0.95,place:0.95,matched,2026-04-27T16:46:56Z
44728,Asian Art,-2300,-2000,-2150,-2500:-2001,||||||||China||,China,culture,0.55,true,country.8753,People's Republic of China,101.901875,35.486703,1.0,country:1.00,matched,2026-04-27T16:46:34Z
771063,European Sculpture and Decorative Arts,1877,1882,1879,1500:1999,||||||||||British,Britain,department||artistNationality,0.53,true,country.8783,United Kingdom,-2.36967,54.237933,1.0,country:1.00,matched,2026-04-27T16:46:31Z
47306,Asian Art,1734,1766,1750,1500:1999,||||||||China||,China,culture,0.55,true,country.8753,People's Republic of China,101.901875,35.486703,1.0,country:1.00,matched,2026-04-27T16:46:34Z
62545,Asian Art,1600,1699,1649,1500:1999,||||||||Japan||,Japan,culture,0.55,true,country.8820,Japan,138.59223,36.386493,1.0,country:1.00,matched,2026-04-27T16:46:48Z
309354,The Michael C. Rockefeller Wing,100,400,250,0:499,||||||Peru||Moche||,Peru,country,0.70,true,country.8880,Peru,-75.311132,-10.151093,1.0,country:1.00,matched,2026-04-27T16:47:00Z
48776,Asian Art,1668,1722,1695,1500:1999,||||||||China||,China,culture,0.55,true,country.8753,People's Republic of China,101.901875,35.486703,1.0,country:1.00,matched,2026-04-27T16:46:34Z
460175,Robert Lehman Collection,1527,1543,1535,1500:1999,"||||||||Italian, Deruta||","Deruta, Italy",culture||country,0.55,true,place.20514928,"Deruta, Perugia, Italy",12.420198,42.98219,1.0,place:1.00,matched,2026-04-27T16:46:38Z
310520,The Michael C. Rockefeller Wing,1400,1535,1467,1000:1499,||||||Peru||Inca||,Peru,country,0.70,true,country.8880,Peru,-75.311132,-10.151093,1.0,country:1.00,matched,2026-04-27T16:47:00Z
62943,Asian Art,1780,1780,1780,1500:1999,||||||||Japan||,Japan,culture,0.55,true,country.8820,Japan,138.59223,36.386493,1.0,country:1.00,matched,2026-04-27T16:46:48Z
449634,Islamic Art,900,1099,999,500:999,Nishapur||||||Iran||||,"Nishapur, Iran",city||country,0.88,true,place.1878126,"Nishapur County, Razavi Khorasan, Iran",58.79233,36.21129,0.95,place:0.95,matched,2026-04-27T16:46:56Z
62606,Asian Art,1700,1799,1749,1500:1999,||||||||Japan||,Japan,culture,0.55,true,country.8820,Japan,138.59223,36.386493,1.0,country:1.00,matched,2026-04-27T16:46:48Z
477741,Medieval Art,300,699,499,0:499,||Kharga Oasis||||Byzantine Egypt||Coptic||,"Kharga Oasis, Byzantine Egypt",state||country,0.72,true,country.8771,Egypt,29.871903,26.494184,0.388889,country:0.39,matched,2026-04-27T16:46:49Z
57406,Asian Art,1200,1299,1249,1000:1499,||||||||Korea||,Korea,culture,0.55,true,country.8828,South Korea,128.168944,36.536236,1.0,country:1.00,matched,2026-04-27T16:46:49Z
48305,Asian Art,1700,1799,1749,1500:1999,||||||||China||,China,culture,0.55,true,country.8753,People's Republic of China,101.901875,35.486703,1.0,country:1.00,matched,2026-04-27T16:46:34Z
198974,European Sculpture and Decorative Arts,1579,1580,1579,1500:1999,||||||||||,,none,0.00,false,,,,,,,,
449357,Islamic Art,1100,1299,1199,1000:1499,Nishapur||||||Iran||||,"Nishapur, Iran",city||country,0.88,true,place.1878126,"Nishapur County, Razavi Khorasan, Iran",58.79233,36.21129,0.95,place:0.95,matched,2026-04-27T16:46:56Z
194479,European Sculpture and Decorative Arts,1643,1645,1644,1500:1999,||||||||||,,none,0.00,false,,,,,,,,
463709,Medieval Art,1400,1400,1400,1000:1499,Todi||||||Italy||Italian||,"Todi, Italy",city||country,0.88,true,place.58173552,"Todi, Perugia, Italy",12.406307,42.782707,1.0,place:1.00,matched,2026-04-27T16:47:10Z
47157,Asian Art,1820,1840,1830,1500:1999,||||||||Japan||,Japan,culture,0.55,true,country.8820,Japan,138.59223,36.386493,1.0,country:1.00,matched,2026-04-27T16:46:48Z
45861,Asian Art,1680,1680,1680,1500:1999,||||||||Japan||,Japan,culture,0.55,true,country.8820,Japan,138.59223,36.386493,1.0,country:1.00,matched,2026-04-27T16:46:48Z
50548,Asian Art,1300,1399,1349,1000:1499,||||||||China||,China,culture,0.55,true,country.8753,People's Republic of China,101.901875,35.486703,1.0,country:1.00,matched,2026-04-27T16:46:34Z
47214,Asian Art,1760,1760,1760,1500:1999,||||||||Japan||,Japan,culture,0.55,true,country.8820,Japan,138.59223,36.386493,1.0,country:1.00,matched,2026-04-27T16:46:48Z
478437,Medieval Art,300,699,499,0:499,||Kharga Oasis||||Byzantine Egypt||Coptic||,"Kharga Oasis, Byzantine Egypt",state||country,0.72,true,country.8771,Egypt,29.871903,26.494184,0.388889,country:0.39,matched,2026-04-27T16:46:49Z
48809,Asian Art,918,1392,1155,1000:1499,||||||||China (?)||,China,culture,0.35,true,country.8753,People's Republic of China,101.901875,35.486703,1.0,country:1.00,matched,2026-04-27T16:46:34Z
198432,European Sculpture and Decorative Arts,1757,1757,1757,1500:1999,||||||||||British,Britain,department||artistNationality,0.53,true,country.8783,United Kingdom,-2.36967,54.237933,1.0,country:1.00,matched,2026-04-27T16:46:31Z
308355,The Michael C. Rockefeller Wing,-200,100,-50,-500:-1,||||Ica Valley||Peru||Topará||,"Ica Valley, Peru, Peru",region||country,0.70,true,place.5556400,"Ica District, Ica, Peru",-75.729645,-14.063716,0.592593,place:0.59,matched,2026-04-27T16:46:45Z
193062,European Sculpture and Decorative Arts,1800,1815,1807,1500:1999,||||||||||,,none,0.00,false,,,,,,,,
309495,The Michael C. Rockefeller Wing,200,600,400,0:499,||||||Peru||Moche||,Peru,country,0.70,true,country.8880,Peru,-75.311132,-10.151093,1.0,country:1.00,matched,2026-04-27T16:47:00Z
52215,Asian Art,1610,1650,1630,1500:1999,||||||||Japan||,Japan,culture,0.55,true,country.8820,Japan,138.59223,36.386493,1.0,country:1.00,matched,2026-04-27T16:46:48Z
207776,European Sculpture and Decorative Arts,1879,1882,1880,1500:1999,||||||||||British,Britain,department||artistNationality,0.53,true,country.8783,United Kingdom,-2.36967,54.237933,1.0,country:1.00,matched,2026-04-27T16:46:31Z
308602,The Michael C. Rockefeller Wing,-500,-100,-300,-500:-1,||||||Peru||Paracas||,Peru,country,0.70,true,country.8880,Peru,-75.311132,-10.151093,1.0,country:1.00,matched,2026-04-27T16:47:00Z
460263,Robert Lehman Collection,1527,1543,1535,1500:1999,"||||||||Italian, probably Gubbio||","Gubbio, Italy",culture||country,0.35,true,place.26683504,"Gubbio, Perugia, Italy",12.578854,43.351868,1.0,place:1.00,matched,2026-04-27T16:46:44Z
447275,Islamic Art,1100,1299,1199,1000:1499,||||||Iran||||,Iran,country,0.70,true,country.8814,Iran,54.301374,32.565838,1.0,country:1.00,matched,2026-04-27T16:46:46Z
48546,Asian Art,1800,1899,1849,1500:1999,||||||||Japan||,Japan,culture,0.55,true,country.8820,Japan,138.59223,36.386493,1.0,country:1.00,matched,2026-04-27T16:46:48Z
308884,The Michael C. Rockefeller Wing,500,700,600,500:999,||||||Peru||Moche||,Peru,country,0.70,true,country.8880,Peru,-75.311132,-10.151093,1.0,country:1.00,matched,2026-04-27T16:47:00Z
460279,Robert Lehman Collection,1471,1500,1485,1000:1499,||||||||Italian (probably Naples)||,"Naples, Italy",culture||country,0.35,true,place.36685936,"Naples, Naples, Italy",14.253269,40.84603,1.0,place:1.00,matched,2026-04-27T16:46:55Z
63545,Asian Art,1500,1573,1536,1500:1999,||||||||Japan||,Japan,culture,0.55,true,country.8820,Japan,138.59223,36.386493,1.0,country:1.00,matched,2026-04-27T16:46:48Z
46755,Asian Art,1644,1666,1655,1500:1999,||||||||China||,China,culture,0.55,true,country.8753,People's Republic of China,101.901875,35.486703,1.0,country:1.00,matched,2026-04-27T16:46:34Z
308883,The Michael C. Rockefeller Wing,500,700,600,500:999,||||||Peru||Moche||,Peru,country,0.70,true,country.8880,Peru,-75.311132,-10.151093,1.0,country:1.00,matched,2026-04-27T16:47:00Z
52624,Asian Art,969,1279,1124,1000:1499,||||||||China||,China,culture,0.55,true,country.8753,People's Republic of China,101.901875,35.486703,1.0,country:1.00,matched,2026-04-27T16:46:34Z
53157,Asian Art,567,599,583,500:999,||||||||Japan||,Japan,culture,0.55,true,country.8820,Japan,138.59223,36.386493,1.0,country:1.00,matched,2026-04-27T16:46:48Z
45862,Asian Art,600,699,649,500:999,||||||||China||,China,culture,0.55,true,country.8753,People's Republic of China,101.901875,35.486703,1.0,country:1.00,matched,2026-04-27T16:46:34Z
44688,Asian Art,-2350,-2050,-2200,-2500:-2001,||||||||China||,China,culture,0.55,true,country.8753,People's Republic of China,101.901875,35.486703,1.0,country:1.00,matched,2026-04-27T16:46:34Z
444948,Islamic Art,1650,1699,1674,1500:1999,||||||Iran||||,Iran,country,0.70,true,country.8814,Iran,54.301374,32.565838,1.0,country:1.00,matched,2026-04-27T16:46:46Z
42317,Asian Art,1736,1795,1765,1500:1999,||||||||China||,China,culture,0.55,true,country.8753,People's Republic of China,101.901875,35.486703,1.0,country:1.00,matched,2026-04-27T16:46:34Z
449736,Islamic Art,800,999,899,500:999,Nishapur||||||Iran||||,"Nishapur, Iran",city||country,0.88,true,place.1878126,"Nishapur County, Razavi Khorasan, Iran",58.79233,36.21129,0.95,place:0.95,matched,2026-04-27T16:46:56Z
48641,Asian Art,1700,1799,1749,1500:1999,||||||||China||,China,culture,0.55,true,country.8753,People's Republic of China,101.901875,35.486703,1.0,country:1.00,matched,2026-04-27T16:46:34Z
451763,Islamic Art,1100,1199,1149,1000:1499,||||||Iran||||,Iran,country,0.70,true,country.8814,Iran,54.301374,32.565838,1.0,country:1.00,matched,2026-04-27T16:46:46Z
309485,The Michael C. Rockefeller Wing,200,900,550,500:999,||||||Peru||Moche (?)||,Peru,country,0.70,true,country.8880,Peru,-75.311132,-10.151093,1.0,country:1.00,matched,2026-04-27T16:47:00Z
48608,Asian Art,1662,1722,1692,1500:1999,||||||||China||,China,culture,0.55,true,country.8753,People's Republic of China,101.901875,35.486703,1.0,country:1.00,matched,2026-04-27T16:46:34Z
309747,The Michael C. Rockefeller Wing,100,500,300,0:499,||||||Peru||Vicús||,Peru,country,0.70,true,country.8880,Peru,-75.311132,-10.151093,1.0,country:1.00,matched,2026-04-27T16:47:00Z
48216,Asian Art,1578,1599,1588,1500:1999,||||||||China||,China,culture,0.55,true,country.8753,People's Republic of China,101.901875,35.486703,1.0,country:1.00,matched,2026-04-27T16:46:34Z
47313,Asian Art,1767,1799,1783,1500:1999,||||||||China||,China,culture,0.55,true,country.8753,People's Republic of China,101.901875,35.486703,1.0,country:1.00,matched,2026-04-27T16:46:34Z
63548,Asian Art,1700,1733,1716,1500:1999,||||||||Japan||,Japan,culture,0.55,true,country.8820,Japan,138.59223,36.386493,1.0,country:1.00,matched,2026-04-27T16:46:48Z
193063,European Sculpture and Decorative Arts,1800,1899,1849,1500:1999,||||||||||,,none,0.00,false,,,,,,,,
446903,Islamic Art,1100,1299,1199,1000:1499,Raqqa||||||Syria||||,"Raqqa, Syria",city||country,0.88,true,place.13035735,"Raqqa, Al-Raqqah, Syria",39.008921,35.949678,1.0,place:1.00,matched,2026-04-27T16:47:01Z
49191,Asian Art,1736,1795,1765,1500:1999,||||||||China||,China,culture,0.55,true,country.8753,People's Republic of China,101.901875,35.486703,1.0,country:1.00,matched,2026-04-27T16:46:34Z
47281,Asian Art,1700,1799,1749,1500:1999,||||||||Japan||,Japan,culture,0.55,true,country.8820,Japan,138.59223,36.386493,1.0,country:1.00,matched,2026-04-27T16:46:48Z
49272,Asian Art,1667,1699,1683,1500:1999,||||||||Japan||,Japan,culture,0.55,true,country.8820,Japan,138.59223,36.386493,1.0,country:1.00,matched,2026-04-27T16:46:48Z
62757,Asian Art,1650,1650,1650,1500:1999,||||||||Japan||,Japan,culture,0.55,true,country.8820,Japan,138.59223,36.386493,1.0,country:1.00,matched,2026-04-27T16:46:48Z
47985,Asian Art,1567,1615,1591,1500:1999,||||||||Japan||,Japan,culture,0.55,true,country.8820,Japan,138.59223,36.386493,1.0,country:1.00,matched,2026-04-27T16:46:48Z
204046,European Sculpture and Decorative Arts,1700,1799,1749,1500:1999,||||||||||,,none,0.00,false,,,,,,,,
307863,The Michael C. Rockefeller Wing,-300,-100,-200,-500:-1,||||||Peru||Paracas||,Peru,country,0.70,true,country.8880,Peru,-75.311132,-10.151093,1.0,country:1.00,matched,2026-04-27T16:47:00Z
680974,European Sculpture and Decorative Arts,1570,1605,1587,1500:1999,||||||||||,,none,0.00,false,,,,,,,,
53613,Asian Art,1870,1889,1879,1500:1999,||||||||Japan||Japanese,Japan,culture,0.55,true,country.8820,Japan,138.59223,36.386493,1.0,country:1.00,matched,2026-04-27T16:46:48Z
57435,Asian Art,1150,1199,1174,1000:1499,||||||||Korea||,Korea,culture,0.55,true,country.8828,South Korea,128.168944,36.536236,1.0,country:1.00,matched,2026-04-27T16:46:49Z
209256,European Sculpture and Decorative Arts,1855,1855,1855,1500:1999,||||||||||British,Britain,department||artistNationality,0.53,true,country.8783,United Kingdom,-2.36967,54.237933,1.0,country:1.00,matched,2026-04-27T16:46:31Z
46916,Asian Art,1700,1722,1711,1500:1999,||||||||China||,China,culture,0.55,true,country.8753,People's Republic of China,101.901875,35.486703,1.0,country:1.00,matched,2026-04-27T16:46:34Z
45845,Asian Art,1800,1899,1849,1500:1999,||||||||China||,China,culture,0.55,true,country.8753,People's Republic of China,101.901875,35.486703,1.0,country:1.00,matched,2026-04-27T16:46:34Z
52975,Asian Art,1736,1795,1765,1500:1999,||||||||China||,China,culture,0.55,true,country.8753,People's Republic of China,101.901875,35.486703,1.0,country:1.00,matched,2026-04-27T16:46:34Z
52562,Asian Art,581,618,599,500:999,||||||||China||,China,culture,0.55,true,country.8753,People's Republic of China,101.901875,35.486703,1.0,country:1.00,matched,2026-04-27T16:46:34Z
310652,The Michael C. Rockefeller Wing,-1000,-800,-900,-1000:-501,||||Tembladera||Peru||Cupisnique||,"Tembladera, Peru, Peru",region||country,0.70,true,country.8880,Peru,-75.311132,-10.151093,0.425926,country:0.43,matched,2026-04-27T16:47:09Z
464680,Medieval Art,1400,1450,1425,1000:1499,probably Manises||Valencia||||Spain||Spanish||,"Manises, Valencia, Spain, Valencia, Spain",city||state||country,0.75,true,place.35178566,"Manises, Valencia, Spain",-0.462126,39.493927,1.0,place:1.00,matched,2026-04-27T16:46:52Z
449497,Islamic Art,1000,1199,1099,1000:1499,Nishapur||||||Iran||||,"Nishapur, Iran",city||country,0.88,true,place.1878126,"Nishapur County, Razavi Khorasan, Iran",58.79233,36.21129,0.95,place:0.95,matched,2026-04-27T16:46:56Z
625629,Islamic Art,1650,1699,1674,1500:1999,Kirman||||||Iran||||,"Kirman, Iran",city||country,0.88,true,region.99438,"Kerman, Iran",57.064839,30.285219,0.958333,region:0.96,matched,2026-04-27T16:46:49Z
50981,Asian Art,1723,1735,1729,1500:1999,||||||||China||,China,culture,0.55,true,country.8753,People's Republic of China,101.901875,35.486703,1.0,country:1.00,matched,2026-04-27T16:46:34Z
444898,Islamic Art,1600,1699,1649,1500:1999,Iznik||||||Turkey||||,"Iznik, Turkey",city||country,0.88,true,place.5138660,"İznik, Bursa, Türkiye",29.719765,40.42917,1.0,place:1.00,matched,2026-04-27T16:46:47Z
308294,The Michael C. Rockefeller Wing,-400,-200,-300,-500:-1,||||||Peru||Paracas||,Peru,country,0.70,true,country.8880,Peru,-75.311132,-10.151093,1.0,country:1.00,matched,2026-04-27T16:47:00Z
198781,European Sculpture and Decorative Arts,1495,1525,1510,1500:1999,||||||||||,,none,0.00,false,,,,,,,,
62937,Asian Art,1700,1799,1749,1500:1999,||||||||Japan||,Japan,culture,0.55,true,country.8820,Japan,138.59223,36.386493,1.0,country:1.00,matched,2026-04-27T16:46:48Z
52685,Asian Art,1736,1795,1765,1500:1999,||||||||China||,China,culture,0.55,true,country.8753,People's Republic of China,101.901875,35.486703,1.0,country:1.00,matched,2026-04-27T16:46:34Z
629700,Asian Art,1600,1633,1616,1500:1999,||||||||China||,China,culture,0.55,true,country.8753,People's Republic of China,101.901875,35.486703,1.0,country:1.00,matched,2026-04-27T16:46:34Z
48482,Asian Art,960,1279,1119,1000:1499,||||||||China||,China,culture,0.55,true,country.8753,People's Republic of China,101.901875,35.486703,1.0,country:1.00,matched,2026-04-27T16:46:34Z
37438,Asian Art,1071,1199,1135,1000:1499,||||||||Thailand||,Thailand,culture,0.55,true,country.8925,Thailand,101.017438,15.127333,1.0,country:1.00,matched,2026-04-27T16:47:09Z
715459,Islamic Art,1875,1899,1887,1500:1999,||||||Egypt||||,Egypt,country,0.70,true,country.8771,Egypt,29.871903,26.494184,1.0,country:1.00,matched,2026-04-27T16:46:40Z
446217,Islamic Art,1075,1199,1137,1000:1499,||||||Iran||||,Iran,country,0.70,true,country.8814,Iran,54.301374,32.565838,1.0,country:1.00,matched,2026-04-27T16:46:46Z
62763,Asian Art,1310,1330,1320,1000:1499,||||||||Japan||Japanese,Japan,culture,0.55,true,country.8820,Japan,138.59223,36.386493,1.0,country:1.00,matched,2026-04-27T16:46:48Z
317991,The Michael C. Rockefeller Wing,1100,1600,1350,1000:1499,||||||Mali||Middle Niger civilization (?)||,Mali,country,0.70,true,country.8851,Mali,-1.252145,17.350335,1.0,country:1.00,matched,2026-04-27T16:46:51Z
468169,Medieval Art,1400,1450,1425,1000:1499,||||||Spain||Spanish||,Spain,country,0.70,true,country.8774,Spain,-4.055685,41.294856,1.0,country:1.00,matched,2026-04-27T16:47:07Z
477748,Medieval Art,300,699,499,0:499,||Kharga Oasis||||Byzantine Egypt||Coptic||,"Kharga Oasis, Byzantine Egypt",state||country,0.72,true,country.8771,Egypt,29.871903,26.494184,0.388889,country:0.39,matched,2026-04-27T16:46:49Z
47914,Asian Art,1800,1899,1849,1500:1999,||||||||China||,China,culture,0.55,true,country.8753,People's Republic of China,101.901875,35.486703,1.0,country:1.00,matched,2026-04-27T16:46:34Z
52260,Asian Art,1700,1799,1749,1500:1999,||||||||Japan||,Japan,culture,0.55,true,country.8820,Japan,138.59223,36.386493,1.0,country:1.00,matched,2026-04-27T16:46:48Z
460278,Robert Lehman Collection,1477,1503,1490,1000:1499,"||||||||Italian, Faenza or Naples||","Faenza, Italy",culture||country,0.35,true,place.21547120,"Faenza, Ravenna, Italy",11.882004,44.285633,1.0,place:1.00,matched,2026-04-27T16:46:41Z
315155,The Michael C. Rockefeller Wing,500,700,600,500:999,||||||Peru||Moche||,Peru,country,0.70,true,country.8880,Peru,-75.311132,-10.151093,1.0,country:1.00,matched,2026-04-27T16:47:00Z
52041,Asian Art,1700,1799,1749,1500:1999,||||||||China||,China,culture,0.55,true,country.8753,People's Republic of China,101.901875,35.486703,1.0,country:1.00,matched,2026-04-27T16:46:34Z
50943,Asian Art,1667,1699,1683,1500:1999,||||||||China||,China,culture,0.55,true,country.8753,People's Republic of China,101.901875,35.486703,1.0,country:1.00,matched,2026-04-27T16:46:34Z
770928,European Sculpture and Decorative Arts,1885,1885,1885,1500:1999,||||||||||British,Britain,department||artistNationality,0.53,true,country.8783,United Kingdom,-2.36967,54.237933,1.0,country:1.00,matched,2026-04-27T16:46:31Z
46921,Asian Art,1700,1799,1749,1500:1999,||||||||China||,China,culture,0.55,true,country.8753,People's Republic of China,101.901875,35.486703,1.0,country:1.00,matched,2026-04-27T16:46:34Z
187702,European Sculpture and Decorative Arts,1600,1699,1649,1500:1999,||||||||||,,none,0.00,false,,,,,,,,
199466,European Sculpture and Decorative Arts,1745,1765,1755,1500:1999,||||||||||,,none,0.00,false,,,,,,,,
308706,The Michael C. Rockefeller Wing,-500,-100,-300,-500:-1,||||||Peru||Paracas||,Peru,country,0.70,true,country.8880,Peru,-75.311132,-10.151093,1.0,country:1.00,matched,2026-04-27T16:47:00Z
47983,Asian Art,1800,1899,1849,1500:1999,||||||||Japan||Japanese,Japan,culture,0.55,true,country.8820,Japan,138.59223,36.386493,1.0,country:1.00,matched,2026-04-27T16:46:48Z
451834,Islamic Art,1500,1565,1532,1500:1999,Iznik||||||Turkey||||,"Iznik, Turkey",city||country,0.88,true,place.5138660,"İznik, Bursa, Türkiye",29.719765,40.42917,1.0,place:1.00,matched,2026-04-27T16:46:47Z
63132,Asian Art,1700,1799,1749,1500:1999,||||||||Japan||,Japan,culture,0.55,true,country.8820,Japan,138.59223,36.386493,1.0,country:1.00,matched,2026-04-27T16:46:48Z
308704,The Michael C. Rockefeller Wing,-500,-100,-300,-500:-1,||||||Peru||Paracas||,Peru,country,0.70,true,country.8880,Peru,-75.311132,-10.151093,1.0,country:1.00,matched,2026-04-27T16:47:00Z
208546,European Sculpture and Decorative Arts,1857,1867,1862,1500:1999,"||||||||||British, Scottish",Scotland,department||artistNationality,0.35,true,region.17487,"Scotland, United Kingdom",-4.095892,56.734282,1.0,region:1.00,matched,2026-04-27T16:47:05Z
448394,Islamic Art,1600,1699,1649,1500:1999,||||||Iran||||,Iran,country,0.70,true,country.8814,Iran,54.301374,32.565838,1.0,country:1.00,matched,2026-04-27T16:46:46Z
44424,Asian Art,-2300,-2000,-2150,-2500:-2001,||||||||China||,China,culture,0.55,true,country.8753,People's Republic of China,101.901875,35.486703,1.0,country:1.00,matched,2026-04-27T16:46:34Z
42415,Asian Art,1662,1722,1692,1500:1999,||||||||China||,China,culture,0.55,true,country.8753,People's Republic of China,101.901875,35.486703,1.0,country:1.00,matched,2026-04-27T16:46:34Z
42505,Asian Art,1400,1433,1416,1000:1499,||||||||China||,China,culture,0.55,true,country.8753,People's Republic of China,101.901875,35.486703,1.0,country:1.00,matched,2026-04-27T16:46:34Z
48284,Asian Art,1700,1799,1749,1500:1999,||||||||China||,China,culture,0.55,true,country.8753,People's Republic of China,101.901875,35.486703,1.0,country:1.00,matched,2026-04-27T16:46:34Z
46783,Asian Art,1573,1620,1596,1500:1999,||||||||China||,China,culture,0.55,true,country.8753,People's Republic of China,101.901875,35.486703,1.0,country:1.00,matched,2026-04-27T16:46:34Z
52941,Asian Art,1662,1722,1692,1500:1999,||||||||China||,China,culture,0.55,true,country.8753,People's Republic of China,101.901875,35.486703,1.0,country:1.00,matched,2026-04-27T16:46:34Z
202243,European Sculpture and Decorative Arts,1760,1770,1765,1500:1999,||||||||||,,none,0.00,false,,,,,,,,
206629,European Sculpture and Decorative Arts,1685,1695,1690,1500:1999,||||||||||,,none,0.00,false,,,,,,,,
48720,Asian Art,1670,1670,1670,1500:1999,||||||||Japan||,Japan,culture,0.55,true,country.8820,Japan,138.59223,36.386493,1.0,country:1.00,matched,2026-04-27T16:46:48Z
42378,Asian Art,667,749,708,500:999,||||||||China||,China,culture,0.55,true,country.8753,People's Republic of China,101.901875,35.486703,1.0,country:1.00,matched,2026-04-27T16:46:34Z
42248,Asian Art,1667,1733,1700,1500:1999,||||||||China||,China,culture,0.55,true,country.8753,People's Republic of China,101.901875,35.486703,1.0,country:1.00,matched,2026-04-27T16:46:34Z
50820,Asian Art,1700,1733,1716,1500:1999,||||||||China||,China,culture,0.55,true,country.8753,People's Republic of China,101.901875,35.486703,1.0,country:1.00,matched,2026-04-27T16:46:34Z
57367,Asian Art,1900,1933,1916,1500:1999,||||||||Korea||,Korea,culture,0.55,true,country.8828,South Korea,128.168944,36.536236,1.0,country:1.00,matched,2026-04-27T16:46:49Z
39484,Asian Art,1700,1799,1749,1500:1999,||||||||Japan||,Japan,culture,0.55,true,country.8820,Japan,138.59223,36.386493,1.0,country:1.00,matched,2026-04-27T16:46:48Z
706316,Asian Art,1667,1699,1683,1500:1999,||||||||China||,China,culture,0.55,true,country.8753,People's Republic of China,101.901875,35.486703,1.0,country:1.00,matched,2026-04-27T16:46:34Z
202581,European Sculpture and Decorative Arts,1515,1545,1530,1500:1999,||||||||||,,none,0.00,false,,,,,,,,
476271,Medieval Art,300,699,499,0:499,||Kharga Oasis||||Byzantine Egypt||Coptic||,"Kharga Oasis, Byzantine Egypt",state||country,0.72,true,country.8771,Egypt,29.871903,26.494184,0.388889,country:0.39,matched,2026-04-27T16:46:49Z
200962,European Sculpture and Decorative Arts,1770,1785,1777,1500:1999,||||||||||Italian,Italy,department||artistNationality,0.53,true,country.8816,Italy,12.646361,42.504154,1.0,country:1.00,matched,2026-04-27T16:46:47Z
46726,Asian Art,1800,1899,1849,1500:1999,||||||||China||,China,culture,0.55,true,country.8753,People's Republic of China,101.901875,35.486703,1.0,country:1.00,matched,2026-04-27T16:46:34Z
48456,Asian Art,1271,1368,1319,1000:1499,||||||||China||,China,culture,0.55,true,country.8753,People's Republic of China,101.901875,35.486703,1.0,country:1.00,matched,2026-04-27T16:46:34Z
198500,European Sculpture and Decorative Arts,1765,1775,1770,1500:1999,||||||||||British,Britain,department||artistNationality,0.53,true,country.8783,United Kingdom,-2.36967,54.237933,1.0,country:1.00,matched,2026-04-27T16:46:31Z
52808,Asian Art,1662,1722,1692,1500:1999,||||||||China||,China,culture,0.55,true,country.8753,People's Republic of China,101.901875,35.486703,1.0,country:1.00,matched,2026-04-27T16:46:34Z
851661,Asian Art,1400,1599,1499,1000:1499,||||||||Korea||,Korea,culture,0.55,true,country.8828,South Korea,128.168944,36.536236,1.0,country:1.00,matched,2026-04-27T16:46:49Z
205327,European Sculpture and Decorative Arts,1750,1760,1755,1500:1999,||||||||||British,Britain,department||artistNationality,0.53,true,country.8783,United Kingdom,-2.36967,54.237933,1.0,country:1.00,matched,2026-04-27T16:46:31Z
449063,Islamic Art,1100,1199,1149,1000:1499,Nishapur||||||Iran||||,"Nishapur, Iran",city||country,0.88,true,place.1878126,"Nishapur County, Razavi Khorasan, Iran",58.79233,36.21129,0.95,place:0.95,matched,2026-04-27T16:46:56Z
63128,Asian Art,1700,1799,1749,1500:1999,||||||||Japan||,Japan,culture,0.55,true,country.8820,Japan,138.59223,36.386493,1.0,country:1.00,matched,2026-04-27T16:46:48Z
471756,The Cloisters,1440,1460,1450,1000:1499,Manises||Valencia||||Spain||Spanish||,"Manises, Valencia, Spain, Valencia, Spain",city||state||country,0.95,true,place.35178566,"Manises, Valencia, Spain",-0.462126,39.493927,1.0,place:1.00,matched,2026-04-27T16:46:52Z
448671,Islamic Art,1215,1216,1215,1000:1499,Kashan||||||Iran||||,"Kashan, Iran",city||country,0.88,true,place.1255534,"Kashan County, Isfahan, Iran",51.44271,33.98714,0.98,place:0.98,matched,2026-04-27T16:46:48Z
57403,Asian Art,1900,1933,1916,1500:1999,||||||||Korea||,Korea,culture,0.55,true,country.8828,South Korea,128.168944,36.536236,1.0,country:1.00,matched,2026-04-27T16:46:49Z
770953,European Sculpture and Decorative Arts,1873,1887,1880,1500:1999,||||||||||British,Britain,department||artistNationality,0.53,true,country.8783,United Kingdom,-2.36967,54.237933,1.0,country:1.00,matched,2026-04-27T16:46:31Z
44423,Asian Art,-2300,-2000,-2150,-2500:-2001,||||||||China||,China,culture,0.55,true,country.8753,People's Republic of China,101.901875,35.486703,1.0,country:1.00,matched,2026-04-27T16:46:34Z
465888,Medieval Art,1400,1499,1449,1000:1499,||||||||French||,France,culture,0.55,true,country.8781,France,2.618787,47.824905,1.0,country:1.00,matched,2026-04-27T16:46:43Z
451865,Islamic Art,1600,1699,1649,1500:1999,||||||Iran||||,Iran,country,0.70,true,country.8814,Iran,54.301374,32.565838,1.0,country:1.00,matched,2026-04-27T16:46:46Z
53468,Asian Art,1700,1700,1700,1500:1999,||||||||Japan||,Japan,culture,0.55,true,country.8820,Japan,138.59223,36.386493,1.0,country:1.00,matched,2026-04-27T16:46:48Z
48481,Asian Art,1368,1644,1506,1500:1999,||||||||China||,China,culture,0.55,true,country.8753,People's Republic of China,101.901875,35.486703,1.0,country:1.00,matched,2026-04-27T16:46:34Z
308412,The Michael C. Rockefeller Wing,200,500,350,0:499,||||||Peru||Moche||,Peru,country,0.70,true,country.8880,Peru,-75.311132,-10.151093,1.0,country:1.00,matched,2026-04-27T16:47:00Z
447288,Islamic Art,1000,1199,1099,1000:1499,||||||Iraq or Syria||||,Iraq,country,0.50,true,country.8813,Iraq,43.404716,33.048056,1.0,country:1.00,matched,2026-04-27T16:46:46Z
313145,The Michael C. Rockefeller Wing,-300,-1,-151,-500:-1,||Oaxaca||Mesoamerica||Mexico||Monte Alban||,"Oaxaca, Mexico, Mexico",state||country,0.72,true,place.40880287,"Oaxaca, Oaxaca, Mexico",-96.72438,17.062824,0.666667,place:0.67,matched,2026-04-27T16:46:57Z
49905,Asian Art,671,749,710,500:999,||||||||China||,China,culture,0.55,true,country.8753,People's Republic of China,101.901875,35.486703,1.0,country:1.00,matched,2026-04-27T16:46:34Z
50740,Asian Art,1662,1722,1692,1500:1999,||||||||China||,China,culture,0.55,true,country.8753,People's Republic of China,101.901875,35.486703,1.0,country:1.00,matched,2026-04-27T16:46:34Z
308363,The Michael C. Rockefeller Wing,-800,-550,-675,-1000:-501,||||Ica Valley||Peru||Paracas||,"Ica Valley, Peru, Peru",region||country,0.70,true,place.5556400,"Ica District, Ica, Peru",-75.729645,-14.063716,0.592593,place:0.59,matched,2026-04-27T16:46:45Z
458261,Islamic Art,1100,1199,1149,1000:1499,||||||Iran||||,Iran,country,0.70,true,country.8814,Iran,54.301374,32.565838,1.0,country:1.00,matched,2026-04-27T16:46:46Z
308712,The Michael C. Rockefeller Wing,-500,-100,-300,-500:-1,||||||Peru||Paracas||,Peru,country,0.70,true,country.8880,Peru,-75.311132,-10.151093,1.0,country:1.00,matched,2026-04-27T16:47:00Z
62547,Asian Art,1600,1699,1649,1500:1999,||||||||Japan||,Japan,culture,0.55,true,country.8820,Japan,138.59223,36.386493,1.0,country:1.00,matched,2026-04-27T16:46:48Z
667257,Asian Art,1700,1799,1749,1500:1999,||||||||Japan||,Japan,culture,0.55,true,country.8820,Japan,138.59223,36.386493,1.0,country:1.00,matched,2026-04-27T16:46:48Z
46913,Asian Art,1767,1833,1800,1500:1999,||||||||China||,China,culture,0.55,true,country.8753,People's Republic of China,101.901875,35.486703,1.0,country:1.00,matched,2026-04-27T16:46:34Z
44448,Asian Art,1700,1799,1749,1500:1999,||||||||Japan||,Japan,culture,0.55,true,country.8820,Japan,138.59223,36.386493,1.0,country:1.00,matched,2026-04-27T16:46:48Z
314197,The Michael C. Rockefeller Wing,1000,1600,1300,1000:1499,||||||Ecuador||Carchi||,Ecuador,country,0.70,true,country.8769,Ecuador,-78.432915,-1.160171,1.0,country:1.00,matched,2026-04-27T16:46:39Z
57356,Asian Art,1900,1933,1916,1500:1999,||||||||Korea||,Korea,culture,0.55,true,country.8828,South Korea,128.168944,36.536236,1.0,country:1.00,matched,2026-04-27T16:46:49Z
52777,Asian Art,1587,1587,1587,1500:1999,||||||||China||,China,culture,0.55,true,country.8753,People's Republic of China,101.901875,35.486703,1.0,country:1.00,matched,2026-04-27T16:46:34Z
51050,Asian Art,1200,1279,1239,1000:1499,||||||||China||,China,culture,0.55,true,country.8753,People's Republic of China,101.901875,35.486703,1.0,country:1.00,matched,2026-04-27T16:46:34Z
46614,Asian Art,1700,1799,1749,1500:1999,||||||||China||,China,culture,0.55,true,country.8753,People's Republic of China,101.901875,35.486703,1.0,country:1.00,matched,2026-04-27T16:46:34Z
52626,Asian Art,960,1279,1119,1000:1499,||||||||China||,China,culture,0.55,true,country.8753,People's Republic of China,101.901875,35.486703,1.0,country:1.00,matched,2026-04-27T16:46:34Z
50998,Asian Art,1662,1722,1692,1500:1999,||||||||China||,China,culture,0.55,true,country.8753,People's Republic of China,101.901875,35.486703,1.0,country:1.00,matched,2026-04-27T16:46:34Z
199337,European Sculpture and Decorative Arts,1775,1785,1780,1500:1999,||||||||||,,none,0.00,false,,,,,,,,
451336,Islamic Art,900,999,949,500:999,||||||Iraq||||,Iraq,country,0.70,true,country.8813,Iraq,43.404716,33.048056,1.0,country:1.00,matched,2026-04-27T16:46:46Z
46566,Asian Art,1662,1722,1692,1500:1999,||||||||China||,China,culture,0.55,true,country.8753,People's Republic of China,101.901875,35.486703,1.0,country:1.00,matched,2026-04-27T16:46:34Z
771046,European Sculpture and Decorative Arts,1884,1890,1887,1500:1999,||||||||||British,Britain,department||artistNationality,0.53,true,country.8783,United Kingdom,-2.36967,54.237933,1.0,country:1.00,matched,2026-04-27T16:46:31Z
53628,Asian Art,-100,100,0,0:499,||||||||Japan||,Japan,culture,0.55,true,country.8820,Japan,138.59223,36.386493,1.0,country:1.00,matched,2026-04-27T16:46:48Z
453308,Islamic Art,1625,1675,1650,1500:1999,probably Isfahan||||||Iran||||,"Isfahan, Iran, Iran",city||country,0.68,true,place.772206,"Isfahan, Isfahan, Iran",51.66541,32.66991,0.666667,place:0.67,matched,2026-04-27T16:46:47Z
206914,European Sculpture and Decorative Arts,1710,1725,1717,1500:1999,||||||||||,,none,0.00,false,,,,,,,,
308585,The Michael C. Rockefeller Wing,-700,-400,-550,-1000:-501,||||Ica Valley||Peru||Paracas||,"Ica Valley, Peru, Peru",region||country,0.70,true,place.5556400,"Ica District, Ica, Peru",-75.729645,-14.063716,0.592593,place:0.59,matched,2026-04-27T16:46:45Z
207470,European Sculpture and Decorative Arts,1550,1599,1574,1500:1999,||||||||||,,none,0.00,false,,,,,,,,
48581,Asian Art,1667,1733,1700,1500:1999,||||||||China||,China,culture,0.55,true,country.8753,People's Republic of China,101.901875,35.486703,1.0,country:1.00,matched,2026-04-27T16:46:34Z
460187,Robert Lehman Collection,1527,1543,1535,1500:1999,"||||||||Italian, Castelli||","Castelli, Italy",culture||country,0.55,true,place.13543536,"Castelli, Teramo, Italy",13.711486,42.488766,1.0,place:1.00,matched,2026-04-27T16:46:32Z
205827,European Sculpture and Decorative Arts,1685,1699,1692,1500:1999,||||||||||,,none,0.00,false,,,,,,,,
308588,The Michael C. Rockefeller Wing,-500,-100,-300,-500:-1,||||Ica Valley||Peru||Paracas||,"Ica Valley, Peru, Peru",region||country,0.70,true,place.5556400,"Ica District, Ica, Peru",-75.729645,-14.063716,0.592593,place:0.59,matched,2026-04-27T16:46:45Z
308292,The Michael C. Rockefeller Wing,-500,500,0,0:499,||||||Peru||Paracas||,Peru,country,0.70,true,country.8880,Peru,-75.311132,-10.151093,1.0,country:1.00,matched,2026-04-27T16:47:00Z
46690,Asian Art,1368,1644,1506,1500:1999,||||||||China||,China,culture,0.55,true,country.8753,People's Republic of China,101.901875,35.486703,1.0,country:1.00,matched,2026-04-27T16:46:34Z
48570,Asian Art,1767,1799,1783,1500:1999,||||||||China||,China,culture,0.55,true,country.8753,People's Republic of China,101.901875,35.486703,1.0,country:1.00,matched,2026-04-27T16:46:34Z
310538,The Michael C. Rockefeller Wing,-700,-200,-450,-500:-1,||||Ica Valley||Peru||Paracas||,"Ica Valley, Peru, Peru",region||country,0.70,true,place.5556400,"Ica District, Ica, Peru",-75.729645,-14.063716,0.592593,place:0.59,matched,2026-04-27T16:46:45Z
53627,Asian Art,90,310,200,0:499,||||||||Japan||,Japan,culture,0.55,true,country.8820,Japan,138.59223,36.386493,1.0,country:1.00,matched,2026-04-27T16:46:48Z
309502,The Michael C. Rockefeller Wing,100,300,200,0:499,||||||Peru||Moche||,Peru,country,0.70,true,country.8880,Peru,-75.311132,-10.151093,1.0,country:1.00,matched,2026-04-27T16:47:00Z
309378,The Michael C. Rockefeller Wing,300,600,450,0:499,||||||Peru||Moche||,Peru,country,0.70,true,country.8880,Peru,-75.311132,-10.151093,1.0,country:1.00,matched,2026-04-27T16:47:00Z
49248,Asian Art,1667,1733,1700,1500:1999,||||||||China||,China,culture,0.55,true,country.8753,People's Republic of China,101.901875,35.486703,1.0,country:1.00,matched,2026-04-27T16:46:34Z
449424,Islamic Art,900,1199,1049,1000:1499,Nishapur||||||Iran||||,"Nishapur, Iran",city||country,0.88,true,place.1878126,"Nishapur County, Razavi Khorasan, Iran",58.79233,36.21129,0.95,place:0.95,matched,2026-04-27T16:46:56Z
46680,Asian Art,1800,1899,1849,1500:1999,||||||||China||,China,culture,0.55,true,country.8753,People's Republic of China,101.901875,35.486703,1.0,country:1.00,matched,2026-04-27T16:46:34Z
449748,Islamic Art,800,999,899,500:999,Nishapur||||||Iran||||,"Nishapur, Iran",city||country,0.88,true,place.1878126,"Nishapur County, Razavi Khorasan, Iran",58.79233,36.21129,0.95,place:0.95,matched,2026-04-27T16:46:56Z
47624,Asian Art,1800,1899,1849,1500:1999,||||||||Japan||,Japan,culture,0.55,true,country.8820,Japan,138.59223,36.386493,1.0,country:1.00,matched,2026-04-27T16:46:48Z
50713,Asian Art,1900,1933,1916,1500:1999,||||||||China||,China,culture,0.55,true,country.8753,People's Republic of China,101.901875,35.486703,1.0,country:1.00,matched,2026-04-27T16:46:34Z
57520,Asian Art,1050,1149,1099,1000:1499,||||||||Korea||,Korea,culture,0.55,true,country.8828,South Korea,128.168944,36.536236,1.0,country:1.00,matched,2026-04-27T16:46:49Z
48841,Asian Art,1800,1849,1824,1500:1999,||||||||China||,China,culture,0.55,true,country.8753,People's Republic of China,101.901875,35.486703,1.0,country:1.00,matched,2026-04-27T16:46:34Z
42290,Asian Art,1667,1733,1700,1500:1999,||||||||China||,China,culture,0.55,true,country.8753,People's Republic of China,101.901875,35.486703,1.0,country:1.00,matched,2026-04-27T16:46:34Z
748303,Asian Art,1615,1868,1741,1500:1999,||||||||Japan||,Japan,culture,0.55,true,country.8820,Japan,138.59223,36.386493,1.0,country:1.00,matched,2026-04-27T16:46:48Z
308657,The Michael C. Rockefeller Wing,-500,-100,-300,-500:-1,||||Ica Valley||Peru||Paracas||,"Ica Valley, Peru, Peru",region||country,0.70,true,place.5556400,"Ica District, Ica, Peru",-75.729645,-14.063716,0.592593,place:0.59,matched,2026-04-27T16:46:45Z
197552,European Sculpture and Decorative Arts,1766,1766,1766,1500:1999,||||||||||,,none,0.00,false,,,,,,,,
308608,The Michael C. Rockefeller Wing,-500,-200,-350,-500:-1,||||Ica Valley||Peru||Paracas||,"Ica Valley, Peru, Peru",region||country,0.70,true,place.5556400,"Ica District, Ica, Peru",-75.729645,-14.063716,0.592593,place:0.59,matched,2026-04-27T16:46:45Z
307873,The Michael C. Rockefeller Wing,200,500,350,0:499,||||||Peru||Moche||,Peru,country,0.70,true,country.8880,Peru,-75.311132,-10.151093,1.0,country:1.00,matched,2026-04-27T16:47:00Z
37457,Asian Art,1300,1399,1349,1000:1499,||||||||Thailand||,Thailand,culture,0.55,true,country.8925,Thailand,101.017438,15.127333,1.0,country:1.00,matched,2026-04-27T16:47:09Z
62633,Asian Art,1700,1799,1749,1500:1999,||||||||Japan||,Japan,culture,0.55,true,country.8820,Japan,138.59223,36.386493,1.0,country:1.00,matched,2026-04-27T16:46:48Z
62668,Asian Art,1700,1799,1749,1500:1999,||||||||Japan||,Japan,culture,0.55,true,country.8820,Japan,138.59223,36.386493,1.0,country:1.00,matched,2026-04-27T16:46:48Z
205845,European Sculpture and Decorative Arts,1730,1740,1735,1500:1999,||||||||||,,none,0.00,false,,,,,,,,
50211,Asian Art,1300,1399,1349,1000:1499,||||||||China||,China,culture,0.55,true,country.8753,People's Republic of China,101.901875,35.486703,1.0,country:1.00,matched,2026-04-27T16:46:34Z
52222,Asian Art,1615,1868,1741,1500:1999,||||||||Japan||,Japan,culture,0.55,true,country.8820,Japan,138.59223,36.386493,1.0,country:1.00,matched,2026-04-27T16:46:48Z
51160,Asian Art,1736,1795,1765,1500:1999,||||||||China||,China,culture,0.55,true,country.8753,People's Republic of China,101.901875,35.486703,1.0,country:1.00,matched,2026-04-27T16:46:34Z
48842,Asian Art,1920,1940,1930,1500:1999,||||||||China||,China,culture,0.55,true,country.8753,People's Republic of China,101.901875,35.486703,1.0,country:1.00,matched,2026-04-27T16:46:34Z
194963,European Sculpture and Decorative Arts,1882,1886,1884,1500:1999,||||||||||American and French,United States,department||artistNationality,0.15,false,country.8940,United States,-97.922211,39.381266,1.0,country:1.00,matched,2026-04-27T16:47:13Z
75831,Asian Art,1434,1466,1450,1000:1499,||||||||China||,China,culture,0.55,true,country.8753,People's Republic of China,101.901875,35.486703,1.0,country:1.00,matched,2026-04-27T16:46:34Z
38308,Asian Art,1071,1099,1085,1000:1499,||||||||Thailand||,Thailand,culture,0.55,true,country.8925,Thailand,101.017438,15.127333,1.0,country:1.00,matched,2026-04-27T16:47:09Z
37557,Asian Art,1400,1499,1449,1000:1499,||||||||Vietnam||,Vietnam,culture,0.55,true,country.8948,Vietnam,108.339537,14.315424,1.0,country:1.00,matched,2026-04-27T16:47:14Z
308560,The Michael C. Rockefeller Wing,100,400,250,0:499,||||||Peru||Moche||,Peru,country,0.70,true,country.8880,Peru,-75.311132,-10.151093,1.0,country:1.00,matched,2026-04-27T16:47:00Z
62635,Asian Art,1700,1799,1749,1500:1999,||||||||Japan||,Japan,culture,0.55,true,country.8820,Japan,138.59223,36.386493,1.0,country:1.00,matched,2026-04-27T16:46:48Z
447176,Islamic Art,1100,1299,1199,1000:1499,Rayy||||||Iran||||,"Rayy, Iran",city||country,0.88,true,country.8814,Iran,54.301374,32.565838,0.5,country:0.50,matched,2026-04-27T16:47:02Z
468159,Medieval Art,1400,1450,1425,1000:1499,Florence||Tuscany||||Italy||Italian||,"Florence, Tuscany, Italy",city||state||country,0.95,true,place.22481008,"Florence, Florence, Italy",11.256129,43.771484,0.666667,place:0.67,matched,2026-04-27T16:46:42Z
51019,Asian Art,1796,1820,1808,1500:1999,||||||||China||,China,culture,0.55,true,country.8753,People's Republic of China,101.901875,35.486703,1.0,country:1.00,matched,2026-04-27T16:46:34Z
52026,Asian Art,1723,1735,1729,1500:1999,||||||||China||,China,culture,0.55,true,country.8753,People's Republic of China,101.901875,35.486703,1.0,country:1.00,matched,2026-04-27T16:46:34Z
42200,Asian Art,1667,1733,1700,1500:1999,||||||||China||,China,culture,0.55,true,country.8753,People's Republic of China,101.901875,35.486703,1.0,country:1.00,matched,2026-04-27T16:46:34Z
63057,Asian Art,1790,1810,1800,1500:1999,||||||||Japan||,Japan,culture,0.55,true,country.8820,Japan,138.59223,36.386493,1.0,country:1.00,matched,2026-04-27T16:46:48Z
47531,Asian Art,1662,1722,1692,1500:1999,||||||||China||,China,culture,0.55,true,country.8753,People's Republic of China,101.901875,35.486703,1.0,country:1.00,matched,2026-04-27T16:46:34Z
308563,The Michael C. Rockefeller Wing,100,500,300,0:499,||||||Peru||Moche||,Peru,country,0.70,true,country.8880,Peru,-75.311132,-10.151093,1.0,country:1.00,matched,2026-04-27T16:47:00Z
208388,European Sculpture and Decorative Arts,1765,1775,1770,1500:1999,||||||||||Swiss,Switzerland,department||artistNationality,0.53,true,country.8748,Switzerland,8.234392,46.802496,1.0,country:1.00,matched,2026-04-27T16:47:08Z
449117,Islamic Art,775,850,812,500:999,Nishapur||||||Iran||||,"Nishapur, Iran",city||country,0.88,true,place.1878126,"Nishapur County, Razavi Khorasan, Iran",58.79233,36.21129,0.95,place:0.95,matched,2026-04-27T16:46:56Z
463533,Medieval Art,1295,1305,1300,1000:1499,Lazio||||||Italy||Italian||,"Lazio, Italy",city||country,0.88,true,region.1483888,"Lazio, Italy",12.482932,41.89332,1.0,region:1.00,matched,2026-04-27T16:46:50Z
62589,Asian Art,1700,1799,1749,1500:1999,||||||||Japan||,Japan,culture,0.55,true,country.8820,Japan,138.59223,36.386493,1.0,country:1.00,matched,2026-04-27T16:46:48Z
48246,Asian Art,1800,1899,1849,1500:1999,||||||||China||,China,culture,0.55,true,country.8753,People's Republic of China,101.901875,35.486703,1.0,country:1.00,matched,2026-04-27T16:46:34Z
50880,Asian Art,1800,1849,1824,1500:1999,||||||||China||,China,culture,0.55,true,country.8753,People's Republic of China,101.901875,35.486703,1.0,country:1.00,matched,2026-04-27T16:46:34Z
48015,Asian Art,1800,1899,1849,1500:1999,||||||||Japan||Japanese,Japan,culture,0.55,true,country.8820,Japan,138.59223,36.386493,1.0,country:1.00,matched,2026-04-27T16:46:48Z
50886,Asian Art,1700,1799,1749,1500:1999,||||||||China||,China,culture,0.55,true,country.8753,People's Republic of China,101.901875,35.486703,1.0,country:1.00,matched,2026-04-27T16:46:34Z
63099,Asian Art,1700,1799,1749,1500:1999,||||||||Japan||,Japan,culture,0.55,true,country.8820,Japan,138.59223,36.386493,1.0,country:1.00,matched,2026-04-27T16:46:48Z
198507,European Sculpture and Decorative Arts,1765,1780,1772,1500:1999,||||||||||British,Britain,department||artistNationality,0.53,true,country.8783,United Kingdom,-2.36967,54.237933,1.0,country:1.00,matched,2026-04-27T16:46:31Z
475754,Medieval Art,300,699,499,0:499,||Kharga Oasis||||Byzantine Egypt||Coptic||,"Kharga Oasis, Byzantine Egypt",state||country,0.72,true,country.8771,Egypt,29.871903,26.494184,0.388889,country:0.39,matched,2026-04-27T16:46:49Z
37479,Asian Art,1400,1599,1499,1000:1499,||||||||Thailand (Si Satchanalai)||,"Si Satchanalai, Thailand",culture||country,0.55,true,place.6007005,"Si Satchanalai, Sukhothai, Thailand",99.80422,17.401382,1.0,place:1.00,matched,2026-04-27T16:47:06Z
50463,Asian Art,1500,1599,1549,1500:1999,||||||||China||,China,culture,0.55,true,country.8753,People's Republic of China,101.901875,35.486703,1.0,country:1.00,matched,2026-04-27T16:46:34Z
197605,European Sculpture and Decorative Arts,1755,1765,1760,1500:1999,||||||||||,,none,0.00,false,,,,,,,,
309366,The Michael C. Rockefeller Wing,300,700,500,500:999,||||||Peru||Moche||,Peru,country,0.70,true,country.8880,Peru,-75.311132,-10.151093,1.0,country:1.00,matched,2026-04-27T16:47:00Z
48768,Asian Art,1736,1766,1751,1500:1999,||||||||China||,China,culture,0.55,true,country.8753,People's Republic of China,101.901875,35.486703,1.0,country:1.00,matched,2026-04-27T16:46:34Z
44721,Asian Art,-1300,-1000,-1150,-1500:-1001,||||||||China||,China,culture,0.55,true,country.8753,People's Republic of China,101.901875,35.486703,1.0,country:1.00,matched,2026-04-27T16:46:34Z
623471,European Sculpture and Decorative Arts,1690,1720,1705,1500:1999,||||||||||,,none,0.00,false,,,,,,,,
47253,Asian Art,1800,1899,1849,1500:1999,||||||||Japan||,Japan,culture,0.55,true,country.8820,Japan,138.59223,36.386493,1.0,country:1.00,matched,2026-04-27T16:46:48Z
447674,Islamic Art,800,999,899,500:999,||||||Iran||||,Iran,country,0.70,true,country.8814,Iran,54.301374,32.565838,1.0,country:1.00,matched,2026-04-27T16:46:46Z
191600,European Sculpture and Decorative Arts,1800,1899,1849,1500:1999,||||||||||,,none,0.00,false,,,,,,,,
445269,Islamic Art,1100,1299,1199,1000:1499,Raqqa||||||Syria||||,"Raqqa, Syria",city||country,0.88,true,place.13035735,"Raqqa, Al-Raqqah, Syria",39.008921,35.949678,1.0,place:1.00,matched,2026-04-27T16:47:01Z
42220,Asian Art,1700,1899,1799,1500:1999,||||||||China||,China,culture,0.55,true,country.8753,People's Republic of China,101.901875,35.486703,1.0,country:1.00,matched,2026-04-27T16:46:34Z
37434,Asian Art,1100,1133,1116,1000:1499,||||||||Thailand (Buriram Province)||,"Buriram Province, Thailand",culture||country,0.55,true,region.394461,"Buri Ram, Thailand",103.107919,14.995569,0.653333,region:0.65,matched,2026-04-27T16:46:32Z
460185,Robert Lehman Collection,1527,1543,1535,1500:1999,"||||||||Italian, Castelli||","Castelli, Italy",culture||country,0.55,true,place.13543536,"Castelli, Teramo, Italy",13.711486,42.488766,1.0,place:1.00,matched,2026-04-27T16:46:32Z
46929,Asian Art,1700,1722,1711,1500:1999,||||||||China||,China,culture,0.55,true,country.8753,People's Republic of China,101.901875,35.486703,1.0,country:1.00,matched,2026-04-27T16:46:34Z
448541,Islamic Art,800,899,849,500:999,Saveh||||||Iran||||,"Saveh, Iran",city||country,0.88,true,place.2345070,"Saveh County, Markazi, Iran",50.36513,35.019794,0.98,place:0.98,matched,2026-04-27T16:47:04Z
194231,European Sculpture and Decorative Arts,1735,1745,1740,1500:1999,||||||||||German,Germany,department||artistNationality,0.53,true,country.8762,Germany,10.018343,51.133481,1.0,country:1.00,matched,2026-04-27T16:46:43Z
63090,Asian Art,1590,1610,1600,1500:1999,||||||||Japan||,Japan,culture,0.55,true,country.8820,Japan,138.59223,36.386493,1.0,country:1.00,matched,2026-04-27T16:46:48Z
310364,The Michael C. Rockefeller Wing,600,800,700,500:999,||||||||Maya||,Guatemala,culture,0.55,true,country.8797,Guatemala,-90.390002,15.605589,1.0,country:1.00,matched,2026-04-27T16:46:44Z
48575,Asian Art,1834,1866,1850,1500:1999,||||||||Japan||,Japan,culture,0.55,true,country.8820,Japan,138.59223,36.386493,1.0,country:1.00,matched,2026-04-27T16:46:48Z
447185,Islamic Art,1100,1299,1199,1000:1499,||||||Iran||||,Iran,country,0.70,true,country.8814,Iran,54.301374,32.565838,1.0,country:1.00,matched,2026-04-27T16:46:46Z
449876,Islamic Art,775,825,800,500:999,Nishapur||||||Iran||||,"Nishapur, Iran",city||country,0.88,true,place.1878126,"Nishapur County, Razavi Khorasan, Iran",58.79233,36.21129,0.95,place:0.95,matched,2026-04-27T16:46:56Z
46276,Asian Art,1800,1899,1849,1500:1999,||||||||China||,China,culture,0.55,true,country.8753,People's Republic of China,101.901875,35.486703,1.0,country:1.00,matched,2026-04-27T16:46:34Z
460676,Robert Lehman Collection,1698,1802,1750,1500:1999,||||||||Chinese||,China,culture,0.55,true,country.8753,People's Republic of China,101.901875,35.486703,1.0,country:1.00,matched,2026-04-27T16:46:34Z
199111,European Sculpture and Decorative Arts,1700,1799,1749,1500:1999,||||||||||French,France,department||artistNationality,0.53,true,country.8781,France,2.618787,47.824905,1.0,country:1.00,matched,2026-04-27T16:46:43Z
61634,Asian Art,1271,1368,1319,1000:1499,||||||||China||,China,culture,0.55,true,country.8753,People's Republic of China,101.901875,35.486703,1.0,country:1.00,matched,2026-04-27T16:46:34Z
310568,The Michael C. Rockefeller Wing,650,1000,825,500:999,||||||Peru||Wari||,Peru,country,0.70,true,country.8880,Peru,-75.311132,-10.151093,1.0,country:1.00,matched,2026-04-27T16:47:00Z
52976,Asian Art,1736,1795,1765,1500:1999,||||||||China||,China,culture,0.55,true,country.8753,People's Republic of China,101.901875,35.486703,1.0,country:1.00,matched,2026-04-27T16:46:34Z
42486,Asian Art,1267,1299,1283,1000:1499,||||||||China||,China,culture,0.55,true,country.8753,People's Republic of China,101.901875,35.486703,1.0,country:1.00,matched,2026-04-27T16:46:34Z
192801,European Sculpture and Decorative Arts,1770,1770,1770,1500:1999,||||||||||British,Britain,department||artistNationality,0.53,true,country.8783,United Kingdom,-2.36967,54.237933,1.0,country:1.00,matched,2026-04-27T16:46:31Z
193077,European Sculpture and Decorative Arts,1800,1815,1807,1500:1999,||||||||||,,none,0.00,false,,,,,,,,
197232,European Sculpture and Decorative Arts,1545,1555,1550,1500:1999,||||||||||Italian,Italy,department||artistNationality,0.53,true,country.8816,Italy,12.646361,42.504154,1.0,country:1.00,matched,2026-04-27T16:46:47Z
460276,Robert Lehman Collection,1477,1503,1490,1000:1499,"||||||||Italian, Naples||","Naples, Italy",culture||country,0.55,true,place.36685936,"Naples, Naples, Italy",14.253269,40.84603,1.0,place:1.00,matched,2026-04-27T16:46:55Z
671536,European Sculpture and Decorative Arts,1495,1505,1500,1500:1999,||||||||||,,none,0.00,false,,,,,,,,
460900,Robert Lehman Collection,1662,1722,1692,1500:1999,||||||||Chinese||,China,culture,0.55,true,country.8753,People's Republic of China,101.901875,35.486703,1.0,country:1.00,matched,2026-04-27T16:46:34Z
48757,Asian Art,1668,1722,1695,1500:1999,||||||||China||,China,culture,0.55,true,country.8753,People's Republic of China,101.901875,35.486703,1.0,country:1.00,matched,2026-04-27T16:46:34Z
47945,Asian Art,1800,1899,1849,1500:1999,||||||||China||,China,culture,0.55,true,country.8753,People's Republic of China,101.901875,35.486703,1.0,country:1.00,matched,2026-04-27T16:46:34Z
309323,The Michael C. Rockefeller Wing,300,700,500,500:999,||||||Peru||Moche||,Peru,country,0.70,true,country.8880,Peru,-75.311132,-10.151093,1.0,country:1.00,matched,2026-04-27T16:47:00Z
50777,Asian Art,1573,1620,1596,1500:1999,||||||||China||,China,culture,0.55,true,country.8753,People's Republic of China,101.901875,35.486703,1.0,country:1.00,matched,2026-04-27T16:46:34Z
47696,Asian Art,1800,1899,1849,1500:1999,||||||||Japan||,Japan,culture,0.55,true,country.8820,Japan,138.59223,36.386493,1.0,country:1.00,matched,2026-04-27T16:46:48Z
448429,Islamic Art,1650,1699,1674,1500:1999,||||||Iran||||,Iran,country,0.70,true,country.8814,Iran,54.301374,32.565838,1.0,country:1.00,matched,2026-04-27T16:46:46Z
460268,Robert Lehman Collection,1571,1635,1603,1500:1999,||||||||Italian||,Italy,culture,0.55,true,country.8816,Italy,12.646361,42.504154,1.0,country:1.00,matched,2026-04-27T16:46:47Z
51024,Asian Art,1271,1368,1319,1000:1499,||||||||China||,China,culture,0.55,true,country.8753,People's Republic of China,101.901875,35.486703,1.0,country:1.00,matched,2026-04-27T16:46:34Z
465895,Medieval Art,1500,1599,1549,1500:1999,||||||||French||,France,culture,0.55,true,country.8781,France,2.618787,47.824905,1.0,country:1.00,matched,2026-04-27T16:46:43Z
50226,Asian Art,200,399,299,0:499,||||||||China||,China,culture,0.55,true,country.8753,People's Republic of China,101.901875,35.486703,1.0,country:1.00,matched,2026-04-27T16:46:34Z
198947,European Sculpture and Decorative Arts,1465,1505,1485,1000:1499,||||||||||,,none,0.00,false,,,,,,,,
468165,Medieval Art,1400,1450,1425,1000:1499,Florence or its vicinity||Tuscany||||Italy||Italian||,"Florence, Tuscany, Italy",city||state||country,0.75,true,place.22481008,"Florence, Florence, Italy",11.256129,43.771484,0.666667,place:0.67,matched,2026-04-27T16:46:42Z
448544,Islamic Art,1200,1299,1249,1000:1499,Rayy||||||Iran||||,"Rayy, Iran",city||country,0.88,true,country.8814,Iran,54.301374,32.565838,0.5,country:0.50,matched,2026-04-27T16:47:02Z
239359,European Sculpture and Decorative Arts,1880,1890,1885,1500:1999,||||||||||American and French,United States,department||artistNationality,0.15,false,country.8940,United States,-97.922211,39.381266,1.0,country:1.00,matched,2026-04-27T16:47:13Z
670809,European Sculpture and Decorative Arts,1875,1885,1880,1500:1999,"||||||||||British, Scottish",Scotland,department||artistNationality,0.35,true,region.17487,"Scotland, United Kingdom",-4.095892,56.734282,1.0,region:1.00,matched,2026-04-27T16:47:05Z
50952,Asian Art,1667,1733,1700,1500:1999,||||||||China||,China,culture,0.55,true,country.8753,People's Republic of China,101.901875,35.486703,1.0,country:1.00,matched,2026-04-27T16:46:34Z
308646,The Michael C. Rockefeller Wing,-500,-100,-300,-500:-1,||||||Peru||Paracas||,Peru,country,0.70,true,country.8880,Peru,-75.311132,-10.151093,1.0,country:1.00,matched,2026-04-27T16:47:00Z
47609,Asian Art,1668,1722,1695,1500:1999,||||||||China||,China,culture,0.55,true,country.8753,People's Republic of China,101.901875,35.486703,1.0,country:1.00,matched,2026-04-27T16:46:34Z
47183,Asian Art,1820,1820,1820,1500:1999,||||||||Japan||,Japan,culture,0.55,true,country.8820,Japan,138.59223,36.386493,1.0,country:1.00,matched,2026-04-27T16:46:48Z
37476,Asian Art,1300,1570,1435,1000:1499,||||||||Thailand (Si Satchanalai)||,"Si Satchanalai, Thailand",culture||country,0.55,true,place.6007005,"Si Satchanalai, Sukhothai, Thailand",99.80422,17.401382,1.0,place:1.00,matched,2026-04-27T16:47:06Z
451609,Islamic Art,1175,1225,1200,1000:1499,Nishapur||||||Iran||||,"Nishapur, Iran",city||country,0.88,true,place.1878126,"Nishapur County, Razavi Khorasan, Iran",58.79233,36.21129,0.95,place:0.95,matched,2026-04-27T16:46:56Z
62760,Asian Art,1650,1650,1650,1500:1999,||||||||Japan||,Japan,culture,0.55,true,country.8820,Japan,138.59223,36.386493,1.0,country:1.00,matched,2026-04-27T16:46:48Z
447070,Islamic Art,1600,1625,1612,1500:1999,Iznik||||||Turkey||||,"Iznik, Turkey",city||country,0.88,true,place.5138660,"İznik, Bursa, Türkiye",29.719765,40.42917,1.0,place:1.00,matched,2026-04-27T16:46:47Z
42355,Asian Art,1667,1733,1700,1500:1999,||||||||China||,China,culture,0.55,true,country.8753,People's Republic of China,101.901875,35.486703,1.0,country:1.00,matched,2026-04-27T16:46:34Z
460659,Robert Lehman Collection,1197,1303,1250,1000:1499,||||||||Chinese||,China,culture,0.55,true,country.8753,People's Republic of China,101.901875,35.486703,1.0,country:1.00,matched,2026-04-27T16:46:34Z
770971,European Sculpture and Decorative Arts,1860,1869,1864,1500:1999,||||||||||British,Britain,department||artistNationality,0.53,true,country.8783,United Kingdom,-2.36967,54.237933,1.0,country:1.00,matched,2026-04-27T16:46:31Z
47375,Asian Art,1800,1849,1824,1500:1999,||||||||China||,China,culture,0.55,true,country.8753,People's Republic of China,101.901875,35.486703,1.0,country:1.00,matched,2026-04-27T16:46:34Z
309446,The Michael C. Rockefeller Wing,300,700,500,500:999,||||||Peru||Moche||,Peru,country,0.70,true,country.8880,Peru,-75.311132,-10.151093,1.0,country:1.00,matched,2026-04-27T16:47:00Z
307614,The Michael C. Rockefeller Wing,-300,-200,-250,-500:-1,||||||Peru||Paracas||,Peru,country,0.70,true,country.8880,Peru,-75.311132,-10.151093,1.0,country:1.00,matched,2026-04-27T16:47:00Z
314694,The Michael C. Rockefeller Wing,100,600,350,0:499,||||||Peru||Moche||,Peru,country,0.70,true,country.8880,Peru,-75.311132,-10.151093,1.0,country:1.00,matched,2026-04-27T16:47:00Z
449851,Islamic Art,1000,1199,1099,1000:1499,Nishapur||||||Iran||||,"Nishapur, Iran",city||country,0.88,true,place.1878126,"Nishapur County, Razavi Khorasan, Iran",58.79233,36.21129,0.95,place:0.95,matched,2026-04-27T16:46:56Z
317786,The Michael C. Rockefeller Wing,300,500,400,0:499,||||South Coast||Peru||Nasca||,Peru,country,0.70,true,country.8880,Peru,-75.311132,-10.151093,1.0,country:1.00,matched,2026-04-27T16:47:00Z
63942,Asian Art,1600,1620,1610,1500:1999,||||||||Japan||,Japan,culture,0.55,true,country.8820,Japan,138.59223,36.386493,1.0,country:1.00,matched,2026-04-27T16:46:48Z
44467,Asian Art,-3500,-2000,-2750,-3000:-2501,||||||||China||,China,culture,0.55,true,country.8753,People's Republic of China,101.901875,35.486703,1.0,country:1.00,matched,2026-04-27T16:46:34Z
312606,The Michael C. Rockefeller Wing,-700,-200,-450,-500:-1,||||||Peru||Paracas||,Peru,country,0.70,true,country.8880,Peru,-75.311132,-10.151093,1.0,country:1.00,matched,2026-04-27T16:47:00Z
308586,The Michael C. Rockefeller Wing,-500,-100,-300,-500:-1,||||||Peru||Paracas||,Peru,country,0.70,true,country.8880,Peru,-75.311132,-10.151093,1.0,country:1.00,matched,2026-04-27T16:47:00Z
453623,Islamic Art,600,699,649,500:999,||||||Egypt||||,Egypt,country,0.70,true,country.8771,Egypt,29.871903,26.494184,1.0,country:1.00,matched,2026-04-27T16:46:40Z
62656,Asian Art,1700,1799,1749,1500:1999,||||||||Japan||,Japan,culture,0.55,true,country.8820,Japan,138.59223,36.386493,1.0,country:1.00,matched,2026-04-27T16:46:48Z
194395,European Sculpture and Decorative Arts,1705,1715,1710,1500:1999,||||||||||,,none,0.00,false,,,,,,,,
445268,Islamic Art,1300,1399,1349,1000:1499,||||||Syria||||,Syria,country,0.70,true,country.8919,Syria,38.505592,35.013048,1.0,country:1.00,matched,2026-04-27T16:47:09Z
309389,The Michael C. Rockefeller Wing,1400,1535,1467,1000:1499,||||||Peru||Inca||,Peru,country,0.70,true,country.8880,Peru,-75.311132,-10.151093,1.0,country:1.00,matched,2026-04-27T16:47:00Z
471836,The Cloisters,1400,1499,1449,1000:1499,Orvieto ?||||||Italy||Italian||,"Orvieto, Italy",city||country,0.68,true,place.38684784,"Orvieto, Terni, Italy",12.110295,42.718315,1.0,place:1.00,matched,2026-04-27T16:46:58Z
308446,The Michael C. Rockefeller Wing,-1100,-700,-900,-1000:-501,||||||Peru||Paracas||,Peru,country,0.70,true,country.8880,Peru,-75.311132,-10.151093,1.0,country:1.00,matched,2026-04-27T16:47:00Z
185902,European Sculpture and Decorative Arts,1695,1715,1705,1500:1999,||||||||||,,none,0.00,false,,,,,,,,
309753,The Michael C. Rockefeller Wing,1300,1600,1450,1000:1499,||||||Peru||Inca or Chimú||,Peru,country,0.70,true,country.8880,Peru,-75.311132,-10.151093,1.0,country:1.00,matched,2026-04-27T16:47:00Z
206522,European Sculpture and Decorative Arts,1754,1754,1754,1500:1999,||||||||||French,France,department||artistNationality,0.53,true,country.8781,France,2.618787,47.824905,1.0,country:1.00,matched,2026-04-27T16:46:43Z
49207,Asian Art,1000,1199,1099,1000:1499,||||||||China||,China,culture,0.55,true,country.8753,People's Republic of China,101.901875,35.486703,1.0,country:1.00,matched,2026-04-27T16:46:34Z
48507,Asian Art,960,1099,1029,1000:1499,||||||||China||,China,culture,0.55,true,country.8753,People's Republic of China,101.901875,35.486703,1.0,country:1.00,matched,2026-04-27T16:46:34Z
46815,Asian Art,1700,1799,1749,1500:1999,||||||||China||,China,culture,0.55,true,country.8753,People's Republic of China,101.901875,35.486703,1.0,country:1.00,matched,2026-04-27T16:46:34Z
37555,Asian Art,1000,1599,1299,1000:1499,||||||||Vietnam||,Vietnam,culture,0.55,true,country.8948,Vietnam,108.339537,14.315424,1.0,country:1.00,matched,2026-04-27T16:47:14Z
206107,European Sculpture and Decorative Arts,1752,1765,1758,1500:1999,||||||||||French,France,department||artistNationality,0.53,true,country.8781,France,2.618787,47.824905,1.0,country:1.00,matched,2026-04-27T16:46:43Z
47432,Asian Art,1368,1644,1506,1500:1999,||||||||China||,China,culture,0.55,true,country.8753,People's Republic of China,101.901875,35.486703,1.0,country:1.00,matched,2026-04-27T16:46:34Z
46544,Asian Art,1700,1722,1711,1500:1999,||||||||China||,China,culture,0.55,true,country.8753,People's Republic of China,101.901875,35.486703,1.0,country:1.00,matched,2026-04-27T16:46:34Z
463546,Medieval Art,1400,1600,1500,1500:1999,||||||Europe||European||,Europe,country,0.70,true,place.125147,"Europa Island, Scattered Islands in the Indian Ocean, French Southern and Antarctic Lands",40.363333,-22.368333,0.88,place:0.88,matched,2026-04-27T16:46:41Z
46623,Asian Art,1700,1799,1749,1500:1999,||||||||China||,China,culture,0.55,true,country.8753,People's Republic of China,101.901875,35.486703,1.0,country:1.00,matched,2026-04-27T16:46:34Z
201290,European Sculpture and Decorative Arts,1740,1770,1755,1500:1999,||||||||||,,none,0.00,false,,,,,,,,
51005,Asian Art,1622,1722,1672,1500:1999,||||||||China||,China,culture,0.55,true,country.8753,People's Republic of China,101.901875,35.486703,1.0,country:1.00,matched,2026-04-27T16:46:34Z
52656,Asian Art,960,1279,1119,1000:1499,||||||||China||,China,culture,0.55,true,country.8753,People's Republic of China,101.901875,35.486703,1.0,country:1.00,matched,2026-04-27T16:46:34Z
49363,Asian Art,1644,1911,1777,1500:1999,||||||||China||,China,culture,0.55,true,country.8753,People's Republic of China,101.901875,35.486703,1.0,country:1.00,matched,2026-04-27T16:46:34Z
307615,The Michael C. Rockefeller Wing,-300,-200,-250,-500:-1,||||||Peru||Paracas||,Peru,country,0.70,true,country.8880,Peru,-75.311132,-10.151093,1.0,country:1.00,matched,2026-04-27T16:47:00Z
52401,Asian Art,1700,1799,1749,1500:1999,||||||||Japan||,Japan,culture,0.55,true,country.8820,Japan,138.59223,36.386493,1.0,country:1.00,matched,2026-04-27T16:46:48Z
446652,Islamic Art,1400,1499,1449,1000:1499,||||||Iran||||,Iran,country,0.70,true,country.8814,Iran,54.301374,32.565838,1.0,country:1.00,matched,2026-04-27T16:46:46Z
465882,Medieval Art,1400,1499,1449,1000:1499,||||||||French||,France,culture,0.55,true,country.8781,France,2.618787,47.824905,1.0,country:1.00,matched,2026-04-27T16:46:43Z
662967,The Michael C. Rockefeller Wing,600,800,700,500:999,||||Mesoamerica||Mexico or Guatemala||Maya||,"Mesoamerica, Mexico",region||country,0.50,true,country.8863,Mexico,-102.532867,23.950464,0.5,country:0.50,matched,2026-04-27T16:46:53Z
308452,The Michael C. Rockefeller Wing,-700,-300,-500,-500:-1,||||||Peru||Paracas||,Peru,country,0.70,true,country.8880,Peru,-75.311132,-10.151093,1.0,country:1.00,matched,2026-04-27T16:47:00Z
314695,The Michael C. Rockefeller Wing,100,600,350,0:499,||||||Peru||Moche||,Peru,country,0.70,true,country.8880,Peru,-75.311132,-10.151093,1.0,country:1.00,matched,2026-04-27T16:47:00Z
49914,Asian Art,1000,1199,1099,1000:1499,||||||||China||,China,culture,0.55,true,country.8753,People's Republic of China,101.901875,35.486703,1.0,country:1.00,matched,2026-04-27T16:46:34Z
452025,Islamic Art,1100,1299,1199,1000:1499,Rayy||||||Iran||||,"Rayy, Iran",city||country,0.88,true,country.8814,Iran,54.301374,32.565838,0.5,country:0.50,matched,2026-04-27T16:47:02Z
46704,Asian Art,1700,1733,1716,1500:1999,||||||||China||,China,culture,0.55,true,country.8753,People's Republic of China,101.901875,35.486703,1.0,country:1.00,matched,2026-04-27T16:46:34Z
308647,The Michael C. Rockefeller Wing,-500,-100,-300,-500:-1,||||||Peru||Paracas||,Peru,country,0.70,true,country.8880,Peru,-75.311132,-10.151093,1.0,country:1.00,matched,2026-04-27T16:47:00Z
50547,Asian Art,1100,1199,1149,1000:1499,||||||||China||,China,culture,0.55,true,country.8753,People's Republic of China,101.901875,35.486703,1.0,country:1.00,matched,2026-04-27T16:46:34Z
771047,European Sculpture and Decorative Arts,1886,1886,1886,1500:1999,||||||||||British,Britain,department||artistNationality,0.53,true,country.8783,United Kingdom,-2.36967,54.237933,1.0,country:1.00,matched,2026-04-27T16:46:31Z
48697,Asian Art,1800,1899,1849,1500:1999,||||||||China||,China,culture,0.55,true,country.8753,People's Republic of China,101.901875,35.486703,1.0,country:1.00,matched,2026-04-27T16:46:34Z
52029,Asian Art,1736,1795,1765,1500:1999,||||||||China||,China,culture,0.55,true,country.8753,People's Republic of China,101.901875,35.486703,1.0,country:1.00,matched,2026-04-27T16:46:34Z
48593,Asian Art,1668,1722,1695,1500:1999,||||||||China||,China,culture,0.55,true,country.8753,People's Republic of China,101.901875,35.486703,1.0,country:1.00,matched,2026-04-27T16:46:34Z
318602,The Michael C. Rockefeller Wing,200,800,500,500:999,||||North Coast||Peru||Moche||,Peru,country,0.70,true,country.8880,Peru,-75.311132,-10.151093,1.0,country:1.00,matched,2026-04-27T16:47:00Z
308557,The Michael C. Rockefeller Wing,200,600,400,0:499,||||||Peru||Moche||,Peru,country,0.70,true,country.8880,Peru,-75.311132,-10.151093,1.0,country:1.00,matched,2026-04-27T16:47:00Z
461222,Robert Lehman Collection,1700,1800,1750,1500:1999,||||||||Chinese||,China,culture,0.55,true,country.8753,People's Republic of China,101.901875,35.486703,1.0,country:1.00,matched,2026-04-27T16:46:34Z
48591,Asian Art,1700,1799,1749,1500:1999,||||||||China||,China,culture,0.55,true,country.8753,People's Republic of China,101.901875,35.486703,1.0,country:1.00,matched,2026-04-27T16:46:34Z
202967,European Sculpture and Decorative Arts,1740,1745,1742,1500:1999,||||||||||,,none,0.00,false,,,,,,,,
46560,Asian Art,1700,1799,1749,1500:1999,||||||||China||,China,culture,0.55,true,country.8753,People's Republic of China,101.901875,35.486703,1.0,country:1.00,matched,2026-04-27T16:46:34Z
48466,Asian Art,1700,1799,1749,1500:1999,||||||||China||,China,culture,0.55,true,country.8753,People's Republic of China,101.901875,35.486703,1.0,country:1.00,matched,2026-04-27T16:46:34Z
62541,Asian Art,1800,1899,1849,1500:1999,||||||||Japan||,Japan,culture,0.55,true,country.8820,Japan,138.59223,36.386493,1.0,country:1.00,matched,2026-04-27T16:46:48Z
57405,Asian Art,1100,1150,1125,1000:1499,||||||||Korea||,Korea,culture,0.55,true,country.8828,South Korea,128.168944,36.536236,1.0,country:1.00,matched,2026-04-27T16:46:49Z
308545,The Michael C. Rockefeller Wing,200,500,350,0:499,||||||Peru||Moche||,Peru,country,0.70,true,country.8880,Peru,-75.311132,-10.151093,1.0,country:1.00,matched,2026-04-27T16:47:00Z
46930,Asian Art,1700,1722,1711,1500:1999,||||||||China||,China,culture,0.55,true,country.8753,People's Republic of China,101.901875,35.486703,1.0,country:1.00,matched,2026-04-27T16:46:34Z
476304,Medieval Art,300,699,499,0:499,||Kharga Oasis||||Byzantine Egypt||Coptic||,"Kharga Oasis, Byzantine Egypt",state||country,0.72,true,country.8771,Egypt,29.871903,26.494184,0.388889,country:0.39,matched,2026-04-27T16:46:49Z
47427,Asian Art,1700,1799,1749,1500:1999,||||||||China||,China,culture,0.55,true,country.8753,People's Republic of China,101.901875,35.486703,1.0,country:1.00,matched,2026-04-27T16:46:34Z
204380,European Sculpture and Decorative Arts,1800,1899,1849,1500:1999,||||||||||,,none,0.00,false,,,,,,,,
207564,European Sculpture and Decorative Arts,1885,1899,1892,1500:1999,||||||||||Italian,Italy,department||artistNationality,0.53,true,country.8816,Italy,12.646361,42.504154,1.0,country:1.00,matched,2026-04-27T16:46:47Z
771043,European Sculpture and Decorative Arts,1880,1889,1884,1500:1999,||||||||||British,Britain,department||artistNationality,0.53,true,country.8783,United Kingdom,-2.36967,54.237933,1.0,country:1.00,matched,2026-04-27T16:46:31Z
309325,The Michael C. Rockefeller Wing,100,500,300,0:499,||||||Peru||Moche||,Peru,country,0.70,true,country.8880,Peru,-75.311132,-10.151093,1.0,country:1.00,matched,2026-04-27T16:47:00Z
449883,Islamic Art,700,899,799,500:999,Nishapur||||||Iran||||,"Nishapur, Iran",city||country,0.88,true,place.1878126,"Nishapur County, Razavi Khorasan, Iran",58.79233,36.21129,0.95,place:0.95,matched,2026-04-27T16:46:56Z
205382,European Sculpture and Decorative Arts,1800,1899,1849,1500:1999,||||||||||,,none,0.00,false,,,,,,,,
207404,European Sculpture and Decorative Arts,1710,1720,1715,1500:1999,||||||||||,,none,0.00,false,,,,,,,,
50333,Asian Art,1624,1643,1633,1500:1999,||||||||Japan||,Japan,culture,0.55,true,country.8820,Japan,138.59223,36.386493,1.0,country:1.00,matched,2026-04-27T16:46:48Z
317989,The Michael C. Rockefeller Wing,1101,1600,1350,1000:1499,||||||Mali||Middle Niger civilization||,Mali,country,0.70,true,country.8851,Mali,-1.252145,17.350335,1.0,country:1.00,matched,2026-04-27T16:46:51Z
478668,Medieval Art,300,699,499,0:499,||Kharga Oasis||||Byzantine Egypt||Coptic||,"Kharga Oasis, Byzantine Egypt",state||country,0.72,true,country.8771,Egypt,29.871903,26.494184,0.388889,country:0.39,matched,2026-04-27T16:46:49Z
460144,Robert Lehman Collection,1477,1483,1480,1000:1499,"||||||||Italian, probably Faenza||","Faenza, Italy",culture||country,0.35,true,place.21547120,"Faenza, Ravenna, Italy",11.882004,44.285633,1.0,place:1.00,matched,2026-04-27T16:46:41Z
47223,Asian Art,1800,1899,1849,1500:1999,||||||||Japan||,Japan,culture,0.55,true,country.8820,Japan,138.59223,36.386493,1.0,country:1.00,matched,2026-04-27T16:46:48Z
51222,Asian Art,1767,1799,1783,1500:1999,||||||||China||,China,culture,0.55,true,country.8753,People's Republic of China,101.901875,35.486703,1.0,country:1.00,matched,2026-04-27T16:46:34Z
53006,Asian Art,1600,1633,1616,1500:1999,||||||||Japan||,Japan,culture,0.55,true,country.8820,Japan,138.59223,36.386493,1.0,country:1.00,matched,2026-04-27T16:46:48Z
770975,European Sculpture and Decorative Arts,1870,1870,1870,1500:1999,||||||||||British,Britain,department||artistNationality,0.53,true,country.8783,United Kingdom,-2.36967,54.237933,1.0,country:1.00,matched,2026-04-27T16:46:31Z
36446,Asian Art,-2800,-2400,-2600,-3000:-2501,||||||||China||,China,culture,0.55,true,country.8753,People's Republic of China,101.901875,35.486703,1.0,country:1.00,matched,2026-04-27T16:46:34Z
308556,The Michael C. Rockefeller Wing,200,600,400,0:499,||||||Peru||Moche||,Peru,country,0.70,true,country.8880,Peru,-75.311132,-10.151093,1.0,country:1.00,matched,2026-04-27T16:47:00Z
194251,European Sculpture and Decorative Arts,1600,1750,1675,1500:1999,||||||||||,,none,0.00,false,,,,,,,,
451431,Islamic Art,1100,1299,1199,1000:1499,Raqqa||||||Syria||||,"Raqqa, Syria",city||country,0.88,true,place.13035735,"Raqqa, Al-Raqqah, Syria",39.008921,35.949678,1.0,place:1.00,matched,2026-04-27T16:47:01Z
49214,Asian Art,1000,1099,1049,1000:1499,||||||||China||,China,culture,0.55,true,country.8753,People's Republic of China,101.901875,35.486703,1.0,country:1.00,matched,2026-04-27T16:46:34Z
50473,Asian Art,1662,1722,1692,1500:1999,||||||||China||,China,culture,0.55,true,country.8753,People's Republic of China,101.901875,35.486703,1.0,country:1.00,matched,2026-04-27T16:46:34Z
62611,Asian Art,1800,1899,1849,1500:1999,||||||||Japan||,Japan,culture,0.55,true,country.8820,Japan,138.59223,36.386493,1.0,country:1.00,matched,2026-04-27T16:46:48Z
848435,European Sculpture and Decorative Arts,1715,1725,1720,1500:1999,||||||||||German,Germany,department||artistNationality,0.53,true,country.8762,Germany,10.018343,51.133481,1.0,country:1.00,matched,2026-04-27T16:46:43Z
50356,Asian Art,1200,1249,1224,1000:1499,||||||||Korea||,Korea,culture,0.55,true,country.8828,South Korea,128.168944,36.536236,1.0,country:1.00,matched,2026-04-27T16:46:49Z
46571,Asian Art,1700,1799,1749,1500:1999,||||||||China||,China,culture,0.55,true,country.8753,People's Republic of China,101.901875,35.486703,1.0,country:1.00,matched,2026-04-27T16:46:34Z
49900,Asian Art,-99,1,-49,-500:-1,||||||||China||,China,culture,0.55,true,country.8753,People's Republic of China,101.901875,35.486703,1.0,country:1.00,matched,2026-04-27T16:46:34Z
42376,Asian Art,667,749,708,500:999,||||||||China||,China,culture,0.55,true,country.8753,People's Republic of China,101.901875,35.486703,1.0,country:1.00,matched,2026-04-27T16:46:34Z
479661,The Cloisters,1300,1400,1350,1000:1499,||||||||British||,Britain,culture,0.55,true,country.8783,United Kingdom,-2.36967,54.237933,1.0,country:1.00,matched,2026-04-27T16:46:31Z
52217,Asian Art,1640,1649,1644,1500:1999,||||||||Japan||,Japan,culture,0.55,true,country.8820,Japan,138.59223,36.386493,1.0,country:1.00,matched,2026-04-27T16:46:48Z
467958,Medieval Art,1500,1599,1549,1500:1999,Valencia||||||||Spanish||,"Valencia, Spain",city||culture,0.65,true,place.59942982,"Valencia, Valencia, Spain",-0.375984,39.47132,1.0,place:1.00,matched,2026-04-27T16:47:13Z
197515,European Sculpture and Decorative Arts,1750,1760,1755,1500:1999,||||||||||,,none,0.00,false,,,,,,,,
460134,Robert Lehman Collection,1471,1500,1485,1000:1499,"||||||||Italian, possibly Florence or Faenza||","Florence, Italy",culture||country,0.35,true,place.22481008,"Florence, Florence, Italy",11.256129,43.771484,1.0,place:1.00,matched,2026-04-27T16:46:42Z
471757,The Cloisters,1450,1499,1474,1000:1499,Manises||Valencia||||Spain||Spanish||,"Manises, Valencia, Spain, Valencia, Spain",city||state||country,0.95,true,place.35178566,"Manises, Valencia, Spain",-0.462126,39.493927,1.0,place:1.00,matched,2026-04-27T16:46:52Z
63088,Asian Art,1470,1490,1480,1000:1499,||||||||Japan||Japanese,Japan,culture,0.55,true,country.8820,Japan,138.59223,36.386493,1.0,country:1.00,matched,2026-04-27T16:46:48Z
42240,Asian Art,1767,1899,1833,1500:1999,||||||||China||,China,culture,0.55,true,country.8753,People's Republic of China,101.901875,35.486703,1.0,country:1.00,matched,2026-04-27T16:46:34Z
446888,Islamic Art,1100,1299,1199,1000:1499,Raqqa||||||Syria||||,"Raqqa, Syria",city||country,0.88,true,place.13035735,"Raqqa, Al-Raqqah, Syria",39.008921,35.949678,1.0,place:1.00,matched,2026-04-27T16:47:01Z
205322,European Sculpture and Decorative Arts,1745,1760,1752,1500:1999,||||||||||British,Britain,department||artistNationality,0.53,true,country.8783,United Kingdom,-2.36967,54.237933,1.0,country:1.00,matched,2026-04-27T16:46:31Z
468395,Medieval Art,1400,1599,1499,1000:1499,||Surrey||||England||British||,"Surrey, England, England",state||country,0.72,true,district.1222223,"Surrey, England, United Kingdom",-0.205921,51.23765,0.666667,district:0.67,matched,2026-04-27T16:47:08Z
49898,Asian Art,-800,-400,-600,-1000:-501,||||||||China||,China,culture,0.55,true,country.8753,People's Republic of China,101.901875,35.486703,1.0,country:1.00,matched,2026-04-27T16:46:34Z
477269,Medieval Art,300,699,499,0:499,||Kharga Oasis||||Byzantine Egypt||Coptic||,"Kharga Oasis, Byzantine Egypt",state||country,0.72,true,country.8771,Egypt,29.871903,26.494184,0.388889,country:0.39,matched,2026-04-27T16:46:49Z
38546,Asian Art,1400,1599,1499,1000:1499,||||||||Vietnam||,Vietnam,culture,0.55,true,country.8948,Vietnam,108.339537,14.315424,1.0,country:1.00,matched,2026-04-27T16:47:14Z
52517,Asian Art,1780,1780,1780,1500:1999,||||||||Japan||,Japan,culture,0.55,true,country.8820,Japan,138.59223,36.386493,1.0,country:1.00,matched,2026-04-27T16:46:48Z
75915,Asian Art,1150,1350,1250,1000:1499,||||||||Vietnam||,Vietnam,culture,0.55,true,country.8948,Vietnam,108.339537,14.315424,1.0,country:1.00,matched,2026-04-27T16:47:14Z
201695,European Sculpture and Decorative Arts,1550,1599,1574,1500:1999,||||||||||German,Germany,department||artistNationality,0.53,true,country.8762,Germany,10.018343,51.133481,1.0,country:1.00,matched,2026-04-27T16:46:43Z
47373,Asian Art,1644,1911,1777,1500:1999,||||||||China||,China,culture,0.55,true,country.8753,People's Republic of China,101.901875,35.486703,1.0,country:1.00,matched,2026-04-27T16:46:34Z
44722,Asian Art,-2400,-2000,-2200,-2500:-2001,||||||||China||,China,culture,0.55,true,country.8753,People's Republic of China,101.901875,35.486703,1.0,country:1.00,matched,2026-04-27T16:46:34Z
308540,The Michael C. Rockefeller Wing,200,600,400,0:499,||||||Peru||Moche||,Peru,country,0.70,true,country.8880,Peru,-75.311132,-10.151093,1.0,country:1.00,matched,2026-04-27T16:47:00Z
53944,Asian Art,1662,1722,1692,1500:1999,||||||||China||,China,culture,0.55,true,country.8753,People's Republic of China,101.901875,35.486703,1.0,country:1.00,matched,2026-04-27T16:46:34Z
487292,Modern and Contemporary Art,1888,1898,1893,1500:1999,||||||||||British,Britain,artistNationality,0.45,true,country.8783,United Kingdom,-2.36967,54.237933,1.0,country:1.00,matched,2026-04-27T16:46:31Z
308615,The Michael C. Rockefeller Wing,-500,-200,-350,-500:-1,||||Ica Valley||Peru||Paracas||,"Ica Valley, Peru, Peru",region||country,0.70,true,place.5556400,"Ica District, Ica, Peru",-75.729645,-14.063716,0.592593,place:0.59,matched,2026-04-27T16:46:45Z
204356,European Sculpture and Decorative Arts,1800,1899,1849,1500:1999,||||||||||,,none,0.00,false,,,,,,,,
42477,Asian Art,1267,1333,1300,1000:1499,||||||||China||,China,culture,0.55,true,country.8753,People's Republic of China,101.901875,35.486703,1.0,country:1.00,matched,2026-04-27T16:46:34Z
47660,Asian Art,1700,1722,1711,1500:1999,||||||||China||,China,culture,0.55,true,country.8753,People's Republic of China,101.901875,35.486703,1.0,country:1.00,matched,2026-04-27T16:46:34Z
48156,Asian Art,1271,1368,1319,1000:1499,||||||||China||,China,culture,0.55,true,country.8753,People's Republic of China,101.901875,35.486703,1.0,country:1.00,matched,2026-04-27T16:46:34Z
465885,Medieval Art,1400,1599,1499,1000:1499,||||||||French||,France,culture,0.55,true,country.8781,France,2.618787,47.824905,1.0,country:1.00,matched,2026-04-27T16:46:43Z
48734,Asian Art,206,220,213,0:499,||||||||China||,China,culture,0.55,true,country.8753,People's Republic of China,101.901875,35.486703,1.0,country:1.00,matched,2026-04-27T16:46:34Z
314524,The Michael C. Rockefeller Wing,100,200,150,0:499,||||Mesoamerica||Guatemala||Maya||,"Mesoamerica, Guatemala",region||country,0.70,true,country.8797,Guatemala,-90.390002,15.605589,0.5,country:0.50,matched,2026-04-27T16:46:53Z
308532,The Michael C. Rockefeller Wing,500,800,650,500:999,||||North Coast||Peru||Moche||,Peru,country,0.70,true,country.8880,Peru,-75.311132,-10.151093,1.0,country:1.00,matched,2026-04-27T16:47:00Z
42450,Asian Art,1000,1199,1099,1000:1499,||||||||China||,China,culture,0.55,true,country.8753,People's Republic of China,101.901875,35.486703,1.0,country:1.00,matched,2026-04-27T16:46:34Z
52936,Asian Art,1622,1722,1672,1500:1999,||||||||China||,China,culture,0.55,true,country.8753,People's Republic of China,101.901875,35.486703,1.0,country:1.00,matched,2026-04-27T16:46:34Z
449455,Islamic Art,775,899,837,500:999,Nishapur||||||Iran||||,"Nishapur, Iran",city||country,0.88,true,place.1878126,"Nishapur County, Razavi Khorasan, Iran",58.79233,36.21129,0.95,place:0.95,matched,2026-04-27T16:46:56Z
48560,Asian Art,1662,1722,1692,1500:1999,||||||||China||,China,culture,0.55,true,country.8753,People's Republic of China,101.901875,35.486703,1.0,country:1.00,matched,2026-04-27T16:46:34Z
468396,Medieval Art,1400,1600,1500,1500:1999,||Surrey||||England||British||,"Surrey, England, England",state||country,0.72,true,district.1222223,"Surrey, England, United Kingdom",-0.205921,51.23765,0.666667,district:0.67,matched,2026-04-27T16:47:08Z
312632,The Michael C. Rockefeller Wing,200,500,350,0:499,||||North Coast||Peru||Moche||,Peru,country,0.70,true,country.8880,Peru,-75.311132,-10.151093,1.0,country:1.00,matched,2026-04-27T16:47:00Z
200892,European Sculpture and Decorative Arts,1545,1555,1550,1500:1999,||||||||||German,Germany,department||artistNationality,0.53,true,country.8762,Germany,10.018343,51.133481,1.0,country:1.00,matched,2026-04-27T16:46:43Z
444497,Islamic Art,1600,1699,1649,1500:1999,||||||Iran||||,Iran,country,0.70,true,country.8814,Iran,54.301374,32.565838,1.0,country:1.00,matched,2026-04-27T16:46:46Z
199110,European Sculpture and Decorative Arts,1800,1899,1849,1500:1999,||||||||||,,none,0.00,false,,,,,,,,
307868,The Michael C. Rockefeller Wing,-700,-300,-500,-500:-1,||||||Peru||Paracas||,Peru,country,0.70,true,country.8880,Peru,-75.311132,-10.151093,1.0,country:1.00,matched,2026-04-27T16:47:00Z
203607,European Sculpture and Decorative Arts,1765,1775,1770,1500:1999,||||||||||British,Britain,department||artistNationality,0.53,true,country.8783,United Kingdom,-2.36967,54.237933,1.0,country:1.00,matched,2026-04-27T16:46:31Z
39559,Asian Art,700,799,749,500:999,||||||||China||,China,culture,0.55,true,country.8753,People's Republic of China,101.901875,35.486703,1.0,country:1.00,matched,2026-04-27T16:46:34Z
205476,European Sculpture and Decorative Arts,1780,1790,1785,1500:1999,||||||||||Danish,Denmark,department||artistNationality,0.35,true,country.8765,Denmark,10.046297,55.963398,1.0,country:1.00,matched,2026-04-27T16:46:38Z
46919,Asian Art,1700,1722,1711,1500:1999,||||||||China||,China,culture,0.55,true,country.8753,People's Republic of China,101.901875,35.486703,1.0,country:1.00,matched,2026-04-27T16:46:34Z
444508,Islamic Art,1600,1699,1649,1500:1999,||||||Iran||||,Iran,country,0.70,true,country.8814,Iran,54.301374,32.565838,1.0,country:1.00,matched,2026-04-27T16:46:46Z
770927,European Sculpture and Decorative Arts,1886,1896,1891,1500:1999,||||||||||British,Britain,department||artistNationality,0.53,true,country.8783,United Kingdom,-2.36967,54.237933,1.0,country:1.00,matched,2026-04-27T16:46:31Z
318603,The Michael C. Rockefeller Wing,100,500,300,0:499,||||||Peru||Moche||,Peru,country,0.70,true,country.8880,Peru,-75.311132,-10.151093,1.0,country:1.00,matched,2026-04-27T16:47:00Z
308464,The Michael C. Rockefeller Wing,-200,100,-50,-500:-1,||||||Peru||Topará||,Peru,country,0.70,true,country.8880,Peru,-75.311132,-10.151093,1.0,country:1.00,matched,2026-04-27T16:47:00Z
47290,Asian Art,1800,1899,1849,1500:1999,||||||||China||,China,culture,0.55,true,country.8753,People's Republic of China,101.901875,35.486703,1.0,country:1.00,matched,2026-04-27T16:46:34Z
770959,European Sculpture and Decorative Arts,1870,1880,1875,1500:1999,||||||||||British,Britain,department||artistNationality,0.53,true,country.8783,United Kingdom,-2.36967,54.237933,1.0,country:1.00,matched,2026-04-27T16:46:31Z
206073,European Sculpture and Decorative Arts,1750,1760,1755,1500:1999,||||||||||British,Britain,department||artistNationality,0.53,true,country.8783,United Kingdom,-2.36967,54.237933,1.0,country:1.00,matched,2026-04-27T16:46:31Z
471754,The Cloisters,1450,1499,1474,1000:1499,Manises||Valencia||||Spain||Spanish||,"Manises, Valencia, Spain, Valencia, Spain",city||state||country,0.95,true,place.35178566,"Manises, Valencia, Spain",-0.462126,39.493927,1.0,place:1.00,matched,2026-04-27T16:46:52Z
308301,The Michael C. Rockefeller Wing,-600,-300,-450,-500:-1,||||||Peru||Paracas||,Peru,country,0.70,true,country.8880,Peru,-75.311132,-10.151093,1.0,country:1.00,matched,2026-04-27T16:47:00Z
308510,The Michael C. Rockefeller Wing,200,500,350,0:499,||||||Peru||Moche||,Peru,country,0.70,true,country.8880,Peru,-75.311132,-10.151093,1.0,country:1.00,matched,2026-04-27T16:47:00Z
444478,Islamic Art,1700,1750,1725,1500:1999,||||||Iran||||,Iran,country,0.70,true,country.8814,Iran,54.301374,32.565838,1.0,country:1.00,matched,2026-04-27T16:46:46Z
52932,Asian Art,1662,1722,1692,1500:1999,||||||||China||,China,culture,0.55,true,country.8753,People's Republic of China,101.901875,35.486703,1.0,country:1.00,matched,2026-04-27T16:46:34Z
314954,The Michael C. Rockefeller Wing,1400,1535,1467,1000:1499,||||||Peru||Inca||,Peru,country,0.70,true,country.8880,Peru,-75.311132,-10.151093,1.0,country:1.00,matched,2026-04-27T16:47:00Z
465874,Medieval Art,1200,1400,1300,1000:1499,||||||||French||,France,culture,0.55,true,country.8781,France,2.618787,47.824905,1.0,country:1.00,matched,2026-04-27T16:46:43Z
446946,Islamic Art,1600,1799,1699,1500:1999,||||||Iran||||,Iran,country,0.70,true,country.8814,Iran,54.301374,32.565838,1.0,country:1.00,matched,2026-04-27T16:46:46Z
447464,Islamic Art,1075,1125,1100,1000:1499,Fustat||||||Egypt||||,"Fustat, Egypt",city||country,0.88,true,country.8771,Egypt,29.871903,26.494184,0.5,country:0.50,matched,2026-04-27T16:46:43Z
471752,The Cloisters,1450,1499,1474,1000:1499,Manises||Valencia||||Spain||Spanish||,"Manises, Valencia, Spain, Valencia, Spain",city||state||country,0.95,true,place.35178566,"Manises, Valencia, Spain",-0.462126,39.493927,1.0,place:1.00,matched,2026-04-27T16:46:52Z
52921,Asian Art,1662,1722,1692,1500:1999,||||||||China||,China,culture,0.55,true,country.8753,People's Republic of China,101.901875,35.486703,1.0,country:1.00,matched,2026-04-27T16:46:34Z
477278,Medieval Art,300,699,499,0:499,||Kharga Oasis||||Byzantine Egypt||Coptic||,"Kharga Oasis, Byzantine Egypt",state||country,0.72,true,country.8771,Egypt,29.871903,26.494184,0.388889,country:0.39,matched,2026-04-27T16:46:49Z
308570,The Michael C. Rockefeller Wing,200,400,300,0:499,||||South Coast||Peru||Nasca||,Peru,country,0.70,true,country.8880,Peru,-75.311132,-10.151093,1.0,country:1.00,matched,2026-04-27T16:47:00Z
309496,The Michael C. Rockefeller Wing,300,600,450,0:499,||||||Peru||Moche||,Peru,country,0.70,true,country.8880,Peru,-75.311132,-10.151093,1.0,country:1.00,matched,2026-04-27T16:47:00Z
42204,Asian Art,1667,1733,1700,1500:1999,||||||||China||,China,culture,0.55,true,country.8753,People's Republic of China,101.901875,35.486703,1.0,country:1.00,matched,2026-04-27T16:46:34Z
42265,Asian Art,1100,1133,1116,1000:1499,||||||||Korea||,Korea,culture,0.55,true,country.8828,South Korea,128.168944,36.536236,1.0,country:1.00,matched,2026-04-27T16:46:49Z
44747,Asian Art,1506,1521,1513,1500:1999,||||||||China||,China,culture,0.55,true,country.8753,People's Republic of China,101.901875,35.486703,1.0,country:1.00,matched,2026-04-27T16:46:34Z
449708,Islamic Art,800,899,849,500:999,Nishapur||||||Iran||||,"Nishapur, Iran",city||country,0.88,true,place.1878126,"Nishapur County, Razavi Khorasan, Iran",58.79233,36.21129,0.95,place:0.95,matched,2026-04-27T16:46:56Z
201054,European Sculpture and Decorative Arts,1755,1785,1770,1500:1999,||||||||||,,none,0.00,false,,,,,,,,
48660,Asian Art,1662,1722,1692,1500:1999,||||||||China||,China,culture,0.55,true,country.8753,People's Republic of China,101.901875,35.486703,1.0,country:1.00,matched,2026-04-27T16:46:34Z
200911,European Sculpture and Decorative Arts,1770,1780,1775,1500:1999,||||||||||German,Germany,department||artistNationality,0.53,true,country.8762,Germany,10.018343,51.133481,1.0,country:1.00,matched,2026-04-27T16:46:43Z
310673,The Michael C. Rockefeller Wing,-200,300,50,0:499,||Colima||Mesoamerica||Mexico||Colima||,"Colima, Mexico, Mexico",state||country,0.72,true,region.255135,"Mexico, Mexico",-99.724084,19.642105,0.666667,region:0.67,matched,2026-04-27T16:46:35Z
310654,The Michael C. Rockefeller Wing,-1200,-800,-1000,-1000:-501,||||North Coast||Peru||Cupisnique||,Peru,country,0.70,true,country.8880,Peru,-75.311132,-10.151093,1.0,country:1.00,matched,2026-04-27T16:47:00Z
46565,Asian Art,1668,1722,1695,1500:1999,||||||||China||,China,culture,0.55,true,country.8753,People's Republic of China,101.901875,35.486703,1.0,country:1.00,matched,2026-04-27T16:46:34Z
207847,European Sculpture and Decorative Arts,1800,1899,1849,1500:1999,||||||||||,,none,0.00,false,,,,,,,,
48432,Asian Art,-206,220,7,0:499,||||||||China||,China,culture,0.55,true,country.8753,People's Republic of China,101.901875,35.486703,1.0,country:1.00,matched,2026-04-27T16:46:34Z
49425,Asian Art,1767,1799,1783,1500:1999,||||||||Japan||,Japan,culture,0.55,true,country.8820,Japan,138.59223,36.386493,1.0,country:1.00,matched,2026-04-27T16:46:48Z
308487,The Michael C. Rockefeller Wing,-500,-300,-400,-500:-1,||||Ica Valley||Peru||Paracas||,"Ica Valley, Peru, Peru",region||country,0.70,true,place.5556400,"Ica District, Ica, Peru",-75.729645,-14.063716,0.592593,place:0.59,matched,2026-04-27T16:46:45Z
37475,Asian Art,1300,1570,1435,1000:1499,||||||||Thailand (Si Satchanalai)||,"Si Satchanalai, Thailand",culture||country,0.55,true,place.6007005,"Si Satchanalai, Sukhothai, Thailand",99.80422,17.401382,1.0,place:1.00,matched,2026-04-27T16:47:06Z
207779,European Sculpture and Decorative Arts,1873,1887,1880,1500:1999,||||||||||,,none,0.00,false,,,,,,,,
50563,Asian Art,-475,-256,-366,-500:-1,||||||||China||,China,culture,0.55,true,country.8753,People's Republic of China,101.901875,35.486703,1.0,country:1.00,matched,2026-04-27T16:46:34Z
51213,Asian Art,1500,1650,1575,1500:1999,||||||||China||,China,culture,0.55,true,country.8753,People's Republic of China,101.901875,35.486703,1.0,country:1.00,matched,2026-04-27T16:46:34Z
199765,European Sculpture and Decorative Arts,1800,1815,1807,1500:1999,||||||||||,,none,0.00,false,,,,,,,,
452082,Islamic Art,1150,1299,1224,1000:1499,probably Rayy||||||Iran||||,"Rayy, Iran, Iran",city||country,0.68,true,place.1099886,"Eyvan County, Ilam, Iran",46.309772,33.82832,0.613333,place:0.61,matched,2026-04-27T16:47:02Z
37455,Asian Art,1250,1450,1350,1000:1499,||||||||Thailand||,Thailand,culture,0.55,true,country.8925,Thailand,101.017438,15.127333,1.0,country:1.00,matched,2026-04-27T16:47:09Z
52984,Asian Art,1368,1644,1506,1500:1999,||||||||China||,China,culture,0.55,true,country.8753,People's Republic of China,101.901875,35.486703,1.0,country:1.00,matched,2026-04-27T16:46:34Z
317831,The Michael C. Rockefeller Wing,500,1000,750,500:999,||||||Peru||Wari||,Peru,country,0.70,true,country.8880,Peru,-75.311132,-10.151093,1.0,country:1.00,matched,2026-04-27T16:47:00Z
456054,Islamic Art,900,1199,1049,1000:1499,Raqqa||||||Syria||||,"Raqqa, Syria",city||country,0.88,true,place.13035735,"Raqqa, Al-Raqqah, Syria",39.008921,35.949678,1.0,place:1.00,matched,2026-04-27T16:47:01Z
201299,European Sculpture and Decorative Arts,1785,1799,1792,1500:1999,||||||||||,,none,0.00,false,,,,,,,,
463085,Medieval Art,1400,1499,1449,1000:1499,probably Manises||Valencia||||Spain||Spanish||,"Manises, Valencia, Spain, Valencia, Spain",city||state||country,0.75,true,place.35178566,"Manises, Valencia, Spain",-0.462126,39.493927,1.0,place:1.00,matched,2026-04-27T16:46:52Z
460652,Robert Lehman Collection,671,749,710,500:999,||||||||Chinese||,China,culture,0.55,true,country.8753,People's Republic of China,101.901875,35.486703,1.0,country:1.00,matched,2026-04-27T16:46:34Z
47347,Asian Art,1767,1799,1783,1500:1999,||||||||China||,China,culture,0.55,true,country.8753,People's Republic of China,101.901875,35.486703,1.0,country:1.00,matched,2026-04-27T16:46:34Z
187794,European Sculpture and Decorative Arts,1595,1605,1600,1500:1999,||||||||||,,none,0.00,false,,,,,,,,
52506,Asian Art,1870,1870,1870,1500:1999,||||||||Japan||,Japan,culture,0.55,true,country.8820,Japan,138.59223,36.386493,1.0,country:1.00,matched,2026-04-27T16:46:48Z
308549,The Michael C. Rockefeller Wing,300,600,450,0:499,||||||Peru||Moche||,Peru,country,0.70,true,country.8880,Peru,-75.311132,-10.151093,1.0,country:1.00,matched,2026-04-27T16:47:00Z
192034,European Sculpture and Decorative Arts,1800,1850,1825,1500:1999,||||||||||,,none,0.00,false,,,,,,,,
199534,European Sculpture and Decorative Arts,1727,1727,1727,1500:1999,||||||||||,,none,0.00,false,,,,,,,,
48338,Asian Art,1700,1799,1749,1500:1999,||||||||China||,China,culture,0.55,true,country.8753,People's Republic of China,101.901875,35.486703,1.0,country:1.00,matched,2026-04-27T16:46:34Z
46869,Asian Art,1767,1799,1783,1500:1999,||||||||China||,China,culture,0.55,true,country.8753,People's Republic of China,101.901875,35.486703,1.0,country:1.00,matched,2026-04-27T16:46:34Z
192014,European Sculpture and Decorative Arts,1800,1899,1849,1500:1999,||||||||||,,none,0.00,false,,,,,,,,
200894,European Sculpture and Decorative Arts,1650,1660,1655,1500:1999,||||||||||German,Germany,department||artistNationality,0.53,true,country.8762,Germany,10.018343,51.133481,1.0,country:1.00,matched,2026-04-27T16:46:43Z
51049,Asian Art,960,1279,1119,1000:1499,||||||||China||,China,culture,0.55,true,country.8753,People's Republic of China,101.901875,35.486703,1.0,country:1.00,matched,2026-04-27T16:46:34Z
449403,Islamic Art,875,925,900,500:999,Nishapur||||||Iran||||,"Nishapur, Iran",city||country,0.88,true,place.1878126,"Nishapur County, Razavi Khorasan, Iran",58.79233,36.21129,0.95,place:0.95,matched,2026-04-27T16:46:56Z
468400,Medieval Art,1200,1500,1350,1000:1499,||||||||British||,Britain,culture,0.55,true,country.8783,United Kingdom,-2.36967,54.237933,1.0,country:1.00,matched,2026-04-27T16:46:31Z
444516,Islamic Art,1600,1650,1625,1500:1999,||||||Iran||||,Iran,country,0.70,true,country.8814,Iran,54.301374,32.565838,1.0,country:1.00,matched,2026-04-27T16:46:46Z
448700,Islamic Art,700,999,849,500:999,Ctesiphon||||||Iraq||||,"Ctesiphon, Iraq",city||country,0.88,true,country.8813,Iraq,43.404716,33.048056,0.5,country:0.50,matched,2026-04-27T16:46:37Z
204047,European Sculpture and Decorative Arts,1700,1799,1749,1500:1999,||||||||||,,none,0.00,false,,,,,,,,
52383,Asian Art,1800,1899,1849,1500:1999,||||||||Japan||,Japan,culture,0.55,true,country.8820,Japan,138.59223,36.386493,1.0,country:1.00,matched,2026-04-27T16:46:48Z
62764,Asian Art,1700,1700,1700,1500:1999,||||||||Japan||,Japan,culture,0.55,true,country.8820,Japan,138.59223,36.386493,1.0,country:1.00,matched,2026-04-27T16:46:48Z
63069,Asian Art,1700,1799,1749,1500:1999,||||||||Japan||,Japan,culture,0.55,true,country.8820,Japan,138.59223,36.386493,1.0,country:1.00,matched,2026-04-27T16:46:48Z
446900,Islamic Art,1600,1699,1649,1500:1999,||||||Iran||||,Iran,country,0.70,true,country.8814,Iran,54.301374,32.565838,1.0,country:1.00,matched,2026-04-27T16:46:46Z
50692,Asian Art,1736,1795,1765,1500:1999,||||||||China||,China,culture,0.55,true,country.8753,People's Republic of China,101.901875,35.486703,1.0,country:1.00,matched,2026-04-27T16:46:34Z
447137,Islamic Art,1100,1299,1199,1000:1499,||||||Iran||||,Iran,country,0.70,true,country.8814,Iran,54.301374,32.565838,1.0,country:1.00,matched,2026-04-27T16:46:46Z
62587,Asian Art,1700,1799,1749,1500:1999,||||||||Japan||,Japan,culture,0.55,true,country.8820,Japan,138.59223,36.386493,1.0,country:1.00,matched,2026-04-27T16:46:48Z
45848,Asian Art,1736,1766,1751,1500:1999,||||||||China||,China,culture,0.55,true,country.8753,People's Republic of China,101.901875,35.486703,1.0,country:1.00,matched,2026-04-27T16:46:34Z
468524,The Cloisters,1400,1499,1449,1000:1499,probably Manises||Valencia||||Spain||Spanish||,"Manises, Valencia, Spain, Valencia, Spain",city||state||country,0.75,true,place.35178566,"Manises, Valencia, Spain",-0.462126,39.493927,1.0,place:1.00,matched,2026-04-27T16:46:52Z
47316,Asian Art,1771,1849,1810,1500:1999,||||||||China||,China,culture,0.55,true,country.8753,People's Republic of China,101.901875,35.486703,1.0,country:1.00,matched,2026-04-27T16:46:34Z
47725,Asian Art,1700,1799,1749,1500:1999,||||||||Japan||,Japan,culture,0.55,true,country.8820,Japan,138.59223,36.386493,1.0,country:1.00,matched,2026-04-27T16:46:48Z
670991,Asian Art,1567,1615,1591,1500:1999,||||||||Japan||,Japan,culture,0.55,true,country.8820,Japan,138.59223,36.386493,1.0,country:1.00,matched,2026-04-27T16:46:48Z
47942,Asian Art,1700,1799,1749,1500:1999,||||||||Japan||,Japan,culture,0.55,true,country.8820,Japan,138.59223,36.386493,1.0,country:1.00,matched,2026-04-27T16:46:48Z
49269,Asian Art,1300,1399,1349,1000:1499,||||||||Japan||,Japan,culture,0.55,true,country.8820,Japan,138.59223,36.386493,1.0,country:1.00,matched,2026-04-27T16:46:48Z
449426,Islamic Art,800,899,849,500:999,Nishapur||||||Iran||||,"Nishapur, Iran",city||country,0.88,true,place.1878126,"Nishapur County, Razavi Khorasan, Iran",58.79233,36.21129,0.95,place:0.95,matched,2026-04-27T16:46:56Z
48777,Asian Art,1700,1799,1749,1500:1999,||||||||China||,China,culture,0.55,true,country.8753,People's Republic of China,101.901875,35.486703,1.0,country:1.00,matched,2026-04-27T16:46:34Z
449081,Islamic Art,1100,1199,1149,1000:1499,Nishapur||||||Iran||||,"Nishapur, Iran",city||country,0.88,true,place.1878126,"Nishapur County, Razavi Khorasan, Iran",58.79233,36.21129,0.95,place:0.95,matched,2026-04-27T16:46:56Z
309438,The Michael C. Rockefeller Wing,300,700,500,500:999,||||||Peru||Moche||,Peru,country,0.70,true,country.8880,Peru,-75.311132,-10.151093,1.0,country:1.00,matched,2026-04-27T16:47:00Z
478988,The Cloisters,1200,1300,1250,1000:1499,||||||||French||,France,culture,0.55,true,country.8781,France,2.618787,47.824905,1.0,country:1.00,matched,2026-04-27T16:46:43Z
50765,Asian Art,1723,1735,1729,1500:1999,||||||||China||,China,culture,0.55,true,country.8753,People's Republic of China,101.901875,35.486703,1.0,country:1.00,matched,2026-04-27T16:46:34Z
46934,Asian Art,1668,1722,1695,1500:1999,||||||||China||,China,culture,0.55,true,country.8753,People's Republic of China,101.901875,35.486703,1.0,country:1.00,matched,2026-04-27T16:46:34Z
47635,Asian Art,1700,1799,1749,1500:1999,||||||||Japan||,Japan,culture,0.55,true,country.8820,Japan,138.59223,36.386493,1.0,country:1.00,matched,2026-04-27T16:46:48Z
308707,The Michael C. Rockefeller Wing,-500,-100,-300,-500:-1,||||||Peru||Paracas||,Peru,country,0.70,true,country.8880,Peru,-75.311132,-10.151093,1.0,country:1.00,matched,2026-04-27T16:47:00Z
310465,The Michael C. Rockefeller Wing,1100,1400,1250,1000:1499,||||||Peru||Lambayeque (Sicán)||,Peru,country,0.70,true,country.8880,Peru,-75.311132,-10.151093,1.0,country:1.00,matched,2026-04-27T16:47:00Z
448985,Islamic Art,800,999,899,500:999,Qasr-i Abu Nasr||||||Iran||||,"Qasr-i Abu Nasr, Iran",city||country,0.88,true,country.8814,Iran,54.301374,32.565838,0.366667,country:0.37,matched,2026-04-27T16:47:01Z
199732,European Sculpture and Decorative Arts,1485,1505,1495,1000:1499,||||||||||,,none,0.00,false,,,,,,,,
48603,Asian Art,1662,1722,1692,1500:1999,||||||||China||,China,culture,0.55,true,country.8753,People's Republic of China,101.901875,35.486703,1.0,country:1.00,matched,2026-04-27T16:46:34Z
46818,Asian Art,1830,1830,1830,1500:1999,||||||||Japan||,Japan,culture,0.55,true,country.8820,Japan,138.59223,36.386493,1.0,country:1.00,matched,2026-04-27T16:46:48Z
206669,European Sculpture and Decorative Arts,1675,1705,1690,1500:1999,||||||||||,,none,0.00,false,,,,,,,,
48631,Asian Art,1668,1722,1695,1500:1999,||||||||China||,China,culture,0.55,true,country.8753,People's Republic of China,101.901875,35.486703,1.0,country:1.00,matched,2026-04-27T16:46:34Z
198940,European Sculpture and Decorative Arts,1525,1535,1530,1500:1999,||||||||||Italian,Italy,department||artistNationality,0.53,true,country.8816,Italy,12.646361,42.504154,1.0,country:1.00,matched,2026-04-27T16:46:47Z
309355,The Michael C. Rockefeller Wing,300,700,500,500:999,||||||Peru||Moche||,Peru,country,0.70,true,country.8880,Peru,-75.311132,-10.151093,1.0,country:1.00,matched,2026-04-27T16:47:00Z
48307,Asian Art,1700,1799,1749,1500:1999,||||||||China||,China,culture,0.55,true,country.8753,People's Republic of China,101.901875,35.486703,1.0,country:1.00,matched,2026-04-27T16:46:34Z
449872,Islamic Art,800,999,899,500:999,Nishapur||||||Iran||||,"Nishapur, Iran",city||country,0.88,true,place.1878126,"Nishapur County, Razavi Khorasan, Iran",58.79233,36.21129,0.95,place:0.95,matched,2026-04-27T16:46:56Z
50830,Asian Art,1500,1599,1549,1500:1999,||||||||China||,China,culture,0.55,true,country.8753,People's Republic of China,101.901875,35.486703,1.0,country:1.00,matched,2026-04-27T16:46:34Z
48596,Asian Art,1368,1499,1433,1000:1499,||||||||China||,China,culture,0.55,true,country.8753,People's Republic of China,101.901875,35.486703,1.0,country:1.00,matched,2026-04-27T16:46:34Z
47946,Asian Art,1800,1899,1849,1500:1999,||||||||China||,China,culture,0.55,true,country.8753,People's Republic of China,101.901875,35.486703,1.0,country:1.00,matched,2026-04-27T16:46:34Z
452084,Islamic Art,1600,1699,1649,1500:1999,||||||Iran||||,Iran,country,0.70,true,country.8814,Iran,54.301374,32.565838,1.0,country:1.00,matched,2026-04-27T16:46:46Z
49533,Asian Art,-99,1,-49,-500:-1,||||||||China||,China,culture,0.55,true,country.8753,People's Republic of China,101.901875,35.486703,1.0,country:1.00,matched,2026-04-27T16:46:34Z
770970,European Sculpture and Decorative Arts,1870,1870,1870,1500:1999,||||||||||British,Britain,department||artistNationality,0.53,true,country.8783,United Kingdom,-2.36967,54.237933,1.0,country:1.00,matched,2026-04-27T16:46:31Z
52055,Asian Art,1662,1722,1692,1500:1999,||||||||China||,China,culture,0.55,true,country.8753,People's Republic of China,101.901875,35.486703,1.0,country:1.00,matched,2026-04-27T16:46:34Z
643549,The Cloisters,1200,1300,1250,1000:1499,||Surrey||||England||British||,"Surrey, England, England",state||country,0.72,true,district.1222223,"Surrey, England, United Kingdom",-0.205921,51.23765,0.666667,district:0.67,matched,2026-04-27T16:47:08Z
309400,The Michael C. Rockefeller Wing,1100,1400,1250,1000:1499,||||||Peru||Chancay||,Peru,country,0.70,true,country.8880,Peru,-75.311132,-10.151093,1.0,country:1.00,matched,2026-04-27T16:47:00Z
201756,European Sculpture and Decorative Arts,1535,1545,1540,1500:1999,||||||||||,,none,0.00,false,,,,,,,,
51045,Asian Art,1300,1368,1334,1000:1499,||||||||China||,China,culture,0.55,true,country.8753,People's Republic of China,101.901875,35.486703,1.0,country:1.00,matched,2026-04-27T16:46:34Z
476252,Medieval Art,300,699,499,0:499,||Kharga Oasis||||Byzantine Egypt||Coptic||,"Kharga Oasis, Byzantine Egypt",state||country,0.72,true,country.8771,Egypt,29.871903,26.494184,0.388889,country:0.39,matched,2026-04-27T16:46:49Z
52479,Asian Art,1800,1800,1800,1500:1999,||||||||Japan||,Japan,culture,0.55,true,country.8820,Japan,138.59223,36.386493,1.0,country:1.00,matched,2026-04-27T16:46:48Z
200730,European Sculpture and Decorative Arts,1720,1735,1727,1500:1999,||||||||||,,none,0.00,false,,,,,,,,
48632,Asian Art,1800,1899,1849,1500:1999,||||||||China||,China,culture,0.55,true,country.8753,People's Republic of China,101.901875,35.486703,1.0,country:1.00,matched,2026-04-27T16:46:34Z
314698,The Michael C. Rockefeller Wing,100,300,200,0:499,||||||Peru||Vicús||,Peru,country,0.70,true,country.8880,Peru,-75.311132,-10.151093,1.0,country:1.00,matched,2026-04-27T16:47:00Z
194961,European Sculpture and Decorative Arts,1882,1886,1884,1500:1999,||||||||||American and French,United States,department||artistNationality,0.15,false,country.8940,United States,-97.922211,39.381266,1.0,country:1.00,matched,2026-04-27T16:47:13Z
39528,Asian Art,1100,1199,1149,1000:1499,||||||||China||,China,culture,0.55,true,country.8753,People's Republic of China,101.901875,35.486703,1.0,country:1.00,matched,2026-04-27T16:46:34Z
196359,European Sculpture and Decorative Arts,1825,1835,1830,1500:1999,||||||||||,,none,0.00,false,,,,,,,,
199132,European Sculpture and Decorative Arts,1708,1725,1716,1500:1999,||||||||||German,Germany,department||artistNationality,0.53,true,country.8762,Germany,10.018343,51.133481,1.0,country:1.00,matched,2026-04-27T16:46:43Z
48773,Asian Art,1700,1799,1749,1500:1999,||||||||Japan||,Japan,culture,0.55,true,country.8820,Japan,138.59223,36.386493,1.0,country:1.00,matched,2026-04-27T16:46:48Z
37454,Asian Art,1250,1450,1350,1000:1499,||||||||Thailand||,Thailand,culture,0.55,true,country.8925,Thailand,101.017438,15.127333,1.0,country:1.00,matched,2026-04-27T16:47:09Z
50311,Asian Art,100,300,200,0:499,||||||||Japan||,Japan,culture,0.55,true,country.8820,Japan,138.59223,36.386493,1.0,country:1.00,matched,2026-04-27T16:46:48Z
447120,Islamic Art,1100,1199,1149,1000:1499,||||||Syria||||,Syria,country,0.70,true,country.8919,Syria,38.505592,35.013048,1.0,country:1.00,matched,2026-04-27T16:47:09Z
318475,The Michael C. Rockefeller Wing,1200,1500,1350,1000:1499,||Veracruz||Mesoamerica||Mexico||Huastec||,"Veracruz, Mexico, Mexico",state||country,0.72,true,place.37464223,"Veracruz, Veracruz, Mexico",-96.1379,19.198362,0.666667,place:0.67,matched,2026-04-27T16:47:14Z
460678,Robert Lehman Collection,1766,1803,1784,1500:1999,||||||||Chinese||,China,culture,0.55,true,country.8753,People's Republic of China,101.901875,35.486703,1.0,country:1.00,matched,2026-04-27T16:46:34Z
52662,Asian Art,1271,1368,1319,1000:1499,||||||||China||,China,culture,0.55,true,country.8753,People's Republic of China,101.901875,35.486703,1.0,country:1.00,matched,2026-04-27T16:46:34Z
63035,Asian Art,1780,1780,1780,1500:1999,||||||||Japan||,Japan,culture,0.55,true,country.8820,Japan,138.59223,36.386493,1.0,country:1.00,matched,2026-04-27T16:46:48Z
313286,The Michael C. Rockefeller Wing,100,200,150,0:499,||||Mesoamerica||Mexico||Teotihuacan||,"Mesoamerica, Mexico",region||country,0.70,true,country.8863,Mexico,-102.532867,23.950464,0.5,country:0.50,matched,2026-04-27T16:46:53Z
47053,Asian Art,1800,1899,1849,1500:1999,||||||||Japan||Japanese,Japan,culture,0.55,true,country.8820,Japan,138.59223,36.386493,1.0,country:1.00,matched,2026-04-27T16:46:48Z
206385,European Sculpture and Decorative Arts,1862,1867,1864,1500:1999,||||||||||,,none,0.00,false,,,,,,,,
475756,Medieval Art,300,699,499,0:499,||Kharga Oasis||||Byzantine Egypt||Coptic||,"Kharga Oasis, Byzantine Egypt",state||country,0.72,true,country.8771,Egypt,29.871903,26.494184,0.388889,country:0.39,matched,2026-04-27T16:46:49Z
309359,The Michael C. Rockefeller Wing,100,700,400,0:499,||||||Peru||Moche||,Peru,country,0.70,true,country.8880,Peru,-75.311132,-10.151093,1.0,country:1.00,matched,2026-04-27T16:47:00Z
208450,European Sculpture and Decorative Arts,1720,1730,1725,1500:1999,||||||||||,,none,0.00,false,,,,,,,,
47380,Asian Art,1700,1799,1749,1500:1999,||||||||Japan||,Japan,culture,0.55,true,country.8820,Japan,138.59223,36.386493,1.0,country:1.00,matched,2026-04-27T16:46:48Z
308491,The Michael C. Rockefeller Wing,-300,-200,-250,-500:-1,||||Ica Valley||Peru||Paracas||,"Ica Valley, Peru, Peru",region||country,0.70,true,place.5556400,"Ica District, Ica, Peru",-75.729645,-14.063716,0.592593,place:0.59,matched,2026-04-27T16:46:45Z
47915,Asian Art,1820,1820,1820,1500:1999,||||||||Japan||,Japan,culture,0.55,true,country.8820,Japan,138.59223,36.386493,1.0,country:1.00,matched,2026-04-27T16:46:48Z
47483,Asian Art,1760,1760,1760,1500:1999,||||||||Japan||Japanese,Japan,culture,0.55,true,country.8820,Japan,138.59223,36.386493,1.0,country:1.00,matched,2026-04-27T16:46:48Z
452683,Islamic Art,1600,1699,1649,1500:1999,||||||Iran||||,Iran,country,0.70,true,country.8814,Iran,54.301374,32.565838,1.0,country:1.00,matched,2026-04-27T16:46:46Z
42311,Asian Art,1834,1866,1850,1500:1999,||||||||Korea||,Korea,culture,0.55,true,country.8828,South Korea,128.168944,36.536236,1.0,country:1.00,matched,2026-04-27T16:46:49Z
312571,The Michael C. Rockefeller Wing,-200,300,50,0:499,||Colima||Mesoamerica||Mexico||Colima||,"Colima, Mexico, Mexico",state||country,0.72,true,region.255135,"Mexico, Mexico",-99.724084,19.642105,0.666667,region:0.67,matched,2026-04-27T16:46:35Z
49859,Asian Art,1700,1799,1749,1500:1999,||||||||China||,China,culture,0.55,true,country.8753,People's Republic of China,101.901875,35.486703,1.0,country:1.00,matched,2026-04-27T16:46:34Z
51017,Asian Art,1723,1735,1729,1500:1999,||||||||China||,China,culture,0.55,true,country.8753,People's Republic of China,101.901875,35.486703,1.0,country:1.00,matched,2026-04-27T16:46:34Z
204396,European Sculpture and Decorative Arts,1800,1899,1849,1500:1999,||||||||||,,none,0.00,false,,,,,,,,
310496,The Michael C. Rockefeller Wing,-800,-500,-650,-1000:-501,||||North Coast||Peru||Cupisnique||,Peru,country,0.70,true,country.8880,Peru,-75.311132,-10.151093,1.0,country:1.00,matched,2026-04-27T16:47:00Z
191778,European Sculpture and Decorative Arts,1455,1485,1470,1000:1499,||||||||||,,none,0.00,false,,,,,,,,
205335,European Sculpture and Decorative Arts,1745,1760,1752,1500:1999,||||||||||British,Britain,department||artistNationality,0.53,true,country.8783,United Kingdom,-2.36967,54.237933,1.0,country:1.00,matched,2026-04-27T16:46:31Z
848434,European Sculpture and Decorative Arts,1695,1705,1700,1500:1999,||||||||||,,none,0.00,false,,,,,,,,
52639,Asian Art,1279,1368,1323,1000:1499,||||||||China||,China,culture,0.55,true,country.8753,People's Republic of China,101.901875,35.486703,1.0,country:1.00,matched,2026-04-27T16:46:34Z
828493,Asian Art,1600,1600,1600,1500:1999,||||||||Japan||,Japan,culture,0.55,true,country.8820,Japan,138.59223,36.386493,1.0,country:1.00,matched,2026-04-27T16:46:48Z
62771,Asian Art,1680,1680,1680,1500:1999,||||||||Japan||,Japan,culture,0.55,true,country.8820,Japan,138.59223,36.386493,1.0,country:1.00,matched,2026-04-27T16:46:48Z
310209,The Michael C. Rockefeller Wing,-600,-300,-450,-500:-1,||||||Peru||Paracas||,Peru,country,0.70,true,country.8880,Peru,-75.311132,-10.151093,1.0,country:1.00,matched,2026-04-27T16:47:00Z
47074,Asian Art,1800,1849,1824,1500:1999,||||||||Japan||Japanese,Japan,culture,0.55,true,country.8820,Japan,138.59223,36.386493,1.0,country:1.00,matched,2026-04-27T16:46:48Z
47495,Asian Art,1668,1722,1695,1500:1999,||||||||China||,China,culture,0.55,true,country.8753,People's Republic of China,101.901875,35.486703,1.0,country:1.00,matched,2026-04-27T16:46:34Z
62533,Asian Art,1700,1799,1749,1500:1999,||||||||Japan||,Japan,culture,0.55,true,country.8820,Japan,138.59223,36.386493,1.0,country:1.00,matched,2026-04-27T16:46:48Z
478433,Medieval Art,300,699,499,0:499,||Kharga Oasis||||Byzantine Egypt||Coptic||,"Kharga Oasis, Byzantine Egypt",state||country,0.72,true,country.8771,Egypt,29.871903,26.494184,0.388889,country:0.39,matched,2026-04-27T16:46:49Z
204026,European Sculpture and Decorative Arts,1748,1758,1753,1500:1999,||||||||||British,Britain,department||artistNationality,0.53,true,country.8783,United Kingdom,-2.36967,54.237933,1.0,country:1.00,matched,2026-04-27T16:46:31Z
316721,The Michael C. Rockefeller Wing,100,500,300,0:499,||||||Peru||Moche||,Peru,country,0.70,true,country.8880,Peru,-75.311132,-10.151093,1.0,country:1.00,matched,2026-04-27T16:47:00Z
314636,The Michael C. Rockefeller Wing,900,1500,1200,1000:1499,||||Mesoamerica||Mexico||Mexican||,"Mesoamerica, Mexico",region||country,0.70,true,country.8863,Mexico,-102.532867,23.950464,0.5,country:0.50,matched,2026-04-27T16:46:53Z
42694,Asian Art,-2300,-2000,-2150,-2500:-2001,||||||||China||,China,culture,0.55,true,country.8753,People's Republic of China,101.901875,35.486703,1.0,country:1.00,matched,2026-04-27T16:46:34Z
313156,The Michael C. Rockefeller Wing,-200,300,50,0:499,||Colima||Mesoamerica||Mexico||Colima||,"Colima, Mexico, Mexico",state||country,0.72,true,region.255135,"Mexico, Mexico",-99.724084,19.642105,0.666667,region:0.67,matched,2026-04-27T16:46:35Z
449902,Islamic Art,800,1099,949,500:999,Nishapur||||||Iran||||,"Nishapur, Iran",city||country,0.88,true,place.1878126,"Nishapur County, Razavi Khorasan, Iran",58.79233,36.21129,0.95,place:0.95,matched,2026-04-27T16:46:56Z
42432,Asian Art,1000,1199,1099,1000:1499,||||||||China||,China,culture,0.55,true,country.8753,People's Republic of China,101.901875,35.486703,1.0,country:1.00,matched,2026-04-27T16:46:34Z
48129,Asian Art,1668,1722,1695,1500:1999,||||||||China||,China,culture,0.55,true,country.8753,People's Republic of China,101.901875,35.486703,1.0,country:1.00,matched,2026-04-27T16:46:34Z
204753,European Sculpture and Decorative Arts,1775,1785,1780,1500:1999,||||||||||,,none,0.00,false,,,,,,,,
46887,Asian Art,1767,1799,1783,1500:1999,||||||||China||,China,culture,0.55,true,country.8753,People's Republic of China,101.901875,35.486703,1.0,country:1.00,matched,2026-04-27T16:46:34Z
449400,Islamic Art,800,899,849,500:999,Nishapur||||||Iran||||,"Nishapur, Iran",city||country,0.88,true,place.1878126,"Nishapur County, Razavi Khorasan, Iran",58.79233,36.21129,0.95,place:0.95,matched,2026-04-27T16:46:56Z
204384,European Sculpture and Decorative Arts,1800,1899,1849,1500:1999,||||||||||,,none,0.00,false,,,,,,,,
46562,Asian Art,1662,1722,1692,1500:1999,||||||||China||,China,culture,0.55,true,country.8753,People's Republic of China,101.901875,35.486703,1.0,country:1.00,matched,2026-04-27T16:46:34Z
47820,Asian Art,1700,1799,1749,1500:1999,||||||||Japan||,Japan,culture,0.55,true,country.8820,Japan,138.59223,36.386493,1.0,country:1.00,matched,2026-04-27T16:46:48Z
308455,The Michael C. Rockefeller Wing,-200,100,-50,-500:-1,||||Ica Valley||Peru||Paracas||,"Ica Valley, Peru, Peru",region||country,0.70,true,place.5556400,"Ica District, Ica, Peru",-75.729645,-14.063716,0.592593,place:0.59,matched,2026-04-27T16:46:45Z
49273,Asian Art,1490,1510,1500,1500:1999,||||||||Japan||,Japan,culture,0.55,true,country.8820,Japan,138.59223,36.386493,1.0,country:1.00,matched,2026-04-27T16:46:48Z
447146,Islamic Art,1200,1299,1249,1000:1499,Kashan||||||Iran||||,"Kashan, Iran",city||country,0.88,true,place.1255534,"Kashan County, Isfahan, Iran",51.44271,33.98714,0.98,place:0.98,matched,2026-04-27T16:46:48Z
197993,European Sculpture and Decorative Arts,1755,1770,1762,1500:1999,||||||||||,,none,0.00,false,,,,,,,,
47196,Asian Art,1700,1799,1749,1500:1999,||||||||Japan||,Japan,culture,0.55,true,country.8820,Japan,138.59223,36.386493,1.0,country:1.00,matched,2026-04-27T16:46:48Z
449070,Islamic Art,775,850,812,500:999,Nishapur||||||Iran||||,"Nishapur, Iran",city||country,0.88,true,place.1878126,"Nishapur County, Razavi Khorasan, Iran",58.79233,36.21129,0.95,place:0.95,matched,2026-04-27T16:46:56Z
453047,Islamic Art,1100,1199,1149,1000:1499,||||||probably Egypt||||,Egypt,country,0.50,true,country.8771,Egypt,29.871903,26.494184,1.0,country:1.00,matched,2026-04-27T16:46:40Z
449743,Islamic Art,800,899,849,500:999,Nishapur||||||Iran||||,"Nishapur, Iran",city||country,0.88,true,place.1878126,"Nishapur County, Razavi Khorasan, Iran",58.79233,36.21129,0.95,place:0.95,matched,2026-04-27T16:46:56Z
47633,Asian Art,1723,1735,1729,1500:1999,||||||||China||,China,culture,0.55,true,country.8753,People's Republic of China,101.901875,35.486703,1.0,country:1.00,matched,2026-04-27T16:46:34Z
308477,The Michael C. Rockefeller Wing,-200,-1,-101,-500:-1,||||Ica Valley||Peru||Paracas||,"Ica Valley, Peru, Peru",region||country,0.70,true,place.5556400,"Ica District, Ica, Peru",-75.729645,-14.063716,0.592593,place:0.59,matched,2026-04-27T16:46:45Z
447229,Islamic Art,1700,1799,1749,1500:1999,||||||Iran||||,Iran,country,0.70,true,country.8814,Iran,54.301374,32.565838,1.0,country:1.00,matched,2026-04-27T16:46:46Z
47065,Asian Art,1700,1799,1749,1500:1999,||||||||Japan||,Japan,culture,0.55,true,country.8820,Japan,138.59223,36.386493,1.0,country:1.00,matched,2026-04-27T16:46:48Z
48331,Asian Art,1700,1799,1749,1500:1999,||||||||China||,China,culture,0.55,true,country.8753,People's Republic of China,101.901875,35.486703,1.0,country:1.00,matched,2026-04-27T16:46:34Z
675862,European Sculpture and Decorative Arts,1595,1630,1612,1500:1999,||||||||||,,none,0.00,false,,,,,,,,
46956,Asian Art,1662,1722,1692,1500:1999,||||||||China||,China,culture,0.55,true,country.8753,People's Republic of China,101.901875,35.486703,1.0,country:1.00,matched,2026-04-27T16:46:34Z
42229,Asian Art,1713,1722,1717,1500:1999,||||||||China||,China,culture,0.55,true,country.8753,People's Republic of China,101.901875,35.486703,1.0,country:1.00,matched,2026-04-27T16:46:34Z
47939,Asian Art,1490,1510,1500,1500:1999,||||||||Japan||,Japan,culture,0.55,true,country.8820,Japan,138.59223,36.386493,1.0,country:1.00,matched,2026-04-27T16:46:48Z
188998,European Sculpture and Decorative Arts,1730,1745,1737,1500:1999,||||||||||French,France,department||artistNationality,0.53,true,country.8781,France,2.618787,47.824905,1.0,country:1.00,matched,2026-04-27T16:46:43Z
308409,The Michael C. Rockefeller Wing,500,800,650,500:999,||||||Peru||Moche||,Peru,country,0.70,true,country.8880,Peru,-75.311132,-10.151093,1.0,country:1.00,matched,2026-04-27T16:47:00Z
771028,European Sculpture and Decorative Arts,1867,1877,1872,1500:1999,||||||||||British,Britain,department||artistNationality,0.53,true,country.8783,United Kingdom,-2.36967,54.237933,1.0,country:1.00,matched,2026-04-27T16:46:31Z
308439,The Michael C. Rockefeller Wing,-700,-300,-500,-500:-1,||||||Peru||Paracas||,Peru,country,0.70,true,country.8880,Peru,-75.311132,-10.151093,1.0,country:1.00,matched,2026-04-27T16:47:00Z
49364,Asian Art,1768,1799,1783,1500:1999,||||||||China||,China,culture,0.55,true,country.8753,People's Republic of China,101.901875,35.486703,1.0,country:1.00,matched,2026-04-27T16:46:34Z
194383,European Sculpture and Decorative Arts,1783,1793,1788,1500:1999,||||||||||French,France,department||artistNationality,0.53,true,country.8781,France,2.618787,47.824905,1.0,country:1.00,matched,2026-04-27T16:46:43Z
42249,Asian Art,1667,1833,1750,1500:1999,||||||||China||,China,culture,0.55,true,country.8753,People's Republic of China,101.901875,35.486703,1.0,country:1.00,matched,2026-04-27T16:46:34Z
200670,European Sculpture and Decorative Arts,1765,1775,1770,1500:1999,||||||||||,,none,0.00,false,,,,,,,,
45833,Asian Art,-206,220,7,0:499,||||||||China||,China,culture,0.55,true,country.8753,People's Republic of China,101.901875,35.486703,1.0,country:1.00,matched,2026-04-27T16:46:34Z
42202,Asian Art,1667,1733,1700,1500:1999,||||||||China||,China,culture,0.55,true,country.8753,People's Republic of China,101.901875,35.486703,1.0,country:1.00,matched,2026-04-27T16:46:34Z
199582,European Sculpture and Decorative Arts,1707,1718,1712,1500:1999,||||||||||German,Germany,department||artistNationality,0.53,true,country.8762,Germany,10.018343,51.133481,1.0,country:1.00,matched,2026-04-27T16:46:43Z
47506,Asian Art,1700,1799,1749,1500:1999,||||||||Japan||,Japan,culture,0.55,true,country.8820,Japan,138.59223,36.386493,1.0,country:1.00,matched,2026-04-27T16:46:48Z
310192,The Michael C. Rockefeller Wing,400,700,550,500:999,||||||Peru||Moche||,Peru,country,0.70,true,country.8880,Peru,-75.311132,-10.151093,1.0,country:1.00,matched,2026-04-27T16:47:00Z
48742,Asian Art,1800,1899,1849,1500:1999,||||||||China||,China,culture,0.55,true,country.8753,People's Republic of China,101.901875,35.486703,1.0,country:1.00,matched,2026-04-27T16:46:34Z
308643,The Michael C. Rockefeller Wing,-500,-100,-300,-500:-1,||||||Peru||Paracas||,Peru,country,0.70,true,country.8880,Peru,-75.311132,-10.151093,1.0,country:1.00,matched,2026-04-27T16:47:00Z
199579,European Sculpture and Decorative Arts,1745,1755,1750,1500:1999,||||||||||,,none,0.00,false,,,,,,,,
51080,Asian Art,618,907,762,500:999,||||||||China||,China,culture,0.55,true,country.8753,People's Republic of China,101.901875,35.486703,1.0,country:1.00,matched,2026-04-27T16:46:34Z
47056,Asian Art,1700,1799,1749,1500:1999,||||||||Japan||,Japan,culture,0.55,true,country.8820,Japan,138.59223,36.386493,1.0,country:1.00,matched,2026-04-27T16:46:48Z
204378,European Sculpture and Decorative Arts,1800,1899,1849,1500:1999,||||||||||,,none,0.00,false,,,,,,,,
51359,Asian Art,1100,1199,1149,1000:1499,||||||||Korea||,Korea,culture,0.55,true,country.8828,South Korea,128.168944,36.536236,1.0,country:1.00,matched,2026-04-27T16:46:49Z
202193,European Sculpture and Decorative Arts,1758,1758,1758,1500:1999,||||||||||French,France,department||artistNationality,0.53,true,country.8781,France,2.618787,47.824905,1.0,country:1.00,matched,2026-04-27T16:46:43Z
452615,Islamic Art,1175,1225,1200,1000:1499,Rayy||||||Iran||||,"Rayy, Iran",city||country,0.88,true,country.8814,Iran,54.301374,32.565838,0.5,country:0.50,matched,2026-04-27T16:47:02Z
50883,Asian Art,1700,1799,1749,1500:1999,||||||||China||,China,culture,0.55,true,country.8753,People's Republic of China,101.901875,35.486703,1.0,country:1.00,matched,2026-04-27T16:46:34Z
48663,Asian Art,1662,1722,1692,1500:1999,||||||||China||,China,culture,0.55,true,country.8753,People's Republic of China,101.901875,35.486703,1.0,country:1.00,matched,2026-04-27T16:46:34Z
442873,Islamic Art,1600,1799,1699,1500:1999,||||||Iran||||,Iran,country,0.70,true,country.8814,Iran,54.301374,32.565838,1.0,country:1.00,matched,2026-04-27T16:46:46Z
487474,Modern and Contemporary Art,1897,1897,1897,1500:1999,||||||||||French,France,artistNationality,0.45,true,country.8781,France,2.618787,47.824905,1.0,country:1.00,matched,2026-04-27T16:46:43Z
312486,The Michael C. Rockefeller Wing,100,600,350,0:499,||||||Peru||Nasca||,Peru,country,0.70,true,country.8880,Peru,-75.311132,-10.151093,1.0,country:1.00,matched,2026-04-27T16:47:00Z
310195,The Michael C. Rockefeller Wing,200,700,450,0:499,||||||Peru||Moche||,Peru,country,0.70,true,country.8880,Peru,-75.311132,-10.151093,1.0,country:1.00,matched,2026-04-27T16:47:00Z
309367,The Michael C. Rockefeller Wing,200,600,400,0:499,||||||Peru||Moche||,Peru,country,0.70,true,country.8880,Peru,-75.311132,-10.151093,1.0,country:1.00,matched,2026-04-27T16:47:00Z
46589,Asian Art,1768,1795,1781,1500:1999,||||||||China||,China,culture,0.55,true,country.8753,People's Republic of China,101.901875,35.486703,1.0,country:1.00,matched,2026-04-27T16:46:34Z
199745,European Sculpture and Decorative Arts,1500,1515,1507,1500:1999,||||||||||,,none,0.00,false,,,,,,,,
46637,Asian Art,1800,1849,1824,1500:1999,||||||||Japan||,Japan,culture,0.55,true,country.8820,Japan,138.59223,36.386493,1.0,country:1.00,matched,2026-04-27T16:46:48Z
200875,European Sculpture and Decorative Arts,1685,1705,1695,1500:1999,||||||||||French,France,department||artistNationality,0.53,true,country.8781,France,2.618787,47.824905,1.0,country:1.00,matched,2026-04-27T16:46:43Z
460180,Robert Lehman Collection,1517,1533,1525,1500:1999,"||||||||Italian, Castelli||","Castelli, Italy",culture||country,0.55,true,place.13543536,"Castelli, Teramo, Italy",13.711486,42.488766,1.0,place:1.00,matched,2026-04-27T16:46:32Z
318618,The Michael C. Rockefeller Wing,1400,1600,1500,1500:1999,||||||Peru||Peruvian||,Peru,country,0.70,true,country.8880,Peru,-75.311132,-10.151093,1.0,country:1.00,matched,2026-04-27T16:47:00Z
309370,The Michael C. Rockefeller Wing,300,700,500,500:999,||||||Peru||Moche||,Peru,country,0.70,true,country.8880,Peru,-75.311132,-10.151093,1.0,country:1.00,matched,2026-04-27T16:47:00Z
52780,Asian Art,1590,1610,1600,1500:1999,||||||||China||,China,culture,0.55,true,country.8753,People's Republic of China,101.901875,35.486703,1.0,country:1.00,matched,2026-04-27T16:46:34Z
42226,Asian Art,1700,1799,1749,1500:1999,||||||||China||,China,culture,0.55,true,country.8753,People's Republic of China,101.901875,35.486703,1.0,country:1.00,matched,2026-04-27T16:46:34Z
47845,Asian Art,1600,1699,1649,1500:1999,||||||||Japan||,Japan,culture,0.55,true,country.8820,Japan,138.59223,36.386493,1.0,country:1.00,matched,2026-04-27T16:46:48Z
195766,European Sculpture and Decorative Arts,1520,1535,1527,1500:1999,||||||||||,,none,0.00,false,,,,,,,,
46711,Asian Art,1800,1899,1849,1500:1999,||||||||China||,China,culture,0.55,true,country.8753,People's Republic of China,101.901875,35.486703,1.0,country:1.00,matched,2026-04-27T16:46:34Z
308703,The Michael C. Rockefeller Wing,-700,-400,-550,-1000:-501,||||Ica Valley||Peru||Paracas||,"Ica Valley, Peru, Peru",region||country,0.70,true,place.5556400,"Ica District, Ica, Peru",-75.729645,-14.063716,0.592593,place:0.59,matched,2026-04-27T16:46:45Z
42310,Asian Art,1800,1849,1824,1500:1999,||||||||Korea||,Korea,culture,0.55,true,country.8828,South Korea,128.168944,36.536236,1.0,country:1.00,matched,2026-04-27T16:46:49Z
44733,Asian Art,265,316,290,0:499,||||||||China||,China,culture,0.55,true,country.8753,People's Republic of China,101.901875,35.486703,1.0,country:1.00,matched,2026-04-27T16:46:34Z
39531,Asian Art,1300,1399,1349,1000:1499,||||||||China||,China,culture,0.55,true,country.8753,People's Republic of China,101.901875,35.486703,1.0,country:1.00,matched,2026-04-27T16:46:34Z
42336,Asian Art,1634,1666,1650,1500:1999,||||||||China||,China,culture,0.55,true,country.8753,People's Republic of China,101.901875,35.486703,1.0,country:1.00,matched,2026-04-27T16:46:34Z
475753,Medieval Art,300,699,499,0:499,||Kharga Oasis||||Byzantine Egypt||Coptic||,"Kharga Oasis, Byzantine Egypt",state||country,0.72,true,country.8771,Egypt,29.871903,26.494184,0.388889,country:0.39,matched,2026-04-27T16:46:49Z
39500,Asian Art,400,599,499,0:499,||||||||Korea||,Korea,culture,0.55,true,country.8828,South Korea,128.168944,36.536236,1.0,country:1.00,matched,2026-04-27T16:46:49Z
477279,Medieval Art,300,699,499,0:499,||Kharga Oasis||||Byzantine Egypt||Coptic||,"Kharga Oasis, Byzantine Egypt",state||country,0.72,true,country.8771,Egypt,29.871903,26.494184,0.388889,country:0.39,matched,2026-04-27T16:46:49Z
62614,Asian Art,1800,1899,1849,1500:1999,||||||||Japan||,Japan,culture,0.55,true,country.8820,Japan,138.59223,36.386493,1.0,country:1.00,matched,2026-04-27T16:46:48Z
42282,Asian Art,1167,1199,1183,1000:1499,||||||||Korea||,Korea,culture,0.55,true,country.8828,South Korea,128.168944,36.536236,1.0,country:1.00,matched,2026-04-27T16:46:49Z
195302,European Sculpture and Decorative Arts,1779,1779,1779,1500:1999,||||||||||French,France,department||artistNationality,0.53,true,country.8781,France,2.618787,47.824905,1.0,country:1.00,matched,2026-04-27T16:46:43Z
446898,Islamic Art,1150,1225,1187,1000:1499,||||||Iran||||,Iran,country,0.70,true,country.8814,Iran,54.301374,32.565838,1.0,country:1.00,matched,2026-04-27T16:46:46Z
62626,Asian Art,1800,1899,1849,1500:1999,||||||||Japan||,Japan,culture,0.55,true,country.8820,Japan,138.59223,36.386493,1.0,country:1.00,matched,2026-04-27T16:46:48Z
47788,Asian Art,1700,1799,1749,1500:1999,||||||||Japan||,Japan,culture,0.55,true,country.8820,Japan,138.59223,36.386493,1.0,country:1.00,matched,2026-04-27T16:46:48Z
9180,European Sculpture and Decorative Arts,1822,1835,1828,1500:1999,||||||||||,,none,0.00,false,,,,,,,,
46548,Asian Art,1662,1722,1692,1500:1999,||||||||China||,China,culture,0.55,true,country.8753,People's Republic of China,101.901875,35.486703,1.0,country:1.00,matched,2026-04-27T16:46:34Z
50357,Asian Art,1267,1399,1333,1000:1499,||||||||Korea||,Korea,culture,0.55,true,country.8828,South Korea,128.168944,36.536236,1.0,country:1.00,matched,2026-04-27T16:46:49Z
42447,Asian Art,1100,1299,1199,1000:1499,||||||||China||,China,culture,0.55,true,country.8753,People's Republic of China,101.901875,35.486703,1.0,country:1.00,matched,2026-04-27T16:46:34Z
239504,European Sculpture and Decorative Arts,1905,1905,1905,1500:1999,||||||||||British,Britain,department||artistNationality,0.53,true,country.8783,United Kingdom,-2.36967,54.237933,1.0,country:1.00,matched,2026-04-27T16:46:31Z
315688,The Michael C. Rockefeller Wing,1100,1400,1250,1000:1499,||||||Peru||Chimú||,Peru,country,0.70,true,country.8880,Peru,-75.311132,-10.151093,1.0,country:1.00,matched,2026-04-27T16:47:00Z
308640,The Michael C. Rockefeller Wing,-500,-100,-300,-500:-1,||||||Peru||Paracas||,Peru,country,0.70,true,country.8880,Peru,-75.311132,-10.151093,1.0,country:1.00,matched,2026-04-27T16:47:00Z
670987,Asian Art,1667,1799,1733,1500:1999,||||||||Japan||,Japan,culture,0.55,true,country.8820,Japan,138.59223,36.386493,1.0,country:1.00,matched,2026-04-27T16:46:48Z
52960,Asian Art,1723,1735,1729,1500:1999,||||||||China||,China,culture,0.55,true,country.8753,People's Republic of China,101.901875,35.486703,1.0,country:1.00,matched,2026-04-27T16:46:34Z
48855,Asian Art,1767,1849,1808,1500:1999,||||||||China||,China,culture,0.55,true,country.8753,People's Republic of China,101.901875,35.486703,1.0,country:1.00,matched,2026-04-27T16:46:34Z
47897,Asian Art,1634,1666,1650,1500:1999,||||||||China||,China,culture,0.55,true,country.8753,People's Republic of China,101.901875,35.486703,1.0,country:1.00,matched,2026-04-27T16:46:34Z
201752,European Sculpture and Decorative Arts,1695,1705,1700,1500:1999,||||||||||,,none,0.00,false,,,,,,,,
46978,Asian Art,1700,1799,1749,1500:1999,||||||||China||,China,culture,0.55,true,country.8753,People's Republic of China,101.901875,35.486703,1.0,country:1.00,matched,2026-04-27T16:46:34Z
460145,Robert Lehman Collection,1477,1483,1480,1000:1499,"||||||||Italian, probably Faenza||","Faenza, Italy",culture||country,0.35,true,place.21547120,"Faenza, Ravenna, Italy",11.882004,44.285633,1.0,place:1.00,matched,2026-04-27T16:46:41Z
52214,Asian Art,1800,1899,1849,1500:1999,||||||||Japan||,Japan,culture,0.55,true,country.8820,Japan,138.59223,36.386493,1.0,country:1.00,matched,2026-04-27T16:46:48Z
199238,European Sculpture and Decorative Arts,1745,1755,1750,1500:1999,||||||||||German,Germany,department||artistNationality,0.53,true,country.8762,Germany,10.018343,51.133481,1.0,country:1.00,matched,2026-04-27T16:46:43Z
47638,Asian Art,1662,1722,1692,1500:1999,||||||||China||,China,culture,0.55,true,country.8753,People's Republic of China,101.901875,35.486703,1.0,country:1.00,matched,2026-04-27T16:46:34Z
310481,The Michael C. Rockefeller Wing,-700,-200,-450,-500:-1,||||||Peru||Paracas||,Peru,country,0.70,true,country.8880,Peru,-75.311132,-10.151093,1.0,country:1.00,matched,2026-04-27T16:47:00Z
42549,Asian Art,1534,1566,1550,1500:1999,||||||||China||,China,culture,0.55,true,country.8753,People's Republic of China,101.901875,35.486703,1.0,country:1.00,matched,2026-04-27T16:46:34Z
318604,The Michael C. Rockefeller Wing,300,600,450,0:499,||||||Peru||Moche||,Peru,country,0.70,true,country.8880,Peru,-75.311132,-10.151093,1.0,country:1.00,matched,2026-04-27T16:47:00Z
47822,Asian Art,1800,1899,1849,1500:1999,||||||||Japan||,Japan,culture,0.55,true,country.8820,Japan,138.59223,36.386493,1.0,country:1.00,matched,2026-04-27T16:46:48Z
47944,Asian Art,1800,1833,1816,1500:1999,||||||||Japan||,Japan,culture,0.55,true,country.8820,Japan,138.59223,36.386493,1.0,country:1.00,matched,2026-04-27T16:46:48Z
313307,The Michael C. Rockefeller Wing,-100,700,300,0:499,||||||Peru||Moche||,Peru,country,0.70,true,country.8880,Peru,-75.311132,-10.151093,1.0,country:1.00,matched,2026-04-27T16:47:00Z
309332,The Michael C. Rockefeller Wing,200,900,550,500:999,||||||Peru||Moche||,Peru,country,0.70,true,country.8880,Peru,-75.311132,-10.151093,1.0,country:1.00,matched,2026-04-27T16:47:00Z
48627,Asian Art,1668,1722,1695,1500:1999,||||||||China||,China,culture,0.55,true,country.8753,People's Republic of China,101.901875,35.486703,1.0,country:1.00,matched,2026-04-27T16:46:34Z
45895,Asian Art,1662,1722,1692,1500:1999,||||||||China||,China,culture,0.55,true,country.8753,People's Republic of China,101.901875,35.486703,1.0,country:1.00,matched,2026-04-27T16:46:34Z
194380,European Sculpture and Decorative Arts,1753,1795,1774,1500:1999,||||||||||,,none,0.00,false,,,,,,,,
52044,Asian Art,1662,1722,1692,1500:1999,||||||||China||,China,culture,0.55,true,country.8753,People's Republic of China,101.901875,35.486703,1.0,country:1.00,matched,2026-04-27T16:46:34Z
47970,Asian Art,1800,1899,1849,1500:1999,||||||||Japan||Japanese,Japan,culture,0.55,true,country.8820,Japan,138.59223,36.386493,1.0,country:1.00,matched,2026-04-27T16:46:48Z
460271,Robert Lehman Collection,1600,1700,1650,1500:1999,||||||||Italian||,Italy,culture,0.55,true,country.8816,Italy,12.646361,42.504154,1.0,country:1.00,matched,2026-04-27T16:46:47Z
57355,Asian Art,1200,1299,1249,1000:1499,||||||||Korea||,Korea,culture,0.55,true,country.8828,South Korea,128.168944,36.536236,1.0,country:1.00,matched,2026-04-27T16:46:49Z
45872,Asian Art,1800,1899,1849,1500:1999,||||||||China||,China,culture,0.55,true,country.8753,People's Republic of China,101.901875,35.486703,1.0,country:1.00,matched,2026-04-27T16:46:34Z
37443,Asian Art,1000,1099,1049,1000:1499,||||||||Thailand||,Thailand,culture,0.55,true,country.8925,Thailand,101.017438,15.127333,1.0,country:1.00,matched,2026-04-27T16:47:09Z
203282,European Sculpture and Decorative Arts,1747,1747,1747,1500:1999,||||||||||,,none,0.00,false,,,,,,,,
50230,Asian Art,1000,1199,1099,1000:1499,||||||||China||,China,culture,0.55,true,country.8753,People's Republic of China,101.901875,35.486703,1.0,country:1.00,matched,2026-04-27T16:46:34Z
37543,Asian Art,1367,1399,1383,1000:1499,||||||||Thailand||,Thailand,culture,0.55,true,country.8925,Thailand,101.017438,15.127333,1.0,country:1.00,matched,2026-04-27T16:47:09Z
46679,Asian Art,1700,1799,1749,1500:1999,||||||||China||,China,culture,0.55,true,country.8753,People's Republic of China,101.901875,35.486703,1.0,country:1.00,matched,2026-04-27T16:46:34Z
190547,European Sculpture and Decorative Arts,1600,1899,1749,1500:1999,||||||||||,,none,0.00,false,,,,,,,,
52610,Asian Art,1368,1644,1506,1500:1999,||||||||China||,China,culture,0.55,true,country.8753,People's Republic of China,101.901875,35.486703,1.0,country:1.00,matched,2026-04-27T16:46:34Z
771067,European Sculpture and Decorative Arts,1868,1868,1868,1500:1999,||||||||||British,Britain,department||artistNationality,0.53,true,country.8783,United Kingdom,-2.36967,54.237933,1.0,country:1.00,matched,2026-04-27T16:46:31Z
62762,Asian Art,1680,1680,1680,1500:1999,||||||||Japan||,Japan,culture,0.55,true,country.8820,Japan,138.59223,36.386493,1.0,country:1.00,matched,2026-04-27T16:46:48Z
47929,Asian Art,1835,1865,1850,1500:1999,||||||||Japan||,Japan,culture,0.55,true,country.8820,Japan,138.59223,36.386493,1.0,country:1.00,matched,2026-04-27T16:46:48Z
47305,Asian Art,1796,1820,1808,1500:1999,||||||||China||,China,culture,0.55,true,country.8753,People's Republic of China,101.901875,35.486703,1.0,country:1.00,matched,2026-04-27T16:46:34Z
456219,Islamic Art,1600,1699,1649,1500:1999,||||||Iran||||,Iran,country,0.70,true,country.8814,Iran,54.301374,32.565838,1.0,country:1.00,matched,2026-04-27T16:46:46Z
48758,Asian Art,1668,1722,1695,1500:1999,||||||||China||,China,culture,0.55,true,country.8753,People's Republic of China,101.901875,35.486703,1.0,country:1.00,matched,2026-04-27T16:46:34Z
450941,Islamic Art,1100,1199,1149,1000:1499,Raqqa||||||Syria||||,"Raqqa, Syria",city||country,0.88,true,place.13035735,"Raqqa, Al-Raqqah, Syria",39.008921,35.949678,1.0,place:1.00,matched,2026-04-27T16:47:01Z
37496,Asian Art,1300,1499,1399,1000:1499,||||||||Thailand (Si Satchanalai)||,"Si Satchanalai, Thailand",culture||country,0.55,true,place.6007005,"Si Satchanalai, Sukhothai, Thailand",99.80422,17.401382,1.0,place:1.00,matched,2026-04-27T16:47:06Z
708056,European Sculpture and Decorative Arts,1720,1730,1725,1500:1999,||||||||||German,Germany,department||artistNationality,0.53,true,country.8762,Germany,10.018343,51.133481,1.0,country:1.00,matched,2026-04-27T16:46:43Z
63047,Asian Art,1834,1866,1850,1500:1999,||||||||Japan||,Japan,culture,0.55,true,country.8820,Japan,138.59223,36.386493,1.0,country:1.00,matched,2026-04-27T16:46:48Z
308448,The Michael C. Rockefeller Wing,-700,-300,-500,-500:-1,||||||Peru||Paracas||,Peru,country,0.70,true,country.8880,Peru,-75.311132,-10.151093,1.0,country:1.00,matched,2026-04-27T16:47:00Z
194644,European Sculpture and Decorative Arts,1745,1775,1760,1500:1999,||||||||||,,none,0.00,false,,,,,,,,
308348,The Michael C. Rockefeller Wing,100,600,350,0:499,||||Ica Valley||Peru||Nasca (?)||,"Ica Valley, Peru, Peru",region||country,0.70,true,place.5556400,"Ica District, Ica, Peru",-75.729645,-14.063716,0.592593,place:0.59,matched,2026-04-27T16:46:45Z
771061,European Sculpture and Decorative Arts,1886,1886,1886,1500:1999,||||||||||British,Britain,department||artistNationality,0.53,true,country.8783,United Kingdom,-2.36967,54.237933,1.0,country:1.00,matched,2026-04-27T16:46:31Z
47336,Asian Art,1834,1836,1835,1500:1999,||||||||China||,China,culture,0.55,true,country.8753,People's Republic of China,101.901875,35.486703,1.0,country:1.00,matched,2026-04-27T16:46:34Z
50735,Asian Art,1662,1722,1692,1500:1999,||||||||China||,China,culture,0.55,true,country.8753,People's Republic of China,101.901875,35.486703,1.0,country:1.00,matched,2026-04-27T16:46:34Z
308533,The Michael C. Rockefeller Wing,200,600,400,0:499,||||||Peru||Moche||,Peru,country,0.70,true,country.8880,Peru,-75.311132,-10.151093,1.0,country:1.00,matched,2026-04-27T16:47:00Z
47679,Asian Art,1700,1799,1749,1500:1999,||||||||Japan||,Japan,culture,0.55,true,country.8820,Japan,138.59223,36.386493,1.0,country:1.00,matched,2026-04-27T16:46:48Z
770946,European Sculpture and Decorative Arts,1870,1870,1870,1500:1999,"||||||||||British, Scottish",Scotland,department||artistNationality,0.35,true,region.17487,"Scotland, United Kingdom",-4.095892,56.734282,1.0,region:1.00,matched,2026-04-27T16:47:05Z
48286,Asian Art,1768,1795,1781,1500:1999,||||||||China||,China,culture,0.55,true,country.8753,People's Republic of China,101.901875,35.486703,1.0,country:1.00,matched,2026-04-27T16:46:34Z
201758,European Sculpture and Decorative Arts,1584,1584,1584,1500:1999,||||||||||,,none,0.00,false,,,,,,,,
313320,The Michael C. Rockefeller Wing,-300,-100,-200,-500:-1,||||||Peru||Nasca||,Peru,country,0.70,true,country.8880,Peru,-75.311132,-10.151093,1.0,country:1.00,matched,2026-04-27T16:47:00Z
188533,European Sculpture and Decorative Arts,1594,1594,1594,1500:1999,||||||||||,,none,0.00,false,,,,,,,,
449509,Islamic Art,1100,1199,1149,1000:1499,Raqqa||||||Syria||||,"Raqqa, Syria",city||country,0.88,true,place.13035735,"Raqqa, Al-Raqqah, Syria",39.008921,35.949678,1.0,place:1.00,matched,2026-04-27T16:47:01Z
188563,European Sculpture and Decorative Arts,1785,1799,1792,1500:1999,||||||||||Spanish,Spain,department||artistNationality,0.53,true,country.8774,Spain,-4.055685,41.294856,1.0,country:1.00,matched,2026-04-27T16:47:07Z
204844,European Sculpture and Decorative Arts,1700,1799,1749,1500:1999,||||||||||,,none,0.00,false,,,,,,,,
47659,Asian Art,1700,1722,1711,1500:1999,||||||||China||,China,culture,0.55,true,country.8753,People's Republic of China,101.901875,35.486703,1.0,country:1.00,matched,2026-04-27T16:46:34Z
310509,The Michael C. Rockefeller Wing,1,300,150,0:499,South Coast||||||Peru||Nasca||,Peru,country,0.70,true,country.8880,Peru,-75.311132,-10.151093,1.0,country:1.00,matched,2026-04-27T16:47:00Z
74243,Asian Art,1800,1899,1849,1500:1999,||||||||Korea||,Korea,culture,0.55,true,country.8828,South Korea,128.168944,36.536236,1.0,country:1.00,matched,2026-04-27T16:46:49Z
47382,Asian Art,1600,1699,1649,1500:1999,||||||||Japan||,Japan,culture,0.55,true,country.8820,Japan,138.59223,36.386493,1.0,country:1.00,matched,2026-04-27T16:46:48Z
202192,European Sculpture and Decorative Arts,1757,1757,1757,1500:1999,||||||||||French,France,department||artistNationality,0.53,true,country.8781,France,2.618787,47.824905,1.0,country:1.00,matched,2026-04-27T16:46:43Z
451349,Islamic Art,1282,1283,1282,1000:1499,||||||Iran||||,Iran,country,0.70,true,country.8814,Iran,54.301374,32.565838,1.0,country:1.00,matched,2026-04-27T16:46:46Z
204390,European Sculpture and Decorative Arts,1800,1899,1849,1500:1999,||||||||||,,none,0.00,false,,,,,,,,
51218,Asian Art,1800,1899,1849,1500:1999,||||||||China||,China,culture,0.55,true,country.8753,People's Republic of China,101.901875,35.486703,1.0,country:1.00,matched,2026-04-27T16:46:34Z
308405,The Michael C. Rockefeller Wing,300,700,500,500:999,||||||Peru||Moche||,Peru,country,0.70,true,country.8880,Peru,-75.311132,-10.151093,1.0,country:1.00,matched,2026-04-27T16:47:00Z
449506,Islamic Art,775,899,837,500:999,Nishapur||||||Iran||||,"Nishapur, Iran",city||country,0.88,true,place.1878126,"Nishapur County, Razavi Khorasan, Iran",58.79233,36.21129,0.95,place:0.95,matched,2026-04-27T16:46:56Z
48017,Asian Art,1700,1799,1749,1500:1999,||||||||Japan||,Japan,culture,0.55,true,country.8820,Japan,138.59223,36.386493,1.0,country:1.00,matched,2026-04-27T16:46:48Z
51168,Asian Art,1796,1820,1808,1500:1999,||||||||China||,China,culture,0.55,true,country.8753,People's Republic of China,101.901875,35.486703,1.0,country:1.00,matched,2026-04-27T16:46:34Z
450940,Islamic Art,1100,1299,1199,1000:1499,Raqqa||||||Syria||||,"Raqqa, Syria",city||country,0.88,true,place.13035735,"Raqqa, Al-Raqqah, Syria",39.008921,35.949678,1.0,place:1.00,matched,2026-04-27T16:47:01Z
46725,Asian Art,1500,1644,1572,1500:1999,||||||||China||,China,culture,0.55,true,country.8753,People's Republic of China,101.901875,35.486703,1.0,country:1.00,matched,2026-04-27T16:46:34Z
62549,Asian Art,1700,1799,1749,1500:1999,||||||||Japan||,Japan,culture,0.55,true,country.8820,Japan,138.59223,36.386493,1.0,country:1.00,matched,2026-04-27T16:46:48Z
49222,Asian Art,1471,1499,1485,1000:1499,||||||||China||,China,culture,0.55,true,country.8753,People's Republic of China,101.901875,35.486703,1.0,country:1.00,matched,2026-04-27T16:46:34Z
50043,Asian Art,1867,1933,1900,1500:1999,||||||||China||,China,culture,0.55,true,country.8753,People's Republic of China,101.901875,35.486703,1.0,country:1.00,matched,2026-04-27T16:46:34Z
51142,Asian Art,1800,1899,1849,1500:1999,||||||||China||,China,culture,0.55,true,country.8753,People's Republic of China,101.901875,35.486703,1.0,country:1.00,matched,2026-04-27T16:46:34Z
208152,European Sculpture and Decorative Arts,1820,1825,1822,1500:1999,||||||||||German,Germany,department||artistNationality,0.53,true,country.8762,Germany,10.018343,51.133481,1.0,country:1.00,matched,2026-04-27T16:46:43Z
47677,Asian Art,1690,1710,1700,1500:1999,||||||||Japan||,Japan,culture,0.55,true,country.8820,Japan,138.59223,36.386493,1.0,country:1.00,matched,2026-04-27T16:46:48Z
190649,European Sculpture and Decorative Arts,1885,1899,1892,1500:1999,||||||||||,,none,0.00,false,,,,,,,,
315052,The Michael C. Rockefeller Wing,650,1000,825,500:999,||||||Peru||Wari||,Peru,country,0.70,true,country.8880,Peru,-75.311132,-10.151093,1.0,country:1.00,matched,2026-04-27T16:47:00Z
47167,Asian Art,1730,1730,1730,1500:1999,||||||||Japan||,Japan,culture,0.55,true,country.8820,Japan,138.59223,36.386493,1.0,country:1.00,matched,2026-04-27T16:46:48Z
239499,European Sculpture and Decorative Arts,1875,1885,1880,1500:1999,||||||||||French,France,department||artistNationality,0.53,true,country.8781,France,2.618787,47.824905,1.0,country:1.00,matched,2026-04-27T16:46:43Z
46695,Asian Art,1900,1916,1908,1500:1999,||||||||China||,China,culture,0.55,true,country.8753,People's Republic of China,101.901875,35.486703,1.0,country:1.00,matched,2026-04-27T16:46:34Z
52390,Asian Art,1600,1633,1616,1500:1999,||||||||China||,China,culture,0.55,true,country.8753,People's Republic of China,101.901875,35.486703,1.0,country:1.00,matched,2026-04-27T16:46:34Z
46212,Asian Art,1800,1899,1849,1500:1999,||||||||China||,China,culture,0.55,true,country.8753,People's Republic of China,101.901875,35.486703,1.0,country:1.00,matched,2026-04-27T16:46:34Z
445230,Islamic Art,1100,1299,1199,1000:1499,Raqqa||||||Syria||||,"Raqqa, Syria",city||country,0.88,true,place.13035735,"Raqqa, Al-Raqqah, Syria",39.008921,35.949678,1.0,place:1.00,matched,2026-04-27T16:47:01Z
447290,Islamic Art,1000,1199,1099,1000:1499,||||||Syria||||,Syria,country,0.70,true,country.8919,Syria,38.505592,35.013048,1.0,country:1.00,matched,2026-04-27T16:47:09Z
450932,Islamic Art,1175,1250,1212,1000:1499,Raqqa||||||Syria||||,"Raqqa, Syria",city||country,0.88,true,place.13035735,"Raqqa, Al-Raqqah, Syria",39.008921,35.949678,1.0,place:1.00,matched,2026-04-27T16:47:01Z
40082,Asian Art,-2350,-2050,-2200,-2500:-2001,||||||||China||,China,culture,0.55,true,country.8753,People's Republic of China,101.901875,35.486703,1.0,country:1.00,matched,2026-04-27T16:46:34Z
42331,Asian Art,-399,-200,-300,-500:-1,||||||||China||,China,culture,0.55,true,country.8753,People's Republic of China,101.901875,35.486703,1.0,country:1.00,matched,2026-04-27T16:46:34Z
448695,Islamic Art,700,999,849,500:999,||||||Iraq||||,Iraq,country,0.70,true,country.8813,Iraq,43.404716,33.048056,1.0,country:1.00,matched,2026-04-27T16:46:46Z
37482,Asian Art,1300,1570,1435,1000:1499,||||||||Thailand (Si Satchanalai)||,"Si Satchanalai, Thailand",culture||country,0.55,true,place.6007005,"Si Satchanalai, Sukhothai, Thailand",99.80422,17.401382,1.0,place:1.00,matched,2026-04-27T16:47:06Z
314692,The Michael C. Rockefeller Wing,-100,300,100,0:499,||||||Peru||Salinar (?)||,Peru,country,0.70,true,country.8880,Peru,-75.311132,-10.151093,1.0,country:1.00,matched,2026-04-27T16:47:00Z
188536,European Sculpture and Decorative Arts,1551,1551,1551,1500:1999,||||||||||,,none,0.00,false,,,,,,,,
309133,The Michael C. Rockefeller Wing,100,600,350,0:499,||||||Peru||Nasca||,Peru,country,0.70,true,country.8880,Peru,-75.311132,-10.151093,1.0,country:1.00,matched,2026-04-27T16:47:00Z
308528,The Michael C. Rockefeller Wing,500,800,650,500:999,||||North Coast||Peru||Moche||,Peru,country,0.70,true,country.8880,Peru,-75.311132,-10.151093,1.0,country:1.00,matched,2026-04-27T16:47:00Z
45856,Asian Art,-206,220,7,0:499,||||||||China||,China,culture,0.55,true,country.8753,People's Republic of China,101.901875,35.486703,1.0,country:1.00,matched,2026-04-27T16:46:34Z
48689,Asian Art,1467,1499,1483,1000:1499,||||||||China||,China,culture,0.55,true,country.8753,People's Republic of China,101.901875,35.486703,1.0,country:1.00,matched,2026-04-27T16:46:34Z
62642,Asian Art,1700,1799,1749,1500:1999,||||||||Japan||Japanese,Japan,culture,0.55,true,country.8820,Japan,138.59223,36.386493,1.0,country:1.00,matched,2026-04-27T16:46:48Z
307871,The Michael C. Rockefeller Wing,500,800,650,500:999,||||||Peru||Moche||,Peru,country,0.70,true,country.8880,Peru,-75.311132,-10.151093,1.0,country:1.00,matched,2026-04-27T16:47:00Z
49280,Asian Art,1600,1633,1616,1500:1999,||||||||Japan||,Japan,culture,0.55,true,country.8820,Japan,138.59223,36.386493,1.0,country:1.00,matched,2026-04-27T16:46:48Z
309757,The Michael C. Rockefeller Wing,100,600,350,0:499,||||||Peru||Nasca||,Peru,country,0.70,true,country.8880,Peru,-75.311132,-10.151093,1.0,country:1.00,matched,2026-04-27T16:47:00Z
449608,Islamic Art,1000,1099,1049,1000:1499,Nishapur||||||Iran||||,"Nishapur, Iran",city||country,0.88,true,place.1878126,"Nishapur County, Razavi Khorasan, Iran",58.79233,36.21129,0.95,place:0.95,matched,2026-04-27T16:46:56Z
48357,Asian Art,1800,1899,1849,1500:1999,||||||||China||,China,culture,0.55,true,country.8753,People's Republic of China,101.901875,35.486703,1.0,country:1.00,matched,2026-04-27T16:46:34Z
46628,Asian Art,1800,1899,1849,1500:1999,||||||||China||,China,culture,0.55,true,country.8753,People's Republic of China,101.901875,35.486703,1.0,country:1.00,matched,2026-04-27T16:46:34Z
308590,The Michael C. Rockefeller Wing,-500,-200,-350,-500:-1,||||Ica Valley||Peru||Paracas||,"Ica Valley, Peru, Peru",region||country,0.70,true,place.5556400,"Ica District, Ica, Peru",-75.729645,-14.063716,0.592593,place:0.59,matched,2026-04-27T16:46:45Z
39666,Asian Art,1400,1433,1416,1000:1499,||||||||China||,China,culture,0.55,true,country.8753,People's Republic of China,101.901875,35.486703,1.0,country:1.00,matched,2026-04-27T16:46:34Z
50846,Asian Art,1573,1620,1596,1500:1999,||||||||China||,China,culture,0.55,true,country.8753,People's Republic of China,101.901875,35.486703,1.0,country:1.00,matched,2026-04-27T16:46:34Z
450942,Islamic Art,1100,1199,1149,1000:1499,Raqqa||||||Syria||||,"Raqqa, Syria",city||country,0.88,true,place.13035735,"Raqqa, Al-Raqqah, Syria",39.008921,35.949678,1.0,place:1.00,matched,2026-04-27T16:47:01Z
50739,Asian Art,1736,1795,1765,1500:1999,||||||||China||,China,culture,0.55,true,country.8753,People's Republic of China,101.901875,35.486703,1.0,country:1.00,matched,2026-04-27T16:46:34Z
54084,Asian Art,1100,1150,1125,1000:1499,||||||||Japan||,Japan,culture,0.55,true,country.8820,Japan,138.59223,36.386493,1.0,country:1.00,matched,2026-04-27T16:46:48Z
770932,European Sculpture and Decorative Arts,1875,1905,1890,1500:1999,||||||||||British,Britain,department||artistNationality,0.53,true,country.8783,United Kingdom,-2.36967,54.237933,1.0,country:1.00,matched,2026-04-27T16:46:31Z
449335,Islamic Art,775,850,812,500:999,Nishapur||||||Iran||||,"Nishapur, Iran",city||country,0.88,true,place.1878126,"Nishapur County, Razavi Khorasan, Iran",58.79233,36.21129,0.95,place:0.95,matched,2026-04-27T16:46:56Z
670804,European Sculpture and Decorative Arts,1862,1872,1867,1500:1999,"||||||||||British, Scottish",Scotland,department||artistNationality,0.35,true,region.17487,"Scotland, United Kingdom",-4.095892,56.734282,1.0,region:1.00,matched,2026-04-27T16:47:05Z
449640,Islamic Art,800,999,899,500:999,Nishapur||||||Iran||||,"Nishapur, Iran",city||country,0.88,true,place.1878126,"Nishapur County, Razavi Khorasan, Iran",58.79233,36.21129,0.95,place:0.95,matched,2026-04-27T16:46:56Z
191636,European Sculpture and Decorative Arts,1725,1740,1732,1500:1999,||||||||||German,Germany,department||artistNationality,0.53,true,country.8762,Germany,10.018343,51.133481,1.0,country:1.00,matched,2026-04-27T16:46:43Z
770914,European Sculpture and Decorative Arts,1870,1880,1875,1500:1999,||||||||||British,Britain,department||artistNationality,0.53,true,country.8783,United Kingdom,-2.36967,54.237933,1.0,country:1.00,matched,2026-04-27T16:46:31Z
308715,The Michael C. Rockefeller Wing,-500,-100,-300,-500:-1,||||||Peru||Paracas||,Peru,country,0.70,true,country.8880,Peru,-75.311132,-10.151093,1.0,country:1.00,matched,2026-04-27T16:47:00Z
48751,Asian Art,1700,1799,1749,1500:1999,||||||||China||,China,culture,0.55,true,country.8753,People's Republic of China,101.901875,35.486703,1.0,country:1.00,matched,2026-04-27T16:46:34Z
205973,European Sculpture and Decorative Arts,1800,1899,1849,1500:1999,||||||||||,,none,0.00,false,,,,,,,,
468381,Medieval Art,1275,1325,1300,1000:1499,Paris or its vicinity||||||France||French||,"Paris, France, France",city||country,0.68,true,place.894029,"Paris, France",2.348392,48.853495,1.0,region:1.00,matched,2026-04-27T16:46:59Z
194298,European Sculpture and Decorative Arts,1540,1550,1545,1500:1999,||||||||||French,France,department||artistNationality,0.53,true,country.8781,France,2.618787,47.824905,1.0,country:1.00,matched,2026-04-27T16:46:43Z
46710,Asian Art,1700,1799,1749,1500:1999,||||||||China||,China,culture,0.55,true,country.8753,People's Republic of China,101.901875,35.486703,1.0,country:1.00,matched,2026-04-27T16:46:34Z
53901,Asian Art,1662,1722,1692,1500:1999,||||||||China||,China,culture,0.55,true,country.8753,People's Republic of China,101.901875,35.486703,1.0,country:1.00,matched,2026-04-27T16:46:34Z
463530,Medieval Art,1400,1450,1425,1000:1499,Siena||||||Italy||Italian||,"Siena, Italy",city||country,0.88,true,place.55175280,"Siena, Siena, Italy",11.332266,43.31921,1.0,place:1.00,matched,2026-04-27T16:47:06Z
318466,The Michael C. Rockefeller Wing,100,399,249,0:499,||Nayarit||Mesoamerica||Mexico||Nayarit (Chinesco)||,"Nayarit, Mexico, Mexico",state||country,0.72,true,region.173215,"Nayarit, Mexico",-104.867203,21.882316,1.0,region:1.00,matched,2026-04-27T16:46:55Z
56164,Asian Art,1600,1615,1607,1500:1999,||||||||Japan||,Japan,culture,0.55,true,country.8820,Japan,138.59223,36.386493,1.0,country:1.00,matched,2026-04-27T16:46:48Z
446908,Islamic Art,1100,1299,1199,1000:1499,||||||Iran||||,Iran,country,0.70,true,country.8814,Iran,54.301374,32.565838,1.0,country:1.00,matched,2026-04-27T16:46:46Z
478721,Medieval Art,300,699,499,0:499,||Kharga Oasis||||Byzantine Egypt||Coptic||,"Kharga Oasis, Byzantine Egypt",state||country,0.72,true,country.8771,Egypt,29.871903,26.494184,0.388889,country:0.39,matched,2026-04-27T16:46:49Z
198321,European Sculpture and Decorative Arts,1725,1735,1730,1500:1999,||||||||||German,Germany,department||artistNationality,0.53,true,country.8762,Germany,10.018343,51.133481,1.0,country:1.00,matched,2026-04-27T16:46:43Z
48634,Asian Art,1500,1599,1549,1500:1999,||||||||China||,China,culture,0.55,true,country.8753,People's Republic of China,101.901875,35.486703,1.0,country:1.00,matched,2026-04-27T16:46:34Z
52397,Asian Art,1740,1760,1750,1500:1999,||||||||Japan||,Japan,culture,0.55,true,country.8820,Japan,138.59223,36.386493,1.0,country:1.00,matched,2026-04-27T16:46:48Z
453577,Islamic Art,700,999,849,500:999,||||||Iraq||||,Iraq,country,0.70,true,country.8813,Iraq,43.404716,33.048056,1.0,country:1.00,matched,2026-04-27T16:46:46Z
48173,Asian Art,1767,1799,1783,1500:1999,||||||||China||,China,culture,0.55,true,country.8753,People's Republic of China,101.901875,35.486703,1.0,country:1.00,matched,2026-04-27T16:46:34Z
52908,Asian Art,1736,1795,1765,1500:1999,||||||||China||,China,culture,0.55,true,country.8753,People's Republic of China,101.901875,35.486703,1.0,country:1.00,matched,2026-04-27T16:46:34Z
449436,Islamic Art,875,999,937,500:999,Nishapur||||||Iran||||,"Nishapur, Iran",city||country,0.88,true,place.1878126,"Nishapur County, Razavi Khorasan, Iran",58.79233,36.21129,0.95,place:0.95,matched,2026-04-27T16:46:56Z
48318,Asian Art,581,618,599,500:999,||||||||China||,China,culture,0.55,true,country.8753,People's Republic of China,101.901875,35.486703,1.0,country:1.00,matched,2026-04-27T16:46:34Z
52061,Asian Art,1662,1722,1692,1500:1999,||||||||China||,China,culture,0.55,true,country.8753,People's Republic of China,101.901875,35.486703,1.0,country:1.00,matched,2026-04-27T16:46:34Z
452735,Islamic Art,1100,1199,1149,1000:1499,||||||Iran||||,Iran,country,0.70,true,country.8814,Iran,54.301374,32.565838,1.0,country:1.00,matched,2026-04-27T16:46:46Z
546649,Egyptian Art,-1981,-1550,-1766,-2000:-1501,||||Memphite Region||Egypt||||,"Memphis region, Egypt, Egypt",region||country,0.70,true,country.8771,Egypt,29.871903,26.494184,0.388889,country:0.39,matched,2026-04-27T16:46:52Z
547756,Egyptian Art,-3100,-2649,-2875,-3000:-2501,||||Northern Upper Egypt||Egypt||||,"Upper Egypt, Egypt, Egypt",region||country,0.70,true,country.8771,Egypt,29.871903,26.494184,0.388889,country:0.39,matched,2026-04-27T16:47:13Z
549136,Egyptian Art,-1504,-1447,-1476,-1500:-1001,"||||Upper Egypt, Thebes||Egypt||||","Thebes, Egypt, Egypt",region||country,0.70,true,country.8771,Egypt,29.871903,26.494184,0.425926,country:0.43,matched,2026-04-27T16:47:10Z
250804,Greek and Roman Art,-399,-300,-350,-500:-1,"||||||||Greek, Attic||","Attica, Greece",culture||country,0.55,true,region.107611,"Attica, Greece",23.734832,37.975565,1.0,region:1.00,matched,2026-04-27T16:46:29Z
245548,Greek and Roman Art,-323,31,-146,-500:-1,"||||||||Greek, Egypt, Alexandria-Hadra||","Alexandria, Egypt",culture||country,0.55,true,place.329795,"Alexandria, Alexandria, Egypt",29.89866,31.198877,1.0,place:1.00,matched,2026-04-27T16:46:27Z
254629,Greek and Roman Art,-320,-300,-310,-500:-1,"||||||||Greek, South Italian, Apulian||","Apulia, Italy",culture||country,0.55,true,region.1516656,"Apulia, Italy",16.862029,41.125784,1.0,region:1.00,matched,2026-04-27T16:46:28Z
244857,Greek and Roman Art,-575,-550,-563,-1000:-501,"||||||||Greek, Corinthian||",Greece,culture,0.55,true,country.8795,Greece,23.828554,38.589021,1.0,country:1.00,matched,2026-04-27T16:46:44Z
240403,Greek and Roman Art,-1900,-1600,-1750,-2000:-1501,||||||||Cypriot||,Cyprus,culture,0.55,true,country.8760,Cyprus,33.221762,35.045882,1.0,country:1.00,matched,2026-04-27T16:46:37Z
240048,Greek and Roman Art,-750,-600,-675,-1000:-501,||||||||Cypriot||,Cyprus,culture,0.55,true,country.8760,Cyprus,33.221762,35.045882,1.0,country:1.00,matched,2026-04-27T16:46:37Z
254881,Greek and Roman Art,-510,-510,-510,-1000:-501,"||||||||Greek, Attic||","Attica, Greece",culture||country,0.55,true,region.107611,"Attica, Greece",23.734832,37.975565,1.0,region:1.00,matched,2026-04-27T16:46:29Z
255627,Greek and Roman Art,-560,-550,-555,-1000:-501,"||||||||Greek, Attic||","Attica, Greece",culture||country,0.55,true,region.107611,"Attica, Greece",23.734832,37.975565,1.0,region:1.00,matched,2026-04-27T16:46:29Z
253052,Greek and Roman Art,-430,-430,-430,-500:-1,"||||||||Greek, Attic||","Attica, Greece",culture||country,0.55,true,region.107611,"Attica, Greece",23.734832,37.975565,1.0,region:1.00,matched,2026-04-27T16:46:29Z
240086,Greek and Roman Art,-850,-750,-800,-1000:-501,||||||||Cypriot||,Cyprus,culture,0.55,true,country.8760,Cyprus,33.221762,35.045882,1.0,country:1.00,matched,2026-04-27T16:46:37Z
250077,Greek and Roman Art,-670,330,-170,-500:-1,||||||||Roman||,,none,0.00,false,,,,,,,,
245612,Greek and Roman Art,-350,-325,-338,-500:-1,"||||||||Greek, South Italian, Campanian||","Campania, Italy",culture||country,0.55,true,region.1500272,"Campania, Italy",14.248367,40.83725,1.0,region:1.00,matched,2026-04-27T16:46:32Z
240335,Greek and Roman Art,-1300,-1190,-1245,-1500:-1001,||||||||Mycenaean||,Greece,culture,0.55,true,country.8795,Greece,23.828554,38.589021,1.0,country:1.00,matched,2026-04-27T16:46:44Z
254633,Greek and Roman Art,-550,-500,-525,-1000:-501,||||||||Etruscan||,"Umbria, Italy",culture||country,0.55,true,region.1475696,"Umbria, Italy",12.38901,43.111961,1.0,region:1.00,matched,2026-04-27T16:47:12Z
248182,Greek and Roman Art,-430,-430,-430,-500:-1,"||||||||Greek, Attic||","Attica, Greece",culture||country,0.55,true,region.107611,"Attica, Greece",23.734832,37.975565,1.0,region:1.00,matched,2026-04-27T16:46:29Z
254346,Greek and Roman Art,-500,-475,-488,-500:-1,"||||||||Greek, Attic||","Attica, Greece",culture||country,0.55,true,region.107611,"Attica, Greece",23.734832,37.975565,1.0,region:1.00,matched,2026-04-27T16:46:29Z
255156,Greek and Roman Art,-399,-375,-387,-500:-1,"||||||||Greek, Attic||","Attica, Greece",culture||country,0.55,true,region.107611,"Attica, Greece",23.734832,37.975565,1.0,region:1.00,matched,2026-04-27T16:46:29Z
245598,Greek and Roman Art,-375,-375,-375,-500:-1,||||||||Faliscan||,Italy,culture,0.55,true,country.8816,Italy,12.646361,42.504154,1.0,country:1.00,matched,2026-04-27T16:46:47Z
250747,Greek and Roman Art,-350,-325,-338,-500:-1,||||||||Etruscan||,"Umbria, Italy",culture||country,0.55,true,region.1475696,"Umbria, Italy",12.38901,43.111961,1.0,region:1.00,matched,2026-04-27T16:47:12Z
251401,Greek and Roman Art,-460,-460,-460,-500:-1,"||||||||Greek, Attic||","Attica, Greece",culture||country,0.55,true,region.107611,"Attica, Greece",23.734832,37.975565,1.0,region:1.00,matched,2026-04-27T16:46:29Z
248705,Greek and Roman Art,-330,-300,-315,-500:-1,"||||||||Greek, South Italian, Campanian||","Campania, Italy",culture||country,0.55,true,region.1500272,"Campania, Italy",14.248367,40.83725,1.0,region:1.00,matched,2026-04-27T16:46:32Z
254923,Greek and Roman Art,-360,-340,-350,-500:-1,"||||||||Greek, South Italian, Apulian||","Apulia, Italy",culture||country,0.55,true,region.1516656,"Apulia, Italy",16.862029,41.125784,1.0,region:1.00,matched,2026-04-27T16:46:28Z
247949,Greek and Roman Art,-490,-480,-485,-500:-1,"||||||||Greek, Attic||","Attica, Greece",culture||country,0.55,true,region.107611,"Attica, Greece",23.734832,37.975565,1.0,region:1.00,matched,2026-04-27T16:46:29Z
247256,Greek and Roman Art,-480,-470,-475,-500:-1,"||||||||Greek, Attic||","Attica, Greece",culture||country,0.55,true,region.107611,"Attica, Greece",23.734832,37.975565,1.0,region:1.00,matched,2026-04-27T16:46:29Z
240129,Greek and Roman Art,-750,-600,-675,-1000:-501,||||||||Cypriot||,Cyprus,culture,0.55,true,country.8760,Cyprus,33.221762,35.045882,1.0,country:1.00,matched,2026-04-27T16:46:37Z
250239,Greek and Roman Art,-670,330,-170,-500:-1,||||||||Roman||,,none,0.00,false,,,,,,,,
246223,Greek and Roman Art,-600,-551,-576,-1000:-501,||||||||Etruscan||,"Umbria, Italy",culture||country,0.55,true,region.1475696,"Umbria, Italy",12.38901,43.111961,1.0,region:1.00,matched,2026-04-27T16:47:12Z
240128,Greek and Roman Art,-80,-1,-41,-500:-1,"||||||||Greek, probably Cypriot||",Cyprus,culture,0.35,true,country.8760,Cyprus,33.221762,35.045882,1.0,country:1.00,matched,2026-04-27T16:46:37Z
246560,Greek and Roman Art,-7000,-30,-3515,-4000:-3501,"||||||||Greek, South Italian, Apulian||","Apulia, Italy",culture||country,0.55,true,region.1516656,"Apulia, Italy",16.862029,41.125784,1.0,region:1.00,matched,2026-04-27T16:46:28Z
240667,Greek and Roman Art,-1900,-1600,-1750,-2000:-1501,||||||||Cypriot||,Cyprus,culture,0.55,true,country.8760,Cyprus,33.221762,35.045882,1.0,country:1.00,matched,2026-04-27T16:46:37Z
247192,Greek and Roman Art,-590,-570,-580,-1000:-501,"||||||||Greek, Corinthian||",Greece,culture,0.55,true,country.8795,Greece,23.828554,38.589021,1.0,country:1.00,matched,2026-04-27T16:46:44Z
240351,Greek and Roman Art,-1299,-1200,-1250,-1500:-1001,||||||||Mycenaean||,Greece,culture,0.55,true,country.8795,Greece,23.828554,38.589021,1.0,country:1.00,matched,2026-04-27T16:46:44Z
240117,Greek and Roman Art,-750,-600,-675,-1000:-501,||||||||Cypriot||,Cyprus,culture,0.55,true,country.8760,Cyprus,33.221762,35.045882,1.0,country:1.00,matched,2026-04-27T16:46:37Z
247584,Greek and Roman Art,-450,-450,-450,-500:-1,"||||||||Greek, Attic||","Attica, Greece",culture||country,0.55,true,region.107611,"Attica, Greece",23.734832,37.975565,1.0,region:1.00,matched,2026-04-27T16:46:29Z
254957,Greek and Roman Art,-425,-400,-413,-500:-1,"||||||||Greek, Attic||","Attica, Greece",culture||country,0.55,true,region.107611,"Attica, Greece",23.734832,37.975565,1.0,region:1.00,matched,2026-04-27T16:46:29Z
254247,Greek and Roman Art,-480,-480,-480,-500:-1,"||||||||Greek, Attic||","Attica, Greece",culture||country,0.55,true,region.107611,"Attica, Greece",23.734832,37.975565,1.0,region:1.00,matched,2026-04-27T16:46:29Z
248709,Greek and Roman Art,-250,-150,-200,-500:-1,"||||||||Greek, South Italian, Apulian, Canosan||","Apulia, Italy",culture||country,0.55,true,region.1516656,"Apulia, Italy",16.862029,41.125784,1.0,region:1.00,matched,2026-04-27T16:46:28Z
255316,Greek and Roman Art,-325,-300,-313,-500:-1,"||||||||Greek, South Italian, Apulian||","Apulia, Italy",culture||country,0.55,true,region.1516656,"Apulia, Italy",16.862029,41.125784,1.0,region:1.00,matched,2026-04-27T16:46:28Z
240486,Greek and Roman Art,-1200,-1050,-1125,-1500:-1001,||||||||Cypriot||,Cyprus,culture,0.55,true,country.8760,Cyprus,33.221762,35.045882,1.0,country:1.00,matched,2026-04-27T16:46:37Z
247635,Greek and Roman Art,-2600,-2400,-2500,-2500:-2001,||||||||Minoan||,"Crete, Greece",culture||country,0.55,true,region.17499,"Crete, Greece",25.133284,35.33908,1.0,region:1.00,matched,2026-04-27T16:46:36Z
240539,Greek and Roman Art,-1050,-900,-975,-1000:-501,||||||||Cypriot||,Cyprus,culture,0.55,true,country.8760,Cyprus,33.221762,35.045882,1.0,country:1.00,matched,2026-04-27T16:46:37Z
247250,Greek and Roman Art,-500,-475,-488,-500:-1,"||||||||Greek, Attic||","Attica, Greece",culture||country,0.55,true,region.107611,"Attica, Greece",23.734832,37.975565,1.0,region:1.00,matched,2026-04-27T16:46:29Z
239963,Greek and Roman Art,-599,-300,-450,-500:-1,||||||||Cypriot||,Cyprus,culture,0.55,true,country.8760,Cyprus,33.221762,35.045882,1.0,country:1.00,matched,2026-04-27T16:46:37Z
254186,Greek and Roman Art,-460,-460,-460,-500:-1,"||||||||Greek, Attic||","Attica, Greece",culture||country,0.55,true,region.107611,"Attica, Greece",23.734832,37.975565,1.0,region:1.00,matched,2026-04-27T16:46:29Z
240161,Greek and Roman Art,-400,-310,-355,-500:-1,||||||||Cypriot||,Cyprus,culture,0.55,true,country.8760,Cyprus,33.221762,35.045882,1.0,country:1.00,matched,2026-04-27T16:46:37Z
240256,Greek and Roman Art,-1125,-1050,-1088,-1500:-1001,||||||||Cypriot||,Cyprus,culture,0.55,true,country.8760,Cyprus,33.221762,35.045882,1.0,country:1.00,matched,2026-04-27T16:46:37Z
247235,Greek and Roman Art,-499,-475,-487,-500:-1,"||||||||Greek, Attic||","Attica, Greece",culture||country,0.55,true,region.107611,"Attica, Greece",23.734832,37.975565,1.0,region:1.00,matched,2026-04-27T16:46:29Z
251134,Greek and Roman Art,-399,-375,-387,-500:-1,"||||||||Greek, Attic||","Attica, Greece",culture||country,0.55,true,region.107611,"Attica, Greece",23.734832,37.975565,1.0,region:1.00,matched,2026-04-27T16:46:29Z
247188,Greek and Roman Art,-620,-590,-605,-1000:-501,"||||||||Greek, Corinthian||",Greece,culture,0.55,true,country.8795,Greece,23.828554,38.589021,1.0,country:1.00,matched,2026-04-27T16:46:44Z
240763,Greek and Roman Art,-3200,-2000,-2600,-3000:-2501,||||||||Cypriot||,Cyprus,culture,0.55,true,country.8760,Cyprus,33.221762,35.045882,1.0,country:1.00,matched,2026-04-27T16:46:37Z
247093,Greek and Roman Art,-299,-270,-285,-500:-1,||||||||Etruscan||,"Umbria, Italy",culture||country,0.55,true,region.1475696,"Umbria, Italy",12.38901,43.111961,1.0,region:1.00,matched,2026-04-27T16:47:12Z
254329,Greek and Roman Art,-620,-590,-605,-1000:-501,"||||||||Greek, Corinthian||",Greece,culture,0.55,true,country.8795,Greece,23.828554,38.589021,1.0,country:1.00,matched,2026-04-27T16:46:44Z
240489,Greek and Roman Art,-600,-480,-540,-1000:-501,||||||||Cypriot||,Cyprus,culture,0.55,true,country.8760,Cyprus,33.221762,35.045882,1.0,country:1.00,matched,2026-04-27T16:46:37Z
240668,Greek and Roman Art,-1050,-950,-1000,-1000:-501,||||||||Cypriot||,Cyprus,culture,0.55,true,country.8760,Cyprus,33.221762,35.045882,1.0,country:1.00,matched,2026-04-27T16:46:37Z
244838,Greek and Roman Art,-625,-500,-563,-1000:-501,||||||||Etruscan||,"Umbria, Italy",culture||country,0.55,true,region.1475696,"Umbria, Italy",12.38901,43.111961,1.0,region:1.00,matched,2026-04-27T16:47:12Z
256912,Greek and Roman Art,-550,-500,-525,-1000:-501,||||||||Greek||,Greece,culture,0.55,true,country.8795,Greece,23.828554,38.589021,1.0,country:1.00,matched,2026-04-27T16:46:44Z
240634,Greek and Roman Art,-1800,-1725,-1763,-2000:-1501,||||||||Cypriot||,Cyprus,culture,0.55,true,country.8760,Cyprus,33.221762,35.045882,1.0,country:1.00,matched,2026-04-27T16:46:37Z
244828,Greek and Roman Art,-499,-400,-450,-500:-1,"||||||||Greek, Attic||","Attica, Greece",culture||country,0.55,true,region.107611,"Attica, Greece",23.734832,37.975565,1.0,region:1.00,matched,2026-04-27T16:46:29Z
246241,Greek and Roman Art,-525,-500,-513,-1000:-501,||||||||Etruscan||,"Umbria, Italy",culture||country,0.55,true,region.1475696,"Umbria, Italy",12.38901,43.111961,1.0,region:1.00,matched,2026-04-27T16:47:12Z
247308,Greek and Roman Art,-460,-450,-455,-500:-1,"||||||||Greek, Attic||","Attica, Greece",culture||country,0.55,true,region.107611,"Attica, Greece",23.734832,37.975565,1.0,region:1.00,matched,2026-04-27T16:46:29Z
247324,Greek and Roman Art,-500,-500,-500,-500:-1,"||||||||Greek, Attic||","Attica, Greece",culture||country,0.55,true,region.107611,"Attica, Greece",23.734832,37.975565,1.0,region:1.00,matched,2026-04-27T16:46:29Z
248732,Greek and Roman Art,-460,-450,-455,-500:-1,"||||||||Greek, Attic||","Attica, Greece",culture||country,0.55,true,region.107611,"Attica, Greece",23.734832,37.975565,1.0,region:1.00,matched,2026-04-27T16:46:29Z
246979,Greek and Roman Art,-350,-300,-325,-500:-1,"||||||||Greek, South Italian, Apulian||","Apulia, Italy",culture||country,0.55,true,region.1516656,"Apulia, Italy",16.862029,41.125784,1.0,region:1.00,matched,2026-04-27T16:46:28Z
240484,Greek and Roman Art,-850,-750,-800,-1000:-501,||||||||Cypriot||,Cyprus,culture,0.55,true,country.8760,Cyprus,33.221762,35.045882,1.0,country:1.00,matched,2026-04-27T16:46:37Z
240478,Greek and Roman Art,-850,-750,-800,-1000:-501,||||||||Cypriot||,Cyprus,culture,0.55,true,country.8760,Cyprus,33.221762,35.045882,1.0,country:1.00,matched,2026-04-27T16:46:37Z
910531,Greek and Roman Art,-13,-13,-13,-500:-1,||||||||Mycenaean||,Greece,culture,0.55,true,country.8795,Greece,23.828554,38.589021,1.0,country:1.00,matched,2026-04-27T16:46:44Z
244729,Greek and Roman Art,-1600,-1050,-1325,-1500:-1001,||||||||Mycenaean||,Greece,culture,0.55,true,country.8795,Greece,23.828554,38.589021,1.0,country:1.00,matched,2026-04-27T16:46:44Z
891616,Ancient West Asian Art,1851,1860,1855,1500:1999,||||||||British||,Britain,culture,0.55,true,country.8783,United Kingdom,-2.36967,54.237933,1.0,country:1.00,matched,2026-04-27T16:46:31Z
310603,The Michael C. Rockefeller Wing,900,1300,1100,1000:1499,||Veracruz||Mesoamerica||Mexico||Huastec||,"Veracruz, Mexico, Mexico",state||country,0.72,true,place.37464223,"Veracruz, Veracruz, Mexico",-96.1379,19.198362,0.666667,place:0.67,matched,2026-04-27T16:47:14Z
308539,The Michael C. Rockefeller Wing,100,400,250,0:499,||||||Peru||Moche||,Peru,country,0.70,true,country.8880,Peru,-75.311132,-10.151093,1.0,country:1.00,matched,2026-04-27T16:47:00Z
309302,The Michael C. Rockefeller Wing,200,500,350,0:499,||||||Peru||Moche||,Peru,country,0.70,true,country.8880,Peru,-75.311132,-10.151093,1.0,country:1.00,matched,2026-04-27T16:47:00Z
316176,The Michael C. Rockefeller Wing,1,600,300,0:499,||||South Coast||Peru||Nasca||,Peru,country,0.70,true,country.8880,Peru,-75.311132,-10.151093,1.0,country:1.00,matched,2026-04-27T16:47:00Z
310387,The Michael C. Rockefeller Wing,1700,1800,1750,1500:1999,||||||Mali||Dogon peoples||,Mali,country,0.70,true,country.8851,Mali,-1.252145,17.350335,1.0,country:1.00,matched,2026-04-27T16:46:51Z
315038,The Michael C. Rockefeller Wing,1100,1600,1350,1000:1499,||||||Mali||Middle Niger civilization||,Mali,country,0.70,true,country.8851,Mali,-1.252145,17.350335,1.0,country:1.00,matched,2026-04-27T16:46:51Z
312160,The Michael C. Rockefeller Wing,-200,300,50,0:499,||Colima||||Mexico||Colima||,"Colima, Mexico, Mexico",state||country,0.72,true,region.255135,"Mexico, Mexico",-99.724084,19.642105,0.666667,region:0.67,matched,2026-04-27T16:46:35Z
319800,The Michael C. Rockefeller Wing,400,600,500,500:999,||||South Coast||Peru||Nasca||,Peru,country,0.70,true,country.8880,Peru,-75.311132,-10.151093,1.0,country:1.00,matched,2026-04-27T16:47:00Z
315682,The Michael C. Rockefeller Wing,100,700,400,0:499,||||||Peru||Moche||,Peru,country,0.70,true,country.8880,Peru,-75.311132,-10.151093,1.0,country:1.00,matched,2026-04-27T16:47:00Z
312582,The Michael C. Rockefeller Wing,1430,1521,1475,1000:1499,||||Mesoamerica||Mexico||Mexica (Aztec)||,"Mesoamerica, Mexico",region||country,0.70,true,country.8863,Mexico,-102.532867,23.950464,0.5,country:0.50,matched,2026-04-27T16:46:53Z
310361,The Michael C. Rockefeller Wing,-200,300,50,0:499,||Colima||Mesoamerica||Mexico||Colima||,"Colima, Mexico, Mexico",state||country,0.72,true,region.255135,"Mexico, Mexico",-99.724084,19.642105,0.666667,region:0.67,matched,2026-04-27T16:46:35Z
316764,The Michael C. Rockefeller Wing,1200,1500,1350,1000:1499,||||West Mexico||Mexico||Colima||,"Western Mexico, Mexico",region||country,0.70,true,region.255135,"Mexico, Mexico",-99.724084,19.642105,0.666667,region:0.67,matched,2026-04-27T16:47:15Z
314165,The Michael C. Rockefeller Wing,-1200,-300,-750,-1000:-501,||||||Ecuador||Chorrera||,Ecuador,country,0.70,true,country.8769,Ecuador,-78.432915,-1.160171,1.0,country:1.00,matched,2026-04-27T16:46:39Z
313362,The Michael C. Rockefeller Wing,300,400,350,0:499,||Chihuahua||Mesoamerica||Mexico||Casas Grandes||,"Chihuahua, Mexico, Mexico",state||country,0.72,true,place.5228703,"Chihuahua, Chihuahua, Mexico",-106.07461,28.638037,1.0,place:1.00,matched,2026-04-27T16:46:34Z
833901,The Michael C. Rockefeller Wing,1100,1299,1199,1000:1499,||New Mexico||||United States||Ancestral Puebloan (Cibola)||,"New Mexico, United States",state||country,0.72,true,region.222444,"New Mexico, United States",-105.998351,34.324856,1.0,region:1.00,matched,2026-04-27T16:46:55Z
317619,The Michael C. Rockefeller Wing,600,1000,800,500:999,||Veracruz||Mesoamerica||Mexico||Veracruz||,"Veracruz, Mexico, Mexico",state||country,0.72,true,place.37464223,"Veracruz, Veracruz, Mexico",-96.1379,19.198362,0.666667,place:0.67,matched,2026-04-27T16:47:14Z
318345,The Michael C. Rockefeller Wing,300,400,350,0:499,||||||Guatemala||Maya||,Guatemala,country,0.70,true,country.8797,Guatemala,-90.390002,15.605589,1.0,country:1.00,matched,2026-04-27T16:46:44Z
310594,The Michael C. Rockefeller Wing,200,700,450,0:499,||Ancash||||Peru||Recuay||,"Ancash, Peru, Peru",state||country,0.72,true,region.50352,"Ancash, Peru",-77.528998,-9.529851,1.0,region:1.00,matched,2026-04-27T16:46:28Z
319065,The Michael C. Rockefeller Wing,-175,325,75,0:499,||Colima||Mesoamerica||Mexico||Colima||,"Colima, Mexico, Mexico",state||country,0.72,true,region.255135,"Mexico, Mexico",-99.724084,19.642105,0.666667,region:0.67,matched,2026-04-27T16:46:35Z
314859,The Michael C. Rockefeller Wing,1100,1500,1300,1000:1499,||||||Mali||Middle Niger civilization||,Mali,country,0.70,true,country.8851,Mali,-1.252145,17.350335,1.0,country:1.00,matched,2026-04-27T16:46:51Z
316710,The Michael C. Rockefeller Wing,1400,1500,1450,1000:1499,||||Mesoamerica||Mexico||Nayarit||,"Mesoamerica, Mexico",region||country,0.70,true,country.8863,Mexico,-102.532867,23.950464,0.5,country:0.50,matched,2026-04-27T16:46:53Z
315062,The Michael C. Rockefeller Wing,-900,-300,-600,-1000:-501,||||||Ecuador||Chorrera||,Ecuador,country,0.70,true,country.8769,Ecuador,-78.432915,-1.160171,1.0,country:1.00,matched,2026-04-27T16:46:39Z
312814,The Michael C. Rockefeller Wing,500,600,550,500:999,||Chihuahua||Mesoamerica||Mexico||Casas Grandes||,"Chihuahua, Mexico, Mexico",state||country,0.72,true,place.5228703,"Chihuahua, Chihuahua, Mexico",-106.07461,28.638037,1.0,place:1.00,matched,2026-04-27T16:46:34Z
310384,The Michael C. Rockefeller Wing,1300,1400,1350,1000:1499,Bandiagara Escarpment||||||Mali||Tellem peoples||,"Bandiagara Escarpment, Mali",city||country,0.88,true,place.51759251,"Bandiagara, Mopti, Mali",-3.608384,14.35225,0.666667,place:0.67,matched,2026-04-27T16:46:29Z
313361,The Michael C. Rockefeller Wing,300,400,350,0:499,||Chihuahua||Mesoamerica||Mexico||Casas Grandes||,"Chihuahua, Mexico, Mexico",state||country,0.72,true,place.5228703,"Chihuahua, Chihuahua, Mexico",-106.07461,28.638037,1.0,place:1.00,matched,2026-04-27T16:46:34Z
309304,The Michael C. Rockefeller Wing,300,700,500,500:999,||||||Peru||Moche||,Peru,country,0.70,true,country.8880,Peru,-75.311132,-10.151093,1.0,country:1.00,matched,2026-04-27T16:47:00Z
313289,The Michael C. Rockefeller Wing,1400,1535,1467,1000:1499,||||||Peru||Inca||,Peru,country,0.70,true,country.8880,Peru,-75.311132,-10.151093,1.0,country:1.00,matched,2026-04-27T16:47:00Z
310543,The Michael C. Rockefeller Wing,1,400,200,0:499,||||South Coast||Peru||Nasca||,Peru,country,0.70,true,country.8880,Peru,-75.311132,-10.151093,1.0,country:1.00,matched,2026-04-27T16:47:00Z
318628,The Michael C. Rockefeller Wing,700,800,750,500:999,||||Mesoamerica||Guatemala or Mexico||Maya||,"Mesoamerica, Guatemala",region||country,0.50,true,country.8797,Guatemala,-90.390002,15.605589,0.5,country:0.50,matched,2026-04-27T16:46:53Z
313314,The Michael C. Rockefeller Wing,-200,300,50,0:499,||Colima||Mesoamerica||Mexico||Colima||,"Colima, Mexico, Mexico",state||country,0.72,true,region.255135,"Mexico, Mexico",-99.724084,19.642105,0.666667,region:0.67,matched,2026-04-27T16:46:35Z
446195,Islamic Art,1200,1299,1249,1000:1499,Kashan||||||Iran||||,"Kashan, Iran",city||country,0.88,true,place.1255534,"Kashan County, Isfahan, Iran",51.44271,33.98714,0.98,place:0.98,matched,2026-04-27T16:46:48Z
453306,Islamic Art,900,999,949,500:999,Nishapur or Samarqand||||||Iran or present-day Uzbekistan||||,"Nishapur, Iran, Iran",city||country,0.68,true,place.1878126,"Nishapur County, Razavi Khorasan, Iran",58.79233,36.21129,0.633333,place:0.63,matched,2026-04-27T16:46:56Z
449924,Islamic Art,800,999,899,500:999,Nishapur||||||Iran||||,"Nishapur, Iran",city||country,0.88,true,place.1878126,"Nishapur County, Razavi Khorasan, Iran",58.79233,36.21129,0.95,place:0.95,matched,2026-04-27T16:46:56Z
449873,Islamic Art,800,999,899,500:999,Nishapur||||||Iran||||,"Nishapur, Iran",city||country,0.88,true,place.1878126,"Nishapur County, Razavi Khorasan, Iran",58.79233,36.21129,0.95,place:0.95,matched,2026-04-27T16:46:56Z
449884,Islamic Art,800,999,899,500:999,Nishapur||||||Iran||||,"Nishapur, Iran",city||country,0.88,true,place.1878126,"Nishapur County, Razavi Khorasan, Iran",58.79233,36.21129,0.95,place:0.95,matched,2026-04-27T16:46:56Z
449879,Islamic Art,900,999,949,500:999,Nishapur||||||Iran||||,"Nishapur, Iran",city||country,0.88,true,place.1878126,"Nishapur County, Razavi Khorasan, Iran",58.79233,36.21129,0.95,place:0.95,matched,2026-04-27T16:46:56Z
255648,Greek and Roman Art,-399,-300,-350,-500:-1,"||||||||Greek, South Italian, Apulian||","Apulia, Italy",culture||country,0.55,true,region.1516656,"Apulia, Italy",16.862029,41.125784,1.0,region:1.00,matched,2026-04-27T16:46:28Z
247352,Greek and Roman Art,-440,-440,-440,-500:-1,"||||||||Greek, Attic||","Attica, Greece",culture||country,0.55,true,region.107611,"Attica, Greece",23.734832,37.975565,1.0,region:1.00,matched,2026-04-27T16:46:29Z
254427,Greek and Roman Art,-500,-475,-488,-500:-1,"||||||||Greek, Attic||","Attica, Greece",culture||country,0.55,true,region.107611,"Attica, Greece",23.734832,37.975565,1.0,region:1.00,matched,2026-04-27T16:46:29Z
240785,Greek and Roman Art,-2500,-1900,-2200,-2500:-2001,||||||||Cypriot||,Cyprus,culture,0.55,true,country.8760,Cyprus,33.221762,35.045882,1.0,country:1.00,matched,2026-04-27T16:46:37Z
250076,Greek and Roman Art,-670,330,-170,-500:-1,||||||||Roman||,,none,0.00,false,,,,,,,,
247282,Greek and Roman Art,-440,-440,-440,-500:-1,"||||||||Greek, Attic||","Attica, Greece",culture||country,0.55,true,region.107611,"Attica, Greece",23.734832,37.975565,1.0,region:1.00,matched,2026-04-27T16:46:29Z
245571,Greek and Roman Art,-299,-200,-250,-500:-1,"||||||||Greek, Egypt, Alexandria-Hadra||","Alexandria, Egypt",culture||country,0.55,true,place.329795,"Alexandria, Alexandria, Egypt",29.89866,31.198877,1.0,place:1.00,matched,2026-04-27T16:46:27Z
251271,Greek and Roman Art,-499,-400,-450,-500:-1,"||||||||Greek, Attic||","Attica, Greece",culture||country,0.55,true,region.107611,"Attica, Greece",23.734832,37.975565,1.0,region:1.00,matched,2026-04-27T16:46:29Z
251100,Greek and Roman Art,-530,-520,-525,-1000:-501,"||||||||Greek, Attic||","Attica, Greece",culture||country,0.55,true,region.107611,"Attica, Greece",23.734832,37.975565,1.0,region:1.00,matched,2026-04-27T16:46:29Z
255062,Greek and Roman Art,-750,-650,-700,-1000:-501,"||||||||Greek, Attic||","Attica, Greece",culture||country,0.55,true,region.107611,"Attica, Greece",23.734832,37.975565,1.0,region:1.00,matched,2026-04-27T16:46:29Z
253050,Greek and Roman Art,-575,-525,-550,-1000:-501,||||||||East Greek||,East Greece,culture,0.55,true,country.8795,Greece,23.828554,38.589021,0.5,country:0.50,matched,2026-04-27T16:46:39Z
241816,Greek and Roman Art,-299,-100,-200,-500:-1,||||||||Cypriot||,Cyprus,culture,0.55,true,country.8760,Cyprus,33.221762,35.045882,1.0,country:1.00,matched,2026-04-27T16:46:37Z
240221,Greek and Roman Art,-599,-400,-500,-500:-1,||||||||Cypriot||,Cyprus,culture,0.55,true,country.8760,Cyprus,33.221762,35.045882,1.0,country:1.00,matched,2026-04-27T16:46:37Z
254198,Greek and Roman Art,-600,-550,-575,-1000:-501,"||||||||Etruscan, Etrusco-Corinthian||","Umbria, Italy",culture||country,0.55,true,region.1475696,"Umbria, Italy",12.38901,43.111961,1.0,region:1.00,matched,2026-04-27T16:47:12Z
254183,Greek and Roman Art,-470,-460,-465,-500:-1,"||||||||Greek, Attic||","Attica, Greece",culture||country,0.55,true,region.107611,"Attica, Greece",23.734832,37.975565,1.0,region:1.00,matched,2026-04-27T16:46:29Z
256203,Greek and Roman Art,-1750,-1700,-1725,-2000:-1501,||||||||Helladic||,Greece,culture,0.55,true,country.8795,Greece,23.828554,38.589021,1.0,country:1.00,matched,2026-04-27T16:46:44Z
240394,Greek and Roman Art,-1200,-1050,-1125,-1500:-1001,||||||||Cypriot||,Cyprus,culture,0.55,true,country.8760,Cyprus,33.221762,35.045882,1.0,country:1.00,matched,2026-04-27T16:46:37Z
247348,Greek and Roman Art,-420,-410,-415,-500:-1,"||||||||Greek, Attic||","Attica, Greece",culture||country,0.55,true,region.107611,"Attica, Greece",23.734832,37.975565,1.0,region:1.00,matched,2026-04-27T16:46:29Z
255333,Greek and Roman Art,-325,-300,-313,-500:-1,"||||||||Greek, South Italian, Apulian, Canosan||","Apulia, Italy",culture||country,0.55,true,region.1516656,"Apulia, Italy",16.862029,41.125784,1.0,region:1.00,matched,2026-04-27T16:46:28Z
246636,Greek and Roman Art,-420,-380,-400,-500:-1,||||||||Etruscan||,"Umbria, Italy",culture||country,0.55,true,region.1475696,"Umbria, Italy",12.38901,43.111961,1.0,region:1.00,matched,2026-04-27T16:47:12Z
255461,Greek and Roman Art,-350,-300,-325,-500:-1,"||||||||Greek, South Italian, Apulian||","Apulia, Italy",culture||country,0.55,true,region.1516656,"Apulia, Italy",16.862029,41.125784,1.0,region:1.00,matched,2026-04-27T16:46:28Z
253196,Greek and Roman Art,-725,-700,-713,-1000:-501,"||||||||Greek, Attic||","Attica, Greece",culture||country,0.55,true,region.107611,"Attica, Greece",23.734832,37.975565,1.0,region:1.00,matched,2026-04-27T16:46:29Z
254268,Greek and Roman Art,-499,-475,-487,-500:-1,"||||||||Greek, Attic||","Attica, Greece",culture||country,0.55,true,region.107611,"Attica, Greece",23.734832,37.975565,1.0,region:1.00,matched,2026-04-27T16:46:29Z
240442,Greek and Roman Art,-850,-750,-800,-1000:-501,||||||||Cypriot||,Cyprus,culture,0.55,true,country.8760,Cyprus,33.221762,35.045882,1.0,country:1.00,matched,2026-04-27T16:46:37Z
256549,Greek and Roman Art,-2300,-1900,-2100,-2500:-2001,||||||||Cycladic||,"Cyclades, Greece",culture||country,0.55,true,country.8795,Greece,23.828554,38.589021,0.5,country:0.50,matched,2026-04-27T16:46:37Z
250572,Greek and Roman Art,-399,-300,-350,-500:-1,||||||||East Greek||,East Greece,culture,0.55,true,country.8795,Greece,23.828554,38.589021,0.5,country:0.50,matched,2026-04-27T16:46:39Z
240815,Greek and Roman Art,-1725,-1600,-1663,-2000:-1501,||||||||Cypriot||,Cyprus,culture,0.55,true,country.8760,Cyprus,33.221762,35.045882,1.0,country:1.00,matched,2026-04-27T16:46:37Z
244759,Greek and Roman Art,-575,-500,-538,-1000:-501,"||||||||Greek, Corinthian||",Greece,culture,0.55,true,country.8795,Greece,23.828554,38.589021,1.0,country:1.00,matched,2026-04-27T16:46:44Z
256602,Greek and Roman Art,-350,-325,-338,-500:-1,"||||||||Greek, South Italian, Campanian||","Campania, Italy",culture||country,0.55,true,region.1500272,"Campania, Italy",14.248367,40.83725,1.0,region:1.00,matched,2026-04-27T16:46:32Z
248300,Greek and Roman Art,-499,-475,-487,-500:-1,"||||||||Greek, Attic||","Attica, Greece",culture||country,0.55,true,region.107611,"Attica, Greece",23.734832,37.975565,1.0,region:1.00,matched,2026-04-27T16:46:29Z
240140,Greek and Roman Art,-750,-600,-675,-1000:-501,||||||||Cypriot||,Cyprus,culture,0.55,true,country.8760,Cyprus,33.221762,35.045882,1.0,country:1.00,matched,2026-04-27T16:46:37Z
251022,Greek and Roman Art,-510,-510,-510,-1000:-501,"||||||||Greek, Attic||","Attica, Greece",culture||country,0.55,true,region.107611,"Attica, Greece",23.734832,37.975565,1.0,region:1.00,matched,2026-04-27T16:46:29Z
244860,Greek and Roman Art,-350,-325,-338,-500:-1,"||||||||Greek, South Italian, Apulian||","Apulia, Italy",culture||country,0.55,true,region.1516656,"Apulia, Italy",16.862029,41.125784,1.0,region:1.00,matched,2026-04-27T16:46:28Z
255193,Greek and Roman Art,-490,-490,-490,-500:-1,"||||||||Greek, Attic||","Attica, Greece",culture||country,0.55,true,region.107611,"Attica, Greece",23.734832,37.975565,1.0,region:1.00,matched,2026-04-27T16:46:29Z
240015,Greek and Roman Art,-1150,-1100,-1125,-1500:-1001,||||||||Cypriot||,Cyprus,culture,0.55,true,country.8760,Cyprus,33.221762,35.045882,1.0,country:1.00,matched,2026-04-27T16:46:37Z
246123,Greek and Roman Art,-399,-300,-350,-500:-1,"||||||||Greek, South Italian, Apulian||","Apulia, Italy",culture||country,0.55,true,region.1516656,"Apulia, Italy",16.862029,41.125784,1.0,region:1.00,matched,2026-04-27T16:46:28Z
246116,Greek and Roman Art,-799,-500,-650,-1000:-501,"||||||||Etruscan, Italo-Corinthian||","Etruscan, Italo-Corinthian",culture||country,0.55,true,country.8816,Italy,12.646361,42.504154,0.383333,country:0.38,matched,2026-04-27T16:46:40Z
240437,Greek and Roman Art,-507,-323,-415,-500:-1,||||||||Cypriot||,Cyprus,culture,0.55,true,country.8760,Cyprus,33.221762,35.045882,1.0,country:1.00,matched,2026-04-27T16:46:37Z
254246,Greek and Roman Art,-600,-575,-588,-1000:-501,||||||||East Greek||,East Greece,culture,0.55,true,country.8795,Greece,23.828554,38.589021,0.5,country:0.50,matched,2026-04-27T16:46:39Z
254396,Greek and Roman Art,-399,-300,-350,-500:-1,"||||||||Greek, South Italian, Apulian||","Apulia, Italy",culture||country,0.55,true,region.1516656,"Apulia, Italy",16.862029,41.125784,1.0,region:1.00,matched,2026-04-27T16:46:28Z
254307,Greek and Roman Art,-425,-375,-400,-500:-1,"||||||||Greek, Attic||","Attica, Greece",culture||country,0.55,true,region.107611,"Attica, Greece",23.734832,37.975565,1.0,region:1.00,matched,2026-04-27T16:46:29Z
254559,Greek and Roman Art,-599,-450,-525,-1000:-501,"||||||||Greek, Attic||","Attica, Greece",culture||country,0.55,true,region.107611,"Attica, Greece",23.734832,37.975565,1.0,region:1.00,matched,2026-04-27T16:46:29Z
240118,Greek and Roman Art,-750,-600,-675,-1000:-501,||||||||Cypriot||,Cyprus,culture,0.55,true,country.8760,Cyprus,33.221762,35.045882,1.0,country:1.00,matched,2026-04-27T16:46:37Z
239990,Greek and Roman Art,-400,-310,-355,-500:-1,||||||||Cypriot||,Cyprus,culture,0.55,true,country.8760,Cyprus,33.221762,35.045882,1.0,country:1.00,matched,2026-04-27T16:46:37Z
252556,Greek and Roman Art,-565,-550,-558,-1000:-501,"||||||||Etruscan, Etrusco-Corinthian||","Umbria, Italy",culture||country,0.55,true,region.1475696,"Umbria, Italy",12.38901,43.111961,1.0,region:1.00,matched,2026-04-27T16:47:12Z
248515,Greek and Roman Art,-1550,-1425,-1488,-1500:-1001,||||||||Cycladic||,"Cyclades, Greece",culture||country,0.55,true,country.8795,Greece,23.828554,38.589021,0.5,country:0.50,matched,2026-04-27T16:46:37Z
240926,Greek and Roman Art,-1900,-1600,-1750,-2000:-1501,||||||||Cypriot||,Cyprus,culture,0.55,true,country.8760,Cyprus,33.221762,35.045882,1.0,country:1.00,matched,2026-04-27T16:46:37Z
912990,Greek and Roman Art,0,0,0,0:499,"||||||||Canosan, Puglia||","Apulia, Italy",culture||country,0.55,true,region.1516656,"Apulia, Italy",16.862029,41.125784,1.0,region:1.00,matched,2026-04-27T16:46:28Z
251104,Greek and Roman Art,-420,-400,-410,-500:-1,"||||||||Greek, Attic||","Attica, Greece",culture||country,0.55,true,region.107611,"Attica, Greece",23.734832,37.975565,1.0,region:1.00,matched,2026-04-27T16:46:29Z
240332,Greek and Roman Art,-1300,-1190,-1245,-1500:-1001,||||||||Mycenaean||,Greece,culture,0.55,true,country.8795,Greece,23.828554,38.589021,1.0,country:1.00,matched,2026-04-27T16:46:44Z
254634,Greek and Roman Art,100,299,199,0:499,||||||||Roman||,,none,0.00,false,,,,,,,,
240072,Greek and Roman Art,-600,-480,-540,-1000:-501,||||||||Cypriot||,Cyprus,culture,0.55,true,country.8760,Cyprus,33.221762,35.045882,1.0,country:1.00,matched,2026-04-27T16:46:37Z
240328,Greek and Roman Art,-600,-480,-540,-1000:-501,||||||||Cypriot||,Cyprus,culture,0.55,true,country.8760,Cyprus,33.221762,35.045882,1.0,country:1.00,matched,2026-04-27T16:46:37Z
254616,Greek and Roman Art,-450,-400,-425,-500:-1,"||||||||Greek, Attic||","Attica, Greece",culture||country,0.55,true,region.107611,"Attica, Greece",23.734832,37.975565,1.0,region:1.00,matched,2026-04-27T16:46:29Z
240063,Greek and Roman Art,-1050,-950,-1000,-1000:-501,||||||||Cypriot||,Cyprus,culture,0.55,true,country.8760,Cyprus,33.221762,35.045882,1.0,country:1.00,matched,2026-04-27T16:46:37Z
254561,Greek and Roman Art,-500,-490,-495,-500:-1,"||||||||Greek, Attic||","Attica, Greece",culture||country,0.55,true,region.107611,"Attica, Greece",23.734832,37.975565,1.0,region:1.00,matched,2026-04-27T16:46:29Z
254551,Greek and Roman Art,-515,-505,-510,-1000:-501,"||||||||Greek, Attic||","Attica, Greece",culture||country,0.55,true,region.107611,"Attica, Greece",23.734832,37.975565,1.0,region:1.00,matched,2026-04-27T16:46:29Z
240790,Greek and Roman Art,-2500,-1900,-2200,-2500:-2001,||||||||Cypriot||,Cyprus,culture,0.55,true,country.8760,Cyprus,33.221762,35.045882,1.0,country:1.00,matched,2026-04-27T16:46:37Z
256207,Greek and Roman Art,-350,-325,-338,-500:-1,"||||||||Greek, South Italian, Apulian||","Apulia, Italy",culture||country,0.55,true,region.1516656,"Apulia, Italy",16.862029,41.125784,1.0,region:1.00,matched,2026-04-27T16:46:28Z
251128,Greek and Roman Art,-440,-430,-435,-500:-1,"||||||||Greek, Attic||","Attica, Greece",culture||country,0.55,true,region.107611,"Attica, Greece",23.734832,37.975565,1.0,region:1.00,matched,2026-04-27T16:46:29Z
250238,Greek and Roman Art,-670,330,-170,-500:-1,||||||||Roman||,,none,0.00,false,,,,,,,,
240298,Greek and Roman Art,-600,-480,-540,-1000:-501,||||||||Cypriot||,Cyprus,culture,0.55,true,country.8760,Cyprus,33.221762,35.045882,1.0,country:1.00,matched,2026-04-27T16:46:37Z
247582,Greek and Roman Art,-420,-400,-410,-500:-1,"||||||||Greek, Attic||","Attica, Greece",culture||country,0.55,true,region.107611,"Attica, Greece",23.734832,37.975565,1.0,region:1.00,matched,2026-04-27T16:46:29Z
252592,Greek and Roman Art,-175,-50,-113,-500:-1,"||||||||Greek, Asia Minor||",Turkey,culture,0.55,true,country.8932,Türkiye,35.179593,39.060481,1.0,country:1.00,matched,2026-04-27T16:47:11Z
246571,Greek and Roman Art,-330,-320,-325,-500:-1,"||||||||Greek, South Italian, Campanian||","Campania, Italy",culture||country,0.55,true,region.1500272,"Campania, Italy",14.248367,40.83725,1.0,region:1.00,matched,2026-04-27T16:46:32Z
255289,Greek and Roman Art,-599,-500,-550,-1000:-501,"||||||||Greek, probably Corinthian||",Greece,culture,0.35,true,country.8795,Greece,23.828554,38.589021,1.0,country:1.00,matched,2026-04-27T16:46:44Z
251763,Greek and Roman Art,-699,-500,-600,-1000:-501,"||||||||Greek, Laconian||","Laconia, Greece",culture||country,0.55,true,country.8795,Greece,23.828554,38.589021,0.5,country:0.50,matched,2026-04-27T16:46:50Z
254378,Greek and Roman Art,-480,-480,-480,-500:-1,"||||||||Greek, Attic||","Attica, Greece",culture||country,0.55,true,region.107611,"Attica, Greece",23.734832,37.975565,1.0,region:1.00,matched,2026-04-27T16:46:29Z
250550,Greek and Roman Art,-440,-440,-440,-500:-1,"||||||||Greek, Attic||","Attica, Greece",culture||country,0.55,true,region.107611,"Attica, Greece",23.734832,37.975565,1.0,region:1.00,matched,2026-04-27T16:46:29Z
240312,Greek and Roman Art,-507,-323,-415,-500:-1,||||||||Cypriot||,Cyprus,culture,0.55,true,country.8760,Cyprus,33.221762,35.045882,1.0,country:1.00,matched,2026-04-27T16:46:37Z
244817,Greek and Roman Art,-450,-400,-425,-500:-1,"||||||||Greek, Attic||","Attica, Greece",culture||country,0.55,true,region.107611,"Attica, Greece",23.734832,37.975565,1.0,region:1.00,matched,2026-04-27T16:46:29Z
240000,Greek and Roman Art,-1600,-1050,-1325,-1500:-1001,||||||||Cypriot||,Cyprus,culture,0.55,true,country.8760,Cyprus,33.221762,35.045882,1.0,country:1.00,matched,2026-04-27T16:46:37Z
244751,Greek and Roman Art,-1400,-1050,-1225,-1500:-1001,||||||||Mycenaean||,Greece,culture,0.55,true,country.8795,Greece,23.828554,38.589021,1.0,country:1.00,matched,2026-04-27T16:46:44Z
247216,Greek and Roman Art,-499,-400,-450,-500:-1,"||||||||Greek, South Italian, Campanian||","Campania, Italy",culture||country,0.55,true,region.1500272,"Campania, Italy",14.248367,40.83725,1.0,region:1.00,matched,2026-04-27T16:46:32Z
247410,Greek and Roman Art,-325,-275,-300,-500:-1,"||||||||Greek, South Italian, Apulian, Canosan||","Apulia, Italy",culture||country,0.55,true,region.1516656,"Apulia, Italy",16.862029,41.125784,1.0,region:1.00,matched,2026-04-27T16:46:28Z
240908,Greek and Roman Art,-1600,-1050,-1325,-1500:-1001,||||||||Cypriot||,Cyprus,culture,0.55,true,country.8760,Cyprus,33.221762,35.045882,1.0,country:1.00,matched,2026-04-27T16:46:37Z
246122,Greek and Roman Art,-399,-300,-350,-500:-1,"||||||||Greek, South Italian, Apulian||","Apulia, Italy",culture||country,0.55,true,region.1516656,"Apulia, Italy",16.862029,41.125784,1.0,region:1.00,matched,2026-04-27T16:46:28Z
247207,Greek and Roman Art,-550,-500,-525,-1000:-501,"||||||||East Greek, Rhodian||","Rhodes, Greece",culture||country,0.55,true,place.41265243,"Rhodes, South Aegean, Greece",28.227915,36.44352,1.0,place:1.00,matched,2026-04-27T16:47:03Z
246939,Greek and Roman Art,-330,-310,-320,-500:-1,"||||||||Greek, South Italian, Apulian||","Apulia, Italy",culture||country,0.55,true,region.1516656,"Apulia, Italy",16.862029,41.125784,1.0,region:1.00,matched,2026-04-27T16:46:28Z
240307,Greek and Roman Art,-600,-480,-540,-1000:-501,||||||||Cypriot||,Cyprus,culture,0.55,true,country.8760,Cyprus,33.221762,35.045882,1.0,country:1.00,matched,2026-04-27T16:46:37Z
240065,Greek and Roman Art,-480,-310,-395,-500:-1,||||||||Cypriot||,Cyprus,culture,0.55,true,country.8760,Cyprus,33.221762,35.045882,1.0,country:1.00,matched,2026-04-27T16:46:37Z
240436,Greek and Roman Art,-850,-750,-800,-1000:-501,||||||||Cypriot||,Cyprus,culture,0.55,true,country.8760,Cyprus,33.221762,35.045882,1.0,country:1.00,matched,2026-04-27T16:46:37Z
254352,Greek and Roman Art,-500,-475,-488,-500:-1,"||||||||Greek, Attic||","Attica, Greece",culture||country,0.55,true,region.107611,"Attica, Greece",23.734832,37.975565,1.0,region:1.00,matched,2026-04-27T16:46:29Z
247212,Greek and Roman Art,-525,-500,-513,-1000:-501,||||||||Etruscan||,"Umbria, Italy",culture||country,0.55,true,region.1475696,"Umbria, Italy",12.38901,43.111961,1.0,region:1.00,matched,2026-04-27T16:47:12Z
9353,The American Wing,1886,1890,1888,1500:1999,New York||New York||Mid-Atlantic||United States||American||American,"New York, New York, United States",city||state||country,0.95,true,place.233720044,"New York City, New York, United States",-74.005994,40.712749,1.0,place:1.00,matched,2026-04-27T16:46:56Z
9579,The American Wing,1849,1858,1853,1500:1999,Bennington||Vermont||New England||United States||American||American,"Bennington, Vermont, United States",city||state||country,0.95,true,place.25110764,"Bennington, Vermont, United States",-73.197131,42.878354,1.0,place:1.00,matched,2026-04-27T16:46:30Z
4895,The American Wing,1902,1902,1902,1500:1999,Cincinnati||Ohio||Midwest United States||United States||American||American,"Cincinnati, Ohio, United States",city||state||country,0.95,true,place.60967148,"Cincinnati, Ohio, United States",-84.513301,39.102438,1.0,place:1.00,matched,2026-04-27T16:46:35Z
5397,The American Wing,1830,1870,1850,1500:1999,Bennington||Vermont||New England||United States||American||,"Bennington, Vermont, United States",city||state||country,0.95,true,place.25110764,"Bennington, Vermont, United States",-73.197131,42.878354,1.0,place:1.00,matched,2026-04-27T16:46:30Z
7742,The American Wing,1830,1870,1850,1500:1999,Bennington||Vermont||New England||United States||American||,"Bennington, Vermont, United States",city||state||country,0.95,true,place.25110764,"Bennington, Vermont, United States",-73.197131,42.878354,1.0,place:1.00,matched,2026-04-27T16:46:30Z
5853,The American Wing,1828,1838,1833,1500:1999,Philadelphia||Pennsylvania||Mid-Atlantic||United States||American||American,"Philadelphia, Pennsylvania, United States",city||state||country,0.95,true,place.257591532,"Philadelphia, Pennsylvania, United States",-75.166853,39.952756,1.0,place:1.00,matched,2026-04-27T16:47:00Z
9248,The American Wing,1830,1870,1850,1500:1999,Bennington||Vermont||New England||United States||American||,"Bennington, Vermont, United States",city||state||country,0.95,true,place.25110764,"Bennington, Vermont, United States",-73.197131,42.878354,1.0,place:1.00,matched,2026-04-27T16:46:30Z
13455,The American Wing,1893,1900,1896,1500:1999,Trenton||New Jersey||Mid-Atlantic||United States||American||American,"Trenton, New Jersey, United States",city||state||country,0.95,true,place.330352876,"Trenton, New Jersey, United States",-74.759711,40.220578,1.0,place:1.00,matched,2026-04-27T16:47:11Z
2737,The American Wing,1891,1894,1892,1500:1999,Trenton||New Jersey||Mid-Atlantic||United States||American||American,"Trenton, New Jersey, United States",city||state||country,0.95,true,place.330352876,"Trenton, New Jersey, United States",-74.759711,40.220578,1.0,place:1.00,matched,2026-04-27T16:47:11Z
9582,The American Wing,1797,1800,1798,1500:1999,||||||China||Chinese||,China,country,0.70,true,country.8753,People's Republic of China,101.901875,35.486703,1.0,country:1.00,matched,2026-04-27T16:46:34Z
2635,The American Wing,1781,1784,1782,1500:1999,||||||China||Chinese||,China,country,0.70,true,country.8753,People's Republic of China,101.901875,35.486703,1.0,country:1.00,matched,2026-04-27T16:46:34Z
2636,The American Wing,1777,1780,1778,1500:1999,"||||||France||French, possibly||",France,country,0.70,true,country.8781,France,2.618787,47.824905,1.0,country:1.00,matched,2026-04-27T16:46:43Z
5737,The American Wing,1830,1870,1850,1500:1999,Bennington||Vermont||New England||United States||American||,"Bennington, Vermont, United States",city||state||country,0.95,true,place.25110764,"Bennington, Vermont, United States",-73.197131,42.878354,1.0,place:1.00,matched,2026-04-27T16:46:30Z
5732,The American Wing,1830,1870,1850,1500:1999,Bennington||Vermont||New England||United States||American||,"Bennington, Vermont, United States",city||state||country,0.95,true,place.25110764,"Bennington, Vermont, United States",-73.197131,42.878354,1.0,place:1.00,matched,2026-04-27T16:46:30Z
9284,The American Wing,1830,1870,1850,1500:1999,Bennington||Vermont||New England||United States||American||,"Bennington, Vermont, United States",city||state||country,0.95,true,place.25110764,"Bennington, Vermont, United States",-73.197131,42.878354,1.0,place:1.00,matched,2026-04-27T16:46:30Z
19071,The American Wing,1882,1890,1886,1500:1999,Trenton||New Jersey||Mid-Atlantic||United States||American||American,"Trenton, New Jersey, United States",city||state||country,0.95,true,place.330352876,"Trenton, New Jersey, United States",-74.759711,40.220578,1.0,place:1.00,matched,2026-04-27T16:47:11Z
20637,The American Wing,1889,1906,1897,1500:1999,Trenton||New Jersey||Mid-Atlantic||United States||American||American,"Trenton, New Jersey, United States",city||state||country,0.95,true,place.330352876,"Trenton, New Jersey, United States",-74.759711,40.220578,1.0,place:1.00,matched,2026-04-27T16:47:11Z
3992,The American Wing,1877,1895,1886,1500:1999,Trenton||New Jersey||Mid-Atlantic United States||United States||American||American,"Trenton, New Jersey, United States",city||state||country,0.95,true,place.330352876,"Trenton, New Jersey, United States",-74.759711,40.220578,1.0,place:1.00,matched,2026-04-27T16:47:11Z
2561,The American Wing,1770,1800,1785,1500:1999,||||||China||Chinese||,China,country,0.70,true,country.8753,People's Republic of China,101.901875,35.486703,1.0,country:1.00,matched,2026-04-27T16:46:34Z
5769,The American Wing,1844,1857,1850,1500:1999,Brooklyn||New York||Mid-Atlantic||United States||American||American,"Brooklyn, New York, United States",city||state||country,0.95,true,place.233720044,"New York City, New York, United States",-74.005994,40.712749,0.725926,place:0.73,matched,2026-04-27T16:46:31Z
9386,The American Wing,1889,1895,1892,1500:1999,Trenton||New Jersey||Mid-Atlantic||United States||American||,"Trenton, New Jersey, United States",city||state||country,0.95,true,place.330352876,"Trenton, New Jersey, United States",-74.759711,40.220578,1.0,place:1.00,matched,2026-04-27T16:47:11Z
8048,The American Wing,1852,1858,1855,1500:1999,Bennington||Vermont||New England||United States||American||American,"Bennington, Vermont, United States",city||state||country,0.95,true,place.25110764,"Bennington, Vermont, United States",-73.197131,42.878354,1.0,place:1.00,matched,2026-04-27T16:46:30Z
5848,The American Wing,1859,1862,1860,1500:1999,Kaolin||South Carolina||Southern||United States||American||American,"Kaolin, South Carolina, United States",city||state||country,0.95,true,place.40159468,"Brooktondale, New York, United States",-76.391092,42.381355,0.799306,place:0.80,matched,2026-04-27T16:46:48Z
9202,The American Wing,1830,1870,1850,1500:1999,Bennington||Vermont||New England||United States||American||,"Bennington, Vermont, United States",city||state||country,0.95,true,place.25110764,"Bennington, Vermont, United States",-73.197131,42.878354,1.0,place:1.00,matched,2026-04-27T16:46:30Z
14371,The American Wing,1894,1897,1895,1500:1999,Syracuse||New York||Mid-Atlantic||United States||American||American,"Syracuse, New York, United States",city||state||country,0.95,true,place.321915116,"Syracuse, New York, United States",-76.147486,43.047022,1.0,place:1.00,matched,2026-04-27T16:47:08Z
5762,The American Wing,1851,1857,1854,1500:1999,Gloucester||New Jersey||Mid-Atlantic||United States||American||American,"Gloucester, New Jersey, United States",city||state||country,0.95,true,region.156908,"New Jersey, United States",-74.389317,40.150248,0.725926,region:0.73,matched,2026-04-27T16:46:43Z
9286,The American Wing,1800,1900,1850,1500:1999,||||||China||Chinese||,China,country,0.70,true,country.8753,People's Republic of China,101.901875,35.486703,1.0,country:1.00,matched,2026-04-27T16:46:34Z
3761,The American Wing,1770,1800,1785,1500:1999,||||||China||Chinese||,China,country,0.70,true,country.8753,People's Republic of China,101.901875,35.486703,1.0,country:1.00,matched,2026-04-27T16:46:34Z
16298,The American Wing,1853,1856,1854,1500:1999,Brooklyn||New York||Mid-Atlantic||United States||American||American,"Brooklyn, New York, United States",city||state||country,0.95,true,place.233720044,"New York City, New York, United States",-74.005994,40.712749,0.725926,place:0.73,matched,2026-04-27T16:46:31Z
8681,The American Wing,1800,1820,1810,1500:1999,"||||||China||Chinese, for American market||",China,country,0.70,true,country.8753,People's Republic of China,101.901875,35.486703,1.0,country:1.00,matched,2026-04-27T16:46:34Z
5860,The American Wing,1852,1858,1855,1500:1999,Bennington||Vermont||New England||United States||American||American,"Bennington, Vermont, United States",city||state||country,0.95,true,place.25110764,"Bennington, Vermont, United States",-73.197131,42.878354,1.0,place:1.00,matched,2026-04-27T16:46:30Z
9246,The American Wing,1830,1870,1850,1500:1999,Bennington||Vermont||New England||United States||American||,"Bennington, Vermont, United States",city||state||country,0.95,true,place.25110764,"Bennington, Vermont, United States",-73.197131,42.878354,1.0,place:1.00,matched,2026-04-27T16:46:30Z
14828,The American Wing,1884,1890,1887,1500:1999,Trenton||New Jersey||Mid-Atlantic||United States||American||American,"Trenton, New Jersey, United States",city||state||country,0.95,true,place.330352876,"Trenton, New Jersey, United States",-74.759711,40.220578,1.0,place:1.00,matched,2026-04-27T16:47:11Z
17732,The American Wing,1884,1884,1884,1500:1999,Trenton||New Jersey||Mid-Atlantic||United States||American||American,"Trenton, New Jersey, United States",city||state||country,0.95,true,place.330352876,"Trenton, New Jersey, United States",-74.759711,40.220578,1.0,place:1.00,matched,2026-04-27T16:47:11Z
5726,The American Wing,1830,1870,1850,1500:1999,Bennington||Vermont||New England||United States||American||,"Bennington, Vermont, United States",city||state||country,0.95,true,place.25110764,"Bennington, Vermont, United States",-73.197131,42.878354,1.0,place:1.00,matched,2026-04-27T16:46:30Z
5850,The American Wing,1829,1832,1830,1500:1999,Philadelphia||Pennsylvania||Mid-Atlantic||United States||American||American,"Philadelphia, Pennsylvania, United States",city||state||country,0.95,true,place.257591532,"Philadelphia, Pennsylvania, United States",-75.166853,39.952756,1.0,place:1.00,matched,2026-04-27T16:47:00Z
19001,The American Wing,1882,1890,1886,1500:1999,Trenton||New Jersey||Mid-Atlantic||United States||American||American,"Trenton, New Jersey, United States",city||state||country,0.95,true,place.330352876,"Trenton, New Jersey, United States",-74.759711,40.220578,1.0,place:1.00,matched,2026-04-27T16:47:11Z
9257,The American Wing,1830,1870,1850,1500:1999,Bennington||Vermont||New England||United States||American||,"Bennington, Vermont, United States",city||state||country,0.95,true,place.25110764,"Bennington, Vermont, United States",-73.197131,42.878354,1.0,place:1.00,matched,2026-04-27T16:46:30Z
9506,The American Wing,1800,1900,1850,1500:1999,||||||||American||,United States,culture,0.55,true,country.8940,United States,-97.922211,39.381266,1.0,country:1.00,matched,2026-04-27T16:47:13Z
20730,The American Wing,1885,1885,1885,1500:1999,Baltimore||Maryland||||United States||American||American,"Baltimore, Maryland, United States",city||state||country,0.95,true,place.17508588,"Baltimore, Maryland, United States",-76.612299,39.289643,1.0,place:1.00,matched,2026-04-27T16:46:29Z
3563,The American Wing,1830,1870,1850,1500:1999,Bennington||Vermont||New England||United States||American||,"Bennington, Vermont, United States",city||state||country,0.95,true,place.25110764,"Bennington, Vermont, United States",-73.197131,42.878354,1.0,place:1.00,matched,2026-04-27T16:46:30Z
5783,The American Wing,1845,1856,1850,1500:1999,Brooklyn||New York||Mid-Atlantic||United States||American||American,"Brooklyn, New York, United States",city||state||country,0.95,true,place.233720044,"New York City, New York, United States",-74.005994,40.712749,0.725926,place:0.73,matched,2026-04-27T16:46:31Z
9584,The American Wing,1797,1800,1798,1500:1999,||||||China||Chinese||,China,country,0.70,true,country.8753,People's Republic of China,101.901875,35.486703,1.0,country:1.00,matched,2026-04-27T16:46:34Z
7740,The American Wing,1830,1870,1850,1500:1999,Bennington||Vermont||New England||United States||American||,"Bennington, Vermont, United States",city||state||country,0.95,true,place.25110764,"Bennington, Vermont, United States",-73.197131,42.878354,1.0,place:1.00,matched,2026-04-27T16:46:30Z
2432,The American Wing,1785,1790,1787,1500:1999,"||||||China||Chinese, for American market||",China,country,0.70,true,country.8753,People's Republic of China,101.901875,35.486703,1.0,country:1.00,matched,2026-04-27T16:46:34Z
3561,The American Wing,1830,1870,1850,1500:1999,Bennington||Vermont||New England||United States||American||,"Bennington, Vermont, United States",city||state||country,0.95,true,place.25110764,"Bennington, Vermont, United States",-73.197131,42.878354,1.0,place:1.00,matched,2026-04-27T16:46:30Z
18861,The American Wing,1828,1838,1833,1500:1999,Philadelphia||Pennsylvania||Mid-Atlantic||United States||American||American,"Philadelphia, Pennsylvania, United States",city||state||country,0.95,true,place.257591532,"Philadelphia, Pennsylvania, United States",-75.166853,39.952756,1.0,place:1.00,matched,2026-04-27T16:47:00Z
9242,The American Wing,1830,1870,1850,1500:1999,Bennington||Vermont||New England||United States||American||,"Bennington, Vermont, United States",city||state||country,0.95,true,place.25110764,"Bennington, Vermont, United States",-73.197131,42.878354,1.0,place:1.00,matched,2026-04-27T16:46:30Z
449878,Islamic Art,800,999,899,500:999,Nishapur||||||Iran||||,"Nishapur, Iran",city||country,0.88,true,place.1878126,"Nishapur County, Razavi Khorasan, Iran",58.79233,36.21129,0.95,place:0.95,matched,2026-04-27T16:46:56Z
449056,Islamic Art,900,1099,999,500:999,Nishapur||||||Iran||||,"Nishapur, Iran",city||country,0.88,true,place.1878126,"Nishapur County, Razavi Khorasan, Iran",58.79233,36.21129,0.95,place:0.95,matched,2026-04-27T16:46:56Z
252458,Greek and Roman Art,-560,-546,-553,-1000:-501,||||||||Lydian||,Western Turkey,culture,0.55,true,country.8932,Türkiye,35.179593,39.060481,0.5,country:0.50,matched,2026-04-27T16:47:15Z
254345,Greek and Roman Art,-510,-510,-510,-1000:-501,"||||||||Greek, Attic||","Attica, Greece",culture||country,0.55,true,region.107611,"Attica, Greece",23.734832,37.975565,1.0,region:1.00,matched,2026-04-27T16:46:29Z
244862,Greek and Roman Art,-350,-325,-338,-500:-1,"||||||||Greek, South Italian, Apulian||","Apulia, Italy",culture||country,0.55,true,region.1516656,"Apulia, Italy",16.862029,41.125784,1.0,region:1.00,matched,2026-04-27T16:46:28Z
254422,Greek and Roman Art,-610,-590,-600,-1000:-501,||||||||Etruscan||,"Umbria, Italy",culture||country,0.55,true,region.1475696,"Umbria, Italy",12.38901,43.111961,1.0,region:1.00,matched,2026-04-27T16:47:12Z
247952,Greek and Roman Art,-500,-500,-500,-500:-1,"||||||||Greek, Attic||","Attica, Greece",culture||country,0.55,true,region.107611,"Attica, Greece",23.734832,37.975565,1.0,region:1.00,matched,2026-04-27T16:46:29Z
254932,Greek and Roman Art,-350,-325,-338,-500:-1,"||||||||Greek, South Italian, Lucanian||","Basilicata, Italy",culture||country,0.55,true,region.1524848,"Basilicata, Italy",15.802208,40.638405,1.0,region:1.00,matched,2026-04-27T16:46:30Z
248832,Greek and Roman Art,-599,-500,-550,-1000:-501,||||||||Lydian||,Western Turkey,culture,0.55,true,country.8932,Türkiye,35.179593,39.060481,0.5,country:0.50,matched,2026-04-27T16:47:15Z
245557,Greek and Roman Art,-213,-213,-213,-500:-1,"||||||||Greek, Ptolemaic, Cretan||","Crete, Greece",culture||country,0.55,true,region.17499,"Crete, Greece",25.133284,35.33908,1.0,region:1.00,matched,2026-04-27T16:46:36Z
240124,Greek and Roman Art,-750,-600,-675,-1000:-501,||||||||Cypriot||,Cyprus,culture,0.55,true,country.8760,Cyprus,33.221762,35.045882,1.0,country:1.00,matched,2026-04-27T16:46:37Z
240428,Greek and Roman Art,-850,-750,-800,-1000:-501,||||||||Cypriot||,Cyprus,culture,0.55,true,country.8760,Cyprus,33.221762,35.045882,1.0,country:1.00,matched,2026-04-27T16:46:37Z
255802,Greek and Roman Art,-450,-400,-425,-500:-1,"||||||||Greek, Attic||","Attica, Greece",culture||country,0.55,true,region.107611,"Attica, Greece",23.734832,37.975565,1.0,region:1.00,matched,2026-04-27T16:46:29Z
256616,Greek and Roman Art,-450,-400,-425,-500:-1,"||||||||Greek, South Italian, Campanian||","Campania, Italy",culture||country,0.55,true,region.1500272,"Campania, Italy",14.248367,40.83725,1.0,region:1.00,matched,2026-04-27T16:46:32Z
240291,Greek and Roman Art,-850,-750,-800,-1000:-501,||||||||Cypriot||,Cyprus,culture,0.55,true,country.8760,Cyprus,33.221762,35.045882,1.0,country:1.00,matched,2026-04-27T16:46:37Z
244778,Greek and Roman Art,-1400,-1325,-1363,-1500:-1001,||||||||Mycenaean||,Greece,culture,0.55,true,country.8795,Greece,23.828554,38.589021,1.0,country:1.00,matched,2026-04-27T16:46:44Z
251933,Greek and Roman Art,-470,-460,-465,-500:-1,"||||||||Greek, Attic||","Attica, Greece",culture||country,0.55,true,region.107611,"Attica, Greece",23.734832,37.975565,1.0,region:1.00,matched,2026-04-27T16:46:29Z
255351,Greek and Roman Art,-399,-300,-350,-500:-1,"||||||||Greek, South Italian, Apulian||","Apulia, Italy",culture||country,0.55,true,region.1516656,"Apulia, Italy",16.862029,41.125784,1.0,region:1.00,matched,2026-04-27T16:46:28Z
253205,Greek and Roman Art,-699,-675,-687,-1000:-501,"||||||||Greek, Attic||","Attica, Greece",culture||country,0.55,true,region.107611,"Attica, Greece",23.734832,37.975565,1.0,region:1.00,matched,2026-04-27T16:46:29Z
248096,Greek and Roman Art,-420,-420,-420,-500:-1,"||||||||Greek, Attic||","Attica, Greece",culture||country,0.55,true,region.107611,"Attica, Greece",23.734832,37.975565,1.0,region:1.00,matched,2026-04-27T16:46:29Z
254303,Greek and Roman Art,-460,-450,-455,-500:-1,"||||||||Greek, Attic||","Attica, Greece",culture||country,0.55,true,region.107611,"Attica, Greece",23.734832,37.975565,1.0,region:1.00,matched,2026-04-27T16:46:29Z
240817,Greek and Roman Art,-1600,-1600,-1600,-2000:-1501,||||||||Egyptian||,Egypt,culture,0.55,true,country.8771,Egypt,29.871903,26.494184,1.0,country:1.00,matched,2026-04-27T16:46:40Z
251487,Greek and Roman Art,-470,-460,-465,-500:-1,"||||||||Greek, Attic||","Attica, Greece",culture||country,0.55,true,region.107611,"Attica, Greece",23.734832,37.975565,1.0,region:1.00,matched,2026-04-27T16:46:29Z
254983,Greek and Roman Art,-520,-510,-515,-1000:-501,"||||||||Greek, Attic||","Attica, Greece",culture||country,0.55,true,region.107611,"Attica, Greece",23.734832,37.975565,1.0,region:1.00,matched,2026-04-27T16:46:29Z
249056,Greek and Roman Art,-440,-430,-435,-500:-1,"||||||||Greek, Attic||","Attica, Greece",culture||country,0.55,true,region.107611,"Attica, Greece",23.734832,37.975565,1.0,region:1.00,matched,2026-04-27T16:46:29Z
253430,Greek and Roman Art,-450,-400,-425,-500:-1,"||||||||Greek, Attic||","Attica, Greece",culture||country,0.55,true,region.107611,"Attica, Greece",23.734832,37.975565,1.0,region:1.00,matched,2026-04-27T16:46:29Z
247198,Greek and Roman Art,-599,-500,-550,-1000:-501,"||||||||Greek, Corinthian||",Greece,culture,0.55,true,country.8795,Greece,23.828554,38.589021,1.0,country:1.00,matched,2026-04-27T16:46:44Z
246239,Greek and Roman Art,-330,-290,-310,-500:-1,||||||||Etruscan||,"Umbria, Italy",culture||country,0.55,true,region.1475696,"Umbria, Italy",12.38901,43.111961,1.0,region:1.00,matched,2026-04-27T16:47:12Z
255315,Greek and Roman Art,-325,-300,-313,-500:-1,"||||||||Greek, South Italian, Apulian||","Apulia, Italy",culture||country,0.55,true,region.1516656,"Apulia, Italy",16.862029,41.125784,1.0,region:1.00,matched,2026-04-27T16:46:28Z
247364,Greek and Roman Art,-420,-420,-420,-500:-1,"||||||||Greek, Attic||","Attica, Greece",culture||country,0.55,true,region.107611,"Attica, Greece",23.734832,37.975565,1.0,region:1.00,matched,2026-04-27T16:46:29Z
246156,Greek and Roman Art,-650,-600,-625,-1000:-501,||||||||Etruscan||,"Umbria, Italy",culture||country,0.55,true,region.1475696,"Umbria, Italy",12.38901,43.111961,1.0,region:1.00,matched,2026-04-27T16:47:12Z
246168,Greek and Roman Art,-900,-100,-500,-500:-1,||||||||Etruscan||,"Umbria, Italy",culture||country,0.55,true,region.1475696,"Umbria, Italy",12.38901,43.111961,1.0,region:1.00,matched,2026-04-27T16:47:12Z
240432,Greek and Roman Art,-1900,-1600,-1750,-2000:-1501,||||||||Cypriot||,Cyprus,culture,0.55,true,country.8760,Cyprus,33.221762,35.045882,1.0,country:1.00,matched,2026-04-27T16:46:37Z
257671,Greek and Roman Art,-3000,-2000,-2500,-2500:-2001,||||||||Cycladic or Cretan||,"Cyclades, Greece",culture||country,0.35,true,country.8795,Greece,23.828554,38.589021,0.5,country:0.50,matched,2026-04-27T16:46:37Z
47283,Asian Art,1834,1866,1850,1500:1999,||||||||Japan||,Japan,culture,0.55,true,country.8820,Japan,138.59223,36.386493,1.0,country:1.00,matched,2026-04-27T16:46:48Z
48700,Asian Art,1800,1899,1849,1500:1999,||||||||China||,China,culture,0.55,true,country.8753,People's Republic of China,101.901875,35.486703,1.0,country:1.00,matched,2026-04-27T16:46:34Z
48653,Asian Art,1738,1795,1766,1500:1999,||||||||China||,China,culture,0.55,true,country.8753,People's Republic of China,101.901875,35.486703,1.0,country:1.00,matched,2026-04-27T16:46:34Z
53663,Asian Art,1662,1722,1692,1500:1999,||||||||China||,China,culture,0.55,true,country.8753,People's Republic of China,101.901875,35.486703,1.0,country:1.00,matched,2026-04-27T16:46:34Z
62613,Asian Art,1700,1799,1749,1500:1999,||||||||Japan||,Japan,culture,0.55,true,country.8820,Japan,138.59223,36.386493,1.0,country:1.00,matched,2026-04-27T16:46:48Z
48148,Asian Art,918,1392,1155,1000:1499,||||||||Korea||,Korea,culture,0.55,true,country.8828,South Korea,128.168944,36.536236,1.0,country:1.00,matched,2026-04-27T16:46:49Z
62690,Asian Art,1700,1799,1749,1500:1999,||||||||Japan||Japanese,Japan,culture,0.55,true,country.8820,Japan,138.59223,36.386493,1.0,country:1.00,matched,2026-04-27T16:46:48Z
52979,Asian Art,1640,1660,1650,1500:1999,||||||||China||,China,culture,0.55,true,country.8753,People's Republic of China,101.901875,35.486703,1.0,country:1.00,matched,2026-04-27T16:46:34Z
48391,Asian Art,1000,1199,1099,1000:1499,||||||||China||,China,culture,0.55,true,country.8753,People's Republic of China,101.901875,35.486703,1.0,country:1.00,matched,2026-04-27T16:46:34Z
47808,Asian Art,1800,1899,1849,1500:1999,||||||||Japan||Japanese,Japan,culture,0.55,true,country.8820,Japan,138.59223,36.386493,1.0,country:1.00,matched,2026-04-27T16:46:48Z
45879,Asian Art,1668,1722,1695,1500:1999,||||||||China||,China,culture,0.55,true,country.8753,People's Republic of China,101.901875,35.486703,1.0,country:1.00,matched,2026-04-27T16:46:34Z
48800,Asian Art,1668,1722,1695,1500:1999,||||||||China||,China,culture,0.55,true,country.8753,People's Republic of China,101.901875,35.486703,1.0,country:1.00,matched,2026-04-27T16:46:34Z
42223,Asian Art,1867,1899,1883,1500:1999,||||||||China||,China,culture,0.55,true,country.8753,People's Republic of China,101.901875,35.486703,1.0,country:1.00,matched,2026-04-27T16:46:34Z
46567,Asian Art,1700,1799,1749,1500:1999,||||||||China||,China,culture,0.55,true,country.8753,People's Republic of China,101.901875,35.486703,1.0,country:1.00,matched,2026-04-27T16:46:34Z
51245,Asian Art,1800,1899,1849,1500:1999,||||||||China||,China,culture,0.55,true,country.8753,People's Republic of China,101.901875,35.486703,1.0,country:1.00,matched,2026-04-27T16:46:34Z
48099,Asian Art,1820,1820,1820,1500:1999,||||||||Japan||,Japan,culture,0.55,true,country.8820,Japan,138.59223,36.386493,1.0,country:1.00,matched,2026-04-27T16:46:48Z
52914,Asian Art,1662,1722,1692,1500:1999,||||||||China||,China,culture,0.55,true,country.8753,People's Republic of China,101.901875,35.486703,1.0,country:1.00,matched,2026-04-27T16:46:34Z
50963,Asian Art,1767,1849,1808,1500:1999,||||||||China||,China,culture,0.55,true,country.8753,People's Republic of China,101.901875,35.486703,1.0,country:1.00,matched,2026-04-27T16:46:34Z
246189,Greek and Roman Art,-900,-100,-500,-500:-1,||||||||Etruscan||,"Umbria, Italy",culture||country,0.55,true,region.1475696,"Umbria, Italy",12.38901,43.111961,1.0,region:1.00,matched,2026-04-27T16:47:12Z
255341,Greek and Roman Art,-450,-400,-425,-500:-1,"||||||||Greek, Attic||","Attica, Greece",culture||country,0.55,true,region.107611,"Attica, Greece",23.734832,37.975565,1.0,region:1.00,matched,2026-04-27T16:46:29Z
247315,Greek and Roman Art,-470,-460,-465,-500:-1,"||||||||Greek, Attic||","Attica, Greece",culture||country,0.55,true,region.107611,"Attica, Greece",23.734832,37.975565,1.0,region:1.00,matched,2026-04-27T16:46:29Z
248502,Greek and Roman Art,-2900,-2300,-2600,-3000:-2501,||||||||Minoan||,"Crete, Greece",culture||country,0.55,true,region.17499,"Crete, Greece",25.133284,35.33908,1.0,region:1.00,matched,2026-04-27T16:46:36Z
240970,Greek and Roman Art,-699,-600,-650,-1000:-501,||||||||Phoenician||,Lebanon,culture,0.55,true,country.8833,Lebanon,35.888026,33.920265,1.0,country:1.00,matched,2026-04-27T16:46:50Z
251260,Greek and Roman Art,-725,-650,-688,-1000:-501,"||||||||Greek, Corinthian||",Greece,culture,0.55,true,country.8795,Greece,23.828554,38.589021,1.0,country:1.00,matched,2026-04-27T16:46:44Z
239997,Greek and Roman Art,-480,-400,-440,-500:-1,||||||||Cypriot||,Cyprus,culture,0.55,true,country.8760,Cyprus,33.221762,35.045882,1.0,country:1.00,matched,2026-04-27T16:46:37Z
258464,Greek and Roman Art,-545,-535,-540,-1000:-501,"||||||||Greek, Attic||","Attica, Greece",culture||country,0.55,true,region.107611,"Attica, Greece",23.734832,37.975565,1.0,region:1.00,matched,2026-04-27T16:46:29Z
254915,Greek and Roman Art,-399,-375,-387,-500:-1,"||||||||Greek, Attic||","Attica, Greece",culture||country,0.55,true,region.107611,"Attica, Greece",23.734832,37.975565,1.0,region:1.00,matched,2026-04-27T16:46:29Z
254778,Greek and Roman Art,-299,-100,-200,-500:-1,"||||||||Greek, Sicilian, Centuripe||","Centuripe, Sicily, Italy",culture||country,0.55,true,region.1541232,"Sicily, Italy",13.352443,38.111227,0.666667,region:0.67,matched,2026-04-27T16:46:33Z
245556,Greek and Roman Art,-299,-200,-250,-500:-1,"||||||||Greek, Egypt, Alexandria-Hadra||","Alexandria, Egypt",culture||country,0.55,true,place.329795,"Alexandria, Alexandria, Egypt",29.89866,31.198877,1.0,place:1.00,matched,2026-04-27T16:46:27Z
245574,Greek and Roman Art,-299,-200,-250,-500:-1,"||||||||Greek, Ptolemaic||",Egypt,culture,0.55,true,country.8771,Egypt,29.871903,26.494184,1.0,country:1.00,matched,2026-04-27T16:46:40Z
255274,Greek and Roman Art,-625,-575,-600,-1000:-501,"||||||||Etruscan, Etrusco-Corinthian||","Umbria, Italy",culture||country,0.55,true,region.1475696,"Umbria, Italy",12.38901,43.111961,1.0,region:1.00,matched,2026-04-27T16:47:12Z
910532,Greek and Roman Art,350,360,355,0:499,"||||||||Greek, Boeotian (or Attic)||",Greece,culture,0.35,true,country.8795,Greece,23.828554,38.589021,1.0,country:1.00,matched,2026-04-27T16:46:44Z
240274,Greek and Roman Art,-600,-480,-540,-1000:-501,||||||||Cypriot||,Cyprus,culture,0.55,true,country.8760,Cyprus,33.221762,35.045882,1.0,country:1.00,matched,2026-04-27T16:46:37Z
254199,Greek and Roman Art,-550,-540,-545,-1000:-501,"||||||||Greek, Attic||","Attica, Greece",culture||country,0.55,true,region.107611,"Attica, Greece",23.734832,37.975565,1.0,region:1.00,matched,2026-04-27T16:46:29Z
255244,Greek and Roman Art,-350,-300,-325,-500:-1,"||||||||Greek, South Italian, Apulian||","Apulia, Italy",culture||country,0.55,true,region.1516656,"Apulia, Italy",16.862029,41.125784,1.0,region:1.00,matched,2026-04-27T16:46:28Z
247414,Greek and Roman Art,-330,-275,-303,-500:-1,"||||||||Greek, South Italian, Apulian, Canosan||","Apulia, Italy",culture||country,0.55,true,region.1516656,"Apulia, Italy",16.862029,41.125784,1.0,region:1.00,matched,2026-04-27T16:46:28Z
254312,Greek and Roman Art,-460,-450,-455,-500:-1,"||||||||Greek, Attic||","Attica, Greece",culture||country,0.55,true,region.107611,"Attica, Greece",23.734832,37.975565,1.0,region:1.00,matched,2026-04-27T16:46:29Z
251508,Greek and Roman Art,-399,-300,-350,-500:-1,"||||||||Greek, Attic||","Attica, Greece",culture||country,0.55,true,region.107611,"Attica, Greece",23.734832,37.975565,1.0,region:1.00,matched,2026-04-27T16:46:29Z
240344,Greek and Roman Art,-1400,-1050,-1225,-1500:-1001,||||||||Mycenaean||,Greece,culture,0.55,true,country.8795,Greece,23.828554,38.589021,1.0,country:1.00,matched,2026-04-27T16:46:44Z
254484,Greek and Roman Art,-99,-1,-50,-500:-1,||||||||Greek or Roman||,Greece,culture,0.35,true,country.8795,Greece,23.828554,38.589021,1.0,country:1.00,matched,2026-04-27T16:46:44Z
240109,Greek and Roman Art,-1125,-1050,-1088,-1500:-1001,||||||||Cypriot||,Cyprus,culture,0.55,true,country.8760,Cyprus,33.221762,35.045882,1.0,country:1.00,matched,2026-04-27T16:46:37Z
248811,Greek and Roman Art,-490,-480,-485,-500:-1,"||||||||Greek, Attic||","Attica, Greece",culture||country,0.55,true,region.107611,"Attica, Greece",23.734832,37.975565,1.0,region:1.00,matched,2026-04-27T16:46:29Z
252902,Greek and Roman Art,-2650,-2150,-2400,-2500:-2001,||||||||Helladic||,Greece,culture,0.55,true,country.8795,Greece,23.828554,38.589021,1.0,country:1.00,matched,2026-04-27T16:46:44Z
857709,Greek and Roman Art,-2000,-1725,-1863,-2000:-1501,||||||||Cypriot||,Cyprus,culture,0.55,true,country.8760,Cyprus,33.221762,35.045882,1.0,country:1.00,matched,2026-04-27T16:46:37Z
255700,Greek and Roman Art,-599,-500,-550,-1000:-501,"||||||||Greek, Corinthian||",Greece,culture,0.55,true,country.8795,Greece,23.828554,38.589021,1.0,country:1.00,matched,2026-04-27T16:46:44Z
240016,Greek and Roman Art,-310,-30,-170,-500:-1,||||||||Cypriot||,Cyprus,culture,0.55,true,country.8760,Cyprus,33.221762,35.045882,1.0,country:1.00,matched,2026-04-27T16:46:37Z
254281,Greek and Roman Art,-450,-440,-445,-500:-1,"||||||||Greek, Attic||","Attica, Greece",culture||country,0.55,true,region.107611,"Attica, Greece",23.734832,37.975565,1.0,region:1.00,matched,2026-04-27T16:46:29Z
246169,Greek and Roman Art,-555,-500,-528,-1000:-501,||||||||Etruscan||,"Umbria, Italy",culture||country,0.55,true,region.1475696,"Umbria, Italy",12.38901,43.111961,1.0,region:1.00,matched,2026-04-27T16:47:12Z
254428,Greek and Roman Art,-499,-400,-450,-500:-1,"||||||||Greek, Attic||","Attica, Greece",culture||country,0.55,true,region.107611,"Attica, Greece",23.734832,37.975565,1.0,region:1.00,matched,2026-04-27T16:46:29Z
244732,Greek and Roman Art,-1600,-1050,-1325,-1500:-1001,||||||||Mycenaean||,Greece,culture,0.55,true,country.8795,Greece,23.828554,38.589021,1.0,country:1.00,matched,2026-04-27T16:46:44Z
251803,Greek and Roman Art,-480,-480,-480,-500:-1,"||||||||Greek, Attic||","Attica, Greece",culture||country,0.55,true,region.107611,"Attica, Greece",23.734832,37.975565,1.0,region:1.00,matched,2026-04-27T16:46:29Z
330014,Greek and Roman Art,-420,-401,-411,-500:-1,"||||||||Greek, Attic||","Attica, Greece",culture||country,0.55,true,region.107611,"Attica, Greece",23.734832,37.975565,1.0,region:1.00,matched,2026-04-27T16:46:29Z
240070,Greek and Roman Art,-750,-480,-615,-1000:-501,||||||||Cypriot||,Cyprus,culture,0.55,true,country.8760,Cyprus,33.221762,35.045882,1.0,country:1.00,matched,2026-04-27T16:46:37Z
254189,Greek and Roman Art,-620,-590,-605,-1000:-501,"||||||||Greek, Corinthian||",Greece,culture,0.55,true,country.8795,Greece,23.828554,38.589021,1.0,country:1.00,matched,2026-04-27T16:46:44Z
255719,Greek and Roman Art,-520,-510,-515,-1000:-501,"||||||||Greek, Attic||","Attica, Greece",culture||country,0.55,true,region.107611,"Attica, Greece",23.734832,37.975565,1.0,region:1.00,matched,2026-04-27T16:46:29Z
254545,Greek and Roman Art,-540,-530,-535,-1000:-501,"||||||||Greek, Chalcidian||",Greece,culture,0.55,true,country.8795,Greece,23.828554,38.589021,1.0,country:1.00,matched,2026-04-27T16:46:44Z
252496,Greek and Roman Art,-525,-500,-513,-1000:-501,"||||||||Greek, Attic||","Attica, Greece",culture||country,0.55,true,region.107611,"Attica, Greece",23.734832,37.975565,1.0,region:1.00,matched,2026-04-27T16:46:29Z
240345,Greek and Roman Art,-1999,-1000,-1500,-1500:-1001,||||||||Mycenaean or Cypro-Mycenaean||,Greece,culture,0.35,true,country.8795,Greece,23.828554,38.589021,1.0,country:1.00,matched,2026-04-27T16:46:44Z
240287,Greek and Roman Art,-850,-750,-800,-1000:-501,||||||||Cypriot||,Cyprus,culture,0.55,true,country.8760,Cyprus,33.221762,35.045882,1.0,country:1.00,matched,2026-04-27T16:46:37Z
240600,Greek and Roman Art,-950,-850,-900,-1000:-501,||||||||Cypriot||,Cyprus,culture,0.55,true,country.8760,Cyprus,33.221762,35.045882,1.0,country:1.00,matched,2026-04-27T16:46:37Z
255894,Greek and Roman Art,-560,-560,-560,-1000:-501,"||||||||Greek, Attic||","Attica, Greece",culture||country,0.55,true,region.107611,"Attica, Greece",23.734832,37.975565,1.0,region:1.00,matched,2026-04-27T16:46:29Z
240333,Greek and Roman Art,-1299,-1200,-1250,-1500:-1001,||||||||Mycenaean||,Greece,culture,0.55,true,country.8795,Greece,23.828554,38.589021,1.0,country:1.00,matched,2026-04-27T16:46:44Z
240910,Greek and Roman Art,-1600,-1050,-1325,-1500:-1001,||||||||Cypriot||,Cyprus,culture,0.55,true,country.8760,Cyprus,33.221762,35.045882,1.0,country:1.00,matched,2026-04-27T16:46:37Z
240145,Greek and Roman Art,-480,-400,-440,-500:-1,||||||||Cypriot||,Cyprus,culture,0.55,true,country.8760,Cyprus,33.221762,35.045882,1.0,country:1.00,matched,2026-04-27T16:46:37Z
251345,Greek and Roman Art,-530,-520,-525,-1000:-501,"||||||||Greek, Attic||","Attica, Greece",culture||country,0.55,true,region.107611,"Attica, Greece",23.734832,37.975565,1.0,region:1.00,matched,2026-04-27T16:46:29Z
240474,Greek and Roman Art,-750,-600,-675,-1000:-501,||||||||Cypriot||,Cyprus,culture,0.55,true,country.8760,Cyprus,33.221762,35.045882,1.0,country:1.00,matched,2026-04-27T16:46:37Z
251402,Greek and Roman Art,-520,-520,-520,-1000:-501,"||||||||Greek, Attic||","Attica, Greece",culture||country,0.55,true,region.107611,"Attica, Greece",23.734832,37.975565,1.0,region:1.00,matched,2026-04-27T16:46:29Z
62529,Asian Art,1700,1799,1749,1500:1999,||||||||Japan||,Japan,culture,0.55,true,country.8820,Japan,138.59223,36.386493,1.0,country:1.00,matched,2026-04-27T16:46:48Z
47649,Asian Art,1500,1599,1549,1500:1999,||||||||China||,China,culture,0.55,true,country.8753,People's Republic of China,101.901875,35.486703,1.0,country:1.00,matched,2026-04-27T16:46:34Z
47573,Asian Art,1700,1722,1711,1500:1999,||||||||China||,China,culture,0.55,true,country.8753,People's Republic of China,101.901875,35.486703,1.0,country:1.00,matched,2026-04-27T16:46:34Z
42368,Asian Art,1734,1766,1750,1500:1999,||||||||China||,China,culture,0.55,true,country.8753,People's Republic of China,101.901875,35.486703,1.0,country:1.00,matched,2026-04-27T16:46:34Z
48711,Asian Art,1667,1733,1700,1500:1999,||||||||China||,China,culture,0.55,true,country.8753,People's Republic of China,101.901875,35.486703,1.0,country:1.00,matched,2026-04-27T16:46:34Z
47334,Asian Art,1668,1722,1695,1500:1999,||||||||China||,China,culture,0.55,true,country.8753,People's Republic of China,101.901875,35.486703,1.0,country:1.00,matched,2026-04-27T16:46:34Z
62616,Asian Art,1700,1799,1749,1500:1999,||||||||Japan||,Japan,culture,0.55,true,country.8820,Japan,138.59223,36.386493,1.0,country:1.00,matched,2026-04-27T16:46:48Z
47724,Asian Art,1800,1899,1849,1500:1999,||||||||China||,China,culture,0.55,true,country.8753,People's Republic of China,101.901875,35.486703,1.0,country:1.00,matched,2026-04-27T16:46:34Z
46620,Asian Art,1800,1899,1849,1500:1999,||||||||China||,China,culture,0.55,true,country.8753,People's Republic of China,101.901875,35.486703,1.0,country:1.00,matched,2026-04-27T16:46:34Z
52060,Asian Art,1662,1722,1692,1500:1999,||||||||China||,China,culture,0.55,true,country.8753,People's Republic of China,101.901875,35.486703,1.0,country:1.00,matched,2026-04-27T16:46:34Z
37425,Asian Art,-300,200,-50,-500:-1,||||||||Thailand (Ban Chiang)||,"Ban Chiang, Thailand",culture||country,0.55,true,place.75997,"Ban Chang, Rayong, Thailand",101.050095,12.724634,0.971296,place:0.97,matched,2026-04-27T16:46:29Z
48854,Asian Art,1767,1833,1800,1500:1999,||||||||China||,China,culture,0.55,true,country.8753,People's Republic of China,101.901875,35.486703,1.0,country:1.00,matched,2026-04-27T16:46:34Z
48704,Asian Art,1736,1795,1765,1500:1999,||||||||China||,China,culture,0.55,true,country.8753,People's Republic of China,101.901875,35.486703,1.0,country:1.00,matched,2026-04-27T16:46:34Z
48626,Asian Art,1768,1833,1800,1500:1999,||||||||China||,China,culture,0.55,true,country.8753,People's Republic of China,101.901875,35.486703,1.0,country:1.00,matched,2026-04-27T16:46:34Z
52735,Asian Art,1522,1566,1544,1500:1999,||||||||China||,China,culture,0.55,true,country.8753,People's Republic of China,101.901875,35.486703,1.0,country:1.00,matched,2026-04-27T16:46:34Z
48857,Asian Art,1740,1760,1750,1500:1999,||||||||Japan||,Japan,culture,0.55,true,country.8820,Japan,138.59223,36.386493,1.0,country:1.00,matched,2026-04-27T16:46:48Z
47972,Asian Art,1840,1840,1840,1500:1999,||||||||Japan||,Japan,culture,0.55,true,country.8820,Japan,138.59223,36.386493,1.0,country:1.00,matched,2026-04-27T16:46:48Z
48662,Asian Art,1662,1722,1692,1500:1999,||||||||China||,China,culture,0.55,true,country.8753,People's Republic of China,101.901875,35.486703,1.0,country:1.00,matched,2026-04-27T16:46:34Z
545772,Egyptian Art,-1802,-1802,-1802,-2000:-1501,||||Northern Upper Egypt||Egypt||||,"Upper Egypt, Egypt, Egypt",region||country,0.70,true,country.8771,Egypt,29.871903,26.494184,0.388889,country:0.39,matched,2026-04-27T16:47:13Z
576327,Egyptian Art,200,299,249,0:499,||||Lower Nubia||Nubia (Sudan)||||,"Lower Nubia, Nubia (Sudan)",region||country,0.70,true,country.8903,Sudan,30.049948,13.831539,0.388889,country:0.39,matched,2026-04-27T16:46:51Z
547274,Egyptian Art,-3650,-3650,-3650,-4000:-3501,||||||Egypt||||,Egypt,country,0.70,true,country.8771,Egypt,29.871903,26.494184,1.0,country:1.00,matched,2026-04-27T16:46:40Z
552180,Egyptian Art,-3850,-2960,-3405,-3500:-3001,||||||Egypt||||,Egypt,country,0.70,true,country.8771,Egypt,29.871903,26.494184,1.0,country:1.00,matched,2026-04-27T16:46:40Z
547504,Egyptian Art,-3850,-2960,-3405,-3500:-3001,||||Northern Upper Egypt||Egypt||||,"Upper Egypt, Egypt, Egypt",region||country,0.70,true,country.8771,Egypt,29.871903,26.494184,0.388889,country:0.39,matched,2026-04-27T16:47:13Z
547254,Egyptian Art,-3450,-3350,-3400,-3500:-3001,||||||Egypt||||,Egypt,country,0.70,true,country.8771,Egypt,29.871903,26.494184,1.0,country:1.00,matched,2026-04-27T16:46:40Z
546986,Egyptian Art,-1550,-1550,-1550,-2000:-1501,"||||Upper Egypt, Thebes||Egypt||||","Thebes, Egypt, Egypt",region||country,0.70,true,country.8771,Egypt,29.871903,26.494184,0.425926,country:0.43,matched,2026-04-27T16:47:10Z
549140,Egyptian Art,-1504,-1504,-1504,-2000:-1501,"||||Upper Egypt, Thebes||Egypt||||","Thebes, Egypt, Egypt",region||country,0.70,true,country.8771,Egypt,29.871903,26.494184,0.425926,country:0.43,matched,2026-04-27T16:47:10Z
551843,Egyptian Art,-3850,-2960,-3405,-3500:-3001,||||||Egypt||||,Egypt,country,0.70,true,country.8771,Egypt,29.871903,26.494184,1.0,country:1.00,matched,2026-04-27T16:46:40Z
558198,Egyptian Art,-3850,-2960,-3405,-3500:-3001,||||||Egypt||||,Egypt,country,0.70,true,country.8771,Egypt,29.871903,26.494184,1.0,country:1.00,matched,2026-04-27T16:46:40Z
572220,Egyptian Art,-1550,-1550,-1550,-2000:-1501,"||||Upper Egypt, Thebes||Egypt||||","Thebes, Egypt, Egypt",region||country,0.70,true,country.8771,Egypt,29.871903,26.494184,0.425926,country:0.43,matched,2026-04-27T16:47:10Z
554326,Egyptian Art,-1550,-1295,-1423,-1500:-1001,"||||Upper Egypt, Thebes||Egypt||||","Thebes, Egypt, Egypt",region||country,0.70,true,country.8771,Egypt,29.871903,26.494184,0.425926,country:0.43,matched,2026-04-27T16:47:10Z
558204,Egyptian Art,-3850,-2960,-3405,-3500:-3001,||||Northern Upper Egypt||Egypt||||,"Upper Egypt, Egypt, Egypt",region||country,0.70,true,country.8771,Egypt,29.871903,26.494184,0.388889,country:0.39,matched,2026-04-27T16:47:13Z
551845,Egyptian Art,-3850,-2960,-3405,-3500:-3001,||||||Egypt||||,Egypt,country,0.70,true,country.8771,Egypt,29.871903,26.494184,1.0,country:1.00,matched,2026-04-27T16:46:40Z
547452,Egyptian Art,-3500,-3500,-3500,-3500:-3001,||||||Egypt||||,Egypt,country,0.70,true,country.8771,Egypt,29.871903,26.494184,1.0,country:1.00,matched,2026-04-27T16:46:40Z
546758,Egyptian Art,-3650,-3650,-3650,-4000:-3501,||||||Egypt||||,Egypt,country,0.70,true,country.8771,Egypt,29.871903,26.494184,1.0,country:1.00,matched,2026-04-27T16:46:40Z
546034,Egyptian Art,-3850,-2960,-3405,-3500:-3001,||||||Egypt||||,Egypt,country,0.70,true,country.8771,Egypt,29.871903,26.494184,1.0,country:1.00,matched,2026-04-27T16:46:40Z
552353,Egyptian Art,-1991,-1450,-1721,-2000:-1501,"||||Upper Egypt, Thebes||Egypt||||","Thebes, Egypt, Egypt",region||country,0.70,true,country.8771,Egypt,29.871903,26.494184,0.425926,country:0.43,matched,2026-04-27T16:47:10Z
551026,Egyptian Art,-3850,-2960,-3405,-3500:-3001,||||||Egypt||||,Egypt,country,0.70,true,country.8771,Egypt,29.871903,26.494184,1.0,country:1.00,matched,2026-04-27T16:46:40Z
551028,Egyptian Art,-3850,-2960,-3405,-3500:-3001,||||Northern Upper Egypt||Egypt||||,"Upper Egypt, Egypt, Egypt",region||country,0.70,true,country.8771,Egypt,29.871903,26.494184,0.388889,country:0.39,matched,2026-04-27T16:47:13Z
551844,Egyptian Art,-3850,-2960,-3405,-3500:-3001,||||||Egypt||||,Egypt,country,0.70,true,country.8771,Egypt,29.871903,26.494184,1.0,country:1.00,matched,2026-04-27T16:46:40Z
545042,Egyptian Art,-1802,-1640,-1721,-2000:-1501,||||Memphite Region||Egypt||||,"Memphis region, Egypt, Egypt",region||country,0.70,true,country.8771,Egypt,29.871903,26.494184,0.388889,country:0.39,matched,2026-04-27T16:46:52Z
545791,Egyptian Art,-1550,-1295,-1423,-1500:-1001,||||Middle Egypt||||||,"Middle Egypt, Egypt",region,0.35,true,country.8771,Egypt,29.871903,26.494184,0.425926,country:0.43,matched,2026-04-27T16:46:54Z
552190,Egyptian Art,-4500,-4000,-4250,-4500:-4001,||||||Egypt||||,Egypt,country,0.70,true,country.8771,Egypt,29.871903,26.494184,1.0,country:1.00,matched,2026-04-27T16:46:40Z
569685,Egyptian Art,-306,-30,-168,-500:-1,"||||Upper Egypt, Thebes||Egypt||||","Thebes, Egypt, Egypt",region||country,0.70,true,country.8771,Egypt,29.871903,26.494184,0.425926,country:0.43,matched,2026-04-27T16:47:10Z
552174,Egyptian Art,-3850,-2960,-3405,-3500:-3001,||||||Egypt||||,Egypt,country,0.70,true,country.8771,Egypt,29.871903,26.494184,1.0,country:1.00,matched,2026-04-27T16:46:40Z
547523,Egyptian Art,-4500,-4000,-4250,-4500:-4001,||||||Egypt||||,Egypt,country,0.70,true,country.8771,Egypt,29.871903,26.494184,1.0,country:1.00,matched,2026-04-27T16:46:40Z
554515,Egyptian Art,-1550,-1295,-1423,-1500:-1001,||||||Egypt||||,Egypt,country,0.70,true,country.8771,Egypt,29.871903,26.494184,1.0,country:1.00,matched,2026-04-27T16:46:40Z
558282,Egyptian Art,-3850,-2960,-3405,-3500:-3001,||||Southern Upper Egypt||Egypt||||,"Upper Egypt, Egypt, Egypt",region||country,0.70,true,country.8771,Egypt,29.871903,26.494184,0.388889,country:0.39,matched,2026-04-27T16:47:13Z
891620,Ancient West Asian Art,1851,1860,1855,1500:1999,||||||||British||,Britain,culture,0.55,true,country.8783,United Kingdom,-2.36967,54.237933,1.0,country:1.00,matched,2026-04-27T16:46:31Z
452034,Islamic Art,900,999,949,500:999,||||||Iran||||,Iran,country,0.70,true,country.8814,Iran,54.301374,32.565838,1.0,country:1.00,matched,2026-04-27T16:46:46Z
449919,Islamic Art,800,999,899,500:999,Nishapur||||||Iran||||,"Nishapur, Iran",city||country,0.88,true,place.1878126,"Nishapur County, Razavi Khorasan, Iran",58.79233,36.21129,0.95,place:0.95,matched,2026-04-27T16:46:56Z
449920,Islamic Art,800,999,899,500:999,Nishapur||||||Iran||||,"Nishapur, Iran",city||country,0.88,true,place.1878126,"Nishapur County, Razavi Khorasan, Iran",58.79233,36.21129,0.95,place:0.95,matched,2026-04-27T16:46:56Z
449483,Islamic Art,700,999,849,500:999,Nishapur||||||Iran||||,"Nishapur, Iran",city||country,0.88,true,place.1878126,"Nishapur County, Razavi Khorasan, Iran",58.79233,36.21129,0.95,place:0.95,matched,2026-04-27T16:46:56Z
448967,Islamic Art,622,899,760,500:999,Qasr-i Abu Nasr||||||Iran||||,"Qasr-i Abu Nasr, Iran",city||country,0.88,true,country.8814,Iran,54.301374,32.565838,0.366667,country:0.37,matched,2026-04-27T16:47:01Z
449399,Islamic Art,800,899,849,500:999,Nishapur||||||Iran||||,"Nishapur, Iran",city||country,0.88,true,place.1878126,"Nishapur County, Razavi Khorasan, Iran",58.79233,36.21129,0.95,place:0.95,matched,2026-04-27T16:46:56Z
449914,Islamic Art,800,999,899,500:999,Nishapur||||||Iran||||,"Nishapur, Iran",city||country,0.88,true,place.1878126,"Nishapur County, Razavi Khorasan, Iran",58.79233,36.21129,0.95,place:0.95,matched,2026-04-27T16:46:56Z
449457,Islamic Art,800,999,899,500:999,Nishapur||||||Iran||||,"Nishapur, Iran",city||country,0.88,true,place.1878126,"Nishapur County, Razavi Khorasan, Iran",58.79233,36.21129,0.95,place:0.95,matched,2026-04-27T16:46:56Z
449923,Islamic Art,800,999,899,500:999,Nishapur||||||Iran||||,"Nishapur, Iran",city||country,0.88,true,place.1878126,"Nishapur County, Razavi Khorasan, Iran",58.79233,36.21129,0.95,place:0.95,matched,2026-04-27T16:46:56Z
447291,Islamic Art,1000,1199,1099,1000:1499,||||||Iraq or Syria||||,Iraq,country,0.50,true,country.8813,Iraq,43.404716,33.048056,1.0,country:1.00,matched,2026-04-27T16:46:46Z
449917,Islamic Art,800,999,899,500:999,Nishapur||||||Iran||||,"Nishapur, Iran",city||country,0.88,true,place.1878126,"Nishapur County, Razavi Khorasan, Iran",58.79233,36.21129,0.95,place:0.95,matched,2026-04-27T16:46:56Z
449925,Islamic Art,1000,1199,1099,1000:1499,Nishapur||||||Iran||||,"Nishapur, Iran",city||country,0.88,true,place.1878126,"Nishapur County, Razavi Khorasan, Iran",58.79233,36.21129,0.95,place:0.95,matched,2026-04-27T16:46:56Z
449446,Islamic Art,800,999,899,500:999,Nishapur||||||Iran||||,"Nishapur, Iran",city||country,0.88,true,place.1878126,"Nishapur County, Razavi Khorasan, Iran",58.79233,36.21129,0.95,place:0.95,matched,2026-04-27T16:46:56Z
449921,Islamic Art,800,999,899,500:999,Nishapur||||||Iran||||,"Nishapur, Iran",city||country,0.88,true,place.1878126,"Nishapur County, Razavi Khorasan, Iran",58.79233,36.21129,0.95,place:0.95,matched,2026-04-27T16:46:56Z
449115,Islamic Art,900,999,949,500:999,Nishapur||||||Iran||||,"Nishapur, Iran",city||country,0.88,true,place.1878126,"Nishapur County, Razavi Khorasan, Iran",58.79233,36.21129,0.95,place:0.95,matched,2026-04-27T16:46:56Z
449916,Islamic Art,800,999,899,500:999,Nishapur||||||Iran||||,"Nishapur, Iran",city||country,0.88,true,place.1878126,"Nishapur County, Razavi Khorasan, Iran",58.79233,36.21129,0.95,place:0.95,matched,2026-04-27T16:46:56Z
449507,Islamic Art,1100,1199,1149,1000:1499,Raqqa||||||Syria||||,"Raqqa, Syria",city||country,0.88,true,place.13035735,"Raqqa, Al-Raqqah, Syria",39.008921,35.949678,1.0,place:1.00,matched,2026-04-27T16:47:01Z
442860,Islamic Art,1000,1199,1099,1000:1499,||||||Iraq or Syria||||,Iraq,country,0.50,true,country.8813,Iraq,43.404716,33.048056,1.0,country:1.00,matched,2026-04-27T16:46:46Z
449482,Islamic Art,900,1099,999,500:999,||||||Iran||||,Iran,country,0.70,true,country.8814,Iran,54.301374,32.565838,1.0,country:1.00,matched,2026-04-27T16:46:46Z
449715,Islamic Art,800,999,899,500:999,Nishapur||||||Iran||||,"Nishapur, Iran",city||country,0.88,true,place.1878126,"Nishapur County, Razavi Khorasan, Iran",58.79233,36.21129,0.95,place:0.95,matched,2026-04-27T16:46:56Z
449096,Islamic Art,700,899,799,500:999,Qasr-i Abu Nasr||||||Iran||||,"Qasr-i Abu Nasr, Iran",city||country,0.88,true,country.8814,Iran,54.301374,32.565838,0.366667,country:0.37,matched,2026-04-27T16:47:01Z
443103,Islamic Art,1000,1199,1099,1000:1499,||||||Iraq or Syria||||,Iraq,country,0.50,true,country.8813,Iraq,43.404716,33.048056,1.0,country:1.00,matched,2026-04-27T16:46:46Z
449915,Islamic Art,800,999,899,500:999,Nishapur||||||Iran||||,"Nishapur, Iran",city||country,0.88,true,place.1878126,"Nishapur County, Razavi Khorasan, Iran",58.79233,36.21129,0.95,place:0.95,matched,2026-04-27T16:46:56Z
449464,Islamic Art,800,899,849,500:999,Nishapur||||||Iran||||,"Nishapur, Iran",city||country,0.88,true,place.1878126,"Nishapur County, Razavi Khorasan, Iran",58.79233,36.21129,0.95,place:0.95,matched,2026-04-27T16:46:56Z
448982,Islamic Art,700,899,799,500:999,Qasr-i Abu Nasr||||||Iran||||,"Qasr-i Abu Nasr, Iran",city||country,0.88,true,country.8814,Iran,54.301374,32.565838,0.366667,country:0.37,matched,2026-04-27T16:47:01Z
449686,Islamic Art,1100,1299,1199,1000:1499,||||||Iran||||,Iran,country,0.70,true,country.8814,Iran,54.301374,32.565838,1.0,country:1.00,matched,2026-04-27T16:46:46Z
449918,Islamic Art,800,999,899,500:999,Nishapur||||||Iran||||,"Nishapur, Iran",city||country,0.88,true,place.1878126,"Nishapur County, Razavi Khorasan, Iran",58.79233,36.21129,0.95,place:0.95,matched,2026-04-27T16:46:56Z
449559,Islamic Art,700,999,849,500:999,Nishapur||||||Iran||||,"Nishapur, Iran",city||country,0.88,true,place.1878126,"Nishapur County, Razavi Khorasan, Iran",58.79233,36.21129,0.95,place:0.95,matched,2026-04-27T16:46:56Z
4585,The American Wing,1800,1830,1815,1500:1999,||Maine||New England||United States||American||,"Maine, United States",state||country,0.72,true,region.337132,"Maine, United States",-69.236551,45.398285,1.0,region:1.00,matched,2026-04-27T16:46:51Z
4508,The American Wing,1750,1800,1775,1500:1999,||||||Mexico||Mexican||,Mexico,country,0.70,true,country.8863,Mexico,-102.532867,23.950464,1.0,country:1.00,matched,2026-04-27T16:46:53Z
2292,The American Wing,1849,1849,1849,1500:1999,Bennington||Vermont||New England||United States||American||American,"Bennington, Vermont, United States",city||state||country,0.95,true,place.25110764,"Bennington, Vermont, United States",-73.197131,42.878354,1.0,place:1.00,matched,2026-04-27T16:46:30Z
9214,The American Wing,1800,1900,1850,1500:1999,||Pennsylvania||Mid-Atlantic||United States||American||,"Pennsylvania, United States",state||country,0.72,true,region.148716,"Pennsylvania, United States",-78.290746,41.09114,1.0,region:1.00,matched,2026-04-27T16:46:59Z
3469,The American Wing,1857,1860,1858,1500:1999,||||||Mexico||Mexican||,Mexico,country,0.70,true,country.8863,Mexico,-102.532867,23.950464,1.0,country:1.00,matched,2026-04-27T16:46:53Z
9199,The American Wing,1747,1750,1748,1500:1999,||||||Mexico||Mexican||,Mexico,country,0.70,true,country.8863,Mexico,-102.532867,23.950464,1.0,country:1.00,matched,2026-04-27T16:46:53Z
4480,The American Wing,1862,1865,1863,1500:1999,||||||Mexico||Mexican||,Mexico,country,0.70,true,country.8863,Mexico,-102.532867,23.950464,1.0,country:1.00,matched,2026-04-27T16:46:53Z
9752,The American Wing,1720,1750,1735,1500:1999,||||West Midlands||England||British (American market)||,"West Midlands, England, England",region||country,0.70,true,district.1328719,"West Midlands, England, United Kingdom",-1.901027,52.47935,0.703704,district:0.70,matched,2026-04-27T16:47:14Z
3463,The American Wing,1747,1750,1748,1500:1999,||||||Mexico||Mexican||,Mexico,country,0.70,true,country.8863,Mexico,-102.532867,23.950464,1.0,country:1.00,matched,2026-04-27T16:46:53Z
16544,The American Wing,1895,1900,1897,1500:1999,Biloxi||Mississippi||Southern||United States||American||American,"Biloxi, Mississippi, United States",city||state||country,0.95,true,place.28379372,"Biloxi, Mississippi, United States",-88.885571,30.395579,1.0,place:1.00,matched,2026-04-27T16:46:31Z
9336,The American Wing,1900,1910,1905,1500:1999,Revere||Massachusetts||New England||United States||American||American,"Revere, Massachusetts, United States",city||state||country,0.95,true,place.275597548,"Revere, Massachusetts, United States",-71.012715,42.409472,1.0,place:1.00,matched,2026-04-27T16:47:03Z
19827,The American Wing,1876,1876,1876,1500:1999,Brooklyn||New York||Mid-Atlantic United States||United States||American||American,"Brooklyn, New York, United States",city||state||country,0.95,true,place.233720044,"New York City, New York, United States",-74.005994,40.712749,0.725926,place:0.73,matched,2026-04-27T16:46:31Z
716908,The American Wing,1893,1903,1898,1500:1999,Biloxi||Mississippi||||United States||||American,"Biloxi, Mississippi, United States",city||state||country,0.95,true,place.28379372,"Biloxi, Mississippi, United States",-88.885571,30.395579,1.0,place:1.00,matched,2026-04-27T16:46:31Z
5698,The American Wing,1800,1830,1815,1500:1999,||||West Midlands||England||British (American market)||,"West Midlands, England, England",region||country,0.70,true,district.1328719,"West Midlands, England, United Kingdom",-1.901027,52.47935,0.703704,district:0.70,matched,2026-04-27T16:47:14Z
2647,The American Wing,1745,1750,1747,1500:1999,London||||||England||British||,"London, England",city||country,0.88,true,place.6957135,"London, Greater London, England, United Kingdom",-0.127647,51.5073,1.0,place:1.00,matched,2026-04-27T16:46:51Z
2473,The American Wing,1849,1849,1849,1500:1999,Bennington||Vermont||New England||United States||American||American,"Bennington, Vermont, United States",city||state||country,0.95,true,place.25110764,"Bennington, Vermont, United States",-73.197131,42.878354,1.0,place:1.00,matched,2026-04-27T16:46:30Z
5667,The American Wing,1847,1850,1848,1500:1999,South Amboy||New Jersey||Mid-Atlantic||United States||American||,"South Amboy, New Jersey, United States",city||state||country,0.95,true,place.476965100,"South Amboy, New Jersey, United States",-74.280937,40.484437,1.0,place:1.00,matched,2026-04-27T16:47:07Z
20076,The American Wing,1882,1892,1887,1500:1999,Chelsea||Massachusetts||New England United States||United States||American||American,"Chelsea, Massachusetts, United States",city||state||country,0.95,true,place.57919724,"Chelsea, Massachusetts, United States",-71.035964,42.391745,1.0,place:1.00,matched,2026-04-27T16:46:33Z
15595,The American Wing,1896,1902,1899,1500:1999,New York||New York||Mid-Atlantic||United States||American||American,"New York, New York, United States",city||state||country,0.95,true,place.233720044,"New York City, New York, United States",-74.005994,40.712749,1.0,place:1.00,matched,2026-04-27T16:46:56Z
2539,The American Wing,1800,1900,1850,1500:1999,||Connecticut||New England||United States||American||,"Connecticut, United States",state||country,0.72,true,region.361708,"Connecticut, United States",-72.726243,41.626142,1.0,region:1.00,matched,2026-04-27T16:46:36Z
487206,Modern and Contemporary Art,1900,1900,1900,1500:1999,||||||||French||French,France,culture,0.55,true,country.8781,France,2.618787,47.824905,1.0,country:1.00,matched,2026-04-27T16:46:43Z
240727,Greek and Roman Art,-1600,-1450,-1525,-2000:-1501,||||||||Cypriot||,Cyprus,culture,0.55,true,country.8760,Cyprus,33.221762,35.045882,1.0,country:1.00,matched,2026-04-27T16:46:37Z
247191,Greek and Roman Art,-620,-590,-605,-1000:-501,"||||||||Greek, Corinthian||",Greece,culture,0.55,true,country.8795,Greece,23.828554,38.589021,1.0,country:1.00,matched,2026-04-27T16:46:44Z
254227,Greek and Roman Art,-475,-465,-470,-500:-1,"||||||||Greek, Attic||","Attica, Greece",culture||country,0.55,true,region.107611,"Attica, Greece",23.734832,37.975565,1.0,region:1.00,matched,2026-04-27T16:46:29Z
253173,Greek and Roman Art,-900,-900,-900,-1000:-501,"||||||||Greek, Attic||","Attica, Greece",culture||country,0.55,true,region.107611,"Attica, Greece",23.734832,37.975565,1.0,region:1.00,matched,2026-04-27T16:46:29Z
254880,Greek and Roman Art,-510,-500,-505,-1000:-501,"||||||||Greek, Attic||","Attica, Greece",culture||country,0.55,true,region.107611,"Attica, Greece",23.734832,37.975565,1.0,region:1.00,matched,2026-04-27T16:46:29Z
254202,Greek and Roman Art,-500,-500,-500,-500:-1,"||||||||Greek, Attic||","Attica, Greece",culture||country,0.55,true,region.107611,"Attica, Greece",23.734832,37.975565,1.0,region:1.00,matched,2026-04-27T16:46:29Z
250091,Greek and Roman Art,1,299,150,0:499,||||||||Roman||,,none,0.00,false,,,,,,,,
254200,Greek and Roman Art,-460,-460,-460,-500:-1,"||||||||Greek, Attic||","Attica, Greece",culture||country,0.55,true,region.107611,"Attica, Greece",23.734832,37.975565,1.0,region:1.00,matched,2026-04-27T16:46:29Z
240122,Greek and Roman Art,-750,-600,-675,-1000:-501,||||||||Cypriot||,Cyprus,culture,0.55,true,country.8760,Cyprus,33.221762,35.045882,1.0,country:1.00,matched,2026-04-27T16:46:37Z
240554,Greek and Roman Art,-1999,-1000,-1500,-1500:-1001,"||||||||Helladic, Mycenaean||",Greece,culture,0.55,true,country.8795,Greece,23.828554,38.589021,1.0,country:1.00,matched,2026-04-27T16:46:44Z
240739,Greek and Roman Art,-1900,-1600,-1750,-2000:-1501,||||||||Cypriot||,Cyprus,culture,0.55,true,country.8760,Cyprus,33.221762,35.045882,1.0,country:1.00,matched,2026-04-27T16:46:37Z
239987,Greek and Roman Art,-600,-480,-540,-1000:-501,||||||||Cypriot||,Cyprus,culture,0.55,true,country.8760,Cyprus,33.221762,35.045882,1.0,country:1.00,matched,2026-04-27T16:46:37Z
252589,Greek and Roman Art,-599,-500,-550,-1000:-501,||||||||Lydian||,Western Turkey,culture,0.55,true,country.8932,Türkiye,35.179593,39.060481,0.5,country:0.50,matched,2026-04-27T16:47:15Z
248847,Greek and Roman Art,-599,-500,-550,-1000:-501,||||||||Lydian||,Western Turkey,culture,0.55,true,country.8932,Türkiye,35.179593,39.060481,0.5,country:0.50,matched,2026-04-27T16:47:15Z
255706,Greek and Roman Art,-500,-480,-490,-500:-1,"||||||||Greek, Attic||","Attica, Greece",culture||country,0.55,true,region.107611,"Attica, Greece",23.734832,37.975565,1.0,region:1.00,matched,2026-04-27T16:46:29Z
247223,Greek and Roman Art,-520,-520,-520,-1000:-501,"||||||||Greek, Attic||","Attica, Greece",culture||country,0.55,true,region.107611,"Attica, Greece",23.734832,37.975565,1.0,region:1.00,matched,2026-04-27T16:46:29Z
240009,Greek and Roman Art,-3900,100,-1900,-2000:-1501,||||||||Cypriot||,Cyprus,culture,0.55,true,country.8760,Cyprus,33.221762,35.045882,1.0,country:1.00,matched,2026-04-27T16:46:37Z
330015,Greek and Roman Art,-300,-201,-251,-500:-1,"||||||||Greek, South Italian, Gnathian||","Apulia, Italy",culture||country,0.55,true,region.1516656,"Apulia, Italy",16.862029,41.125784,1.0,region:1.00,matched,2026-04-27T16:46:28Z
252634,Greek and Roman Art,-599,-500,-550,-1000:-501,||||||||Lydian||,Western Turkey,culture,0.55,true,country.8932,Türkiye,35.179593,39.060481,0.5,country:0.50,matched,2026-04-27T16:47:15Z
240277,Greek and Roman Art,-750,-480,-615,-1000:-501,||||||||Cypriot||,Cyprus,culture,0.55,true,country.8760,Cyprus,33.221762,35.045882,1.0,country:1.00,matched,2026-04-27T16:46:37Z
251269,Greek and Roman Art,-800,-750,-775,-1000:-501,"||||||||Greek, Attic||","Attica, Greece",culture||country,0.55,true,region.107611,"Attica, Greece",23.734832,37.975565,1.0,region:1.00,matched,2026-04-27T16:46:29Z
245573,Greek and Roman Art,-240,-220,-230,-500:-1,"||||||||Greek, Egypt, Alexandria-Hadra||","Alexandria, Egypt",culture||country,0.55,true,place.329795,"Alexandria, Alexandria, Egypt",29.89866,31.198877,1.0,place:1.00,matched,2026-04-27T16:46:27Z
240566,Greek and Roman Art,-750,-600,-675,-1000:-501,||||||||Cypriot||,Cyprus,culture,0.55,true,country.8760,Cyprus,33.221762,35.045882,1.0,country:1.00,matched,2026-04-27T16:46:37Z
255796,Greek and Roman Art,-299,-200,-250,-500:-1,"||||||||Greek, South Italian, Campanian||","Campania, Italy",culture||country,0.55,true,region.1500272,"Campania, Italy",14.248367,40.83725,1.0,region:1.00,matched,2026-04-27T16:46:32Z
244829,Greek and Roman Art,-525,-500,-513,-1000:-501,"||||||||Greek, Attic||","Attica, Greece",culture||country,0.55,true,region.107611,"Attica, Greece",23.734832,37.975565,1.0,region:1.00,matched,2026-04-27T16:46:29Z
240423,Greek and Roman Art,-1900,-1600,-1750,-2000:-1501,||||||||Cypriot||,Cyprus,culture,0.55,true,country.8760,Cyprus,33.221762,35.045882,1.0,country:1.00,matched,2026-04-27T16:46:37Z
