objectID,department,objectName,title,final_group
44793,Asian Art,Jar,Jar,jar
44817,Asian Art,Vessel,Spouted Vessel,vessel
44830,Asian Art,Jar,Jar,jar
44862,Asian Art,Hanging flower vase,Hanging Flower Holder (Hanaire) with Woman Holding a Flag,vase
44907,Asian Art,Jar,Jar,jar
44953,Asian Art,Bottle,Bottle with Tall Neck,bottle
44973,Asian Art,Jar,Bell-Shaped Jar,jar
44974,Asian Art,Pedestal jar,Pedestal jar with two handles,jar
44977,Asian Art,Jar,Jar,jar
45205,Asian Art,Storage Jar,Large Storage Jar (Ōtsubo),jar
45365,Asian Art,Jar,Storage Jar (Tsubo,jar
45432,Asian Art,Jar,Moon jar,jar
45482,Asian Art,Sake bottle,Ninsei-style Sake Bottle with Floral Patterning,bottle
45484,Asian Art,Sake bottle,"Sake Bottle (Tokkuri) with “Three Friends of Winter” (Pine, Bamboo, and Plum)",bottle
45527,Asian Art,Sake bottle,Sake Bottle with Nanban (Southern Barbarian) Design,bottle
45529,Asian Art,Vessel,Deep Vessel with Decorative Handles,vessel
45550,Asian Art,Jar,Jar,jar
45552,Asian Art,Water jar,Water Jar with Chinese Scholars,jar
45553,Asian Art,Water jar,Freshwater Jar (Mizusashi) with the “Seven Sages of the Bamboo Grove”,jar
45554,Asian Art,Jar,Water Jar with Design of the Seven Sages in the Bamboo Grove,jar
45555,Asian Art,Water jar,Water Jar (Mizusashi) with the Seven Sages of the Bamboo Grove,jar
45556,Asian Art,Water jar,Water Jar with Lin Hejing (Lin Bu) and His Pet Crane,jar
45732,Asian Art,Bottle,Wine Bottle with Three Friends of Winter,bottle
45828,Asian Art,Vase with cover,Vase with cover,vase
45829,Asian Art,Vase,"Vase with pheasants, rocks, and flowers",vase
45830,Asian Art,Vase,Vase with birds and flowers,vase
45832,Asian Art,Vase,Gobular vase,vase
45896,Asian Art,Covered jar,Covered Jar,jar
45900,Asian Art,Vase,Vase with birds and flowers,vase
45904,Asian Art,Wine bottle,Wine bottle,bottle
45907,Asian Art,Vase,Vase,vase
45908,Asian Art,Vase,Vase with dragon and phoenix,vase
45909,Asian Art,Vase,Vase with ladies and boys,vase
45912,Asian Art,Vase,Meiping vase with floral scrolls,vase
45913,Asian Art,Vase,Meiping vase,vase
45914,Asian Art,Water pot,Water pot with three boys,pot
45915,Asian Art,Vase,Vase,vase
45917,Asian Art,Vase,Vase,vase
45918,Asian Art,Jar with cover,Jar with cover,jar
45919,Asian Art,Vase,Vase,vase
45923,Asian Art,Vase,Vase,vase
45929,Asian Art,Vase,Vase,vase
45930,Asian Art,Vase,Gourd-shaped vase,vase
45932,Asian Art,Vase,Vase,vase
45934,Asian Art,Vase,Hexagonal vase with lion-head handles,vase
45937,Asian Art,Vase,Vase with characters fortune (fu) and longevity (shou),vase
45938,Asian Art,Vase,Vase,vase
45939,Asian Art,Vase,Vase,vase
45959,Asian Art,Vase,Vase,vase
45962,Asian Art,Jar,Jar,jar
45964,Asian Art,Jar,Jar,jar
45965,Asian Art,Vase,Vase with entwined dragon,vase
45967,Asian Art,Jar,Large Pear-Shaped Jar,jar
45970,Asian Art,Jar with cover,Covered jar with plum blossoms,jar
45972,Asian Art,Vase,Vase,vase
45974,Asian Art,Water pot,Water Pot,pot
45977,Asian Art,Jar with cover,Jar with cover,jar
45979,Asian Art,Bottle,Bottle,bottle
45984,Asian Art,Vase,Vase with handles,vase
45985,Asian Art,Jar,Jar,jar
45986,Asian Art,Vase,Vase,vase
45987,Asian Art,Bottle,Bottle,bottle
45989,Asian Art,Water pot,Water Pot,pot
45990,Asian Art,Vase,Openwork vase with plants,vase
45992,Asian Art,Vase,Vase,vase
45994,Asian Art,Jar,Jar,jar
45997,Asian Art,Wine pot,Ewer with Dragon,pitcher
45998,Asian Art,Bottle,Bottle,bottle
45999,Asian Art,Vase,Large Vase,vase
46000,Asian Art,Vase,Vase,vase
46001,Asian Art,Water pot,Water Pot,pot
46003,Asian Art,Vase,Vase with dragon,vase
46004,Asian Art,Vase,Vase with flowers,vase
46008,Asian Art,Covered jar,Covered jar with birds and flowers,jar
46011,Asian Art,Jar,Jar,jar
46016,Asian Art,Jar,Jar with dragons,jar
46017,Asian Art,Jar,Jar with four lugs,jar
46021,Asian Art,Bottle,Bottle,bottle
46022,Asian Art,Bottle vase,Bottle vase,vase
46024,Asian Art,Vase,Vase with dragon,vase
46025,Asian Art,Vase,Vase with archaistic design,vase
46029,Asian Art,Jar,Jar,jar
46030,Asian Art,Vase,Meiping vase,vase
46032,Asian Art,Jar,Hill Jar,jar
46033,Asian Art,Jar,Jar with four lugs,jar
46040,Asian Art,Bottle vase,Bottle vase,vase
46042,Asian Art,Jar,Jar with Double Cover,jar
46043,Asian Art,Vase,Vase with openwork ornaments,vase
46044,Asian Art,Vase,Double gourd bottle with immortals,bottle
46045,Asian Art,Covered jar,Covered jar with narrative scenes,jar
46046,Asian Art,Jar,Jar with immortals,jar
46047,Asian Art,Covered jar,Covered jar with plum blossoms,jar
46048,Asian Art,Vase,Vase with landscape and flowers,vase
46049,Asian Art,Vase,Vase with auspicious symbols of Dragon Boat Festival (Duanwu),vase
46050,Asian Art,Vase,Vase with auspicious animals,vase
46051,Asian Art,Vase,Gu-shaped vase,vase
46053,Asian Art,Vase,Vase with landscape and bird-and-flower scenes,vase
46054,Asian Art,Vase,Vase,vase
46055,Asian Art,Covered jar,Covered jar,jar
46057,Asian Art,Bottle,Bottle,bottle
46058,Asian Art,Jar,Jar in the shape of bronze container (hu),jar
46059,Asian Art,Vase,Vase decorated with lotus flowers,vase
46060,Asian Art,Vase,Vase with immortals,vase
46061,Asian Art,Covered jar,Covered jar with immortals,jar
46062,Asian Art,Vase,Vase with lion and bird,vase
46063,Asian Art,Vase,Vase,vase
46064,Asian Art,Jar,Jar,jar
46066,Asian Art,Covered jar,Covered Jar,jar
46067,Asian Art,Vase,Vase with immortal Liu Hai,vase
46068,Asian Art,Jar,Jar,jar
46071,Asian Art,Jar,Jar,jar
46074,Asian Art,Vase,Vase with birds and flowers,vase
46075,Asian Art,Vase,"Vase decorated with magnolia, hollyhocks, and pheasants",vase
46076,Asian Art,Vase,Vase with birds and flowers,vase
46077,Asian Art,Covered jar,Covered Jar,jar
46078,Asian Art,Vase,Vase with birds and flowers,vase
46080,Asian Art,Bottle vase,Bottle vase,vase
46081,Asian Art,Vase,Vase in the shape of a bottle,vase
46082,Asian Art,Vase,Vase with birds and flowers,vase
46083,Asian Art,Vase,Vase decorated with floral medallions,vase
46084,Asian Art,Vase,Vase with birds and flowers,vase
46086,Asian Art,Vase,Vase with eight treasures and auspicious symbols,vase
46087,Asian Art,Vase,Vase with birds and flowers,vase
46090,Asian Art,Jar with cover,Octagonal Jar with Cover,jar
46092,Asian Art,Jar,Offering Jar,jar
46094,Asian Art,Vase,Vase with landscape scenes,vase
46097,Asian Art,Covered jar,Covered jar with floral patterns,jar
46099,Asian Art,Covered jar,Covered jar,jar
46103,Asian Art,Vase,Vase,vase
46104,Asian Art,Vase,ase with birds and flowers,vase
46105,Asian Art,Vase,Vase with the “One Hundred Deer” motif,vase
46106,Asian Art,Covered jar,Covered jar with lions,jar
46114,Asian Art,Vase,Vase,vase
46116,Asian Art,Jar,Jar,jar
46120,Asian Art,Vase,Square vase with flowers of four seasons,vase
46121,Asian Art,Vase,Triple gourd vase,vase
46123,Asian Art,Vase,Square vase with flowers of four seasons,vase
46124,Asian Art,Bottle vase,Bottle vase,vase
46125,Asian Art,Vase,Vase with landscape,vase
46126,Asian Art,Vase,Meiping vase with dragons,vase
46129,Asian Art,Jar,Jar,jar
46130,Asian Art,Vase,Vase with archaistic patterns,vase
46131,Asian Art,Bottle,Bottle,bottle
46137,Asian Art,Vase,Vase,vase
46138,Asian Art,Vase,Vase,vase
46139,Asian Art,Vase,Vase,vase
46140,Asian Art,Vase,Meiping vase,vase
46141,Asian Art,Vase,Meiping vase,vase
46142,Asian Art,Bottle vase,Bottle vase,vase
46143,Asian Art,Vase,Vase with floral scrolls,vase
46144,Asian Art,Bottle vase,Bottle vase,vase
46146,Asian Art,Vase,Vase,vase
46147,Asian Art,Bottle vase,Bottle vase,vase
46148,Asian Art,Vase,Meiping vase,vase
46149,Asian Art,Bottle vase,Bottle vase,vase
46150,Asian Art,Jar,Jar,jar
46151,Asian Art,Vase,Vase,vase
46152,Asian Art,Vase,Vase,vase
46153,Asian Art,Vase,Vase,vase
46154,Asian Art,Bottle,Miniature Bottle,bottle
46155,Asian Art,Bottle,Miniature Bottle,bottle
46156,Asian Art,Bottle,Miniature Bottle,bottle
46157,Asian Art,Vase,Prunus Vase,vase
46158,Asian Art,Vase,Vase,vase
46159,Asian Art,Vase,Square vase with scenes of four seasons,vase
46160,Asian Art,Bottle,Bottle,bottle
46161,Asian Art,Jar with cover,Jar with Cover,jar
46162,Asian Art,Bottle vase,Bottle vase,vase
46163,Asian Art,Vase,Vase,vase
46235,Asian Art,Jar,Jar with floral pattern,jar
46249,Asian Art,Covered jar,Covered jar with animal masks,jar
46250,Asian Art,Covered jar,Covered jar with floral patterns,jar
46268,Asian Art,Pot,Pot,pot
46269,Asian Art,Water pot,Water pot in the shape of a bird,pot
46306,Asian Art,Vase,Vase with arhat,vase
46315,Asian Art,Vase,Miniature vase,vase
46317,Asian Art,Jar,Miniature jar,jar
46330,Asian Art,Vase,Vase with dragons amid floral sprays,vase
46331,Asian Art,Vase,Vase with dragon,vase
46333,Asian Art,Vase,Vase with the Pole Star deity (Kuixing),vase
46353,Asian Art,Vase,Square Vase,vase
46378,Asian Art,Vase,Vase,vase
46379,Asian Art,Vase,Minature meiping vase,vase
46380,Asian Art,Bottle vase,Bottle vase,vase
46422,Asian Art,Vase,Meiping vase with birds and flowers,vase
46425,Asian Art,Vase,Vase,vase
46434,Asian Art,Bottle vase,Bottle vase with poems,vase
46435,Asian Art,Vase,Vase,vase
46436,Asian Art,Vase,Vase,vase
46462,Asian Art,Vase,Meiping vase,vase
46478,Asian Art,Bottle,Bottle,bottle
46481,Asian Art,Bottle,Hexagonal Bottle,bottle
46501,Asian Art,Vase,Vase with scholar's objects,vase
46507,Asian Art,Vase,Meiping vase,vase
46508,Asian Art,Vase,Mallet-shaped vase,vase
46515,Asian Art,Vase,Meiping vase,vase
46516,Asian Art,Vase,Vase with floral scrolls,vase
46517,Asian Art,Vase,Vase,vase
46518,Asian Art,Vase,Vase,vase
46519,Asian Art,Vase,Minature Meiping vase,vase
46521,Asian Art,Vase,Vase with dragon,vase
46522,Asian Art,Vase,Vase with floral scrolls,vase
46523,Asian Art,Vase,Vase,vase
46525,Asian Art,Water pot,Water pot,pot
46527,Asian Art,Vase,Meiping vase,vase
46528,Asian Art,Vase,Pilgrim bottle vase,vase
46529,Asian Art,Vase,Meiping vase,vase
46530,Asian Art,Vase,Vase,vase
46531,Asian Art,Vase,Vase,vase
46532,Asian Art,Vase,Meiping vase,vase
46533,Asian Art,Vase,Meiping vase,vase
46534,Asian Art,Vase,Prunus Vase,vase
46535,Asian Art,Vase,Vase,vase
46536,Asian Art,Vase,Meiping vase with floral scrolls,vase
46537,Asian Art,Vase,Vase,vase
46538,Asian Art,Vase,Vase,vase
46539,Asian Art,Vase,Vase,vase
47259,Asian Art,Jar and cover,Jar and Cover,jar
47490,Asian Art,Vase,Vase with flowers,vase
205878,European Sculpture and Decorative Arts,Scent bottle,Scent bottle,bottle
770999,European Sculpture and Decorative Arts,Urn with lid,Urn with lid,jar
196553,European Sculpture and Decorative Arts,Vase with cover,Vase with cover,vase
199730,European Sculpture and Decorative Arts,Storage jar,Storage jar (albarello),jar
308546,The Michael C. Rockefeller Wing,Bottle,Stirrup Spout Bottle with Woman Carrying Burden,bottle
37436,Asian Art,Covered Lime pot,Covered Lime Pot in the Form of a Rabbit,pot
47332,Asian Art,Vase,Bon-Bon Vase,vase
477277,Medieval Art,Jug,Jug,jug
47568,Asian Art,Vase,Vase,vase
309396,The Michael C. Rockefeller Wing,Jar,Miniature Jar with Two Handles,jar
310207,The Michael C. Rockefeller Wing,Bottle,"Bottle, Deity Figure",bottle
308486,The Michael C. Rockefeller Wing,Vessel,Blind Spout Incised Vessel,vessel
309339,The Michael C. Rockefeller Wing,Bottle,Stirrup Spout Bottle with Figure,bottle
191780,European Sculpture and Decorative Arts,Vase,Vase,vase
463532,Medieval Art,Pitcher,Pitcher,pitcher
199461,European Sculpture and Decorative Arts,Bottle,Bottle,bottle
318606,The Michael C. Rockefeller Wing,Bottle,Lizard Stirrup Spout Jar,bottle
42425,Asian Art,Vase,Vase,vase
47228,Asian Art,Vase,Vase,vase
314679,The Michael C. Rockefeller Wing,Bottle,Fox Warrior Bottle,bottle
47665,Asian Art,Hanging vase,Hanging Vase,vase
48395,Asian Art,Vase,Meiping vase with floral patterns,vase
466229,The Cloisters,Pot,Footed pot,pot
312586,The Michael C. Rockefeller Wing,Vessel,Tripod vessel,vessel
44332,Asian Art,Jar,Cocoon-Shaped Jar,jar
62768,Asian Art,Tea jar,Tea Jar,jar
48088,Asian Art,Bottle,Bottle,bottle
770974,European Sculpture and Decorative Arts,Vase,Vase with rope and wheat decoration,vase
197233,European Sculpture and Decorative Arts,Pilgrim bottle,Pilgrim bottle,bottle
47260,Asian Art,Vase,Vase in form of a Carp,vase
313287,The Michael C. Rockefeller Wing,Bottle,Urpu (jar),bottle
308616,The Michael C. Rockefeller Wing,Bottle,Double Spout and Bridge Bottle in Feline Shape,bottle
207745,European Sculpture and Decorative Arts,Ewer,Ewer,pitcher
42218,Asian Art,Vase,"Vase with design of ""Hundred Antiques""",vase
188972,European Sculpture and Decorative Arts,Ewer,Ewer,pitcher
444495,Islamic Art,Bottle,Bottle,bottle
50502,Asian Art,Bottle,Bottle,bottle
48027,Asian Art,Jar,Jar,jar
446653,Islamic Art,Bottle,Bottle with Flying Cranes,bottle
62998,Asian Art,Tea jar,Tea jar,jar
52798,Asian Art,Jar,Jar with Mythical Qilin,jar
57436,Asian Art,Bottle,Bottle,bottle
46985,Asian Art,Square bottle,Square Bottle,bottle
206454,European Sculpture and Decorative Arts,Vase,Elephant-head vase (vase à tête d'éléphant),vase
202183,European Sculpture and Decorative Arts,Vase with cover,Vase with cover (Vase Paris enfants),vase
42436,Asian Art,Jar,Jar,jar
200895,European Sculpture and Decorative Arts,Vase with cover,Vase with cover,vase
63119,Asian Art,Tea jar,Tea jar,jar
42491,Asian Art,Vase,Faceted vase with flowers,vase
51210,Asian Art,Vase,Vase,vase
51023,Asian Art,Gallipot,Gallipot,jar
47470,Asian Art,Bottle,Bottle,bottle
447276,Islamic Art,Ewer,Ewer,pitcher
48332,Asian Art,Vase,Minature meiping vase,vase
309470,The Michael C. Rockefeller Wing,Jar,Storage jar,jar
199719,European Sculpture and Decorative Arts,Albarello,Albarello,jar
46633,Asian Art,Vase,Vase,vase
46799,Asian Art,Urn,Tomb urn,jar
310675,The Michael C. Rockefeller Wing,Jug,Jug,jug
308507,The Michael C. Rockefeller Wing,Bottle,Bottle with Runners,bottle
449066,Islamic Art,Jug,Jug,jug
446842,Islamic Art,Jar,Jar,jar
206742,European Sculpture and Decorative Arts,Vase,Vase (jasmin japonais),vase
50036,Asian Art,Vase,Vase with Elephant Handles,vase
452610,Islamic Art,Vase,Vase,vase
45849,Asian Art,Jar,Jar with dragon-shaped handles,jar
51138,Asian Art,Vase,Vase decorated with bats and peaches amid scrolling floral vines and “double happiness” character,vase
205321,European Sculpture and Decorative Arts,Scent bottle,Scent bottle,bottle
48665,Asian Art,Vase,Vase,vase
46580,Asian Art,Vase,Flower Vase,vase
51106,Asian Art,Vase,Vase,vase
52659,Asian Art,Vase,Vase,vase
204360,European Sculpture and Decorative Arts,Pitcher,Pitcher,pitcher
658676,European Sculpture and Decorative Arts,Vase,Vase,vase
48717,Asian Art,Bottle vase,Bottle vase with floral scrolls,vase
47075,Asian Art,Bottle,Bottle,bottle
46953,Asian Art,Vase,Vase,vase
771072,European Sculpture and Decorative Arts,Vase,Orb bottom vase with white and gold crane motif,vase
188535,European Sculpture and Decorative Arts,Globular vase,Globular vase,vase
448397,Islamic Art,Vase,Vase,vase
771041,European Sculpture and Decorative Arts,Vase,Vase,vase
205832,European Sculpture and Decorative Arts,Jug,Small jug,jug
50948,Asian Art,Covered jar,Covered Jar,jar
63138,Asian Art,Tea jar,Tea jar,jar
44422,Asian Art,Jar,Jar with Spiral Decoration,jar
63007,Asian Art,Vase,Vase in the Shape of a Bundle of Bamboo,vase
467634,Medieval Art,Jar,Two-Handled Jar with Lions' Heads,jar
47350,Asian Art,Vase,Vase,vase
447776,Islamic Art,Vase,Vase,vase
199384,European Sculpture and Decorative Arts,Ewer,Ewer,pitcher
48204,Asian Art,Vase,Vase,vase
199335,European Sculpture and Decorative Arts,Toby jug,Toby jug,jug
203377,European Sculpture and Decorative Arts,Perfume vase,Perfume vase,vase
39510,Asian Art,Urn,Covered Urn,jar
37649,Asian Art,Vessel,Pedestalled Vessel,vessel
46950,Asian Art,Jar,Jar,jar
49261,Asian Art,Vessel,Vessel,vessel
51011,Asian Art,Bottle,Bottle,bottle
57357,Asian Art,Vase,Vase with Inlaid Designs,vase
477291,Medieval Art,Pot,Pot,pot
48390,Asian Art,Vase,Meiping vase,vase
200841,European Sculpture and Decorative Arts,Toilet jar with cover,Toilet jar with cover,jar
48527,Asian Art,Pilgrim bottle,Pilgrim Bottle,bottle
201753,European Sculpture and Decorative Arts,Jug,"Jug with portraits of Emperor Charles V (1500–1558) and Johann Friedrich the Magnanimous (1503–1554), elector of Saxony",jug
453454,Islamic Art,Ewer,White Ewer with Blue Streaks,pitcher
51025,Asian Art,Vase,Vase,vase
461502,Robert Lehman Collection,Pot,Water pot,pot
316270,The Michael C. Rockefeller Wing,Bottle,Corn stalk-shaped vessel,bottle
450946,Islamic Art,Ewer,"Ewer Inscribed with ""al-'izz"" (""Glory"") in Floriated Kufic on its Neck",pitcher
48312,Asian Art,Vase,Meiping vase,vase
46830,Asian Art,Vase,Vase in the shape of archaic wine container (gu),vase
47857,Asian Art,Vase,Vase,vase
309441,The Michael C. Rockefeller Wing,Bottle,Raptorial Bird Bottle,bottle
187805,European Sculpture and Decorative Arts,Vase with cover,Vase with cover,vase
194586,European Sculpture and Decorative Arts,Jar,Screw-top jar (Schraubflasche),jar
49924,Asian Art,Flower pot,Flower Pot,pot
194289,European Sculpture and Decorative Arts,Ewer,Ewer,pitcher
308531,The Michael C. Rockefeller Wing,Bottle,Stirrup Spout Bottle with Portrait Head,bottle
42211,Asian Art,Vase,Vase,vase
312608,The Michael C. Rockefeller Wing,Vessel,Tuber-inspired stirrup-spout bottle with monkeys,bottle
308410,The Michael C. Rockefeller Wing,Bottle,Stirrup-spout bottle with bird warrior,bottle
52081,Asian Art,Jar and cover,"Small jar and cover decorated with chrysanthemums, cranes, and clouds",jar
50747,Asian Art,Vase,Vase with flowers,vase
48716,Asian Art,Bottle,Bottle vase with floral scrolls,bottle
42333,Asian Art,Covered jar,Covered jar (Guan),jar
313101,The Michael C. Rockefeller Wing,Bottle,Bridge and Spout Face Bottle,bottle
48516,Asian Art,Vase,Vase,vase
308568,The Michael C. Rockefeller Wing,Bottle,"Bottle, Mythic Figures",bottle
197613,European Sculpture and Decorative Arts,Cream jug,Cream jug,jug
204414,European Sculpture and Decorative Arts,Urn,Urn,jar
310547,The Michael C. Rockefeller Wing,Bottle,Bottle,bottle
205325,European Sculpture and Decorative Arts,Scent bottle,Scent bottle,bottle
449041,Islamic Art,Ewer,Ewer,pitcher
50187,Asian Art,Wine bottle,Large Wine Bottle,bottle
57434,Asian Art,Oil bottle,Oil Bottle,bottle
312158,The Michael C. Rockefeller Wing,Bottle,Bottle,bottle
309345,The Michael C. Rockefeller Wing,Bottle,Stirrup Spout Bottle with Figures,bottle
185914,European Sculpture and Decorative Arts,Jug with cover,Jug with cover,jug
670810,European Sculpture and Decorative Arts,Jug,Jug,jug
449637,Islamic Art,Ewer,Ewer,pitcher
48597,Asian Art,Vase,Vase,vase
309346,The Michael C. Rockefeller Wing,Bottle,Stirrup Spout Bottle with Figures,bottle
37433,Asian Art,Footed urn,Footed Urn,jar
42394,Asian Art,Jar,"Jar decorated with rock, peonies, and birds",jar
308406,The Michael C. Rockefeller Wing,Bottle,Stirrup spout bottle in cap shape,bottle
48801,Asian Art,Vase,Vase,vase
50037,Asian Art,Vase,Vase,vase
44447,Asian Art,Vase,Vase,vase
50960,Asian Art,Covered ewer,Covered Ewer,pitcher
50834,Asian Art,Vase,Vase,vase
309324,The Michael C. Rockefeller Wing,Bottle,Stirrup Spout Bottle with Figure,bottle
205835,European Sculpture and Decorative Arts,Jug with cover,Jug with scroll handle and flat cover,jug
50950,Asian Art,Vase,Vase,vase
460135,Robert Lehman Collection,Jug,Armorial jug (boccale),jug
761272,The Michael C. Rockefeller Wing,Vessel,Vessel with water bird and hieroglyphic text,vessel
47447,Asian Art,Jar,Jar,jar
47804,Asian Art,Bottle vase,Bottle vase,vase
310517,The Michael C. Rockefeller Wing,Jar,Head jar,jar
468271,Medieval Art,Vessel,Vessel,vessel
446929,Islamic Art,Jar,Jar,jar
196741,European Sculpture and Decorative Arts,Albarello,Albarello,jar
47953,Asian Art,Vase,Vase,vase
447285,Islamic Art,Ewer,Ewer,pitcher
197824,European Sculpture and Decorative Arts,Jug,Jug,jug
63137,Asian Art,Tea jar,Tea jar,jar
50567,Asian Art,Bottle,Bottle,bottle
314635,The Michael C. Rockefeller Wing,Bottle,Spouted Bottle,bottle
466618,Medieval Art,Jug,Jug,jug
46932,Asian Art,Bottle vase,Bottle vase with dragon,vase
47587,Asian Art,Vase,Vase with a display of antiques,vase
42285,Asian Art,Oil bottle,Oil bottle decorated with peony leaves,bottle
47908,Asian Art,Wine pot,Wine pot,pot
203276,European Sculpture and Decorative Arts,Pilgrim bottle,Pilgrim bottle,bottle
48552,Asian Art,Jar,Jar with lion-head ornaments,jar
448261,Islamic Art,Jar,Jar,jar
451707,Islamic Art,Ewer,Ewer,pitcher
47158,Asian Art,Flower vase,Flower Vase,vase
451363,Islamic Art,Jar,Jar,jar
194238,European Sculpture and Decorative Arts,Scent bottle,Scent bottle,bottle
39512,Asian Art,Jar,Covered Jar,jar
444893,Islamic Art,Bottle,Pear-Shaped Bottle with Birds,bottle
44450,Asian Art,Jar with lid,Ceramic Jar with Ivory Lid,jar
192802,European Sculpture and Decorative Arts,Vase with cover,Vase with cover,vase
203299,European Sculpture and Decorative Arts,Jar,Jar (bulb pot),jar
63135,Asian Art,Tea jar,Tea jar,jar
318605,The Michael C. Rockefeller Wing,Bottle,Compartmented Stirrup Spout Jar,bottle
50813,Asian Art,Vase,Vase,vase
49896,Asian Art,Jar,Jar,jar
48311,Asian Art,Vase,Vase with dragon amid floral scrolls,vase
658719,European Sculpture and Decorative Arts,Jug,Jug,jug
47222,Asian Art,Pen washer,Covered Vessel with Design of Horizontal Bands of Diaper Patterns,vessel
871929,European Sculpture and Decorative Arts,Vase,Vase with centipede,vase
47648,Asian Art,Bottle,Bottle,bottle
208243,European Sculpture and Decorative Arts,Bottle,Bottle,bottle
447289,Islamic Art,Ewer,Ewer,pitcher
52059,Asian Art,Water bottle,Writer's Water Bottle,bottle
310219,The Michael C. Rockefeller Wing,Bottle,Double Spout Bottle,bottle
48701,Asian Art,Vase,Vase with birds and flowers,vase
48714,Asian Art,Vase,Vase,vase
314693,The Michael C. Rockefeller Wing,Bottle,Stirrup Spout Bottle with Sea Monster,bottle
445270,Islamic Art,Ewer,Ewer,pitcher
446841,Islamic Art,Jar,Jar,jar
62601,Asian Art,Tea jar,Tea Jar,jar
309442,The Michael C. Rockefeller Wing,Bottle,Geometric Pattern Bottle,bottle
204364,European Sculpture and Decorative Arts,Pitcher,Pitcher,pitcher
477288,Medieval Art,Pot,Pot,pot
308451,The Michael C. Rockefeller Wing,Bottle,Melon Shaped Bottle,bottle
309490,The Michael C. Rockefeller Wing,Bottle,Single Spout Portrait Head Bottle,bottle
63142,Asian Art,Tea jar,Tea jar,jar
210743,European Sculpture and Decorative Arts,Bottle,Pinch bottle,bottle
308582,The Michael C. Rockefeller Wing,Bottle,Double Spout and Bridge Bottle with Bird Demon,bottle
42206,Asian Art,Vase,Vase with Basket of Auspicious Flowers,vase
195041,European Sculpture and Decorative Arts,Rosewater jug,Rosewater jug,jug
204386,European Sculpture and Decorative Arts,Jug,Jug,jug
47258,Asian Art,Water bottle,Sake Bottle (Tokkuri) in the Shape of an Eggplant,bottle
62590,Asian Art,Jar,Jar,jar
771025,European Sculpture and Decorative Arts,Vase,Vase with handles,vase
50213,Asian Art,Vessel,Urn or Jar,jar
50334,Asian Art,Water jar,Freshwater Jar (Mizusashi) with Pine (front) and Plum with Bamboo (reverse),jar
205323,European Sculpture and Decorative Arts,Scent bottle,Scent bottle,bottle
310645,The Michael C. Rockefeller Wing,Bottle,"Bottle, Skeletal Couple with Child",bottle
193093,European Sculpture and Decorative Arts,Jug,Jug,jug
190600,European Sculpture and Decorative Arts,Scent bottle,Scent bottle,bottle
46714,Asian Art,Vase,Vase,vase
465875,Medieval Art,Jar,Jar,jar
37524,Asian Art,Vessel with lid,Vessel with Lid,vessel
37537,Asian Art,Jar,Jar,jar
770940,European Sculpture and Decorative Arts,Pilgrim flask,Pilgrim flask with botanical spray and butterfly,flask
51217,Asian Art,Vase,Vase,vase
42397,Asian Art,Vase,Vase decorated with peonies and chrysanthemums,vase
46965,Asian Art,Jar,Jar,jar
46569,Asian Art,Vase,Miniature vase,vase
57422,Asian Art,Bottle,Bottle,bottle
197572,European Sculpture and Decorative Arts,Cream jug,Cream jug,jug
48699,Asian Art,Vase,Vase with relief decoration of figures,vase
48509,Asian Art,Pot,Pot with two handles,pot
48840,Asian Art,Vase,Vase,vase
46590,Asian Art,Bottle vase,Bottle vase,vase
320343,The Michael C. Rockefeller Wing,Bottle,"Bottle, Head on Spout",bottle
46675,Asian Art,Vase,Vase,vase
44727,Asian Art,Jar,Jar (Guan),jar
313241,The Michael C. Rockefeller Wing,Vessel,Vessel,vessel
200823,European Sculpture and Decorative Arts,Toilet jar with cover,Toilet jar with cover,jar
309486,The Michael C. Rockefeller Wing,Bottle,Frog Bottle,bottle
48340,Asian Art,Vase,Miniature meiping vase,vase
194235,European Sculpture and Decorative Arts,Scent bottle,Scent bottle in the form of a huntress,bottle
309509,The Michael C. Rockefeller Wing,Bottle,Stirrup-spout bottle with monkey and snake,bottle
312802,The Michael C. Rockefeller Wing,Vessel,Figure Vessel,vessel
50349,Asian Art,Vase,Vase in Shape of Archaic Chinese bronze,vase
49296,Asian Art,Apothecary bottle,Apothecary bottle,bottle
313155,The Michael C. Rockefeller Wing,Vessel,Animal Vessel,vessel
446878,Islamic Art,Vessel,Spheroconical Vessel,vessel
49216,Asian Art,Bottle,Bottle with Peony Scroll,bottle
308296,The Michael C. Rockefeller Wing,Bottle,"Bottle, Falcon",bottle
63061,Asian Art,Covered jar,Covered Jar,jar
200886,European Sculpture and Decorative Arts,Vase with cover,Vase with cover,vase
316177,The Michael C. Rockefeller Wing,Bottle,Bottle in the shape of a dog,bottle
308291,The Michael C. Rockefeller Wing,Bottle,"Bottle, Feline Face",bottle
47786,Asian Art,Wine bottle,Wine Bottle,bottle
73217,Asian Art,Jar,Jar decorated with dragons,jar
308386,The Michael C. Rockefeller Wing,Bottle,Stirrup spout bottle with fish demon and tumi,bottle
45889,Asian Art,Vase,Vase with birds and flowers,vase
49344,Asian Art,Vase,Vase with Flowers and Birds,vase
48324,Asian Art,Vase,Vase with ladies and flowers,vase
50192,Asian Art,Bottle,"Bottle with Rock, Flowers, and Birds",bottle
57404,Asian Art,Jar,Jar,jar
47858,Asian Art,Jar,Jar with Cover,jar
57400,Asian Art,Bottle,Bottle,bottle
450494,Islamic Art,Jar,Jar,jar
185901,European Sculpture and Decorative Arts,Vase,Vase,vase
918706,European Sculpture and Decorative Arts,Beaker,Beaker with “Posteleӱn Verkooping” (porcelain selling),beaker
62917,Asian Art,Vase,Vase,vase
314633,The Michael C. Rockefeller Wing,Vessel,Tripod Vessel,vessel
848436,European Sculpture and Decorative Arts,Jug,Jug with cavalry scene,jug
52767,Asian Art,Covered jar,Covered Jar,jar
487245,Modern and Contemporary Art,Vase with lid,Vase with lid,vase
890336,European Sculpture and Decorative Arts,Vase,Ribbed vase,vase
63129,Asian Art,Tea jar,Tea jar,jar
48451,Asian Art,Jar,Jar with two lugs,jar
50335,Asian Art,Water jar,Tall Freshwater Jar (Hoso-mizusashi) with Striped Design,jar
466230,The Cloisters,Jug,Jug,jug
308624,The Michael C. Rockefeller Wing,Bottle,Double Spout and Bridge Bottle with Feline and Bird,bottle
52220,Asian Art,Jar,Small Jar (Ko-tsubo) with Flowers,jar
52834,Asian Art,Covered jar,Covered Jar,jar
48682,Asian Art,Vase,Vase,vase
308362,The Michael C. Rockefeller Wing,Bottle,Bird-Head Vessel,bottle
463086,Medieval Art,Pharmacy jar,Pharmacy Jar,jar
208006,European Sculpture and Decorative Arts,Jug,Jug with stylized floral pendants,jug
51946,Asian Art,Vessel,Vessel,vessel
48544,Asian Art,Vase,Vase in shape of winter melon,vase
47019,Asian Art,Pot,Pot,pot
52058,Asian Art,Water bottle,Writer's Water Bottle,bottle
449071,Islamic Art,Jug,Jug,jug
313301,The Michael C. Rockefeller Wing,Jar,Jar,jar
771024,European Sculpture and Decorative Arts,Ginger jar,Ginger jar,jar
309498,The Michael C. Rockefeller Wing,Bottle,"Bottle, Seated Figure",bottle
310466,The Michael C. Rockefeller Wing,Bottle,Bottle with a reed boat and paddler,bottle
309388,The Michael C. Rockefeller Wing,Bottle,Stirrup-spout bottle with owl,bottle
46955,Asian Art,Bottle,Bottle,bottle
450747,Islamic Art,Ewer,Ewer,pitcher
51014,Asian Art,Vase,Vase,vase
452853,Islamic Art,Jar,Jar,jar
52802,Asian Art,Vase,Vase,vase
46962,Asian Art,Vase,Vase,vase
446935,Islamic Art,Jar,Jar,jar
309519,The Michael C. Rockefeller Wing,Bottle,Stirrup-spout bottle with feline and snake,bottle
460178,Robert Lehman Collection,Apothecary jar,Apothecary jar (orciuolo),jar
308652,The Michael C. Rockefeller Wing,Bottle,Double Spout and Bridge Bottle with Bird,bottle
48572,Asian Art,Vase,Vase with scenes from Romance of the West Chamber,vase
42279,Asian Art,Vase,Vase with landscape scenes,vase
476276,Medieval Art,Pot,Pot,pot
45893,Asian Art,Vase,Vase with immortals,vase
63141,Asian Art,Tea jar,Tea jar,jar
42360,Asian Art,Vase,Vase,vase
47809,Asian Art,Bottle,Bottle,bottle
232205,European Sculpture and Decorative Arts,Vase,Gourd-shaped vase,vase
309327,The Michael C. Rockefeller Wing,Bottle,Stirrup Spout Bottle with Seated Figure,bottle
76733,Asian Art,Bottle,Bottle,bottle
50338,Asian Art,Bottle,Bottle,bottle
310220,The Michael C. Rockefeller Wing,Bottle,Bottle,bottle
46779,Asian Art,Vase,Vase with flowers,vase
308457,The Michael C. Rockefeller Wing,Jar,Jar,jar
195021,European Sculpture and Decorative Arts,Albarello,Albarello,jar
309138,The Michael C. Rockefeller Wing,Bottle,Bottle: Head,bottle
201716,European Sculpture and Decorative Arts,Milk jug with cover,Milk jug with cover,jug
447279,Islamic Art,Ewer,Miniature Ewer,pitcher
308520,The Michael C. Rockefeller Wing,Bottle,Stirrup Spout Bottle with Stacked Containers,bottle
72737,Asian Art,Jar,Faceted jar decorated with plum blossoms and bamboo,jar
448987,Islamic Art,Jar,Jar,jar
314681,The Michael C. Rockefeller Wing,Jar,Prisoner jar,jar
197614,European Sculpture and Decorative Arts,Cream jug,Cream jug,jug
47988,Asian Art,Bottle vase,Bottle vase,vase
312629,The Michael C. Rockefeller Wing,Bottle,Bridge and Spout Bottle,bottle
833900,The Michael C. Rockefeller Wing,Jar,Water Jar (Olla),jar
188777,European Sculpture and Decorative Arts,Vase with cover,Vase with cover (vase parent),vase
46940,Asian Art,Vase,Vase with chrysanthemum petals,vase
309447,The Michael C. Rockefeller Wing,Bottle,Spotted Feline Bottle,bottle
62759,Asian Art,Tea jar,Tea Jar,jar
47722,Asian Art,Bottle,Bottle,bottle
47582,Asian Art,Jar,Jar decorated with auspicious characters amid plants,jar
47922,Asian Art,Vase,Vase,vase
63109,Asian Art,Jar,Jar,jar
48661,Asian Art,Vase,Square vase,vase
48280,Asian Art,Vase,Vase with flowers and rocks,vase
57517,Asian Art,Jar,Jar with lid,jar
50313,Asian Art,Jar,Large Storage Jar (Ōtsubo),jar
477270,Medieval Art,Jug,Jug,jug
46928,Asian Art,Vase,Vase with floral patterns,vase
188534,European Sculpture and Decorative Arts,Globular jar,Globular jar,jar
460139,Robert Lehman Collection,Apothecary jar,Apothecary Jar (orciuolo),jar
52377,Asian Art,Jar,Jar,jar
197222,European Sculpture and Decorative Arts,Albarello,Albarello,jar
44426,Asian Art,Jar,Small Jar (Guan),jar
52807,Asian Art,Ewer,Ewer with Equestrian Figure,pitcher
644110,European Sculpture and Decorative Arts,Vase,Vase with scenes of storm at sea,vase
50770,Asian Art,Jar,Small Jar,jar
47599,Asian Art,Bottle,Bottle for Sweets,bottle
53855,Asian Art,Vase,Vase,vase
449913,Islamic Art,Ewer,Ewer,pitcher
670813,European Sculpture and Decorative Arts,Jug,Jug,jug
48625,Asian Art,Vase,Vase,vase
46947,Asian Art,Bottle vase,Bottle vase,vase
50359,Asian Art,Wine ewer with lid,Wine Ewer with Lid,pitcher
188908,European Sculpture and Decorative Arts,Vase,Vase,vase
52611,Asian Art,Vase,Vase,vase
42243,Asian Art,Vase,"Vase with Cranes, Clouds, and Waves",vase
210750,European Sculpture and Decorative Arts,Storage jar,One-handled storage jar (albarello),jar
37432,Asian Art,Footed urn,Footed Urn,jar
52259,Asian Art,Oil bottle,Oil bottle,bottle
194432,European Sculpture and Decorative Arts,Ewer,Ewer (Brocca),pitcher
62677,Asian Art,Bottle,Bottle,bottle
204512,European Sculpture and Decorative Arts,Vase,Two-handled storage jug (albarello) with crowned eagles,jar
52755,Asian Art,Jar,Jar,jar
51010,Asian Art,Vase,Vase decorated with blossoming plum,vase
465872,Medieval Art,Jar,Jar,jar
771037,European Sculpture and Decorative Arts,Vase,Elongated amphora shaped vase in pastel shades,amphora
42251,Asian Art,Vase,Vase with Flowers,vase
39506,Asian Art,Footed jar,Footed jar,jar
670807,European Sculpture and Decorative Arts,Jug,Jug,jug
40074,Asian Art,Jar,Water Jar in the Shape of a Well Bucket,jar
449904,Islamic Art,Ewer,Ewer,pitcher
47394,Asian Art,Bottle,Bottle,bottle
447287,Islamic Art,Ewer,Ewer,pitcher
207983,European Sculpture and Decorative Arts,Bottle,Bottle,bottle
46558,Asian Art,Bottle vase,Bottle vase,vase
37563,Asian Art,Jar,Large Incised Jar,jar
47600,Asian Art,Vase,Vase with dragons,vase
49862,Asian Art,Vase,Vase with Figures in Landscape,vase
46836,Asian Art,Bottle,Bottle,bottle
46561,Asian Art,Vase,Pomegranate vase,vase
308404,The Michael C. Rockefeller Wing,Bottle,"Bottle, Fighting Figures",bottle
39511,Asian Art,Urn,Covered urn with geometric decoration,jar
444485,Islamic Art,Vase,Vase,vase
62711,Asian Art,Tea jar,Tea Jar,jar
770942,European Sculpture and Decorative Arts,Vase,"Spill vase with ""cloisonné"" decoration",vase
310197,The Michael C. Rockefeller Wing,Jar,Figure Jar,jar
46638,Asian Art,Jar,Jar,jar
203297,European Sculpture and Decorative Arts,Cream jug,Cream jug,jug
460128,Robert Lehman Collection,Jug,Armorial Jug (boccale),jug
46849,Asian Art,Vase,Vase,vase
476285,Medieval Art,Jug,Jug,jug
47102,Asian Art,Vase,Vase,vase
53828,Asian Art,Jar,Jar with dragon and stylized character for longevity (shou),jar
194433,European Sculpture and Decorative Arts,Ewer,Ewer (Brocca),pitcher
46205,Asian Art,Jar,Jar with floral pattern,jar
313009,The Michael C. Rockefeller Wing,Bottle,Stirrup Spout Bottle with Suckling Puma,bottle
208140,European Sculpture and Decorative Arts,Vase,Vase,vase
49359,Asian Art,Jar,Long-Necked Jar (Chōkeiko),jar
50908,Asian Art,Bottle,"Bottle with Theme of the ""Hundred Antiques""",bottle
47412,Asian Art,Vase,Vase with animal masks,vase
53798,Asian Art,Vase,Vase,vase
62703,Asian Art,Tea jar,Tea Jar,jar
451993,Islamic Art,Kendi,Elephant-Shaped Kendi,pitcher
449481,Islamic Art,Jar,Jar,jar
308420,The Michael C. Rockefeller Wing,Jar,Jar,jar
62551,Asian Art,Vase,Vase,vase
45844,Asian Art,Jar,Jar decorated with plum blossoms,jar
48695,Asian Art,Vase,Vase with relief decoration of figures,vase
309385,The Michael C. Rockefeller Wing,Bottle,Double-chambered bottle with mouse,bottle
771039,European Sculpture and Decorative Arts,Vase,Bamboo vase with flowering cherry blossoms,vase
463559,Medieval Art,Jug,Jug,jug
314680,The Michael C. Rockefeller Wing,Bottle,Portrait Head Bottle,bottle
207399,European Sculpture and Decorative Arts,Jar,Jar,jar
446997,Islamic Art,Bottle,Bottle,bottle
51187,Asian Art,Jar,Jar,jar
50741,Asian Art,Vase,Square vase,vase
471751,The Cloisters,Jug,Jug,jug
47389,Asian Art,Vase,Vase,vase
312928,The Michael C. Rockefeller Wing,Vessel,Neckless jar with complex scene,jar
52057,Asian Art,Vase,Vase,vase
208036,European Sculpture and Decorative Arts,Vase,Vase,vase
49351,Asian Art,Vase,Vase,vase
206654,European Sculpture and Decorative Arts,Pitcher,Pitcher,pitcher
318607,The Michael C. Rockefeller Wing,Bottle,Double-chambered bottle,bottle
45834,Asian Art,Jar,Jar,jar
53891,Asian Art,Vase,Vase,vase
460681,Robert Lehman Collection,Ewer,Covered ewer,pitcher
208409,European Sculpture and Decorative Arts,Milk jug with cover,Milk jug with cover,jug
47438,Asian Art,Vase,Vase,vase
42216,Asian Art,Vase,Vase,vase
460675,Robert Lehman Collection,Vase,Small vase,vase
448395,Islamic Art,Vase,Vase,vase
308711,The Michael C. Rockefeller Wing,Bottle,Double Spout and Bridge Bottle with Bird,bottle
771073,European Sculpture and Decorative Arts,Moon flask,Moon flask with white and gold crane,flask
460717,Robert Lehman Collection,Vase,Club-shaped vase,vase
309492,The Michael C. Rockefeller Wing,Bottle,"Bottle, Head on Neck",bottle
62595,Asian Art,Tea jar,Tea Jar,jar
316719,The Michael C. Rockefeller Wing,Bottle,Double Spout Bottle,bottle
308554,The Michael C. Rockefeller Wing,Bottle,Double Chambered Bottle,bottle
314955,The Michael C. Rockefeller Wing,Vessel,Paccha (ritual vessel),vessel
50944,Asian Art,Vase,Meiping vase with dragon,vase
45882,Asian Art,Jar,Jar,jar
53777,Asian Art,Vase,Vase,vase
42250,Asian Art,Vase,Vase with Flowers,vase
47811,Asian Art,Wine bottle,Wine bottle,bottle
239486,European Sculpture and Decorative Arts,Jar,Jar with four birds,jar
195013,European Sculpture and Decorative Arts,Urn,Urn,jar
205470,European Sculpture and Decorative Arts,Vase,Vase (pot à fleurs),vase
44726,Asian Art,Jar,Jar (Guan),jar
204385,European Sculpture and Decorative Arts,Jug,Jug,jug
42324,Asian Art,Vase,Vase in the shape of an archaic bronze vessel (gu),vase
309525,The Michael C. Rockefeller Wing,Jar,Cactus Jar,jar
37510,Asian Art,Bottle,Bottle with Three Lugs,bottle
53774,Asian Art,Vase,Vase with nine peaches,vase
771065,European Sculpture and Decorative Arts,Vase,Vase,vase
47174,Asian Art,Jar with cover,Miniature Jar with Cover,jar
52797,Asian Art,Jar,Jar,jar
194256,European Sculpture and Decorative Arts,Jug,Jug,jug
446222,Islamic Art,Jar,Jar,jar
199026,European Sculpture and Decorative Arts,Cream jug,Cream jug,jug
204403,European Sculpture and Decorative Arts,Jug,Jug,jug
207775,European Sculpture and Decorative Arts,Pitcher,Pitcher,pitcher
48702,Asian Art,Vase,Vase with roundels of phoenix and chi dragon,vase
200772,European Sculpture and Decorative Arts,Vase with cover,Vase with cover,vase
204071,European Sculpture and Decorative Arts,Cream jug,Cream jug,jug
471800,The Cloisters,Pharmacy jar,Pharmacy Jar,jar
770938,European Sculpture and Decorative Arts,Lidded vase,"""Alhambra"" vase with lid",vase
47755,Asian Art,Bottle,Bottle,bottle
752044,Asian Art,Water Jar,Nanban Freshwater Jar (Mizusashi) with Large Handles,jar
309344,The Michael C. Rockefeller Wing,Bottle,Stirrup Spout Bottle with Female,bottle
460983,Robert Lehman Collection,Saltcellar,Saltcellar,vessel
200885,European Sculpture and Decorative Arts,Jug,Jug (Krug),jug
48629,Asian Art,Vase,Vase with dragon,vase
453896,Islamic Art,Jar,Jar,jar
49262,Asian Art,Jar,Jar,jar
460182,Robert Lehman Collection,Albarello,Apothecary jar (albarello),jar
63097,Asian Art,Tea jar with cover,Tea jar with cover,jar
37449,Asian Art,Jar,Footed Jar,jar
199039,European Sculpture and Decorative Arts,Jug,Jug,jug
48281,Asian Art,Jug,Jug with dragon handle and floral madellions,jug
446269,Islamic Art,Ewer,Ewer,pitcher
239506,European Sculpture and Decorative Arts,Vase,Vase,vase
62546,Asian Art,Tea jar,Tea Jar,jar
42448,Asian Art,Jar,Jar,jar
671535,The Cloisters,Jug,Jug,jug
52461,Asian Art,Water bottle,Water Bottle in the Form of a Mouse,bottle
308628,The Michael C. Rockefeller Wing,Bottle,"Bottle, Feline Face",bottle
308580,The Michael C. Rockefeller Wing,Bottle,"Double Spout Bottle, Killer Whale Motif",bottle
48749,Asian Art,Vase,Hexagonal vase with Rococo-style flowers,vase
44689,Asian Art,Jar,Jar (Guan),jar
853841,Asian Art,Jar,Covered jar,jar
675861,European Sculpture and Decorative Arts,Jug,Jug,jug
48172,Asian Art,Jar,Jar,jar
47949,Asian Art,Jar,Jar,jar
310231,The Michael C. Rockefeller Wing,Bottle,Stirrup Spout Bottle with Crayfish,bottle
448017,Islamic Art,Jar,Jar,jar
42212,Asian Art,Bottle,Gourd-Shaped Bottle,bottle
48636,Asian Art,Bottle,Gobular bottle with dragon,bottle
63565,Asian Art,Jar,Jar (Tsubo) with Stylized Net Design,jar
451635,Islamic Art,Jar,Jar,jar
191344,European Sculpture and Decorative Arts,Jug,Jug,jug
52811,Asian Art,Vase,Vase decorated with flowers,vase
476256,Medieval Art,Amphora,Amphora,amphora
41749,Asian Art,Water jar,Water Jar for the Tea Ceremony with Seven Sages of the Bamboo Grove Design,jar
46848,Asian Art,Vase,Vase,vase
76114,Asian Art,Jar,Dragon jar,jar
48628,Asian Art,Vase,Vase with Garden Scene,vase
50317,Asian Art,Storage jar,Storage jar,jar
51013,Asian Art,Vase,Vase,vase
44729,Asian Art,Jar,Jar (Guan),jar
194632,European Sculpture and Decorative Arts,Jug,Jug,jug
51247,Asian Art,Vase,Vase,vase
49293,Asian Art,Apothecary bottle,"Apothecary Bottle with Initial ""M"" in Laurel Wreath",bottle
833904,The Michael C. Rockefeller Wing,Jar,Vessel (Olla),jar
460660,Robert Lehman Collection,Jar,"Two-eared jar, Jun ware",jar
53826,Asian Art,Covered jar,Covered Jar,jar
47388,Asian Art,Bottle,Bottle,bottle
309503,The Michael C. Rockefeller Wing,Bottle,Double-chambered bottle,bottle
670995,Asian Art,Jar,Shigaraki Tea Jar (Chatsubo),jar
461338,Robert Lehman Collection,Covered ewer,Covered ewer,pitcher
199751,European Sculpture and Decorative Arts,Storage jar,One-handled storage jar (albarello),jar
42389,Asian Art,Vase,Vase with King Wen Visiting the Scholar Jiang Taigong,vase
48223,Asian Art,Covered jar,"Covered jar with ""Hundred Antique"" pattern",jar
460146,Robert Lehman Collection,Jug,Armorial jug (boccale),jug
231768,European Sculpture and Decorative Arts,Milk jug,Milk jug,jug
63123,Asian Art,Tea jar,Tea jar,jar
195500,European Sculpture and Decorative Arts,Bottle,Bottle,bottle
204374,European Sculpture and Decorative Arts,Pitcher,Pitcher,pitcher
771023,European Sculpture and Decorative Arts,Moon flask,Moon flask,flask
239494,European Sculpture and Decorative Arts,Vase,Beaker vase,vase
62922,Asian Art,Bottle,Wine Bottle with Landscape and Waterfall,bottle
205096,European Sculpture and Decorative Arts,Syrup jug,Syrup jug,jug
48012,Asian Art,Bottle,Bottle,bottle
46550,Asian Art,Vase,Meiping vase,vase
644111,European Sculpture and Decorative Arts,Vase,Vase with scenes of storm on land,vase
651241,The Cloisters,Jug,Jug with twisted handle,jug
447277,Islamic Art,Ewer,Ewer,pitcher
47920,Asian Art,Ewer,Ewer with a lion-formed handle,pitcher
37450,Asian Art,Bottle,Bottle with Waves and Auspicious Emblems,bottle
51001,Asian Art,Bottle,Bottle,bottle
193020,European Sculpture and Decorative Arts,Jar with cover,Jar with cover,jar
50659,Asian Art,Jar,Jar,jar
52568,Asian Art,Jar,Jar with handle,jar
37458,Asian Art,Bottle,Bottle with Bulbous Neck,bottle
446944,Islamic Art,Jar,Jar,jar
47066,Asian Art,Jar,Jar,jar
193355,European Sculpture and Decorative Arts,Jug,Jug,jug
670812,European Sculpture and Decorative Arts,Jug,Jug,jug
73216,Asian Art,Jar,Jar with floral scroll,jar
448984,Islamic Art,Ewer,Ewer,pitcher
191142,European Sculpture and Decorative Arts,Milk jug,Milk jug,jug
308381,The Michael C. Rockefeller Wing,Bottle,Bottle with figures,bottle
451397,Islamic Art,Ewer,"Ewer with Molded Inscriptions, Animals, and Dancers",pitcher
50884,Asian Art,Vase,Vase,vase
48566,Asian Art,Vase,Vase with dragon,vase
748293,Asian Art,Water jar,Water jar (Mizusashi) with autumn grasses,jar
204355,European Sculpture and Decorative Arts,Pitcher,Pitcher,pitcher
770986,European Sculpture and Decorative Arts,Miniature moon flask,Miniature moon flask with fretwork center,flask
47644,Asian Art,Bottle,Bottle,bottle
200880,European Sculpture and Decorative Arts,Jug,Jug (Enghalskrug),jug
49366,Asian Art,Vase,Vase,vase
747034,European Sculpture and Decorative Arts,Vase,Vase,vase
49201,Asian Art,Ewer,Ewer with lug handles,pitcher
187854,European Sculpture and Decorative Arts,Vase,Vase,vase
47688,Asian Art,Vase,Vase,vase
195774,European Sculpture and Decorative Arts,Ewer,Ewer,pitcher
771053,European Sculpture and Decorative Arts,Vase,Octagonal vase with scenes of the story of the silkworm,vase
312161,The Michael C. Rockefeller Wing,Bottle,Bottle (Florero),bottle
448981,Islamic Art,Ewer,Ewer,pitcher
50891,Asian Art,Vase,"Vase with ladies, plants, and landscape",vase
49553,Asian Art,Amphora,Amphora with dragon-shaped handles,amphora
477323,Medieval Art,Jar,Jar with Handle,jar
44431,Asian Art,Flask,Molded Flask,flask
454610,Islamic Art,Jar,Jar,jar
477749,Medieval Art,Vase,Vase,vase
651290,The Cloisters,Jug,Jug,jug
307473,The Michael C. Rockefeller Wing,Bottle,Stirrup-spout bottle with fox warrior,bottle
48086,Asian Art,Bottle,Bottle,bottle
42278,Asian Art,Vase,Maebyeong with lotus decoration,vase
48329,Asian Art,Vase,Vase with mythical creature qilin,vase
478669,Medieval Art,Jug,Jug,jug
309401,The Michael C. Rockefeller Wing,Bottle,Single Spout Bottle with Strap Handles,bottle
197558,European Sculpture and Decorative Arts,Vase,Vase,vase
62528,Asian Art,Bottle,Gourd-Shaped Sake Bottle (Tokkuri) with Carved Floral Design and Jewel,bottle
47892,Asian Art,Jar,Jar,jar
190732,European Sculpture and Decorative Arts,Bottle,Bottle,bottle
63093,Asian Art,Tea jar with cover,Tea jar with cover,jar
204524,European Sculpture and Decorative Arts,Jug,Jug,jug
47574,Asian Art,Bottle vase,Bottle vase with floral scrolls,vase
78006,Asian Art,Vase,Vase with Plum Blossoms,vase
316000,The Michael C. Rockefeller Wing,Bottle,Spouted Bottle,bottle
313309,The Michael C. Rockefeller Wing,Bottle,Stirrup Spout Bottle,bottle
47443,Asian Art,Vase,Vase,vase
48759,Asian Art,Vase,Vase,vase
46570,Asian Art,Vase,Minature vase,vase
49203,Asian Art,Jar,Jar,jar
188538,European Sculpture and Decorative Arts,Albarello,Albarello,jar
308297,The Michael C. Rockefeller Wing,Bottle,"Bottle, Falcon",bottle
62552,Asian Art,Tea jar,Tea Jar,jar
46773,Asian Art,Bottle,Bottle,bottle
308411,The Michael C. Rockefeller Wing,Bottle,Warrior Bottle,bottle
47077,Asian Art,Bottle,Bottle,bottle
47118,Asian Art,Jar with cover,Jar with Cover,jar
475761,Medieval Art,Amphora,Amphora,amphora
47846,Asian Art,Water pitcher,Sencha Water Pitcher (Suichū),pitcher
201610,European Sculpture and Decorative Arts,Ewer,Ewer,pitcher
52922,Asian Art,Amphora,Amphora,amphora
446886,Islamic Art,Vase,Vase,vase
314688,The Michael C. Rockefeller Wing,Bottle,Stirrup Spout Bottle: Monkey Head,bottle
452223,Islamic Art,Bottle,Bottle,bottle
63120,Asian Art,Tea jar,Tea jar,jar
770916,European Sculpture and Decorative Arts,Vase,Hexagonal vase with cloisonné decoration,vase
46809,Asian Art,Vase,Meiping vase with human figures,vase
192803,European Sculpture and Decorative Arts,Vase,Vase,vase
197018,European Sculpture and Decorative Arts,Urn with cover,Urn with cover,jar
63125,Asian Art,Tea jar,Tea jar,jar
465871,Medieval Art,Jar,Jar,jar
203378,European Sculpture and Decorative Arts,Perfume vase,Perfume vase,vase
47292,Asian Art,Minature bottle,Minature bottle with scene of the West Chamber,bottle
63133,Asian Art,Tea jar,Tea jar,jar
200726,European Sculpture and Decorative Arts,Toby jug,Toby jug,jug
450947,Islamic Art,Ewer,Ewer,pitcher
42255,Asian Art,Vase,Vase with romantic scenes,vase
310550,The Michael C. Rockefeller Wing,Bottle,"Bottle, Trophy-Head",bottle
52546,Asian Art,Jar,Jar,jar
188900,European Sculpture and Decorative Arts,Ewer,Ewer in the form of a dragon,pitcher
50314,Asian Art,Jar,Vessel with Straw Hole,jar
199271,European Sculpture and Decorative Arts,Cream jug,Cream jug,jug
770977,European Sculpture and Decorative Arts,Vase,"Vase with owl heads and ""cloisonné"" decoration",vase
62770,Asian Art,Tea jar,Tea Jar,jar
315176,The Michael C. Rockefeller Wing,Bottle,Stirrup Spout Bottle with Warrior,bottle
194304,European Sculpture and Decorative Arts,Pilgrim bottle,Pilgrim bottle,bottle
51021,Asian Art,Vase,Vase,vase
48611,Asian Art,Vase,Square vase with birds and flowers,vase
49857,Asian Art,Vase,Vase with rabbits,vase
73676,Asian Art,Cong-form vase,Quadrangular vase in the shape of a Neolithic cong,vase
449073,Islamic Art,Jug,Jug,jug
308561,The Michael C. Rockefeller Wing,Bottle,"Bottle, Crab Demon",bottle
191375,European Sculpture and Decorative Arts,Vase with cover,Vase with cover,vase
200928,European Sculpture and Decorative Arts,Vase with cover,Vase with cover,vase
46563,Asian Art,Vase,Vase,vase
308466,The Michael C. Rockefeller Wing,Bottle,Double Spout Bottle,bottle
308518,The Michael C. Rockefeller Wing,Bottle,Stirrup Spout Bottle with Modeled Sections,bottle
52563,Asian Art,Jar,Flask with molded decoration,flask
39885,Asian Art,Jar,Jar with grapevine decoration,jar
309494,The Michael C. Rockefeller Wing,Bottle,"Jar, Fat Figure",bottle
451695,Islamic Art,Jar,Jar,jar
50709,Asian Art,Jar,Jar with loop handles,jar
46927,Asian Art,Bottle vase,Bottle vase,vase
47556,Asian Art,Vase,Vase,vase
78432,Asian Art,Jar,Jar,jar
50229,Asian Art,Jar,Jar,jar
308293,The Michael C. Rockefeller Wing,Bottle,Bridge and Spout Bottle,bottle
48228,Asian Art,Bottle,Vase with boy riding an ox,bottle
232384,European Sculpture and Decorative Arts,Vase,Vase (Vase hollandois),vase
460136,Robert Lehman Collection,Jug,Armorial Jug (boccale),jug
310542,The Michael C. Rockefeller Wing,Vessel with lid,Whistling vessel,vessel
48504,Asian Art,Pilgrim bottle,Pilgrim bottle with dragons,bottle
450769,Islamic Art,Ewer,Ewer,pitcher
46914,Asian Art,Bottle,Covered square bottle with flowers,bottle
309504,The Michael C. Rockefeller Wing,Bottle,"Bottle, Throne Scene",bottle
239483,European Sculpture and Decorative Arts,Vase,Tall vase with four roundels,vase
48467,Asian Art,Pilgrim bottle,Pilgrim Bottle,bottle
65596,Asian Art,Jar,Jar with Four Lugs (Guan),jar
448424,Islamic Art,Ewer,Ewer,pitcher
209997,European Sculpture and Decorative Arts,Vase,Vase,vase
46619,Asian Art,Bottle,Bottle,bottle
451362,Islamic Art,Jar,Jar,jar
308428,The Michael C. Rockefeller Wing,Bottle,Bottle,bottle
308465,The Michael C. Rockefeller Wing,Bottle,Double Spout Bottle,bottle
460142,Robert Lehman Collection,Albarello,Apothecary jar (albarello),jar
57358,Asian Art,Vase,Vase,vase
477280,Medieval Art,Jug,Jug,jug
52907,Asian Art,Bottle,Bottle,bottle
448726,Islamic Art,Ewer,Ewer,pitcher
62942,Asian Art,Wine bottle,Wine bottle,bottle
57362,Asian Art,Vase,Vase,vase
308515,The Michael C. Rockefeller Wing,Bottle,Stirrup Spout Bottle with Duck,bottle
46941,Asian Art,Jar,Jar,jar
188539,European Sculpture and Decorative Arts,Albarello,Albarello,jar
314629,The Michael C. Rockefeller Wing,Jar,Jar,jar
197485,European Sculpture and Decorative Arts,Jug,Jug,jug
44737,Asian Art,Bottle,Bottle decorated with peonies,bottle
48174,Asian Art,Jar with cover,Jar with Cover,jar
47657,Asian Art,Jar,Jar,jar
45871,Asian Art,Vase with lid,Vase with lid,vase
48741,Asian Art,Vase,Vase with Immortals Offering the Peaches of Longevity,vase
199721,European Sculpture and Decorative Arts,Pharmacy jar,Pharmacy jar (albarello),jar
48676,Asian Art,Vase,Square vase with flowers of four seasons,vase
466701,Medieval Art,Jar,Two-Handled Jar with Stag,jar
49298,Asian Art,Ewer,Ewer with Figures in Landscape,pitcher
63048,Asian Art,Water bottle,"Water Bottle in form of Hotei's Bag, Fan and Jewels",bottle
48764,Asian Art,Vase,Vase with children at play and scholars in gathering,vase
47482,Asian Art,Water bottle,Water Bottle,bottle
48748,Asian Art,Vase,Vase,vase
315999,The Michael C. Rockefeller Wing,Bottle,Spout and Bridge Vessel,bottle
308558,The Michael C. Rockefeller Wing,Bottle,Tuber-inspired stirrup-spout bottle,bottle
48846,Asian Art,Bottle,Bottle,bottle
51018,Asian Art,Vase,Vase,vase
49861,Asian Art,Vase,Vase with Figures in Landscape,vase
188753,European Sculpture and Decorative Arts,Vase,Vase,vase
310198,The Michael C. Rockefeller Wing,Bottle,"Bottle, Sleeping Figure",bottle
310355,The Michael C. Rockefeller Wing,Bottle,Bottle,bottle
318662,The Michael C. Rockefeller Wing,Vessel,Vessel with throne scene,vessel
51134,Asian Art,Vase,Vase,vase
202184,European Sculpture and Decorative Arts,Vase,Vase (vase à panneaux or à perles),vase
48085,Asian Art,Jar,Jar with flowers,jar
47850,Asian Art,Bottle,Bottle,bottle
204350,European Sculpture and Decorative Arts,Pitcher,Pitcher,pitcher
48335,Asian Art,Vase,Minature meiping vase,vase
42217,Asian Art,Vase,Vase with Coiling Dragon,vase
487350,Modern and Contemporary Art,Jug,Jug,jug
47505,Asian Art,Bottle,Bottle,bottle
48609,Asian Art,Vase,Square vase with scenes of four seasons,vase
308483,The Michael C. Rockefeller Wing,Bottle,Bridge and Spout Bottle,bottle
47315,Asian Art,Vase,Vase,vase
42350,Asian Art,Ewer,Chicken-Headed Ewer,pitcher
308623,The Michael C. Rockefeller Wing,Bottle,Double Spout and Bridge Bottle with Falcon,bottle
42367,Asian Art,Jar,Covered Jar (Hu),jar
42364,Asian Art,Vase,Vase with Dragon amid Clouds,vase
316813,The Michael C. Rockefeller Wing,Jar,"Jar, Ritual Scenes",jar
309371,The Michael C. Rockefeller Wing,Bottle,Single Spout (Ai-Apec) Figure Bottle,bottle
194236,European Sculpture and Decorative Arts,Scent bottle,Scent bottle,bottle
310544,The Michael C. Rockefeller Wing,Jar,Jar,jar
207145,European Sculpture and Decorative Arts,Potpourri vase,Potpourri Vase with Girl and Dog,vase
46988,Asian Art,Vase,Vase,vase
47625,Asian Art,Hanging vase,Hanging Vase,vase
308423,The Michael C. Rockefeller Wing,Bottle,Bottle,bottle
460715,Robert Lehman Collection,Ewer,Ewer,pitcher
447748,Islamic Art,Vase,Vase,vase
52023,Asian Art,Vase,Vase with performance of dragon boat,vase
47758,Asian Art,Jar,Jar,jar
50328,Asian Art,Sake bottle,Sake Bottle (Tokkuri) with Flowers and Grasses,bottle
49142,Asian Art,Jar,Jar (Hu),jar
49274,Asian Art,Storage jar,Storage jar,jar
309728,The Michael C. Rockefeller Wing,Bottle,"Bottle, Drum",bottle
48666,Asian Art,Bottle,Bottle,bottle
42443,Asian Art,Jar,Jar,jar
62715,Asian Art,Tea jar,Tea Jar,jar
310522,The Michael C. Rockefeller Wing,Bottle,Stirrup-spout bottle with confronting figures,bottle
47941,Asian Art,Jar,Jar,jar
52218,Asian Art,Jar,Jar (Tsubo) with Landscape,jar
446961,Islamic Art,Jar,Jar,jar
50536,Asian Art,Jar,Jar,jar
48635,Asian Art,Vase,Vase,vase
48690,Asian Art,Vase,Vase,vase
52720,Asian Art,Vase,Vase,vase
73366,Asian Art,Bottle,Bottle,bottle
46686,Asian Art,Vase,Vase,vase
42369,Asian Art,Jar,Jar,jar
451694,Islamic Art,Jar,Jar,jar
471753,The Cloisters,Pharmacy jar,Pharmacy Jar,jar
62910,Asian Art,Wine bottle,Hexagonal Wine Bottle,bottle
48766,Asian Art,Vase,Vase with scene from Romance of the Three Kingdoms,vase
309523,The Michael C. Rockefeller Wing,Bottle,Stirrup-Spout Bottle: Llama,bottle
52492,Asian Art,Water Jar,Water Jar with Poetry Gathering at the Orchid Pavilion,jar
198006,European Sculpture and Decorative Arts,Hand warmer or flask,Hand warmer or flask in the shape of a book,flask
449429,Islamic Art,Jar,Jar,jar
50921,Asian Art,Vase,Vase with flowers,vase
48275,Asian Art,Bottle,Bottle,bottle
46640,Asian Art,Vase,Vase with phoenix,vase
47681,Asian Art,Bottle,Bottle,bottle
204075,European Sculpture and Decorative Arts,Vase,Vase,vase
50316,Asian Art,Jar,Four-Legged Jar (Yonsoku-tsubo),jar
309335,The Michael C. Rockefeller Wing,Bottle,Stirrup Spout Bottle with Figure,bottle
449371,Islamic Art,Jug,Jug,jug
194391,European Sculpture and Decorative Arts,Vase,Vase,vase
62630,Asian Art,Wine bottle,Wine Bottle,bottle
47103,Asian Art,Bottle,Bottle,bottle
198670,European Sculpture and Decorative Arts,Ewer,Ewer,pitcher
651287,The Cloisters,Jug,Jug with Horseshoes,jug
450929,Islamic Art,Jar,Jar,jar
208822,European Sculpture and Decorative Arts,Pitcher,Pitcher,pitcher
477275,Medieval Art,Jug,Jug,jug
52513,Asian Art,Water jar,Water Jar,jar
308512,The Michael C. Rockefeller Wing,Bottle,Stirrup-spout bottle with bean warriors,bottle
47693,Asian Art,Oil bottle,Oil Bottle,bottle
309443,The Michael C. Rockefeller Wing,Bottle,Geometric Pattern Bottle,bottle
198426,European Sculpture and Decorative Arts,Jug,Jug,jug
477326,Medieval Art,Jar,Jar with Spout,jar
48691,Asian Art,Vase,Vase with birds and flowers,vase
52076,Asian Art,Jar,Jar,jar
309129,The Michael C. Rockefeller Wing,Bottle,Mountain Scene Bottle,bottle
42416,Asian Art,Water jar,Water jar with clouds,jar
194293,European Sculpture and Decorative Arts,Pharmacy jar,Pharmacy jar (albarello),jar
205336,European Sculpture and Decorative Arts,Scent bottle,Scent bottle,bottle
47810,Asian Art,Wine bottle,Wine Bottle,bottle
50506,Asian Art,Vase,Vase with landscape,vase
50033,Asian Art,Vase,Vase with Garden Scene,vase
465870,Medieval Art,Jar,Jar,jar
199532,European Sculpture and Decorative Arts,Book flask,Book flask,flask
48267,Asian Art,Jar,Jar,jar
447072,Islamic Art,Ewer,Rooster-Headed Ewer,pitcher
52524,Asian Art,Jar,Jar,jar
39631,Asian Art,Vase,Jar in the shape of bronze container (hu),jar
207383,European Sculpture and Decorative Arts,Vase,Elephant-head vase (vase à tête d'éléphant),vase
851662,Asian Art,Jar,Jar with floral roundels and inscriptions,jar
470127,Medieval Art,Jug,Jug,jug
57417,Asian Art,Jar,Jar,jar
307870,The Michael C. Rockefeller Wing,Bottle,Stirrup Spout Bottle with Seated Figure,bottle
894321,Asian Art,Freshwater jar (mizusashi),Freshwater Jar (Mizusashi) in the Shape of a Seed Jar (Tane-tsubo),jar
194292,European Sculpture and Decorative Arts,Jug,Jug,jug
309301,The Michael C. Rockefeller Wing,Bottle,Stirrup Spout Bottle with Scrolls,bottle
200840,European Sculpture and Decorative Arts,Glass cooler,Glass cooler (seau à verre),vessel
62557,Asian Art,Tea jar,Tea Jar,jar
42254,Asian Art,Jar with Cover,Jar with Landscape Scenes,jar
309751,The Michael C. Rockefeller Wing,Bottle,Bottle with Figures,bottle
188993,European Sculpture and Decorative Arts,Cream jug,Cream jug,jug
62627,Asian Art,Bottle,Bottle,bottle
200827,European Sculpture and Decorative Arts,Jar,Jar,jar
50020,Asian Art,Vase,Vase,vase
42222,Asian Art,Vase,Vase with Rocks and Flowers,vase
647271,Asian Art,Wine bottle,Wine bottle with lotuses and admonition,bottle
46817,Asian Art,Jar,Jar,jar
42253,Asian Art,Jar,Jar with Rooster and Flowers,jar
319859,The Michael C. Rockefeller Wing,Vessel,Urn,jar
771038,European Sculpture and Decorative Arts,Bottle,Islamic-style jar with pierced handles,bottle
47990,Asian Art,Vase,Vase,vase
46555,Asian Art,Vase,Vase,vase
42268,Asian Art,Ewer,Melon-shaped ewer with bamboo decoration,pitcher
208120,European Sculpture and Decorative Arts,Water jar with spout,Water jar with spout (vase à bec),jar
50707,Asian Art,Jar,Jar (Guan),jar
771015,European Sculpture and Decorative Arts,Moon flask,Moon flask  with gold butterfly and wheat motifs,flask
446976,Islamic Art,Bottle,Bottle,bottle
47282,Asian Art,Tea jar,Tea Jar,jar
48633,Asian Art,Bottle,Bottle,bottle
42522,Asian Art,Jar,Jar with Dragon,jar
310196,The Michael C. Rockefeller Wing,Jar,"Jar, Anthropomorphic Fox",jar
47106,Asian Art,Bottle,Bottle,bottle
475752,Medieval Art,Jar,Jar,jar
48425,Asian Art,Vase,Vase,vase
770917,European Sculpture and Decorative Arts,Moon flask,Moon flask,flask
771030,European Sculpture and Decorative Arts,Lidded vase,Lidded vase with Medusa decoration and snake handles,vase
771036,European Sculpture and Decorative Arts,Vase,Vase,vase
46757,Asian Art,Jar,Jar with four lugs,jar
56587,Asian Art,Jar,Jar,jar
47234,Asian Art,Vase,Vase,vase
308387,The Michael C. Rockefeller Wing,Bottle,Stirrup spout bottle with sitting figure,bottle
199568,European Sculpture and Decorative Arts,Jug,Jug,jug
309436,The Michael C. Rockefeller Wing,Bottle,Stirrup Spout Bottle with Felines,bottle
47927,Asian Art,Bottle vase,Bottle vase,vase
194636,European Sculpture and Decorative Arts,Jug,Jug,jug
52089,Asian Art,Tea jar,Tea Jar,jar
47370,Asian Art,Vase,Vase,vase
190647,European Sculpture and Decorative Arts,Jug,Beardman or Bellarmine jug,jug
47441,Asian Art,Vase,Vase,vase
448976,Islamic Art,Jar,Jar,jar
453996,Islamic Art,Jar,Pear-Shaped Jar,jar
197225,European Sculpture and Decorative Arts,Pharmacy jar with cover,Pharmacy jar with subjects from The Campaigns of Julius Caesar,jar
446845,Islamic Art,Jar,Jar,jar
48550,Asian Art,Jar,Jar,jar
449870,Islamic Art,Jar,Jar,jar
48755,Asian Art,Vase,Large Vase,vase
476257,Medieval Art,Amphora,Amphora,amphora
42413,Asian Art,Jar,Water Jar,jar
446907,Islamic Art,Ewer,Ewer with Horsemen and Sphinxes,pitcher
52064,Asian Art,Covered jar,Covered Jar,jar
42267,Asian Art,Vase,Vase,vase
468523,The Cloisters,Jug,Jug,jug
198409,European Sculpture and Decorative Arts,Jug,Jug,jug
47854,Asian Art,Vase,Vase,vase
196344,European Sculpture and Decorative Arts,Jug,Jug,jug
857949,Asian Art,Ewer,“Magic Fountain” ewer,pitcher
49215,Asian Art,Bottle,Bottle with Peonies,bottle
52638,Asian Art,Vase,Vase,vase
208009,European Sculpture and Decorative Arts,Jug,Low jug,jug
46989,Asian Art,Vase,Vase,vase
48278,Asian Art,Bottle,Bottle,bottle
63100,Asian Art,Tea jar with cover,Tea jar with cover,jar
312570,The Michael C. Rockefeller Wing,Jar,Jar,jar
40083,Asian Art,Jug,Jug (Hu),jug
309717,The Michael C. Rockefeller Wing,Jar,Head jar,jar
447278,Islamic Art,Jar,Jar,jar
50235,Asian Art,Vase,Vase,vase
308450,The Michael C. Rockefeller Wing,Bottle,Melon Shaped Bottle,bottle
52547,Asian Art,Vase,Vase,vase
308354,The Michael C. Rockefeller Wing,Bottle,Monkey-shaped spout-and-bridge bottle,bottle
48598,Asian Art,Vase,Vase,vase
42434,Asian Art,Ewer,Ewer with Parrots,pitcher
449072,Islamic Art,Jar,Jar,jar
204090,European Sculpture and Decorative Arts,Bottle,Bottle,bottle
451618,Islamic Art,jar,Jar,jar
37407,Asian Art,Vase,Stem Vase with Incised and Painted Design,vase
465889,Medieval Art,Pharmacy jar,Pharmacy Jar,jar
48202,Asian Art,Vase,"Hexagonal vase with ladies, plants, and landscape",vase
670989,Asian Art,Sake bottle,Sake Bottle (Tokkuri),bottle
49308,Asian Art,Jar,Jar with Mythical Qilin (Kirin) and Chrysanthemums,jar
206433,European Sculpture and Decorative Arts,Vase,Flower vase (cuvette à tombeau),vase
208387,European Sculpture and Decorative Arts,Milk jug with cover,Milk jug with cover,jug
449649,Islamic Art,Ewer,Ewer,pitcher
465879,Medieval Art,Jug,Jug,jug
46636,Asian Art,Vase,Vase,vase
47169,Asian Art,Freshwater jar (mizusashi),Freshwater Jar with Kirin (Mythical Chimera),jar
51067,Asian Art,Vase,Vase,vase
463208,Medieval Art,Jug,Jug,jug
308514,The Michael C. Rockefeller Wing,Bottle,Bird Bottle,bottle
309437,The Michael C. Rockefeller Wing,Bottle,Bird Warrior Bottle,bottle
63071,Asian Art,Vase,Small Vase,vase
460131,Robert Lehman Collection,Jug,Armorial Jug (boccale),jug
312165,The Michael C. Rockefeller Wing,Bottle,Bridge and Spout Bottle with Figure on Throne,bottle
186684,European Sculpture and Decorative Arts,Vase,Vase,vase
47566,Asian Art,Vase,Vase,vase
477281,Medieval Art,Jug,Jug,jug
468390,Medieval Art,Watering pot,"Pot, Watering",pot
200891,European Sculpture and Decorative Arts,Jug,Jug,jug
63087,Asian Art,Tea jar,Sencha Tea Jar with Peony Arabesque and Plum in Cochin (Kōchi) Style,jar
449363,Islamic Art,Jar,Jar,jar
47286,Asian Art,Bottle with handles,Double gourd bottle with handles,bottle
449773,Islamic Art,Jar,Jar,jar
49559,Asian Art,Jar,Covered jar,jar
48762,Asian Art,Vase,Vase with birds and flowers,vase
308516,The Michael C. Rockefeller Wing,Bottle,Stirrup Spout Bottle with Three Sections,bottle
194288,European Sculpture and Decorative Arts,Flask,Flask,flask
62666,Asian Art,Bottle,Gourd-Shaped Sake Bottle,bottle
467946,Medieval Art,Pharmacy jar,Pharmacy Jar,jar
47497,Asian Art,Bottle,Double-gourd bottle with floral patterns,bottle
52518,Asian Art,Vase,Vase,vase
52983,Asian Art,Vase,Vase,vase
52054,Asian Art,Water jar,Water Jar,jar
318614,The Michael C. Rockefeller Wing,Bottle,Double Spout Bottle,bottle
192831,European Sculpture and Decorative Arts,Vase,Vase,vase
201798,European Sculpture and Decorative Arts,Vase with cover,Vase with cover,vase
47439,Asian Art,Vase,Vase,vase
46872,Asian Art,Vase,Meiping vase with flowers,vase
47433,Asian Art,Vase,Vase,vase
444488,Islamic Art,Bottle,Bottle,bottle
194303,European Sculpture and Decorative Arts,Pharmacy jar,Pharmacy jar (albarello),jar
828462,Asian Art,Jug,Four handled storage jar with rope-pattern design,jug
308651,The Michael C. Rockefeller Wing,Bottle,Double Spout and Bridge Bottle with Bird,bottle
57368,Asian Art,Vase,Vase,vase
52020,Asian Art,Vase,Vase with birds and flowers,vase
42224,Asian Art,Vase,Vase with alternating landscape and floral scenes,vase
47472,Asian Art,Wine bottle,Wine Bottle,bottle
194262,European Sculpture and Decorative Arts,Ewer,Ewer,pitcher
46920,Asian Art,Jar,Jar,jar
46923,Asian Art,Vase,Vase,vase
208403,European Sculpture and Decorative Arts,Jar with cover,Jar with cover,jar
208307,European Sculpture and Decorative Arts,Ewer,Ewer,pitcher
46959,Asian Art,Bottle,Bottle,bottle
63049,Asian Art,Wine bottle,Wine bottle,bottle
207713,European Sculpture and Decorative Arts,Vase,U-shaped vase,vase
201881,European Sculpture and Decorative Arts,Jar with cover,Jar with cover,jar
44429,Asian Art,Jar,Jar (Guan),jar
52906,Asian Art,Bottle,Bottle,bottle
46556,Asian Art,Vase,Vase,vase
203363,European Sculpture and Decorative Arts,Ewer,Ewer,pitcher
309752,The Michael C. Rockefeller Wing,Bottle,Bottle with mythic figure,bottle
451621,Islamic Art,Ewer,Ewer,pitcher
62995,Asian Art,Wine bottle,Wine bottle,bottle
461218,Robert Lehman Collection,Vase,Bottle-shaped vase,vase
9179,European Sculpture and Decorative Arts,Urn,Urn,jar
47888,Asian Art,Bottle,Bottle,bottle
62553,Asian Art,Tea jar,Tea Jar,jar
42309,Asian Art,Jar,Large jar decorated with peonies,jar
449422,Islamic Art,Jar,Jar,jar
50332,Asian Art,Jar,Jar (Tsubo) with Landscape and Figures,jar
62712,Asian Art,Tea jar,Tea Jar,jar
62702,Asian Art,Bottle,Bottle,bottle
839471,Asian Art,Vase,Exhibition Vase with Scenes from the Ramayana,vase
47481,Asian Art,Vase,Vase,vase
204062,European Sculpture and Decorative Arts,Cream jug,Cream jug,jug
197819,European Sculpture and Decorative Arts,Jug,Jug in the form of a bear hugging a small dog,jug
310203,The Michael C. Rockefeller Wing,Bottle,"Bottle, Seated Figure",bottle
468399,Medieval Art,Jug,Jug,jug
57502,Asian Art,Bottle,Bottle,bottle
199515,European Sculpture and Decorative Arts,Puzzle jug,Puzzle jug,jug
44724,Asian Art,Jar,Jar (Guan),jar
40207,Asian Art,Jar,Small Jar (Guan),jar
196544,European Sculpture and Decorative Arts,Ewer,Ewer,pitcher
46557,Asian Art,Vase,Tripod vase,vase
46192,Asian Art,Covered jar,Covered jar with Thai mythical figures,jar
51192,Asian Art,Vase,Vase,vase
851660,Asian Art,Bottle,Bottle decorated with flowering plant,bottle
48850,Asian Art,Jar with lid,Jar with Lid,jar
196361,European Sculpture and Decorative Arts,Bottle with stopper,Bottle with stopper,bottle
308592,The Michael C. Rockefeller Wing,Jar,Single Spout Painted Jar,jar
208556,European Sculpture and Decorative Arts,Pitcher,Pitcher,pitcher
200876,European Sculpture and Decorative Arts,Potpourri jar,Potpourri jar,jar
234894,European Sculpture and Decorative Arts,Hot milk jug,Hot milk jug,jug
46693,Asian Art,Vase,Vase,vase
47407,Asian Art,Vase,Vase,vase
46667,Asian Art,Vase,Vase with animal-masks,vase
771060,European Sculpture and Decorative Arts,Spherical vase,Small spherical vase,vase
37540,Asian Art,Jar with cover,Jar with Cover,jar
48271,Asian Art,Bottle,Bottle,bottle
49356,Asian Art,Vase,Vase with Dragon Handles,vase
309372,The Michael C. Rockefeller Wing,Bottle,Stirrup Spout Bottle with Ai-Apec,bottle
199470,European Sculpture and Decorative Arts,Vase,Vase,vase
478811,Medieval Art,Jug,Jug,jug
206319,European Sculpture and Decorative Arts,Wine jar,Wine jar (Orcio da vino),jar
47656,Asian Art,Vase,Vase,vase
199343,European Sculpture and Decorative Arts,Pomade jar,Pomade jar,jar
46720,Asian Art,Vase,Vase,vase
308519,The Michael C. Rockefeller Wing,Bottle,Stirrup Spout Bottle in Cactus Form,bottle
51064,Asian Art,Bottle,Bottle,bottle
48565,Asian Art,Jar,Jar,jar
44421,Asian Art,Jar,Pear-Shaped Jar (Hu),jar
197219,European Sculpture and Decorative Arts,Albarello,Storage Jar (Albarello),jar
47616,Asian Art,Bottle,Covered Bottle,bottle
48712,Asian Art,Vase,Wine container (hu),vase
42511,Asian Art,Jar,Jar with Scrolling Vine and Gourds,jar
460270,Robert Lehman Collection,Albarello,Apothecary jar (albarello),jar
46631,Asian Art,Vase,Vase,vase
204368,European Sculpture and Decorative Arts,Pitcher,Pitcher,pitcher
309517,The Michael C. Rockefeller Wing,Bottle,Stirrup Spout Bottle,bottle
475755,Medieval Art,Jug,Jug,jug
62701,Asian Art,Bottle,Bottle with Splashed Design,bottle
48306,Asian Art,Vase,Bottle vase,vase
308425,The Michael C. Rockefeller Wing,Bottle,"Bottle, Face",bottle
52047,Asian Art,Vase,Vase,vase
41076,Asian Art,Snuff bottle,Snuff Bottle,bottle
47435,Asian Art,Vase,Vase,vase
449430,Islamic Art,Jar,Jar,jar
62717,Asian Art,Tea jar,Tea Jar,jar
468397,Medieval Art,Jug,Jug,jug
309499,The Michael C. Rockefeller Wing,Bottle,"Bottle, Seated Figure",bottle
308618,The Michael C. Rockefeller Wing,Bottle,Double Spout and Bridge Bottle with Falcoln,bottle
190797,European Sculpture and Decorative Arts,Jug,Jug,jug
308511,The Michael C. Rockefeller Wing,Bottle,"Bottle, Boat",bottle
42391,Asian Art,Vase,Vase decorated with bird on flowering plum,vase
198497,European Sculpture and Decorative Arts,Jug,Jug,jug
48175,Asian Art,Covered ewer,Covered ewer with figures in a garden,pitcher
42237,Asian Art,Vase,Vase,vase
192844,European Sculpture and Decorative Arts,Vase with cover,Vase with cover,vase
45837,Asian Art,Jar,Jar,jar
62563,Asian Art,Bottle,Sake Bottle (Tokkuri) in the Shape of an Eggplant,bottle
47691,Asian Art,Bottle,Bottle,bottle
187863,European Sculpture and Decorative Arts,Bottle,Bottle (Refredador),bottle
46654,Asian Art,Vase,Vase,vase
195208,European Sculpture and Decorative Arts,Bottle cooler,Bottle cooler (seau à bouteille),bottle
62558,Asian Art,Tea jar,Tea Jar,jar
309445,The Michael C. Rockefeller Wing,Bottle,Bottle,bottle
40084,Asian Art,Vase,Vase with Buddhist figures,vase
194624,European Sculpture and Decorative Arts,Pitcher with cover,Pitcher with cover,pitcher
448260,Islamic Art,Ewer,Ewer,pitcher
308447,The Michael C. Rockefeller Wing,Bottle,"Double Spout and Bridge Bottle with ""S"" Designs",bottle
52812,Asian Art,Beaker,"Vase with landscape, flowers, and gardens",beaker
310208,The Michael C. Rockefeller Wing,Bottle,"Bottle, Feline Face",bottle
309386,The Michael C. Rockefeller Wing,Bottle,Double-chambered bottle with effigy figures,bottle
309352,The Michael C. Rockefeller Wing,Bottle,Stirrup Spout Bottle with Couple,bottle
37477,Asian Art,Covered jar,Covered Jar,jar
62871,Asian Art,Wine bottle,Wine Bottle,bottle
774589,European Sculpture and Decorative Arts,Vase,Ornamental agate creamware vase,vase
188974,European Sculpture and Decorative Arts,Vase,Vase,vase
73635,Asian Art,Ewer,Ewer with writhing dragon,pitcher
195775,European Sculpture and Decorative Arts,Ewer,Ewer,pitcher
197532,European Sculpture and Decorative Arts,Cream jug,Cream jug,jug
52224,Asian Art,Bottle,Bottle with Character Design,bottle
48769,Asian Art,Vase,Vase with birds and flowers,vase
39589,Asian Art,Ewer,Gourd-shaped ewer decorated with waterfowl and reeds,pitcher
47453,Asian Art,Bottle,Bottle,bottle
309137,The Michael C. Rockefeller Wing,Bottle,Stirrup-Spout Bottle: Two Figures,bottle
48594,Asian Art,Vase,Vase,vase
46639,Asian Art,Vase,Vase with butterflies and flowers,vase
46782,Asian Art,Vase,Vase with birds and flowers,vase
770952,European Sculpture and Decorative Arts,Moon flask,Moon flask with pink flower motif,flask
48592,Asian Art,Vase,Vase,vase
52018,Asian Art,Vase,Vase,vase
50354,Asian Art,Wine ewer,Wine Ewer with Lotuses,pitcher
44749,Asian Art,Vase,Vase,vase
771026,European Sculpture and Decorative Arts,Moon flask,Moon flask with orchids,flask
204351,European Sculpture and Decorative Arts,Pitcher,Pitcher,pitcher
475725,Medieval Art,Vase,Jar,jar
63070,Asian Art,Tea jar,Tea jar,jar
50027,Asian Art,Vase,Vase,vase
195273,European Sculpture and Decorative Arts,Ewer,Ewer,pitcher
316882,The Michael C. Rockefeller Wing,Vessel,Miniature Tripod Vase,vase
46760,Asian Art,Covered jar,Covered jar with landscape,jar
310214,The Michael C. Rockefeller Wing,Bottle,Bottle,bottle
48610,Asian Art,Vase,Square vase with birds and flowers,vase
62724,Asian Art,Bottle,Bottle,bottle
51012,Asian Art,Vase,Vase,vase
57515,Asian Art,Vase,Vase,vase
203192,European Sculpture and Decorative Arts,Bottle,Bottle,bottle
48644,Asian Art,Vase,Vase,vase
308525,The Michael C. Rockefeller Wing,Bottle,Stirrup Spout Bottle with Owl,bottle
48745,Asian Art,Vase,Vase with narrative scene,vase
47603,Asian Art,Vase,Small Vase,vase
46942,Asian Art,Vase,Vase,vase
52305,Asian Art,Wine bottle,Wine bottle,bottle
475749,Medieval Art,Jar,Jar,jar
444876,Islamic Art,Ewer,"Blue-ground Ewer with Floral, Tiger-stripe and 'Cintamani' Designs",pitcher
448181,Islamic Art,Ewer,Ewer,pitcher
444480,Islamic Art,Jar,Jar,jar
203298,European Sculpture and Decorative Arts,Cream jug,Cream jug,jug
460149,Robert Lehman Collection,Ewer,Armorial ewer (brocca),pitcher
63082,Asian Art,Tea jar,Tea jar,jar
49920,Asian Art,Vase,Vase with Peony Scrolls,vase
53825,Asian Art,Vase,Vase with landscape scenes and poem,vase
48051,Asian Art,Vase,Vase with clouds,vase
48333,Asian Art,Vase,Miniature meiping vase,vase
309373,The Michael C. Rockefeller Wing,Bottle,Stirrup Spout Bottle with Seated Figure,bottle
890331,European Sculpture and Decorative Arts,Gourd-shaped bottle,Gourd-shaped bottle,bottle
47620,Asian Art,Vase,Vase with landscape,vase
449058,Islamic Art,Ewer,Ewer,pitcher
313363,The Michael C. Rockefeller Wing,Vessel,Jar with Four Faces,jar
771045,European Sculpture and Decorative Arts,Moon flask,"Yellow moon flask with ""cloisonné"" decoration",flask
314696,The Michael C. Rockefeller Wing,Bottle,Stirrup Spout Bottle with Reclining Figure,bottle
62527,Asian Art,Bottle,Bottle,bottle
449636,Islamic Art,Jar,Jar,jar
203266,European Sculpture and Decorative Arts,Jar with cover,Jar with cover,jar
50655,Asian Art,Jar,Jar,jar
47385,Asian Art,Vase,Vase,vase
194595,European Sculpture and Decorative Arts,Jug,Jug,jug
50971,Asian Art,Jar,Jar,jar
48620,Asian Art,Vase,Vase with elephant head handles and floral decoration,vase
194906,European Sculpture and Decorative Arts,Milk pot with cover,Milk pot with cover,pot
63065,Asian Art,Ewer,Ewer in the Shape of a Bucket,pitcher
309337,The Michael C. Rockefeller Wing,Bottle,Whistling Stirrup Spout Bottle with Figure,bottle
451200,Islamic Art,Bottle,Bottle,bottle
307622,The Michael C. Rockefeller Wing,Bottle,Double Spout and Bridge Bottle,bottle
187733,European Sculpture and Decorative Arts,Vase,Vase,vase
308476,The Michael C. Rockefeller Wing,Jar,Foot Jar,jar
47759,Asian Art,Jar,Jar,jar
51056,Asian Art,Vase,Miniature Vase,vase
451029,Islamic Art,Jar,Jar Depicting Three Spirited Peacocks,jar
42305,Asian Art,Vase,Maebyeong decorated with lotus,vase
208486,European Sculpture and Decorative Arts,Potpourri vase,Potpourri vase,vase
42506,Asian Art,Vase,Vase,vase
308541,The Michael C. Rockefeller Wing,Bottle,Stirrup Spout Bottle with Coca Chewer,bottle
50907,Asian Art,Jar with cover,Jar with Cover,jar
307472,The Michael C. Rockefeller Wing,Bottle,Bottle with portrait head,bottle
53767,Asian Art,Vase,Meiping vase,vase
205979,European Sculpture and Decorative Arts,Milk pot with cover,Small milk pot with cover,pot
62556,Asian Art,Tea jar,Tea Jar,jar
42377,Asian Art,Jar,Jar,jar
47256,Asian Art,Bottle,Bottle,bottle
45891,Asian Art,Vase,Vase with birds and flowers,vase
63140,Asian Art,Tea jar,Tea jar,jar
198939,European Sculpture and Decorative Arts,Storage or pharmacy jar,Storage or pharmacy jar,jar
42221,Asian Art,Vase,Vase with flowers and birds of the four seasons,vase
196567,European Sculpture and Decorative Arts,Wine bottle,Wine bottle,bottle
44741,Asian Art,Jar,Jar,jar
52939,Asian Art,Vase,Vase,vase
871864,European Sculpture and Decorative Arts,Vase,Vase with leaves and seed pods,vase
57370,Asian Art,Jar,Jar,jar
63550,Asian Art,Bottle,Bottle,bottle
52972,Asian Art,Vase,Vase,vase
47401,Asian Art,Vase,Meiping vase with floral scrolls,vase
52804,Asian Art,Bottle,Wine Bottle with Landscape Scenes,bottle
450944,Islamic Art,Ewer,Ewer,pitcher
892635,Asian Art,Jar,Jar decorated with dragons,jar
46840,Asian Art,Vase,Vase,vase
201732,European Sculpture and Decorative Arts,Vase,Vase (cuvette à fleurs Courteille),vase
42393,Asian Art,Jar,Jar,jar
206328,European Sculpture and Decorative Arts,Water bottle or flask,Water bottle or flask,bottle
309469,The Michael C. Rockefeller Wing,Jar,Storage jar,jar
50841,Asian Art,Vase,Vase,vase
465873,Medieval Art,Jar,Jar,jar
52065,Asian Art,Vase,Miniature vase,vase
465876,Medieval Art,Jar,Jar,jar
466579,Medieval Art,Vase,Vase,vase
62754,Asian Art,Tea jar,Tea Jar,jar
194232,European Sculpture and Decorative Arts,Scent bottle,Scent bottle,bottle
48272,Asian Art,Jar with cover,Jar with Cover,jar
44756,Asian Art,Jar,Leys Jar,jar
46634,Asian Art,Vase,Vase,vase
308629,The Michael C. Rockefeller Wing,Bottle,Double Spout and Bridge Bottle with Bird,bottle
44454,Asian Art,Covered jar,Covered Jar,jar
309497,The Michael C. Rockefeller Wing,Bottle,Stirrup Spout Bottle with Figure,bottle
317793,The Michael C. Rockefeller Wing,Bottle,Bottle in the shape of a feline,bottle
52470,Asian Art,Water jar,"Water Jar with Dragon, Mount Fuji, Kirin, Cockerels, and Auspicious Motifs",jar
316886,The Michael C. Rockefeller Wing,Bottle,Double Spout Bottle,bottle
42474,Asian Art,Vase,Vase with Peony Scroll,vase
48579,Asian Art,Covered jar,Covered Jar,jar
52739,Asian Art,Jar,Jar,jar
47186,Asian Art,Bottle,Bottle,bottle
460143,Robert Lehman Collection,Albarello,Apothecary jar (albarello),jar
309713,The Michael C. Rockefeller Wing,Vessel with lid,Yoke-form vessel,vessel
460168,Robert Lehman Collection,Vase,Vase (vaso),vase
46797,Asian Art,Vase,Vase,vase
314678,The Michael C. Rockefeller Wing,Bottle,Seated Figure Bottle,bottle
52765,Asian Art,Jar,Jar with Mythical Qilin amidst Tree Peonies,jar
47072,Asian Art,Jar,Jar,jar
202473,European Sculpture and Decorative Arts,Vase with cover,Vase with cover,vase
46586,Asian Art,Jar,Jar with floral scrolls,jar
314626,The Michael C. Rockefeller Wing,Bottle,Single Spout Bottle,bottle
446844,Islamic Art,Jar,Jar,jar
206392,European Sculpture and Decorative Arts,Vase,Vase,vase
63539,Asian Art,Jar with lid,Four-Legged Jar with Lid,jar
47558,Asian Art,Bottle,Bottle,bottle
47440,Asian Art,Vase,Vase,vase
771050,European Sculpture and Decorative Arts,Miniature vase,Miniature vase in form of a cactus flower,vase
208421,European Sculpture and Decorative Arts,Vase,Vase,vase
52682,Asian Art,Vase,Vase,vase
308523,The Michael C. Rockefeller Wing,Bottle,Stirrup-spout bottle with feline,bottle
50186,Asian Art,Water jar,Freshwater Jar (Mizusashi) with Pines,jar
48244,Asian Art,Vase,Vase,vase
312603,The Michael C. Rockefeller Wing,Jar,Jar,jar
308359,The Michael C. Rockefeller Wing,Bottle,Double-Spout Bottle: Felines,bottle
62713,Asian Art,Water jar,Water Jar,jar
53765,Asian Art,Jar,Jar with scholars,jar
48654,Asian Art,Vase,Vase,vase
190648,European Sculpture and Decorative Arts,Jug,Jug,jug
47218,Asian Art,Vase,Hanging Vase,vase
309512,The Michael C. Rockefeller Wing,Bottle,Bottle: Owl,bottle
316720,The Michael C. Rockefeller Wing,Bottle,Stirrup Spout Bottle: Frog,bottle
308513,The Michael C. Rockefeller Wing,Bottle,Stirrup Spout Bottle with Pumas,bottle
310602,The Michael C. Rockefeller Wing,Vessel,Face Jar,jar
46939,Asian Art,Vase,Vase,vase
63131,Asian Art,Tea jar,Tea jar,jar
448986,Islamic Art,Ewer,Ewer,pitcher
49266,Asian Art,Jar,Jar,jar
47787,Asian Art,Jar,Jar,jar
62602,Asian Art,Tea jar,Tea Jar,jar
52398,Asian Art,Bottle with cover,Bottle with Cover,bottle
194439,European Sculpture and Decorative Arts,Ewer,Ewer (Schnabelkanne),pitcher
47119,Asian Art,Jar and cover,Jar and cover,jar
47687,Asian Art,Vase,Vase,vase
46568,Asian Art,Vase,Minature vase,vase
51133,Asian Art,Vase,Vase decorated with bats and peaches amid scrolling floral vines,vase
308534,The Michael C. Rockefeller Wing,Jar,Warrior Head Jar,jar
47308,Asian Art,Bottle,Bottle,bottle
42406,Asian Art,Ewer,Covered Ewer,pitcher
308463,The Michael C. Rockefeller Wing,Bottle,Gourd-shaped bottle,bottle
198669,European Sculpture and Decorative Arts,Vase,Vase,vase
48590,Asian Art,Vase,"Vase with dragon, phoenixes, and butterflies",vase
72312,Asian Art,Bottle,"Bottle Decorated with ""Three Friends"" Pine, Bamboo and Plum",bottle
52024,Asian Art,Vase,Vase with peony and magnolia,vase
47320,Asian Art,Vase,Vase with openwork pattern of flowers,vase
200879,European Sculpture and Decorative Arts,Vase with cover,Vase with cover,vase
52712,Asian Art,Wine vessel,Wine Vessel with Daoist Immortals,vessel
194390,European Sculpture and Decorative Arts,Water jug,Water jug,jug
651289,The Cloisters,Jug,Green Glazed Jug,jug
476296,Medieval Art,Jug,Jug,jug
46762,Asian Art,Jar,Jar with floral medallions,jar
191213,European Sculpture and Decorative Arts,Vase,Vase,vase
47117,Asian Art,Jar with cover,Jar with Cover,jar
47299,Asian Art,Jar,Jar,jar
52039,Asian Art,Vase,Vase with Village Scene,vase
308417,The Michael C. Rockefeller Wing,Bottle,Stirrup spout bottle with figure with llama headdress,bottle
447286,Islamic Art,Ewer,Ewer,pitcher
63941,Asian Art,Flower vase,Flower vase,vase
47686,Asian Art,Vase,Vase,vase
51044,Asian Art,Covered jar,Covered Jar,jar
449068,Islamic Art,Jar,Jar,jar
49305,Asian Art,Vase,Vase,vase
449652,Islamic Art,Jar,Jar,jar
47785,Asian Art,Vase,Vase,vase
449419,Islamic Art,Jar,Jar,jar
309132,The Michael C. Rockefeller Wing,Bottle,Double Spout and Bridge Bottle with Face,bottle
316711,The Michael C. Rockefeller Wing,Vessel,Vessel with Seated Lord,vessel
48713,Asian Art,Vase,Vase with floral scrolls,vase
308538,The Michael C. Rockefeller Wing,Bottle,Stirrup Spout Bottle with Kneeling Warrior,bottle
310704,The Michael C. Rockefeller Wing,Bottle,Bridge and Spout Vessel with Duck Head,bottle
308424,The Michael C. Rockefeller Wing,Bottle,Bottle,bottle
314628,The Michael C. Rockefeller Wing,Bottle,Bottle,bottle
194637,European Sculpture and Decorative Arts,Jug,Jug,jug
668677,The Cloisters,Jug,Barrel-Shaped Jug with a Fox and a Rooster,jug
40960,Asian Art,Vase,Wall Vase,vase
50329,Asian Art,Wine bottle,Sake Bottle (Tokkuri) with Chinese Character Meaning “Treasure”,bottle
62588,Asian Art,Tea jar,Tea Jar,jar
207777,European Sculpture and Decorative Arts,Pitcher,Pitcher,pitcher
465878,Medieval Art,Jug,Jug,jug
52679,Asian Art,Vase,Vase,vase
309484,The Michael C. Rockefeller Wing,Bottle,Stirrup Spout Bottle with Deer,bottle
479662,The Cloisters,Jug,Face Jug,jug
471755,The Cloisters,Pharmacy jar,Pharmacy Jar,jar
49204,Asian Art,Ewer,Ewer with phoenix,pitcher
40095,Asian Art,Jar,Jar,jar
46673,Asian Art,Bottle vase,Bottle vase,vase
188541,European Sculpture and Decorative Arts,Albarello,Albarello,jar
194488,European Sculpture and Decorative Arts,Hot milk jug,Hot milk jug,jug
191206,European Sculpture and Decorative Arts,Vase with cover,Vase with cover,vase
308713,The Michael C. Rockefeller Wing,Bottle,Double Spout and Bridge Bottle with Bird,bottle
51183,Asian Art,Vase,Quadruple Vase,vase
48746,Asian Art,Vase,Vase,vase
307865,The Michael C. Rockefeller Wing,Bottle,Bridge and Spout Bottle with Bird Head,bottle
76452,Asian Art,Vase,Vase with Scene from The Story of the Blue Robe,vase
51015,Asian Art,Vase,Vase,vase
771081,European Sculpture and Decorative Arts,Vase,Vase with crane motifs and ring handles,vase
446840,Islamic Art,Jar,Jar,jar
47591,Asian Art,Bottle,Bottle,bottle
198972,European Sculpture and Decorative Arts,Pharmacy jar with cover,Lidded pharmacy jar with the personification of Fortuna,jar
461210,Robert Lehman Collection,Vase,"Quatrefoil vase, Jun ware",vase
308642,The Michael C. Rockefeller Wing,Bottle,Double Spout and Bridge Bottle with Bird,bottle
52034,Asian Art,Covered jar,Covered Jar,jar
667259,Asian Art,Sake bottle,Sake bottle,bottle
47873,Asian Art,Bottle,Bottle,bottle
45894,Asian Art,Vase,Vase,vase
47792,Asian Art,Vase,Vase with figures in a garden,vase
205936,European Sculpture and Decorative Arts,Vase,Vase,vase
204372,European Sculpture and Decorative Arts,Pitcher,Pitcher,pitcher
49318,Asian Art,Ewer,Ewer with Strap Handle and Floral Decoration,pitcher
47404,Asian Art,Covered jar,Covered Jar,jar
46739,Asian Art,Jar,Jar with butterflies,jar
44743,Asian Art,Vase,Vase with horses in waves,vase
42205,Asian Art,Vase,Vase with Basket of Auspicious Flowers,vase
204513,European Sculpture and Decorative Arts,Vase,Vase with love motifs,vase
447789,Islamic Art,Jar,Jar,jar
52569,Asian Art,Vase,Vase,vase
475750,Medieval Art,Jar,Jar,jar
47615,Asian Art,Wine bottle,Wine Bottle,bottle
199533,European Sculpture and Decorative Arts,Book flask,Book flask,flask
308714,The Michael C. Rockefeller Wing,Bottle,Double Spout and Bridge Bottle with Bird,bottle
449560,Islamic Art,Jar,Jar,jar
314690,The Michael C. Rockefeller Wing,Bottle,Stirrup Spout Bottle; Kneeling Figure,bottle
46796,Asian Art,Vase,Vase,vase
448432,Islamic Art,Bottle,Bottle,bottle
48251,Asian Art,Vase,Vase,vase
194239,European Sculpture and Decorative Arts,Scent bottle,Scent bottle,bottle
47216,Asian Art,Vase,Vase for a Pillar,vase
47890,Asian Art,Vase,Vase,vase
187829,European Sculpture and Decorative Arts,Vase,Vase,vase
194287,European Sculpture and Decorative Arts,Jug,Jug (chevrette),jug
42438,Asian Art,Urn,Funerary jar,jar
62867,Asian Art,Vase,Vase,vase
47803,Asian Art,Jar,Jar,jar
50839,Asian Art,Vase,Vase with scenes and poems from Farming and Weaving,vase
453457,Islamic Art,Ewer,Ewer with Floral Design,pitcher
46746,Asian Art,Jar,Jar,jar
52945,Asian Art,Bottle,Sake Bottle (Tokkuri) with Bird on a Rock under Willow Tree,bottle
308526,The Michael C. Rockefeller Wing,Bottle,Stirrup Spout Bottle with Bird and Snake,bottle
62571,Asian Art,Bottle,Bottle,bottle
46223,Asian Art,Jar,Jar with geometric pattern,jar
46564,Asian Art,Vase,Vase,vase
204382,European Sculpture and Decorative Arts,Jug,Jug,jug
46559,Asian Art,Vase,Vase,vase
48343,Asian Art,Vase,Double gourd vase,vase
62772,Asian Art,Tea jar,Tea Jar,jar
194639,European Sculpture and Decorative Arts,Jug,Jug,jug
309376,The Michael C. Rockefeller Wing,Bottle,Stirrup Spout Bottle with Figure,bottle
194392,European Sculpture and Decorative Arts,Vase with cover,Vase with cover,vase
748327,Asian Art,Wall vase,Wall vase in the form of a peacock,vase
460272,Robert Lehman Collection,Albarello,Apothecary jar (albarello),jar
49295,Asian Art,Apothecary bottle,Apothecary bottle,bottle
476258,Medieval Art,Amphora,Amphora,amphora
63126,Asian Art,Tea jar,Tea jar,jar
449905,Islamic Art,Ewer,Ewer,pitcher
204671,European Sculpture and Decorative Arts,Vase,Vase,vase
51003,Asian Art,Bottle,Bottle,bottle
478438,Medieval Art,Jug,Jug,jug
52971,Asian Art,Bottle,Bottle,bottle
449771,Islamic Art,Ewer,Ewer,pitcher
452036,Islamic Art,Ewer,Ewer,pitcher
57489,Asian Art,Vase,Vase,vase
46991,Asian Art,Square bottle,Square Bottle,bottle
476282,Medieval Art,Jug,Jug,jug
39513,Asian Art,Urn,Covered urn with geometric decoration,jar
197580,European Sculpture and Decorative Arts,Wall vase,Wall vase,vase
47619,Asian Art,Vase,Vase,vase
444496,Islamic Art,Bottle,Pear-Shaped Bottle with a Bullock Design,bottle
450930,Islamic Art,Jar,Jar,jar
460132,Robert Lehman Collection,Albarello,Apothecary Jar (albarello),jar
701291,Asian Art,Vase,Square-form vase with decoration of Su Shi’s first and second “Rhapsody on Red Cliff”,vase
315677,The Michael C. Rockefeller Wing,Bottle,Single Spout Bottle with Fanged Face,bottle
50355,Asian Art,Wine ewer with lid,Wine Ewer with Lid,pitcher
42228,Asian Art,Vase,Vase in Meiping Shape,vase
47622,Asian Art,Vase,"Meiping vase  with peach, pomegranade, and fingered citron",vase
309338,The Michael C. Rockefeller Wing,Bottle,Whistling Stirrup Spout Bottle with Figure,bottle
330104,Medieval Art,Pharmacy Jar,Pharmacy Jar,jar
478436,Medieval Art,Jug,Jug,jug
670806,European Sculpture and Decorative Arts,Vase,Bottle vase,vase
444503,Islamic Art,Ewer,Ewer,pitcher
49909,Asian Art,Ewer,Ewer with loop handles,pitcher
310215,The Michael C. Rockefeller Wing,Bottle,Bottle,bottle
444481,Islamic Art,Ewer,Ewer,pitcher
451619,Islamic Art,Vase,Vase,vase
460280,Robert Lehman Collection,Apothecary jug,Maiolica: Apothecary jug (brocca),jug
197224,European Sculpture and Decorative Arts,Albarello,Albarello,jar
53773,Asian Art,Jar,Jar,jar
476300,Medieval Art,Jar,Jar,jar
460147,Robert Lehman Collection,Albarello,Apothecary jar (albarello),jar
208040,European Sculpture and Decorative Arts,Vase,Vase,vase
444517,Islamic Art,Bottle,Bottle,bottle
45883,Asian Art,Vase,Vase with birds and flowers,vase
193064,European Sculpture and Decorative Arts,Jug,Jug,jug
62681,Asian Art,Jar,Jar,jar
48765,Asian Art,Vase,Vase,vase
42272,Asian Art,Vase,Vase with flowers,vase
210783,European Sculpture and Decorative Arts,Milk jug,Milk jug,jug
670992,Asian Art,Jar,Widemouthed Oil Jar (Kame) with Wave Pattern,jar
42208,Asian Art,Vase,Vase,vase
46968,Asian Art,Square flask,Square Flask,flask
49270,Asian Art,Storage jar,Storage jar,jar
476251,Medieval Art,Amphora,Amphora,amphora
449906,Islamic Art,Ewer,Ewer,pitcher
50305,Asian Art,Jar,Jar,jar
46665,Asian Art,Vase,Vase,vase
52916,Asian Art,Vase,Vase,vase
451873,Islamic Art,Vase,Vase,vase
475416,Medieval Art,Ampulla (Flask) of Saint Menas,Ampulla (Flask) of Saint Menas,flask
51020,Asian Art,Vase,Vase with Elephant Heads and Cloud Designs,vase
187701,European Sculpture and Decorative Arts,Ewer,Ewer,pitcher
50837,Asian Art,Vase,Vase with figural scenes,vase
853981,Asian Art,Ewer,Ewer with makara spout with lotus-form cover,pitcher
450943,Islamic Art,Jar,Jar,jar
476266,Medieval Art,Amphora,Amphora,amphora
308380,The Michael C. Rockefeller Wing,Jar,Collared jar with birds,jar
46547,Asian Art,Vase,Vase,vase
48551,Asian Art,Vase,Vase,vase
460665,Robert Lehman Collection,Ewer,Small ewer,pitcher
42257,Asian Art,Vase,Vase with Animals and Mythical Creatures,vase
448447,Islamic Art,Ewer,Ewer,pitcher
49352,Asian Art,Vase,"Vase decorated with flowers, birds, and poems",vase
196360,European Sculpture and Decorative Arts,Vase with stopper,Vase with stopper,vase
63526,Asian Art,Sake bottle,Sake bottle,bottle
190474,European Sculpture and Decorative Arts,Vase,Vase,vase
192830,European Sculpture and Decorative Arts,Vase,Vase,vase
50694,Asian Art,Vase,Meiping (Plum) Vase with Bamboo and Rocks,vase
47215,Asian Art,Bottle,Bottle,bottle
460277,Robert Lehman Collection,Albarello,Apothecary jar (albarello),jar
771034,European Sculpture and Decorative Arts,Lidded jar,"""Alhambra"" vase with lid",jar
48844,Asian Art,Bottle,Bottle with an entwined dragon,bottle
36454,Asian Art,Jar,Jar with Floral Design,jar
47647,Asian Art,Vase,Vase with floral scrolls,vase
463554,Medieval Art,Jug,Jug with Figure in Profile,jug
42358,Asian Art,Vase,Vase,vase
188645,European Sculpture and Decorative Arts,Milk or hot water jug,Milk or hot water jug (?),jug
47527,Asian Art,Vase,Vase,vase
199320,European Sculpture and Decorative Arts,Jug,Jug,jug
47327,Asian Art,Vase,Vase,vase
48643,Asian Art,Vase,Vase,vase
51130,Asian Art,Vase,Vase,vase
52040,Asian Art,Vase,Vase,vase
50742,Asian Art,Vase,Square vase,vase
188765,European Sculpture and Decorative Arts,Vase,Vase,vase
448696,Islamic Art,Pilgrim flask,Pilgrim Flask,flask
208397,European Sculpture and Decorative Arts,Vase,Vase,vase
47923,Asian Art,Flower vase,Flower Vase,vase
446936,Islamic Art,Jar,Jar,jar
46687,Asian Art,Vase,Vase,vase
48669,Asian Art,Vase,Vase,vase
460184,Robert Lehman Collection,Apothecary bottle,Apothecary bottle (fiasca da farmacia),bottle
62555,Asian Art,Tea jar,Tea Jar,jar
187828,European Sculpture and Decorative Arts,Vase,Vase,vase
42421,Asian Art,Jar,Water Jar,jar
50783,Asian Art,Vase,Vase,vase
48767,Asian Art,Vase,Vase with Birthday Reception for General Guo Ziyi,vase
57425,Asian Art,Bottle,Bottle,bottle
188976,European Sculpture and Decorative Arts,Cream jug,Cream jug,jug
309399,The Michael C. Rockefeller Wing,Jar,Miniature Jar,jar
48726,Asian Art,Jar with cover,Jar with Cover,jar
63020,Asian Art,Wine bottle,Wine bottle,bottle
445301,Islamic Art,Jar,Jar,jar
848444,European Sculpture and Decorative Arts,Jug,Jug with baptism of Christ,jug
62916,Asian Art,Vase,Vase in form of a Funamushi,vase
52732,Asian Art,Jar,Jar,jar
194588,European Sculpture and Decorative Arts,Bottle,Bottle,bottle
39590,Asian Art,Vase,Maebyeong (plum bottle) decorated with cranes and clouds,bottle
444451,Islamic Art,Vase,Vase,vase
46915,Asian Art,Vase,Vase,vase
461224,Robert Lehman Collection,Vase,Vase,vase
310521,The Michael C. Rockefeller Wing,Bottle,Sea Lion Hunt Bottle,bottle
309482,The Michael C. Rockefeller Wing,Bottle,Llama Bottle,bottle
204377,European Sculpture and Decorative Arts,Pitcher,Pitcher,pitcher
52066,Asian Art,Bottle,Bottle,bottle
42247,Asian Art,Jar,Water Jar with Swirling Clouds,jar
57522,Asian Art,Jar,Jar with small loop handles,jar
208181,European Sculpture and Decorative Arts,Vase,Vase,vase
50885,Asian Art,Ewer,Ewer,pitcher
310359,The Michael C. Rockefeller Wing,Jar,Bird Jar,jar
62692,Asian Art,Tea jar,Tea Jar,jar
47680,Asian Art,Bottle,Large Bottle,bottle
856856,Asian Art,Vessel,Ceremonial vessel with animal heads,vessel
42498,Asian Art,Ewer,Monk’s cap ewer,pitcher
46624,Asian Art,Vase,Vase with ladies and boys,vase
460173,Robert Lehman Collection,Vase,Vase (vaso),vase
314699,The Michael C. Rockefeller Wing,Bottle,Figure Bottle,bottle
48648,Asian Art,Vase,Vase decorated with auspicious animals,vase
871715,European Sculpture and Decorative Arts,Vase,Vase with iris,vase
444518,Islamic Art,Jar,Jar,jar
62769,Asian Art,Tea jar,Tea Jar,jar
47409,Asian Art,Vase,Flask vase,vase
208245,European Sculpture and Decorative Arts,Ewer,Ewer,pitcher
194234,European Sculpture and Decorative Arts,Scent bottle,Scent bottle,bottle
449089,Islamic Art,Jar,Jar,jar
208121,European Sculpture and Decorative Arts,Pomade pot with cover,Pomade pot with cover,pot
454766,Islamic Art,Bottle,Bottle,bottle
50748,Asian Art,Vase,Vase with flowers,vase
475758,Medieval Art,Jar,Jar,jar
188633,European Sculpture and Decorative Arts,Milk pot,Milk pot,pot
447177,Islamic Art,Ewer,Ewer,pitcher
476280,Medieval Art,Vase,Vase,vase
47853,Asian Art,Flower vase,Flower Vase,vase
308710,The Michael C. Rockefeller Wing,Bottle,Double Spout and Bridge Bottle with Bird,bottle
44419,Asian Art,Jar,Jar in Shape of Archaic Bronze Vessel (Hu),jar
192810,European Sculpture and Decorative Arts,Vase with cover,Vase with cover,vase
823194,European Sculpture and Decorative Arts,Vase,"Vase with ""Old Bogey"" pattern",vase
50737,Asian Art,Vase,Minature meiping vase,vase
62597,Asian Art,Tea jar,Tea Jar,jar
314697,The Michael C. Rockefeller Wing,Bottle,Stirrup Spout Bottle with Deer,bottle
195307,European Sculpture and Decorative Arts,Jug,Jug,jug
51161,Asian Art,Vase,Vase,vase
48781,Asian Art,Vase,Vase with floral scrolls,vase
460265,Robert Lehman Collection,Albarello,Apothecary jar (albarello),jar
658718,European Sculpture and Decorative Arts,Vase,Tall vase,vase
57366,Asian Art,Vase,Vase,vase
309521,The Michael C. Rockefeller Wing,Bottle,Stirrup-Spout Bottle,bottle
475751,Medieval Art,Jar,Jar,jar
50881,Asian Art,Vase,Vase,vase
48677,Asian Art,Vase,Vase with lion-head handles,vase
46676,Asian Art,Vase,Vase with landscape,vase
307869,The Michael C. Rockefeller Wing,Bottle,Stirrup Spout Bottle with Owl Head,bottle
63083,Asian Art,Tea jar,Tea jar,jar
205330,European Sculpture and Decorative Arts,Scent bottle,Scent bottle,bottle
449874,Islamic Art,Ewer,Ewer,pitcher
46863,Asian Art,Vase,Vase with the Eight Trigrams,vase
47947,Asian Art,Vase,Vase,vase
450459,Islamic Art,Ewer,Ewer,pitcher
48052,Asian Art,Covered jar,Tea leaf jar with ladies at leisure,jar
199670,European Sculpture and Decorative Arts,Jar,Jar,jar
460186,Robert Lehman Collection,Apothecary vase,Apothecary vase (vaso da farmacia),vase
48337,Asian Art,Vase,Vase with flowers and poem,vase
50743,Asian Art,Vase,Square vase,vase
312891,The Michael C. Rockefeller Wing,Bottle,Bottle with Two Heads,bottle
195272,European Sculpture and Decorative Arts,Rosewater jug,Rosewater jug,jug
46748,Asian Art,Vase,Vase,vase
460179,Robert Lehman Collection,Apothecary jar,Apothecary jar (orciuolo),jar
42241,Asian Art,Vase,Vase in Shape of Double Gourd,vase
44739,Asian Art,Jar,Covered Jar in the Shape of a Star Fruit,jar
50714,Asian Art,Vase,Vase in the shape of an ancient ritual beaker (gu),vase
42440,Asian Art,Jar,Jar with Leaf Decoration,jar
308304,The Michael C. Rockefeller Wing,Bottle,Bottle,bottle
461193,Robert Lehman Collection,Vase,Tulip Vase,vase
309756,The Michael C. Rockefeller Wing,Bottle,Double Spout and Bridge Bottle with Birds,bottle
468158,Medieval Art,Pharmacy jar,Pharmacy Jar,jar
471749,The Cloisters,Pharmacy jar,Pharmacy Jar,jar
239358,European Sculpture and Decorative Arts,Vase,Vase with rooster,vase
46588,Asian Art,Jar with cover,Jar with Cover,jar
476253,Medieval Art,Vase,Vase,vase
308566,The Michael C. Rockefeller Wing,Bottle,Figure Bottle,bottle
48480,Asian Art,Vase,Vase,vase
46674,Asian Art,Vase,Meiping vase,vase
308619,The Michael C. Rockefeller Wing,Bottle,Double Spout and Bridge Bottle with Feline and Bird,bottle
314181,The Michael C. Rockefeller Wing,Urn,Ceramic Urn,jar
202178,European Sculpture and Decorative Arts,Vase,Vase with cover (vase à bâtons rompus),vase
48564,Asian Art,Bottle vase,Bottle vase,vase
191583,European Sculpture and Decorative Arts,Bottle jug,Bottle jug,bottle
460227,Robert Lehman Collection,Albarello,Apothecary jar (albarello),jar
62609,Asian Art,Bottle,Gourd-Shaped Bottle,bottle
194228,European Sculpture and Decorative Arts,Scent bottle,Scent bottle in the form of a monk,bottle
309510,The Michael C. Rockefeller Wing,Bottle,Stirrup Spout Bottle: Fruit,bottle
444490,Islamic Art,Vase,Vase,vase
208199,European Sculpture and Decorative Arts,Flower vase,Flower vase,vase
48462,Asian Art,Vase,Meiping vase with dragon,vase
444900,Islamic Art,Ewer,Ewer,pitcher
42366,Asian Art,Vase,Vase with Dragon,vase
308298,The Michael C. Rockefeller Wing,Bottle,"Bottle, Falcon",bottle
204415,European Sculpture and Decorative Arts,Jug,Jug,jug
477274,Medieval Art,Jug,Jug,jug
208337,European Sculpture and Decorative Arts,Pitcher,Pitcher,pitcher
51002,Asian Art,Bottle,Bottle,bottle
45863,Asian Art,Covered jar,Covered jar with phoenix,jar
310227,The Michael C. Rockefeller Wing,Bottle,Double-chambered bottle with monkeys,bottle
449079,Islamic Art,Jug,Jug,jug
47911,Asian Art,Vase,Vase with flowers,vase
42422,Asian Art,Jar,Water Jar,jar
47064,Asian Art,Wine bottle,Wine Bottle,bottle
46961,Asian Art,Vase,Vase,vase
42490,Asian Art,Vase,Vase,vase
47950,Asian Art,Wine bottle,Wine Bottle,bottle
42190,Asian Art,Vase,Vase in Meiping Shape with Phoenix,vase
309731,The Michael C. Rockefeller Wing,Bottle,Bridge and Spout Bottle in Bird Form,bottle
2646,European Sculpture and Decorative Arts,Cream jug,Cream jug,jug
197570,European Sculpture and Decorative Arts,Cream jug,Cream jug,jug
62573,Asian Art,Vase,Vase,vase
195742,European Sculpture and Decorative Arts,Vase,Vase,vase
47536,Asian Art,Vase,Vase,vase
51009,Asian Art,Vase,Vase decorated with blossoming plum,vase
46871,Asian Art,Vase,Vase,vase
48577,Asian Art,Vase,Vase with Incised Design and Salamander Handles in Kochi Style,vase
451740,Islamic Art,Bottle,Bottle,bottle
206142,European Sculpture and Decorative Arts,Scent bottle,Lady seated amongst a grapevine,bottle
52014,Asian Art,Mortuary urn,Mortuary Urn,jar
53964,Asian Art,Jar,Storage Jar,jar
63328,Asian Art,Covered jar,Circular Small Covered Jar with Millefleur Design,jar
51041,Asian Art,Bottle vase,Bottle vase,vase
448557,Islamic Art,Ewer,Ewer,pitcher
451620,Islamic Art,Ewer,Ewer,pitcher
308709,The Michael C. Rockefeller Wing,Bottle,Double Spout and Bridge Bottle with Bird,bottle
47921,Asian Art,Wine bottle,Wine Bottle,bottle
49208,Asian Art,Ewer,Ewer,pitcher
48740,Asian Art,Vase,Vase with women and boys in a garden,vase
771000,European Sculpture and Decorative Arts,Vase,Quadruple orb vase,vase
50844,Asian Art,Vase,Temple vase with dragons and clouds,vase
451881,Islamic Art,Ewer,Ewer,pitcher
450945,Islamic Art,Ewer,Ewer,pitcher
667252,Asian Art,Wine ewer,Wine ewer with stopper (Tokkuri),pitcher
49267,Asian Art,Jar,Jar for Sutra Burial (Sankinko),jar
771016,European Sculpture and Decorative Arts,Vase,Vase in the form of a beggar's purse,vase
314365,The Michael C. Rockefeller Wing,Jar,Vulture vessel,jar
50942,Asian Art,Vase,Vase,vase
49346,Asian Art,Vase,Vase,vase
48649,Asian Art,Jar,Jar with Flowers,jar
50749,Asian Art,Vase,Vase with flowers,vase
194233,European Sculpture and Decorative Arts,Scent bottle,Scent bottle,bottle
48339,Asian Art,Bottle vase,Minature bottle vase,vase
451364,Islamic Art,Vase,Vase,vase
57441,Asian Art,Vase,Vase,vase
62909,Asian Art,Jug,Jug,jug
475759,Medieval Art,Amphora,Amphora,amphora
48664,Asian Art,Bottle,Bottle,bottle
51066,Asian Art,Vase,Vase,vase
309741,The Michael C. Rockefeller Wing,Jar,"Jar, Whiskered Face",jar
52063,Asian Art,Vase,Vase with flower and rock,vase
42213,Asian Art,Vase,Vase,vase
308440,The Michael C. Rockefeller Wing,Bottle,Bridge and Double Spout Bottle with Guilloches,bottle
475760,Medieval Art,Vase,Vase,vase
204072,European Sculpture and Decorative Arts,Cream jug,Cream jug,jug
62710,Asian Art,Tea jar,Tea Jar,jar
198784,European Sculpture and Decorative Arts,Pitcher,Double-spouted pitcher with arms of the Antinori family,pitcher
308552,The Michael C. Rockefeller Wing,Bottle,Double Chambered Bottle,bottle
308403,The Michael C. Rockefeller Wing,Bottle,"Bottle, Crab Deity",bottle
194261,European Sculpture and Decorative Arts,Hot water jug,Hot water jug,jug
48489,Asian Art,Bottle,Bottle,bottle
314682,The Michael C. Rockefeller Wing,Bottle,Stirrup-spout bottle with squash,bottle
48310,Asian Art,Vase,Meiping vase,vase
47805,Asian Art,Vase,Vase,vase
205379,European Sculpture and Decorative Arts,Jug,Jug,jug
44740,Asian Art,Vase,Vase,vase
46935,Asian Art,Vase,Vase,vase
52022,Asian Art,Vase,Vase,vase
308415,The Michael C. Rockefeller Wing,Vessel,Architectural Vessel,vessel
46922,Asian Art,Vase,Vase with Women Enjoying Scholarly Pursuits,vase
318470,The Michael C. Rockefeller Wing,Jar,Bird Jar,jar
207990,European Sculpture and Decorative Arts,Jug,Jug,jug
667264,Asian Art,Sake bottle,Sake bottle with pine and plum,bottle
42338,Asian Art,Vase,Vase with Phoenix and Peonies,vase
53419,Asian Art,Brazier,Hexagonal Jar (Rokkaku-tsubo) with Paulownia and Geometric Design,jar
310358,The Michael C. Rockefeller Wing,Jar,Jar,jar
666592,Asian Art,Bottle,Gourd-Shaped Sake Bottle (Tokkuri),bottle
39521,Asian Art,Bottle,Gourd-shaped bottle,bottle
771022,European Sculpture and Decorative Arts,Moon flask,Moon flask with gilded decoration,flask
63329,Asian Art,Covered jar,Miniature Covered Jar,jar
50935,Asian Art,Vase,"Vase with Daoist immortals, flower sprays, and dragons",vase
42417,Asian Art,Jar,Jar,jar
195741,European Sculpture and Decorative Arts,Vase,Vase,vase
47132,Asian Art,Jar,Water Jar (Mizusashi) in the Shape of a Bamboo Basket,jar
465877,Medieval Art,Pilgrim bottle,"Bottle, Pilgrim",bottle
52261,Asian Art,Jar,Jar,jar
48558,Asian Art,Vase,Vase with phoenixes amid flowers,vase
449313,Islamic Art,Jug,Jug,jug
52436,Asian Art,Vase,Vase,vase
187660,European Sculpture and Decorative Arts,Jug,Jug,jug
49264,Asian Art,Flask,Flask,flask
771009,European Sculpture and Decorative Arts,Lidded jar,Lidded jar,jar
468393,Medieval Art,Jug,Jug,jug
47640,Asian Art,Bottle,Bottle For Sweets,bottle
42537,Asian Art,Vase,Vase with dragons amid flowers,vase
199722,European Sculpture and Decorative Arts,Storage jar,Storage jar (albarello) with a profile portrait,jar
53846,Asian Art,Jar,Jar,jar
42201,Asian Art,Vase,Vase with Scholars in Landscape,vase
50906,Asian Art,Vase,Vase,vase
52298,Asian Art,Wine bottle,Wine bottle,bottle
449361,Islamic Art,Jug,Jug,jug
46933,Asian Art,Jar,Jar with dragon and phoenix,jar
44738,Asian Art,Wine jar,Large wine jar,jar
308885,The Michael C. Rockefeller Wing,Bottle,Stirrup Spout Bottle with Figure,bottle
910524,Asian Art,Jar,Openwork jar with peonies,jar
46938,Asian Art,Bottle,Bottle,bottle
47642,Asian Art,Vase,Mallet-shaped vase,vase
47294,Asian Art,Vase,Hexagonal vase with tubular handles,vase
194243,European Sculpture and Decorative Arts,Ewer,Ewer,pitcher
208811,European Sculpture and Decorative Arts,Scent bottle,Scent bottle,bottle
770979,European Sculpture and Decorative Arts,Vase,Vase with gold fern decoration,vase
48224,Asian Art,Bottle,Bottle for a water pipe (huqqa),bottle
313302,The Michael C. Rockefeller Wing,Jar,Jar,jar
202191,European Sculpture and Decorative Arts,Vase,Vase (vase hollandais),vase
447164,Islamic Art,Vase,Vase,vase
771068,European Sculpture and Decorative Arts,Miniature orb vase,Miniature orb vase in blue and white,vase
500028,Modern and Contemporary Art,Vase,Vase,vase
477325,Medieval Art,Jar,Jar,jar
771019,European Sculpture and Decorative Arts,Moon flask,Moon flask with paisley motif,flask
48013,Asian Art,Oil bottle,Oil Bottle,bottle
63134,Asian Art,Tea jar,Tea jar,jar
48330,Asian Art,Bottle vase,Bottle vase,vase
42427,Asian Art,Vase,Vase,vase
308508,The Michael C. Rockefeller Wing,Bottle,Owl Warrior Bottle,bottle
188994,European Sculpture and Decorative Arts,Milk pot,Milk pot,pot
53930,Asian Art,Jar with cover,Jar with Cover,jar
187791,European Sculpture and Decorative Arts,Pharmacy jar,Pharmacy jar,jar
63054,Asian Art,Jar,Jar with Scrolling Peony Design,jar
460673,Robert Lehman Collection,Vase,Small vase,vase
447139,Islamic Art,Vase,Vase,vase
42246,Asian Art,Vase,Vase,vase
451840,Islamic Art,Bottle,Bottle,bottle
445289,Islamic Art,Jar,Jar,jar
310201,The Michael C. Rockefeller Wing,Bottle,"Bottle, Seated Figure",bottle
48189,Asian Art,Vase,Miniature vase,vase
63695,Asian Art,Bottle,Bottle,bottle
51223,Asian Art,Vase,Vase,vase
47420,Asian Art,Wine bottle,Wine Bottle,bottle
479830,Modern and Contemporary Art,Vase,Vase,vase
308408,The Michael C. Rockefeller Wing,Bottle,Bottle with fox head,bottle
447138,Islamic Art,Ewer,Ewer,pitcher
208279,European Sculpture and Decorative Arts,Bottle,Bottle with flowers of the four seasons,bottle
44441,Asian Art,Jar,Jar,jar
871928,European Sculpture and Decorative Arts,Vase,Vase with snails,vase
44349,Asian Art,Jar,Jar,jar
52803,Asian Art,Tea jar,Tea jar,jar
47872,Asian Art,Vase,Vase,vase
48506,Asian Art,Vase,Vase,vase
190657,European Sculpture and Decorative Arts,Vase,Vase,vase
52514,Asian Art,Jar,Water Jar (Mizusashi) with Pine Trees,jar
310194,The Michael C. Rockefeller Wing,Bottle,Stirrup Spout Bottle with Animals,bottle
449421,Islamic Art,Jar,Jar,jar
199348,European Sculpture and Decorative Arts,Pilgrim bottle with cover,Pilgrim bottle with cover,bottle
308550,The Michael C. Rockefeller Wing,Bottle,Stirrup Spout Bottle with Figure on Throne,bottle
192854,European Sculpture and Decorative Arts,Vase,Vase,vase
48725,Asian Art,Vase,"Vase with lion, elephant, and qilin",vase
5713,European Sculpture and Decorative Arts,Pitcher,Pitcher,pitcher
208029,European Sculpture and Decorative Arts,Vase,Vase,vase
308524,The Michael C. Rockefeller Wing,Bottle,Double Chambered Whistling Jar with Parrot,bottle
48387,Asian Art,Vase,Vase with flowers,vase
460183,Robert Lehman Collection,Albarello,Apothecary jar (albarello),jar
52442,Asian Art,Water jar,Freshwater Jar (Mizusashi) with Bamboo,jar
449772,Islamic Art,Jar,Jar,jar
46958,Asian Art,Vase,Vase,vase
48369,Asian Art,Vase,Meiping vase,vase
460226,Robert Lehman Collection,Albarello,Apothecary jar (albarello),jar
62706,Asian Art,Tea jar,Tea Jar,jar
48612,Asian Art,Vase,Square vase with scenes of four seasons,vase
47309,Asian Art,Bottle,Bottle,bottle
52219,Asian Art,Jar with lid,Jar (Tsubo) with Flowering Plant,jar
191593,European Sculpture and Decorative Arts,Jug,Jug,jug
308886,The Michael C. Rockefeller Wing,Bottle,Stirrup Spout Bottle with Figure,bottle
310206,The Michael C. Rockefeller Wing,Bottle,"Bottle, Anthropomorphic Crab",bottle
47501,Asian Art,Vase,Vase,vase
47317,Asian Art,Vase,Vase,vase
319966,The Michael C. Rockefeller Wing,Jar,Double-Tiered Jar,jar
447292,Islamic Art,Ewer,Ewer,pitcher
310523,The Michael C. Rockefeller Wing,Bottle,Stirrup Spout Bottle with Nude Man and Bird,bottle
47367,Asian Art,Vase,Square Vase,vase
770923,European Sculpture and Decorative Arts,Vase,Octagonal vase with gold birds,vase
451466,Islamic Art,Pilgrim flask,Flask with Zodiac Medallions,flask
309487,The Michael C. Rockefeller Wing,Bottle,Corn Plant Bottle,bottle
39609,Asian Art,Ewer,Ewer with Lotus Petal Collar,pitcher
451946,Islamic Art,Bottle,Bottle,bottle
46165,Asian Art,Vase,Vase,vase
450759,Islamic Art,Jar,Jar,jar
48571,Asian Art,Bottle,Bottle,bottle
47959,Asian Art,Vase,Vase,vase
62714,Asian Art,Tea jar,Tea Jar,jar
48735,Asian Art,Vase,Vase with floral scrolls,vase
44528,Asian Art,Ewer,Ewer with Floral and Striped Design,pitcher
46868,Asian Art,Vase,Vase,vase
42464,Asian Art,Bottle,Bottle,bottle
47307,Asian Art,Bottle,Bottle,bottle
37398,Asian Art,Bottle,Bottle,bottle
48750,Asian Art,Jar,Large Jar,jar
46979,Asian Art,Vase,Meiping vase,vase
309379,The Michael C. Rockefeller Wing,Bottle,Stirrup Spout Bottle with Painted Cactus Forms,bottle
45886,Asian Art,Vase,Vase with scenes from Romance of the Three Kingdoms,vase
48124,Asian Art,Vase,Miniature vase,vase
444515,Islamic Art,Jar,Jar,jar
309468,The Michael C. Rockefeller Wing,Bottle,Jar with flying figure (the Oculate Being),bottle
42313,Asian Art,Jar,Large jar decorated with peonies,jar
42476,Asian Art,Funerary jar,Funerary jar with dragon,jar
46778,Asian Art,Beaker,Gu-shaped vase with floral patterns,beaker
833902,The Michael C. Rockefeller Wing,Vessel,Polychrome Vessel,vessel
42428,Asian Art,Vase,Vase,vase
49864,Asian Art,Jar,Jar,jar
52053,Asian Art,Vase,Vase,vase
200839,European Sculpture and Decorative Arts,Bottle cooler,Bottle cooler,bottle
51063,Asian Art,Vase,Vase with dragon,vase
50848,Asian Art,Jar,Jar with immortals,jar
44465,Asian Art,Pitcher,Pitcher (Hu),pitcher
206024,European Sculpture and Decorative Arts,Bottle,Four-sided bottle,bottle
46543,Asian Art,Vase,Meiping vase,vase
192308,European Sculpture and Decorative Arts,Toilet jar,Toilet jar,jar
47319,Asian Art,Vase,Double gourd vase with gourd vines,vase
48559,Asian Art,Vase,Gourd-shaped vase with gourds on vines and bats,vase
199720,European Sculpture and Decorative Arts,Pharmacy jar,Pharmacy jar (albarello),jar
47449,Asian Art,Bottle,Bottle,bottle
42409,Asian Art,Vase,Vase with Women Enjoying Scholarly Pursuits,vase
52801,Asian Art,Vase,Vase,vase
47050,Asian Art,Vase,Gourd-shaped vase,vase
199135,European Sculpture and Decorative Arts,Vase,Vase,vase
57359,Asian Art,Bottle,Bottle,bottle
47534,Asian Art,Jar,Jar,jar
52036,Asian Art,Bottle vase,Bottle vase,vase
309759,The Michael C. Rockefeller Wing,Bottle,Face Neck Bottle,bottle
195217,European Sculpture and Decorative Arts,Toilet jar with cover,Toilet jar with cover,jar
708306,European Sculpture and Decorative Arts,Vase,Vase,vase
308591,The Michael C. Rockefeller Wing,Bottle,Single Spout Jar in the Form of a Feline,bottle
463707,Medieval Art,Pharmacy jar,Pharmacy Jar,jar
194229,European Sculpture and Decorative Arts,Scent bottle,Scent bottle in the form of a monk,bottle
49856,Asian Art,Bottle,Bottle with Two Handles,bottle
47637,Asian Art,Jar or Fire-holder,Jar or Fire-holder,jar
47883,Asian Art,Vase,Vase,vase
49855,Asian Art,Flask,Flask with Lotus Pond,flask
50722,Asian Art,Bottle,Bottle,bottle
309356,The Michael C. Rockefeller Wing,Bottle,Stirrup Spout Bottle with Couple,bottle
42238,Asian Art,Vase,Vase,vase
47828,Asian Art,Vase,Trefoil vase,vase
477815,The Cloisters,Aquamanile,Aquamanile in the Form of a Ram,pitcher
308383,The Michael C. Rockefeller Wing,Bottle,Spectacled Bear Bottle,bottle
50975,Asian Art,Covered jar,Covered Jar,jar
51173,Asian Art,Vase,Vase in the Shape of Buddha's-Hand Citron,vase
770920,European Sculpture and Decorative Arts,Bottle with stopper,Bottle with stopper,bottle
46542,Asian Art,Vase,Vase,vase
48775,Asian Art,Vase,Vase,vase
48276,Asian Art,Vase,Vase,vase
48727,Asian Art,Vase,Vase,vase
47589,Asian Art,Vase,Vase with figures in a landscape,vase
47938,Asian Art,Ewer,Ewer with floral pattern,pitcher
316718,The Michael C. Rockefeller Wing,Bottle,Double Spout Bottle,bottle
446902,Islamic Art,Jar,Jar,jar
468391,Medieval Art,Jug,Jug,jug
313397,The Michael C. Rockefeller Wing,Bottle,Stirrup Spout Bottle,bottle
52391,Asian Art,Vase,Vase,vase
46816,Asian Art,Vase,Vase,vase
308535,The Michael C. Rockefeller Wing,Jar,Figure Jar,jar
308578,The Michael C. Rockefeller Wing,Jar,Jar,jar
42363,Asian Art,Vase,Vase,vase
47226,Asian Art,Bottle,Bottle,bottle
317890,The Michael C. Rockefeller Wing,Bottle,Spouted Vessel,bottle
47695,Asian Art,Jar,Jar,jar
448988,Islamic Art,Ewer,Ewer,pitcher
50165,Asian Art,Jar,Jar,jar
465886,Medieval Art,Jar,Jar,jar
51007,Asian Art,Vase,Vase,vase
205324,European Sculpture and Decorative Arts,Scent bottle,Scent bottle,bottle
40206,Asian Art,Jar,Small Jar (Guan),jar
52208,Asian Art,Vase,Rectangular Vase with Raised Netting Pattern,vase
450760,Islamic Art,Ewer,Unglazed Jug with Writing,pitcher
188537,European Sculpture and Decorative Arts,Albarello,Albarello,jar
49299,Asian Art,Vase,Vase with Figures in Landscape,vase
191733,European Sculpture and Decorative Arts,Jug,Jug,jug
48859,Asian Art,Vase,Vase with floral patterns,vase
310497,The Michael C. Rockefeller Wing,Bottle,Bottle,bottle
193084,European Sculpture and Decorative Arts,Vase,Vase,vase
199726,European Sculpture and Decorative Arts,Pharmacy jar,Pharmacy jar,jar
452011,Islamic Art,Jar,Jar,jar
47780,Asian Art,Vase,Vase in the form of an archaic bell,vase
771056,European Sculpture and Decorative Arts,Vase,Vase with Aesthetic Japonisme birds,vase
47676,Asian Art,Water jar,Water Jar,jar
49852,Asian Art,Vase,Vase,vase
307474,The Michael C. Rockefeller Wing,Bottle,Stirrup-spout bottle with seated figure,bottle
308718,The Michael C. Rockefeller Wing,Bottle,Bottle,bottle
309746,The Michael C. Rockefeller Wing,Bottle,Bridge and Spout Bottle in Bird Form,bottle
667256,Asian Art,Sake bottle,"Sake bottle with pine, bamboo and plum",bottle
208439,European Sculpture and Decorative Arts,Milk jug with cover,Milk jug with cover,jug
50973,Asian Art,Jar,Miniature covered jar and “inkstone”,jar
201751,European Sculpture and Decorative Arts,Bottle,Bottle,bottle
45873,Asian Art,Jar,Jar with flowers,jar
451352,Islamic Art,Jar,Jar with Carved Benedictory Arabic Inscription in Thuluth Script,jar
204387,European Sculpture and Decorative Arts,Jug,Jug,jug
314684,The Michael C. Rockefeller Wing,Bottle,Parrot Head Bottle,bottle
48461,Asian Art,Bottle,Bottle,bottle
62658,Asian Art,Tea jar,Tea Jar,jar
51224,Asian Art,Vase,Vase,vase
46705,Asian Art,Vase,Vase with archaistic dragon pattern,vase
308352,The Michael C. Rockefeller Wing,Bottle,Whistling bottle with single spout,bottle
448997,Islamic Art,Jar,Jar with Writing,jar
199181,European Sculpture and Decorative Arts,Hot milk pot,Hot milk pot,pot
770925,European Sculpture and Decorative Arts,Vase,Vase,vase
45853,Asian Art,Vase with cover,Vase with cover,vase
62550,Asian Art,Tea jar,Tea Jar,jar
308544,The Michael C. Rockefeller Wing,Bottle,Figure Bottle,bottle
46719,Asian Art,Bottle vase,Bottle vase,vase
194583,European Sculpture and Decorative Arts,Jar,Screw-top jar,jar
37404,Asian Art,Vase,Vase with Incised and Impressed Designs,vase
310589,The Michael C. Rockefeller Wing,Vessel,Effigy vessel,vessel
52605,Asian Art,Vase,Vase with dragons,vase
199744,European Sculpture and Decorative Arts,Pharmacy jar,Pharmacy jar (albarello),jar
47391,Asian Art,Jar,Jar,jar
204423,European Sculpture and Decorative Arts,Pitcher,Pitcher,pitcher
50738,Asian Art,Minature vase,Minature vase,vase
47060,Asian Art,Bottle,Bottle,bottle
199601,European Sculpture and Decorative Arts,Flower vase,Flower vase,vase
45864,Asian Art,Covered jar,Covered Jar,jar
53775,Asian Art,Covered jar,Covered jar with ladies and antiques,jar
195127,European Sculpture and Decorative Arts,Jug,Jug,jug
50315,Asian Art,Bottle,Long-Necked Bottle,bottle
47870,Asian Art,Vase,Vase,vase
47455,Asian Art,Vase,Vase,vase
48211,Asian Art,Vase,Vase,vase
199559,European Sculpture and Decorative Arts,Bottle,Bottle,bottle
468394,Medieval Art,Jug,Jug,jug
239363,European Sculpture and Decorative Arts,Vase,Vase with face,vase
762253,European Sculpture and Decorative Arts,Jug,Barrel shaped jug,jug
50938,Asian Art,Vase,Vase,vase
50840,Asian Art,Vase,Vase with scenes and poems from Farming and Weaving,vase
52658,Asian Art,Jar,Jar,jar
465884,Medieval Art,Jug,Jug,jug
62634,Asian Art,Tea jar,Tea Jar,jar
48569,Asian Art,Vase,Meiping vase with flowers,vase
465880,Medieval Art,Jug,Jug,jug
196343,European Sculpture and Decorative Arts,Ewer,Ewer,pitcher
194230,European Sculpture and Decorative Arts,Scent bottle,Scent bottle,bottle
451880,Islamic Art,Ewer,Ewer,pitcher
465883,Medieval Art,Jug,Jug,jug
47257,Asian Art,Hanging vase,Hanging Vase,vase
442902,Islamic Art,Pilgrim flask,Pilgrim Flask with Saint Menas,flask
194471,European Sculpture and Decorative Arts,Puzzle bottle,Puzzle bottle,bottle
446879,Islamic Art,Bottle,Bottle,bottle
47173,Asian Art,Bottle,Bottle,bottle
199417,European Sculpture and Decorative Arts,Milk pot with cover,Milk pot with cover,pot
319468,The Michael C. Rockefeller Wing,Urn,Effigy urn,jar
48304,Asian Art,Bottle vase,Bottle vase,vase
63081,Asian Art,Tea jar,Tea jar,jar
50143,Asian Art,Covered jar,Covered jar with baskets of flowers,jar
48646,Asian Art,Bottle,Bottle,bottle
199727,European Sculpture and Decorative Arts,Albarello,Albarello,jar
62530,Asian Art,Vase,Vase,vase
199338,European Sculpture and Decorative Arts,Jug,Jug,jug
195501,European Sculpture and Decorative Arts,Bottle,Bottle,bottle
308645,The Michael C. Rockefeller Wing,Bottle,Double Spout and Bridge Bottle with Bird,bottle
474926,Medieval Art,Amphora,Ribbed Amphora,amphora
42203,Asian Art,Vase,Vase with Flowers and Scholar’s Implements,vase
449116,Islamic Art,Jug,Jug,jug
64119,Asian Art,Flask,Pilgrim’s flask with Central Asian dancers,flask
309730,The Michael C. Rockefeller Wing,Bottle,"Bottle, Fish",bottle
52017,Asian Art,Bottle,Bottle,bottle
52056,Asian Art,Vase,Vase with Coiling Dragon,vase
42414,Asian Art,Vase,Vase,vase
449078,Islamic Art,Jar,Jar,jar
46827,Asian Art,Vase,Hexagonal vase with lion-head handles,vase
47951,Asian Art,Oil bottle,Oil Bottle,bottle
47977,Asian Art,Vase,Vase,vase
62761,Asian Art,Tea jar,Tea Jar,jar
451365,Islamic Art,Jar,Pear-Shaped Jar with Stylized Vegetal Decoration,jar
199775,European Sculpture and Decorative Arts,Jar,Jar,jar
63101,Asian Art,Tea jar,Tea jar,jar
192811,European Sculpture and Decorative Arts,Vase with cover,Vase with cover,vase
460984,Robert Lehman Collection,Pilgrim flask,Pilgrim Flask,flask
307866,The Michael C. Rockefeller Wing,Bottle,Bridge and Spout Bottle with Bird,bottle
47287,Asian Art,Jar,Jar with plum trees,jar
62863,Asian Art,Vase,Vase,vase
46918,Asian Art,Vase,Double-gourd vase,vase
47185,Asian Art,Bottle,Bottle,bottle
468167,Medieval Art,Jar,Two-Handled Jar with Birds and a Coat of Arms,jar
201762,European Sculpture and Decorative Arts,Pilgrim bottle,Pilgrim bottle,bottle
191731,European Sculpture and Decorative Arts,Ewer,Ewer (Schnabelkanne),pitcher
53853,Asian Art,Covered jar,Covered Jar,jar
448998,Islamic Art,Jar,Jar with Writing,jar
52813,Asian Art,Vase,Vase,vase
57369,Asian Art,Vase,Vase,vase
670808,European Sculpture and Decorative Arts,Pitcher,Pitcher,pitcher
308722,The Michael C. Rockefeller Wing,Jar,Handled Jar,jar
51000,Asian Art,Bottle,Bottle,bottle
47043,Asian Art,Hanging vase,Hanging Vase,vase
198707,European Sculpture and Decorative Arts,Pilgrim bottle with screw top,Pilgrim bottle with screw top,bottle
309501,The Michael C. Rockefeller Wing,Bottle,"Bottle, Figure Showing Tunic",bottle
50773,Asian Art,Vase,Vase,vase
48706,Asian Art,Bottle,Long neck bottle with lions,bottle
48650,Asian Art,Covered jar,Covered jar with flowers,jar
451986,Islamic Art,Bottle,Bottle,bottle
450198,Islamic Art,Ewer,"Ewer, waster",pitcher
446685,Islamic Art,Ewer,Ewer,pitcher
47982,Asian Art,Vase,Vase,vase
313275,The Michael C. Rockefeller Wing,Bottle,Vessel,bottle
460264,Robert Lehman Collection,Albarello,Apothecary jar (albarello),jar
447617,Islamic Art,Figural vessel,Bottle in the Form of a Lute Player,bottle
40959,Asian Art,Wall vase,Wall Vase,vase
196568,European Sculpture and Decorative Arts,Puzzle jug,Puzzle jug,jug
446909,Islamic Art,Jar,Jar,jar
309508,The Michael C. Rockefeller Wing,Bottle,Stirrup-spout vessel with figure in a shell,bottle
194967,European Sculpture and Decorative Arts,Vase,Vase,vase
308569,The Michael C. Rockefeller Wing,Bottle,"Double Spout Bottle, Feline-Otter",bottle
194608,European Sculpture and Decorative Arts,Storage jar,Storage jar (albarello),jar
72420,Asian Art,Jug,Jug with Floral Scroll,jug
42307,Asian Art,Vase,Maebyeong,vase
57492,Asian Art,Wine ewer,Wine Ewer,pitcher
48351,Asian Art,Vase,Vase,vase
310232,The Michael C. Rockefeller Wing,Bottle,Stirrup Spout Bottle with Fruit Form,bottle
446843,Islamic Art,Jar,Jar,jar
48309,Asian Art,Gallipot,Meiping vase,jar
771021,European Sculpture and Decorative Arts,Moon flask,Moon flask with white flower motif on raised foot with flat handles,flask
193449,European Sculpture and Decorative Arts,Vase,Vase,vase
47540,Asian Art,Square bottle,Square Bottle,bottle
468382,Medieval Art,Jug,Jug,jug
46986,Asian Art,Vase,Vase,vase
460718,Robert Lehman Collection,Vase,Club-shaped vase,vase
187871,European Sculpture and Decorative Arts,Jar with cover,Jar with chrysanthemums and rocks,jar
309516,The Michael C. Rockefeller Wing,Bottle,Stirrup Spout Bottle,bottle
309397,The Michael C. Rockefeller Wing,Jar,Miniature Jar with Two Handles,jar
50524,Asian Art,Vase,Vase,vase
52933,Asian Art,Vase,Vase with landscape,vase
42426,Asian Art,Vase,Vase with Relief Decoration,vase
57488,Asian Art,Vase,Vase,vase
44755,Asian Art,Jar,Barrel-Shaped Jar,jar
199731,European Sculpture and Decorative Arts,Pharmacy jar,Pharmacy jar with the Apollo Belvedere and King David,jar
460716,Robert Lehman Collection,Ewer,Ewer,pitcher
487341,Modern and Contemporary Art,Vase,Vase,vase
460138,Robert Lehman Collection,Jug,Armorial Jug (boccale),jug
50919,Asian Art,Covered jar,Covered jar decorated with blossoming plum and cracked ice,jar
447987,Islamic Art,Pilgrim flask,Ampulla (Flask) with Saint Menas,flask
62636,Asian Art,Tea jar,Tea Jar,jar
446695,Islamic Art,Bottle,Bottle,bottle
205087,European Sculpture and Decorative Arts,Cream jug,Cream jug,jug
308388,The Michael C. Rockefeller Wing,Bottle,Stirrup spout bottle with sitting blind man,bottle
48736,Asian Art,Vase,Vase with chi dragons,vase
310494,The Michael C. Rockefeller Wing,Bottle,Stirrup-Spout Bottle,bottle
47770,Asian Art,Vase,Rectangular vase with animal masks,vase
52809,Asian Art,Vase,Vase decorated with flowers,vase
208156,European Sculpture and Decorative Arts,Vase,Vase,vase
62686,Asian Art,Square bottle,Square Bottle,bottle
448975,Islamic Art,Jar,Jar,jar
42227,Asian Art,Jar,Water Jar,jar
42479,Asian Art,Jar,Jar,jar
460677,Robert Lehman Collection,Vase,Small vase,vase
477283,Medieval Art,Jug,Jug,jug
463710,Medieval Art,Jug,Jug,jug
42403,Asian Art,Vase,Vase in Shape of Archaic Bronze Vessel with Flowers and Birds,vase
62765,Asian Art,Tea jar,Tea Jar,jar
46781,Asian Art,Jar,Jar,jar
460689,Robert Lehman Collection,Pot,Water pot,pot
52491,Asian Art,Jar with cover,Jar with cover,jar
451180,Islamic Art,Ewer,"Ewer with Repeated Arabic Phrase, ""Blessing""",pitcher
47473,Asian Art,Wine bottle,Wine Bottle,bottle
73810,Asian Art,Ewer,Ewer in the Form of an Elephant,pitcher
47171,Asian Art,Jar with cover,Jar with Cover,jar
50708,Asian Art,Jar,Jar (Guan),jar
465881,Medieval Art,Jug,Jug,jug
52794,Asian Art,Vase,Vase,vase
63108,Asian Art,Bottle,Bottle,bottle
48761,Asian Art,Covered jar,Covered jar with plum blossoms,jar
48187,Asian Art,Jar,Miniature jar,jar
49206,Asian Art,Vase,Vase,vase
200622,European Sculpture and Decorative Arts,Vase with cover,Vase with cover,vase
52719,Asian Art,Jar,Jar,jar
312572,The Michael C. Rockefeller Wing,Jar,Tripod Jar,jar
197223,European Sculpture and Decorative Arts,Albarello,Albarello,jar
451798,Islamic Art,Vase,Vase,vase
53961,Asian Art,Jar,Jar with women at leisure,jar
48647,Asian Art,Bottle,Bottle,bottle
204391,European Sculpture and Decorative Arts,Pitcher,Pitcher,pitcher
75938,Asian Art,Vase,Vase in Meiping Shape with Daoist Immortal Zhongli Quan,vase
199733,European Sculpture and Decorative Arts,Pharmacy or storage jar,Two-handled pharmacy or storage jar with arms of the Orsini family and profile head of a man,jar
308626,The Michael C. Rockefeller Wing,Bottle,Single Spout Bottle,bottle
63127,Asian Art,Tea jar,Tea jar,jar
47414,Asian Art,Jar with cover,Jar with cover,jar
47029,Asian Art,Bottle,Bottle,bottle
466231,The Cloisters,Jug,Jug,jug
204511,European Sculpture and Decorative Arts,Vase,Vase,vase
308607,The Michael C. Rockefeller Wing,Bottle,Double Spout and Bridge Bottle with Bird,bottle
449676,Islamic Art,Ewer,Ewer,pitcher
309440,The Michael C. Rockefeller Wing,Bottle,Stirrup-spout bottle with warclub and crab warrior,bottle
468166,Medieval Art,Jar,Two-Handled Jar,jar
309363,The Michael C. Rockefeller Wing,Bottle,Stirrup Spout Bottle with Couple,bottle
46575,Asian Art,Covered jar,Covered Jar,jar
47398,Asian Art,Vase,Vase with figures,vase
204058,European Sculpture and Decorative Arts,Cream jug,Cream jug,jug
204098,European Sculpture and Decorative Arts,Cream jug,Cream jug,jug
42191,Asian Art,Jar,Jar with Dragons and Floral Designs,jar
318293,The Michael C. Rockefeller Wing,Jar,Water Jar,jar
623500,European Sculpture and Decorative Arts,Covered jar,Covered jar with large finial,jar
198575,European Sculpture and Decorative Arts,Jug,Jug,jug
319633,The Michael C. Rockefeller Wing,Vessel,Cylindrical Vessel,vessel
48084,Asian Art,Jar,Jar,jar
49899,Asian Art,Jar,Jar (Guan),jar
52943,Asian Art,Bottle,Bottle,bottle
199051,European Sculpture and Decorative Arts,Jug,Jug in the style of Worcester,jug
313305,The Michael C. Rockefeller Wing,Bottle,Stirrup Spout Bottle,bottle
446264,Islamic Art,Bottle,Bottle,bottle
199570,European Sculpture and Decorative Arts,Puzzle jug,Puzzle jug,jug
666591,Asian Art,Vase,Sake bottle (Tokkuri),bottle
45857,Asian Art,Vase,Wine container (hu),vase
310218,The Michael C. Rockefeller Wing,Bottle,Bottle,bottle
47783,Asian Art,Vase,Vase,vase
47434,Asian Art,Vase,Vase,vase
47089,Asian Art,Vase,Vase,vase
62615,Asian Art,Tea jar,Tea Jar,jar
48334,Asian Art,Vase,Miniature meiping vase,vase
46727,Asian Art,Vase,Meiping vase,vase
706069,European Sculpture and Decorative Arts,Jug,Jug,jug
47088,Asian Art,Jar,Jar,jar
50568,Asian Art,Vase,Vase,vase
52019,Asian Art,Vase,Vase,vase
63096,Asian Art,Tea jar,Tea jar,jar
51027,Asian Art,Bottle,Bottle,bottle
823195,European Sculpture and Decorative Arts,Vase,Vase with handles,vase
48096,Asian Art,Vase,Vase,vase
313304,The Michael C. Rockefeller Wing,Bottle,Stirrup Spout Bottle,bottle
46718,Asian Art,Vase,Meiping vase,vase
62591,Asian Art,Tea jar,Tea Jar,jar
449010,Islamic Art,Jar,Jar,jar
47384,Asian Art,Bottle,Sake Bottle (Tokkuri),bottle
44439,Asian Art,Wine bottle,Wine Bottle,bottle
47754,Asian Art,Vase,Vase with butterflies and flowers,vase
453452,Islamic Art,Ewer,Ewer,pitcher
476264,Medieval Art,Jug,Jug,jug
48613,Asian Art,Vase,Vase,vase
42439,Asian Art,Vase,Vase with Peony  Scroll,vase
48314,Asian Art,Meiping vase,Meiping vase,vase
48747,Asian Art,Vase,Large Vase,vase
310716,The Michael C. Rockefeller Wing,Bottle,Bottle,bottle
52050,Asian Art,Writer's water bottle,Writer's Water Bottle,bottle
47092,Asian Art,Vase,Vase,vase
310662,The Michael C. Rockefeller Wing,Bottle,Feline-shaped stirrup-spout bottle,bottle
46957,Asian Art,Vase,Vase,vase
451429,Islamic Art,Ewer,Ewer,pitcher
37435,Asian Art,Bottle,Bottle,bottle
239354,European Sculpture and Decorative Arts,Vase,Monumental vase,vase
828443,Asian Art,Vessel,Double Gourd Vessel,vessel
194291,European Sculpture and Decorative Arts,Pilgrim bottle,Pilgrim bottle,bottle
47989,Asian Art,Vase,Vase with floral patterns,vase
238560,European Sculpture and Decorative Arts,Vase,Vase,vase
198778,European Sculpture and Decorative Arts,Pharmacy jar,Pharmacy jar (albarello),jar
308702,The Michael C. Rockefeller Wing,Bottle,Oblong Single Spout Bottle,bottle
471799,The Cloisters,Pitcher,Pitcher,pitcher
50700,Asian Art,Jar,Jar with Abstract Decoration,jar
52075,Asian Art,Jar,Jar,jar
46545,Asian Art,Vase,Meiping vase,vase
48645,Asian Art,Vase,Vase,vase
194472,European Sculpture and Decorative Arts,Ewer,Ewer,pitcher
451878,Islamic Art,Bottle,Bottle with Bulb-Shaped Neck,bottle
449086,Islamic Art,Jar,Jar,jar
312157,The Michael C. Rockefeller Wing,Bottle,Bottle,bottle
47429,Asian Art,Vase,Vase with scholars in a garden,vase
188556,European Sculpture and Decorative Arts,Vase,Four-handled vase,vase
203612,European Sculpture and Decorative Arts,Vase with cover,Vase with cover,vase
314691,The Michael C. Rockefeller Wing,Bottle,Stirrup Spout Bottle,bottle
209254,European Sculpture and Decorative Arts,Flask,Flask,flask
451338,Islamic Art,Ewer,Ewer,pitcher
310607,The Michael C. Rockefeller Wing,Vessel,"Vessel, Seated Deities",vessel
452083,Islamic Art,Vase,Vase,vase
204352,European Sculpture and Decorative Arts,Pitcher,Pitcher,pitcher
47807,Asian Art,Bottle,Bottle,bottle
202205,European Sculpture and Decorative Arts,Flower vase,Flower vase (cuvette à fleurs courteille),vase
762252,European Sculpture and Decorative Arts,Jug,Jug,jug
853980,Asian Art,Ewer,Ewer with makara spout,pitcher
48424,Asian Art,Jar,Jar with flowers,jar
47091,Asian Art,Jar with cover,Jar with Cover,jar
48580,Asian Art,Vase,Vase,vase
308347,The Michael C. Rockefeller Wing,Jar,Figure jar,jar
42337,Asian Art,Vase,Vase with equestrian figure in landscape,vase
52069,Asian Art,Funerary urn,Funerary Urn,jar
308622,The Michael C. Rockefeller Wing,Bottle,Single Spout Bottle,bottle
770921,European Sculpture and Decorative Arts,Vase,Vase in the form of a camel,vase
208248,European Sculpture and Decorative Arts,Jar,Jar,jar
50247,Asian Art,Vase,Vase,vase
309514,The Michael C. Rockefeller Wing,Bottle,Stirrup Spout Bottle,bottle
48852,Asian Art,Bottle,Bottle,bottle
46209,Asian Art,Covered jar,Covered jar with floral pattern,jar
194590,European Sculpture and Decorative Arts,Bottle,Bottle,bottle
42207,Asian Art,Jar,Jar with Basket of Auspicious Flowers,jar
452960,Islamic Art,Jar,Luster Jar with Hares (?) and Inscribed Words,jar
460177,Robert Lehman Collection,Apothecary vase,Apothecary Vase (vaso da farmacia),vase
308625,The Michael C. Rockefeller Wing,Bottle,Single Spout Bottle,bottle
487351,Modern and Contemporary Art,Vase,Vase,vase
449498,Islamic Art,Jar,Jar,jar
310512,The Michael C. Rockefeller Wing,Bottle,Double Spout Bottle,bottle
315678,The Michael C. Rockefeller Wing,Bottle,Stirrup-spout bottle with decapitation scene,bottle
309333,The Michael C. Rockefeller Wing,Bottle,Stirrup Spout Bottle with Figures,bottle
47935,Asian Art,Vase,Double gourd vase,vase
207850,European Sculpture and Decorative Arts,Vase,Vase,vase
871960,European Sculpture and Decorative Arts,Vase,Vase with green and gold decoration on white,vase
199334,European Sculpture and Decorative Arts,Toby jug,Toby jug,jug
207469,European Sculpture and Decorative Arts,Jug,Jug,jug
198780,European Sculpture and Decorative Arts,Storage jar,Storage jar,jar
310363,The Michael C. Rockefeller Wing,Bottle,Stirrup Spout Bottle with Serpent,bottle
449622,Islamic Art,Jar,Jar,jar
49426,Asian Art,Sake ewer,Hexagonal Sake Ewer with Landscape Design,pitcher
199134,European Sculpture and Decorative Arts,Jug with cover,Jug with cover,jug
194475,European Sculpture and Decorative Arts,Jug,Jug,jug
308529,The Michael C. Rockefeller Wing,Bottle,Stirrup Spout Bottle with Portrait Head,bottle
308655,The Michael C. Rockefeller Wing,Bottle,Double Spout and Bridge Bottle with Bird,bottle
50726,Asian Art,Vase,Vase,vase
310556,The Michael C. Rockefeller Wing,Bottle,Bottle,bottle
487563,Modern and Contemporary Art,Vase,Vase,vase
471759,The Cloisters,Pharmacy jar,Pharmacy Jar,jar
204514,European Sculpture and Decorative Arts,Pharmacy jar,Pharmacy jar (albarello),jar
52736,Asian Art,Vase,Vase,vase
239498,European Sculpture and Decorative Arts,Vase,Bottle vase with birds,vase
46553,Asian Art,Vase,"Vase with peaches, pomegranates, and fingered citrons",vase
48698,Asian Art,Vase,Vase with archaistic pattern,vase
37439,Asian Art,Jar,Covered Cylinderical Jar,jar
205378,European Sculpture and Decorative Arts,Jug,Jug,jug
53618,Asian Art,Vase,Vase with Depiction of Bugaku Dancer,vase
194307,European Sculpture and Decorative Arts,Ewer,Ewer,pitcher
309735,The Michael C. Rockefeller Wing,Jar,Jar with Lug Handles,jar
460133,Robert Lehman Collection,Jug,Armorial Jug (vaso),jug
770987,European Sculpture and Decorative Arts,Moon flask,Moon flask with fretwork center,flask
50817,Asian Art,Vase,Vase,vase
197616,European Sculpture and Decorative Arts,Cream jug,Cream jug,jug
47448,Asian Art,Wine bottle,Wine Bottle,bottle
46635,Asian Art,Vase,Vase,vase
670994,Asian Art,Freshwater jar (mizusashi),Pail‑shaped freshwater jar (Onioke mizusashi),jar
42301,Asian Art,Vase,Maebyeong (plum bottle) decorated with cranes and clouds,bottle
186687,European Sculpture and Decorative Arts,Ewer,Ewer,pitcher
198963,European Sculpture and Decorative Arts,Jug,Jug,jug
307620,The Michael C. Rockefeller Wing,Bottle,Single Spout Painted Jar,bottle
449508,Islamic Art,Jar,Jar,jar
72324,Asian Art,Bottle,Flask-shaped bottle,bottle
308413,The Michael C. Rockefeller Wing,Bottle,Stirrup spout bottle with dignitary figure,bottle
48308,Asian Art,Vase,Vase,vase
204392,European Sculpture and Decorative Arts,Pitcher,Pitcher,pitcher
42256,Asian Art,Vase,Vase with Scenes of Daily Life,vase
471758,The Cloisters,Pharmacy jar,Pharmacy Jar,jar
47821,Asian Art,Jar,Jar,jar
770962,European Sculpture and Decorative Arts,Vase,Orb vase with gold fern motif,vase
308565,The Michael C. Rockefeller Wing,Bottle,Stirrup-spout bottle with mountain sacrifice scene,bottle
47565,Asian Art,Wine bottle,Wine Bottle,bottle
204363,European Sculpture and Decorative Arts,Pitcher,Pitcher,pitcher
47948,Asian Art,Vase,Vase,vase
48694,Asian Art,Vase,Square vase with birds and flowers,vase
475726,Medieval Art,Amphora,Jar,amphora
204354,European Sculpture and Decorative Arts,Pitcher,Pitcher,pitcher
50842,Asian Art,Vase,Vase with Women’s Activities,vase
48703,Asian Art,Vase,Vase,vase
310202,The Michael C. Rockefeller Wing,Bottle,"Bottle, Seated Figure",bottle
208389,European Sculpture and Decorative Arts,Bottle,Bottle,bottle
314687,The Michael C. Rockefeller Wing,Bottle,Bottle with fang motif,bottle
309364,The Michael C. Rockefeller Wing,Bottle,Stirrup Spout Bottle with Couple,bottle
476254,Medieval Art,Vase,Vase,vase
50816,Asian Art,Vase,Vase,vase
476287,Medieval Art,Jug,Jug,jug
447171,Islamic Art,Ewer,Ewer,pitcher
48616,Asian Art,Bottle,Bottle with Lion,bottle
771029,European Sculpture and Decorative Arts,Moon flask,Moon flask,flask
50815,Asian Art,Vase,Vase,vase
771066,European Sculpture and Decorative Arts,Ewer,Ewer with bird and berry motif,pitcher
47575,Asian Art,Bottle vase,Bottle vase with floral scrolls,vase
467959,Medieval Art,Pharmacy jar,Pharmacy Jar,jar
63313,Asian Art,Water jar,Water jar,jar
208083,European Sculpture and Decorative Arts,Pharmacy jar,Pharmacy jar,jar
308571,The Michael C. Rockefeller Wing,Bottle,Double-spout bottle with shark,bottle
42353,Asian Art,Bottle,Bottle,bottle
454767,Islamic Art,Vase,Vase,vase
52399,Asian Art,Cake jar,Cake Jar,jar
444888,Islamic Art,Ewer,Ewer,pitcher
52709,Asian Art,Jar,Jar,jar
449775,Islamic Art,Ewer,Ewer,pitcher
204066,European Sculpture and Decorative Arts,Cream jug,Cream jug,jug
57365,Asian Art,Vase,Vase,vase
50331,Asian Art,Jar,Jar (Tsubo) with Four Loop Handles and Flower Medallions,jar
450460,Islamic Art,Jar,Storage Jar,jar
449875,Islamic Art,Ewer,Ewer,pitcher
44637,Asian Art,Storage jar,Large Storage Jar (Ōtsubo),jar
194301,European Sculpture and Decorative Arts,Vase,Vase,vase
446654,Islamic Art,Bottle,Bottle Depicting Storks in Blue and Yellow on a White Background,bottle
42540,Asian Art,Jar,Jar,jar
46730,Asian Art,Vase,Twin-fish vase,vase
48483,Asian Art,Wine jug,Wine Jug,jug
239488,European Sculpture and Decorative Arts,Vase,Vase,vase
49335,Asian Art,Bottle,Kundika (Long-Necked Bottle),bottle
49139,Asian Art,Vase,Vase (Hu),vase
841274,European Sculpture and Decorative Arts,Ewer,Ewer with female figure,pitcher
48679,Asian Art,Jar,Jar with scholars and crane,jar
191779,European Sculpture and Decorative Arts,Albarello,Albarello,jar
448686,Islamic Art,Jar,Jar,jar
449635,Islamic Art,Ewer,Ewer,pitcher
308382,The Michael C. Rockefeller Wing,Bottle,Stirrup spout bottle with figure,bottle
448969,Islamic Art,Jar,Jar,jar
207815,European Sculpture and Decorative Arts,Urn,Urn (cachepot),jar
310221,The Michael C. Rockefeller Wing,Bottle,Gourd-shaped bottle,bottle
205381,European Sculpture and Decorative Arts,Jug,Jug,jug
52778,Asian Art,Jar,Jar with Ducks in Lotus Pond,jar
44752,Asian Art,Vase,Vase,vase
62707,Asian Art,Bottle,Three-Cornered Bottle,bottle
448448,Islamic Art,Vase,Vase,vase
204515,European Sculpture and Decorative Arts,Pharmacy bottle,Pharmacy bottle,bottle
208422,European Sculpture and Decorative Arts,Vase,Cylindrical vase,vase
461500,Robert Lehman Collection,Vase,Small vase,vase
460666,Robert Lehman Collection,Jar,"Wine jar (Guan), Cizhou ware",jar
47530,Asian Art,Vase,Vase,vase
63094,Asian Art,Tea jar with cover,Tea jar with cover,jar
447678,Islamic Art,Jar,Jar,jar
771031,European Sculpture and Decorative Arts,Spill vase,Spill vase,vase
466228,The Cloisters,Jug,Jug,jug
448430,Islamic Art,Bottle,Bottle,bottle
48696,Asian Art,Vase,Vase with birds and flowers,vase
239563,European Sculpture and Decorative Arts,Vase,Gourd vase,vase
52216,Asian Art,Jar,Small Jar,jar
48604,Asian Art,Vase,Vase,vase
42306,Asian Art,Vase,Maebyeong with chrysanthemum decoration,vase
460664,Robert Lehman Collection,Vase,"Pyriform vase, possibly an imitation of Song Guan ware",vase
42326,Asian Art,Vase,Vase,vase
52681,Asian Art,Vase,Vase,vase
460679,Robert Lehman Collection,Vase,Small vase,vase
47122,Asian Art,Jar with cover,Miniature Jar with Cover,jar
309326,The Michael C. Rockefeller Wing,Bottle,Stirrup Spout Bottle with Seated Figure,bottle
48639,Asian Art,Jar,Jar,jar
314217,The Michael C. Rockefeller Wing,Vessel,Vessel with mythological scene,vessel
197829,European Sculpture and Decorative Arts,Bottle,Bottle,bottle
450931,Islamic Art,Jar,Jar,jar
448694,Islamic Art,Jar,Jar with Four Lug Handles,jar
461501,Robert Lehman Collection,Vase,Small vase,vase
49135,Asian Art,Jar,Jar (Guan),jar
53956,Asian Art,Vase,Vase,vase
46831,Asian Art,Bottle,Bottle,bottle
309357,The Michael C. Rockefeller Wing,Bottle,Stirrup Spout Bottle with Couple,bottle
308555,The Michael C. Rockefeller Wing,Bottle,Double Chambered Bottle,bottle
46770,Asian Art,Vase,Vase with ring handles,vase
46943,Asian Art,Vase,Vase,vase
52049,Asian Art,Vase,Vase,vase
208001,European Sculpture and Decorative Arts,Pitcher,Pitcher,pitcher
46937,Asian Art,Vase,Vase,vase
771006,European Sculpture and Decorative Arts,Moon flask,Moon flask,flask
308719,The Michael C. Rockefeller Wing,Bottle,Double Spout and Bridge Bottle with Bird,bottle
48562,Asian Art,Vase,Vase with poetric scenes,vase
447995,Islamic Art,Pilgrim flask,Ampulla (Flask) of Saint Menas,flask
48686,Asian Art,Vase,Vase,vase
37431,Asian Art,Jar,Jar with Zoomorphic Handle and Spout,jar
308724,The Michael C. Rockefeller Wing,Bottle,Bottle,bottle
239357,European Sculpture and Decorative Arts,Vase,Square vase,vase
308527,The Michael C. Rockefeller Wing,Bottle,Portrait Head Bottle,bottle
45838,Asian Art,Vase with cover,Vase with cover,vase
198973,European Sculpture and Decorative Arts,Pharmacy jar with cover,Lidded pharmacy jar with the personification of Fortuna,jar
307864,The Michael C. Rockefeller Wing,Bottle,Bridge and Spout Bottle,bottle
838101,European Sculpture and Decorative Arts,Vase,Olive-green ground vase with pâte-sur-pâte decoration,vase
308609,The Michael C. Rockefeller Wing,Bottle,Double Spout and Bridge Bottle with Feline,bottle
309303,The Michael C. Rockefeller Wing,Bottle,Single Spout Bottle with Strap Handle and Face,bottle
314364,The Michael C. Rockefeller Wing,Bottle,Stirrup-spout Bottle,bottle
62704,Asian Art,Jar,Jar,jar
46898,Asian Art,Vase,Meiping vase with birds and flowers,vase
51026,Asian Art,Jar,Jar,jar
466283,The Cloisters,Jug,Jug,jug
47678,Asian Art,Jar,Jar,jar
63124,Asian Art,Tea jar,Tea jar,jar
72738,Asian Art,Jar,Jar decorated with flowers and insects,jar
208440,European Sculpture and Decorative Arts,Milk pitcher,Milk pitcher,pitcher
37442,Asian Art,Covered jar,Covered Jar,jar
205826,European Sculpture and Decorative Arts,Jug,Jug,jug
478708,Medieval Art,Ampulla,Pilgrim Flask,flask
202215,European Sculpture and Decorative Arts,Vase,Vase with cover (vase urne antique),vase
48126,Asian Art,Jar,Jar with dragon,jar
461503,Robert Lehman Collection,Vase,Small bottle-vase,vase
47813,Asian Art,Jar,Jar,jar
62708,Asian Art,Tea jar,Tea Jar,jar
52052,Asian Art,Vase,Vase,vase
39501,Asian Art,Jar,Globular Jar,jar
47270,Asian Art,Jug,Jug,jug
49362,Asian Art,Vase,Vase with Poems Composed by the Qianlong Emperor,vase
44725,Asian Art,Jar,Jar (Guan),jar
316001,The Michael C. Rockefeller Wing,Bottle,Double-chambered bottle,bottle
42510,Asian Art,Vase,Vase in Shape of Ancient Bronze Vessel,vase
197612,European Sculpture and Decorative Arts,Jug,Jug,jug
239561,European Sculpture and Decorative Arts,Flask,Flask with face,flask
449435,Islamic Art,Ewer,Ewer,pitcher
201289,European Sculpture and Decorative Arts,Cream jug,Cream jug,jug
308350,The Michael C. Rockefeller Wing,Jar,Storage jar,jar
451836,Islamic Art,Vase,Vase,vase
47061,Asian Art,Vase,Vase with flowers,vase
308379,The Michael C. Rockefeller Wing,Bottle,Double spout and bridge bottle,bottle
203257,European Sculpture and Decorative Arts,Scent bottle,Scent bottle,bottle
461493,Robert Lehman Collection,Jar,"Two-eared jar, Jun ware",jar
45839,Asian Art,Vase with cover,Vase with cover,vase
308542,The Michael C. Rockefeller Wing,Bottle,Stirrup Spout Bottle with Seated Figure,bottle
52038,Asian Art,Vase,Vase,vase
47623,Asian Art,Jar,Jar,jar
39505,Asian Art,Pedestal jar,Pedestal jar with handle and lid,jar
63531,Asian Art,Water jar,Water jar,jar
447080,Islamic Art,Ewer,Ewer,pitcher
49915,Asian Art,Covered jar,Covered Jar,jar
194279,European Sculpture and Decorative Arts,Ewer,Ewer,pitcher
308567,The Michael C. Rockefeller Wing,Bottle,Spout-and-bridge bottle with warrior,bottle
39520,Asian Art,Vessel,Double-handled vessel,vessel
42740,Asian Art,Vase,Meiping Vase,vase
49903,Asian Art,Jar,Jar,jar
451622,Islamic Art,Ewer,Ewer,pitcher
46666,Asian Art,Vase,Vase,vase
771064,European Sculpture and Decorative Arts,Vase,Vase,vase
46233,Asian Art,Covered jar,Covered jar with floral pattern,jar
239364,European Sculpture and Decorative Arts,Vessel,Vessel with Women and Goats,vessel
313340,The Michael C. Rockefeller Wing,Bottle,Feline-shaped spout-and-bridge bottle,bottle
42215,Asian Art,Vase,Vase in Shape of Archaic Bronze Vessel,vase
468525,The Cloisters,Pharmacy jar,Pharmacy Jar,jar
48346,Asian Art,Vase,Miniature vase,vase
194960,European Sculpture and Decorative Arts,Vase,Vase,vase
205326,European Sculpture and Decorative Arts,Scent bottle,Scent bottle,bottle
47577,Asian Art,Bottle vase,Bottle vase with floral scrolls,vase
478667,Medieval Art,Jug,Jug with Grapevines,jug
64921,Asian Art,Jar,Jar with floral decorations and musicians,jar
308414,The Michael C. Rockefeller Wing,Bottle,Spout-and-bridge bottle with funerary procession,bottle
191218,European Sculpture and Decorative Arts,Vase with cover,Vase with cover,vase
310199,The Michael C. Rockefeller Wing,Bottle,Figure Bottle,bottle
200873,European Sculpture and Decorative Arts,Vase,Vase (vase le boitteux),vase
449903,Islamic Art,Ewer,Ewer,pitcher
770961,European Sculpture and Decorative Arts,Bottle vase,Bottle vase with stopper,vase
48532,Asian Art,Urn,Granary urn,jar
46712,Asian Art,Vase,Vase,vase
195499,European Sculpture and Decorative Arts,Vase,Vase,vase
42468,Asian Art,Jar,Jar,jar
42199,Asian Art,Vase,Vase with Mythical Creature Chasing Pearl,vase
42232,Asian Art,Vase,Vase,vase
445241,Islamic Art,Ewer,Ewer,pitcher
50999,Asian Art,Vase,Vase,vase
195209,European Sculpture and Decorative Arts,Bottle cooler,Bottle cooler (seau à bouteille),bottle
317749,The Michael C. Rockefeller Wing,Bottle,Stirrup Spout Bottle,bottle
770931,European Sculpture and Decorative Arts,Vase,Large spill vase,vase
62559,Asian Art,Bottle,Small Gourd-Shaped Bottle,bottle
199195,European Sculpture and Decorative Arts,Jug with cover,Jug with cover,jug
47049,Asian Art,Vase,"Meiping vase  with peach, pomegranade, and fingered citron",vase
309444,The Michael C. Rockefeller Wing,Bottle,Bottle,bottle
47364,Asian Art,Bottle,Bottle,bottle
206318,European Sculpture and Decorative Arts,Wine jar,Wine jar (Orcio da vino),jar
770945,European Sculpture and Decorative Arts,Moon flask,Moon flask with Aesthetic bird motif,flask
208398,European Sculpture and Decorative Arts,Vase,Vase,vase
52609,Asian Art,Bottle,Bottle with Floral Decoration,bottle
198416,European Sculpture and Decorative Arts,Cream jug,Cream jug,jug
771052,European Sculpture and Decorative Arts,Vase,Vase in the form of a lotus,vase
47641,Asian Art,Bottle,Bottle,bottle
199569,European Sculpture and Decorative Arts,Jug,Jug,jug
48222,Asian Art,Bottle,Bottle with floral scrolls,bottle
308300,The Michael C. Rockefeller Wing,Bottle,Painted bridge and spout bottle,bottle
42551,Asian Art,Bottle,Gourd-Shaped Bottle,bottle
46897,Asian Art,Vase,Vase with lions,vase
204070,European Sculpture and Decorative Arts,Cream jug,Cream jug,jug
50236,Asian Art,Vase,Vase in the shape of a flower,vase
48754,Asian Art,Vase,Vase in Trumpet Shape,vase
477276,Medieval Art,Jug,Jug,jug
50702,Asian Art,Jar,Jar (Hu),jar
309513,The Michael C. Rockefeller Wing,Bottle,Stirrup Spout Bottle: Monkey,bottle
62721,Asian Art,Jar,Covered Jar,jar
451434,Islamic Art,Bottle,Gilded Mina'i Ceramic,bottle
52978,Asian Art,Bottle,Bottle with Coiling Dragon,bottle
42242,Asian Art,Vase,Vase in Meiping Shape,vase
309760,The Michael C. Rockefeller Wing,Bottle,Painted Aryballus Jar,bottle
449869,Islamic Art,Ewer,Ewer,pitcher
44730,Asian Art,Jar,Jar (Guan),jar
308606,The Michael C. Rockefeller Wing,Bottle,Double Spout and Bridge Bottle with Feline Face,bottle
194591,European Sculpture and Decorative Arts,Vase,Vase,vase
232222,European Sculpture and Decorative Arts,Jug,Jug,jug
198777,European Sculpture and Decorative Arts,Pharmacy jar,Pharmacy jar (albarello),jar
47006,Asian Art,Bottle,Bottle,bottle
206025,European Sculpture and Decorative Arts,Bottle,Bottle,bottle
449129,Islamic Art,Jar,Ribbed Jar,jar
47762,Asian Art,Ewer,Hexagonal ewer with lion and cub,pitcher
198322,European Sculpture and Decorative Arts,Vase with cover,Vase with cover,vase
308349,The Michael C. Rockefeller Wing,Jar,Storage jar,jar
47958,Asian Art,Jar,Jar,jar
42312,Asian Art,Jar,Small Jar with Cover,jar
62640,Asian Art,Tea jar,Tea Jar,jar
202171,European Sculpture and Decorative Arts,Vase,Vase with cover (vase à dauphins),vase
53203,Asian Art,Jar,Jar (Tsubo) with Chrysanthemums,jar
48203,Asian Art,Bottle vase,Gourd-form bottle vase,vase
309380,The Michael C. Rockefeller Wing,Bottle,Figure Bottle,bottle
46865,Asian Art,Bottle vase,Lobed bottle vase,vase
46924,Asian Art,Vase,Meiping vase,vase
202124,European Sculpture and Decorative Arts,Ewer,Ewer,pitcher
9367,Modern and Contemporary Art,Vase,Vase,vase
52085,Asian Art,Oil bottle,Oil Bottle,bottle
199886,European Sculpture and Decorative Arts,Jug,Jug,jug
62792,Asian Art,Bottle,Long-Necked Bottle,bottle
48359,Asian Art,Vase,Double gourd vase with ruyi form handles,vase
46554,Asian Art,Minature vase,Minature vase with floral scrolls,vase
47626,Asian Art,Vase,Vase in the form of an archaic bronze vessel,vase
447159,Islamic Art,Vase,Vase,vase
51124,Asian Art,Covered jar,Covered Jar,jar
670815,European Sculpture and Decorative Arts,Vase,Lobed bottle vase,vase
239496,European Sculpture and Decorative Arts,Vase,Vase with birds and portrait,vase
204084,European Sculpture and Decorative Arts,Vase,Vase,vase
47896,Asian Art,Covered jar,Jar with Female Rider,jar
208542,European Sculpture and Decorative Arts,Pitcher,Pitcher,pitcher
202218,European Sculpture and Decorative Arts,Vase with cover,Vase with cover (probably vase à bâtons rompus),vase
902207,Asian Art,Jar,Jar with Thistle,jar
36452,Asian Art,Bottle,Bottle with flattened side,bottle
48602,Asian Art,Vase,Vase,vase
46587,Asian Art,Bottle vase,Bottle vase,vase
187801,European Sculpture and Decorative Arts,Vase,Vase,vase
207124,European Sculpture and Decorative Arts,Scent bottle,Scent bottle,bottle
39496,Asian Art,Vessel,Bird-shaped vessel,vessel
52252,Asian Art,Jar,Small Jar (Kotsubo) with Relief Plum- Blossom Patterns,jar
50026,Asian Art,Bottle,Bottle,bottle
890351,European Sculpture and Decorative Arts,Vase,Vase with mushrooms,vase
48058,Asian Art,Vase,Vase with ladies,vase
770933,European Sculpture and Decorative Arts,Ewer,Ewer with gold floral motifs,pitcher
308458,The Michael C. Rockefeller Wing,Bottle,Spout-and-bridge bottle with fox,bottle
446945,Islamic Art,Ewer,Ewer,pitcher
62877,Asian Art,Jug,Jug,jug
448182,Islamic Art,Ewer,Ewer,pitcher
770939,European Sculpture and Decorative Arts,Moon flask,Moon flask with stylized floral decoration,flask
448441,Islamic Art,Jar,Jar,jar
318617,The Michael C. Rockefeller Wing,Bottle,Runners Bottle,bottle
52923,Asian Art,Amphora,Amphora,amphora
37657,Asian Art,Jar,Jar,jar
449428,Islamic Art,Ewer,Ewer,pitcher
48774,Asian Art,Vase,Vase,vase
51008,Asian Art,Vase,Vase with Dragons and Waves,vase
47634,Asian Art,Wine bottle,Wine Bottle,bottle
41753,Asian Art,Bottle,Long-Necked Bottle with Design of Chinese Children Playing Outdoors,bottle
192800,European Sculpture and Decorative Arts,Vase with cover,Vase with cover,vase
671537,European Sculpture and Decorative Arts,Bottle,Bottle with a thistle medallion,bottle
449623,Islamic Art,Jar,Jar,jar
449402,Islamic Art,Jug,Jug,jug
199542,European Sculpture and Decorative Arts,Hot milk jug with cover,Hot milk jug with cover,jug
187750,European Sculpture and Decorative Arts,Jug,Jug,jug
46893,Asian Art,Jar,Jar,jar
52300,Asian Art,Bottle,Sake Bottle (Tokkuri) with Auspicious Patterns,bottle
453349,Islamic Art,Ewer,Ewer,pitcher
46713,Asian Art,Vase,Vase with animal-mask handles,vase
308459,The Michael C. Rockefeller Wing,Bottle,"Double Spout Bottle, Bird",bottle
52033,Asian Art,Covered jar,Covered Jar,jar
205100,European Sculpture and Decorative Arts,Harvest jug,Harvest jug,jug
451871,Islamic Art,Vase,Vase with Scrolling Vines,vase
46541,Asian Art,Bottle vase,Bottle vase,vase
47510,Asian Art,Vase,Vase,vase
42370,Asian Art,Ewer,Ewer in Shape of Tibetan Monk’s Cap,pitcher
47869,Asian Art,Vase,Vase,vase
449420,Islamic Art,Jar,Jar,jar
46546,Asian Art,Vase,Vase,vase
46948,Asian Art,Vase,Vase,vase
203278,European Sculpture and Decorative Arts,Vase,Hexagonal vase,vase
63085,Asian Art,Tea jar,Tea jar,jar
44428,Asian Art,Jar,Jar with Two Loop Handles (Hu),jar
48573,Asian Art,Covered vase,Covered Vase,vase
201408,European Sculpture and Decorative Arts,Pharmacy jar with cover,Pharmacy jar with cover,jar
47866,Asian Art,Bottle,Bottle with Dragons,bottle
449880,Islamic Art,Ewer,Ewer,pitcher
49360,Asian Art,Vase,Vase,vase
50350,Asian Art,Bottle,Bottle with  Pine Tree,bottle
48655,Asian Art,Jar with cover,Jar with Cover,jar
463529,Medieval Art,Jug,Jug with Eagle,jug
239355,European Sculpture and Decorative Arts,Vase,Vase,vase
47402,Asian Art,Vase,Meiping vase with plum blossoms and bamboo,vase
316782,The Michael C. Rockefeller Wing,Jar,Jar,jar
42308,Asian Art,Bottle,Flask-shaped bottle decorated with peonies,bottle
46987,Asian Art,Bottle,Bottle,bottle
39524,Asian Art,Ewer,Amphora,amphora
197220,European Sculpture and Decorative Arts,Albarello,Storage Jar (Albarello),jar
49316,Asian Art,Jar,Octagonal Jar with Decoration of Flowering Cherry and Chrysanthemum,jar
48316,Asian Art,Ewer,Ewer,pitcher
307619,The Michael C. Rockefeller Wing,Bottle,Incised Painted Jar with Single Spout,bottle
308627,The Michael C. Rockefeller Wing,Bottle,"Bottle, Feline Face",bottle
308303,The Michael C. Rockefeller Wing,Bottle,Bottle,bottle
444463,Islamic Art,Vase,Vase in the Form of a Double Gourd,vase
49850,Asian Art,Vase,Vase,vase
46791,Asian Art,Vase,Vase,vase
42469,Asian Art,Jar,Jar with abstract floral design,jar
468168,Medieval Art,Pharmacy jar,Pharmacy Jar,jar
50819,Asian Art,Vase,Vase,vase
47062,Asian Art,Jar,Jar with figures in a garden,jar
199285,European Sculpture and Decorative Arts,Milk jug,Milk jug,jug
314523,The Michael C. Rockefeller Wing,Vessel,Cylindrical Vessel,vessel
62905,Asian Art,Water jar,Water jar,jar
448826,Islamic Art,Jug,Jug,jug
48621,Asian Art,Vase,Vase with cranes and peaches,vase
451879,Islamic Art,Ewer,Ewer,pitcher
42400,Asian Art,Flask,Flask,flask
47682,Asian Art,Bottle,Bottle,bottle
62697,Asian Art,Bottle,Bottle,bottle
670990,Asian Art,Jar,Large Storage Jar (Ōtsubo),jar
51232,Asian Art,Vase,Vase,vase
205922,European Sculpture and Decorative Arts,Vase,Vase,vase
42550,Asian Art,Vase,Vase,vase
42354,Asian Art,Vase,Vase with landscape scenes,vase
47203,Asian Art,Jar,Jar,jar
48772,Asian Art,Covered jar,Covered jar with lions,jar
448186,Islamic Art,Jar,Jar,jar
45847,Asian Art,Jar,Jar with animals and flowers,jar
206393,European Sculpture and Decorative Arts,Vase,Vase,vase
194582,European Sculpture and Decorative Arts,Jug with cover,Jug with cover,jug
46627,Asian Art,Vase,Vase with Butterflies,vase
308723,The Michael C. Rockefeller Wing,Bottle,Feline Bottle,bottle
185900,European Sculpture and Decorative Arts,Puzzle jug,Puzzle jug,jug
447130,Islamic Art,Ewer,Ewer,pitcher
47137,Asian Art,Jar,Jar,jar
449659,Islamic Art,Ewer,Ewer,pitcher
48771,Asian Art,Vase,Vase,vase
44690,Asian Art,Jar,Jar (Guan),jar
468398,Medieval Art,Jug,Jug,jug
62598,Asian Art,Tea jar,Tea Jar,jar
48254,Asian Art,Vase,Meiping vase,vase
46642,Asian Art,Vase,Meiping vase,vase
47149,Asian Art,Water bottle,Water Bottle,bottle
204370,European Sculpture and Decorative Arts,Pitcher,Pitcher,pitcher
309387,The Michael C. Rockefeller Wing,Bottle,Figure Vessel,bottle
45880,Asian Art,Vase,Vase,vase
204383,European Sculpture and Decorative Arts,Jug,Jug,jug
48128,Asian Art,Covered ewer,Covered ewer with floral patterns,pitcher
308441,The Michael C. Rockefeller Wing,Bottle,Bridge and Double Spout Bottle with Guilloche,bottle
449418,Islamic Art,Jug,Jug,jug
47108,Asian Art,Jar,Jar for Sweets,jar
39576,Asian Art,Water jar,Water Jar,jar
52930,Asian Art,Vase,Vase,vase
52711,Asian Art,Vase,Vase,vase
471747,The Cloisters,Vase,Handled Vase,vase
308426,The Michael C. Rockefeller Wing,Bottle,"Bottle, Feline face",bottle
308456,The Michael C. Rockefeller Wing,Bottle,Monkey Bottle,bottle
309360,The Michael C. Rockefeller Wing,Bottle,Stirrup Spout Bottle with Couple,bottle
770934,European Sculpture and Decorative Arts,Moon flask,Red and white floral pattern moon flask,flask
42541,Asian Art,Jar,Jar,jar
52021,Asian Art,Vase,Prunus Vase,vase
444873,Islamic Art,Bottle,Bottle,bottle
48640,Asian Art,Jar,Jar with lotus scrolls,jar
309353,The Michael C. Rockefeller Wing,Bottle,Stirrup Spout Bottle with Couple,bottle
446283,Islamic Art,Ewer,Ewer with Molded Inscriptions and Figures on Horseback,pitcher
47254,Asian Art,Vase,Miniature Vase,vase
208035,European Sculpture and Decorative Arts,Vase,Vase,vase
48285,Asian Art,Vase,Vase with ladies and plants,vase
770951,European Sculpture and Decorative Arts,Vase,Cuboid vase,vase
63084,Asian Art,Tea jar,Tea jar,jar
309439,The Michael C. Rockefeller Wing,Bottle,Warrior Bottle,bottle
205328,European Sculpture and Decorative Arts,Scent bottle,Scent bottle,bottle
208806,European Sculpture and Decorative Arts,Pilgrim bottle,Pilgrim bottle,bottle
49319,Asian Art,Baluster jar,Large Baluster Jar with Phoenix and Figure of Hawk on Lid,jar
309518,The Michael C. Rockefeller Wing,Bottle,Stirrup-spout bottle with figure carrying deer,bottle
48411,Asian Art,Jar,Jar with two lugs,jar
450480,Islamic Art,Bottle,Luster-Painted Bottle,bottle
47395,Asian Art,Wine bottle,Wine bottle,bottle
42424,Asian Art,Vase,Vase,vase
771035,European Sculpture and Decorative Arts,Vase,Vase,vase
308584,The Michael C. Rockefeller Wing,Bottle,Bottle with Incised Designs,bottle
468526,The Cloisters,Pharmacy jar,Pharmacy Jar,jar
449067,Islamic Art,Jug,Jug,jug
57438,Asian Art,Bottle,Bottle,bottle
208122,European Sculpture and Decorative Arts,Pomade pot,Pomade pot,pot
47723,Asian Art,Vase,Vase with poem and mythical beast,vase
199273,European Sculpture and Decorative Arts,Hot milk jug,Hot milk jug,jug
62694,Asian Art,Jar,Jar with Ivory Lid,jar
42192,Asian Art,Vase,Vase with dragon amid clouds,vase
199752,European Sculpture and Decorative Arts,Vase,Two-handled vase,vase
199261,European Sculpture and Decorative Arts,Cream jug,Cream jug,jug
449557,Islamic Art,Jar,Jar,jar
446673,Islamic Art,Jar,Jar,jar
231832,European Sculpture and Decorative Arts,Vase,Vase soliflore,vase
44427,Asian Art,Jar,Jar with Spiral Decoration and Cross Hatching,jar
308492,The Michael C. Rockefeller Wing,Jar,Blackware Vessel with Incised Patterns,jar
770922,European Sculpture and Decorative Arts,Moon flask,Moon flask with Japanese woman,flask
444507,Islamic Art,Bottle,Bottle,bottle
308530,The Michael C. Rockefeller Wing,Bottle,Stirrup Spout Bottle with Tattoed Head,bottle
49189,Asian Art,Vase,Bottle with Daoist Immortals,bottle
451361,Islamic Art,Vase,Vase,vase
52304,Asian Art,Wine bottle,Wine bottle,bottle
46946,Asian Art,Vase,Vase,vase
197571,European Sculpture and Decorative Arts,Cream jug,Cream jug,jug
449744,Islamic Art,Ewer,Ewer,pitcher
308648,The Michael C. Rockefeller Wing,Bottle,Double Spout and Bridge Bottle with Bird,bottle
452920,Islamic Art,Ewer,Ring-Shaped Ewer,pitcher
310193,The Michael C. Rockefeller Wing,Bottle,"Bottle, Geometric Designs",bottle
48637,Asian Art,Vase,Vase with immortals,vase
51032,Asian Art,Vase,Vase,vase
667254,Asian Art,Vase,Flower vase,vase
45868,Asian Art,Jar,Jar,jar
52046,Asian Art,Vase,Vase,vase
47280,Asian Art,Vase,Vase,vase
198941,European Sculpture and Decorative Arts,Storage jar,Storage jar (albarello) for mostarda,jar
465831,Medieval Art,Jar,Jar,jar
63189,Asian Art,Covered jar,Small Covered Jar with Design of Cherry Blossoms and Lambrequin Border,jar
765030,Medieval Art,Jug,Jug with Finely-Dressed Woman,jug
47353,Asian Art,Vase,Vase with Lion-Shaped Handles and Cranes amid Clouds,vase
448968,Islamic Art,Jar,Jar,jar
44742,Asian Art,Jar,Jar,jar
52810,Asian Art,Vase,Vase decorated with cranes amid clouds,vase
461497,Robert Lehman Collection,Vase,Small vase,vase
52753,Asian Art,Jar,Jar with scene of Wang Xizhi (303–361) watching geese,jar
42341,Asian Art,Vase,Vase with Magnolias,vase
48595,Asian Art,Vase,Vase,vase
308600,The Michael C. Rockefeller Wing,Bottle,Double Spout and Bridge Bottle with Bird Head,bottle
449362,Islamic Art,Jug,Jug,jug
49825,Asian Art,Covered jar,Covered Jar,jar
63103,Asian Art,Water pot,Water pot,pot
47720,Asian Art,Bottle,Bottle,bottle
310205,The Michael C. Rockefeller Wing,Bottle,"Bottle, Anthropomorphic Crab",bottle
63136,Asian Art,Tea jar,Tea jar,jar
51179,Asian Art,Vase,Vase in the shape of a gourd,vase
312935,The Michael C. Rockefeller Wing,Vessel,Bird jar,jar
449747,Islamic Art,Ewer,Ewer,pitcher
199415,European Sculpture and Decorative Arts,Jug,Jug,jug
770941,European Sculpture and Decorative Arts,Moon flask,Moon flask with mosquito motif,flask
37478,Asian Art,Covered jar,Covered Jar,jar
53856,Asian Art,Vase,Miniature Vase,vase
194587,European Sculpture and Decorative Arts,Jar,Screw-top jar (Schraubflasche),jar
205919,European Sculpture and Decorative Arts,Vase,Vase,vase
444486,Islamic Art,Vase,Vase,vase
52067,Asian Art,Covered jar,Covered Jar,jar
49136,Asian Art,Jar,Jar,jar
667258,Asian Art,Sake bottle,Sake bottle with chrysanthemums,bottle
199372,European Sculpture and Decorative Arts,Bottle cooler,Bottle cooler,bottle
62638,Asian Art,Jar,Jar,jar
449555,Islamic Art,Ewer,Ewer,pitcher
308577,The Michael C. Rockefeller Wing,Jar,Jar,jar
49268,Asian Art,Jar,Jar in Meiping Shape with Incised Floral Design,jar
47784,Asian Art,Vase,Vase,vase
207123,European Sculpture and Decorative Arts,Scent bottle,Scent bottle,bottle
52942,Asian Art,Bottle,Bottle,bottle
42209,Asian Art,Bottle,Moon-Shaped Bottle,bottle
52400,Asian Art,Bottle,Bottle,bottle
49323,Asian Art,Sake bottle,Sake Bottle in the Shape of a Gourd,bottle
47295,Asian Art,Vase,Vase with dragons,vase
62722,Asian Art,Covered pot,Water Jar with Plum Tree,jar
196601,European Sculpture and Decorative Arts,Jar with cover,Jar with cover,jar
770973,European Sculpture and Decorative Arts,Ewer,Ewer with quatrefoil motifs,pitcher
47973,Asian Art,Vase,Vase,vase
318291,The Michael C. Rockefeller Wing,Jar,"Jar, Geometric Pattern",jar
47757,Asian Art,Vase,Vase,vase
49833,Asian Art,Covered jar,Covered Jar,jar
319570,The Michael C. Rockefeller Wing,Bottle,Owl Bottle,bottle
50362,Asian Art,Jar with cover,Squared Jar with Cover (Fanghu),jar
52806,Asian Art,Vase,Vase,vase
62684,Asian Art,Bottle,Bottle,bottle
37558,Asian Art,Ewer,Ewer in the Form of a Phoenix,pitcher
770913,European Sculpture and Decorative Arts,Moon flask,Moon flask with Islamicizing floral motifs,flask
47806,Asian Art,Bottle,Bottle,bottle
449404,Islamic Art,Jug,Jug,jug
195780,European Sculpture and Decorative Arts,Jug,Jug,jug
316875,The Michael C. Rockefeller Wing,Jar,Jar,jar
50824,Asian Art,Vase,Vase with Daoist Immortals,vase
310601,The Michael C. Rockefeller Wing,Vessel,Vessel with ritual scene,vessel
309331,The Michael C. Rockefeller Wing,Bottle,Stirrup Spout Bottle with Figure,bottle
316175,The Michael C. Rockefeller Wing,Bottle,Stirrup-spout bottle with mouse,bottle
63122,Asian Art,Tea jar,Tea jar,jar
206796,European Sculpture and Decorative Arts,Ewer,Ewer,pitcher
51206,Asian Art,Vase,Vase,vase
770969,European Sculpture and Decorative Arts,Ewer,Ewer with twisted trunk handle,pitcher
42293,Asian Art,Oil bottle,Oil bottle decorated with peonies and chrysanthemums,bottle
52043,Asian Art,Vase,Vase,vase
47621,Asian Art,Vase,"Meiping vase  with peaches, pomegranades, and fingered citrons",vase
42011,Asian Art,Bottle,Bottle with cloud scrolls,bottle
63102,Asian Art,Tea jar with cover,Tea jar with cover,jar
769061,Islamic Art,Jar,Miniature Jar,jar
44728,Asian Art,Jar,Jar (Guan),jar
771063,European Sculpture and Decorative Arts,Lidded jar,Lidded jar,jar
47306,Asian Art,Vase,Hexagonal vase with stylized phoenix handles,vase
62545,Asian Art,Tea jar,Tea Jar,jar
309354,The Michael C. Rockefeller Wing,Bottle,Stirrup Spout Bottle with Couple,bottle
48776,Asian Art,Vase,Vase with figural scene,vase
460175,Robert Lehman Collection,Vase,Vase (vaso),vase
310520,The Michael C. Rockefeller Wing,Bottle,Urpu (jar),bottle
62943,Asian Art,Sake bottle,Sake bottle,bottle
449634,Islamic Art,Ewer,Ewer,pitcher
62606,Asian Art,Bottle,Bottle,bottle
477741,Medieval Art,Jug,Jug with Handle,jug
57406,Asian Art,Jar,Jar,jar
48305,Asian Art,Bottle vase,Bottle vase with dragon,vase
198974,European Sculpture and Decorative Arts,Pharmacy jar with cover,Lidded pharmacy jar with the personification of Fortuna,jar
449357,Islamic Art,Flask,Flask with Molded Decoration,flask
194479,European Sculpture and Decorative Arts,Jug,Jug,jug
463709,Medieval Art,Jug,Jug,jug
47157,Asian Art,Bottle,Bottle,bottle
45861,Asian Art,Vase with cover,Vase with cover,vase
50548,Asian Art,Bottle vase,Bottle Vase,vase
47214,Asian Art,Vase,Vase,vase
478437,Medieval Art,Vase,Vase,vase
48809,Asian Art,Bottle and cover,Bottle and cover,bottle
198432,European Sculpture and Decorative Arts,Jug,Jug with portrait of Frederick the Great,jug
308355,The Michael C. Rockefeller Wing,Bottle,"Double Spout Bottle, Felines",bottle
193062,European Sculpture and Decorative Arts,Jug,Jug,jug
309495,The Michael C. Rockefeller Wing,Bottle,"Jar, Fat Figure",bottle
52215,Asian Art,Jar,Small Jar,jar
207776,European Sculpture and Decorative Arts,Pitcher,Pitcher,pitcher
308602,The Michael C. Rockefeller Wing,Bottle,Single Spout Bottle with Resin Paint,bottle
460263,Robert Lehman Collection,Ring flask,Ring flask (fiasca d'anello),flask
447275,Islamic Art,Bottle,Bottle,bottle
48546,Asian Art,Vase,Vase,vase
308884,The Michael C. Rockefeller Wing,Bottle,Single Spout Monkey Figure Bottle with Strap Handle,bottle
460279,Robert Lehman Collection,Albarello,Maiolica: Apothecary jar (albarello),jar
63545,Asian Art,Jar,Wide-Mouthed Jar (Kame),jar
46755,Asian Art,Jar,Jar with flowers,jar
308883,The Michael C. Rockefeller Wing,Bottle,Seated Prisoner Single Spout Bottle,bottle
52624,Asian Art,Jar,Jar,jar
53157,Asian Art,Bottle,Recumbent bottle (Yokobe),bottle
45862,Asian Art,Amphora,Amphora with dragon-shaped handles,amphora
44688,Asian Art,Pitcher,Pitcher (Hu),pitcher
444948,Islamic Art,Bottle,Bottle,bottle
42317,Asian Art,Vase,Vase with Nine Peaches,vase
449736,Islamic Art,Ewer,Ewer,pitcher
48641,Asian Art,Bottle vase,Bottle vase with floral scrolls,vase
451763,Islamic Art,Ewer,Ewer,pitcher
309485,The Michael C. Rockefeller Wing,Bottle,Animal Bottle,bottle
48608,Asian Art,Vase,Square vase with scenes of four seasons,vase
309747,The Michael C. Rockefeller Wing,Bottle,Bridge and Spout Bottle in Animal Form,bottle
48216,Asian Art,Pot,Jar decorated with auspicious characters amid plants,jar
47313,Asian Art,Vase,Vase in the form of twin fish,vase
63548,Asian Art,Sake bottle,Sake Bottle (Tokkuri),bottle
193063,European Sculpture and Decorative Arts,Jug,Jug,jug
446903,Islamic Art,Jar,Jar,jar
49191,Asian Art,Vase,Large Vase with Cover and Design of Peacocks,vase
47281,Asian Art,Vase,Vase,vase
49272,Asian Art,Jar,Jar,jar
62757,Asian Art,Tea jar,Tea Jar,jar
47985,Asian Art,Jar,Small Jar (Kotsubo),jar
204046,European Sculpture and Decorative Arts,Jug,Jug,jug
307863,The Michael C. Rockefeller Wing,Bottle,Double-End Snake Bottle,bottle
680974,European Sculpture and Decorative Arts,Jar,Jar with the emblem of the Order of Saint Augustine,jar
53613,Asian Art,Freshwater jar (mizusashi),Freshwater Jar (Mizusashi),jar
57435,Asian Art,Bottle,Bottle,bottle
209256,European Sculpture and Decorative Arts,Jug,Jug,jug
46916,Asian Art,Vase,Meiping vase,vase
45845,Asian Art,Jar,Jar with floral sprays,jar
52975,Asian Art,Vase,Miniature vase with floral medallions,vase
52562,Asian Art,Flask,Flask with molded decoration,flask
310652,The Michael C. Rockefeller Wing,Bottle,Bottle with caiman,bottle
464680,Medieval Art,Jar,Pharmacy Jar,jar
449497,Islamic Art,Jar,Jar with Handles,jar
625629,Islamic Art,Vase,Vase,vase
50981,Asian Art,Vase,Vase,vase
444898,Islamic Art,Ewer,Ewer,pitcher
308294,The Michael C. Rockefeller Wing,Bottle,"Bottle, Falcon Head",bottle
198781,European Sculpture and Decorative Arts,Storage jar,Storage jar,jar
62937,Asian Art,Vase with lid,Vase with lid,vase
52685,Asian Art,Covered jar,Covered Jar,jar
629700,Asian Art,Freshwater jar (mizusashi),Freshwater jar,jar
48482,Asian Art,Vase,Vase,vase
37438,Asian Art,Vase with cover,Vase with Cover,vase
715459,Islamic Art,Vase,Ewer with Filter,pitcher
446217,Islamic Art,Vase,Pierced Blue Pot with Animals and Vegetal Scroll,pot
62763,Asian Art,Tea jar,Tea Jar,jar
317991,The Michael C. Rockefeller Wing,Vessel,Globular vessel with twine impressions,vessel
468169,Medieval Art,Pharmacy jar,Pharmacy Jar,jar
477748,Medieval Art,Vase,Vase,vase
47914,Asian Art,Vase,Vase with figures in a landscape,vase
52260,Asian Art,Jar,Jar with Chrysanthemums and Rocks,jar
460278,Robert Lehman Collection,Albarello,Apothecary jar (albarello),jar
315155,The Michael C. Rockefeller Wing,Bottle,Stirrup Spout Bottle with Warrior,bottle
52041,Asian Art,Vase,Vase with deer and pine tree,vase
50943,Asian Art,Vase,Vase with Warrior,vase
770928,European Sculpture and Decorative Arts,Vase,Vase with handles,vase
46921,Asian Art,Bottle vase,Bottle vase,vase
187702,European Sculpture and Decorative Arts,Jug,Jug,jug
199466,European Sculpture and Decorative Arts,Bottle,Bottle,bottle
308706,The Michael C. Rockefeller Wing,Bottle,"Bottle, Falcon",bottle
47983,Asian Art,Vase,Vase,vase
451834,Islamic Art,Ewer,Ewer with 'Tughra-Illuminator' Style Decoration,pitcher
63132,Asian Art,Tea jar,Tea jar,jar
308704,The Michael C. Rockefeller Wing,Bottle,Single Spout Bottle with Incised Rings,bottle
208546,European Sculpture and Decorative Arts,Bottle,Bottle,bottle
448394,Islamic Art,Bottle,Bottle,bottle
44424,Asian Art,Jar,Ovoid Jar (Hu),jar
42415,Asian Art,Vase,Vase,vase
42505,Asian Art,Flask,Flask with Medallion,flask
48284,Asian Art,Bottle,Double gourd bottle,bottle
46783,Asian Art,Jar,Jar,jar
52941,Asian Art,Vase,Vase,vase
202243,European Sculpture and Decorative Arts,Water jar,Water jar,jar
206629,European Sculpture and Decorative Arts,Vase,Vase,vase
48720,Asian Art,Jar,Large Jar,jar
42378,Asian Art,Covered jar,Covered jar,jar
42248,Asian Art,Vase,Vase in Meiping Shape,vase
50820,Asian Art,Vase,Vase,vase
57367,Asian Art,Vase,Vase,vase
39484,Asian Art,Bottle,Bottle with Peony and Rock,bottle
706316,Asian Art,Vase,Vase with poems in a panoramic landscape,vase
202581,European Sculpture and Decorative Arts,Jug,Jug with Portuguese arms,jug
476271,Medieval Art,Amphora,Amphora,amphora
200962,European Sculpture and Decorative Arts,Vase with cover,Vase with cover,vase
46726,Asian Art,Bottle,Bottle with floral pattern,bottle
48456,Asian Art,Jar,Jar,jar
198500,European Sculpture and Decorative Arts,Vase,Vase,vase
52808,Asian Art,Vase,Vase,vase
851661,Asian Art,Jar,Jar with lid,jar
205327,European Sculpture and Decorative Arts,Scent bottle,Scent bottle in the form of a nun reading a book,bottle
449063,Islamic Art,Jar,Jar,jar
63128,Asian Art,Tea jar,Tea jar,jar
471756,The Cloisters,Pharmacy jar,Pharmacy Jar,jar
448671,Islamic Art,Ewer,Pierced Jug with Harpies and Sphinxes,pitcher
57403,Asian Art,Jar,Jar,jar
770953,European Sculpture and Decorative Arts,Moon flask,Moon flask rust body with central reserve,flask
44423,Asian Art,Jar,Ovoid Jar (Hu),jar
465888,Medieval Art,Pharmacy jar,Pharmacy Jar,jar
451865,Islamic Art,Vase,Tulip Vase,vase
53468,Asian Art,Bottle,Bottle,bottle
48481,Asian Art,Jar,Jar,jar
308412,The Michael C. Rockefeller Wing,Bottle,Stirrup spout bottle with dignitary figure,bottle
447288,Islamic Art,Ewer,Ewer,pitcher
313145,The Michael C. Rockefeller Wing,Jar,Spouted jar,jar
49905,Asian Art,Amphora,Amphora with dragon-shaped handles,amphora
50740,Asian Art,Vase,Vase,vase
308363,The Michael C. Rockefeller Wing,Bottle,Spout-and-bridge bottle with feline face,bottle
458261,Islamic Art,Jar,Apothecary Jar with Running Hares and a Dog,jar
308712,The Michael C. Rockefeller Wing,Bottle,Double Spout and Bridge Bottle with Bird,bottle
62547,Asian Art,Tea jar,Tea Jar,jar
667257,Asian Art,Sake bottle,Sake bottle with flower medallions,bottle
46913,Asian Art,Vase,Hexagonal vase,vase
44448,Asian Art,Square flask,Square Flask,flask
314197,The Michael C. Rockefeller Wing,Bottle,Ceramic Whistling Vessel,bottle
57356,Asian Art,Jar,Jar,jar
52777,Asian Art,Vase,Vase with Poet Zhou Dunyi,vase
51050,Asian Art,Vase,Vase,vase
46614,Asian Art,Vase,Vase,vase
52626,Asian Art,Vase,Vase,vase
50998,Asian Art,Vase,Vase,vase
199337,European Sculpture and Decorative Arts,Toby jug,Toby jug,jug
451336,Islamic Art,Jar,Luster Jar with Medallions and Peacock-Eye Pattern,jar
46566,Asian Art,Bottle,Bottle,bottle
771046,European Sculpture and Decorative Arts,Vase,Vase with coiled dragon,vase
53628,Asian Art,Storage jar,Storage jar,jar
453308,Islamic Art,Bottle,Bottle,bottle
206914,European Sculpture and Decorative Arts,Bottle,Bottle,bottle
308585,The Michael C. Rockefeller Wing,Bottle,Double Spout and Bridge Bottle with Incised Design,bottle
207470,European Sculpture and Decorative Arts,Jug,Jug,jug
48581,Asian Art,Vase,Vase with mounted hunters,vase
460187,Robert Lehman Collection,Apothecary vase,Apothecary vase (vaso da farmacia),vase
205827,European Sculpture and Decorative Arts,Jug,Jug,jug
308588,The Michael C. Rockefeller Wing,Bottle,Single Spout Painted Bottle,bottle
308292,The Michael C. Rockefeller Wing,Bottle,"Bottle, Feline Face",bottle
46690,Asian Art,Jar with cover,Jar with Cover,jar
48570,Asian Art,Vase,Vase,vase
310538,The Michael C. Rockefeller Wing,Bottle,Bottle,bottle
53627,Asian Art,Jar,Jar,jar
309502,The Michael C. Rockefeller Wing,Bottle,"Bottle, Figure Showing Tunic",bottle
309378,The Michael C. Rockefeller Wing,Bottle,Stirrup Spout Bottle with Figure,bottle
49248,Asian Art,Covered jar,Covered jar with plum blossoms,jar
449424,Islamic Art,Jar,Jar,jar
46680,Asian Art,Vase,Vase,vase
449748,Islamic Art,Ewer,Ewer,pitcher
47624,Asian Art,Bottle,Bottle,bottle
50713,Asian Art,Vase,Vase in the shape of an ancient ritual beaker (gu),vase
57520,Asian Art,Bottle,Bottle,bottle
48841,Asian Art,Vase,Vase with archaistic decoration,vase
42290,Asian Art,Ewer,Covered Ewer,pitcher
748303,Asian Art,Pitcher,Water pitcher (Mizutsugi),pitcher
308657,The Michael C. Rockefeller Wing,Bottle,Double Spout and Bridge Bottle with Foxhead,bottle
197552,European Sculpture and Decorative Arts,Puzzle jug,Puzzle jug,jug
308608,The Michael C. Rockefeller Wing,Bottle,Single Spout Plain Bottle,bottle
307873,The Michael C. Rockefeller Wing,Bottle,Stirrup Spout Bottle with Wrinkled Face,bottle
37457,Asian Art,Bottle,Bottle with Bulbous Neck,bottle
62633,Asian Art,Tea jar,Tea Jar,jar
62668,Asian Art,Bottle,Bottle,bottle
205845,European Sculpture and Decorative Arts,Jug with cover,Jug with pewter cover,jug
50211,Asian Art,Bottle,Bottle in meiping shape with “tortoiseshell” glaze,bottle
52222,Asian Art,Jar,Jar,jar
51160,Asian Art,Double vase,Double Vase,vase
48842,Asian Art,Vase,Vase with millefleurs decoration,vase
194963,European Sculpture and Decorative Arts,Jug,Jug,jug
75831,Asian Art,Jar,Jar with Winged Animals over Waves,jar
38308,Asian Art,Covered jar,Covered Jar,jar
37557,Asian Art,Bottle,Bottle with Birds and Peony Scroll,bottle
308560,The Michael C. Rockefeller Wing,Bottle,"Bottle, Enthroned Figure",bottle
62635,Asian Art,Tea jar,Tea Jar,jar
447176,Islamic Art,Ewer,Ewer,pitcher
468159,Medieval Art,Pharmacy jar,Pharmacy Jar,jar
51019,Asian Art,Vase,Vase,vase
52026,Asian Art,Vase,Vase,vase
42200,Asian Art,Vase,Vase with Butterflies,vase
63057,Asian Art,Vase,Vase,vase
47531,Asian Art,Bottle,Bottle,bottle
308563,The Michael C. Rockefeller Wing,Jar,Bottle,bottle
208388,European Sculpture and Decorative Arts,Milk jug with cover,Milk jug with cover,jug
449117,Islamic Art,Jug,Jug,jug
463533,Medieval Art,Jug,Jug with Flattened Spout,jug
62589,Asian Art,Tea jar,Tea Jar,jar
48246,Asian Art,Vase,Vase in the form of a Neolithic ritual object cong,vase
50880,Asian Art,Vase,Vase,vase
48015,Asian Art,Flower vase,Flower Vase,vase
50886,Asian Art,Vase,Vase with flowers,vase
63099,Asian Art,Tea jar with cover,Tea jar with cover,jar
198507,European Sculpture and Decorative Arts,Vase with cover,Vase with cover,vase
475754,Medieval Art,Jug,Jug,jug
37479,Asian Art,Jar,Bulbous Jar with Narrow Neck,jar
50463,Asian Art,Bottle,Bottle,bottle
197605,European Sculpture and Decorative Arts,Cream jug,Cream jug,jug
309366,The Michael C. Rockefeller Wing,Bottle,Stirrup Spout Bottle with Couple,bottle
48768,Asian Art,Vase,Vase with floral scrolls,vase
44721,Asian Art,Jar,Jar (Guan),jar
623471,European Sculpture and Decorative Arts,Vase,Baluster-shaped vase,vase
47253,Asian Art,Bottle,Bottle,bottle
447674,Islamic Art,Jar,Jar,jar
191600,European Sculpture and Decorative Arts,Jug,Jug,jug
445269,Islamic Art,Ewer,Ewer,pitcher
42220,Asian Art,Vase,Vase with flowers of the four seasons,vase
37434,Asian Art,Bottle,Bottle,bottle
460185,Robert Lehman Collection,Apothecary bottle,Apothecary bottle (fiasca da farmacia),bottle
46929,Asian Art,Jar,Jar,jar
448541,Islamic Art,Ewer,Ewer,pitcher
194231,European Sculpture and Decorative Arts,Scent bottle,Scent bottle in the form of a hunter,bottle
63090,Asian Art,Tea jar,Bosom of Grandmother (Sobokai),jar
310364,The Michael C. Rockefeller Wing,Vessel,Vessel with mythological scene,vessel
48575,Asian Art,Vase,Vase,vase
447185,Islamic Art,Ewer,Ewer,pitcher
449876,Islamic Art,Ewer,Ewer,pitcher
46276,Asian Art,Covered flask,Covered flask with poet Li Bai and landscape,flask
460676,Robert Lehman Collection,Vase,Small bottle-shaped vase,vase
199111,European Sculpture and Decorative Arts,Toilet jar,Toilet jar,jar
61634,Asian Art,Vase,Vase with abstract decoration,vase
310568,The Michael C. Rockefeller Wing,Bottle,Bottle with deity,bottle
52976,Asian Art,Vase,Vase with landscape decoration,vase
42486,Asian Art,Bottle,Bottle with vegetal scrolls,bottle
192801,European Sculpture and Decorative Arts,Vase with cover,Vase with cover,vase
193077,European Sculpture and Decorative Arts,Jug,Jug,jug
197232,European Sculpture and Decorative Arts,Pilgrim bottle,Pilgrim bottle,bottle
460276,Robert Lehman Collection,Albarello,Apothecary jar (albarello),jar
671536,European Sculpture and Decorative Arts,Jug,Face jug,jug
460900,Robert Lehman Collection,Vase,Amphora vase,amphora
48757,Asian Art,Covered jar,Covered jar with flowers,jar
47945,Asian Art,Vase,Quadrangular vase in the form of a Neolithic ritual jade object (Cong),vase
309323,The Michael C. Rockefeller Wing,Bottle,Stirrup Spout Bottle with Sleeping Man,bottle
50777,Asian Art,Vase,Vase,vase
47696,Asian Art,Bottle,Bottle,bottle
448429,Islamic Art,Bottle,Bottle,bottle
460268,Robert Lehman Collection,Albarello,Apothecary jar (albarello),jar
51024,Asian Art,Jar,Jar,jar
465895,Medieval Art,Bottle,Bottle,bottle
50226,Asian Art,Jar,Jar,jar
198947,European Sculpture and Decorative Arts,Albarello,Albarello,jar
468165,Medieval Art,Jar,Two-Handled Jar with Stag,jar
448544,Islamic Art,Jar,Jar,jar
239359,European Sculpture and Decorative Arts,Vase,Vase with reaper,vase
670809,European Sculpture and Decorative Arts,Pitcher,Pitcher,pitcher
50952,Asian Art,Vase,Vase,vase
308646,The Michael C. Rockefeller Wing,Bottle,Double Spout and Bridge Bottle with Bird,bottle
47609,Asian Art,Jar,Jar with theatrical scene,jar
47183,Asian Art,Vase,Vase,vase
37476,Asian Art,Covered jar,Covered Jar,jar
451609,Islamic Art,Ewer,Ewer,pitcher
62760,Asian Art,Tea jar,Tea Jar,jar
447070,Islamic Art,Ewer,Ewer with Sailing-Ship Design,pitcher
42355,Asian Art,Vase,Vase,vase
460659,Robert Lehman Collection,Jar,"Jar, Jun ware",jar
770971,European Sculpture and Decorative Arts,Vase,Cylindrical vase with cattail motif,vase
47375,Asian Art,Bottle,Bottle,bottle
309446,The Michael C. Rockefeller Wing,Bottle,Snarling Feline Bottle,bottle
307614,The Michael C. Rockefeller Wing,Jar,Foot Jar,jar
314694,The Michael C. Rockefeller Wing,Bottle,Stirrup Spout Bottle with Long Necked Birds,bottle
449851,Islamic Art,Jar,Jar,jar
317786,The Michael C. Rockefeller Wing,Bottle,Double-spout bottle with flying figure,bottle
63942,Asian Art,Water jar,Water jar,jar
44467,Asian Art,Covered jar,Covered Jar,jar
312606,The Michael C. Rockefeller Wing,Bottle,Double Spout and Bridge Bottle with Bird Handle,bottle
308586,The Michael C. Rockefeller Wing,Bottle,Bottle with Incised Designs,bottle
453623,Islamic Art,Jar,Storage Jar,jar
62656,Asian Art,Tea jar,Tea Jar,jar
194395,European Sculpture and Decorative Arts,Ewer,Ewer,pitcher
445268,Islamic Art,Vase,Vase,vase
309389,The Michael C. Rockefeller Wing,Bottle,Urpu (jar),bottle
471836,The Cloisters,Jug,Jug,jug
308446,The Michael C. Rockefeller Wing,Bottle,Black Slip Bottle,bottle
185902,European Sculpture and Decorative Arts,Jug with cover,Jug with cover,jug
309753,The Michael C. Rockefeller Wing,Bottle,Stirrup Spout Bottle with Fish,bottle
206522,European Sculpture and Decorative Arts,Potpourri vase,Potpourri vase (pot-pourri à jour),vase
49207,Asian Art,Vase,Vase with abstract scroll decoration,vase
48507,Asian Art,Ewer,Ewer,pitcher
46815,Asian Art,Bottle,Gourd-shaped bottle,bottle
37555,Asian Art,Ewer,Ewer,pitcher
206107,European Sculpture and Decorative Arts,Flower vase,Flower vase (cuvette Mahon),vase
47432,Asian Art,Vase,Vase,vase
46544,Asian Art,Jar,Jar,jar
463546,Medieval Art,Pitcher,Pitcher,pitcher
46623,Asian Art,Bottle vase,Bottle vase,vase
201290,European Sculpture and Decorative Arts,Wall vase,Wall vase,vase
51005,Asian Art,Vase,Vase,vase
52656,Asian Art,Vase,Vase in the shape of a double gourd,vase
49363,Asian Art,Flask,Flask,flask
307615,The Michael C. Rockefeller Wing,Jar,Foot Jar,jar
52401,Asian Art,Bottle,Square Bottle,bottle
446652,Islamic Art,Bottle,"Bottle with Figures Riding Buffaloes or Antilopes, and Monkeys",bottle
465882,Medieval Art,Jug,Jug,jug
662967,The Michael C. Rockefeller Wing,Vase,Vessel with mythological scene,vase
308452,The Michael C. Rockefeller Wing,Bottle,Fox Effigy Bottle,bottle
314695,The Michael C. Rockefeller Wing,Bottle,Stirrup Spout Bottle with Reclining Llama,bottle
49914,Asian Art,Vase,Vase,vase
452025,Islamic Art,Ewer,Ewer,pitcher
46704,Asian Art,Vase,Meiping vase,vase
308647,The Michael C. Rockefeller Wing,Bottle,Double Spout and Bridge Bottle with Bird,bottle
50547,Asian Art,Ewer with cover,Ewer with Cover,pitcher
771047,European Sculpture and Decorative Arts,Vase,Vase,vase
48697,Asian Art,Vase,Vase with flower and rock,vase
52029,Asian Art,Vase,Vase,vase
48593,Asian Art,Covered jar,Covered Jar,jar
318602,The Michael C. Rockefeller Wing,Vessel,Vessel with face-neck,vessel
308557,The Michael C. Rockefeller Wing,Bottle,"Bottle, Death Scene (?)",bottle
461222,Robert Lehman Collection,Vase,Small vase,vase
48591,Asian Art,Vase,Vase,vase
202967,European Sculpture and Decorative Arts,Jar with cover,Jar with cover,jar
46560,Asian Art,Bottle vase,Bottle vase,vase
48466,Asian Art,Vase,Meiping vase with floral scrolls,vase
62541,Asian Art,Vase,Vase in Shape of a Bamboo Joint,vase
57405,Asian Art,Jar,Jar,jar
308545,The Michael C. Rockefeller Wing,Bottle,Stirrup Spout Bottle with Kneeling Leper,bottle
46930,Asian Art,Bottle vase,Bottle vase,vase
476304,Medieval Art,Jar,Jar,jar
47427,Asian Art,Vase,Vase,vase
204380,European Sculpture and Decorative Arts,Pitcher,Pitcher,pitcher
207564,European Sculpture and Decorative Arts,Vase,Vase,vase
771043,European Sculpture and Decorative Arts,Moon flask,Moon flask with white grape leaf motifs,flask
309325,The Michael C. Rockefeller Wing,Bottle,Stirrup Spout Bottle with Figure,bottle
449883,Islamic Art,Ewer,Ewer,pitcher
205382,European Sculpture and Decorative Arts,Jug,Jug,jug
207404,European Sculpture and Decorative Arts,Ewer,Ewer,pitcher
50333,Asian Art,Water jar,Freshwater Jar (Mizusashi) with Plants and Auspicious Motifs,jar
317989,The Michael C. Rockefeller Wing,Vessel,Long-necked vessel,vessel
478668,Medieval Art,Jar,Jar,jar
460144,Robert Lehman Collection,Albarello,Apothecary jar (albarello),jar
47223,Asian Art,Hanging vase,Hanging Vase,vase
51222,Asian Art,Vase,Vase,vase
53006,Asian Art,Ewer,Ewer (Suichū) with Cherry Blossoms and Picnic Curtain,pitcher
770975,European Sculpture and Decorative Arts,Vase,Triple cylindrical body vase with ivy motif,vase
36446,Asian Art,Jar,Jar (Hu),jar
308556,The Michael C. Rockefeller Wing,Bottle,"Bottle, Death Scene (?)",bottle
194251,European Sculpture and Decorative Arts,Jug,Jug,jug
451431,Islamic Art,Vase,Vase,vase
49214,Asian Art,Ewer,Ewer,pitcher
50473,Asian Art,Vase,Vase with Floral and Landscape Decor,vase
62611,Asian Art,Tea jar,Tea Jar,jar
848435,European Sculpture and Decorative Arts,Jug,Jug with flowers and peacock,jug
50356,Asian Art,Ewer,Wine Ewer with Chrysanthemums and Lotus Flowers,pitcher
46571,Asian Art,Vase,Miniature Vase,vase
49900,Asian Art,Jar,Jar,jar
42376,Asian Art,Amphora,Phoenix headed amphora,amphora
479661,The Cloisters,Jug,Face Jug,jug
52217,Asian Art,Jar,Jar (Tsubo) with Chrysanthemums,jar
467958,Medieval Art,Pharmacy jar,Pharmacy Jar,jar
197515,European Sculpture and Decorative Arts,Water bottle,Water bottle,bottle
460134,Robert Lehman Collection,Jug,Armorial jug (boccale),jug
471757,The Cloisters,Pharmacy jar,Pharmacy Jar,jar
63088,Asian Art,Tea jar,Tea jar,jar
42240,Asian Art,Vase,Vase in Form of Archaic Bronze,vase
446888,Islamic Art,Jar,Jar,jar
205322,European Sculpture and Decorative Arts,Scent bottle,The Three Graces,bottle
468395,Medieval Art,Jug,Jug,jug
49898,Asian Art,Jar,Jar (Guan),jar
477269,Medieval Art,Jug,Jug with Cruces Gammatae,jug
38546,Asian Art,Vase,Vase,vase
52517,Asian Art,Vase,Vase,vase
75915,Asian Art,Jar,Storage Jar,jar
201695,European Sculpture and Decorative Arts,Perfume bottle,Perfume bottle,bottle
47373,Asian Art,Vase,Vase,vase
44722,Asian Art,Jar,Jar (Guan),jar
308540,The Michael C. Rockefeller Wing,Bottle,Stirrup Spout Bottle with Seated Figure,bottle
53944,Asian Art,Bottle,Bottle,bottle
487292,Modern and Contemporary Art,Vase with cover,Vase with cover,vase
308615,The Michael C. Rockefeller Wing,Bottle,Single Spout Bottle in Melon Form,bottle
204356,European Sculpture and Decorative Arts,Pitcher,Pitcher,pitcher
42477,Asian Art,Bottle,Bottle with Lotus Scroll,bottle
47660,Asian Art,Covered jar,Covered jar with plum blossoms,jar
48156,Asian Art,Vase,Yuhuchun vase with lotus petals,vase
465885,Medieval Art,Jug,Jug,jug
48734,Asian Art,Vase,Vase,vase
314524,The Michael C. Rockefeller Wing,Vessel,Cylindrical Vessel,vessel
308532,The Michael C. Rockefeller Wing,Bottle,Tuber-inspired stirrup-spout bottle,bottle
42450,Asian Art,Bottle,Bottle,bottle
52936,Asian Art,Vase,Vase,vase
449455,Islamic Art,Jar,Jar,jar
48560,Asian Art,Bottle,Bottle,bottle
468396,Medieval Art,Flask,Flask,flask
312632,The Michael C. Rockefeller Wing,Bottle,Stirrup-spout bottle with combat scene,bottle
200892,European Sculpture and Decorative Arts,Jug,Jug,jug
444497,Islamic Art,Bottle,Bottle,bottle
199110,European Sculpture and Decorative Arts,Potpourri jar with cover,Potpourri jar with cover,jar
307868,The Michael C. Rockefeller Wing,Bottle,Bridge and Spout Bottle with Falcoln,bottle
203607,European Sculpture and Decorative Arts,Jar with cover,Jar with cover,jar
39559,Asian Art,Vase,Vase,vase
205476,European Sculpture and Decorative Arts,Vase with cover,Vase with cover,vase
46919,Asian Art,Vase,Meiping vase,vase
444508,Islamic Art,Bottle,Bottle Depicting a Peacock in Foliage,bottle
770927,European Sculpture and Decorative Arts,Bottle,Bottle vase with handles,bottle
318603,The Michael C. Rockefeller Wing,Bottle,Figure Stirrup Spout Jar,bottle
308464,The Michael C. Rockefeller Wing,Bottle,"Bottle, Gourds",bottle
47290,Asian Art,Bottle,Double gourd bottle,bottle
770959,European Sculpture and Decorative Arts,Moon flask,Moon flask with gilt floral decoration on pink ground,flask
206073,European Sculpture and Decorative Arts,Scent bottle,Scent bottle in the form of a swan,bottle
471754,The Cloisters,Pharmacy jar,Pharmacy Jar,jar
308301,The Michael C. Rockefeller Wing,Bottle,Bottle,bottle
308510,The Michael C. Rockefeller Wing,Bottle,"Bottle, Warriors",bottle
444478,Islamic Art,Bottle,Bottle with Incised Decoration,bottle
52932,Asian Art,Vase,Vase decorated with flowers and butterflies,vase
314954,The Michael C. Rockefeller Wing,Vessel,Paccha (ritual vessel),vessel
465874,Medieval Art,Jar,Jar,jar
446946,Islamic Art,Jar,Jar,jar
447464,Islamic Art,Vase,Vase,vase
471752,The Cloisters,Pharmacy jar,Pharmacy Jar,jar
52921,Asian Art,Bottle,Bottle,bottle
477278,Medieval Art,Jug,Jug,jug
308570,The Michael C. Rockefeller Wing,Bottle,Bottle with masked figure,bottle
309496,The Michael C. Rockefeller Wing,Bottle,"Bottle, Sleeping Figure",bottle
42204,Asian Art,Vase,Vase with Flowering Plants and Birds,vase
42265,Asian Art,Bottle,Bottle,bottle
44747,Asian Art,Jar,Square Jar,jar
449708,Islamic Art,Jar,Jar,jar
201054,European Sculpture and Decorative Arts,Milk jug with cover,Milk jug with cover,jug
48660,Asian Art,Vase,Vase,vase
200911,European Sculpture and Decorative Arts,Scent bottle,Scent bottle,bottle
310673,The Michael C. Rockefeller Wing,Jar,Jar,jar
310654,The Michael C. Rockefeller Wing,Bottle,Stirrup-spout bottle with fruits,bottle
46565,Asian Art,Vase,Vase,vase
207847,European Sculpture and Decorative Arts,Cider jug,Cider jug,jug
48432,Asian Art,Jar,Jar,jar
49425,Asian Art,Sake bottle,Octagonal Sake Bottle with Landscape Design,bottle
308487,The Michael C. Rockefeller Wing,Bottle,Double Spouted Vessel with Snake,bottle
37475,Asian Art,Covered jar,Covered Jar with Four Lugs,jar
207779,European Sculpture and Decorative Arts,Moon flask,Moon flask,flask
50563,Asian Art,Jar,Jar (Guan),jar
51213,Asian Art,Jar,Jar,jar
199765,European Sculpture and Decorative Arts,Cream jug,Cream jug,jug
452082,Islamic Art,Jug,Jug with Floral Decoration,jug
37455,Asian Art,Bottle,Bottle with Bulbous Neck,bottle
52984,Asian Art,Vase,Vase,vase
317831,The Michael C. Rockefeller Wing,Jar,Jar,jar
456054,Islamic Art,Jar,Jar,jar
201299,European Sculpture and Decorative Arts,Hot milk jug,Hot milk jug,jug
463085,Medieval Art,Pharmacy jar,Pharmacy Jar,jar
460652,Robert Lehman Collection,Ewer,"Phoenix-head ewer, Tang sancai ware",pitcher
47347,Asian Art,Vase,Vase with poem on marbled ground,vase
187794,European Sculpture and Decorative Arts,Albarello,Albarello,jar
52506,Asian Art,Jar,Jar,jar
308549,The Michael C. Rockefeller Wing,Bottle,Stirrup Spout Bottle with Figure Holding Feline,bottle
192034,European Sculpture and Decorative Arts,Harvest jug,Harvest jug,jug
199534,European Sculpture and Decorative Arts,Pilgrim bottle,Miniature pilgrim bottle,bottle
48338,Asian Art,Vase,Meiping vase with flowers,vase
46869,Asian Art,Vase,Vase with landscape,vase
192014,European Sculpture and Decorative Arts,Cream jug,Cream jug,jug
200894,European Sculpture and Decorative Arts,Jug,Jug,jug
51049,Asian Art,Jar,Jar,jar
449403,Islamic Art,Jug,Jug,jug
468400,Medieval Art,Jug,Jug,jug
444516,Islamic Art,Bottle,Bottle with Deer in Landscape,bottle
448700,Islamic Art,Jar,Jar,jar
204047,European Sculpture and Decorative Arts,Jug,Jug,jug
52383,Asian Art,Water jar,Water jar,jar
62764,Asian Art,Tea jar,Tea Jar,jar
63069,Asian Art,Tea jar,Tea jar,jar
446900,Islamic Art,Ewer,Ewer,pitcher
50692,Asian Art,Vase,Vase,vase
447137,Islamic Art,Ewer,Ewer,pitcher
62587,Asian Art,Tea jar,Tea Jar,jar
45848,Asian Art,Covered jar,Covered jar with flowers,jar
468524,The Cloisters,Pharmacy jar,Pharmacy Jar,jar
47316,Asian Art,Vase,Vase,vase
47725,Asian Art,Vase,Vase,vase
670991,Asian Art,Jar,Widemouthed jar (kame) with wave pattern,jar
47942,Asian Art,Vase,Vase,vase
49269,Asian Art,Flower vase,Flower Vase with Stamped Design of Lotus,vase
449426,Islamic Art,Ewer,Ewer,pitcher
48777,Asian Art,Covered jar,Covered jar with landscape and flowers,jar
449081,Islamic Art,Jar,Jar,jar
309438,The Michael C. Rockefeller Wing,Bottle,Bird Warrior Bottle,bottle
478988,The Cloisters,Pitcher,Pitcher,pitcher
50765,Asian Art,Ewer,Ewer,pitcher
46934,Asian Art,Vase,Vase,vase
47635,Asian Art,Bottle,Bottle,bottle
308707,The Michael C. Rockefeller Wing,Bottle,Double Spout and Bridge Bottle with Bird,bottle
310465,The Michael C. Rockefeller Wing,Bottle,Bridge and Spout Bottle,bottle
448985,Islamic Art,Ewer,Ewer,pitcher
199732,European Sculpture and Decorative Arts,Vase or jar,Vase or jar,jar
48603,Asian Art,Vase,Vase,vase
46818,Asian Art,Jar,Jar,jar
206669,European Sculpture and Decorative Arts,Flask,Flask,flask
48631,Asian Art,Vase,Bottle vase with floral scrolls,vase
198940,European Sculpture and Decorative Arts,Ewer,Double-spouted armorial ewer,pitcher
309355,The Michael C. Rockefeller Wing,Bottle,Stirrup Spout Bottle with Couple,bottle
48307,Asian Art,Vase,Meiping vase,vase
449872,Islamic Art,Ewer,Ewer,pitcher
50830,Asian Art,Vase,Vase with figural scene,vase
48596,Asian Art,Bottle,Long neck bottle,bottle
47946,Asian Art,Holder for magic straws,Quadrangular vase in the form of a Neolithic ritual jade object (cong),vase
452084,Islamic Art,Bottle,Bottle with Running Quadrupeds,bottle
49533,Asian Art,Jar,Jar (Labakou Hu),jar
770970,European Sculpture and Decorative Arts,Vase,Triple vase in form of bamboo,vase
52055,Asian Art,Vase,Vase,vase
643549,The Cloisters,Jug,Jug with Applied decoration,jug
309400,The Michael C. Rockefeller Wing,Bottle,Single Spout Bottle in Figure Form,bottle
201756,European Sculpture and Decorative Arts,Jug,Bellarmine or Bartman jug,jug
51045,Asian Art,Jar,Jar with peony scroll,jar
476252,Medieval Art,Vase,Vase,vase
52479,Asian Art,Wine bottle,Wine bottle,bottle
200730,European Sculpture and Decorative Arts,Pilgrim bottle with cover,Pilgrim bottle with cover,bottle
48632,Asian Art,Covered jar,Covered jar with birds and flowers,jar
314698,The Michael C. Rockefeller Wing,Bottle,Bridge and Spout Bottle with Seated Prisoner,bottle
194961,European Sculpture and Decorative Arts,Jug,Jug,jug
39528,Asian Art,Jar,Jar with Handles,jar
196359,European Sculpture and Decorative Arts,Vase with stopper,Vase with stopper,vase
199132,European Sculpture and Decorative Arts,Caddy,Tea caddy,vessel
48773,Asian Art,Vase,Vase,vase
37454,Asian Art,Bottle,Bottle with Stopper,bottle
50311,Asian Art,Jar,Jar,jar
447120,Islamic Art,Vase,Vase,vase
318475,The Michael C. Rockefeller Wing,Bottle,Spouted Vessel,bottle
460678,Robert Lehman Collection,Covered vase,Small covered vase,vase
52662,Asian Art,Vase,Vase,vase
63035,Asian Art,Wine bottle,"Sake Bottle with Design of Leaves, Vines, and Waves",bottle
313286,The Michael C. Rockefeller Wing,Bottle,Bottle (Florero),bottle
47053,Asian Art,Vase,Vase,vase
206385,European Sculpture and Decorative Arts,Ewer,Ewer,pitcher
475756,Medieval Art,Jug,Jug,jug
309359,The Michael C. Rockefeller Wing,Bottle,Stirrup Spout Bottle with Couple,bottle
208450,European Sculpture and Decorative Arts,Vase,Vase with coiling dragon,vase
47380,Asian Art,Bottle,Ring Bottle,bottle
308491,The Michael C. Rockefeller Wing,Bottle,Miniature Effigy Vessel,bottle
47915,Asian Art,Vase,Square Vase,vase
47483,Asian Art,Vase,Vase,vase
452683,Islamic Art,Bottle,Bottle,bottle
42311,Asian Art,Brush holder,Brush holder with lotus decoration,vessel
312571,The Michael C. Rockefeller Wing,Jar,Jar,jar
49859,Asian Art,Vase,Vase,vase
51017,Asian Art,Vase,Vase,vase
204396,European Sculpture and Decorative Arts,Clock vase,Clock vase,vase
310496,The Michael C. Rockefeller Wing,Bottle,Stirrup-spout bottle,bottle
191778,European Sculpture and Decorative Arts,Albarello,Albarello,jar
205335,European Sculpture and Decorative Arts,Scent bottle,Scent bottle,bottle
848434,European Sculpture and Decorative Arts,Jug,Jug with coat-of-arms of the Cleminius Family,jug
52639,Asian Art,Jar,Jar,jar
828493,Asian Art,Freshwater jar,"Freshwater Jar (Mizusashi), Named “Hotei”",jar
62771,Asian Art,Tea jar,Tea Jar,jar
310209,The Michael C. Rockefeller Wing,Bottle,Figure Bottle,bottle
47074,Asian Art,Tea jar,Sencha Tea Jar with Phoenixes and Peonies in the Cochin (Kōchi) Style,jar
47495,Asian Art,Bottle vase,Bottle vase with floral scrolls,vase
62533,Asian Art,Bottle,Gourd-Shaped Bottle,bottle
478433,Medieval Art,Jug,Jug,jug
204026,European Sculpture and Decorative Arts,Jug,Jug,jug
316721,The Michael C. Rockefeller Wing,Bottle,Bottle with Snake,bottle
314636,The Michael C. Rockefeller Wing,Jar,Jar,jar
42694,Asian Art,Jar,"Jar with Painted Decoration of  ""Frog"" Pattern",jar
313156,The Michael C. Rockefeller Wing,Jar,Jar with Cut Maguey Leaves,jar
449902,Islamic Art,Jar,Jar,jar
42432,Asian Art,Jar,Jar with Peony Scroll,jar
48129,Asian Art,Covered jar,Covered jar with handles,jar
204753,European Sculpture and Decorative Arts,Toby jug,Toby jug,jug
46887,Asian Art,Vase,Vase,vase
449400,Islamic Art,Jug,Jug,jug
204384,European Sculpture and Decorative Arts,Jug,Jug,jug
46562,Asian Art,Vase,Vase,vase
47820,Asian Art,Water jar,Water Jar,jar
308455,The Michael C. Rockefeller Wing,Bottle,Double-spout bottle,bottle
49273,Asian Art,Storage jar,Storage jar,jar
447146,Islamic Art,Ewer,Ewer,pitcher
197993,European Sculpture and Decorative Arts,Jug,Jug,jug
47196,Asian Art,Bottle,Bottle for Sweets,bottle
449070,Islamic Art,Jug,Jug,jug
453047,Islamic Art,Vase,Vase,vase
449743,Islamic Art,Jar,Jar,jar
47633,Asian Art,Vase,Vase,vase
308477,The Michael C. Rockefeller Wing,Jar,Foot Jar,jar
447229,Islamic Art,Bottle,Bottle,bottle
47065,Asian Art,Bottle,Bottle with One Handle,bottle
48331,Asian Art,Bottle vase,Minature bottle vase,vase
675862,European Sculpture and Decorative Arts,Jug,Jug,jug
46956,Asian Art,Vase,Vase,vase
42229,Asian Art,Vase,Vase,vase
47939,Asian Art,Bottle,Bottle,bottle
188998,European Sculpture and Decorative Arts,Jar with cover,Jar with cover,jar
308409,The Michael C. Rockefeller Wing,Bottle,Stirrup-spout bottle with deer,bottle
771028,European Sculpture and Decorative Arts,Moon flask,Moon flask with fish vase holding orchid spray,flask
308439,The Michael C. Rockefeller Wing,Bottle,Bridge and Spout Bottle with Head,bottle
49364,Asian Art,Covered jar,Covered jar with landscape scenes,jar
194383,European Sculpture and Decorative Arts,Water jug,Water jug,jug
42249,Asian Art,Vase,Vase,vase
200670,European Sculpture and Decorative Arts,Vase,Vase,vase
45833,Asian Art,Vase,Vase,vase
42202,Asian Art,Bottle,Bottle with Dragon Chasing Pearl,bottle
199582,European Sculpture and Decorative Arts,Bottle,Bottle,bottle
47506,Asian Art,Bottle,Bottle,bottle
310192,The Michael C. Rockefeller Wing,Bottle,"Bottle, Geometric Designs",bottle
48742,Asian Art,Covered jar,Covered jar with birds and flowers,jar
308643,The Michael C. Rockefeller Wing,Bottle,Double Spout and Bridge Bottle with Bird,bottle
199579,European Sculpture and Decorative Arts,Spill vase,Spill vase,vase
51080,Asian Art,Pilgrim bottle,Pilgrim Bottle,bottle
47056,Asian Art,Hanging flower vase,Hanging Flower Vase,vase
204378,European Sculpture and Decorative Arts,Pitcher,Pitcher,pitcher
51359,Asian Art,Vase,Maebyeong,vase
202193,European Sculpture and Decorative Arts,Vase,Potpourri vase (pot-pourri à vaisseau),vase
452615,Islamic Art,Ewer,Ewer,pitcher
50883,Asian Art,Vase,Vase,vase
48663,Asian Art,Bottle,Bottle,bottle
442873,Islamic Art,Vase,Vase,vase
487474,Modern and Contemporary Art,Vase,Vase,vase
312486,The Michael C. Rockefeller Wing,Bottle,Double Spout Bottle,bottle
310195,The Michael C. Rockefeller Wing,Bottle,"Bottle, Head",bottle
309367,The Michael C. Rockefeller Wing,Bottle,Stirrup Spout Bottle with Phallic Figure,bottle
46589,Asian Art,Vase,Vase with figures,vase
199745,European Sculpture and Decorative Arts,Albarello,Storage Jar (Albarello),jar
46637,Asian Art,Bottle,Sake Bottle (Tokkuri),bottle
200875,European Sculpture and Decorative Arts,Vase with cover,Vase with cover,vase
460180,Robert Lehman Collection,Apothecary vase,Apothecary vase (vaso da farmacia),vase
318618,The Michael C. Rockefeller Wing,Bottle,Painted Single Spout Bottle,bottle
309370,The Michael C. Rockefeller Wing,Bottle,Stirrup Spout Bottle with Ai-Apec,bottle
52780,Asian Art,Vase,Vase,vase
42226,Asian Art,Vase,Vase in Meiping Shape,vase
47845,Asian Art,Jar,Jar,jar
195766,European Sculpture and Decorative Arts,Jar,Albarello with arms of Leonardo Buonafede,jar
46711,Asian Art,Jar,Jar,jar
308703,The Michael C. Rockefeller Wing,Bottle,Figure Jar,bottle
42310,Asian Art,Bottle,Square bottle,bottle
44733,Asian Art,Funerary urn,Funerary Urn (Hunping),jar
39531,Asian Art,Bottle,Bottle with abstract flowers and leaves,bottle
42336,Asian Art,Bottle,Wine bottle with decoration of landscape and poem,bottle
475753,Medieval Art,Jar,Jar,jar
39500,Asian Art,Jar,Globular Jar,jar
477279,Medieval Art,Jug,Jug,jug
62614,Asian Art,Bottle,Bottle,bottle
42282,Asian Art,Oil bottle,Oil bottle decorated with peony leaves,bottle
195302,European Sculpture and Decorative Arts,Milk jug,Milk jug (pot à lait à pieds),jug
446898,Islamic Art,Ewer,Ewer with Horsemen Inscribed in Arabic with Good Wishes to its Owner,pitcher
62626,Asian Art,Jar,Jar,jar
47788,Asian Art,Water jar,Water Jar,jar
9180,European Sculpture and Decorative Arts,Urn,Urn,jar
46548,Asian Art,Vase,Prunus Vase,vase
50357,Asian Art,Bottle,Bottle decorated with chrysanthemums and lotus petals,bottle
42447,Asian Art,Vase,Vase with dragonfish handles,vase
239504,European Sculpture and Decorative Arts,Vase,Small vase with birds,vase
315688,The Michael C. Rockefeller Wing,Bottle,Stirrup Spout Bottle with Llama Head,bottle
308640,The Michael C. Rockefeller Wing,Bottle,Double Spout and Bridge Bottle with Bird,bottle
670987,Asian Art,Freshwater jar (mizusashi),Freshwater jar (Mizusashi),jar
52960,Asian Art,Vase,Vase,vase
48855,Asian Art,Vase,Vase,vase
47897,Asian Art,Covered jar,Jar with Female Rider,jar
201752,European Sculpture and Decorative Arts,Jug,Jug,jug
46978,Asian Art,Bottle,Bottle,bottle
460145,Robert Lehman Collection,Albarello,Apothecary jar (albarello),jar
52214,Asian Art,Bottle,Bottle,bottle
199238,European Sculpture and Decorative Arts,Jug,Jug,jug
47638,Asian Art,Bottle,Bottle,bottle
310481,The Michael C. Rockefeller Wing,Bottle,Bottle,bottle
42549,Asian Art,Jar,Jar with carp in lotus pond,jar
318604,The Michael C. Rockefeller Wing,Bottle,Stirrup Spout Bottle,bottle
47822,Asian Art,Hanging vase,Hanging Vase,vase
47944,Asian Art,Vase,Vase,vase
313307,The Michael C. Rockefeller Wing,Bottle,Stirrup Spout Bottle,bottle
309332,The Michael C. Rockefeller Wing,Bottle,Stirrup Spout Bottle with Figure,bottle
48627,Asian Art,Jar,Jar with floral patterns,jar
45895,Asian Art,Jar with cover,Jar with Cover,jar
194380,European Sculpture and Decorative Arts,Jug with cover,Jug with cover,jug
52044,Asian Art,Water bottle,Writer's Water Bottle,bottle
47970,Asian Art,Vase,Vase,vase
460271,Robert Lehman Collection,Albarello,Apothecary jar (albarello),jar
57355,Asian Art,Vase,Maebyeong,vase
45872,Asian Art,Covered jar,Covered jar with birds and flowers,jar
37443,Asian Art,Bottle,Anthropomorphic Bottle in Human Form,bottle
203282,European Sculpture and Decorative Arts,Jar with cover,Commemorative jar with cover,jar
50230,Asian Art,Vase,Vase in Meiping Shape,vase
37543,Asian Art,Bottle,Bottle,bottle
46679,Asian Art,Vase,Vase,vase
190547,European Sculpture and Decorative Arts,Jug,Jug,jug
52610,Asian Art,Vase,Vase,vase
771067,European Sculpture and Decorative Arts,Moon flask,Moon flask,flask
62762,Asian Art,Tea jar,Tea Jar,jar
47929,Asian Art,Ewer with cover,Ewer with Cover,pitcher
47305,Asian Art,Vase,Vase with Dragons and Bats amid Clouds,vase
456219,Islamic Art,Vase,Vase,vase
48758,Asian Art,Vase,Vase with lions,vase
450941,Islamic Art,Vase,Vase,vase
37496,Asian Art,Covered jar,Covered Jar,jar
708056,European Sculpture and Decorative Arts,Vase with cover,Vase with cover,vase
63047,Asian Art,Covered water vessel,Water Jar (Mizusashi) with Geometric Patterns,jar
308448,The Michael C. Rockefeller Wing,Bottle,Feline Effigy Bottle,bottle
194644,European Sculpture and Decorative Arts,Jug,Jug,jug
308348,The Michael C. Rockefeller Wing,Jar,Painted jar with stripes,jar
771061,European Sculpture and Decorative Arts,Vase,Vase,vase
47336,Asian Art,Vase,Vase with collage of archaistic motifs,vase
50735,Asian Art,Vase,Vase,vase
308533,The Michael C. Rockefeller Wing,Bottle,Bottle in Potato Form,bottle
47679,Asian Art,Jar,Jar,jar
770946,European Sculpture and Decorative Arts,Moon flask,Moon flask with crane and fish motifs,flask
48286,Asian Art,Vase,Vase with landscape,vase
201758,European Sculpture and Decorative Arts,Jug,Jug,jug
313320,The Michael C. Rockefeller Wing,Bottle,Double Spout Bottle,bottle
188533,European Sculpture and Decorative Arts,Jug,Jug,jug
449509,Islamic Art,Jar,Jar,jar
188563,European Sculpture and Decorative Arts,Jug,Jug,jug
204844,European Sculpture and Decorative Arts,Bottle,Bottle,bottle
47659,Asian Art,Vase,Vase with floral scrolls,vase
310509,The Michael C. Rockefeller Wing,Bottle,Bottle with seated figure,bottle
74243,Asian Art,Bottle,Bottle,bottle
47382,Asian Art,Tea jar,Tea Jar,jar
202192,European Sculpture and Decorative Arts,Potpourri vase,Potpourri vase (pot-pourri gondole),vase
451349,Islamic Art,Jar,Large Jar,jar
204390,European Sculpture and Decorative Arts,Pitcher,Pitcher,pitcher
51218,Asian Art,Vase,Vase,vase
308405,The Michael C. Rockefeller Wing,Bottle,"Bottle, Starfish",bottle
449506,Islamic Art,Jar,Jar,jar
48017,Asian Art,Bottle,Bottle,bottle
51168,Asian Art,Vase,Vase,vase
450940,Islamic Art,Jar,Jar,jar
46725,Asian Art,Vase,Vase,vase
62549,Asian Art,Tea jar,Tea Jar,jar
49222,Asian Art,Bottle,Bottle with lotuses,bottle
50043,Asian Art,Vase,Vase,vase
51142,Asian Art,Vase,Vase in Meiping Shape,vase
208152,European Sculpture and Decorative Arts,Vase,Vase,vase
47677,Asian Art,Bottle,Bottle,bottle
190649,European Sculpture and Decorative Arts,Pharmacy jar,Pharmacy jar,jar
315052,The Michael C. Rockefeller Wing,Bottle,Effigy bottle,bottle
47167,Asian Art,Vase,Vase,vase
239499,European Sculpture and Decorative Arts,Vase,Vase with blue jay,vase
46695,Asian Art,Bottle,Bottle,bottle
52390,Asian Art,Vase,Vase,vase
46212,Asian Art,Covered jar,Covered jar with floral pattern,jar
445230,Islamic Art,Ewer,Ewer,pitcher
447290,Islamic Art,Ewer,Ewer,pitcher
450932,Islamic Art,Jar,Jar,jar
40082,Asian Art,Jar,Jar (Guan),jar
42331,Asian Art,Jar,Jar (Guan),jar
448695,Islamic Art,Jar,Large Storage Jar for Cool Water With Flower Motifs,jar
37482,Asian Art,Covered jar,Covered Jar in the Form of a Bird,jar
314692,The Michael C. Rockefeller Wing,Bottle,Stirrup Spout Bottle with Felines,bottle
188536,European Sculpture and Decorative Arts,Pharmacy jar,Pharmacy jar (albarello),jar
309133,The Michael C. Rockefeller Wing,Bottle,Double Spout and Bridge Bottle with Faces,bottle
308528,The Michael C. Rockefeller Wing,Bottle,Bottle with portrait head,bottle
45856,Asian Art,Jar,Jar,jar
48689,Asian Art,Jar,Jar with human figures and crane,jar
62642,Asian Art,Vase,Vase,vase
307871,The Michael C. Rockefeller Wing,Bottle,Stirrup-spout bottle with peanut figure,bottle
49280,Asian Art,Sake bottle,Sake Bottle (Tokkuri) with Decoration of Three-Leaf Arrowhead,bottle
309757,The Michael C. Rockefeller Wing,Jar,Tall Jar with Crosshatch Designs,jar
449608,Islamic Art,Ewer,Ewer,pitcher
48357,Asian Art,Jar,Water pot,jar
46628,Asian Art,Vase,Vase,vase
308590,The Michael C. Rockefeller Wing,Bottle,Double Spout and Bridge Bottle with Snake,bottle
39666,Asian Art,Jar,Jar with dragon,jar
50846,Asian Art,Vase,Vase,vase
450942,Islamic Art,Jar,Jar with a Pattern of Spiral-Filled Trefoils,jar
50739,Asian Art,Vase,Vase,vase
54084,Asian Art,Jar,Jar,jar
770932,European Sculpture and Decorative Arts,Moon flask,Moon flask with gold dragonfly motif,flask
449335,Islamic Art,Jar,Jar,jar
670804,European Sculpture and Decorative Arts,Vase,Vase,vase
449640,Islamic Art,Ewer,Ewer,pitcher
191636,European Sculpture and Decorative Arts,Vase with cover,Vase with cover,vase
770914,European Sculpture and Decorative Arts,Moon flask,"Moon flask with ""cloisonné"" floral decoration",flask
308715,The Michael C. Rockefeller Wing,Bottle,Double Spout and Bridge Bottle with Chevron Design,bottle
48751,Asian Art,Jar,Covered jar with baskets of flowers,jar
205973,European Sculpture and Decorative Arts,Ewer with cover,Ewer with cover in the shape of a rabbit,pitcher
468381,Medieval Art,Jug,Jug,jug
194298,European Sculpture and Decorative Arts,Albarello,Albarello,jar
46710,Asian Art,Covered jar,Covered jar with dragons,jar
53901,Asian Art,Bottle,Bottle,bottle
463530,Medieval Art,Pitcher,Pitcher,pitcher
318466,The Michael C. Rockefeller Wing,Jar,Jar,jar
56164,Asian Art,Freshwater jar,Freshwater Jar (Mizusashi),jar
446908,Islamic Art,Ewer,Ewer,pitcher
478721,Medieval Art,Vase,Unguentarium,vase
198321,European Sculpture and Decorative Arts,Vase with cover,Vase with cover,vase
48634,Asian Art,Vase,Vase with coiling dragon,vase
52397,Asian Art,Wine bottle,Wine Bottle,bottle
453577,Islamic Art,Jar,"Large Storage Jar for Cool Water With a Bejeweled Lion, Hare, and Deer",jar
48173,Asian Art,Vase,Vase with floral and geometric ornaments,vase
52908,Asian Art,Bottle,Bottle,bottle
449436,Islamic Art,Jar,Jar,jar
48318,Asian Art,Jar,Jar with three lugs,jar
52061,Asian Art,Vase,Vase,vase
452735,Islamic Art,Vase,Vase,vase
546649,Egyptian Art,Jar,Jar,jar
547756,Egyptian Art,Jar,Jar,jar
549136,Egyptian Art,"Canopic Jar, Ruiu, human head, Hapy",Canopic Jar of Ruiu,jar
250804,Greek and Roman Art,Amphoriskos,Terracotta amphoriskos (oil flask),amphora
245548,Greek and Roman Art,"Hydria, Hadra (foot)",Terracotta foot of Hadra hydria (water jar),jar
254629,Greek and Roman Art,Oinochoe,Terracotta oinochoe (jug),pitcher
244857,Greek and Roman Art,Alabastron,Terracotta alabastron (perfume vase),flask
240403,Greek and Roman Art,Askos in the form of an animal,Askos in the form of an animal,pitcher
240048,Greek and Roman Art,Jug,Jug,jug
254881,Greek and Roman Art,Neck-amphora,Terracotta  neck-amphora (jar),amphora
255627,Greek and Roman Art,Panathenaic prize amphora,Terracotta Panathenaic prize amphora (jar),amphora
253052,Greek and Roman Art,Squat lekythos,Terracotta squat lekythos (oil flask),flask
240086,Greek and Roman Art,Jug,Terracotta jug with trough spout,jug
250077,Greek and Roman Art,Vase,Vase,vase
245612,Greek and Roman Art,Neck-amphora,Terracotta neck-amphora (jar),amphora
240335,Greek and Roman Art,False-necked jar,Terracotta stirrup jar,jar
254633,Greek and Roman Art,Oinochoe,Oinochoe,pitcher
248182,Greek and Roman Art,Lekythos,Terracotta lekythos (oil flask),flask
254346,Greek and Roman Art,Neck-amphora,Neck-amphora,amphora
255156,Greek and Roman Art,Pelike,Terracotta pelike (wine jar),jar
245598,Greek and Roman Art,Stamnos,Terracotta stamnos,jar
250747,Greek and Roman Art,Askos in the form of a duck,Terracotta duck-askos (flask with spout and handle),pitcher
251401,Greek and Roman Art,Askos in the form of a lobster claw,Terracotta vase in the form of a lobster claw,pitcher
248705,Greek and Roman Art,Guttus,Terracotta guttus (flask with handle and vertical spout),flask
254923,Greek and Roman Art,Situla,Terracotta situla (bucket),vessel
247949,Greek and Roman Art,Nolan neck-amphora with triple handles,Terracotta Nolan neck-amphora (jar),amphora
247256,Greek and Roman Art,Lekythos,Terracotta lekythos (oil jar),flask
240129,Greek and Roman Art,Jug,Jug,jug
250239,Greek and Roman Art,Vase,Vase,vase
246223,Greek and Roman Art,Oinochoe,Oinochoe,pitcher
240128,Greek and Roman Art,"Flask, head-shaped",Terracotta head-shaped flask,flask
246560,Greek and Roman Art,Squat lekythos,Squat lekythos,flask
240667,Greek and Roman Art,Amphoriskos,Amphoriskos,amphora
247192,Greek and Roman Art,Alabastron,Terracotta alabastron (perfume vase),flask
240351,Greek and Roman Art,Pithoid jar,Terracotta pithoid jar,jar
240117,Greek and Roman Art,Jug,Terracotta jug,jug
247584,Greek and Roman Art,Lekythos,Terracotta lekythos (oil flask),flask
254957,Greek and Roman Art,Squat lekythos,Terracotta squat lekythos (oil flask),flask
254247,Greek and Roman Art,Alabastron,Terracotta alabastron (perfume vase),flask
248709,Greek and Roman Art,"Vase, relief",Terracotta relief probably from a funnel vase,vase
255316,Greek and Roman Art,Epichysis,Epichysis,pitcher
240486,Greek and Roman Art,"Flask, lentoid",Terracotta lentoid flask,flask
247635,Greek and Roman Art,"Jug, side-beaked",Terracotta side-spouted jug,jug
240539,Greek and Roman Art,Jug,Jug,jug
247250,Greek and Roman Art,Lekythos,Lekythos,flask
239963,Greek and Roman Art,"Jug, miniature","Jug, miniature",jug
254186,Greek and Roman Art,Lekythos,Terracotta lekythos (oil flask),flask
240161,Greek and Roman Art,Vase,Vase,vase
240256,Greek and Roman Art,Oinochoe,Oinochoe,pitcher
247235,Greek and Roman Art,Oinochoe,Terracotta oinochoe (jug),pitcher
251134,Greek and Roman Art,"Hydria, kalpis",Terracotta hydria: kalpis (water jar),jar
247188,Greek and Roman Art,Alabastron,Terracotta alabastron (perfume vase),flask
240763,Greek and Roman Art,Vase in the form of a bird,Vase in the form of a bird,vase
247093,Greek and Roman Art,Oinochoe,Terracotta oinochoe (jug),pitcher
254329,Greek and Roman Art,Aryballos,Terracotta aryballos (oil flask),flask
240489,Greek and Roman Art,Flask,Flask,flask
240668,Greek and Roman Art,Juglet in the form of a horn,Terracotta vase in the shape of a horn,jug
244838,Greek and Roman Art,Nicosthenic neck-amphora,Terracotta Nicosthenic neck-amphora (jar),amphora
256912,Greek and Roman Art,Aidoion,Terracotta vase in the form of a phallus,vase
240634,Greek and Roman Art,Jug,Terracotta jug,jug
244828,Greek and Roman Art,Squat lekythos,Terracotta squat lekythos (oil flask),flask
246241,Greek and Roman Art,Neck-amphora with lid,Terracotta neck-amphora (jar) with lid,amphora
247308,Greek and Roman Art,Pelike,Terracotta pelike (jar),jar
247324,Greek and Roman Art,Lekythos,Lekythos,flask
248732,Greek and Roman Art,Nolan neck-amphora,Terracotta Nolan neck-amphora (jar),amphora
246979,Greek and Roman Art,Rhyton in the form of a deer's head,Terracotta rhyton (vase for libations or drinking),vase
240484,Greek and Roman Art,"Jug, barrel-shaped",Terracotta barrel-shaped jug,jug
240478,Greek and Roman Art,Juglet,Juglet,jug
910531,Greek and Roman Art,False-necked jar,Terracotta stirrup jar,jar
244729,Greek and Roman Art,Vase,Terracotta alabastron (jar),flask
891616,Ancient West Asian Art,Jug,Jug with Assyrian-inspired decoration,jug
310603,The Michael C. Rockefeller Wing,Vessel,Painted Animal Vessel,vessel
308539,The Michael C. Rockefeller Wing,Bottle,Stirrup Spout Bottle with Sleeping Warrior,bottle
309302,The Michael C. Rockefeller Wing,Vessel,Vessel with Handle,vessel
316176,The Michael C. Rockefeller Wing,Bottle,Bottle in the shape of a monkey,bottle
310387,The Michael C. Rockefeller Wing,Vessel,Vessel: Footed Base,vessel
315038,The Michael C. Rockefeller Wing,Vessel,Vessel,vessel
312160,The Michael C. Rockefeller Wing,Vessel,Shell Vessel,vessel
319800,The Michael C. Rockefeller Wing,Bottle,Bottle with female figure,bottle
315682,The Michael C. Rockefeller Wing,Bottle,Stirrup Spout Bottle with Fanged Deity,bottle
312582,The Michael C. Rockefeller Wing,Vessel,Tripod brazier with date glyph,pot
310361,The Michael C. Rockefeller Wing,Vessel,Cylindrical Vessel,vessel
316764,The Michael C. Rockefeller Wing,Vessel,Female effigy vessel,vessel
314165,The Michael C. Rockefeller Wing,Vessel,Vessel,vessel
313362,The Michael C. Rockefeller Wing,Vessel,Fish Vessel,vessel
833901,The Michael C. Rockefeller Wing,Jug,Pitcher,pitcher
317619,The Michael C. Rockefeller Wing,Vessel,Turkey Vessel,vessel
318345,The Michael C. Rockefeller Wing,Censer,Censer with seated king,vessel
310594,The Michael C. Rockefeller Wing,Vessel,Herder with llama,vessel
319065,The Michael C. Rockefeller Wing,Vessel,Turtle Vessel,vessel
314859,The Michael C. Rockefeller Wing,Vessel,Vessel: Zoomorphic,vessel
316710,The Michael C. Rockefeller Wing,Jar,Bottle with ritual scene,bottle
315062,The Michael C. Rockefeller Wing,Vessel,Figure Vessel,vessel
312814,The Michael C. Rockefeller Wing,Vessel,Ceramic Painted Vessel,vessel
310384,The Michael C. Rockefeller Wing,Vessel,Vessel with footed base,vessel
313361,The Michael C. Rockefeller Wing,Vessel,Painted Vessel in the Form of a Seated Woman,vessel
309304,The Michael C. Rockefeller Wing,Bottle,Stirrup Spout Bottle with Cat,bottle
313289,The Michael C. Rockefeller Wing,Kero,Hand with beaker,beaker
310543,The Michael C. Rockefeller Wing,Bottle,Bottle with hummingbirds,bottle
318628,The Michael C. Rockefeller Wing,Vessel,Cylinder Vessel,vessel
313314,The Michael C. Rockefeller Wing,Vessel,Cylindrical Vessel,vessel
446195,Islamic Art,Beaker,Beaker,beaker
453306,Islamic Art,Ewer,"Ewer with Arabic Proverb, ""Devotion Fortifies Action""",pitcher
449924,Islamic Art,Vessel,Spheroconical Vessel,vessel
449873,Islamic Art,Ewer,Ewer,pitcher
449884,Islamic Art,Ewer,Ewer,pitcher
449879,Islamic Art,Ewer,Ewer,pitcher
255648,Greek and Roman Art,Askos in the form of a bull,Terracotta askos (flask  with a spout and handle over the top),pitcher
247352,Greek and Roman Art,Oinochoe,Terracotta oinochoe (jug),pitcher
254427,Greek and Roman Art,Lekythos,Lekythos,flask
240785,Greek and Roman Art,Jug,Terracotta jug,jug
250076,Greek and Roman Art,Vase,Vase,vase
247282,Greek and Roman Art,Neck-amphora,Terracotta neck-amphora (jar) with twisted handles,amphora
245571,Greek and Roman Art,"Hydria, Hadra",Terracotta Hadra hydria (water jar),jar
251271,Greek and Roman Art,"Hydria, miniature","Hydria, miniature",jar
251100,Greek and Roman Art,"Amphora, Type B",Terracotta amphora (jar),amphora
255062,Greek and Roman Art,Vase with strainer and spout,"Terracotta vase with strainer, spout, and three handles",vessel
253050,Greek and Roman Art,Alabastron in the form of a woman,Terracotta alabastron (perfume vase) in the form of a woman holding a dove,flask
241816,Greek and Roman Art,Vase in the form of a sleeping black African boy,Terracotta vase in the form of a sleeping Black African youth,vase
240221,Greek and Roman Art,Jug,Terracotta jug,jug
254198,Greek and Roman Art,Alabastron in the form of a hare,Terracotta alabastron (perfume vase) in the shape of a hare,flask
254183,Greek and Roman Art,Nolan neck-amphora with triple handles,Terracotta Nolan neck-amphora (jar),amphora
256203,Greek and Roman Art,Jug,Terracotta beak-spouted jug,jug
240394,Greek and Roman Art,Amphora,Amphora,amphora
247348,Greek and Roman Art,"Hydria, kalpis",Terracotta hydria: kalpis (water jar),jar
255333,Greek and Roman Art,Bottle,Bottle,bottle
246636,Greek and Roman Art,Vase,Vase,vase
255461,Greek and Roman Art,Rhyton in the form of a deer's head,Terracotta rhyton (vase for libations or drinking),vase
253196,Greek and Roman Art,Vase in the form of a basket,Terracotta vase in the form of a basket,vase
254268,Greek and Roman Art,Lekythos,Terracotta lekythos (oil flask),flask
240442,Greek and Roman Art,Juglet,Juglet,jug
256549,Greek and Roman Art,Jar,Terracotta jar,jar
250572,Greek and Roman Art,Jug,Jug,jug
240815,Greek and Roman Art,Jug,Terracotta jug,jug
244759,Greek and Roman Art,Amphoriskos,Terracotta amphoriskos (oil flask),amphora
256602,Greek and Roman Art,Neck-amphora with twisted handles,Terracotta neck-amphora with twisted handles (jar),amphora
248300,Greek and Roman Art,Stamnos,Terracotta stamnos (jar),jar
240140,Greek and Roman Art,Jug,Jug,jug
251022,Greek and Roman Art,Alabastron,Terracotta alabastron (perfume vase),flask
244860,Greek and Roman Art,Hydria,Hydria,jar
255193,Greek and Roman Art,"Hydria, kalpis",Terracotta hydria: kalpis (water jar),jar
240015,Greek and Roman Art,Krater,Terracotta krater,vessel
246123,Greek and Roman Art,Lekythos,Terracotta lekythos (oil flask) with an owl,flask
246116,Greek and Roman Art,Lekythos,Terracotta pointed aryballos (oil flask),flask
240437,Greek and Roman Art,Jug,Jug,jug
254246,Greek and Roman Art,Aryballos in the form of a helmeted head,Terracotta aryballos in the form of a helmeted head,flask
254396,Greek and Roman Art,Lekythos,Terracotta lekythos (oil flask) with a bird,flask
254307,Greek and Roman Art,Squat lekythos,Terracotta squat lekythos (oil flask),flask
254559,Greek and Roman Art,Lekythos,Lekythos,flask
240118,Greek and Roman Art,Jug,Terracotta jug,jug
239990,Greek and Roman Art,"Vase, miniature","Vase, miniature",vase
252556,Greek and Roman Art,Vase in the form of a monkey,Terracotta vase in the shape of a monkey,vase
248515,Greek and Roman Art,Kalathos,Terracotta kalathos (vase with flaring lip),vase
240926,Greek and Roman Art,Amphora,Terracotta amphora,amphora
912990,Greek and Roman Art,Vase,Polychrome terracotta head vase,vase
251104,Greek and Roman Art,"Oinochoe, miniature",Terracotta oinochoe: chous (jug),pitcher
240332,Greek and Roman Art,False-necked jar,Terracotta stirrup jar,jar
254634,Greek and Roman Art,Amphora,Terracotta amphora (jug),amphora
240072,Greek and Roman Art,Amphoriskos,Amphoriskos,amphora
240328,Greek and Roman Art,Jug,Jug,jug
254616,Greek and Roman Art,"Hydria, kalpis",Terracotta hydria: kalpis (water jar),jar
240063,Greek and Roman Art,Strainer,Strainer,vessel
254561,Greek and Roman Art,"Amphora, Type B",Terracotta amphora (jar),amphora
254551,Greek and Roman Art,Amphora,Terracotta neck-amphora (jar),amphora
240790,Greek and Roman Art,Juglet,Juglet,jug
256207,Greek and Roman Art,Loutrophoros,Terracotta loutrophoros (ceremonial vase for water),vase
251128,Greek and Roman Art,Oinochoe,Oinochoe,pitcher
250238,Greek and Roman Art,Vase,Vase,vase
240298,Greek and Roman Art,"Krater, miniature","Krater, miniature",vessel
247582,Greek and Roman Art,Lekythos,Terracotta lekythos (oil flask),flask
252592,Greek and Roman Art,Situla,Terracotta situla (bucket),vessel
246571,Greek and Roman Art,Squat lekythos,Squat lekythos,flask
255289,Greek and Roman Art,Vase in the form of a pig,Terracotta vase in the form of a pig,vase
251763,Greek and Roman Art,"Jar, miniature",Terracotta miniature jar with two handles,jar
254378,Greek and Roman Art,Lekythos,Lekythos,flask
250550,Greek and Roman Art,Squat lekythos,Terracotta squat lekythos (oil flask),flask
240312,Greek and Roman Art,Oinochoe,Oinochoe,pitcher
244817,Greek and Roman Art,"Oinochoe, chous",Terracotta oinochoe: chous (jug),pitcher
240000,Greek and Roman Art,Jug,Jug,jug
244751,Greek and Roman Art,Stirrup jar,Terracotta stirrup jar,jar
247216,Greek and Roman Art,Neck-amphora,Terracotta neck-amphora (jar),amphora
247410,Greek and Roman Art,Funnel-jar,Terracotta funnel-jar,jar
240908,Greek and Roman Art,Spindle bottle,Terracotta spindle bottle,bottle
246122,Greek and Roman Art,Lebes gamikos,Lebes gamikos (jar associated with weddings),vessel
247207,Greek and Roman Art,Aryballos in the form of a siren,Terracotta vase in the form of a siren,flask
246939,Greek and Roman Art,Pelike,Terracotta pelike (jar),jar
240307,Greek and Roman Art,Amphoriskos,Amphoriskos,amphora
240065,Greek and Roman Art,Jug,Jug,jug
240436,Greek and Roman Art,Jug,Jug,jug
254352,Greek and Roman Art,Lekythos,Lekythos,flask
247212,Greek and Roman Art,Oinochoe,Terracotta oinochoe (jug),pitcher
9353,The American Wing,Vase,Vase,vase
9579,The American Wing,Vase,Vase,vase
4895,The American Wing,Vase,Vase,vase
5397,The American Wing,Mustard pot,Mustard Pot,pot
7742,The American Wing,Spill vase,Spill Vase,vase
5853,The American Wing,Pitcher,Pitcher,pitcher
9248,The American Wing,Vase,Vase,vase
13455,The American Wing,Ewer,Ewer,pitcher
2737,The American Wing,Cream pot,Creamer,pot
9582,The American Wing,Vase,Covered Vase,vase
2635,The American Wing,Cream pitcher,Cream Pitcher,pitcher
2636,The American Wing,Cream pitcher,Cream Pitcher,pitcher
5737,The American Wing,Pitcher,Pitcher,pitcher
5732,The American Wing,Pitcher,Pitcher,pitcher
9284,The American Wing,Vase,Vase,vase
19071,The American Wing,Vase,Vase,vase
20637,The American Wing,Pitcher,Pitcher,pitcher
3992,The American Wing,Cream pitcher,Cream Pitcher,pitcher
2561,The American Wing,Vase,Covered Vase,vase
5769,The American Wing,Pitcher,Pitcher,pitcher
9386,The American Wing,Vase,Vase,vase
8048,The American Wing,Syrup jug,Syrup Jug,jug
5848,The American Wing,Pitcher,Pitcher,pitcher
9202,The American Wing,Vase,Vase,vase
14371,The American Wing,Pitcher,Pitcher,pitcher
5762,The American Wing,Pitcher,Pitcher,pitcher
9286,The American Wing,Vase,Vase,vase
3761,The American Wing,Flower pot,Flower Pot,pot
16298,The American Wing,Pitcher,Pitcher,pitcher
8681,The American Wing,Toddy jug,Toddy Jug,jug
5860,The American Wing,Pitcher,Pitcher,pitcher
9246,The American Wing,Vase,Vase,vase
14828,The American Wing,Potpourri vase,Covered potpourri vase,vase
17732,The American Wing,Vase,Vase,vase
5726,The American Wing,Pitcher,Pitcher,pitcher
5850,The American Wing,Pitcher,Pitcher,pitcher
19001,The American Wing,Honey pot,Covered honey pot,pot
9257,The American Wing,Vase,Vase,vase
9506,The American Wing,Vase,Vase,vase
20730,The American Wing,Pitcher,Pitcher,pitcher
3563,The American Wing,Ewer,Ewer,pitcher
5783,The American Wing,Pitcher,Pitcher,pitcher
9584,The American Wing,Vase,Covered Vase,vase
7740,The American Wing,Spill vase,Spill Vase,vase
2432,The American Wing,Pitcher,Covered Pitcher,pitcher
3561,The American Wing,Ewer,Ewer,pitcher
18861,The American Wing,Pitcher,Pitcher,pitcher
9242,The American Wing,Vase,Vase,vase
449878,Islamic Art,Ewer,Ewer,pitcher
449056,Islamic Art,Jug,Jug,jug
252458,Greek and Roman Art,Jar,Terracotta jar,jar
254345,Greek and Roman Art,"Amphora, Type A",Terracotta amphora (jar),amphora
244862,Greek and Roman Art,Pelike,Pelike,jar
254422,Greek and Roman Art,"Amphora, miniature","Amphora, miniature",amphora
247952,Greek and Roman Art,Neck-pelike,Terracotta neck-pelike (wine jar),jar
254932,Greek and Roman Art,Nestoris,Terracotta nestoris (two-handled jar),jar
248832,Greek and Roman Art,Strainer,Terracotta hemispherical strainer,vessel
245557,Greek and Roman Art,"Hydria, Hadra",Terracotta Hadra hydria (water jar),jar
240124,Greek and Roman Art,Juglet,Juglet,jug
240428,Greek and Roman Art,Askos in the form of a duck,Terracotta duck-shaped askos (flask with spout and handle over the back),pitcher
255802,Greek and Roman Art,"Hydria, kalpis",Terracotta hydria: kalpis (water jar),jar
256616,Greek and Roman Art,Neck-amphora,Terracotta neck-amphora (jar),amphora
240291,Greek and Roman Art,"Jug, barrel-shaped","Jug, barrel-shaped",jug
244778,Greek and Roman Art,Pithoid jar,Terracotta pithoid jar,jar
251933,Greek and Roman Art,Nolan neck-amphora with triple handles,Terracotta Nolan neck-amphora (jar),amphora
255351,Greek and Roman Art,Guttus,Terracotta guttus (flask with handle and vertical spout),flask
253205,Greek and Roman Art,Oinochoe,Terracotta oinochoe (jug),pitcher
248096,Greek and Roman Art,"Oinochoe, chous",Terracotta oinochoe: chous (jug),pitcher
254303,Greek and Roman Art,Neck-amphora,Terracotta Nolan amphora (jar),amphora
240817,Greek and Roman Art,Juglet,Terracotta vessel,jug
251487,Greek and Roman Art,Lekythos,Terracotta lekythos (oil flask),flask
254983,Greek and Roman Art,"Amphora, Type A",Terracotta amphora (jar),amphora
249056,Greek and Roman Art,Lekythos,Lekythos,flask
253430,Greek and Roman Art,Lekythos,Terracotta lekythos (oil flask),flask
247198,Greek and Roman Art,Vase in the form of a fish,Terracotta vase in the form of a fish,vase
246239,Greek and Roman Art,Volute-krater,Terracotta volute-krater (container for mixing wine and water),vessel
255315,Greek and Roman Art,Epichysis,Epichysis,pitcher
247364,Greek and Roman Art,"Oinochoe, chous","Oinochoe, chous",pitcher
246156,Greek and Roman Art,Vase with lid,Terracotta amphora with lid,amphora
246168,Greek and Roman Art,Amphora with lid,Amphora with lid,amphora
240432,Greek and Roman Art,Askos in the form of an animal,Askos in the form of an animal,pitcher
257671,Greek and Roman Art,Jug,Terracotta spouted jug,jug
47283,Asian Art,Vase,Wide-Mouth Vase with Carp,vase
48700,Asian Art,Vase,Vase with birds and flowers,vase
48653,Asian Art,Vase,Vase with lions,vase
53663,Asian Art,Vase,Vase,vase
62613,Asian Art,Tea jar,Tea Jar,jar
48148,Asian Art,Vessel,Ritual vessel,vessel
62690,Asian Art,Water pot,Water Pot,pot
52979,Asian Art,Pot,Pot,pot
48391,Asian Art,Water pot,Water pot,pot
47808,Asian Art,Vase,Vase,vase
45879,Asian Art,Water pot,Water pot,pot
48800,Asian Art,Bottle vase,Bottle vase,vase
42223,Asian Art,Vase,Vase with Plum Blossoms and Birds,vase
46567,Asian Art,Vase,Miniature vase,vase
51245,Asian Art,Jar,Jar with floral pattern,jar
48099,Asian Art,Water pot and cover,Water pot and cover,pot
52914,Asian Art,Beaker,Beaker,beaker
50963,Asian Art,Vase,Gourd-Shaped Vase,vase
246189,Greek and Roman Art,Vase,Vase,vase
255341,Greek and Roman Art,Oon,Terracotta oon (egg),vessel
247315,Greek and Roman Art,"Amphora, Type A",Terracotta amphora (jar),amphora
248502,Greek and Roman Art,Jug,Terracotta jug,jug
240970,Greek and Roman Art,Jug,Terracotta jug,jug
251260,Greek and Roman Art,Aryballos,Terracotta aryballos (oil flask),flask
239997,Greek and Roman Art,Juglet,Juglet,jug
258464,Greek and Roman Art,Neck-amphora,Terracotta neck-amphora (jar),amphora
254915,Greek and Roman Art,"Hydria, kalpis",Terracotta hydria: kalpis (water jar),jar
254778,Greek and Roman Art,"Vase, funerary, wedding scene",Terracotta vase,vase
245556,Greek and Roman Art,"Hydria, Hadra",Terracotta Hadra hydria (water jar),jar
245574,Greek and Roman Art,"Hydria, Hadra",Terracotta Hadra hydria (water jar),jar
255274,Greek and Roman Art,Alabastron,Terracotta alabastron (perfume vase),flask
910532,Greek and Roman Art,Calyx-krater,Red-figure calyx-krater,vessel
240274,Greek and Roman Art,Ring-kernos,Ring-kernos,vessel
254199,Greek and Roman Art,Neck-amphora,Terracotta neck-amphora (jar),amphora
255244,Greek and Roman Art,Oinochoe,Oinochoe,pitcher
247414,Greek and Roman Art,Loutrophoros,Terracotta loutrophoros (ceremonial vase for water),vase
254312,Greek and Roman Art,Lekythos,Lekythos,flask
251508,Greek and Roman Art,Amphoriskos,Terracotta amphoriskos (flask),amphora
240344,Greek and Roman Art,Vase,Terracotta globular flask,flask
254484,Greek and Roman Art,Jug in the form of Dionysos,Terracotta jug in the form of Dionysos,jug
240109,Greek and Roman Art,Oinochoe,Oinochoe,pitcher
248811,Greek and Roman Art,Neck-amphora,Terracotta neck-amphora (jar) with twisted handles,amphora
252902,Greek and Roman Art,"Jug, sauceboat",Terracotta sauceboat,jug
857709,Greek and Roman Art,Askos,Terracotta askos in the shape of a quadruped,pitcher
255700,Greek and Roman Art,"Aryballos, ring",Terracotta ring aryballos (perfume vase),flask
240016,Greek and Roman Art,Jug,Terracotta jug,jug
254281,Greek and Roman Art,Nolan neck-amphora,Terracotta Nolan neck-amphora (jar),amphora
246169,Greek and Roman Art,Vase with lid,Vase with lid,vase
254428,Greek and Roman Art,Plemochoe,Plemochoe,vessel
244732,Greek and Roman Art,Jug,Terracotta jug,jug
251803,Greek and Roman Art,Lekythos,Lekythos,flask
330014,Greek and Roman Art,"Oinochoe, chous",Terracotta chous,pitcher
240070,Greek and Roman Art,Jug,Jug,jug
254189,Greek and Roman Art,Aryballos in the form of a bird,Terracotta vase in the form of a bird,flask
255719,Greek and Roman Art,Oinochoe,Terracotta oinochoe (jug),pitcher
254545,Greek and Roman Art,Neck-amphora,Terracotta neck-amphora (jar),amphora
252496,Greek and Roman Art,"Amphora, Type B",Terracotta amphora (jar),amphora
240345,Greek and Roman Art,"Flask, globular",Terracotta globular flask,flask
240287,Greek and Roman Art,Jug,Jug,jug
240600,Greek and Roman Art,Amphora,Amphora,amphora
255894,Greek and Roman Art,Hydria,Terracotta hydria (water jar),jar
240333,Greek and Roman Art,False-necked jar,Terracotta stirrup jar,jar
240910,Greek and Roman Art,Spindle bottle,Terracotta spindle bottle,bottle
240145,Greek and Roman Art,Amphora,Amphora,amphora
251345,Greek and Roman Art,Hydria,Terracotta hydria (water jar),jar
240474,Greek and Roman Art,Juglet,Juglet,jug
251402,Greek and Roman Art,Neck-amphora,Terracotta neck-amphora (jar),amphora
62529,Asian Art,Bottle,Bottle,bottle
47649,Asian Art,Jar,Jar with mythical creatures,jar
47573,Asian Art,Bottle vase,Bottle vase with floral scrolls,vase
42368,Asian Art,Vase,Meiping vase with dragons amid waves,vase
48711,Asian Art,Vase,Vase with Scene from the Dragon Boat Festival,vase
47334,Asian Art,Vase,Vase with flowers,vase
62616,Asian Art,Tea jar,Tea Jar,jar
47724,Asian Art,Ewer,Hexagonal ewer,pitcher
46620,Asian Art,Water pot,Washer in the shape of a butterfly,pot
52060,Asian Art,Vase,Vase,vase
37425,Asian Art,Vessel,Vessel with Flaring Foot,vessel
48854,Asian Art,Vase,Hexagonal vase,vase
48704,Asian Art,Vase,Vase,vase
48626,Asian Art,Vase,Vase with butterflies amid melon vines,vase
52735,Asian Art,Jar,Jar,jar
48857,Asian Art,Wine bottle,Wine bottle,bottle
47972,Asian Art,Bucket,Bucket,vessel
48662,Asian Art,Vase,Vase,vase
545772,Egyptian Art,"Beaker, classic Kerma",Classic Kerma Beaker,beaker
576327,Egyptian Art,Pot,Pot,pot
547274,Egyptian Art,"Beaker, white cross-lined ware, Nile River scene",White cross-lined ware beaker with Nile River scene,beaker
552180,Egyptian Art,"Jar, black topped",Black-topped red ware cylindrical jar,jar
547504,Egyptian Art,"Jar, Wavy-handled",Wavy-handled jar,jar
547254,Egyptian Art,"Jar, decorated ware, boats",Jar Decorated with Boats,jar
546986,Egyptian Art,"Juglet, Cypriot, ring based",Cypriot ring-based Juglet,jug
549140,Egyptian Art,"Jar, two-handled, Ruiu",Two-Handled Jar from the Burial,jar
551843,Egyptian Art,"Beaker, black topped",Black-topped Red Ware Beaker,beaker
558198,Egyptian Art,"Beaker, white cross-lined ware",White cross-lined ware beaker with geometric and floral design,beaker
572220,Egyptian Art,"Canopic jar, human head, bearded",Canopic Jar with an Image Representing the Hieroglyph for Face,jar
554326,Egyptian Art,Pot,Pot,pot
558204,Egyptian Art,"Beaker, Black-topped red ware",Black-topped red ware beaker,beaker
551845,Egyptian Art,"Beaker, black-topped",Black-topped red ware beaker,beaker
547452,Egyptian Art,"Vessel, decorated ware, spouted",Spouted vessel in decorated ware,vessel
546758,Egyptian Art,"Beaker, hippos",White cross-lined ware beaker with hippos,beaker
546034,Egyptian Art,Jar,Black-topped red ware jar,jar
552353,Egyptian Art,Pot,Pot That Contained a Donkey (12.181.272b-k),pot
551026,Egyptian Art,Beaker,Beaker,beaker
551028,Egyptian Art,Beaker,Beaker,beaker
551844,Egyptian Art,"Beaker, black topped",Black-topped Red Ware Beaker,beaker
545042,Egyptian Art,"Juglet, Tell el-Yahudiya",Tell el-Yahudiya type juglet,jug
545791,Egyptian Art,"Vase, Amenhotep, two handled",Two-handed pottery vase of Amenhotep,vase
552190,Egyptian Art,"Jar, red polished ware",Polished red ware jar with lugs,jar
569685,Egyptian Art,"Vessel, horse or camel",Vessel in the shape of a horse,vessel
552174,Egyptian Art,"Jar, wavy lines",Decorated ware jar with vertical bands of wavy lines,jar
547523,Egyptian Art,"Vessel, bird-shaped",Vessel in shape of bird,vessel
554515,Egyptian Art,"Beaker, black topped",Black-topped Red Ware Beaker,beaker
558282,Egyptian Art,"Jar, Decorated ware",Marl ware jar with lug handles,jar
891620,Ancient West Asian Art,Jug,Jug with Assyrian-inspired decoration,jug
452034,Islamic Art,Bottle,Bottle,bottle
449919,Islamic Art,Vessel,Spheroconical Vessel,vessel
449920,Islamic Art,Vessel,Spheroconical Vessel,vessel
449483,Islamic Art,Vessel,Spheroconical Vessel,vessel
448967,Islamic Art,Jar,Jar,jar
449399,Islamic Art,Jug,Jug,jug
449914,Islamic Art,Vessel,Spheroconical Vessel,vessel
449457,Islamic Art,Ewer,Animal-Spouted Pitcher,pitcher
449923,Islamic Art,Vessel,Spheroconical Vessel,vessel
447291,Islamic Art,Ewer,Ewer,pitcher
449917,Islamic Art,Vessel,Spheroconical Vessel,vessel
449925,Islamic Art,Vessel,Spheroconical Vessel,vessel
449446,Islamic Art,Ewer,Unglazed Ewer,pitcher
449921,Islamic Art,Vessel,Spheroconical Vessel,vessel
449115,Islamic Art,Ewer,Ewer,pitcher
449916,Islamic Art,Vessel,Spheroconical Vessel,vessel
449507,Islamic Art,Jar,Jar,jar
442860,Islamic Art,Vessel,Spheroconical Vessel,vessel
449482,Islamic Art,Vessel,Spheroconical Vessel,vessel
449715,Islamic Art,Vase,Vase,vase
449096,Islamic Art,Ewer,Ewer,pitcher
443103,Islamic Art,Vessel,Spheroconical Vessel,vessel
449915,Islamic Art,Vessel,Spheroconical Vessel,vessel
449464,Islamic Art,Jar,Jar,jar
448982,Islamic Art,Ewer,Ewer,pitcher
449686,Islamic Art,Vase,Large Turquoise Jar,jar
449918,Islamic Art,Spheroconical Vessel,Spheroconical Vessel,vessel
449559,Islamic Art,Jar,Jar,jar
4585,The American Wing,Jug,Jug,jug
4508,The American Wing,Flower pot,Barrel,pot
2292,The American Wing,Bean pot,Covered bean pot,pot
9214,The American Wing,Vase,Vase,vase
3469,The American Wing,Apothecary jar,Apothecary Jar,jar
9199,The American Wing,Flower pot,Flower Pot,pot
4480,The American Wing,Jar,Chamber Pot,jar
9752,The American Wing,Water bottle,Water Bottle,bottle
3463,The American Wing,Apothecary jar,Apothecary Jar,jar
16544,The American Wing,Vase,Vase,vase
9336,The American Wing,Vase,Vase,vase
19827,The American Wing,Pilgrim vase,Pilgrim vase,vase
716908,The American Wing,Vase,Vase,vase
5698,The American Wing,Pitcher,Pitcher,pitcher
2647,The American Wing,Cream pot,Creamer,pot
2473,The American Wing,Slop jar,Covered slop jar,jar
5667,The American Wing,Pitcher,Pitcher,pitcher
20076,The American Wing,Vase,Vase,vase
15595,The American Wing,Vase,Vase,vase
2539,The American Wing,Tobacco jar,Tobacco Jar,jar
487206,Modern and Contemporary Art,Vase,Vase,vase
240727,Greek and Roman Art,Vase,Terracotta jug,jug
247191,Greek and Roman Art,Neck-amphora,Terracotta neck-amphora (storage jar),amphora
254227,Greek and Roman Art,Column-krater,Column-krater,vessel
253173,Greek and Roman Art,Oinochoe,Terracotta oinochoe (jug),pitcher
254880,Greek and Roman Art,Neck-amphora,Terracotta neck-amphora (jar),amphora
254202,Greek and Roman Art,Lekythos,Terracotta lekythos (oil flask),flask
250091,Greek and Roman Art,Jug,Jug,jug
254200,Greek and Roman Art,Rhyton in the form of a lamb's head,Terracotta rhyton (vase for libations or drinking),vase
240122,Greek and Roman Art,Juglet,Juglet,jug
240554,Greek and Roman Art,Krater,Terracotta chariot krater,vessel
240739,Greek and Roman Art,Juglet,Juglet,jug
239987,Greek and Roman Art,Askos,Askos,pitcher
252589,Greek and Roman Art,"Askos, ring",Terracotta ring askos (flask with a spout and handle over the top),pitcher
248847,Greek and Roman Art,Oinochoe,Terracotta oinochoe (jug),pitcher
255706,Greek and Roman Art,Lekythos,Lekythos,flask
247223,Greek and Roman Art,Neck-amphora of Panathenaic shape,Terracotta neck-amphora (jar) of Panathenaic shape,amphora
240009,Greek and Roman Art,"Vase, miniature","Vase, miniature",vase
330015,Greek and Roman Art,Bottle,Terracotta bottle,bottle
252634,Greek and Roman Art,Lydion,Terracotta lydion (perfume jar),flask
240277,Greek and Roman Art,Amphora,Amphora,amphora
251269,Greek and Roman Art,Amphora,Small terracotta amphora (jar),amphora
245573,Greek and Roman Art,"Hydria, Hadra",Terracotta Hadra hydria (water jar),jar
240566,Greek and Roman Art,Amphora,Amphora,amphora
255796,Greek and Roman Art,Guttus,Terracotta guttus (flask with handle and verticle spout),flask
244829,Greek and Roman Art,Olpe,Terracotta oinochoe: olpe (jug),pitcher
240423,Greek and Roman Art,Askos in the form of an animal,Terracotta zoomorphic askos (vessel),pitcher
