objectId,department,final_date,geo_options,geo_normalized_best_guess_location,geo_normalized_source_cols,geo_normalized_confidence,geo_normalized_geo_eligible,mapbox_feature_id,mapbox_place_name,geo_mapbox_lon,geo_mapbox_lat,geo_mapbox_relevance,geo_mapbox_accuracy,geo_mapbox_match_status,geo_mapbox_updated_at,mapbox_country
2292,The American Wing,1849,Bennington||Vermont||New England||United States||American||American,"Bennington, Vermont, United States",city||state||country,0.95,True,place.25110764,"Bennington, Vermont, United States",-73.197131,42.878354,1.0,place:1.00,matched,2026-04-27T16:46:30Z,us
2432,The American Wing,1787,"||||||China||Chinese, for American market||",China,country,0.7,True,country.8753,People's Republic of China,101.901875,35.486703,1.0,country:1.00,matched,2026-04-27T16:46:34Z,cn
2473,The American Wing,1849,Bennington||Vermont||New England||United States||American||American,"Bennington, Vermont, United States",city||state||country,0.95,True,place.25110764,"Bennington, Vermont, United States",-73.197131,42.878354,1.0,place:1.00,matched,2026-04-27T16:46:30Z,us
2539,The American Wing,1850,||Connecticut||New England||United States||American||,"Connecticut, United States",state||country,0.72,True,region.361708,"Connecticut, United States",-72.726243,41.626142,1.0,region:1.00,matched,2026-04-27T16:46:36Z,us
2561,The American Wing,1785,||||||China||Chinese||,China,country,0.7,True,country.8753,People's Republic of China,101.901875,35.486703,1.0,country:1.00,matched,2026-04-27T16:46:34Z,cn
2635,The American Wing,1782,||||||China||Chinese||,China,country,0.7,True,country.8753,People's Republic of China,101.901875,35.486703,1.0,country:1.00,matched,2026-04-27T16:46:34Z,cn
2636,The American Wing,1778,"||||||France||French, possibly||",France,country,0.7,True,country.8781,France,2.618787,47.824905,1.0,country:1.00,matched,2026-04-27T16:46:42Z,fr
2646,European Sculpture and Decorative Arts,1748,||||||||||British,Britain,department||artistNationality,0.53,True,country.8783,United Kingdom,-2.36967,54.237933,1.0,country:1.00,matched,2026-04-27T16:46:31Z,gb
2647,The American Wing,1747,London||||||England||British||,"London, England",city||country,0.88,True,place.6957135,"London, Greater London, England, United Kingdom",-0.127647,51.5073,1.0,place:1.00,matched,2026-04-27T16:46:51Z,gb
2737,The American Wing,1892,Trenton||New Jersey||Mid-Atlantic||United States||American||American,"Trenton, New Jersey, United States",city||state||country,0.95,True,place.330352876,"Trenton, New Jersey, United States",-74.759711,40.220578,1.0,place:1.00,matched,2026-04-27T16:47:11Z,us
3463,The American Wing,1748,||||||Mexico||Mexican||,Mexico,country,0.7,True,country.8863,Mexico,-102.532867,23.950464,1.0,country:1.00,matched,2026-04-27T16:46:53Z,mx
3469,The American Wing,1858,||||||Mexico||Mexican||,Mexico,country,0.7,True,country.8863,Mexico,-102.532867,23.950464,1.0,country:1.00,matched,2026-04-27T16:46:53Z,mx
3561,The American Wing,1850,Bennington||Vermont||New England||United States||American||,"Bennington, Vermont, United States",city||state||country,0.95,True,place.25110764,"Bennington, Vermont, United States",-73.197131,42.878354,1.0,place:1.00,matched,2026-04-27T16:46:30Z,us
3563,The American Wing,1850,Bennington||Vermont||New England||United States||American||,"Bennington, Vermont, United States",city||state||country,0.95,True,place.25110764,"Bennington, Vermont, United States",-73.197131,42.878354,1.0,place:1.00,matched,2026-04-27T16:46:30Z,us
3761,The American Wing,1785,||||||China||Chinese||,China,country,0.7,True,country.8753,People's Republic of China,101.901875,35.486703,1.0,country:1.00,matched,2026-04-27T16:46:34Z,cn
3992,The American Wing,1886,Trenton||New Jersey||Mid-Atlantic United States||United States||American||American,"Trenton, New Jersey, United States",city||state||country,0.95,True,place.330352876,"Trenton, New Jersey, United States",-74.759711,40.220578,1.0,place:1.00,matched,2026-04-27T16:47:11Z,us
4480,The American Wing,1863,||||||Mexico||Mexican||,Mexico,country,0.7,True,country.8863,Mexico,-102.532867,23.950464,1.0,country:1.00,matched,2026-04-27T16:46:53Z,mx
4508,The American Wing,1775,||||||Mexico||Mexican||,Mexico,country,0.7,True,country.8863,Mexico,-102.532867,23.950464,1.0,country:1.00,matched,2026-04-27T16:46:53Z,mx
4585,The American Wing,1815,||Maine||New England||United States||American||,"Maine, United States",state||country,0.72,True,region.337132,"Maine, United States",-69.236551,45.398285,1.0,region:1.00,matched,2026-04-27T16:46:51Z,us
4895,The American Wing,1902,Cincinnati||Ohio||Midwest United States||United States||American||American,"Cincinnati, Ohio, United States",city||state||country,0.95,True,place.60967148,"Cincinnati, Ohio, United States",-84.513301,39.102438,1.0,place:1.00,matched,2026-04-27T16:46:35Z,us
5397,The American Wing,1850,Bennington||Vermont||New England||United States||American||,"Bennington, Vermont, United States",city||state||country,0.95,True,place.25110764,"Bennington, Vermont, United States",-73.197131,42.878354,1.0,place:1.00,matched,2026-04-27T16:46:30Z,us
5667,The American Wing,1848,South Amboy||New Jersey||Mid-Atlantic||United States||American||,"South Amboy, New Jersey, United States",city||state||country,0.95,True,place.476965100,"South Amboy, New Jersey, United States",-74.280937,40.484437,1.0,place:1.00,matched,2026-04-27T16:47:07Z,us
5698,The American Wing,1815,||||West Midlands||England||British (American market)||,"West Midlands, England, England",region||country,0.7,True,district.1328719,"West Midlands, England, United Kingdom",-1.901027,52.47935,0.703704,district:0.70,matched,2026-04-27T16:47:14Z,gb
5713,European Sculpture and Decorative Arts,1762,||||||||||,,none,0.0,False,,,,,,,skipped,2026-04-27T16:47:15Z,
5726,The American Wing,1850,Bennington||Vermont||New England||United States||American||,"Bennington, Vermont, United States",city||state||country,0.95,True,place.25110764,"Bennington, Vermont, United States",-73.197131,42.878354,1.0,place:1.00,matched,2026-04-27T16:46:30Z,us
5732,The American Wing,1850,Bennington||Vermont||New England||United States||American||,"Bennington, Vermont, United States",city||state||country,0.95,True,place.25110764,"Bennington, Vermont, United States",-73.197131,42.878354,1.0,place:1.00,matched,2026-04-27T16:46:30Z,us
5737,The American Wing,1850,Bennington||Vermont||New England||United States||American||,"Bennington, Vermont, United States",city||state||country,0.95,True,place.25110764,"Bennington, Vermont, United States",-73.197131,42.878354,1.0,place:1.00,matched,2026-04-27T16:46:30Z,us
5762,The American Wing,1854,Gloucester||New Jersey||Mid-Atlantic||United States||American||American,"Gloucester, New Jersey, United States",city||state||country,0.95,True,region.156908,"New Jersey, United States",-74.389317,40.150248,0.725926,region:0.73,matched,2026-04-27T16:46:43Z,us
5769,The American Wing,1850,Brooklyn||New York||Mid-Atlantic||United States||American||American,"Brooklyn, New York, United States",city||state||country,0.95,True,place.233720044,"New York City, New York, United States",-74.005994,40.712749,0.725926,place:0.73,matched,2026-04-27T16:46:31Z,us
5783,The American Wing,1850,Brooklyn||New York||Mid-Atlantic||United States||American||American,"Brooklyn, New York, United States",city||state||country,0.95,True,place.233720044,"New York City, New York, United States",-74.005994,40.712749,0.725926,place:0.73,matched,2026-04-27T16:46:31Z,us
5848,The American Wing,1860,Kaolin||South Carolina||Southern||United States||American||American,"Kaolin, South Carolina, United States",city||state||country,0.95,True,place.40159468,"Brooktondale, New York, United States",-76.391092,42.381355,0.799306,place:0.80,matched,2026-04-27T16:46:48Z,us
5850,The American Wing,1830,Philadelphia||Pennsylvania||Mid-Atlantic||United States||American||American,"Philadelphia, Pennsylvania, United States",city||state||country,0.95,True,place.257591532,"Philadelphia, Pennsylvania, United States",-75.166853,39.952756,1.0,place:1.00,matched,2026-04-27T16:47:00Z,us
5853,The American Wing,1833,Philadelphia||Pennsylvania||Mid-Atlantic||United States||American||American,"Philadelphia, Pennsylvania, United States",city||state||country,0.95,True,place.257591532,"Philadelphia, Pennsylvania, United States",-75.166853,39.952756,1.0,place:1.00,matched,2026-04-27T16:47:00Z,us
5860,The American Wing,1855,Bennington||Vermont||New England||United States||American||American,"Bennington, Vermont, United States",city||state||country,0.95,True,place.25110764,"Bennington, Vermont, United States",-73.197131,42.878354,1.0,place:1.00,matched,2026-04-27T16:46:30Z,us
7740,The American Wing,1850,Bennington||Vermont||New England||United States||American||,"Bennington, Vermont, United States",city||state||country,0.95,True,place.25110764,"Bennington, Vermont, United States",-73.197131,42.878354,1.0,place:1.00,matched,2026-04-27T16:46:30Z,us
7742,The American Wing,1850,Bennington||Vermont||New England||United States||American||,"Bennington, Vermont, United States",city||state||country,0.95,True,place.25110764,"Bennington, Vermont, United States",-73.197131,42.878354,1.0,place:1.00,matched,2026-04-27T16:46:30Z,us
8048,The American Wing,1855,Bennington||Vermont||New England||United States||American||American,"Bennington, Vermont, United States",city||state||country,0.95,True,place.25110764,"Bennington, Vermont, United States",-73.197131,42.878354,1.0,place:1.00,matched,2026-04-27T16:46:30Z,us
8681,The American Wing,1810,"||||||China||Chinese, for American market||",China,country,0.7,True,country.8753,People's Republic of China,101.901875,35.486703,1.0,country:1.00,matched,2026-04-27T16:46:34Z,cn
9179,European Sculpture and Decorative Arts,1828,||||||||||,,none,0.0,False,,,,,,,skipped,2026-04-27T16:47:15Z,
9180,European Sculpture and Decorative Arts,1828,||||||||||,,none,0.0,False,,,,,,,skipped,2026-04-27T16:47:15Z,
9199,The American Wing,1748,||||||Mexico||Mexican||,Mexico,country,0.7,True,country.8863,Mexico,-102.532867,23.950464,1.0,country:1.00,matched,2026-04-27T16:46:53Z,mx
9202,The American Wing,1850,Bennington||Vermont||New England||United States||American||,"Bennington, Vermont, United States",city||state||country,0.95,True,place.25110764,"Bennington, Vermont, United States",-73.197131,42.878354,1.0,place:1.00,matched,2026-04-27T16:46:30Z,us
9214,The American Wing,1850,||Pennsylvania||Mid-Atlantic||United States||American||,"Pennsylvania, United States",state||country,0.72,True,region.148716,"Pennsylvania, United States",-78.290746,41.09114,1.0,region:1.00,matched,2026-04-27T16:46:59Z,us
9242,The American Wing,1850,Bennington||Vermont||New England||United States||American||,"Bennington, Vermont, United States",city||state||country,0.95,True,place.25110764,"Bennington, Vermont, United States",-73.197131,42.878354,1.0,place:1.00,matched,2026-04-27T16:46:30Z,us
9246,The American Wing,1850,Bennington||Vermont||New England||United States||American||,"Bennington, Vermont, United States",city||state||country,0.95,True,place.25110764,"Bennington, Vermont, United States",-73.197131,42.878354,1.0,place:1.00,matched,2026-04-27T16:46:30Z,us
9248,The American Wing,1850,Bennington||Vermont||New England||United States||American||,"Bennington, Vermont, United States",city||state||country,0.95,True,place.25110764,"Bennington, Vermont, United States",-73.197131,42.878354,1.0,place:1.00,matched,2026-04-27T16:46:30Z,us
9257,The American Wing,1850,Bennington||Vermont||New England||United States||American||,"Bennington, Vermont, United States",city||state||country,0.95,True,place.25110764,"Bennington, Vermont, United States",-73.197131,42.878354,1.0,place:1.00,matched,2026-04-27T16:46:30Z,us
9284,The American Wing,1850,Bennington||Vermont||New England||United States||American||,"Bennington, Vermont, United States",city||state||country,0.95,True,place.25110764,"Bennington, Vermont, United States",-73.197131,42.878354,1.0,place:1.00,matched,2026-04-27T16:46:30Z,us
9286,The American Wing,1850,||||||China||Chinese||,China,country,0.7,True,country.8753,People's Republic of China,101.901875,35.486703,1.0,country:1.00,matched,2026-04-27T16:46:34Z,cn
9336,The American Wing,1905,Revere||Massachusetts||New England||United States||American||American,"Revere, Massachusetts, United States",city||state||country,0.95,True,place.275597548,"Revere, Massachusetts, United States",-71.012715,42.409472,1.0,place:1.00,matched,2026-04-27T16:47:03Z,us
9353,The American Wing,1888,New York||New York||Mid-Atlantic||United States||American||American,"New York, New York, United States",city||state||country,0.95,True,place.233720044,"New York City, New York, United States",-74.005994,40.712749,1.0,place:1.00,matched,2026-04-27T16:46:56Z,us
9367,Modern and Contemporary Art,1900,||||||||||American,United States,artistNationality,0.45,True,country.8940,United States,-97.922211,39.381266,1.0,country:1.00,matched,2026-04-27T16:47:12Z,us
9386,The American Wing,1892,Trenton||New Jersey||Mid-Atlantic||United States||American||,"Trenton, New Jersey, United States",city||state||country,0.95,True,place.330352876,"Trenton, New Jersey, United States",-74.759711,40.220578,1.0,place:1.00,matched,2026-04-27T16:47:11Z,us
9506,The American Wing,1850,||||||||American||,United States,culture,0.55,True,country.8940,United States,-97.922211,39.381266,1.0,country:1.00,matched,2026-04-27T16:47:12Z,us
9579,The American Wing,1853,Bennington||Vermont||New England||United States||American||American,"Bennington, Vermont, United States",city||state||country,0.95,True,place.25110764,"Bennington, Vermont, United States",-73.197131,42.878354,1.0,place:1.00,matched,2026-04-27T16:46:30Z,us
9582,The American Wing,1798,||||||China||Chinese||,China,country,0.7,True,country.8753,People's Republic of China,101.901875,35.486703,1.0,country:1.00,matched,2026-04-27T16:46:34Z,cn
9584,The American Wing,1798,||||||China||Chinese||,China,country,0.7,True,country.8753,People's Republic of China,101.901875,35.486703,1.0,country:1.00,matched,2026-04-27T16:46:34Z,cn
9752,The American Wing,1735,||||West Midlands||England||British (American market)||,"West Midlands, England, England",region||country,0.7,True,district.1328719,"West Midlands, England, United Kingdom",-1.901027,52.47935,0.703704,district:0.70,matched,2026-04-27T16:47:14Z,gb
13455,The American Wing,1896,Trenton||New Jersey||Mid-Atlantic||United States||American||American,"Trenton, New Jersey, United States",city||state||country,0.95,True,place.330352876,"Trenton, New Jersey, United States",-74.759711,40.220578,1.0,place:1.00,matched,2026-04-27T16:47:11Z,us
14371,The American Wing,1895,Syracuse||New York||Mid-Atlantic||United States||American||American,"Syracuse, New York, United States",city||state||country,0.95,True,place.321915116,"Syracuse, New York, United States",-76.147486,43.047022,1.0,place:1.00,matched,2026-04-27T16:47:08Z,us
14828,The American Wing,1887,Trenton||New Jersey||Mid-Atlantic||United States||American||American,"Trenton, New Jersey, United States",city||state||country,0.95,True,place.330352876,"Trenton, New Jersey, United States",-74.759711,40.220578,1.0,place:1.00,matched,2026-04-27T16:47:11Z,us
15595,The American Wing,1899,New York||New York||Mid-Atlantic||United States||American||American,"New York, New York, United States",city||state||country,0.95,True,place.233720044,"New York City, New York, United States",-74.005994,40.712749,1.0,place:1.00,matched,2026-04-27T16:46:56Z,us
16298,The American Wing,1854,Brooklyn||New York||Mid-Atlantic||United States||American||American,"Brooklyn, New York, United States",city||state||country,0.95,True,place.233720044,"New York City, New York, United States",-74.005994,40.712749,0.725926,place:0.73,matched,2026-04-27T16:46:31Z,us
16544,The American Wing,1897,Biloxi||Mississippi||Southern||United States||American||American,"Biloxi, Mississippi, United States",city||state||country,0.95,True,place.28379372,"Biloxi, Mississippi, United States",-88.885571,30.395579,1.0,place:1.00,matched,2026-04-27T16:46:31Z,us
17732,The American Wing,1884,Trenton||New Jersey||Mid-Atlantic||United States||American||American,"Trenton, New Jersey, United States",city||state||country,0.95,True,place.330352876,"Trenton, New Jersey, United States",-74.759711,40.220578,1.0,place:1.00,matched,2026-04-27T16:47:11Z,us
18861,The American Wing,1833,Philadelphia||Pennsylvania||Mid-Atlantic||United States||American||American,"Philadelphia, Pennsylvania, United States",city||state||country,0.95,True,place.257591532,"Philadelphia, Pennsylvania, United States",-75.166853,39.952756,1.0,place:1.00,matched,2026-04-27T16:47:00Z,us
19001,The American Wing,1886,Trenton||New Jersey||Mid-Atlantic||United States||American||American,"Trenton, New Jersey, United States",city||state||country,0.95,True,place.330352876,"Trenton, New Jersey, United States",-74.759711,40.220578,1.0,place:1.00,matched,2026-04-27T16:47:11Z,us
19071,The American Wing,1886,Trenton||New Jersey||Mid-Atlantic||United States||American||American,"Trenton, New Jersey, United States",city||state||country,0.95,True,place.330352876,"Trenton, New Jersey, United States",-74.759711,40.220578,1.0,place:1.00,matched,2026-04-27T16:47:11Z,us
19827,The American Wing,1876,Brooklyn||New York||Mid-Atlantic United States||United States||American||American,"Brooklyn, New York, United States",city||state||country,0.95,True,place.233720044,"New York City, New York, United States",-74.005994,40.712749,0.725926,place:0.73,matched,2026-04-27T16:46:31Z,us
20076,The American Wing,1887,Chelsea||Massachusetts||New England United States||United States||American||American,"Chelsea, Massachusetts, United States",city||state||country,0.95,True,place.57919724,"Chelsea, Massachusetts, United States",-71.035964,42.391745,1.0,place:1.00,matched,2026-04-27T16:46:33Z,us
20637,The American Wing,1897,Trenton||New Jersey||Mid-Atlantic||United States||American||American,"Trenton, New Jersey, United States",city||state||country,0.95,True,place.330352876,"Trenton, New Jersey, United States",-74.759711,40.220578,1.0,place:1.00,matched,2026-04-27T16:47:11Z,us
20730,The American Wing,1885,Baltimore||Maryland||||United States||American||American,"Baltimore, Maryland, United States",city||state||country,0.95,True,place.17508588,"Baltimore, Maryland, United States",-76.612299,39.289643,1.0,place:1.00,matched,2026-04-27T16:46:29Z,us
36446,Asian Art,-2600,||||||||China||,China,culture,0.55,True,country.8753,People's Republic of China,101.901875,35.486703,1.0,country:1.00,matched,2026-04-27T16:46:34Z,cn
36452,Asian Art,899,||||||||Korea||,Korea,culture,0.55,True,country.8828,South Korea,128.168944,36.536236,1.0,country:1.00,matched,2026-04-27T16:46:49Z,kr
36454,Asian Art,1900,||||||||Korea||,Korea,culture,0.55,True,country.8828,South Korea,128.168944,36.536236,1.0,country:1.00,matched,2026-04-27T16:46:49Z,kr
37398,Asian Art,1383,||||||||Thailand||,Thailand,culture,0.55,True,country.8925,Thailand,101.017438,15.127333,1.0,country:1.00,matched,2026-04-27T16:47:09Z,th
37404,Asian Art,-2300,||||||||Thailand (Ban Chiang)||,"Ban Chiang, Thailand",culture||country,0.55,True,place.75997,"Ban Chang, Rayong, Thailand",101.050095,12.724634,0.971296,place:0.97,matched,2026-04-27T16:46:29Z,th
37407,Asian Art,-650,||||||||Thailand (Ban Chiang culture)||,"Ban Chiang, Thailand",culture||country,0.55,True,place.75997,"Ban Chang, Rayong, Thailand",101.050095,12.724634,0.971296,place:0.97,matched,2026-04-27T16:46:29Z,th
37425,Asian Art,-50,||||||||Thailand (Ban Chiang)||,"Ban Chiang, Thailand",culture||country,0.55,True,place.75997,"Ban Chang, Rayong, Thailand",101.050095,12.724634,0.971296,place:0.97,matched,2026-04-27T16:46:29Z,th
37431,Asian Art,1135,||||||||Thailand||,Thailand,culture,0.55,True,country.8925,Thailand,101.017438,15.127333,1.0,country:1.00,matched,2026-04-27T16:47:09Z,th
37432,Asian Art,1124,||||||||Thailand||,Thailand,culture,0.55,True,country.8925,Thailand,101.017438,15.127333,1.0,country:1.00,matched,2026-04-27T16:47:09Z,th
37433,Asian Art,1124,||||||||Thailand||,Thailand,culture,0.55,True,country.8925,Thailand,101.017438,15.127333,1.0,country:1.00,matched,2026-04-27T16:47:09Z,th
37434,Asian Art,1116,||||||||Thailand (Buriram Province)||,"Buriram Province, Thailand",culture||country,0.55,True,region.394461,"Buri Ram, Thailand",103.107919,14.995569,0.653333,region:0.65,matched,2026-04-27T16:46:32Z,th
37435,Asian Art,1185,||||||||Thailand||,Thailand,culture,0.55,True,country.8925,Thailand,101.017438,15.127333,1.0,country:1.00,matched,2026-04-27T16:47:09Z,th
37436,Asian Art,1174,||||||||Thailand||,Thailand,culture,0.55,True,country.8925,Thailand,101.017438,15.127333,1.0,country:1.00,matched,2026-04-27T16:47:09Z,th
37438,Asian Art,1135,||||||||Thailand||,Thailand,culture,0.55,True,country.8925,Thailand,101.017438,15.127333,1.0,country:1.00,matched,2026-04-27T16:47:09Z,th
37439,Asian Art,1049,||||||||Thailand (Buriram Province)||,"Buriram Province, Thailand",culture||country,0.55,True,region.394461,"Buri Ram, Thailand",103.107919,14.995569,0.653333,region:0.65,matched,2026-04-27T16:46:32Z,th
37442,Asian Art,1135,||||||||Thailand||,Thailand,culture,0.55,True,country.8925,Thailand,101.017438,15.127333,1.0,country:1.00,matched,2026-04-27T16:47:09Z,th
37443,Asian Art,1049,||||||||Thailand||,Thailand,culture,0.55,True,country.8925,Thailand,101.017438,15.127333,1.0,country:1.00,matched,2026-04-27T16:47:09Z,th
37449,Asian Art,1099,||||||||Vietnam||,Vietnam,culture,0.55,True,country.8948,Vietnam,108.339537,14.315424,1.0,country:1.00,matched,2026-04-27T16:47:14Z,vn
37450,Asian Art,1349,||||||||Vietnam||,Vietnam,culture,0.55,True,country.8948,Vietnam,108.339537,14.315424,1.0,country:1.00,matched,2026-04-27T16:47:14Z,vn
37454,Asian Art,1350,||||||||Thailand||,Thailand,culture,0.55,True,country.8925,Thailand,101.017438,15.127333,1.0,country:1.00,matched,2026-04-27T16:47:09Z,th
37455,Asian Art,1350,||||||||Thailand||,Thailand,culture,0.55,True,country.8925,Thailand,101.017438,15.127333,1.0,country:1.00,matched,2026-04-27T16:47:09Z,th
37457,Asian Art,1349,||||||||Thailand||,Thailand,culture,0.55,True,country.8925,Thailand,101.017438,15.127333,1.0,country:1.00,matched,2026-04-27T16:47:09Z,th
37458,Asian Art,1350,||||||||Thailand||,Thailand,culture,0.55,True,country.8925,Thailand,101.017438,15.127333,1.0,country:1.00,matched,2026-04-27T16:47:09Z,th
37475,Asian Art,1435,||||||||Thailand (Si Satchanalai)||,"Si Satchanalai, Thailand",culture||country,0.55,True,place.6007005,"Si Satchanalai, Sukhothai, Thailand",99.80422,17.401382,1.0,place:1.00,matched,2026-04-27T16:47:06Z,th
37476,Asian Art,1435,||||||||Thailand (Si Satchanalai)||,"Si Satchanalai, Thailand",culture||country,0.55,True,place.6007005,"Si Satchanalai, Sukhothai, Thailand",99.80422,17.401382,1.0,place:1.00,matched,2026-04-27T16:47:06Z,th
37477,Asian Art,1435,||||||||Thailand (Si Satchanalai)||,"Si Satchanalai, Thailand",culture||country,0.55,True,place.6007005,"Si Satchanalai, Sukhothai, Thailand",99.80422,17.401382,1.0,place:1.00,matched,2026-04-27T16:47:06Z,th
37478,Asian Art,1499,||||||||Thailand (Si Satchanalai)||,"Si Satchanalai, Thailand",culture||country,0.55,True,place.6007005,"Si Satchanalai, Sukhothai, Thailand",99.80422,17.401382,1.0,place:1.00,matched,2026-04-27T16:47:06Z,th
37479,Asian Art,1499,||||||||Thailand (Si Satchanalai)||,"Si Satchanalai, Thailand",culture||country,0.55,True,place.6007005,"Si Satchanalai, Sukhothai, Thailand",99.80422,17.401382,1.0,place:1.00,matched,2026-04-27T16:47:06Z,th
37482,Asian Art,1435,||||||||Thailand (Si Satchanalai)||,"Si Satchanalai, Thailand",culture||country,0.55,True,place.6007005,"Si Satchanalai, Sukhothai, Thailand",99.80422,17.401382,1.0,place:1.00,matched,2026-04-27T16:47:06Z,th
37496,Asian Art,1399,||||||||Thailand (Si Satchanalai)||,"Si Satchanalai, Thailand",culture||country,0.55,True,place.6007005,"Si Satchanalai, Sukhothai, Thailand",99.80422,17.401382,1.0,place:1.00,matched,2026-04-27T16:47:06Z,th
37510,Asian Art,1435,||||||||Thailand (Si Satchanalai)||,"Si Satchanalai, Thailand",culture||country,0.55,True,place.6007005,"Si Satchanalai, Sukhothai, Thailand",99.80422,17.401382,1.0,place:1.00,matched,2026-04-27T16:47:06Z,th
37524,Asian Art,1450,||||||||Thailand||,Thailand,culture,0.55,True,country.8925,Thailand,101.017438,15.127333,1.0,country:1.00,matched,2026-04-27T16:47:09Z,th
37537,Asian Art,-3500,||||||||Thailand||,Thailand,culture,0.55,True,country.8925,Thailand,101.017438,15.127333,1.0,country:1.00,matched,2026-04-27T16:47:09Z,th
37540,Asian Art,1449,||||||||Vietnam||,Vietnam,culture,0.55,True,country.8948,Vietnam,108.339537,14.315424,1.0,country:1.00,matched,2026-04-27T16:47:14Z,vn
37543,Asian Art,1383,||||||||Thailand||,Thailand,culture,0.55,True,country.8925,Thailand,101.017438,15.127333,1.0,country:1.00,matched,2026-04-27T16:47:09Z,th
37555,Asian Art,1299,||||||||Vietnam||,Vietnam,culture,0.55,True,country.8948,Vietnam,108.339537,14.315424,1.0,country:1.00,matched,2026-04-27T16:47:14Z,vn
37557,Asian Art,1449,||||||||Vietnam||,Vietnam,culture,0.55,True,country.8948,Vietnam,108.339537,14.315424,1.0,country:1.00,matched,2026-04-27T16:47:14Z,vn
37558,Asian Art,1499,||||||||Vietnam||,Vietnam,culture,0.55,True,country.8948,Vietnam,108.339537,14.315424,1.0,country:1.00,matched,2026-04-27T16:47:14Z,vn
37563,Asian Art,1499,||||||||Vietnam||,Vietnam,culture,0.55,True,country.8948,Vietnam,108.339537,14.315424,1.0,country:1.00,matched,2026-04-27T16:47:14Z,vn
37649,Asian Art,0,||||||||Thailand||,Thailand,culture,0.55,True,country.8925,Thailand,101.017438,15.127333,1.0,country:1.00,matched,2026-04-27T16:47:09Z,th
37657,Asian Art,1135,||||||||Thailand||,Thailand,culture,0.55,True,country.8925,Thailand,101.017438,15.127333,1.0,country:1.00,matched,2026-04-27T16:47:09Z,th
38308,Asian Art,1085,||||||||Thailand||,Thailand,culture,0.55,True,country.8925,Thailand,101.017438,15.127333,1.0,country:1.00,matched,2026-04-27T16:47:09Z,th
38546,Asian Art,1499,||||||||Vietnam||,Vietnam,culture,0.55,True,country.8948,Vietnam,108.339537,14.315424,1.0,country:1.00,matched,2026-04-27T16:47:14Z,vn
39484,Asian Art,1749,||||||||Japan||,Japan,culture,0.55,True,country.8820,Japan,138.59223,36.386493,1.0,country:1.00,matched,2026-04-27T16:46:48Z,jp
39496,Asian Art,249,||||||||Korea||,Korea,culture,0.55,True,country.8828,South Korea,128.168944,36.536236,1.0,country:1.00,matched,2026-04-27T16:46:49Z,kr
39500,Asian Art,499,||||||||Korea||,Korea,culture,0.55,True,country.8828,South Korea,128.168944,36.536236,1.0,country:1.00,matched,2026-04-27T16:46:49Z,kr
39501,Asian Art,499,||||||||Korea||,Korea,culture,0.55,True,country.8828,South Korea,128.168944,36.536236,1.0,country:1.00,matched,2026-04-27T16:46:49Z,kr
39505,Asian Art,499,||||||||Korea||,Korea,culture,0.55,True,country.8828,South Korea,128.168944,36.536236,1.0,country:1.00,matched,2026-04-27T16:46:49Z,kr
39506,Asian Art,450,||||||||Korea||,Korea,culture,0.55,True,country.8828,South Korea,128.168944,36.536236,1.0,country:1.00,matched,2026-04-27T16:46:49Z,kr
39510,Asian Art,799,||||||||Korea||,Korea,culture,0.55,True,country.8828,South Korea,128.168944,36.536236,1.0,country:1.00,matched,2026-04-27T16:46:49Z,kr
39511,Asian Art,749,||||||||Korea||,Korea,culture,0.55,True,country.8828,South Korea,128.168944,36.536236,1.0,country:1.00,matched,2026-04-27T16:46:49Z,kr
39512,Asian Art,799,||||||||Korea||,Korea,culture,0.55,True,country.8828,South Korea,128.168944,36.536236,1.0,country:1.00,matched,2026-04-27T16:46:49Z,kr
39513,Asian Art,749,||||||||Korea||,Korea,culture,0.55,True,country.8828,South Korea,128.168944,36.536236,1.0,country:1.00,matched,2026-04-27T16:46:49Z,kr
39520,Asian Art,499,||||||||Korea||,Korea,culture,0.55,True,country.8828,South Korea,128.168944,36.536236,1.0,country:1.00,matched,2026-04-27T16:46:49Z,kr
39521,Asian Art,1116,||||||||Korea||,Korea,culture,0.55,True,country.8828,South Korea,128.168944,36.536236,1.0,country:1.00,matched,2026-04-27T16:46:49Z,kr
39524,Asian Art,683,||||||||China||,China,culture,0.55,True,country.8753,People's Republic of China,101.901875,35.486703,1.0,country:1.00,matched,2026-04-27T16:46:34Z,cn
39528,Asian Art,1149,||||||||China||,China,culture,0.55,True,country.8753,People's Republic of China,101.901875,35.486703,1.0,country:1.00,matched,2026-04-27T16:46:34Z,cn
39531,Asian Art,1349,||||||||China||,China,culture,0.55,True,country.8753,People's Republic of China,101.901875,35.486703,1.0,country:1.00,matched,2026-04-27T16:46:34Z,cn
39559,Asian Art,749,||||||||China||,China,culture,0.55,True,country.8753,People's Republic of China,101.901875,35.486703,1.0,country:1.00,matched,2026-04-27T16:46:34Z,cn
39576,Asian Art,1649,||||||||Japan||Japanese,Japan,culture,0.55,True,country.8820,Japan,138.59223,36.386493,1.0,country:1.00,matched,2026-04-27T16:46:48Z,jp
39589,Asian Art,1116,||||||||Korea||,Korea,culture,0.55,True,country.8828,South Korea,128.168944,36.536236,1.0,country:1.00,matched,2026-04-27T16:46:49Z,kr
39590,Asian Art,1285,||||||||Korea||,Korea,culture,0.55,True,country.8828,South Korea,128.168944,36.536236,1.0,country:1.00,matched,2026-04-27T16:46:49Z,kr
39609,Asian Art,1099,||||||||Vietnam||,Vietnam,culture,0.55,True,country.8948,Vietnam,108.339537,14.315424,1.0,country:1.00,matched,2026-04-27T16:47:14Z,vn
39631,Asian Art,100,||||||||China||,China,culture,0.55,True,country.8753,People's Republic of China,101.901875,35.486703,1.0,country:1.00,matched,2026-04-27T16:46:34Z,cn
39666,Asian Art,1416,||||||||China||,China,culture,0.55,True,country.8753,People's Republic of China,101.901875,35.486703,1.0,country:1.00,matched,2026-04-27T16:46:34Z,cn
39885,Asian Art,1750,||||||||Korea||,Korea,culture,0.55,True,country.8828,South Korea,128.168944,36.536236,1.0,country:1.00,matched,2026-04-27T16:46:49Z,kr
40074,Asian Art,1849,||||||||Japan||,Japan,culture,0.55,True,country.8820,Japan,138.59223,36.386493,1.0,country:1.00,matched,2026-04-27T16:46:48Z,jp
40082,Asian Art,-2200,||||||||China||,China,culture,0.55,True,country.8753,People's Republic of China,101.901875,35.486703,1.0,country:1.00,matched,2026-04-27T16:46:34Z,cn
40083,Asian Art,-2400,||||||||China||,China,culture,0.55,True,country.8753,People's Republic of China,101.901875,35.486703,1.0,country:1.00,matched,2026-04-27T16:46:34Z,cn
40084,Asian Art,1683,||||||||China||,China,culture,0.55,True,country.8753,People's Republic of China,101.901875,35.486703,1.0,country:1.00,matched,2026-04-27T16:46:34Z,cn
40095,Asian Art,-350,||||||||Korea||,Korea,culture,0.55,True,country.8828,South Korea,128.168944,36.536236,1.0,country:1.00,matched,2026-04-27T16:46:49Z,kr
40206,Asian Art,-2150,||||||||China||,China,culture,0.55,True,country.8753,People's Republic of China,101.901875,35.486703,1.0,country:1.00,matched,2026-04-27T16:46:34Z,cn
40207,Asian Art,-2150,||||||||China||,China,culture,0.55,True,country.8753,People's Republic of China,101.901875,35.486703,1.0,country:1.00,matched,2026-04-27T16:46:34Z,cn
40959,Asian Art,1799,||||||||China||,China,culture,0.55,True,country.8753,People's Republic of China,101.901875,35.486703,1.0,country:1.00,matched,2026-04-27T16:46:34Z,cn
40960,Asian Art,1833,||||||||China||,China,culture,0.55,True,country.8753,People's Republic of China,101.901875,35.486703,1.0,country:1.00,matched,2026-04-27T16:46:34Z,cn
41076,Asian Art,1765,||||||||China||,China,culture,0.55,True,country.8753,People's Republic of China,101.901875,35.486703,1.0,country:1.00,matched,2026-04-27T16:46:34Z,cn
41749,Asian Art,1749,||||||||Japan||,Japan,culture,0.55,True,country.8820,Japan,138.59223,36.386493,1.0,country:1.00,matched,2026-04-27T16:46:48Z,jp
41753,Asian Art,1849,||||||||Japan||,Japan,culture,0.55,True,country.8820,Japan,138.59223,36.386493,1.0,country:1.00,matched,2026-04-27T16:46:48Z,jp
42011,Asian Art,1299,||||||||China||,China,culture,0.55,True,country.8753,People's Republic of China,101.901875,35.486703,1.0,country:1.00,matched,2026-04-27T16:46:34Z,cn
42190,Asian Art,1600,||||||||China||,China,culture,0.55,True,country.8753,People's Republic of China,101.901875,35.486703,1.0,country:1.00,matched,2026-04-27T16:46:34Z,cn
42191,Asian Art,1700,||||||||China||,China,culture,0.55,True,country.8753,People's Republic of China,101.901875,35.486703,1.0,country:1.00,matched,2026-04-27T16:46:34Z,cn
42192,Asian Art,1750,||||||||China||,China,culture,0.55,True,country.8753,People's Republic of China,101.901875,35.486703,1.0,country:1.00,matched,2026-04-27T16:46:34Z,cn
42199,Asian Art,1716,||||||||China||,China,culture,0.55,True,country.8753,People's Republic of China,101.901875,35.486703,1.0,country:1.00,matched,2026-04-27T16:46:34Z,cn
42200,Asian Art,1700,||||||||China||,China,culture,0.55,True,country.8753,People's Republic of China,101.901875,35.486703,1.0,country:1.00,matched,2026-04-27T16:46:34Z,cn
42201,Asian Art,1733,||||||||China||,China,culture,0.55,True,country.8753,People's Republic of China,101.901875,35.486703,1.0,country:1.00,matched,2026-04-27T16:46:34Z,cn
42202,Asian Art,1700,||||||||China||,China,culture,0.55,True,country.8753,People's Republic of China,101.901875,35.486703,1.0,country:1.00,matched,2026-04-27T16:46:34Z,cn
42203,Asian Art,1716,||||||||China||,China,culture,0.55,True,country.8753,People's Republic of China,101.901875,35.486703,1.0,country:1.00,matched,2026-04-27T16:46:34Z,cn
42204,Asian Art,1700,||||||||China||,China,culture,0.55,True,country.8753,People's Republic of China,101.901875,35.486703,1.0,country:1.00,matched,2026-04-27T16:46:34Z,cn
42205,Asian Art,1749,||||||||China||,China,culture,0.55,True,country.8753,People's Republic of China,101.901875,35.486703,1.0,country:1.00,matched,2026-04-27T16:46:34Z,cn
42206,Asian Art,1765,||||||||China||,China,culture,0.55,True,country.8753,People's Republic of China,101.901875,35.486703,1.0,country:1.00,matched,2026-04-27T16:46:34Z,cn
42207,Asian Art,1749,||||||||China||,China,culture,0.55,True,country.8753,People's Republic of China,101.901875,35.486703,1.0,country:1.00,matched,2026-04-27T16:46:34Z,cn
42208,Asian Art,1700,||||||||China||,China,culture,0.55,True,country.8753,People's Republic of China,101.901875,35.486703,1.0,country:1.00,matched,2026-04-27T16:46:34Z,cn
42209,Asian Art,1749,||||||||China||,China,culture,0.55,True,country.8753,People's Republic of China,101.901875,35.486703,1.0,country:1.00,matched,2026-04-27T16:46:34Z,cn
42211,Asian Art,1716,||||||||China||,China,culture,0.55,True,country.8753,People's Republic of China,101.901875,35.486703,1.0,country:1.00,matched,2026-04-27T16:46:34Z,cn
42212,Asian Art,1716,||||||||China||,China,culture,0.55,True,country.8753,People's Republic of China,101.901875,35.486703,1.0,country:1.00,matched,2026-04-27T16:46:34Z,cn
42213,Asian Art,1716,||||||||China||,China,culture,0.55,True,country.8753,People's Republic of China,101.901875,35.486703,1.0,country:1.00,matched,2026-04-27T16:46:34Z,cn
42215,Asian Art,1765,||||||||China||,China,culture,0.55,True,country.8753,People's Republic of China,101.901875,35.486703,1.0,country:1.00,matched,2026-04-27T16:46:34Z,cn
42216,Asian Art,1749,||||||||China||,China,culture,0.55,True,country.8753,People's Republic of China,101.901875,35.486703,1.0,country:1.00,matched,2026-04-27T16:46:34Z,cn
42217,Asian Art,1692,||||||||China||,China,culture,0.55,True,country.8753,People's Republic of China,101.901875,35.486703,1.0,country:1.00,matched,2026-04-27T16:46:34Z,cn
42218,Asian Art,1700,||||||||China||,China,culture,0.55,True,country.8753,People's Republic of China,101.901875,35.486703,1.0,country:1.00,matched,2026-04-27T16:46:34Z,cn
42220,Asian Art,1799,||||||||China||,China,culture,0.55,True,country.8753,People's Republic of China,101.901875,35.486703,1.0,country:1.00,matched,2026-04-27T16:46:34Z,cn
42221,Asian Art,1716,||||||||China||,China,culture,0.55,True,country.8753,People's Republic of China,101.901875,35.486703,1.0,country:1.00,matched,2026-04-27T16:46:34Z,cn
42222,Asian Art,1849,||||||||China||,China,culture,0.55,True,country.8753,People's Republic of China,101.901875,35.486703,1.0,country:1.00,matched,2026-04-27T16:46:34Z,cn
42223,Asian Art,1883,||||||||China||,China,culture,0.55,True,country.8753,People's Republic of China,101.901875,35.486703,1.0,country:1.00,matched,2026-04-27T16:46:34Z,cn
42224,Asian Art,1849,||||||||China||,China,culture,0.55,True,country.8753,People's Republic of China,101.901875,35.486703,1.0,country:1.00,matched,2026-04-27T16:46:34Z,cn
42226,Asian Art,1749,||||||||China||,China,culture,0.55,True,country.8753,People's Republic of China,101.901875,35.486703,1.0,country:1.00,matched,2026-04-27T16:46:34Z,cn
42227,Asian Art,1683,||||||||China||,China,culture,0.55,True,country.8753,People's Republic of China,101.901875,35.486703,1.0,country:1.00,matched,2026-04-27T16:46:34Z,cn
42228,Asian Art,1849,||||||||China||,China,culture,0.55,True,country.8753,People's Republic of China,101.901875,35.486703,1.0,country:1.00,matched,2026-04-27T16:46:34Z,cn
42229,Asian Art,1717,||||||||China||,China,culture,0.55,True,country.8753,People's Republic of China,101.901875,35.486703,1.0,country:1.00,matched,2026-04-27T16:46:34Z,cn
42232,Asian Art,1683,||||||||China||,China,culture,0.55,True,country.8753,People's Republic of China,101.901875,35.486703,1.0,country:1.00,matched,2026-04-27T16:46:34Z,cn
42237,Asian Art,1849,||||||||China||,China,culture,0.55,True,country.8753,People's Republic of China,101.901875,35.486703,1.0,country:1.00,matched,2026-04-27T16:46:34Z,cn
42238,Asian Art,1833,||||||||China||,China,culture,0.55,True,country.8753,People's Republic of China,101.901875,35.486703,1.0,country:1.00,matched,2026-04-27T16:46:34Z,cn
42240,Asian Art,1833,||||||||China||,China,culture,0.55,True,country.8753,People's Republic of China,101.901875,35.486703,1.0,country:1.00,matched,2026-04-27T16:46:34Z,cn
42241,Asian Art,1716,||||||||China||,China,culture,0.55,True,country.8753,People's Republic of China,101.901875,35.486703,1.0,country:1.00,matched,2026-04-27T16:46:34Z,cn
42242,Asian Art,1649,||||||||China||,China,culture,0.55,True,country.8753,People's Republic of China,101.901875,35.486703,1.0,country:1.00,matched,2026-04-27T16:46:34Z,cn
42243,Asian Art,1783,||||||||China||,China,culture,0.55,True,country.8753,People's Republic of China,101.901875,35.486703,1.0,country:1.00,matched,2026-04-27T16:46:34Z,cn
42246,Asian Art,1683,||||||||China||,China,culture,0.55,True,country.8753,People's Republic of China,101.901875,35.486703,1.0,country:1.00,matched,2026-04-27T16:46:34Z,cn
42247,Asian Art,1717,||||||||China||,China,culture,0.55,True,country.8753,People's Republic of China,101.901875,35.486703,1.0,country:1.00,matched,2026-04-27T16:46:34Z,cn
42248,Asian Art,1700,||||||||China||,China,culture,0.55,True,country.8753,People's Republic of China,101.901875,35.486703,1.0,country:1.00,matched,2026-04-27T16:46:34Z,cn
42249,Asian Art,1750,||||||||China||,China,culture,0.55,True,country.8753,People's Republic of China,101.901875,35.486703,1.0,country:1.00,matched,2026-04-27T16:46:34Z,cn
42250,Asian Art,1750,||||||||China||,China,culture,0.55,True,country.8753,People's Republic of China,101.901875,35.486703,1.0,country:1.00,matched,2026-04-27T16:46:34Z,cn
42251,Asian Art,1750,||||||||China||,China,culture,0.55,True,country.8753,People's Republic of China,101.901875,35.486703,1.0,country:1.00,matched,2026-04-27T16:46:34Z,cn
42253,Asian Art,1751,||||||||China||,China,culture,0.55,True,country.8753,People's Republic of China,101.901875,35.486703,1.0,country:1.00,matched,2026-04-27T16:46:34Z,cn
42254,Asian Art,1700,||||||||China||,China,culture,0.55,True,country.8753,People's Republic of China,101.901875,35.486703,1.0,country:1.00,matched,2026-04-27T16:46:34Z,cn
42255,Asian Art,1716,||||||||China||,China,culture,0.55,True,country.8753,People's Republic of China,101.901875,35.486703,1.0,country:1.00,matched,2026-04-27T16:46:34Z,cn
42256,Asian Art,1716,||||||||China||,China,culture,0.55,True,country.8753,People's Republic of China,101.901875,35.486703,1.0,country:1.00,matched,2026-04-27T16:46:34Z,cn
42257,Asian Art,1716,||||||||China||,China,culture,0.55,True,country.8753,People's Republic of China,101.901875,35.486703,1.0,country:1.00,matched,2026-04-27T16:46:34Z,cn
42265,Asian Art,1116,||||||||Korea||,Korea,culture,0.55,True,country.8828,South Korea,128.168944,36.536236,1.0,country:1.00,matched,2026-04-27T16:46:49Z,kr
42267,Asian Art,1701,||||||||China||,China,culture,0.55,True,country.8753,People's Republic of China,101.901875,35.486703,1.0,country:1.00,matched,2026-04-27T16:46:34Z,cn
42268,Asian Art,1124,||||||||Korea||,Korea,culture,0.55,True,country.8828,South Korea,128.168944,36.536236,1.0,country:1.00,matched,2026-04-27T16:46:49Z,kr
42272,Asian Art,1799,||||||||China||,China,culture,0.55,True,country.8753,People's Republic of China,101.901875,35.486703,1.0,country:1.00,matched,2026-04-27T16:46:34Z,cn
42278,Asian Art,1100,||||||||Korea||,Korea,culture,0.55,True,country.8828,South Korea,128.168944,36.536236,1.0,country:1.00,matched,2026-04-27T16:46:49Z,kr
42279,Asian Art,1700,||||||||China||,China,culture,0.55,True,country.8753,People's Republic of China,101.901875,35.486703,1.0,country:1.00,matched,2026-04-27T16:46:34Z,cn
42282,Asian Art,1183,||||||||Korea||,Korea,culture,0.55,True,country.8828,South Korea,128.168944,36.536236,1.0,country:1.00,matched,2026-04-27T16:46:49Z,kr
42285,Asian Art,1174,||||||||Korea||,Korea,culture,0.55,True,country.8828,South Korea,128.168944,36.536236,1.0,country:1.00,matched,2026-04-27T16:46:49Z,kr
42290,Asian Art,1700,||||||||China||,China,culture,0.55,True,country.8753,People's Republic of China,101.901875,35.486703,1.0,country:1.00,matched,2026-04-27T16:46:34Z,cn
42293,Asian Art,1249,||||||||Korea||,Korea,culture,0.55,True,country.8828,South Korea,128.168944,36.536236,1.0,country:1.00,matched,2026-04-27T16:46:49Z,kr
42301,Asian Art,1174,||||||||Korea||,Korea,culture,0.55,True,country.8828,South Korea,128.168944,36.536236,1.0,country:1.00,matched,2026-04-27T16:46:49Z,kr
42305,Asian Art,1049,||||||||Korea||,Korea,culture,0.55,True,country.8828,South Korea,128.168944,36.536236,1.0,country:1.00,matched,2026-04-27T16:46:49Z,kr
42306,Asian Art,1249,||||||||Korea||,Korea,culture,0.55,True,country.8828,South Korea,128.168944,36.536236,1.0,country:1.00,matched,2026-04-27T16:46:49Z,kr
42307,Asian Art,1149,||||||||Korea||,Korea,culture,0.55,True,country.8828,South Korea,128.168944,36.536236,1.0,country:1.00,matched,2026-04-27T16:46:49Z,kr
42308,Asian Art,1485,||||||||Korea||,Korea,culture,0.55,True,country.8828,South Korea,128.168944,36.536236,1.0,country:1.00,matched,2026-04-27T16:46:49Z,kr
42309,Asian Art,1483,||||||||Korea||,Korea,culture,0.55,True,country.8828,South Korea,128.168944,36.536236,1.0,country:1.00,matched,2026-04-27T16:46:49Z,kr
42310,Asian Art,1824,||||||||Korea||,Korea,culture,0.55,True,country.8828,South Korea,128.168944,36.536236,1.0,country:1.00,matched,2026-04-27T16:46:49Z,kr
42311,Asian Art,1850,||||||||Korea||,Korea,culture,0.55,True,country.8828,South Korea,128.168944,36.536236,1.0,country:1.00,matched,2026-04-27T16:46:49Z,kr
42312,Asian Art,1849,||||||||Korea||,Korea,culture,0.55,True,country.8828,South Korea,128.168944,36.536236,1.0,country:1.00,matched,2026-04-27T16:46:49Z,kr
42313,Asian Art,1874,||||||||Korea||,Korea,culture,0.55,True,country.8828,South Korea,128.168944,36.536236,1.0,country:1.00,matched,2026-04-27T16:46:49Z,kr
42317,Asian Art,1765,||||||||China||,China,culture,0.55,True,country.8753,People's Republic of China,101.901875,35.486703,1.0,country:1.00,matched,2026-04-27T16:46:34Z,cn
42324,Asian Art,1749,||||||||China||Chinese,China,culture,0.55,True,country.8753,People's Republic of China,101.901875,35.486703,1.0,country:1.00,matched,2026-04-27T16:46:34Z,cn
42326,Asian Art,1849,||||||||China||,China,culture,0.55,True,country.8753,People's Republic of China,101.901875,35.486703,1.0,country:1.00,matched,2026-04-27T16:46:34Z,cn
42331,Asian Art,-300,||||||||China||,China,culture,0.55,True,country.8753,People's Republic of China,101.901875,35.486703,1.0,country:1.00,matched,2026-04-27T16:46:34Z,cn
42333,Asian Art,-425,||||||||China||,China,culture,0.55,True,country.8753,People's Republic of China,101.901875,35.486703,1.0,country:1.00,matched,2026-04-27T16:46:34Z,cn
42336,Asian Art,1650,||||||||China||,China,culture,0.55,True,country.8753,People's Republic of China,101.901875,35.486703,1.0,country:1.00,matched,2026-04-27T16:46:34Z,cn
42337,Asian Art,1650,||||||||China||,China,culture,0.55,True,country.8753,People's Republic of China,101.901875,35.486703,1.0,country:1.00,matched,2026-04-27T16:46:34Z,cn
42338,Asian Art,1683,||||||||China||,China,culture,0.55,True,country.8753,People's Republic of China,101.901875,35.486703,1.0,country:1.00,matched,2026-04-27T16:46:34Z,cn
42341,Asian Art,1685,||||||||China||,China,culture,0.55,True,country.8753,People's Republic of China,101.901875,35.486703,1.0,country:1.00,matched,2026-04-27T16:46:34Z,cn
42350,Asian Art,399,||||||||China||,China,culture,0.55,True,country.8753,People's Republic of China,101.901875,35.486703,1.0,country:1.00,matched,2026-04-27T16:46:34Z,cn
42353,Asian Art,599,||||||||China||,China,culture,0.55,True,country.8753,People's Republic of China,101.901875,35.486703,1.0,country:1.00,matched,2026-04-27T16:46:34Z,cn
42354,Asian Art,1666,||||||||China||,China,culture,0.55,True,country.8753,People's Republic of China,101.901875,35.486703,1.0,country:1.00,matched,2026-04-27T16:46:34Z,cn
42355,Asian Art,1700,||||||||China||,China,culture,0.55,True,country.8753,People's Republic of China,101.901875,35.486703,1.0,country:1.00,matched,2026-04-27T16:46:34Z,cn
42358,Asian Art,1700,||||||||China||,China,culture,0.55,True,country.8753,People's Republic of China,101.901875,35.486703,1.0,country:1.00,matched,2026-04-27T16:46:34Z,cn
42360,Asian Art,1716,||||||||China||,China,culture,0.55,True,country.8753,People's Republic of China,101.901875,35.486703,1.0,country:1.00,matched,2026-04-27T16:46:34Z,cn
42363,Asian Art,1717,||||||||China||,China,culture,0.55,True,country.8753,People's Republic of China,101.901875,35.486703,1.0,country:1.00,matched,2026-04-27T16:46:34Z,cn
42364,Asian Art,1729,||||||||China||,China,culture,0.55,True,country.8753,People's Republic of China,101.901875,35.486703,1.0,country:1.00,matched,2026-04-27T16:46:34Z,cn
42366,Asian Art,1695,||||||||China||,China,culture,0.55,True,country.8753,People's Republic of China,101.901875,35.486703,1.0,country:1.00,matched,2026-04-27T16:46:34Z,cn
42367,Asian Art,-49,||||||||China||,China,culture,0.55,True,country.8753,People's Republic of China,101.901875,35.486703,1.0,country:1.00,matched,2026-04-27T16:46:34Z,cn
42368,Asian Art,1750,||||||||China||,China,culture,0.55,True,country.8753,People's Republic of China,101.901875,35.486703,1.0,country:1.00,matched,2026-04-27T16:46:34Z,cn
42369,Asian Art,0,||||||||China||,China,culture,0.55,True,country.8753,People's Republic of China,101.901875,35.486703,1.0,country:1.00,matched,2026-04-27T16:46:34Z,cn
42370,Asian Art,1750,||||||||China||,China,culture,0.55,True,country.8753,People's Republic of China,101.901875,35.486703,1.0,country:1.00,matched,2026-04-27T16:46:34Z,cn
42376,Asian Art,708,||||||||China||,China,culture,0.55,True,country.8753,People's Republic of China,101.901875,35.486703,1.0,country:1.00,matched,2026-04-27T16:46:34Z,cn
42377,Asian Art,708,||||||||China||,China,culture,0.55,True,country.8753,People's Republic of China,101.901875,35.486703,1.0,country:1.00,matched,2026-04-27T16:46:34Z,cn
42378,Asian Art,708,||||||||China||,China,culture,0.55,True,country.8753,People's Republic of China,101.901875,35.486703,1.0,country:1.00,matched,2026-04-27T16:46:34Z,cn
42389,Asian Art,1650,||||||||China||,China,culture,0.55,True,country.8753,People's Republic of China,101.901875,35.486703,1.0,country:1.00,matched,2026-04-27T16:46:34Z,cn
42391,Asian Art,1650,||||||||China||,China,culture,0.55,True,country.8753,People's Republic of China,101.901875,35.486703,1.0,country:1.00,matched,2026-04-27T16:46:34Z,cn
42393,Asian Art,849,||||||||China||,China,culture,0.55,True,country.8753,People's Republic of China,101.901875,35.486703,1.0,country:1.00,matched,2026-04-27T16:46:34Z,cn
42394,Asian Art,1666,||||||||China||,China,culture,0.55,True,country.8753,People's Republic of China,101.901875,35.486703,1.0,country:1.00,matched,2026-04-27T16:46:34Z,cn
42397,Asian Art,1655,||||||||China||,China,culture,0.55,True,country.8753,People's Republic of China,101.901875,35.486703,1.0,country:1.00,matched,2026-04-27T16:46:34Z,cn
42400,Asian Art,849,||||||||China||,China,culture,0.55,True,country.8753,People's Republic of China,101.901875,35.486703,1.0,country:1.00,matched,2026-04-27T16:46:34Z,cn
42403,Asian Art,1700,||||||||China||,China,culture,0.55,True,country.8753,People's Republic of China,101.901875,35.486703,1.0,country:1.00,matched,2026-04-27T16:46:34Z,cn
42406,Asian Art,1692,||||||||China||,China,culture,0.55,True,country.8753,People's Republic of China,101.901875,35.486703,1.0,country:1.00,matched,2026-04-27T16:46:34Z,cn
42409,Asian Art,1700,||||||||China||,China,culture,0.55,True,country.8753,People's Republic of China,101.901875,35.486703,1.0,country:1.00,matched,2026-04-27T16:46:34Z,cn
42413,Asian Art,1700,||||||||China||,China,culture,0.55,True,country.8753,People's Republic of China,101.901875,35.486703,1.0,country:1.00,matched,2026-04-27T16:46:34Z,cn
42414,Asian Art,1765,||||||||China||,China,culture,0.55,True,country.8753,People's Republic of China,101.901875,35.486703,1.0,country:1.00,matched,2026-04-27T16:46:34Z,cn
42415,Asian Art,1692,||||||||China||,China,culture,0.55,True,country.8753,People's Republic of China,101.901875,35.486703,1.0,country:1.00,matched,2026-04-27T16:46:34Z,cn
42416,Asian Art,1692,||||||||China||,China,culture,0.55,True,country.8753,People's Republic of China,101.901875,35.486703,1.0,country:1.00,matched,2026-04-27T16:46:34Z,cn
42417,Asian Art,1749,||||||||China||,China,culture,0.55,True,country.8753,People's Republic of China,101.901875,35.486703,1.0,country:1.00,matched,2026-04-27T16:46:34Z,cn
42421,Asian Art,1683,||||||||China||,China,culture,0.55,True,country.8753,People's Republic of China,101.901875,35.486703,1.0,country:1.00,matched,2026-04-27T16:46:34Z,cn
42422,Asian Art,1695,||||||||China||,China,culture,0.55,True,country.8753,People's Republic of China,101.901875,35.486703,1.0,country:1.00,matched,2026-04-27T16:46:34Z,cn
42424,Asian Art,1700,||||||||China||,China,culture,0.55,True,country.8753,People's Republic of China,101.901875,35.486703,1.0,country:1.00,matched,2026-04-27T16:46:34Z,cn
42425,Asian Art,1711,||||||||China||,China,culture,0.55,True,country.8753,People's Republic of China,101.901875,35.486703,1.0,country:1.00,matched,2026-04-27T16:46:34Z,cn
42426,Asian Art,1711,||||||||China||,China,culture,0.55,True,country.8753,People's Republic of China,101.901875,35.486703,1.0,country:1.00,matched,2026-04-27T16:46:34Z,cn
42427,Asian Art,1695,||||||||China||,China,culture,0.55,True,country.8753,People's Republic of China,101.901875,35.486703,1.0,country:1.00,matched,2026-04-27T16:46:34Z,cn
42428,Asian Art,1717,||||||||China||,China,culture,0.55,True,country.8753,People's Republic of China,101.901875,35.486703,1.0,country:1.00,matched,2026-04-27T16:46:34Z,cn
42432,Asian Art,1099,||||||||China||,China,culture,0.55,True,country.8753,People's Republic of China,101.901875,35.486703,1.0,country:1.00,matched,2026-04-27T16:46:34Z,cn
42434,Asian Art,949,||||||||China||,China,culture,0.55,True,country.8753,People's Republic of China,101.901875,35.486703,1.0,country:1.00,matched,2026-04-27T16:46:34Z,cn
42436,Asian Art,1266,||||||||China||,China,culture,0.55,True,country.8753,People's Republic of China,101.901875,35.486703,1.0,country:1.00,matched,2026-04-27T16:46:34Z,cn
42438,Asian Art,1029,||||||||China||,China,culture,0.55,True,country.8753,People's Republic of China,101.901875,35.486703,1.0,country:1.00,matched,2026-04-27T16:46:34Z,cn
42439,Asian Art,1149,||||||||China||,China,culture,0.55,True,country.8753,People's Republic of China,101.901875,35.486703,1.0,country:1.00,matched,2026-04-27T16:46:34Z,cn
42440,Asian Art,1149,||||||||China||,China,culture,0.55,True,country.8753,People's Republic of China,101.901875,35.486703,1.0,country:1.00,matched,2026-04-27T16:46:34Z,cn
42443,Asian Art,1350,||||||||China||,China,culture,0.55,True,country.8753,People's Republic of China,101.901875,35.486703,1.0,country:1.00,matched,2026-04-27T16:46:34Z,cn
42447,Asian Art,1199,||||||||China||,China,culture,0.55,True,country.8753,People's Republic of China,101.901875,35.486703,1.0,country:1.00,matched,2026-04-27T16:46:34Z,cn
42448,Asian Art,1249,||||||||China||,China,culture,0.55,True,country.8753,People's Republic of China,101.901875,35.486703,1.0,country:1.00,matched,2026-04-27T16:46:34Z,cn
42450,Asian Art,1099,||||||||China||,China,culture,0.55,True,country.8753,People's Republic of China,101.901875,35.486703,1.0,country:1.00,matched,2026-04-27T16:46:34Z,cn
42464,Asian Art,1099,||||||||China||,China,culture,0.55,True,country.8753,People's Republic of China,101.901875,35.486703,1.0,country:1.00,matched,2026-04-27T16:46:34Z,cn
42468,Asian Art,1099,||||||||China||,China,culture,0.55,True,country.8753,People's Republic of China,101.901875,35.486703,1.0,country:1.00,matched,2026-04-27T16:46:34Z,cn
42469,Asian Art,1167,||||||||China||,China,culture,0.55,True,country.8753,People's Republic of China,101.901875,35.486703,1.0,country:1.00,matched,2026-04-27T16:46:34Z,cn
42474,Asian Art,1066,||||||||China||,China,culture,0.55,True,country.8753,People's Republic of China,101.901875,35.486703,1.0,country:1.00,matched,2026-04-27T16:46:34Z,cn
42476,Asian Art,1199,||||||||China||,China,culture,0.55,True,country.8753,People's Republic of China,101.901875,35.486703,1.0,country:1.00,matched,2026-04-27T16:46:34Z,cn
42477,Asian Art,1300,||||||||China||,China,culture,0.55,True,country.8753,People's Republic of China,101.901875,35.486703,1.0,country:1.00,matched,2026-04-27T16:46:34Z,cn
42479,Asian Art,1099,||||||||China||,China,culture,0.55,True,country.8753,People's Republic of China,101.901875,35.486703,1.0,country:1.00,matched,2026-04-27T16:46:34Z,cn
42486,Asian Art,1283,||||||||China||,China,culture,0.55,True,country.8753,People's Republic of China,101.901875,35.486703,1.0,country:1.00,matched,2026-04-27T16:46:34Z,cn
42490,Asian Art,1324,||||||||China||,China,culture,0.55,True,country.8753,People's Republic of China,101.901875,35.486703,1.0,country:1.00,matched,2026-04-27T16:46:34Z,cn
42491,Asian Art,1350,||||||||China||,China,culture,0.55,True,country.8753,People's Republic of China,101.901875,35.486703,1.0,country:1.00,matched,2026-04-27T16:46:34Z,cn
42498,Asian Art,1416,||||||||China||,China,culture,0.55,True,country.8753,People's Republic of China,101.901875,35.486703,1.0,country:1.00,matched,2026-04-27T16:46:34Z,cn
42505,Asian Art,1416,||||||||China||,China,culture,0.55,True,country.8753,People's Republic of China,101.901875,35.486703,1.0,country:1.00,matched,2026-04-27T16:46:34Z,cn
42506,Asian Art,1430,||||||||China||,China,culture,0.55,True,country.8753,People's Republic of China,101.901875,35.486703,1.0,country:1.00,matched,2026-04-27T16:46:34Z,cn
42510,Asian Art,1499,||||||||China||,China,culture,0.55,True,country.8753,People's Republic of China,101.901875,35.486703,1.0,country:1.00,matched,2026-04-27T16:46:34Z,cn
42511,Asian Art,1499,||||||||China||,China,culture,0.55,True,country.8753,People's Republic of China,101.901875,35.486703,1.0,country:1.00,matched,2026-04-27T16:46:34Z,cn
42522,Asian Art,1513,||||||||China||,China,culture,0.55,True,country.8753,People's Republic of China,101.901875,35.486703,1.0,country:1.00,matched,2026-04-27T16:46:34Z,cn
42537,Asian Art,1600,||||||||China||,China,culture,0.55,True,country.8753,People's Republic of China,101.901875,35.486703,1.0,country:1.00,matched,2026-04-27T16:46:34Z,cn
42540,Asian Art,1544,||||||||China||,China,culture,0.55,True,country.8753,People's Republic of China,101.901875,35.486703,1.0,country:1.00,matched,2026-04-27T16:46:34Z,cn
42541,Asian Art,1544,||||||||China||,China,culture,0.55,True,country.8753,People's Republic of China,101.901875,35.486703,1.0,country:1.00,matched,2026-04-27T16:46:34Z,cn
42549,Asian Art,1550,||||||||China||,China,culture,0.55,True,country.8753,People's Republic of China,101.901875,35.486703,1.0,country:1.00,matched,2026-04-27T16:46:34Z,cn
42550,Asian Art,1544,||||||||China||,China,culture,0.55,True,country.8753,People's Republic of China,101.901875,35.486703,1.0,country:1.00,matched,2026-04-27T16:46:34Z,cn
42551,Asian Art,1550,||||||||China||,China,culture,0.55,True,country.8753,People's Republic of China,101.901875,35.486703,1.0,country:1.00,matched,2026-04-27T16:46:34Z,cn
42694,Asian Art,-2150,||||||||China||,China,culture,0.55,True,country.8753,People's Republic of China,101.901875,35.486703,1.0,country:1.00,matched,2026-04-27T16:46:34Z,cn
42740,Asian Art,1416,||||||||China||,China,culture,0.55,True,country.8753,People's Republic of China,101.901875,35.486703,1.0,country:1.00,matched,2026-04-27T16:46:34Z,cn
44332,Asian Art,7,||||||||China||,China,culture,0.55,True,country.8753,People's Republic of China,101.901875,35.486703,1.0,country:1.00,matched,2026-04-27T16:46:34Z,cn
44349,Asian Art,724,||||||||China||,China,culture,0.55,True,country.8753,People's Republic of China,101.901875,35.486703,1.0,country:1.00,matched,2026-04-27T16:46:34Z,cn
44419,Asian Art,199,||||||||China||,China,culture,0.55,True,country.8753,People's Republic of China,101.901875,35.486703,1.0,country:1.00,matched,2026-04-27T16:46:34Z,cn
44421,Asian Art,-2250,||||||||China||,China,culture,0.55,True,country.8753,People's Republic of China,101.901875,35.486703,1.0,country:1.00,matched,2026-04-27T16:46:34Z,cn
44422,Asian Art,-2150,||||||||China||,China,culture,0.55,True,country.8753,People's Republic of China,101.901875,35.486703,1.0,country:1.00,matched,2026-04-27T16:46:34Z,cn
44423,Asian Art,-2150,||||||||China||,China,culture,0.55,True,country.8753,People's Republic of China,101.901875,35.486703,1.0,country:1.00,matched,2026-04-27T16:46:34Z,cn
44424,Asian Art,-2150,||||||||China||,China,culture,0.55,True,country.8753,People's Republic of China,101.901875,35.486703,1.0,country:1.00,matched,2026-04-27T16:46:34Z,cn
44426,Asian Art,-2150,||||||||China||,China,culture,0.55,True,country.8753,People's Republic of China,101.901875,35.486703,1.0,country:1.00,matched,2026-04-27T16:46:34Z,cn
44427,Asian Art,-2150,||||||||China||,China,culture,0.55,True,country.8753,People's Republic of China,101.901875,35.486703,1.0,country:1.00,matched,2026-04-27T16:46:34Z,cn
44428,Asian Art,-2150,||||||||China||,China,culture,0.55,True,country.8753,People's Republic of China,101.901875,35.486703,1.0,country:1.00,matched,2026-04-27T16:46:34Z,cn
44429,Asian Art,-2600,||||||||China||,China,culture,0.55,True,country.8753,People's Republic of China,101.901875,35.486703,1.0,country:1.00,matched,2026-04-27T16:46:34Z,cn
44431,Asian Art,9,||||||||China||,China,culture,0.55,True,country.8753,People's Republic of China,101.901875,35.486703,1.0,country:1.00,matched,2026-04-27T16:46:34Z,cn
44439,Asian Art,1780,||||||||Japan||,Japan,culture,0.55,True,country.8820,Japan,138.59223,36.386493,1.0,country:1.00,matched,2026-04-27T16:46:48Z,jp
44441,Asian Art,1750,||||||||Japan||,Japan,culture,0.55,True,country.8820,Japan,138.59223,36.386493,1.0,country:1.00,matched,2026-04-27T16:46:48Z,jp
44447,Asian Art,1749,||||||||Japan||,Japan,culture,0.55,True,country.8820,Japan,138.59223,36.386493,1.0,country:1.00,matched,2026-04-27T16:46:48Z,jp
44448,Asian Art,1749,||||||||Japan||,Japan,culture,0.55,True,country.8820,Japan,138.59223,36.386493,1.0,country:1.00,matched,2026-04-27T16:46:48Z,jp
44450,Asian Art,1820,||||||||Japan||Japanese,Japan,culture,0.55,True,country.8820,Japan,138.59223,36.386493,1.0,country:1.00,matched,2026-04-27T16:46:48Z,jp
44454,Asian Art,1334,||||||||China||,China,culture,0.55,True,country.8753,People's Republic of China,101.901875,35.486703,1.0,country:1.00,matched,2026-04-27T16:46:34Z,cn
44465,Asian Art,-2500,||||||||China||,China,culture,0.55,True,country.8753,People's Republic of China,101.901875,35.486703,1.0,country:1.00,matched,2026-04-27T16:46:34Z,cn
44467,Asian Art,-2750,||||||||China||,China,culture,0.55,True,country.8753,People's Republic of China,101.901875,35.486703,1.0,country:1.00,matched,2026-04-27T16:46:34Z,cn
44528,Asian Art,1616,||||||||Japan||,Japan,culture,0.55,True,country.8820,Japan,138.59223,36.386493,1.0,country:1.00,matched,2026-04-27T16:46:48Z,jp
44637,Asian Art,1483,||||||||Japan||,Japan,culture,0.55,True,country.8820,Japan,138.59223,36.386493,1.0,country:1.00,matched,2026-04-27T16:46:48Z,jp
44688,Asian Art,-2200,||||||||China||,China,culture,0.55,True,country.8753,People's Republic of China,101.901875,35.486703,1.0,country:1.00,matched,2026-04-27T16:46:34Z,cn
44689,Asian Art,-1150,||||||||China||,China,culture,0.55,True,country.8753,People's Republic of China,101.901875,35.486703,1.0,country:1.00,matched,2026-04-27T16:46:34Z,cn
44690,Asian Art,-2250,||||||||China||,China,culture,0.55,True,country.8753,People's Republic of China,101.901875,35.486703,1.0,country:1.00,matched,2026-04-27T16:46:34Z,cn
44721,Asian Art,-1150,||||||||China||,China,culture,0.55,True,country.8753,People's Republic of China,101.901875,35.486703,1.0,country:1.00,matched,2026-04-27T16:46:34Z,cn
44722,Asian Art,-2200,||||||||China||,China,culture,0.55,True,country.8753,People's Republic of China,101.901875,35.486703,1.0,country:1.00,matched,2026-04-27T16:46:34Z,cn
44724,Asian Art,-2500,||||||||China||,China,culture,0.55,True,country.8753,People's Republic of China,101.901875,35.486703,1.0,country:1.00,matched,2026-04-27T16:46:34Z,cn
44725,Asian Art,-2400,||||||||China||,China,culture,0.55,True,country.8753,People's Republic of China,101.901875,35.486703,1.0,country:1.00,matched,2026-04-27T16:46:34Z,cn
44726,Asian Art,-2150,||||||||China||,China,culture,0.55,True,country.8753,People's Republic of China,101.901875,35.486703,1.0,country:1.00,matched,2026-04-27T16:46:34Z,cn
44727,Asian Art,-2500,||||||||China||,China,culture,0.55,True,country.8753,People's Republic of China,101.901875,35.486703,1.0,country:1.00,matched,2026-04-27T16:46:34Z,cn
44728,Asian Art,-2150,||||||||China||,China,culture,0.55,True,country.8753,People's Republic of China,101.901875,35.486703,1.0,country:1.00,matched,2026-04-27T16:46:34Z,cn
44729,Asian Art,-2150,||||||||China||,China,culture,0.55,True,country.8753,People's Republic of China,101.901875,35.486703,1.0,country:1.00,matched,2026-04-27T16:46:34Z,cn
44730,Asian Art,-2150,||||||||China||,China,culture,0.55,True,country.8753,People's Republic of China,101.901875,35.486703,1.0,country:1.00,matched,2026-04-27T16:46:34Z,cn
44733,Asian Art,290,||||||||China||,China,culture,0.55,True,country.8753,People's Republic of China,101.901875,35.486703,1.0,country:1.00,matched,2026-04-27T16:46:34Z,cn
44737,Asian Art,1266,||||||||China||,China,culture,0.55,True,country.8753,People's Republic of China,101.901875,35.486703,1.0,country:1.00,matched,2026-04-27T16:46:34Z,cn
44738,Asian Art,1583,||||||||China||,China,culture,0.55,True,country.8753,People's Republic of China,101.901875,35.486703,1.0,country:1.00,matched,2026-04-27T16:46:34Z,cn
44739,Asian Art,1334,||||||||China||,China,culture,0.55,True,country.8753,People's Republic of China,101.901875,35.486703,1.0,country:1.00,matched,2026-04-27T16:46:34Z,cn
44740,Asian Art,1383,||||||||China||,China,culture,0.55,True,country.8753,People's Republic of China,101.901875,35.486703,1.0,country:1.00,matched,2026-04-27T16:46:34Z,cn
44741,Asian Art,1334,||||||||China||,China,culture,0.55,True,country.8753,People's Republic of China,101.901875,35.486703,1.0,country:1.00,matched,2026-04-27T16:46:34Z,cn
44742,Asian Art,1334,||||||||China||,China,culture,0.55,True,country.8753,People's Republic of China,101.901875,35.486703,1.0,country:1.00,matched,2026-04-27T16:46:34Z,cn
44743,Asian Art,1350,||||||||China||,China,culture,0.55,True,country.8753,People's Republic of China,101.901875,35.486703,1.0,country:1.00,matched,2026-04-27T16:46:34Z,cn
44747,Asian Art,1513,||||||||China||,China,culture,0.55,True,country.8753,People's Republic of China,101.901875,35.486703,1.0,country:1.00,matched,2026-04-27T16:46:34Z,cn
44749,Asian Art,1524,||||||||China||,China,culture,0.55,True,country.8753,People's Republic of China,101.901875,35.486703,1.0,country:1.00,matched,2026-04-27T16:46:34Z,cn
44752,Asian Art,1596,||||||||China||,China,culture,0.55,True,country.8753,People's Republic of China,101.901875,35.486703,1.0,country:1.00,matched,2026-04-27T16:46:34Z,cn
44755,Asian Art,1597,||||||||China||,China,culture,0.55,True,country.8753,People's Republic of China,101.901875,35.486703,1.0,country:1.00,matched,2026-04-27T16:46:34Z,cn
44756,Asian Art,1513,||||||||China||,China,culture,0.55,True,country.8753,People's Republic of China,101.901875,35.486703,1.0,country:1.00,matched,2026-04-27T16:46:34Z,cn
44793,Asian Art,50,||||||||China||,China,culture,0.55,True,country.8753,People's Republic of China,101.901875,35.486703,1.0,country:1.00,matched,2026-04-27T16:46:34Z,cn
44817,Asian Art,-1750,||||||||Japan||,Japan,culture,0.55,True,country.8820,Japan,138.59223,36.386493,1.0,country:1.00,matched,2026-04-27T16:46:48Z,jp
44830,Asian Art,200,||||||||Japan||,Japan,culture,0.55,True,country.8820,Japan,138.59223,36.386493,1.0,country:1.00,matched,2026-04-27T16:46:48Z,jp
44862,Asian Art,1669,||||||||Japan||,Japan,culture,0.55,True,country.8820,Japan,138.59223,36.386493,1.0,country:1.00,matched,2026-04-27T16:46:48Z,jp
44907,Asian Art,0,||||||||Japan||,Japan,culture,0.55,True,country.8820,Japan,138.59223,36.386493,1.0,country:1.00,matched,2026-04-27T16:46:48Z,jp
44953,Asian Art,549,||||||||Korea||,Korea,culture,0.55,True,country.8828,South Korea,128.168944,36.536236,1.0,country:1.00,matched,2026-04-27T16:46:49Z,kr
44973,Asian Art,550,||||||||Korea||,Korea,culture,0.55,True,country.8828,South Korea,128.168944,36.536236,1.0,country:1.00,matched,2026-04-27T16:46:49Z,kr
44974,Asian Art,499,||||||||Korea||,Korea,culture,0.55,True,country.8828,South Korea,128.168944,36.536236,1.0,country:1.00,matched,2026-04-27T16:46:49Z,kr
44977,Asian Art,1799,||||||||Korea||,Korea,culture,0.55,True,country.8828,South Korea,128.168944,36.536236,1.0,country:1.00,matched,2026-04-27T16:46:49Z,kr
45205,Asian Art,1374,||||||||Japan||,Japan,culture,0.55,True,country.8820,Japan,138.59223,36.386493,1.0,country:1.00,matched,2026-04-27T16:46:48Z,jp
45365,Asian Art,1149,||||||||Japan||,Japan,culture,0.55,True,country.8820,Japan,138.59223,36.386493,1.0,country:1.00,matched,2026-04-27T16:46:48Z,jp
45432,Asian Art,1774,||||||||Korea||,Korea,culture,0.55,True,country.8828,South Korea,128.168944,36.536236,1.0,country:1.00,matched,2026-04-27T16:46:49Z,kr
45482,Asian Art,1750,||||||||Japan||,Japan,culture,0.55,True,country.8820,Japan,138.59223,36.386493,1.0,country:1.00,matched,2026-04-27T16:46:48Z,jp
45484,Asian Art,1749,||||||||Japan||,Japan,culture,0.55,True,country.8820,Japan,138.59223,36.386493,1.0,country:1.00,matched,2026-04-27T16:46:48Z,jp
45527,Asian Art,1649,||||||||Japan||,Japan,culture,0.55,True,country.8820,Japan,138.59223,36.386493,1.0,country:1.00,matched,2026-04-27T16:46:48Z,jp
45529,Asian Art,-3000,||||||||Japan||,Japan,culture,0.55,True,country.8820,Japan,138.59223,36.386493,1.0,country:1.00,matched,2026-04-27T16:46:48Z,jp
45550,Asian Art,1399,||||||||Japan||,Japan,culture,0.55,True,country.8820,Japan,138.59223,36.386493,1.0,country:1.00,matched,2026-04-27T16:46:48Z,jp
45552,Asian Art,1724,||||||||Japan||,Japan,culture,0.55,True,country.8820,Japan,138.59223,36.386493,1.0,country:1.00,matched,2026-04-27T16:46:48Z,jp
45553,Asian Art,1774,||||||||Japan||,Japan,culture,0.55,True,country.8820,Japan,138.59223,36.386493,1.0,country:1.00,matched,2026-04-27T16:46:48Z,jp
45554,Asian Art,1783,||||||||Japan||,Japan,culture,0.55,True,country.8820,Japan,138.59223,36.386493,1.0,country:1.00,matched,2026-04-27T16:46:48Z,jp
45555,Asian Art,1783,||||||||Japan||,Japan,culture,0.55,True,country.8820,Japan,138.59223,36.386493,1.0,country:1.00,matched,2026-04-27T16:46:48Z,jp
45556,Asian Art,1850,||||||||Japan||,Japan,culture,0.55,True,country.8820,Japan,138.59223,36.386493,1.0,country:1.00,matched,2026-04-27T16:46:48Z,jp
45732,Asian Art,1849,||||||||Japan||,Japan,culture,0.55,True,country.8820,Japan,138.59223,36.386493,1.0,country:1.00,matched,2026-04-27T16:46:48Z,jp
45828,Asian Art,1680,||||||||Japan||,Japan,culture,0.55,True,country.8820,Japan,138.59223,36.386493,1.0,country:1.00,matched,2026-04-27T16:46:48Z,jp
45829,Asian Art,1749,||||||||China||,China,culture,0.55,True,country.8753,People's Republic of China,101.901875,35.486703,1.0,country:1.00,matched,2026-04-27T16:46:34Z,cn
45830,Asian Art,1849,||||||||China||,China,culture,0.55,True,country.8753,People's Republic of China,101.901875,35.486703,1.0,country:1.00,matched,2026-04-27T16:46:34Z,cn
45832,Asian Art,1734,||||||||China||,China,culture,0.55,True,country.8753,People's Republic of China,101.901875,35.486703,1.0,country:1.00,matched,2026-04-27T16:46:34Z,cn
45833,Asian Art,7,||||||||China||,China,culture,0.55,True,country.8753,People's Republic of China,101.901875,35.486703,1.0,country:1.00,matched,2026-04-27T16:46:34Z,cn
45834,Asian Art,1506,||||||||China||,China,culture,0.55,True,country.8753,People's Republic of China,101.901875,35.486703,1.0,country:1.00,matched,2026-04-27T16:46:34Z,cn
45837,Asian Art,1749,||||||||Japan||,Japan,culture,0.55,True,country.8820,Japan,138.59223,36.386493,1.0,country:1.00,matched,2026-04-27T16:46:48Z,jp
45838,Asian Art,1720,||||||||Japan||,Japan,culture,0.55,True,country.8820,Japan,138.59223,36.386493,1.0,country:1.00,matched,2026-04-27T16:46:48Z,jp
45839,Asian Art,1720,||||||||Japan||,Japan,culture,0.55,True,country.8820,Japan,138.59223,36.386493,1.0,country:1.00,matched,2026-04-27T16:46:48Z,jp
45844,Asian Art,1516,||||||||China||,China,culture,0.55,True,country.8753,People's Republic of China,101.901875,35.486703,1.0,country:1.00,matched,2026-04-27T16:46:34Z,cn
45845,Asian Art,1849,||||||||China||,China,culture,0.55,True,country.8753,People's Republic of China,101.901875,35.486703,1.0,country:1.00,matched,2026-04-27T16:46:34Z,cn
45847,Asian Art,1700,||||||||China||,China,culture,0.55,True,country.8753,People's Republic of China,101.901875,35.486703,1.0,country:1.00,matched,2026-04-27T16:46:34Z,cn
45848,Asian Art,1751,||||||||China||,China,culture,0.55,True,country.8753,People's Republic of China,101.901875,35.486703,1.0,country:1.00,matched,2026-04-27T16:46:34Z,cn
45849,Asian Art,749,||||||||China||,China,culture,0.55,True,country.8753,People's Republic of China,101.901875,35.486703,1.0,country:1.00,matched,2026-04-27T16:46:34Z,cn
45853,Asian Art,1749,||||||||Japan||,Japan,culture,0.55,True,country.8820,Japan,138.59223,36.386493,1.0,country:1.00,matched,2026-04-27T16:46:48Z,jp
45856,Asian Art,7,||||||||China||,China,culture,0.55,True,country.8753,People's Republic of China,101.901875,35.486703,1.0,country:1.00,matched,2026-04-27T16:46:34Z,cn
45857,Asian Art,100,||||||||China||,China,culture,0.55,True,country.8753,People's Republic of China,101.901875,35.486703,1.0,country:1.00,matched,2026-04-27T16:46:34Z,cn
45861,Asian Art,1680,||||||||Japan||,Japan,culture,0.55,True,country.8820,Japan,138.59223,36.386493,1.0,country:1.00,matched,2026-04-27T16:46:48Z,jp
45862,Asian Art,649,||||||||China||,China,culture,0.55,True,country.8753,People's Republic of China,101.901875,35.486703,1.0,country:1.00,matched,2026-04-27T16:46:34Z,cn
45863,Asian Art,1781,||||||||China||,China,culture,0.55,True,country.8753,People's Republic of China,101.901875,35.486703,1.0,country:1.00,matched,2026-04-27T16:46:34Z,cn
45864,Asian Art,1849,||||||||China||,China,culture,0.55,True,country.8753,People's Republic of China,101.901875,35.486703,1.0,country:1.00,matched,2026-04-27T16:46:34Z,cn
45868,Asian Art,1596,||||||||China||,China,culture,0.55,True,country.8753,People's Republic of China,101.901875,35.486703,1.0,country:1.00,matched,2026-04-27T16:46:34Z,cn
45871,Asian Art,1749,||||||||Japan||,Japan,culture,0.55,True,country.8820,Japan,138.59223,36.386493,1.0,country:1.00,matched,2026-04-27T16:46:48Z,jp
45872,Asian Art,1849,||||||||China||,China,culture,0.55,True,country.8753,People's Republic of China,101.901875,35.486703,1.0,country:1.00,matched,2026-04-27T16:46:34Z,cn
45873,Asian Art,1849,||||||||China||,China,culture,0.55,True,country.8753,People's Republic of China,101.901875,35.486703,1.0,country:1.00,matched,2026-04-27T16:46:34Z,cn
45879,Asian Art,1695,||||||||China||,China,culture,0.55,True,country.8753,People's Republic of China,101.901875,35.486703,1.0,country:1.00,matched,2026-04-27T16:46:34Z,cn
45880,Asian Art,1692,||||||||China||,China,culture,0.55,True,country.8753,People's Republic of China,101.901875,35.486703,1.0,country:1.00,matched,2026-04-27T16:46:34Z,cn
45882,Asian Art,1749,||||||||China||,China,culture,0.55,True,country.8753,People's Republic of China,101.901875,35.486703,1.0,country:1.00,matched,2026-04-27T16:46:34Z,cn
45883,Asian Art,1849,||||||||China||,China,culture,0.55,True,country.8753,People's Republic of China,101.901875,35.486703,1.0,country:1.00,matched,2026-04-27T16:46:34Z,cn
45886,Asian Art,1692,||||||||China||,China,culture,0.55,True,country.8753,People's Republic of China,101.901875,35.486703,1.0,country:1.00,matched,2026-04-27T16:46:34Z,cn
45889,Asian Art,1849,||||||||China||,China,culture,0.55,True,country.8753,People's Republic of China,101.901875,35.486703,1.0,country:1.00,matched,2026-04-27T16:46:34Z,cn
45891,Asian Art,1695,||||||||China||,China,culture,0.55,True,country.8753,People's Republic of China,101.901875,35.486703,1.0,country:1.00,matched,2026-04-27T16:46:34Z,cn
45893,Asian Art,1695,||||||||China||,China,culture,0.55,True,country.8753,People's Republic of China,101.901875,35.486703,1.0,country:1.00,matched,2026-04-27T16:46:34Z,cn
45894,Asian Art,1692,||||||||China||,China,culture,0.55,True,country.8753,People's Republic of China,101.901875,35.486703,1.0,country:1.00,matched,2026-04-27T16:46:34Z,cn
45895,Asian Art,1692,||||||||China||,China,culture,0.55,True,country.8753,People's Republic of China,101.901875,35.486703,1.0,country:1.00,matched,2026-04-27T16:46:34Z,cn
45896,Asian Art,1765,||||||||China||,China,culture,0.55,True,country.8753,People's Republic of China,101.901875,35.486703,1.0,country:1.00,matched,2026-04-27T16:46:34Z,cn
45900,Asian Art,1683,||||||||China||,China,culture,0.55,True,country.8753,People's Republic of China,101.901875,35.486703,1.0,country:1.00,matched,2026-04-27T16:46:34Z,cn
45904,Asian Art,1720,||||||||Japan||,Japan,culture,0.55,True,country.8820,Japan,138.59223,36.386493,1.0,country:1.00,matched,2026-04-27T16:46:48Z,jp
45907,Asian Art,1692,||||||||China||,China,culture,0.55,True,country.8753,People's Republic of China,101.901875,35.486703,1.0,country:1.00,matched,2026-04-27T16:46:34Z,cn
45908,Asian Art,1716,||||||||China||,China,culture,0.55,True,country.8753,People's Republic of China,101.901875,35.486703,1.0,country:1.00,matched,2026-04-27T16:46:34Z,cn
45909,Asian Art,1833,||||||||China||,China,culture,0.55,True,country.8753,People's Republic of China,101.901875,35.486703,1.0,country:1.00,matched,2026-04-27T16:46:34Z,cn
45912,Asian Art,1716,||||||||China||,China,culture,0.55,True,country.8753,People's Republic of China,101.901875,35.486703,1.0,country:1.00,matched,2026-04-27T16:46:34Z,cn
45913,Asian Art,1781,||||||||China||,China,culture,0.55,True,country.8753,People's Republic of China,101.901875,35.486703,1.0,country:1.00,matched,2026-04-27T16:46:34Z,cn
45914,Asian Art,1849,||||||||China||,China,culture,0.55,True,country.8753,People's Republic of China,101.901875,35.486703,1.0,country:1.00,matched,2026-04-27T16:46:34Z,cn
45915,Asian Art,1824,||||||||China||,China,culture,0.55,True,country.8753,People's Republic of China,101.901875,35.486703,1.0,country:1.00,matched,2026-04-27T16:46:34Z,cn
45917,Asian Art,1820,||||||||Japan||Japanese,Japan,culture,0.55,True,country.8820,Japan,138.59223,36.386493,1.0,country:1.00,matched,2026-04-27T16:46:48Z,jp
45918,Asian Art,1830,||||||||Japan||,Japan,culture,0.55,True,country.8820,Japan,138.59223,36.386493,1.0,country:1.00,matched,2026-04-27T16:46:48Z,jp
45919,Asian Art,1777,||||||||China||,China,culture,0.55,True,country.8753,People's Republic of China,101.901875,35.486703,1.0,country:1.00,matched,2026-04-27T16:46:34Z,cn
45923,Asian Art,1765,||||||||China||,China,culture,0.55,True,country.8753,People's Republic of China,101.901875,35.486703,1.0,country:1.00,matched,2026-04-27T16:46:34Z,cn
45929,Asian Art,1749,||||||||China||,China,culture,0.55,True,country.8753,People's Republic of China,101.901875,35.486703,1.0,country:1.00,matched,2026-04-27T16:46:34Z,cn
45930,Asian Art,1849,||||||||China||,China,culture,0.55,True,country.8753,People's Republic of China,101.901875,35.486703,1.0,country:1.00,matched,2026-04-27T16:46:34Z,cn
45932,Asian Art,1810,||||||||China||,China,culture,0.55,True,country.8753,People's Republic of China,101.901875,35.486703,1.0,country:1.00,matched,2026-04-27T16:46:34Z,cn
45934,Asian Art,1600,||||||||China||,China,culture,0.55,True,country.8753,People's Republic of China,101.901875,35.486703,1.0,country:1.00,matched,2026-04-27T16:46:34Z,cn
45937,Asian Art,1824,||||||||China||,China,culture,0.55,True,country.8753,People's Republic of China,101.901875,35.486703,1.0,country:1.00,matched,2026-04-27T16:46:34Z,cn
45938,Asian Art,1849,||||||||China||,China,culture,0.55,True,country.8753,People's Republic of China,101.901875,35.486703,1.0,country:1.00,matched,2026-04-27T16:46:34Z,cn
45939,Asian Art,1800,||||||||China||,China,culture,0.55,True,country.8753,People's Republic of China,101.901875,35.486703,1.0,country:1.00,matched,2026-04-27T16:46:34Z,cn
45959,Asian Art,1849,||||||||Japan||,Japan,culture,0.55,True,country.8820,Japan,138.59223,36.386493,1.0,country:1.00,matched,2026-04-27T16:46:48Z,jp
45962,Asian Art,1730,||||||||Japan||Japanese,Japan,culture,0.55,True,country.8820,Japan,138.59223,36.386493,1.0,country:1.00,matched,2026-04-27T16:46:48Z,jp
45964,Asian Art,1824,||||||||China||,China,culture,0.55,True,country.8753,People's Republic of China,101.901875,35.486703,1.0,country:1.00,matched,2026-04-27T16:46:34Z,cn
45965,Asian Art,1695,||||||||China||,China,culture,0.55,True,country.8753,People's Republic of China,101.901875,35.486703,1.0,country:1.00,matched,2026-04-27T16:46:34Z,cn
45967,Asian Art,1799,||||||||Japan||,Japan,culture,0.55,True,country.8820,Japan,138.59223,36.386493,1.0,country:1.00,matched,2026-04-27T16:46:48Z,jp
45970,Asian Art,1694,||||||||China||,China,culture,0.55,True,country.8753,People's Republic of China,101.901875,35.486703,1.0,country:1.00,matched,2026-04-27T16:46:34Z,cn
45972,Asian Art,1855,||||||||Japan||,Japan,culture,0.55,True,country.8820,Japan,138.59223,36.386493,1.0,country:1.00,matched,2026-04-27T16:46:48Z,jp
45974,Asian Art,1849,||||||||Japan||,Japan,culture,0.55,True,country.8820,Japan,138.59223,36.386493,1.0,country:1.00,matched,2026-04-27T16:46:48Z,jp
45977,Asian Art,1820,||||||||Japan||,Japan,culture,0.55,True,country.8820,Japan,138.59223,36.386493,1.0,country:1.00,matched,2026-04-27T16:46:48Z,jp
45979,Asian Art,1849,||||||||China||,China,culture,0.55,True,country.8753,People's Republic of China,101.901875,35.486703,1.0,country:1.00,matched,2026-04-27T16:46:34Z,cn
45984,Asian Art,1835,||||||||China||,China,culture,0.55,True,country.8753,People's Republic of China,101.901875,35.486703,1.0,country:1.00,matched,2026-04-27T16:46:34Z,cn
45985,Asian Art,1783,||||||||Japan||,Japan,culture,0.55,True,country.8820,Japan,138.59223,36.386493,1.0,country:1.00,matched,2026-04-27T16:46:48Z,jp
45986,Asian Art,1765,||||||||China||,China,culture,0.55,True,country.8753,People's Republic of China,101.901875,35.486703,1.0,country:1.00,matched,2026-04-27T16:46:34Z,cn
45987,Asian Art,1749,||||||||Japan||,Japan,culture,0.55,True,country.8820,Japan,138.59223,36.386493,1.0,country:1.00,matched,2026-04-27T16:46:48Z,jp
45989,Asian Art,1749,||||||||Japan||,Japan,culture,0.55,True,country.8820,Japan,138.59223,36.386493,1.0,country:1.00,matched,2026-04-27T16:46:48Z,jp
45990,Asian Art,1500,||||||||China||,China,culture,0.55,True,country.8753,People's Republic of China,101.901875,35.486703,1.0,country:1.00,matched,2026-04-27T16:46:34Z,cn
45992,Asian Art,1747,||||||||China||,China,culture,0.55,True,country.8753,People's Republic of China,101.901875,35.486703,1.0,country:1.00,matched,2026-04-27T16:46:34Z,cn
45994,Asian Art,1711,||||||||China||,China,culture,0.55,True,country.8753,People's Republic of China,101.901875,35.486703,1.0,country:1.00,matched,2026-04-27T16:46:34Z,cn
45997,Asian Art,1883,||||||||Japan||Japanese,Japan,culture,0.55,True,country.8820,Japan,138.59223,36.386493,1.0,country:1.00,matched,2026-04-27T16:46:48Z,jp
45998,Asian Art,1765,||||||||China||,China,culture,0.55,True,country.8753,People's Republic of China,101.901875,35.486703,1.0,country:1.00,matched,2026-04-27T16:46:34Z,cn
45999,Asian Art,1850,||||||||Japan||,Japan,culture,0.55,True,country.8820,Japan,138.59223,36.386493,1.0,country:1.00,matched,2026-04-27T16:46:48Z,jp
46000,Asian Art,1820,||||||||Japan||,Japan,culture,0.55,True,country.8820,Japan,138.59223,36.386493,1.0,country:1.00,matched,2026-04-27T16:46:48Z,jp
46001,Asian Art,1749,||||||||Japan||,Japan,culture,0.55,True,country.8820,Japan,138.59223,36.386493,1.0,country:1.00,matched,2026-04-27T16:46:48Z,jp
46003,Asian Art,1749,||||||||China||,China,culture,0.55,True,country.8753,People's Republic of China,101.901875,35.486703,1.0,country:1.00,matched,2026-04-27T16:46:34Z,cn
46004,Asian Art,1816,||||||||China||,China,culture,0.55,True,country.8753,People's Republic of China,101.901875,35.486703,1.0,country:1.00,matched,2026-04-27T16:46:34Z,cn
46008,Asian Art,1655,||||||||China||,China,culture,0.55,True,country.8753,People's Republic of China,101.901875,35.486703,1.0,country:1.00,matched,2026-04-27T16:46:34Z,cn
46011,Asian Art,1119,||||||||China||,China,culture,0.55,True,country.8753,People's Republic of China,101.901875,35.486703,1.0,country:1.00,matched,2026-04-27T16:46:34Z,cn
46016,Asian Art,1550,||||||||China||,China,culture,0.55,True,country.8753,People's Republic of China,101.901875,35.486703,1.0,country:1.00,matched,2026-04-27T16:46:34Z,cn
46017,Asian Art,1549,||||||||China||,China,culture,0.55,True,country.8753,People's Republic of China,101.901875,35.486703,1.0,country:1.00,matched,2026-04-27T16:46:34Z,cn
46021,Asian Art,1849,||||||||China or Japan (?)||,China,culture,0.35,True,country.8753,People's Republic of China,101.901875,35.486703,1.0,country:1.00,matched,2026-04-27T16:46:34Z,cn
46022,Asian Art,1749,||||||||China||,China,culture,0.55,True,country.8753,People's Republic of China,101.901875,35.486703,1.0,country:1.00,matched,2026-04-27T16:46:34Z,cn
46024,Asian Art,1800,||||||||China||,China,culture,0.55,True,country.8753,People's Republic of China,101.901875,35.486703,1.0,country:1.00,matched,2026-04-27T16:46:34Z,cn
46025,Asian Art,1783,||||||||China||,China,culture,0.55,True,country.8753,People's Republic of China,101.901875,35.486703,1.0,country:1.00,matched,2026-04-27T16:46:34Z,cn
46029,Asian Art,1749,||||||||China||,China,culture,0.55,True,country.8753,People's Republic of China,101.901875,35.486703,1.0,country:1.00,matched,2026-04-27T16:46:34Z,cn
46030,Asian Art,1849,||||||||China||,China,culture,0.55,True,country.8753,People's Republic of China,101.901875,35.486703,1.0,country:1.00,matched,2026-04-27T16:46:34Z,cn
46032,Asian Art,7,||||||||China||,China,culture,0.55,True,country.8753,People's Republic of China,101.901875,35.486703,1.0,country:1.00,matched,2026-04-27T16:46:34Z,cn
46033,Asian Art,574,||||||||China||,China,culture,0.55,True,country.8753,People's Republic of China,101.901875,35.486703,1.0,country:1.00,matched,2026-04-27T16:46:34Z,cn
46040,Asian Art,1749,||||||||China||,China,culture,0.55,True,country.8753,People's Republic of China,101.901875,35.486703,1.0,country:1.00,matched,2026-04-27T16:46:34Z,cn
46042,Asian Art,1680,||||||||Japan||,Japan,culture,0.55,True,country.8820,Japan,138.59223,36.386493,1.0,country:1.00,matched,2026-04-27T16:46:48Z,jp
46043,Asian Art,1750,||||||||China||,China,culture,0.55,True,country.8753,People's Republic of China,101.901875,35.486703,1.0,country:1.00,matched,2026-04-27T16:46:34Z,cn
46044,Asian Art,1549,||||||||China||,China,culture,0.55,True,country.8753,People's Republic of China,101.901875,35.486703,1.0,country:1.00,matched,2026-04-27T16:46:34Z,cn
46045,Asian Art,1781,||||||||China||,China,culture,0.55,True,country.8753,People's Republic of China,101.901875,35.486703,1.0,country:1.00,matched,2026-04-27T16:46:34Z,cn
46046,Asian Art,1483,||||||||China||,China,culture,0.55,True,country.8753,People's Republic of China,101.901875,35.486703,1.0,country:1.00,matched,2026-04-27T16:46:34Z,cn
46047,Asian Art,1695,||||||||China||,China,culture,0.55,True,country.8753,People's Republic of China,101.901875,35.486703,1.0,country:1.00,matched,2026-04-27T16:46:34Z,cn
46048,Asian Art,1749,||||||||China||,China,culture,0.55,True,country.8753,People's Republic of China,101.901875,35.486703,1.0,country:1.00,matched,2026-04-27T16:46:34Z,cn
46049,Asian Art,1810,||||||||China||,China,culture,0.55,True,country.8753,People's Republic of China,101.901875,35.486703,1.0,country:1.00,matched,2026-04-27T16:46:34Z,cn
46050,Asian Art,1692,||||||||China||,China,culture,0.55,True,country.8753,People's Republic of China,101.901875,35.486703,1.0,country:1.00,matched,2026-04-27T16:46:34Z,cn
46051,Asian Art,1749,||||||||China||,China,culture,0.55,True,country.8753,People's Republic of China,101.901875,35.486703,1.0,country:1.00,matched,2026-04-27T16:46:34Z,cn
46053,Asian Art,1692,||||||||China||,China,culture,0.55,True,country.8753,People's Republic of China,101.901875,35.486703,1.0,country:1.00,matched,2026-04-27T16:46:34Z,cn
46054,Asian Art,7,||||||||China||,China,culture,0.55,True,country.8753,People's Republic of China,101.901875,35.486703,1.0,country:1.00,matched,2026-04-27T16:46:34Z,cn
46055,Asian Art,1549,||||||||China||,China,culture,0.55,True,country.8753,People's Republic of China,101.901875,35.486703,1.0,country:1.00,matched,2026-04-27T16:46:34Z,cn
46057,Asian Art,1692,||||||||China||,China,culture,0.55,True,country.8753,People's Republic of China,101.901875,35.486703,1.0,country:1.00,matched,2026-04-27T16:46:34Z,cn
46058,Asian Art,100,||||||||China||,China,culture,0.55,True,country.8753,People's Republic of China,101.901875,35.486703,1.0,country:1.00,matched,2026-04-27T16:46:34Z,cn
46059,Asian Art,1750,||||||||China||,China,culture,0.55,True,country.8753,People's Republic of China,101.901875,35.486703,1.0,country:1.00,matched,2026-04-27T16:46:34Z,cn
46060,Asian Art,1749,||||||||China||,China,culture,0.55,True,country.8753,People's Republic of China,101.901875,35.486703,1.0,country:1.00,matched,2026-04-27T16:46:34Z,cn
46061,Asian Art,1499,||||||||China||,China,culture,0.55,True,country.8753,People's Republic of China,101.901875,35.486703,1.0,country:1.00,matched,2026-04-27T16:46:34Z,cn
46062,Asian Art,1783,||||||||China||,China,culture,0.55,True,country.8753,People's Republic of China,101.901875,35.486703,1.0,country:1.00,matched,2026-04-27T16:46:34Z,cn
46063,Asian Art,1692,||||||||China||,China,culture,0.55,True,country.8753,People's Republic of China,101.901875,35.486703,1.0,country:1.00,matched,2026-04-27T16:46:34Z,cn
46064,Asian Art,1506,||||||||China||,China,culture,0.55,True,country.8753,People's Republic of China,101.901875,35.486703,1.0,country:1.00,matched,2026-04-27T16:46:34Z,cn
46066,Asian Art,1765,||||||||China||,China,culture,0.55,True,country.8753,People's Republic of China,101.901875,35.486703,1.0,country:1.00,matched,2026-04-27T16:46:34Z,cn
46067,Asian Art,1749,||||||||China||,China,culture,0.55,True,country.8753,People's Republic of China,101.901875,35.486703,1.0,country:1.00,matched,2026-04-27T16:46:34Z,cn
46068,Asian Art,1319,||||||||China||,China,culture,0.55,True,country.8753,People's Republic of China,101.901875,35.486703,1.0,country:1.00,matched,2026-04-27T16:46:34Z,cn
46071,Asian Art,1506,||||||||China||,China,culture,0.55,True,country.8753,People's Republic of China,101.901875,35.486703,1.0,country:1.00,matched,2026-04-27T16:46:34Z,cn
46074,Asian Art,1750,||||||||China||,China,culture,0.55,True,country.8753,People's Republic of China,101.901875,35.486703,1.0,country:1.00,matched,2026-04-27T16:46:34Z,cn
46075,Asian Art,1716,||||||||China||,China,culture,0.55,True,country.8753,People's Republic of China,101.901875,35.486703,1.0,country:1.00,matched,2026-04-27T16:46:34Z,cn
46076,Asian Art,1849,||||||||China||,China,culture,0.55,True,country.8753,People's Republic of China,101.901875,35.486703,1.0,country:1.00,matched,2026-04-27T16:46:34Z,cn
46077,Asian Art,1524,||||||||China||,China,culture,0.55,True,country.8753,People's Republic of China,101.901875,35.486703,1.0,country:1.00,matched,2026-04-27T16:46:34Z,cn
46078,Asian Art,1849,||||||||China||,China,culture,0.55,True,country.8753,People's Republic of China,101.901875,35.486703,1.0,country:1.00,matched,2026-04-27T16:46:34Z,cn
46080,Asian Art,1734,||||||||China||,China,culture,0.55,True,country.8753,People's Republic of China,101.901875,35.486703,1.0,country:1.00,matched,2026-04-27T16:46:34Z,cn
46081,Asian Art,1824,||||||||China||,China,culture,0.55,True,country.8753,People's Republic of China,101.901875,35.486703,1.0,country:1.00,matched,2026-04-27T16:46:34Z,cn
46082,Asian Art,1695,||||||||China||,China,culture,0.55,True,country.8753,People's Republic of China,101.901875,35.486703,1.0,country:1.00,matched,2026-04-27T16:46:34Z,cn
46083,Asian Art,1750,||||||||China||,China,culture,0.55,True,country.8753,People's Republic of China,101.901875,35.486703,1.0,country:1.00,matched,2026-04-27T16:46:34Z,cn
46084,Asian Art,1849,||||||||China||,China,culture,0.55,True,country.8753,People's Republic of China,101.901875,35.486703,1.0,country:1.00,matched,2026-04-27T16:46:34Z,cn
46086,Asian Art,1781,||||||||China||,China,culture,0.55,True,country.8753,People's Republic of China,101.901875,35.486703,1.0,country:1.00,matched,2026-04-27T16:46:34Z,cn
46087,Asian Art,1700,||||||||China||,China,culture,0.55,True,country.8753,People's Republic of China,101.901875,35.486703,1.0,country:1.00,matched,2026-04-27T16:46:34Z,cn
46090,Asian Art,1700,||||||||Japan||,Japan,culture,0.55,True,country.8820,Japan,138.59223,36.386493,1.0,country:1.00,matched,2026-04-27T16:46:48Z,jp
46092,Asian Art,499,||||||||Japan||,Japan,culture,0.55,True,country.8820,Japan,138.59223,36.386493,1.0,country:1.00,matched,2026-04-27T16:46:48Z,jp
46094,Asian Art,1683,||||||||China||,China,culture,0.55,True,country.8753,People's Republic of China,101.901875,35.486703,1.0,country:1.00,matched,2026-04-27T16:46:34Z,cn
46097,Asian Art,1695,||||||||China||,China,culture,0.55,True,country.8753,People's Republic of China,101.901875,35.486703,1.0,country:1.00,matched,2026-04-27T16:46:34Z,cn
46099,Asian Art,1695,||||||||China||,China,culture,0.55,True,country.8753,People's Republic of China,101.901875,35.486703,1.0,country:1.00,matched,2026-04-27T16:46:34Z,cn
46103,Asian Art,1860,||||||||Japan||,Japan,culture,0.55,True,country.8820,Japan,138.59223,36.386493,1.0,country:1.00,matched,2026-04-27T16:46:48Z,jp
46104,Asian Art,1849,||||||||China||,China,culture,0.55,True,country.8753,People's Republic of China,101.901875,35.486703,1.0,country:1.00,matched,2026-04-27T16:46:34Z,cn
46105,Asian Art,1774,||||||||China||,China,culture,0.55,True,country.8753,People's Republic of China,101.901875,35.486703,1.0,country:1.00,matched,2026-04-27T16:46:34Z,cn
46106,Asian Art,1849,||||||||China||,China,culture,0.55,True,country.8753,People's Republic of China,101.901875,35.486703,1.0,country:1.00,matched,2026-04-27T16:46:34Z,cn
46114,Asian Art,1830,||||||||Japan||,Japan,culture,0.55,True,country.8820,Japan,138.59223,36.386493,1.0,country:1.00,matched,2026-04-27T16:46:48Z,jp
46116,Asian Art,1649,||||||||China||,China,culture,0.55,True,country.8753,People's Republic of China,101.901875,35.486703,1.0,country:1.00,matched,2026-04-27T16:46:34Z,cn
46120,Asian Art,1849,||||||||China||,China,culture,0.55,True,country.8753,People's Republic of China,101.901875,35.486703,1.0,country:1.00,matched,2026-04-27T16:46:34Z,cn
46121,Asian Art,1695,||||||||China||,China,culture,0.55,True,country.8753,People's Republic of China,101.901875,35.486703,1.0,country:1.00,matched,2026-04-27T16:46:34Z,cn
46123,Asian Art,1799,||||||||China||,China,culture,0.55,True,country.8753,People's Republic of China,101.901875,35.486703,1.0,country:1.00,matched,2026-04-27T16:46:34Z,cn
46124,Asian Art,1749,||||||||China||,China,culture,0.55,True,country.8753,People's Republic of China,101.901875,35.486703,1.0,country:1.00,matched,2026-04-27T16:46:34Z,cn
46125,Asian Art,1780,||||||||China||,China,culture,0.55,True,country.8753,People's Republic of China,101.901875,35.486703,1.0,country:1.00,matched,2026-04-27T16:46:34Z,cn
46126,Asian Art,1802,||||||||China||,China,culture,0.55,True,country.8753,People's Republic of China,101.901875,35.486703,1.0,country:1.00,matched,2026-04-27T16:46:34Z,cn
46129,Asian Art,1506,||||||||China||,China,culture,0.55,True,country.8753,People's Republic of China,101.901875,35.486703,1.0,country:1.00,matched,2026-04-27T16:46:34Z,cn
46130,Asian Art,1751,||||||||China||,China,culture,0.55,True,country.8753,People's Republic of China,101.901875,35.486703,1.0,country:1.00,matched,2026-04-27T16:46:34Z,cn
46131,Asian Art,1672,||||||||China||,China,culture,0.55,True,country.8753,People's Republic of China,101.901875,35.486703,1.0,country:1.00,matched,2026-04-27T16:46:34Z,cn
46137,Asian Art,1765,||||||||China||,China,culture,0.55,True,country.8753,People's Republic of China,101.901875,35.486703,1.0,country:1.00,matched,2026-04-27T16:46:34Z,cn
46138,Asian Art,1692,||||||||China||,China,culture,0.55,True,country.8753,People's Republic of China,101.901875,35.486703,1.0,country:1.00,matched,2026-04-27T16:46:34Z,cn
46139,Asian Art,1695,||||||||China||,China,culture,0.55,True,country.8753,People's Republic of China,101.901875,35.486703,1.0,country:1.00,matched,2026-04-27T16:46:34Z,cn
46140,Asian Art,1695,||||||||China||,China,culture,0.55,True,country.8753,People's Republic of China,101.901875,35.486703,1.0,country:1.00,matched,2026-04-27T16:46:34Z,cn
46141,Asian Art,1695,||||||||China||,China,culture,0.55,True,country.8753,People's Republic of China,101.901875,35.486703,1.0,country:1.00,matched,2026-04-27T16:46:34Z,cn
46142,Asian Art,1749,||||||||China||,China,culture,0.55,True,country.8753,People's Republic of China,101.901875,35.486703,1.0,country:1.00,matched,2026-04-27T16:46:34Z,cn
46143,Asian Art,1749,||||||||China||,China,culture,0.55,True,country.8753,People's Republic of China,101.901875,35.486703,1.0,country:1.00,matched,2026-04-27T16:46:34Z,cn
46144,Asian Art,1749,||||||||China||,China,culture,0.55,True,country.8753,People's Republic of China,101.901875,35.486703,1.0,country:1.00,matched,2026-04-27T16:46:34Z,cn
46146,Asian Art,1749,||||||||China||,China,culture,0.55,True,country.8753,People's Republic of China,101.901875,35.486703,1.0,country:1.00,matched,2026-04-27T16:46:34Z,cn
46147,Asian Art,1749,||||||||China||,China,culture,0.55,True,country.8753,People's Republic of China,101.901875,35.486703,1.0,country:1.00,matched,2026-04-27T16:46:34Z,cn
46148,Asian Art,1749,||||||||China||,China,culture,0.55,True,country.8753,People's Republic of China,101.901875,35.486703,1.0,country:1.00,matched,2026-04-27T16:46:34Z,cn
46149,Asian Art,1749,||||||||China||,China,culture,0.55,True,country.8753,People's Republic of China,101.901875,35.486703,1.0,country:1.00,matched,2026-04-27T16:46:34Z,cn
46150,Asian Art,1695,||||||||China||,China,culture,0.55,True,country.8753,People's Republic of China,101.901875,35.486703,1.0,country:1.00,matched,2026-04-27T16:46:34Z,cn
46151,Asian Art,1694,||||||||China||,China,culture,0.55,True,country.8753,People's Republic of China,101.901875,35.486703,1.0,country:1.00,matched,2026-04-27T16:46:34Z,cn
46152,Asian Art,1833,||||||||China||,China,culture,0.55,True,country.8753,People's Republic of China,101.901875,35.486703,1.0,country:1.00,matched,2026-04-27T16:46:34Z,cn
46153,Asian Art,1749,||||||||China||,China,culture,0.55,True,country.8753,People's Republic of China,101.901875,35.486703,1.0,country:1.00,matched,2026-04-27T16:46:34Z,cn
46154,Asian Art,1692,||||||||China||,China,culture,0.55,True,country.8753,People's Republic of China,101.901875,35.486703,1.0,country:1.00,matched,2026-04-27T16:46:34Z,cn
46155,Asian Art,1692,||||||||China||,China,culture,0.55,True,country.8753,People's Republic of China,101.901875,35.486703,1.0,country:1.00,matched,2026-04-27T16:46:34Z,cn
46156,Asian Art,1692,||||||||China||,China,culture,0.55,True,country.8753,People's Republic of China,101.901875,35.486703,1.0,country:1.00,matched,2026-04-27T16:46:34Z,cn
46157,Asian Art,1672,||||||||China||,China,culture,0.55,True,country.8753,People's Republic of China,101.901875,35.486703,1.0,country:1.00,matched,2026-04-27T16:46:34Z,cn
46158,Asian Art,1692,||||||||China||,China,culture,0.55,True,country.8753,People's Republic of China,101.901875,35.486703,1.0,country:1.00,matched,2026-04-27T16:46:34Z,cn
46159,Asian Art,1849,||||||||China||,China,culture,0.55,True,country.8753,People's Republic of China,101.901875,35.486703,1.0,country:1.00,matched,2026-04-27T16:46:34Z,cn
46160,Asian Art,1506,||||||||China||,China,culture,0.55,True,country.8753,People's Republic of China,101.901875,35.486703,1.0,country:1.00,matched,2026-04-27T16:46:34Z,cn
46161,Asian Art,1691,||||||||China||,China,culture,0.55,True,country.8753,People's Republic of China,101.901875,35.486703,1.0,country:1.00,matched,2026-04-27T16:46:34Z,cn
46162,Asian Art,1749,||||||||China||,China,culture,0.55,True,country.8753,People's Republic of China,101.901875,35.486703,1.0,country:1.00,matched,2026-04-27T16:46:34Z,cn
46163,Asian Art,1694,||||||||China||,China,culture,0.55,True,country.8753,People's Republic of China,101.901875,35.486703,1.0,country:1.00,matched,2026-04-27T16:46:34Z,cn
46165,Asian Art,1850,||||||||Japan||,Japan,culture,0.55,True,country.8820,Japan,138.59223,36.386493,1.0,country:1.00,matched,2026-04-27T16:46:48Z,jp
46192,Asian Art,1849,||||||||China||,China,culture,0.55,True,country.8753,People's Republic of China,101.901875,35.486703,1.0,country:1.00,matched,2026-04-27T16:46:34Z,cn
46205,Asian Art,1849,||||||||China||,China,culture,0.55,True,country.8753,People's Republic of China,101.901875,35.486703,1.0,country:1.00,matched,2026-04-27T16:46:34Z,cn
46209,Asian Art,1849,||||||||China||,China,culture,0.55,True,country.8753,People's Republic of China,101.901875,35.486703,1.0,country:1.00,matched,2026-04-27T16:46:34Z,cn
46212,Asian Art,1849,||||||||China||,China,culture,0.55,True,country.8753,People's Republic of China,101.901875,35.486703,1.0,country:1.00,matched,2026-04-27T16:46:34Z,cn
46223,Asian Art,1849,||||||||China||,China,culture,0.55,True,country.8753,People's Republic of China,101.901875,35.486703,1.0,country:1.00,matched,2026-04-27T16:46:34Z,cn
46233,Asian Art,1849,||||||||China||,China,culture,0.55,True,country.8753,People's Republic of China,101.901875,35.486703,1.0,country:1.00,matched,2026-04-27T16:46:34Z,cn
46235,Asian Art,1849,||||||||China||,China,culture,0.55,True,country.8753,People's Republic of China,101.901875,35.486703,1.0,country:1.00,matched,2026-04-27T16:46:34Z,cn
46249,Asian Art,1849,||||||||China||,China,culture,0.55,True,country.8753,People's Republic of China,101.901875,35.486703,1.0,country:1.00,matched,2026-04-27T16:46:34Z,cn
46250,Asian Art,1849,||||||||China||,China,culture,0.55,True,country.8753,People's Republic of China,101.901875,35.486703,1.0,country:1.00,matched,2026-04-27T16:46:34Z,cn
46268,Asian Art,404,||||||||China||,China,culture,0.55,True,country.8753,People's Republic of China,101.901875,35.486703,1.0,country:1.00,matched,2026-04-27T16:46:34Z,cn
46269,Asian Art,310,||||||||China||,China,culture,0.55,True,country.8753,People's Republic of China,101.901875,35.486703,1.0,country:1.00,matched,2026-04-27T16:46:34Z,cn
46276,Asian Art,1849,||||||||China||,China,culture,0.55,True,country.8753,People's Republic of China,101.901875,35.486703,1.0,country:1.00,matched,2026-04-27T16:46:34Z,cn
46306,Asian Art,1849,||||||||China||,China,culture,0.55,True,country.8753,People's Republic of China,101.901875,35.486703,1.0,country:1.00,matched,2026-04-27T16:46:34Z,cn
46315,Asian Art,1849,||||||||China||,China,culture,0.55,True,country.8753,People's Republic of China,101.901875,35.486703,1.0,country:1.00,matched,2026-04-27T16:46:34Z,cn
46317,Asian Art,1816,||||||||China||,China,culture,0.55,True,country.8753,People's Republic of China,101.901875,35.486703,1.0,country:1.00,matched,2026-04-27T16:46:34Z,cn
46330,Asian Art,1729,||||||||China||,China,culture,0.55,True,country.8753,People's Republic of China,101.901875,35.486703,1.0,country:1.00,matched,2026-04-27T16:46:34Z,cn
46331,Asian Art,1749,||||||||China||,China,culture,0.55,True,country.8753,People's Republic of China,101.901875,35.486703,1.0,country:1.00,matched,2026-04-27T16:46:34Z,cn
46333,Asian Art,1824,||||||||China||,China,culture,0.55,True,country.8753,People's Republic of China,101.901875,35.486703,1.0,country:1.00,matched,2026-04-27T16:46:34Z,cn
46353,Asian Art,1824,||||||||China||,China,culture,0.55,True,country.8753,People's Republic of China,101.901875,35.486703,1.0,country:1.00,matched,2026-04-27T16:46:34Z,cn
46378,Asian Art,1749,||||||||China||,China,culture,0.55,True,country.8753,People's Republic of China,101.901875,35.486703,1.0,country:1.00,matched,2026-04-27T16:46:34Z,cn
46379,Asian Art,1749,||||||||China||,China,culture,0.55,True,country.8753,People's Republic of China,101.901875,35.486703,1.0,country:1.00,matched,2026-04-27T16:46:34Z,cn
46380,Asian Art,1749,||||||||China||,China,culture,0.55,True,country.8753,People's Republic of China,101.901875,35.486703,1.0,country:1.00,matched,2026-04-27T16:46:34Z,cn
46422,Asian Art,1783,||||||||China||,China,culture,0.55,True,country.8753,People's Republic of China,101.901875,35.486703,1.0,country:1.00,matched,2026-04-27T16:46:34Z,cn
46425,Asian Art,1783,||||||||China||,China,culture,0.55,True,country.8753,People's Republic of China,101.901875,35.486703,1.0,country:1.00,matched,2026-04-27T16:46:34Z,cn
46434,Asian Art,1800,||||||||China||,China,culture,0.55,True,country.8753,People's Republic of China,101.901875,35.486703,1.0,country:1.00,matched,2026-04-27T16:46:34Z,cn
46435,Asian Art,1749,||||||||China||,China,culture,0.55,True,country.8753,People's Republic of China,101.901875,35.486703,1.0,country:1.00,matched,2026-04-27T16:46:34Z,cn
46436,Asian Art,1824,||||||||China||,China,culture,0.55,True,country.8753,People's Republic of China,101.901875,35.486703,1.0,country:1.00,matched,2026-04-27T16:46:34Z,cn
46462,Asian Art,1749,||||||||China||,China,culture,0.55,True,country.8753,People's Republic of China,101.901875,35.486703,1.0,country:1.00,matched,2026-04-27T16:46:34Z,cn
46478,Asian Art,1749,||||||||Japan||,Japan,culture,0.55,True,country.8820,Japan,138.59223,36.386493,1.0,country:1.00,matched,2026-04-27T16:46:48Z,jp
46481,Asian Art,1850,||||||||Japan||,Japan,culture,0.55,True,country.8820,Japan,138.59223,36.386493,1.0,country:1.00,matched,2026-04-27T16:46:48Z,jp
46501,Asian Art,1849,||||||||China||,China,culture,0.55,True,country.8753,People's Republic of China,101.901875,35.486703,1.0,country:1.00,matched,2026-04-27T16:46:34Z,cn
46507,Asian Art,1711,||||||||China||,China,culture,0.55,True,country.8753,People's Republic of China,101.901875,35.486703,1.0,country:1.00,matched,2026-04-27T16:46:34Z,cn
46508,Asian Art,1694,||||||||China||,China,culture,0.55,True,country.8753,People's Republic of China,101.901875,35.486703,1.0,country:1.00,matched,2026-04-27T16:46:34Z,cn
46515,Asian Art,1695,||||||||China||,China,culture,0.55,True,country.8753,People's Republic of China,101.901875,35.486703,1.0,country:1.00,matched,2026-04-27T16:46:34Z,cn
46516,Asian Art,1694,||||||||China||,China,culture,0.55,True,country.8753,People's Republic of China,101.901875,35.486703,1.0,country:1.00,matched,2026-04-27T16:46:34Z,cn
46517,Asian Art,1694,||||||||China||,China,culture,0.55,True,country.8753,People's Republic of China,101.901875,35.486703,1.0,country:1.00,matched,2026-04-27T16:46:34Z,cn
46518,Asian Art,1711,||||||||China||,China,culture,0.55,True,country.8753,People's Republic of China,101.901875,35.486703,1.0,country:1.00,matched,2026-04-27T16:46:34Z,cn
46519,Asian Art,1711,||||||||China||,China,culture,0.55,True,country.8753,People's Republic of China,101.901875,35.486703,1.0,country:1.00,matched,2026-04-27T16:46:34Z,cn
46521,Asian Art,1694,||||||||China||,China,culture,0.55,True,country.8753,People's Republic of China,101.901875,35.486703,1.0,country:1.00,matched,2026-04-27T16:46:34Z,cn
46522,Asian Art,1692,||||||||China||,China,culture,0.55,True,country.8753,People's Republic of China,101.901875,35.486703,1.0,country:1.00,matched,2026-04-27T16:46:34Z,cn
46523,Asian Art,1749,||||||||ChinaNeihuLu||,,none,0.0,False,,,,,,,skipped,2026-04-27T16:47:15Z,
46525,Asian Art,1749,||||||||China||,China,culture,0.55,True,country.8753,People's Republic of China,101.901875,35.486703,1.0,country:1.00,matched,2026-04-27T16:46:34Z,cn
46527,Asian Art,1711,||||||||China||,China,culture,0.55,True,country.8753,People's Republic of China,101.901875,35.486703,1.0,country:1.00,matched,2026-04-27T16:46:34Z,cn
46528,Asian Art,1849,||||||||China||,China,culture,0.55,True,country.8753,People's Republic of China,101.901875,35.486703,1.0,country:1.00,matched,2026-04-27T16:46:34Z,cn
46529,Asian Art,1749,||||||||China||,China,culture,0.55,True,country.8753,People's Republic of China,101.901875,35.486703,1.0,country:1.00,matched,2026-04-27T16:46:34Z,cn
46530,Asian Art,1761,||||||||China||,China,culture,0.55,True,country.8753,People's Republic of China,101.901875,35.486703,1.0,country:1.00,matched,2026-04-27T16:46:34Z,cn
46531,Asian Art,1694,||||||||China||,China,culture,0.55,True,country.8753,People's Republic of China,101.901875,35.486703,1.0,country:1.00,matched,2026-04-27T16:46:34Z,cn
46532,Asian Art,1695,||||||||China||,China,culture,0.55,True,country.8753,People's Republic of China,101.901875,35.486703,1.0,country:1.00,matched,2026-04-27T16:46:34Z,cn
46533,Asian Art,1695,||||||||China||,China,culture,0.55,True,country.8753,People's Republic of China,101.901875,35.486703,1.0,country:1.00,matched,2026-04-27T16:46:34Z,cn
46534,Asian Art,1692,||||||||China||,China,culture,0.55,True,country.8753,People's Republic of China,101.901875,35.486703,1.0,country:1.00,matched,2026-04-27T16:46:34Z,cn
46535,Asian Art,1692,||||||||China||,China,culture,0.55,True,country.8753,People's Republic of China,101.901875,35.486703,1.0,country:1.00,matched,2026-04-27T16:46:34Z,cn
46536,Asian Art,1695,||||||||China||,China,culture,0.55,True,country.8753,People's Republic of China,101.901875,35.486703,1.0,country:1.00,matched,2026-04-27T16:46:34Z,cn
46537,Asian Art,1781,||||||||China||,China,culture,0.55,True,country.8753,People's Republic of China,101.901875,35.486703,1.0,country:1.00,matched,2026-04-27T16:46:34Z,cn
46538,Asian Art,1833,||||||||China||,China,culture,0.55,True,country.8753,People's Republic of China,101.901875,35.486703,1.0,country:1.00,matched,2026-04-27T16:46:34Z,cn
46539,Asian Art,1692,||||||||China||,China,culture,0.55,True,country.8753,People's Republic of China,101.901875,35.486703,1.0,country:1.00,matched,2026-04-27T16:46:34Z,cn
46541,Asian Art,1729,||||||||China||,China,culture,0.55,True,country.8753,People's Republic of China,101.901875,35.486703,1.0,country:1.00,matched,2026-04-27T16:46:34Z,cn
46542,Asian Art,1749,||||||||China||,China,culture,0.55,True,country.8753,People's Republic of China,101.901875,35.486703,1.0,country:1.00,matched,2026-04-27T16:46:34Z,cn
46543,Asian Art,1749,||||||||China||,China,culture,0.55,True,country.8753,People's Republic of China,101.901875,35.486703,1.0,country:1.00,matched,2026-04-27T16:46:34Z,cn
46544,Asian Art,1711,||||||||China||,China,culture,0.55,True,country.8753,People's Republic of China,101.901875,35.486703,1.0,country:1.00,matched,2026-04-27T16:46:34Z,cn
46545,Asian Art,1749,||||||||China||,China,culture,0.55,True,country.8753,People's Republic of China,101.901875,35.486703,1.0,country:1.00,matched,2026-04-27T16:46:34Z,cn
46546,Asian Art,1711,||||||||China||,China,culture,0.55,True,country.8753,People's Republic of China,101.901875,35.486703,1.0,country:1.00,matched,2026-04-27T16:46:34Z,cn
46547,Asian Art,1749,||||||||China||,China,culture,0.55,True,country.8753,People's Republic of China,101.901875,35.486703,1.0,country:1.00,matched,2026-04-27T16:46:34Z,cn
46548,Asian Art,1692,||||||||China||,China,culture,0.55,True,country.8753,People's Republic of China,101.901875,35.486703,1.0,country:1.00,matched,2026-04-27T16:46:34Z,cn
46550,Asian Art,1711,||||||||China||,China,culture,0.55,True,country.8753,People's Republic of China,101.901875,35.486703,1.0,country:1.00,matched,2026-04-27T16:46:34Z,cn
46553,Asian Art,1711,||||||||China||,China,culture,0.55,True,country.8753,People's Republic of China,101.901875,35.486703,1.0,country:1.00,matched,2026-04-27T16:46:34Z,cn
46554,Asian Art,1711,||||||||China||,China,culture,0.55,True,country.8753,People's Republic of China,101.901875,35.486703,1.0,country:1.00,matched,2026-04-27T16:46:34Z,cn
46555,Asian Art,1749,||||||||China||,China,culture,0.55,True,country.8753,People's Republic of China,101.901875,35.486703,1.0,country:1.00,matched,2026-04-27T16:46:34Z,cn
46556,Asian Art,1711,||||||||China||,China,culture,0.55,True,country.8753,People's Republic of China,101.901875,35.486703,1.0,country:1.00,matched,2026-04-27T16:46:34Z,cn
46557,Asian Art,1781,||||||||China||,China,culture,0.55,True,country.8753,People's Republic of China,101.901875,35.486703,1.0,country:1.00,matched,2026-04-27T16:46:34Z,cn
46558,Asian Art,1695,||||||||China||,China,culture,0.55,True,country.8753,People's Republic of China,101.901875,35.486703,1.0,country:1.00,matched,2026-04-27T16:46:34Z,cn
46559,Asian Art,1729,||||||||China||,China,culture,0.55,True,country.8753,People's Republic of China,101.901875,35.486703,1.0,country:1.00,matched,2026-04-27T16:46:34Z,cn
46560,Asian Art,1749,||||||||China||,China,culture,0.55,True,country.8753,People's Republic of China,101.901875,35.486703,1.0,country:1.00,matched,2026-04-27T16:46:34Z,cn
46561,Asian Art,1849,||||||||China||,China,culture,0.55,True,country.8753,People's Republic of China,101.901875,35.486703,1.0,country:1.00,matched,2026-04-27T16:46:34Z,cn
46562,Asian Art,1692,||||||||China||,China,culture,0.55,True,country.8753,People's Republic of China,101.901875,35.486703,1.0,country:1.00,matched,2026-04-27T16:46:34Z,cn
46563,Asian Art,1695,||||||||China||,China,culture,0.55,True,country.8753,People's Republic of China,101.901875,35.486703,1.0,country:1.00,matched,2026-04-27T16:46:34Z,cn
46564,Asian Art,1695,||||||||China||,China,culture,0.55,True,country.8753,People's Republic of China,101.901875,35.486703,1.0,country:1.00,matched,2026-04-27T16:46:34Z,cn
46565,Asian Art,1695,||||||||China||,China,culture,0.55,True,country.8753,People's Republic of China,101.901875,35.486703,1.0,country:1.00,matched,2026-04-27T16:46:34Z,cn
46566,Asian Art,1692,||||||||China||,China,culture,0.55,True,country.8753,People's Republic of China,101.901875,35.486703,1.0,country:1.00,matched,2026-04-27T16:46:34Z,cn
46567,Asian Art,1749,||||||||China||,China,culture,0.55,True,country.8753,People's Republic of China,101.901875,35.486703,1.0,country:1.00,matched,2026-04-27T16:46:34Z,cn
46568,Asian Art,1749,||||||||China||,China,culture,0.55,True,country.8753,People's Republic of China,101.901875,35.486703,1.0,country:1.00,matched,2026-04-27T16:46:34Z,cn
46569,Asian Art,1749,||||||||China||,China,culture,0.55,True,country.8753,People's Republic of China,101.901875,35.486703,1.0,country:1.00,matched,2026-04-27T16:46:34Z,cn
46570,Asian Art,1749,||||||||China||,China,culture,0.55,True,country.8753,People's Republic of China,101.901875,35.486703,1.0,country:1.00,matched,2026-04-27T16:46:34Z,cn
46571,Asian Art,1749,||||||||China||,China,culture,0.55,True,country.8753,People's Republic of China,101.901875,35.486703,1.0,country:1.00,matched,2026-04-27T16:46:34Z,cn
46575,Asian Art,1749,||||||||Japan||,Japan,culture,0.55,True,country.8820,Japan,138.59223,36.386493,1.0,country:1.00,matched,2026-04-27T16:46:48Z,jp
46580,Asian Art,1849,||||||||Japan||,Japan,culture,0.55,True,country.8820,Japan,138.59223,36.386493,1.0,country:1.00,matched,2026-04-27T16:46:48Z,jp
46586,Asian Art,1695,||||||||China||,China,culture,0.55,True,country.8753,People's Republic of China,101.901875,35.486703,1.0,country:1.00,matched,2026-04-27T16:46:34Z,cn
46587,Asian Art,1749,||||||||China||,China,culture,0.55,True,country.8753,People's Republic of China,101.901875,35.486703,1.0,country:1.00,matched,2026-04-27T16:46:34Z,cn
46588,Asian Art,1717,||||||||China||,China,culture,0.55,True,country.8753,People's Republic of China,101.901875,35.486703,1.0,country:1.00,matched,2026-04-27T16:46:34Z,cn
46589,Asian Art,1781,||||||||China||,China,culture,0.55,True,country.8753,People's Republic of China,101.901875,35.486703,1.0,country:1.00,matched,2026-04-27T16:46:34Z,cn
46590,Asian Art,1749,||||||||China||,China,culture,0.55,True,country.8753,People's Republic of China,101.901875,35.486703,1.0,country:1.00,matched,2026-04-27T16:46:34Z,cn
46614,Asian Art,1749,||||||||China||,China,culture,0.55,True,country.8753,People's Republic of China,101.901875,35.486703,1.0,country:1.00,matched,2026-04-27T16:46:34Z,cn
46619,Asian Art,1700,||||||||Japan||,Japan,culture,0.55,True,country.8820,Japan,138.59223,36.386493,1.0,country:1.00,matched,2026-04-27T16:46:48Z,jp
46620,Asian Art,1849,||||||||China||,China,culture,0.55,True,country.8753,People's Republic of China,101.901875,35.486703,1.0,country:1.00,matched,2026-04-27T16:46:34Z,cn
46623,Asian Art,1749,||||||||China||,China,culture,0.55,True,country.8753,People's Republic of China,101.901875,35.486703,1.0,country:1.00,matched,2026-04-27T16:46:34Z,cn
46624,Asian Art,1833,||||||||China||,China,culture,0.55,True,country.8753,People's Republic of China,101.901875,35.486703,1.0,country:1.00,matched,2026-04-27T16:46:34Z,cn
46627,Asian Art,1883,||||||||Japan||Japanese,Japan,culture,0.55,True,country.8820,Japan,138.59223,36.386493,1.0,country:1.00,matched,2026-04-27T16:46:48Z,jp
46628,Asian Art,1849,||||||||China||,China,culture,0.55,True,country.8753,People's Republic of China,101.901875,35.486703,1.0,country:1.00,matched,2026-04-27T16:46:34Z,cn
46631,Asian Art,1777,||||||||China||,China,culture,0.55,True,country.8753,People's Republic of China,101.901875,35.486703,1.0,country:1.00,matched,2026-04-27T16:46:34Z,cn
46633,Asian Art,1849,||||||||China||,China,culture,0.55,True,country.8753,People's Republic of China,101.901875,35.486703,1.0,country:1.00,matched,2026-04-27T16:46:34Z,cn
46634,Asian Art,1765,||||||||China||,China,culture,0.55,True,country.8753,People's Republic of China,101.901875,35.486703,1.0,country:1.00,matched,2026-04-27T16:46:34Z,cn
46635,Asian Art,1849,||||||||China||,China,culture,0.55,True,country.8753,People's Republic of China,101.901875,35.486703,1.0,country:1.00,matched,2026-04-27T16:46:34Z,cn
46636,Asian Art,1849,||||||||China||,China,culture,0.55,True,country.8753,People's Republic of China,101.901875,35.486703,1.0,country:1.00,matched,2026-04-27T16:46:34Z,cn
46637,Asian Art,1824,||||||||Japan||,Japan,culture,0.55,True,country.8820,Japan,138.59223,36.386493,1.0,country:1.00,matched,2026-04-27T16:46:48Z,jp
46638,Asian Art,1849,||||||||Japan||,Japan,culture,0.55,True,country.8820,Japan,138.59223,36.386493,1.0,country:1.00,matched,2026-04-27T16:46:48Z,jp
46639,Asian Art,1750,||||||||China||,China,culture,0.55,True,country.8753,People's Republic of China,101.901875,35.486703,1.0,country:1.00,matched,2026-04-27T16:46:34Z,cn
46640,Asian Art,1749,||||||||China||,China,culture,0.55,True,country.8753,People's Republic of China,101.901875,35.486703,1.0,country:1.00,matched,2026-04-27T16:46:34Z,cn
46642,Asian Art,1783,||||||||China||,China,culture,0.55,True,country.8753,People's Republic of China,101.901875,35.486703,1.0,country:1.00,matched,2026-04-27T16:46:34Z,cn
46654,Asian Art,1849,||||||||Japan||,Japan,culture,0.55,True,country.8820,Japan,138.59223,36.386493,1.0,country:1.00,matched,2026-04-27T16:46:48Z,jp
46665,Asian Art,1849,||||||||China||,China,culture,0.55,True,country.8753,People's Republic of China,101.901875,35.486703,1.0,country:1.00,matched,2026-04-27T16:46:34Z,cn
46666,Asian Art,1849,||||||||China||,China,culture,0.55,True,country.8753,People's Republic of China,101.901875,35.486703,1.0,country:1.00,matched,2026-04-27T16:46:34Z,cn
46667,Asian Art,1749,||||||||China||,China,culture,0.55,True,country.8753,People's Republic of China,101.901875,35.486703,1.0,country:1.00,matched,2026-04-27T16:46:34Z,cn
46673,Asian Art,1849,||||||||China||,China,culture,0.55,True,country.8753,People's Republic of China,101.901875,35.486703,1.0,country:1.00,matched,2026-04-27T16:46:34Z,cn
46674,Asian Art,1781,||||||||China||,China,culture,0.55,True,country.8753,People's Republic of China,101.901875,35.486703,1.0,country:1.00,matched,2026-04-27T16:46:34Z,cn
46675,Asian Art,1849,||||||||China||,China,culture,0.55,True,country.8753,People's Republic of China,101.901875,35.486703,1.0,country:1.00,matched,2026-04-27T16:46:34Z,cn
46676,Asian Art,1729,||||||||China||,China,culture,0.55,True,country.8753,People's Republic of China,101.901875,35.486703,1.0,country:1.00,matched,2026-04-27T16:46:34Z,cn
46679,Asian Art,1749,||||||||China||,China,culture,0.55,True,country.8753,People's Republic of China,101.901875,35.486703,1.0,country:1.00,matched,2026-04-27T16:46:34Z,cn
46680,Asian Art,1849,||||||||China||,China,culture,0.55,True,country.8753,People's Republic of China,101.901875,35.486703,1.0,country:1.00,matched,2026-04-27T16:46:34Z,cn
46686,Asian Art,1830,||||||||Japan||,Japan,culture,0.55,True,country.8820,Japan,138.59223,36.386493,1.0,country:1.00,matched,2026-04-27T16:46:48Z,jp
46687,Asian Art,1849,||||||||Japan||Japanese,Japan,culture,0.55,True,country.8820,Japan,138.59223,36.386493,1.0,country:1.00,matched,2026-04-27T16:46:48Z,jp
46690,Asian Art,1506,||||||||China||,China,culture,0.55,True,country.8753,People's Republic of China,101.901875,35.486703,1.0,country:1.00,matched,2026-04-27T16:46:34Z,cn
46693,Asian Art,1830,||||||||Japan||,Japan,culture,0.55,True,country.8820,Japan,138.59223,36.386493,1.0,country:1.00,matched,2026-04-27T16:46:48Z,jp
46695,Asian Art,1908,||||||||China||,China,culture,0.55,True,country.8753,People's Republic of China,101.901875,35.486703,1.0,country:1.00,matched,2026-04-27T16:46:34Z,cn
46704,Asian Art,1716,||||||||China||,China,culture,0.55,True,country.8753,People's Republic of China,101.901875,35.486703,1.0,country:1.00,matched,2026-04-27T16:46:34Z,cn
46705,Asian Art,1749,||||||||China||,China,culture,0.55,True,country.8753,People's Republic of China,101.901875,35.486703,1.0,country:1.00,matched,2026-04-27T16:46:34Z,cn
46710,Asian Art,1749,||||||||China||,China,culture,0.55,True,country.8753,People's Republic of China,101.901875,35.486703,1.0,country:1.00,matched,2026-04-27T16:46:34Z,cn
46711,Asian Art,1849,||||||||China||,China,culture,0.55,True,country.8753,People's Republic of China,101.901875,35.486703,1.0,country:1.00,matched,2026-04-27T16:46:34Z,cn
46712,Asian Art,1824,||||||||China||,China,culture,0.55,True,country.8753,People's Republic of China,101.901875,35.486703,1.0,country:1.00,matched,2026-04-27T16:46:34Z,cn
46713,Asian Art,1749,||||||||China||,China,culture,0.55,True,country.8753,People's Republic of China,101.901875,35.486703,1.0,country:1.00,matched,2026-04-27T16:46:34Z,cn
46714,Asian Art,1749,||||||||China||,China,culture,0.55,True,country.8753,People's Republic of China,101.901875,35.486703,1.0,country:1.00,matched,2026-04-27T16:46:34Z,cn
46718,Asian Art,1849,||||||||China||,China,culture,0.55,True,country.8753,People's Republic of China,101.901875,35.486703,1.0,country:1.00,matched,2026-04-27T16:46:34Z,cn
46719,Asian Art,1849,||||||||China||,China,culture,0.55,True,country.8753,People's Republic of China,101.901875,35.486703,1.0,country:1.00,matched,2026-04-27T16:46:34Z,cn
46720,Asian Art,1761,||||||||China||,China,culture,0.55,True,country.8753,People's Republic of China,101.901875,35.486703,1.0,country:1.00,matched,2026-04-27T16:46:34Z,cn
46725,Asian Art,1572,||||||||China||,China,culture,0.55,True,country.8753,People's Republic of China,101.901875,35.486703,1.0,country:1.00,matched,2026-04-27T16:46:34Z,cn
46726,Asian Art,1849,||||||||China||,China,culture,0.55,True,country.8753,People's Republic of China,101.901875,35.486703,1.0,country:1.00,matched,2026-04-27T16:46:34Z,cn
46727,Asian Art,1908,||||||||China||,China,culture,0.55,True,country.8753,People's Republic of China,101.901875,35.486703,1.0,country:1.00,matched,2026-04-27T16:46:34Z,cn
46730,Asian Art,1749,||||||||China||,China,culture,0.55,True,country.8753,People's Republic of China,101.901875,35.486703,1.0,country:1.00,matched,2026-04-27T16:46:34Z,cn
46739,Asian Art,1695,||||||||China||,China,culture,0.55,True,country.8753,People's Republic of China,101.901875,35.486703,1.0,country:1.00,matched,2026-04-27T16:46:34Z,cn
46746,Asian Art,1849,||||||||China||,China,culture,0.55,True,country.8753,People's Republic of China,101.901875,35.486703,1.0,country:1.00,matched,2026-04-27T16:46:34Z,cn
46748,Asian Art,1849,||||||||China||,China,culture,0.55,True,country.8753,People's Republic of China,101.901875,35.486703,1.0,country:1.00,matched,2026-04-27T16:46:34Z,cn
46755,Asian Art,1655,||||||||China||,China,culture,0.55,True,country.8753,People's Republic of China,101.901875,35.486703,1.0,country:1.00,matched,2026-04-27T16:46:34Z,cn
46757,Asian Art,1549,||||||||China||,China,culture,0.55,True,country.8753,People's Republic of China,101.901875,35.486703,1.0,country:1.00,matched,2026-04-27T16:46:34Z,cn
46760,Asian Art,1924,||||||||China||,China,culture,0.55,True,country.8753,People's Republic of China,101.901875,35.486703,1.0,country:1.00,matched,2026-04-27T16:46:34Z,cn
46762,Asian Art,1849,||||||||China||,China,culture,0.55,True,country.8753,People's Republic of China,101.901875,35.486703,1.0,country:1.00,matched,2026-04-27T16:46:34Z,cn
46770,Asian Art,1717,||||||||China||,China,culture,0.55,True,country.8753,People's Republic of China,101.901875,35.486703,1.0,country:1.00,matched,2026-04-27T16:46:34Z,cn
46773,Asian Art,1572,||||||||China||,China,culture,0.55,True,country.8753,People's Republic of China,101.901875,35.486703,1.0,country:1.00,matched,2026-04-27T16:46:34Z,cn
46778,Asian Art,1749,||||||||China||,China,culture,0.55,True,country.8753,People's Republic of China,101.901875,35.486703,1.0,country:1.00,matched,2026-04-27T16:46:34Z,cn
46779,Asian Art,1695,||||||||China||,China,culture,0.55,True,country.8753,People's Republic of China,101.901875,35.486703,1.0,country:1.00,matched,2026-04-27T16:46:34Z,cn
46781,Asian Art,1692,||||||||China||,China,culture,0.55,True,country.8753,People's Republic of China,101.901875,35.486703,1.0,country:1.00,matched,2026-04-27T16:46:34Z,cn
46782,Asian Art,1849,||||||||China||,China,culture,0.55,True,country.8753,People's Republic of China,101.901875,35.486703,1.0,country:1.00,matched,2026-04-27T16:46:34Z,cn
46783,Asian Art,1596,||||||||China||,China,culture,0.55,True,country.8753,People's Republic of China,101.901875,35.486703,1.0,country:1.00,matched,2026-04-27T16:46:34Z,cn
46791,Asian Art,1749,||||||||China||,China,culture,0.55,True,country.8753,People's Republic of China,101.901875,35.486703,1.0,country:1.00,matched,2026-04-27T16:46:34Z,cn
46796,Asian Art,1174,||||||||China||,China,culture,0.55,True,country.8753,People's Republic of China,101.901875,35.486703,1.0,country:1.00,matched,2026-04-27T16:46:34Z,cn
46797,Asian Art,1506,||||||||China||,China,culture,0.55,True,country.8753,People's Republic of China,101.901875,35.486703,1.0,country:1.00,matched,2026-04-27T16:46:34Z,cn
46799,Asian Art,1099,||||||||China||,China,culture,0.55,True,country.8753,People's Republic of China,101.901875,35.486703,1.0,country:1.00,matched,2026-04-27T16:46:34Z,cn
46809,Asian Art,1500,||||||||China||,China,culture,0.55,True,country.8753,People's Republic of China,101.901875,35.486703,1.0,country:1.00,matched,2026-04-27T16:46:34Z,cn
46815,Asian Art,1749,||||||||China||,China,culture,0.55,True,country.8753,People's Republic of China,101.901875,35.486703,1.0,country:1.00,matched,2026-04-27T16:46:34Z,cn
46816,Asian Art,1849,||||||||China||,China,culture,0.55,True,country.8753,People's Republic of China,101.901875,35.486703,1.0,country:1.00,matched,2026-04-27T16:46:34Z,cn
46817,Asian Art,1830,||||||||Japan||,Japan,culture,0.55,True,country.8820,Japan,138.59223,36.386493,1.0,country:1.00,matched,2026-04-27T16:46:48Z,jp
46818,Asian Art,1830,||||||||Japan||,Japan,culture,0.55,True,country.8820,Japan,138.59223,36.386493,1.0,country:1.00,matched,2026-04-27T16:46:48Z,jp
46827,Asian Art,1600,||||||||China||,China,culture,0.55,True,country.8753,People's Republic of China,101.901875,35.486703,1.0,country:1.00,matched,2026-04-27T16:46:34Z,cn
46830,Asian Art,1747,||||||||China||,China,culture,0.55,True,country.8753,People's Republic of China,101.901875,35.486703,1.0,country:1.00,matched,2026-04-27T16:46:34Z,cn
46831,Asian Art,1729,||||||||China||,China,culture,0.55,True,country.8753,People's Republic of China,101.901875,35.486703,1.0,country:1.00,matched,2026-04-27T16:46:34Z,cn
46836,Asian Art,1729,||||||||China||,China,culture,0.55,True,country.8753,People's Republic of China,101.901875,35.486703,1.0,country:1.00,matched,2026-04-27T16:46:34Z,cn
46840,Asian Art,1749,||||||||China||,China,culture,0.55,True,country.8753,People's Republic of China,101.901875,35.486703,1.0,country:1.00,matched,2026-04-27T16:46:34Z,cn
46848,Asian Art,1870,||||||||Japan||,Japan,culture,0.55,True,country.8820,Japan,138.59223,36.386493,1.0,country:1.00,matched,2026-04-27T16:46:48Z,jp
46849,Asian Art,1799,||||||||Japan||,Japan,culture,0.55,True,country.8820,Japan,138.59223,36.386493,1.0,country:1.00,matched,2026-04-27T16:46:48Z,jp
46863,Asian Art,1749,||||||||China||,China,culture,0.55,True,country.8753,People's Republic of China,101.901875,35.486703,1.0,country:1.00,matched,2026-04-27T16:46:34Z,cn
46865,Asian Art,1749,||||||||China||,China,culture,0.55,True,country.8753,People's Republic of China,101.901875,35.486703,1.0,country:1.00,matched,2026-04-27T16:46:34Z,cn
46868,Asian Art,1824,||||||||China||,China,culture,0.55,True,country.8753,People's Republic of China,101.901875,35.486703,1.0,country:1.00,matched,2026-04-27T16:46:34Z,cn
46869,Asian Art,1783,||||||||China||,China,culture,0.55,True,country.8753,People's Republic of China,101.901875,35.486703,1.0,country:1.00,matched,2026-04-27T16:46:34Z,cn
46871,Asian Art,1800,||||||||China||,China,culture,0.55,True,country.8753,People's Republic of China,101.901875,35.486703,1.0,country:1.00,matched,2026-04-27T16:46:34Z,cn
46872,Asian Art,1516,||||||||China||,China,culture,0.55,True,country.8753,People's Republic of China,101.901875,35.486703,1.0,country:1.00,matched,2026-04-27T16:46:34Z,cn
46887,Asian Art,1783,||||||||China||,China,culture,0.55,True,country.8753,People's Republic of China,101.901875,35.486703,1.0,country:1.00,matched,2026-04-27T16:46:34Z,cn
46893,Asian Art,1765,||||||||China||,China,culture,0.55,True,country.8753,People's Republic of China,101.901875,35.486703,1.0,country:1.00,matched,2026-04-27T16:46:34Z,cn
46897,Asian Art,1824,||||||||China||,China,culture,0.55,True,country.8753,People's Republic of China,101.901875,35.486703,1.0,country:1.00,matched,2026-04-27T16:46:34Z,cn
46898,Asian Art,1783,||||||||China||,China,culture,0.55,True,country.8753,People's Republic of China,101.901875,35.486703,1.0,country:1.00,matched,2026-04-27T16:46:34Z,cn
46913,Asian Art,1800,||||||||China||,China,culture,0.55,True,country.8753,People's Republic of China,101.901875,35.486703,1.0,country:1.00,matched,2026-04-27T16:46:34Z,cn
46914,Asian Art,1781,||||||||China||,China,culture,0.55,True,country.8753,People's Republic of China,101.901875,35.486703,1.0,country:1.00,matched,2026-04-27T16:46:34Z,cn
46915,Asian Art,1765,||||||||China||,China,culture,0.55,True,country.8753,People's Republic of China,101.901875,35.486703,1.0,country:1.00,matched,2026-04-27T16:46:34Z,cn
46916,Asian Art,1711,||||||||China||,China,culture,0.55,True,country.8753,People's Republic of China,101.901875,35.486703,1.0,country:1.00,matched,2026-04-27T16:46:34Z,cn
46918,Asian Art,1711,||||||||China||,China,culture,0.55,True,country.8753,People's Republic of China,101.901875,35.486703,1.0,country:1.00,matched,2026-04-27T16:46:34Z,cn
46919,Asian Art,1711,||||||||China||,China,culture,0.55,True,country.8753,People's Republic of China,101.901875,35.486703,1.0,country:1.00,matched,2026-04-27T16:46:34Z,cn
46920,Asian Art,1711,||||||||China||,China,culture,0.55,True,country.8753,People's Republic of China,101.901875,35.486703,1.0,country:1.00,matched,2026-04-27T16:46:34Z,cn
46921,Asian Art,1749,||||||||China||,China,culture,0.55,True,country.8753,People's Republic of China,101.901875,35.486703,1.0,country:1.00,matched,2026-04-27T16:46:34Z,cn
46922,Asian Art,1692,||||||||China||,China,culture,0.55,True,country.8753,People's Republic of China,101.901875,35.486703,1.0,country:1.00,matched,2026-04-27T16:46:34Z,cn
46923,Asian Art,1749,||||||||China||,China,culture,0.55,True,country.8753,People's Republic of China,101.901875,35.486703,1.0,country:1.00,matched,2026-04-27T16:46:34Z,cn
46924,Asian Art,1695,||||||||China||,China,culture,0.55,True,country.8753,People's Republic of China,101.901875,35.486703,1.0,country:1.00,matched,2026-04-27T16:46:34Z,cn
46927,Asian Art,1749,||||||||China||,China,culture,0.55,True,country.8753,People's Republic of China,101.901875,35.486703,1.0,country:1.00,matched,2026-04-27T16:46:34Z,cn
46928,Asian Art,1749,||||||||China||,China,culture,0.55,True,country.8753,People's Republic of China,101.901875,35.486703,1.0,country:1.00,matched,2026-04-27T16:46:34Z,cn
46929,Asian Art,1711,||||||||China||,China,culture,0.55,True,country.8753,People's Republic of China,101.901875,35.486703,1.0,country:1.00,matched,2026-04-27T16:46:34Z,cn
46930,Asian Art,1711,||||||||China||,China,culture,0.55,True,country.8753,People's Republic of China,101.901875,35.486703,1.0,country:1.00,matched,2026-04-27T16:46:34Z,cn
46932,Asian Art,1749,||||||||China||,China,culture,0.55,True,country.8753,People's Republic of China,101.901875,35.486703,1.0,country:1.00,matched,2026-04-27T16:46:34Z,cn
46933,Asian Art,1694,||||||||China||,China,culture,0.55,True,country.8753,People's Republic of China,101.901875,35.486703,1.0,country:1.00,matched,2026-04-27T16:46:34Z,cn
46934,Asian Art,1695,||||||||China||,China,culture,0.55,True,country.8753,People's Republic of China,101.901875,35.486703,1.0,country:1.00,matched,2026-04-27T16:46:34Z,cn
46935,Asian Art,1729,||||||||China||,China,culture,0.55,True,country.8753,People's Republic of China,101.901875,35.486703,1.0,country:1.00,matched,2026-04-27T16:46:34Z,cn
46937,Asian Art,1695,||||||||China||,China,culture,0.55,True,country.8753,People's Republic of China,101.901875,35.486703,1.0,country:1.00,matched,2026-04-27T16:46:34Z,cn
46938,Asian Art,1692,||||||||China||,China,culture,0.55,True,country.8753,People's Republic of China,101.901875,35.486703,1.0,country:1.00,matched,2026-04-27T16:46:34Z,cn
46939,Asian Art,1692,||||||||China||,China,culture,0.55,True,country.8753,People's Republic of China,101.901875,35.486703,1.0,country:1.00,matched,2026-04-27T16:46:34Z,cn
46940,Asian Art,1695,||||||||China||,China,culture,0.55,True,country.8753,People's Republic of China,101.901875,35.486703,1.0,country:1.00,matched,2026-04-27T16:46:34Z,cn
46941,Asian Art,1695,||||||||China||,China,culture,0.55,True,country.8753,People's Republic of China,101.901875,35.486703,1.0,country:1.00,matched,2026-04-27T16:46:34Z,cn
46942,Asian Art,1692,||||||||China||,China,culture,0.55,True,country.8753,People's Republic of China,101.901875,35.486703,1.0,country:1.00,matched,2026-04-27T16:46:34Z,cn
46943,Asian Art,1695,||||||||China||,China,culture,0.55,True,country.8753,People's Republic of China,101.901875,35.486703,1.0,country:1.00,matched,2026-04-27T16:46:34Z,cn
46946,Asian Art,1729,||||||||China||,China,culture,0.55,True,country.8753,People's Republic of China,101.901875,35.486703,1.0,country:1.00,matched,2026-04-27T16:46:34Z,cn
46947,Asian Art,1749,||||||||China||,China,culture,0.55,True,country.8753,People's Republic of China,101.901875,35.486703,1.0,country:1.00,matched,2026-04-27T16:46:34Z,cn
46948,Asian Art,1749,||||||||China||,China,culture,0.55,True,country.8753,People's Republic of China,101.901875,35.486703,1.0,country:1.00,matched,2026-04-27T16:46:34Z,cn
46950,Asian Art,1749,||||||||China||,China,culture,0.55,True,country.8753,People's Republic of China,101.901875,35.486703,1.0,country:1.00,matched,2026-04-27T16:46:34Z,cn
46953,Asian Art,1692,||||||||China||,China,culture,0.55,True,country.8753,People's Republic of China,101.901875,35.486703,1.0,country:1.00,matched,2026-04-27T16:46:34Z,cn
46955,Asian Art,1717,||||||||China||,China,culture,0.55,True,country.8753,People's Republic of China,101.901875,35.486703,1.0,country:1.00,matched,2026-04-27T16:46:34Z,cn
46956,Asian Art,1692,||||||||China||,China,culture,0.55,True,country.8753,People's Republic of China,101.901875,35.486703,1.0,country:1.00,matched,2026-04-27T16:46:34Z,cn
46957,Asian Art,1692,||||||||China||,China,culture,0.55,True,country.8753,People's Republic of China,101.901875,35.486703,1.0,country:1.00,matched,2026-04-27T16:46:34Z,cn
46958,Asian Art,1729,||||||||China||,China,culture,0.55,True,country.8753,People's Republic of China,101.901875,35.486703,1.0,country:1.00,matched,2026-04-27T16:46:34Z,cn
46959,Asian Art,1729,||||||||China||,China,culture,0.55,True,country.8753,People's Republic of China,101.901875,35.486703,1.0,country:1.00,matched,2026-04-27T16:46:34Z,cn
46961,Asian Art,1695,||||||||China||,China,culture,0.55,True,country.8753,People's Republic of China,101.901875,35.486703,1.0,country:1.00,matched,2026-04-27T16:46:34Z,cn
46962,Asian Art,1749,||||||||China||,China,culture,0.55,True,country.8753,People's Republic of China,101.901875,35.486703,1.0,country:1.00,matched,2026-04-27T16:46:34Z,cn
46965,Asian Art,1695,||||||||China||,China,culture,0.55,True,country.8753,People's Republic of China,101.901875,35.486703,1.0,country:1.00,matched,2026-04-27T16:46:34Z,cn
46968,Asian Art,1749,||||||||Japan||,Japan,culture,0.55,True,country.8820,Japan,138.59223,36.386493,1.0,country:1.00,matched,2026-04-27T16:46:48Z,jp
46978,Asian Art,1749,||||||||China||,China,culture,0.55,True,country.8753,People's Republic of China,101.901875,35.486703,1.0,country:1.00,matched,2026-04-27T16:46:34Z,cn
46979,Asian Art,1849,||||||||China||,China,culture,0.55,True,country.8753,People's Republic of China,101.901875,35.486703,1.0,country:1.00,matched,2026-04-27T16:46:34Z,cn
46985,Asian Art,1716,||||||||Japan||,Japan,culture,0.55,True,country.8820,Japan,138.59223,36.386493,1.0,country:1.00,matched,2026-04-27T16:46:48Z,jp
46986,Asian Art,1700,||||||||Japan||,Japan,culture,0.55,True,country.8820,Japan,138.59223,36.386493,1.0,country:1.00,matched,2026-04-27T16:46:48Z,jp
46987,Asian Art,1750,||||||||Japan||,Japan,culture,0.55,True,country.8820,Japan,138.59223,36.386493,1.0,country:1.00,matched,2026-04-27T16:46:48Z,jp
46988,Asian Art,1660,||||||||Japan||,Japan,culture,0.55,True,country.8820,Japan,138.59223,36.386493,1.0,country:1.00,matched,2026-04-27T16:46:48Z,jp
46989,Asian Art,1749,||||||||China||,China,culture,0.55,True,country.8753,People's Republic of China,101.901875,35.486703,1.0,country:1.00,matched,2026-04-27T16:46:34Z,cn
46991,Asian Art,1750,||||||||Japan||,Japan,culture,0.55,True,country.8820,Japan,138.59223,36.386493,1.0,country:1.00,matched,2026-04-27T16:46:48Z,jp
47006,Asian Art,1749,||||||||Japan||,Japan,culture,0.55,True,country.8820,Japan,138.59223,36.386493,1.0,country:1.00,matched,2026-04-27T16:46:48Z,jp
47019,Asian Art,1820,||||||||Japan||,Japan,culture,0.55,True,country.8820,Japan,138.59223,36.386493,1.0,country:1.00,matched,2026-04-27T16:46:48Z,jp
47029,Asian Art,1700,||||||||Japan||,Japan,culture,0.55,True,country.8820,Japan,138.59223,36.386493,1.0,country:1.00,matched,2026-04-27T16:46:48Z,jp
47043,Asian Art,1749,||||||||Japan||,Japan,culture,0.55,True,country.8820,Japan,138.59223,36.386493,1.0,country:1.00,matched,2026-04-27T16:46:48Z,jp
47049,Asian Art,1749,||||||||China||,China,culture,0.55,True,country.8753,People's Republic of China,101.901875,35.486703,1.0,country:1.00,matched,2026-04-27T16:46:34Z,cn
47050,Asian Art,1749,||||||||China||,China,culture,0.55,True,country.8753,People's Republic of China,101.901875,35.486703,1.0,country:1.00,matched,2026-04-27T16:46:34Z,cn
47053,Asian Art,1849,||||||||Japan||Japanese,Japan,culture,0.55,True,country.8820,Japan,138.59223,36.386493,1.0,country:1.00,matched,2026-04-27T16:46:48Z,jp
47056,Asian Art,1749,||||||||Japan||,Japan,culture,0.55,True,country.8820,Japan,138.59223,36.386493,1.0,country:1.00,matched,2026-04-27T16:46:48Z,jp
47060,Asian Art,1749,||||||||Japan||,Japan,culture,0.55,True,country.8820,Japan,138.59223,36.386493,1.0,country:1.00,matched,2026-04-27T16:46:48Z,jp
47061,Asian Art,1649,||||||||China or Japan (?)||,China,culture,0.35,True,country.8753,People's Republic of China,101.901875,35.486703,1.0,country:1.00,matched,2026-04-27T16:46:34Z,cn
47062,Asian Art,1695,||||||||China||,China,culture,0.55,True,country.8753,People's Republic of China,101.901875,35.486703,1.0,country:1.00,matched,2026-04-27T16:46:34Z,cn
47064,Asian Art,1820,||||||||Japan||,Japan,culture,0.55,True,country.8820,Japan,138.59223,36.386493,1.0,country:1.00,matched,2026-04-27T16:46:48Z,jp
47065,Asian Art,1749,||||||||Japan||,Japan,culture,0.55,True,country.8820,Japan,138.59223,36.386493,1.0,country:1.00,matched,2026-04-27T16:46:48Z,jp
47066,Asian Art,1780,||||||||Japan||,Japan,culture,0.55,True,country.8820,Japan,138.59223,36.386493,1.0,country:1.00,matched,2026-04-27T16:46:48Z,jp
47072,Asian Art,1849,||||||||Japan||,Japan,culture,0.55,True,country.8820,Japan,138.59223,36.386493,1.0,country:1.00,matched,2026-04-27T16:46:48Z,jp
47074,Asian Art,1824,||||||||Japan||Japanese,Japan,culture,0.55,True,country.8820,Japan,138.59223,36.386493,1.0,country:1.00,matched,2026-04-27T16:46:48Z,jp
47075,Asian Art,1700,||||||||Japan||,Japan,culture,0.55,True,country.8820,Japan,138.59223,36.386493,1.0,country:1.00,matched,2026-04-27T16:46:48Z,jp
47077,Asian Art,1849,||||||||Japan||,Japan,culture,0.55,True,country.8820,Japan,138.59223,36.386493,1.0,country:1.00,matched,2026-04-27T16:46:48Z,jp
47088,Asian Art,1749,||||||||China||,China,culture,0.55,True,country.8753,People's Republic of China,101.901875,35.486703,1.0,country:1.00,matched,2026-04-27T16:46:34Z,cn
47089,Asian Art,1800,||||||||China||,China,culture,0.55,True,country.8753,People's Republic of China,101.901875,35.486703,1.0,country:1.00,matched,2026-04-27T16:46:34Z,cn
47091,Asian Art,1749,||||||||Japan||,Japan,culture,0.55,True,country.8820,Japan,138.59223,36.386493,1.0,country:1.00,matched,2026-04-27T16:46:48Z,jp
47092,Asian Art,1820,||||||||Japan||,Japan,culture,0.55,True,country.8820,Japan,138.59223,36.386493,1.0,country:1.00,matched,2026-04-27T16:46:48Z,jp
47102,Asian Art,1749,||||||||Japan||,Japan,culture,0.55,True,country.8820,Japan,138.59223,36.386493,1.0,country:1.00,matched,2026-04-27T16:46:48Z,jp
47103,Asian Art,1849,||||||||Japan||,Japan,culture,0.55,True,country.8820,Japan,138.59223,36.386493,1.0,country:1.00,matched,2026-04-27T16:46:48Z,jp
47106,Asian Art,1849,||||||||Japan||,Japan,culture,0.55,True,country.8820,Japan,138.59223,36.386493,1.0,country:1.00,matched,2026-04-27T16:46:48Z,jp
47108,Asian Art,1840,||||||||Japan||,Japan,culture,0.55,True,country.8820,Japan,138.59223,36.386493,1.0,country:1.00,matched,2026-04-27T16:46:48Z,jp
47117,Asian Art,1820,||||||||Japan||,Japan,culture,0.55,True,country.8820,Japan,138.59223,36.386493,1.0,country:1.00,matched,2026-04-27T16:46:48Z,jp
47118,Asian Art,1820,||||||||Japan||,Japan,culture,0.55,True,country.8820,Japan,138.59223,36.386493,1.0,country:1.00,matched,2026-04-27T16:46:48Z,jp
47119,Asian Art,1850,||||||||Japan||,Japan,culture,0.55,True,country.8820,Japan,138.59223,36.386493,1.0,country:1.00,matched,2026-04-27T16:46:48Z,jp
47122,Asian Art,1785,||||||||Japan||,Japan,culture,0.55,True,country.8820,Japan,138.59223,36.386493,1.0,country:1.00,matched,2026-04-27T16:46:48Z,jp
47132,Asian Art,1780,||||||||Japan||,Japan,culture,0.55,True,country.8820,Japan,138.59223,36.386493,1.0,country:1.00,matched,2026-04-27T16:46:48Z,jp
47137,Asian Art,1849,||||||||Japan||,Japan,culture,0.55,True,country.8820,Japan,138.59223,36.386493,1.0,country:1.00,matched,2026-04-27T16:46:48Z,jp
47149,Asian Art,1749,||||||||Japan||,Japan,culture,0.55,True,country.8820,Japan,138.59223,36.386493,1.0,country:1.00,matched,2026-04-27T16:46:48Z,jp
47157,Asian Art,1830,||||||||Japan||,Japan,culture,0.55,True,country.8820,Japan,138.59223,36.386493,1.0,country:1.00,matched,2026-04-27T16:46:48Z,jp
47158,Asian Art,1749,||||||||Japan||,Japan,culture,0.55,True,country.8820,Japan,138.59223,36.386493,1.0,country:1.00,matched,2026-04-27T16:46:48Z,jp
47167,Asian Art,1730,||||||||Japan||,Japan,culture,0.55,True,country.8820,Japan,138.59223,36.386493,1.0,country:1.00,matched,2026-04-27T16:46:48Z,jp
47169,Asian Art,1724,||||||||Japan||,Japan,culture,0.55,True,country.8820,Japan,138.59223,36.386493,1.0,country:1.00,matched,2026-04-27T16:46:48Z,jp
47171,Asian Art,1820,||||||||Japan||,Japan,culture,0.55,True,country.8820,Japan,138.59223,36.386493,1.0,country:1.00,matched,2026-04-27T16:46:48Z,jp
47173,Asian Art,1849,||||||||Japan||,Japan,culture,0.55,True,country.8820,Japan,138.59223,36.386493,1.0,country:1.00,matched,2026-04-27T16:46:48Z,jp
47174,Asian Art,1785,||||||||Japan||,Japan,culture,0.55,True,country.8820,Japan,138.59223,36.386493,1.0,country:1.00,matched,2026-04-27T16:46:48Z,jp
47183,Asian Art,1820,||||||||Japan||,Japan,culture,0.55,True,country.8820,Japan,138.59223,36.386493,1.0,country:1.00,matched,2026-04-27T16:46:48Z,jp
47185,Asian Art,1800,||||||||Japan||,Japan,culture,0.55,True,country.8820,Japan,138.59223,36.386493,1.0,country:1.00,matched,2026-04-27T16:46:48Z,jp
47186,Asian Art,1840,||||||||Japan||,Japan,culture,0.55,True,country.8820,Japan,138.59223,36.386493,1.0,country:1.00,matched,2026-04-27T16:46:48Z,jp
47196,Asian Art,1749,||||||||Japan||,Japan,culture,0.55,True,country.8820,Japan,138.59223,36.386493,1.0,country:1.00,matched,2026-04-27T16:46:48Z,jp
47203,Asian Art,1620,||||||||Japan||,Japan,culture,0.55,True,country.8820,Japan,138.59223,36.386493,1.0,country:1.00,matched,2026-04-27T16:46:48Z,jp
47214,Asian Art,1760,||||||||Japan||,Japan,culture,0.55,True,country.8820,Japan,138.59223,36.386493,1.0,country:1.00,matched,2026-04-27T16:46:48Z,jp
47215,Asian Art,1749,||||||||Japan||,Japan,culture,0.55,True,country.8820,Japan,138.59223,36.386493,1.0,country:1.00,matched,2026-04-27T16:46:48Z,jp
47216,Asian Art,1849,||||||||Japan||,Japan,culture,0.55,True,country.8820,Japan,138.59223,36.386493,1.0,country:1.00,matched,2026-04-27T16:46:48Z,jp
47218,Asian Art,1849,||||||||Japan||,Japan,culture,0.55,True,country.8820,Japan,138.59223,36.386493,1.0,country:1.00,matched,2026-04-27T16:46:48Z,jp
47222,Asian Art,1830,||||||||Japan||,Japan,culture,0.55,True,country.8820,Japan,138.59223,36.386493,1.0,country:1.00,matched,2026-04-27T16:46:48Z,jp
47223,Asian Art,1849,||||||||Japan||,Japan,culture,0.55,True,country.8820,Japan,138.59223,36.386493,1.0,country:1.00,matched,2026-04-27T16:46:48Z,jp
47226,Asian Art,1849,||||||||Japan||,Japan,culture,0.55,True,country.8820,Japan,138.59223,36.386493,1.0,country:1.00,matched,2026-04-27T16:46:48Z,jp
47228,Asian Art,1750,||||||||Japan||,Japan,culture,0.55,True,country.8820,Japan,138.59223,36.386493,1.0,country:1.00,matched,2026-04-27T16:46:48Z,jp
47234,Asian Art,1824,||||||||China||,China,culture,0.55,True,country.8753,People's Republic of China,101.901875,35.486703,1.0,country:1.00,matched,2026-04-27T16:46:34Z,cn
47253,Asian Art,1849,||||||||Japan||,Japan,culture,0.55,True,country.8820,Japan,138.59223,36.386493,1.0,country:1.00,matched,2026-04-27T16:46:48Z,jp
47254,Asian Art,1725,||||||||Japan||,Japan,culture,0.55,True,country.8820,Japan,138.59223,36.386493,1.0,country:1.00,matched,2026-04-27T16:46:48Z,jp
47256,Asian Art,1750,||||||||Japan||,Japan,culture,0.55,True,country.8820,Japan,138.59223,36.386493,1.0,country:1.00,matched,2026-04-27T16:46:48Z,jp
47257,Asian Art,1849,||||||||Japan||,Japan,culture,0.55,True,country.8820,Japan,138.59223,36.386493,1.0,country:1.00,matched,2026-04-27T16:46:48Z,jp
47258,Asian Art,1874,||||||||Japan||,Japan,culture,0.55,True,country.8820,Japan,138.59223,36.386493,1.0,country:1.00,matched,2026-04-27T16:46:48Z,jp
47259,Asian Art,1849,||||||||Japan||,Japan,culture,0.55,True,country.8820,Japan,138.59223,36.386493,1.0,country:1.00,matched,2026-04-27T16:46:48Z,jp
47260,Asian Art,1780,||||||||Japan||,Japan,culture,0.55,True,country.8820,Japan,138.59223,36.386493,1.0,country:1.00,matched,2026-04-27T16:46:48Z,jp
47270,Asian Art,1912,||||||||Japan||,Japan,culture,0.55,True,country.8820,Japan,138.59223,36.386493,1.0,country:1.00,matched,2026-04-27T16:46:48Z,jp
47280,Asian Art,1749,||||||||Japan||,Japan,culture,0.55,True,country.8820,Japan,138.59223,36.386493,1.0,country:1.00,matched,2026-04-27T16:46:48Z,jp
47281,Asian Art,1749,||||||||Japan||,Japan,culture,0.55,True,country.8820,Japan,138.59223,36.386493,1.0,country:1.00,matched,2026-04-27T16:46:48Z,jp
47282,Asian Art,1780,||||||||Japan||,Japan,culture,0.55,True,country.8820,Japan,138.59223,36.386493,1.0,country:1.00,matched,2026-04-27T16:46:48Z,jp
47283,Asian Art,1850,||||||||Japan||,Japan,culture,0.55,True,country.8820,Japan,138.59223,36.386493,1.0,country:1.00,matched,2026-04-27T16:46:48Z,jp
47286,Asian Art,1810,||||||||China||,China,culture,0.55,True,country.8753,People's Republic of China,101.901875,35.486703,1.0,country:1.00,matched,2026-04-27T16:46:34Z,cn
47287,Asian Art,1849,||||||||China||,China,culture,0.55,True,country.8753,People's Republic of China,101.901875,35.486703,1.0,country:1.00,matched,2026-04-27T16:46:34Z,cn
47290,Asian Art,1849,||||||||China||,China,culture,0.55,True,country.8753,People's Republic of China,101.901875,35.486703,1.0,country:1.00,matched,2026-04-27T16:46:34Z,cn
47292,Asian Art,1849,||||||||China||,China,culture,0.55,True,country.8753,People's Republic of China,101.901875,35.486703,1.0,country:1.00,matched,2026-04-27T16:46:34Z,cn
47294,Asian Art,1824,||||||||China||,China,culture,0.55,True,country.8753,People's Republic of China,101.901875,35.486703,1.0,country:1.00,matched,2026-04-27T16:46:34Z,cn
47295,Asian Art,1800,||||||||China||,China,culture,0.55,True,country.8753,People's Republic of China,101.901875,35.486703,1.0,country:1.00,matched,2026-04-27T16:46:34Z,cn
47299,Asian Art,1808,||||||||China||,China,culture,0.55,True,country.8753,People's Republic of China,101.901875,35.486703,1.0,country:1.00,matched,2026-04-27T16:46:34Z,cn
47305,Asian Art,1808,||||||||China||,China,culture,0.55,True,country.8753,People's Republic of China,101.901875,35.486703,1.0,country:1.00,matched,2026-04-27T16:46:34Z,cn
47306,Asian Art,1750,||||||||China||,China,culture,0.55,True,country.8753,People's Republic of China,101.901875,35.486703,1.0,country:1.00,matched,2026-04-27T16:46:34Z,cn
47307,Asian Art,1749,||||||||Japan||,Japan,culture,0.55,True,country.8820,Japan,138.59223,36.386493,1.0,country:1.00,matched,2026-04-27T16:46:48Z,jp
47308,Asian Art,1650,||||||||Japan||,Japan,culture,0.55,True,country.8820,Japan,138.59223,36.386493,1.0,country:1.00,matched,2026-04-27T16:46:48Z,jp
47309,Asian Art,1650,||||||||Japan||,Japan,culture,0.55,True,country.8820,Japan,138.59223,36.386493,1.0,country:1.00,matched,2026-04-27T16:46:48Z,jp
47313,Asian Art,1783,||||||||China||,China,culture,0.55,True,country.8753,People's Republic of China,101.901875,35.486703,1.0,country:1.00,matched,2026-04-27T16:46:34Z,cn
47315,Asian Art,1808,||||||||China||,China,culture,0.55,True,country.8753,People's Republic of China,101.901875,35.486703,1.0,country:1.00,matched,2026-04-27T16:46:34Z,cn
47316,Asian Art,1810,||||||||China||,China,culture,0.55,True,country.8753,People's Republic of China,101.901875,35.486703,1.0,country:1.00,matched,2026-04-27T16:46:34Z,cn
47317,Asian Art,1765,||||||||China||,China,culture,0.55,True,country.8753,People's Republic of China,101.901875,35.486703,1.0,country:1.00,matched,2026-04-27T16:46:34Z,cn
47319,Asian Art,1849,||||||||China||,China,culture,0.55,True,country.8753,People's Republic of China,101.901875,35.486703,1.0,country:1.00,matched,2026-04-27T16:46:34Z,cn
47320,Asian Art,1751,||||||||China||,China,culture,0.55,True,country.8753,People's Republic of China,101.901875,35.486703,1.0,country:1.00,matched,2026-04-27T16:46:34Z,cn
47327,Asian Art,1720,||||||||Japan||,Japan,culture,0.55,True,country.8820,Japan,138.59223,36.386493,1.0,country:1.00,matched,2026-04-27T16:46:48Z,jp
47332,Asian Art,1800,||||||||Japan||Japanese,Japan,culture,0.55,True,country.8820,Japan,138.59223,36.386493,1.0,country:1.00,matched,2026-04-27T16:46:48Z,jp
47334,Asian Art,1695,||||||||China||,China,culture,0.55,True,country.8753,People's Republic of China,101.901875,35.486703,1.0,country:1.00,matched,2026-04-27T16:46:34Z,cn
47336,Asian Art,1835,||||||||China||,China,culture,0.55,True,country.8753,People's Republic of China,101.901875,35.486703,1.0,country:1.00,matched,2026-04-27T16:46:34Z,cn
47347,Asian Art,1783,||||||||China||,China,culture,0.55,True,country.8753,People's Republic of China,101.901875,35.486703,1.0,country:1.00,matched,2026-04-27T16:46:34Z,cn
47350,Asian Art,1800,||||||||China||,China,culture,0.55,True,country.8753,People's Republic of China,101.901875,35.486703,1.0,country:1.00,matched,2026-04-27T16:46:34Z,cn
47353,Asian Art,1824,||||||||Japan||,Japan,culture,0.55,True,country.8820,Japan,138.59223,36.386493,1.0,country:1.00,matched,2026-04-27T16:46:48Z,jp
47364,Asian Art,1849,||||||||Japan||,Japan,culture,0.55,True,country.8820,Japan,138.59223,36.386493,1.0,country:1.00,matched,2026-04-27T16:46:48Z,jp
47367,Asian Art,1824,||||||||China||,China,culture,0.55,True,country.8753,People's Republic of China,101.901875,35.486703,1.0,country:1.00,matched,2026-04-27T16:46:34Z,cn
47370,Asian Art,1810,||||||||China||,China,culture,0.55,True,country.8753,People's Republic of China,101.901875,35.486703,1.0,country:1.00,matched,2026-04-27T16:46:34Z,cn
47373,Asian Art,1777,||||||||China||,China,culture,0.55,True,country.8753,People's Republic of China,101.901875,35.486703,1.0,country:1.00,matched,2026-04-27T16:46:34Z,cn
47375,Asian Art,1824,||||||||China||,China,culture,0.55,True,country.8753,People's Republic of China,101.901875,35.486703,1.0,country:1.00,matched,2026-04-27T16:46:34Z,cn
47380,Asian Art,1749,||||||||Japan||,Japan,culture,0.55,True,country.8820,Japan,138.59223,36.386493,1.0,country:1.00,matched,2026-04-27T16:46:48Z,jp
47382,Asian Art,1649,||||||||Japan||,Japan,culture,0.55,True,country.8820,Japan,138.59223,36.386493,1.0,country:1.00,matched,2026-04-27T16:46:48Z,jp
47384,Asian Art,1850,||||||||Japan||,Japan,culture,0.55,True,country.8820,Japan,138.59223,36.386493,1.0,country:1.00,matched,2026-04-27T16:46:48Z,jp
47385,Asian Art,1650,||||||||Japan||,Japan,culture,0.55,True,country.8820,Japan,138.59223,36.386493,1.0,country:1.00,matched,2026-04-27T16:46:48Z,jp
47388,Asian Art,1716,||||||||China||,China,culture,0.55,True,country.8753,People's Republic of China,101.901875,35.486703,1.0,country:1.00,matched,2026-04-27T16:46:34Z,cn
47389,Asian Art,1824,||||||||China||,China,culture,0.55,True,country.8753,People's Republic of China,101.901875,35.486703,1.0,country:1.00,matched,2026-04-27T16:46:34Z,cn
47391,Asian Art,1840,||||||||Japan||,Japan,culture,0.55,True,country.8820,Japan,138.59223,36.386493,1.0,country:1.00,matched,2026-04-27T16:46:48Z,jp
47394,Asian Art,1749,||||||||Japan||,Japan,culture,0.55,True,country.8820,Japan,138.59223,36.386493,1.0,country:1.00,matched,2026-04-27T16:46:48Z,jp
47395,Asian Art,1750,||||||||Japan||,Japan,culture,0.55,True,country.8820,Japan,138.59223,36.386493,1.0,country:1.00,matched,2026-04-27T16:46:48Z,jp
47398,Asian Art,1849,||||||||China||,China,culture,0.55,True,country.8753,People's Republic of China,101.901875,35.486703,1.0,country:1.00,matched,2026-04-27T16:46:34Z,cn
47401,Asian Art,1749,||||||||China||,China,culture,0.55,True,country.8753,People's Republic of China,101.901875,35.486703,1.0,country:1.00,matched,2026-04-27T16:46:34Z,cn
47402,Asian Art,1749,||||||||China||,China,culture,0.55,True,country.8753,People's Republic of China,101.901875,35.486703,1.0,country:1.00,matched,2026-04-27T16:46:34Z,cn
47404,Asian Art,1700,||||||||China||,China,culture,0.55,True,country.8753,People's Republic of China,101.901875,35.486703,1.0,country:1.00,matched,2026-04-27T16:46:34Z,cn
47407,Asian Art,1783,||||||||China||,China,culture,0.55,True,country.8753,People's Republic of China,101.901875,35.486703,1.0,country:1.00,matched,2026-04-27T16:46:34Z,cn
47409,Asian Art,1749,||||||||China||,China,culture,0.55,True,country.8753,People's Republic of China,101.901875,35.486703,1.0,country:1.00,matched,2026-04-27T16:46:34Z,cn
47412,Asian Art,1783,||||||||China||,China,culture,0.55,True,country.8753,People's Republic of China,101.901875,35.486703,1.0,country:1.00,matched,2026-04-27T16:46:34Z,cn
47414,Asian Art,1780,||||||||Japan||,Japan,culture,0.55,True,country.8820,Japan,138.59223,36.386493,1.0,country:1.00,matched,2026-04-27T16:46:48Z,jp
47420,Asian Art,1780,||||||||Japan||,Japan,culture,0.55,True,country.8820,Japan,138.59223,36.386493,1.0,country:1.00,matched,2026-04-27T16:46:48Z,jp
47427,Asian Art,1749,||||||||China||,China,culture,0.55,True,country.8753,People's Republic of China,101.901875,35.486703,1.0,country:1.00,matched,2026-04-27T16:46:34Z,cn
47429,Asian Art,1700,||||||||China||,China,culture,0.55,True,country.8753,People's Republic of China,101.901875,35.486703,1.0,country:1.00,matched,2026-04-27T16:46:34Z,cn
47432,Asian Art,1506,||||||||China||,China,culture,0.55,True,country.8753,People's Republic of China,101.901875,35.486703,1.0,country:1.00,matched,2026-04-27T16:46:34Z,cn
47433,Asian Art,1808,||||||||China||,China,culture,0.55,True,country.8753,People's Republic of China,101.901875,35.486703,1.0,country:1.00,matched,2026-04-27T16:46:34Z,cn
47434,Asian Art,1808,||||||||China||,China,culture,0.55,True,country.8753,People's Republic of China,101.901875,35.486703,1.0,country:1.00,matched,2026-04-27T16:46:34Z,cn
47435,Asian Art,1506,||||||||China||,China,culture,0.55,True,country.8753,People's Republic of China,101.901875,35.486703,1.0,country:1.00,matched,2026-04-27T16:46:34Z,cn
47438,Asian Art,1777,||||||||China||,China,culture,0.55,True,country.8753,People's Republic of China,101.901875,35.486703,1.0,country:1.00,matched,2026-04-27T16:46:34Z,cn
47439,Asian Art,1824,||||||||China||,China,culture,0.55,True,country.8753,People's Republic of China,101.901875,35.486703,1.0,country:1.00,matched,2026-04-27T16:46:34Z,cn
47440,Asian Art,1506,||||||||China||,China,culture,0.55,True,country.8753,People's Republic of China,101.901875,35.486703,1.0,country:1.00,matched,2026-04-27T16:46:34Z,cn
47441,Asian Art,1765,||||||||China||,China,culture,0.55,True,country.8753,People's Republic of China,101.901875,35.486703,1.0,country:1.00,matched,2026-04-27T16:46:34Z,cn
47443,Asian Art,1849,||||||||China||,China,culture,0.55,True,country.8753,People's Republic of China,101.901875,35.486703,1.0,country:1.00,matched,2026-04-27T16:46:34Z,cn
47447,Asian Art,1649,||||||||Japan||,Japan,culture,0.55,True,country.8820,Japan,138.59223,36.386493,1.0,country:1.00,matched,2026-04-27T16:46:48Z,jp
47448,Asian Art,1849,||||||||Japan||,Japan,culture,0.55,True,country.8820,Japan,138.59223,36.386493,1.0,country:1.00,matched,2026-04-27T16:46:48Z,jp
47449,Asian Art,1849,||||||||Japan||,Japan,culture,0.55,True,country.8820,Japan,138.59223,36.386493,1.0,country:1.00,matched,2026-04-27T16:46:48Z,jp
47453,Asian Art,1849,||||||||Japan||,Japan,culture,0.55,True,country.8820,Japan,138.59223,36.386493,1.0,country:1.00,matched,2026-04-27T16:46:48Z,jp
47455,Asian Art,1824,||||||||China||,China,culture,0.55,True,country.8753,People's Republic of China,101.901875,35.486703,1.0,country:1.00,matched,2026-04-27T16:46:34Z,cn
47470,Asian Art,1749,||||||||Japan||,Japan,culture,0.55,True,country.8820,Japan,138.59223,36.386493,1.0,country:1.00,matched,2026-04-27T16:46:48Z,jp
47472,Asian Art,1849,||||||||Japan||,Japan,culture,0.55,True,country.8820,Japan,138.59223,36.386493,1.0,country:1.00,matched,2026-04-27T16:46:48Z,jp
47473,Asian Art,1749,||||||||Japan||,Japan,culture,0.55,True,country.8820,Japan,138.59223,36.386493,1.0,country:1.00,matched,2026-04-27T16:46:48Z,jp
47481,Asian Art,1849,||||||||Japan||,Japan,culture,0.55,True,country.8820,Japan,138.59223,36.386493,1.0,country:1.00,matched,2026-04-27T16:46:48Z,jp
47482,Asian Art,1749,||||||||Japan||,Japan,culture,0.55,True,country.8820,Japan,138.59223,36.386493,1.0,country:1.00,matched,2026-04-27T16:46:48Z,jp
47483,Asian Art,1760,||||||||Japan||Japanese,Japan,culture,0.55,True,country.8820,Japan,138.59223,36.386493,1.0,country:1.00,matched,2026-04-27T16:46:48Z,jp
47490,Asian Art,1695,||||||||China||,China,culture,0.55,True,country.8753,People's Republic of China,101.901875,35.486703,1.0,country:1.00,matched,2026-04-27T16:46:34Z,cn
47495,Asian Art,1695,||||||||China||,China,culture,0.55,True,country.8753,People's Republic of China,101.901875,35.486703,1.0,country:1.00,matched,2026-04-27T16:46:34Z,cn
47497,Asian Art,1695,||||||||China||,China,culture,0.55,True,country.8753,People's Republic of China,101.901875,35.486703,1.0,country:1.00,matched,2026-04-27T16:46:34Z,cn
47501,Asian Art,1700,||||||||Japan||,Japan,culture,0.55,True,country.8820,Japan,138.59223,36.386493,1.0,country:1.00,matched,2026-04-27T16:46:48Z,jp
47505,Asian Art,1725,||||||||Japan||,Japan,culture,0.55,True,country.8820,Japan,138.59223,36.386493,1.0,country:1.00,matched,2026-04-27T16:46:48Z,jp
47506,Asian Art,1749,||||||||Japan||,Japan,culture,0.55,True,country.8820,Japan,138.59223,36.386493,1.0,country:1.00,matched,2026-04-27T16:46:48Z,jp
47510,Asian Art,1800,||||||||China||,China,culture,0.55,True,country.8753,People's Republic of China,101.901875,35.486703,1.0,country:1.00,matched,2026-04-27T16:46:34Z,cn
47527,Asian Art,1824,||||||||China||,China,culture,0.55,True,country.8753,People's Republic of China,101.901875,35.486703,1.0,country:1.00,matched,2026-04-27T16:46:34Z,cn
47530,Asian Art,1777,||||||||China||,China,culture,0.55,True,country.8753,People's Republic of China,101.901875,35.486703,1.0,country:1.00,matched,2026-04-27T16:46:34Z,cn
47531,Asian Art,1692,||||||||China||,China,culture,0.55,True,country.8753,People's Republic of China,101.901875,35.486703,1.0,country:1.00,matched,2026-04-27T16:46:34Z,cn
47534,Asian Art,1692,||||||||China||,China,culture,0.55,True,country.8753,People's Republic of China,101.901875,35.486703,1.0,country:1.00,matched,2026-04-27T16:46:34Z,cn
47536,Asian Art,1849,||||||||Japan||,Japan,culture,0.55,True,country.8820,Japan,138.59223,36.386493,1.0,country:1.00,matched,2026-04-27T16:46:48Z,jp
47540,Asian Art,1849,||||||||Japan||,Japan,culture,0.55,True,country.8820,Japan,138.59223,36.386493,1.0,country:1.00,matched,2026-04-27T16:46:48Z,jp
47556,Asian Art,1824,||||||||China||,China,culture,0.55,True,country.8753,People's Republic of China,101.901875,35.486703,1.0,country:1.00,matched,2026-04-27T16:46:34Z,cn
47558,Asian Art,1777,||||||||China||,China,culture,0.55,True,country.8753,People's Republic of China,101.901875,35.486703,1.0,country:1.00,matched,2026-04-27T16:46:34Z,cn
47565,Asian Art,1749,||||||||Japan||,Japan,culture,0.55,True,country.8820,Japan,138.59223,36.386493,1.0,country:1.00,matched,2026-04-27T16:46:48Z,jp
47566,Asian Art,1749,||||||||Japan||,Japan,culture,0.55,True,country.8820,Japan,138.59223,36.386493,1.0,country:1.00,matched,2026-04-27T16:46:48Z,jp
47568,Asian Art,1800,||||||||Japan||,Japan,culture,0.55,True,country.8820,Japan,138.59223,36.386493,1.0,country:1.00,matched,2026-04-27T16:46:48Z,jp
47573,Asian Art,1711,||||||||China||,China,culture,0.55,True,country.8753,People's Republic of China,101.901875,35.486703,1.0,country:1.00,matched,2026-04-27T16:46:34Z,cn
47574,Asian Art,1711,||||||||China||,China,culture,0.55,True,country.8753,People's Republic of China,101.901875,35.486703,1.0,country:1.00,matched,2026-04-27T16:46:34Z,cn
47575,Asian Art,1711,||||||||China||,China,culture,0.55,True,country.8753,People's Republic of China,101.901875,35.486703,1.0,country:1.00,matched,2026-04-27T16:46:34Z,cn
47577,Asian Art,1711,||||||||China||,China,culture,0.55,True,country.8753,People's Republic of China,101.901875,35.486703,1.0,country:1.00,matched,2026-04-27T16:46:34Z,cn
47582,Asian Art,1544,||||||||China||,China,culture,0.55,True,country.8753,People's Republic of China,101.901875,35.486703,1.0,country:1.00,matched,2026-04-27T16:46:34Z,cn
47587,Asian Art,1695,||||||||China||,China,culture,0.55,True,country.8753,People's Republic of China,101.901875,35.486703,1.0,country:1.00,matched,2026-04-27T16:46:34Z,cn
47589,Asian Art,1783,||||||||China||,China,culture,0.55,True,country.8753,People's Republic of China,101.901875,35.486703,1.0,country:1.00,matched,2026-04-27T16:46:34Z,cn
47591,Asian Art,1749,||||||||Japan||,Japan,culture,0.55,True,country.8820,Japan,138.59223,36.386493,1.0,country:1.00,matched,2026-04-27T16:46:48Z,jp
47599,Asian Art,1650,||||||||Japan||,Japan,culture,0.55,True,country.8820,Japan,138.59223,36.386493,1.0,country:1.00,matched,2026-04-27T16:46:48Z,jp
47600,Asian Art,1749,||||||||China||,China,culture,0.55,True,country.8753,People's Republic of China,101.901875,35.486703,1.0,country:1.00,matched,2026-04-27T16:46:34Z,cn
47603,Asian Art,1849,||||||||Japan||,Japan,culture,0.55,True,country.8820,Japan,138.59223,36.386493,1.0,country:1.00,matched,2026-04-27T16:46:48Z,jp
47609,Asian Art,1695,||||||||China||,China,culture,0.55,True,country.8753,People's Republic of China,101.901875,35.486703,1.0,country:1.00,matched,2026-04-27T16:46:34Z,cn
47615,Asian Art,1835,||||||||Japan||Japanese,Japan,culture,0.55,True,country.8820,Japan,138.59223,36.386493,1.0,country:1.00,matched,2026-04-27T16:46:48Z,jp
47616,Asian Art,1749,||||||||Japan||,Japan,culture,0.55,True,country.8820,Japan,138.59223,36.386493,1.0,country:1.00,matched,2026-04-27T16:46:48Z,jp
47619,Asian Art,1750,||||||||Japan||,Japan,culture,0.55,True,country.8820,Japan,138.59223,36.386493,1.0,country:1.00,matched,2026-04-27T16:46:48Z,jp
47620,Asian Art,1765,||||||||China||,China,culture,0.55,True,country.8753,People's Republic of China,101.901875,35.486703,1.0,country:1.00,matched,2026-04-27T16:46:34Z,cn
47621,Asian Art,1692,||||||||China||,China,culture,0.55,True,country.8753,People's Republic of China,101.901875,35.486703,1.0,country:1.00,matched,2026-04-27T16:46:34Z,cn
47622,Asian Art,1749,||||||||China||,China,culture,0.55,True,country.8753,People's Republic of China,101.901875,35.486703,1.0,country:1.00,matched,2026-04-27T16:46:34Z,cn
47623,Asian Art,1749,||||||||Japan||,Japan,culture,0.55,True,country.8820,Japan,138.59223,36.386493,1.0,country:1.00,matched,2026-04-27T16:46:48Z,jp
47624,Asian Art,1849,||||||||Japan||,Japan,culture,0.55,True,country.8820,Japan,138.59223,36.386493,1.0,country:1.00,matched,2026-04-27T16:46:48Z,jp
47625,Asian Art,1849,||||||||Japan||,Japan,culture,0.55,True,country.8820,Japan,138.59223,36.386493,1.0,country:1.00,matched,2026-04-27T16:46:48Z,jp
47626,Asian Art,1750,||||||||China||,China,culture,0.55,True,country.8753,People's Republic of China,101.901875,35.486703,1.0,country:1.00,matched,2026-04-27T16:46:34Z,cn
47633,Asian Art,1729,||||||||China||,China,culture,0.55,True,country.8753,People's Republic of China,101.901875,35.486703,1.0,country:1.00,matched,2026-04-27T16:46:34Z,cn
47634,Asian Art,1749,||||||||Japan||,Japan,culture,0.55,True,country.8820,Japan,138.59223,36.386493,1.0,country:1.00,matched,2026-04-27T16:46:48Z,jp
47635,Asian Art,1749,||||||||Japan||,Japan,culture,0.55,True,country.8820,Japan,138.59223,36.386493,1.0,country:1.00,matched,2026-04-27T16:46:48Z,jp
47637,Asian Art,1840,||||||||Japan||,Japan,culture,0.55,True,country.8820,Japan,138.59223,36.386493,1.0,country:1.00,matched,2026-04-27T16:46:48Z,jp
47638,Asian Art,1692,||||||||China||,China,culture,0.55,True,country.8753,People's Republic of China,101.901875,35.486703,1.0,country:1.00,matched,2026-04-27T16:46:34Z,cn
47640,Asian Art,1749,||||||||Japan||,Japan,culture,0.55,True,country.8820,Japan,138.59223,36.386493,1.0,country:1.00,matched,2026-04-27T16:46:48Z,jp
47641,Asian Art,1849,||||||||Japan||,Japan,culture,0.55,True,country.8820,Japan,138.59223,36.386493,1.0,country:1.00,matched,2026-04-27T16:46:48Z,jp
47642,Asian Art,1749,||||||||China||,China,culture,0.55,True,country.8753,People's Republic of China,101.901875,35.486703,1.0,country:1.00,matched,2026-04-27T16:46:34Z,cn
47644,Asian Art,1799,||||||||Japan||,Japan,culture,0.55,True,country.8820,Japan,138.59223,36.386493,1.0,country:1.00,matched,2026-04-27T16:46:48Z,jp
47647,Asian Art,1783,||||||||China||,China,culture,0.55,True,country.8753,People's Republic of China,101.901875,35.486703,1.0,country:1.00,matched,2026-04-27T16:46:34Z,cn
47648,Asian Art,1596,||||||||China||,China,culture,0.55,True,country.8753,People's Republic of China,101.901875,35.486703,1.0,country:1.00,matched,2026-04-27T16:46:34Z,cn
47649,Asian Art,1549,||||||||China||,China,culture,0.55,True,country.8753,People's Republic of China,101.901875,35.486703,1.0,country:1.00,matched,2026-04-27T16:46:34Z,cn
47656,Asian Art,1700,||||||||China||,China,culture,0.55,True,country.8753,People's Republic of China,101.901875,35.486703,1.0,country:1.00,matched,2026-04-27T16:46:34Z,cn
47657,Asian Art,1849,||||||||China||,China,culture,0.55,True,country.8753,People's Republic of China,101.901875,35.486703,1.0,country:1.00,matched,2026-04-27T16:46:34Z,cn
47659,Asian Art,1711,||||||||China||,China,culture,0.55,True,country.8753,People's Republic of China,101.901875,35.486703,1.0,country:1.00,matched,2026-04-27T16:46:34Z,cn
47660,Asian Art,1711,||||||||China||,China,culture,0.55,True,country.8753,People's Republic of China,101.901875,35.486703,1.0,country:1.00,matched,2026-04-27T16:46:34Z,cn
47665,Asian Art,1850,||||||||Japan||,Japan,culture,0.55,True,country.8820,Japan,138.59223,36.386493,1.0,country:1.00,matched,2026-04-27T16:46:48Z,jp
47676,Asian Art,1649,||||||||Japan||,Japan,culture,0.55,True,country.8820,Japan,138.59223,36.386493,1.0,country:1.00,matched,2026-04-27T16:46:48Z,jp
47677,Asian Art,1700,||||||||Japan||,Japan,culture,0.55,True,country.8820,Japan,138.59223,36.386493,1.0,country:1.00,matched,2026-04-27T16:46:48Z,jp
47678,Asian Art,1849,||||||||Japan||,Japan,culture,0.55,True,country.8820,Japan,138.59223,36.386493,1.0,country:1.00,matched,2026-04-27T16:46:48Z,jp
47679,Asian Art,1749,||||||||Japan||,Japan,culture,0.55,True,country.8820,Japan,138.59223,36.386493,1.0,country:1.00,matched,2026-04-27T16:46:48Z,jp
47680,Asian Art,1749,||||||||Japan||,Japan,culture,0.55,True,country.8820,Japan,138.59223,36.386493,1.0,country:1.00,matched,2026-04-27T16:46:48Z,jp
47681,Asian Art,1749,||||||||Japan||,Japan,culture,0.55,True,country.8820,Japan,138.59223,36.386493,1.0,country:1.00,matched,2026-04-27T16:46:48Z,jp
47682,Asian Art,1849,||||||||Japan||,Japan,culture,0.55,True,country.8820,Japan,138.59223,36.386493,1.0,country:1.00,matched,2026-04-27T16:46:48Z,jp
47686,Asian Art,1765,||||||||China||,China,culture,0.55,True,country.8753,People's Republic of China,101.901875,35.486703,1.0,country:1.00,matched,2026-04-27T16:46:34Z,cn
47687,Asian Art,1700,||||||||China||,China,culture,0.55,True,country.8753,People's Republic of China,101.901875,35.486703,1.0,country:1.00,matched,2026-04-27T16:46:34Z,cn
47688,Asian Art,1700,||||||||China||,China,culture,0.55,True,country.8753,People's Republic of China,101.901875,35.486703,1.0,country:1.00,matched,2026-04-27T16:46:34Z,cn
47691,Asian Art,1765,||||||||China||,China,culture,0.55,True,country.8753,People's Republic of China,101.901875,35.486703,1.0,country:1.00,matched,2026-04-27T16:46:34Z,cn
47693,Asian Art,1849,||||||||Japan||,Japan,culture,0.55,True,country.8820,Japan,138.59223,36.386493,1.0,country:1.00,matched,2026-04-27T16:46:48Z,jp
47695,Asian Art,1850,||||||||Japan||,Japan,culture,0.55,True,country.8820,Japan,138.59223,36.386493,1.0,country:1.00,matched,2026-04-27T16:46:48Z,jp
47696,Asian Art,1849,||||||||Japan||,Japan,culture,0.55,True,country.8820,Japan,138.59223,36.386493,1.0,country:1.00,matched,2026-04-27T16:46:48Z,jp
47720,Asian Art,1749,||||||||Japan||,Japan,culture,0.55,True,country.8820,Japan,138.59223,36.386493,1.0,country:1.00,matched,2026-04-27T16:46:48Z,jp
47722,Asian Art,1700,||||||||Japan||,Japan,culture,0.55,True,country.8820,Japan,138.59223,36.386493,1.0,country:1.00,matched,2026-04-27T16:46:48Z,jp
47723,Asian Art,1749,||||||||China||,China,culture,0.55,True,country.8753,People's Republic of China,101.901875,35.486703,1.0,country:1.00,matched,2026-04-27T16:46:34Z,cn
47724,Asian Art,1849,||||||||China||,China,culture,0.55,True,country.8753,People's Republic of China,101.901875,35.486703,1.0,country:1.00,matched,2026-04-27T16:46:34Z,cn
47725,Asian Art,1749,||||||||Japan||,Japan,culture,0.55,True,country.8820,Japan,138.59223,36.386493,1.0,country:1.00,matched,2026-04-27T16:46:48Z,jp
47754,Asian Art,1849,||||||||China||,China,culture,0.55,True,country.8753,People's Republic of China,101.901875,35.486703,1.0,country:1.00,matched,2026-04-27T16:46:34Z,cn
47755,Asian Art,1816,||||||||Japan||,Japan,culture,0.55,True,country.8820,Japan,138.59223,36.386493,1.0,country:1.00,matched,2026-04-27T16:46:48Z,jp
47757,Asian Art,1749,||||||||Japan||,Japan,culture,0.55,True,country.8820,Japan,138.59223,36.386493,1.0,country:1.00,matched,2026-04-27T16:46:48Z,jp
47758,Asian Art,1849,||||||||Japan||,Japan,culture,0.55,True,country.8820,Japan,138.59223,36.386493,1.0,country:1.00,matched,2026-04-27T16:46:48Z,jp
47759,Asian Art,1749,||||||||Japan||,Japan,culture,0.55,True,country.8820,Japan,138.59223,36.386493,1.0,country:1.00,matched,2026-04-27T16:46:48Z,jp
47762,Asian Art,1849,||||||||China||,China,culture,0.55,True,country.8753,People's Republic of China,101.901875,35.486703,1.0,country:1.00,matched,2026-04-27T16:46:34Z,cn
47770,Asian Art,1849,||||||||China||,China,culture,0.55,True,country.8753,People's Republic of China,101.901875,35.486703,1.0,country:1.00,matched,2026-04-27T16:46:34Z,cn
47780,Asian Art,1695,||||||||China||,China,culture,0.55,True,country.8753,People's Republic of China,101.901875,35.486703,1.0,country:1.00,matched,2026-04-27T16:46:34Z,cn
47783,Asian Art,1765,||||||||China||,China,culture,0.55,True,country.8753,People's Republic of China,101.901875,35.486703,1.0,country:1.00,matched,2026-04-27T16:46:34Z,cn
47784,Asian Art,1840,||||||||Japan||,Japan,culture,0.55,True,country.8820,Japan,138.59223,36.386493,1.0,country:1.00,matched,2026-04-27T16:46:48Z,jp
47785,Asian Art,1825,||||||||Japan||,Japan,culture,0.55,True,country.8820,Japan,138.59223,36.386493,1.0,country:1.00,matched,2026-04-27T16:46:48Z,jp
47786,Asian Art,1749,||||||||Japan||,Japan,culture,0.55,True,country.8820,Japan,138.59223,36.386493,1.0,country:1.00,matched,2026-04-27T16:46:48Z,jp
47787,Asian Art,1849,||||||||Japan||,Japan,culture,0.55,True,country.8820,Japan,138.59223,36.386493,1.0,country:1.00,matched,2026-04-27T16:46:48Z,jp
47788,Asian Art,1749,||||||||Japan||,Japan,culture,0.55,True,country.8820,Japan,138.59223,36.386493,1.0,country:1.00,matched,2026-04-27T16:46:48Z,jp
47792,Asian Art,1671,||||||||China||,China,culture,0.55,True,country.8753,People's Republic of China,101.901875,35.486703,1.0,country:1.00,matched,2026-04-27T16:46:34Z,cn
47803,Asian Art,1849,||||||||Japan||,Japan,culture,0.55,True,country.8820,Japan,138.59223,36.386493,1.0,country:1.00,matched,2026-04-27T16:46:48Z,jp
47804,Asian Art,1749,||||||||China||,China,culture,0.55,True,country.8753,People's Republic of China,101.901875,35.486703,1.0,country:1.00,matched,2026-04-27T16:46:34Z,cn
47805,Asian Art,1649,||||||||Japan||,Japan,culture,0.55,True,country.8820,Japan,138.59223,36.386493,1.0,country:1.00,matched,2026-04-27T16:46:48Z,jp
47806,Asian Art,1749,||||||||Japan||,Japan,culture,0.55,True,country.8820,Japan,138.59223,36.386493,1.0,country:1.00,matched,2026-04-27T16:46:48Z,jp
47807,Asian Art,1700,||||||||Japan||,Japan,culture,0.55,True,country.8820,Japan,138.59223,36.386493,1.0,country:1.00,matched,2026-04-27T16:46:48Z,jp
47808,Asian Art,1849,||||||||Japan||Japanese,Japan,culture,0.55,True,country.8820,Japan,138.59223,36.386493,1.0,country:1.00,matched,2026-04-27T16:46:48Z,jp
47809,Asian Art,1749,||||||||Japan||,Japan,culture,0.55,True,country.8820,Japan,138.59223,36.386493,1.0,country:1.00,matched,2026-04-27T16:46:48Z,jp
47810,Asian Art,1849,||||||||Japan||,Japan,culture,0.55,True,country.8820,Japan,138.59223,36.386493,1.0,country:1.00,matched,2026-04-27T16:46:48Z,jp
47811,Asian Art,1749,||||||||Japan||,Japan,culture,0.55,True,country.8820,Japan,138.59223,36.386493,1.0,country:1.00,matched,2026-04-27T16:46:48Z,jp
47813,Asian Art,1749,||||||||Japan||,Japan,culture,0.55,True,country.8820,Japan,138.59223,36.386493,1.0,country:1.00,matched,2026-04-27T16:46:48Z,jp
47820,Asian Art,1749,||||||||Japan||,Japan,culture,0.55,True,country.8820,Japan,138.59223,36.386493,1.0,country:1.00,matched,2026-04-27T16:46:48Z,jp
47821,Asian Art,1749,||||||||Japan||,Japan,culture,0.55,True,country.8820,Japan,138.59223,36.386493,1.0,country:1.00,matched,2026-04-27T16:46:48Z,jp
47822,Asian Art,1849,||||||||Japan||,Japan,culture,0.55,True,country.8820,Japan,138.59223,36.386493,1.0,country:1.00,matched,2026-04-27T16:46:48Z,jp
47828,Asian Art,1749,||||||||China||,China,culture,0.55,True,country.8753,People's Republic of China,101.901875,35.486703,1.0,country:1.00,matched,2026-04-27T16:46:34Z,cn
47845,Asian Art,1649,||||||||Japan||,Japan,culture,0.55,True,country.8820,Japan,138.59223,36.386493,1.0,country:1.00,matched,2026-04-27T16:46:48Z,jp
47846,Asian Art,1816,||||||||Japan||,Japan,culture,0.55,True,country.8820,Japan,138.59223,36.386493,1.0,country:1.00,matched,2026-04-27T16:46:48Z,jp
47850,Asian Art,1849,||||||||Japan||,Japan,culture,0.55,True,country.8820,Japan,138.59223,36.386493,1.0,country:1.00,matched,2026-04-27T16:46:48Z,jp
47853,Asian Art,1849,||||||||Japan||,Japan,culture,0.55,True,country.8820,Japan,138.59223,36.386493,1.0,country:1.00,matched,2026-04-27T16:46:48Z,jp
47854,Asian Art,1800,||||||||Japan||,Japan,culture,0.55,True,country.8820,Japan,138.59223,36.386493,1.0,country:1.00,matched,2026-04-27T16:46:48Z,jp
47857,Asian Art,1692,||||||||China||,China,culture,0.55,True,country.8753,People's Republic of China,101.901875,35.486703,1.0,country:1.00,matched,2026-04-27T16:46:34Z,cn
47858,Asian Art,1820,||||||||Japan||,Japan,culture,0.55,True,country.8820,Japan,138.59223,36.386493,1.0,country:1.00,matched,2026-04-27T16:46:48Z,jp
47866,Asian Art,1717,||||||||China||,China,culture,0.55,True,country.8753,People's Republic of China,101.901875,35.486703,1.0,country:1.00,matched,2026-04-27T16:46:34Z,cn
47869,Asian Art,1850,||||||||Japan||,Japan,culture,0.55,True,country.8820,Japan,138.59223,36.386493,1.0,country:1.00,matched,2026-04-27T16:46:48Z,jp
47870,Asian Art,1780,||||||||Japan||,Japan,culture,0.55,True,country.8820,Japan,138.59223,36.386493,1.0,country:1.00,matched,2026-04-27T16:46:48Z,jp
47872,Asian Art,1777,||||||||China||,China,culture,0.55,True,country.8753,People's Republic of China,101.901875,35.486703,1.0,country:1.00,matched,2026-04-27T16:46:34Z,cn
47873,Asian Art,1765,||||||||China||,China,culture,0.55,True,country.8753,People's Republic of China,101.901875,35.486703,1.0,country:1.00,matched,2026-04-27T16:46:34Z,cn
47883,Asian Art,1765,||||||||China||,China,culture,0.55,True,country.8753,People's Republic of China,101.901875,35.486703,1.0,country:1.00,matched,2026-04-27T16:46:34Z,cn
47888,Asian Art,1824,||||||||China||,China,culture,0.55,True,country.8753,People's Republic of China,101.901875,35.486703,1.0,country:1.00,matched,2026-04-27T16:46:34Z,cn
47890,Asian Art,1700,||||||||China||,China,culture,0.55,True,country.8753,People's Republic of China,101.901875,35.486703,1.0,country:1.00,matched,2026-04-27T16:46:34Z,cn
47892,Asian Art,1765,||||||||China||,China,culture,0.55,True,country.8753,People's Republic of China,101.901875,35.486703,1.0,country:1.00,matched,2026-04-27T16:46:34Z,cn
47896,Asian Art,1650,||||||||China||,China,culture,0.55,True,country.8753,People's Republic of China,101.901875,35.486703,1.0,country:1.00,matched,2026-04-27T16:46:34Z,cn
47897,Asian Art,1650,||||||||China||,China,culture,0.55,True,country.8753,People's Republic of China,101.901875,35.486703,1.0,country:1.00,matched,2026-04-27T16:46:34Z,cn
47908,Asian Art,1711,||||||||China||,China,culture,0.55,True,country.8753,People's Republic of China,101.901875,35.486703,1.0,country:1.00,matched,2026-04-27T16:46:34Z,cn
47911,Asian Art,1816,||||||||China||,China,culture,0.55,True,country.8753,People's Republic of China,101.901875,35.486703,1.0,country:1.00,matched,2026-04-27T16:46:34Z,cn
47914,Asian Art,1849,||||||||China||,China,culture,0.55,True,country.8753,People's Republic of China,101.901875,35.486703,1.0,country:1.00,matched,2026-04-27T16:46:34Z,cn
47915,Asian Art,1820,||||||||Japan||,Japan,culture,0.55,True,country.8820,Japan,138.59223,36.386493,1.0,country:1.00,matched,2026-04-27T16:46:48Z,jp
47920,Asian Art,1695,||||||||China||,China,culture,0.55,True,country.8753,People's Republic of China,101.901875,35.486703,1.0,country:1.00,matched,2026-04-27T16:46:34Z,cn
47921,Asian Art,1749,||||||||Japan||,Japan,culture,0.55,True,country.8820,Japan,138.59223,36.386493,1.0,country:1.00,matched,2026-04-27T16:46:48Z,jp
47922,Asian Art,1816,||||||||Japan||Japanese,Japan,culture,0.55,True,country.8820,Japan,138.59223,36.386493,1.0,country:1.00,matched,2026-04-27T16:46:48Z,jp
47923,Asian Art,1783,||||||||Japan||,Japan,culture,0.55,True,country.8820,Japan,138.59223,36.386493,1.0,country:1.00,matched,2026-04-27T16:46:48Z,jp
47927,Asian Art,1749,||||||||China||,China,culture,0.55,True,country.8753,People's Republic of China,101.901875,35.486703,1.0,country:1.00,matched,2026-04-27T16:46:34Z,cn
47929,Asian Art,1850,||||||||Japan||,Japan,culture,0.55,True,country.8820,Japan,138.59223,36.386493,1.0,country:1.00,matched,2026-04-27T16:46:48Z,jp
47935,Asian Art,1849,||||||||China||,China,culture,0.55,True,country.8753,People's Republic of China,101.901875,35.486703,1.0,country:1.00,matched,2026-04-27T16:46:34Z,cn
47938,Asian Art,1749,||||||||China||,China,culture,0.55,True,country.8753,People's Republic of China,101.901875,35.486703,1.0,country:1.00,matched,2026-04-27T16:46:34Z,cn
47939,Asian Art,1500,||||||||Japan||,Japan,culture,0.55,True,country.8820,Japan,138.59223,36.386493,1.0,country:1.00,matched,2026-04-27T16:46:48Z,jp
47941,Asian Art,1849,||||||||Japan||,Japan,culture,0.55,True,country.8820,Japan,138.59223,36.386493,1.0,country:1.00,matched,2026-04-27T16:46:48Z,jp
47942,Asian Art,1749,||||||||Japan||,Japan,culture,0.55,True,country.8820,Japan,138.59223,36.386493,1.0,country:1.00,matched,2026-04-27T16:46:48Z,jp
47944,Asian Art,1816,||||||||Japan||,Japan,culture,0.55,True,country.8820,Japan,138.59223,36.386493,1.0,country:1.00,matched,2026-04-27T16:46:48Z,jp
47945,Asian Art,1849,||||||||China||,China,culture,0.55,True,country.8753,People's Republic of China,101.901875,35.486703,1.0,country:1.00,matched,2026-04-27T16:46:34Z,cn
47946,Asian Art,1849,||||||||China||,China,culture,0.55,True,country.8753,People's Republic of China,101.901875,35.486703,1.0,country:1.00,matched,2026-04-27T16:46:34Z,cn
47947,Asian Art,1349,||||||||Japan||,Japan,culture,0.55,True,country.8820,Japan,138.59223,36.386493,1.0,country:1.00,matched,2026-04-27T16:46:48Z,jp
47948,Asian Art,1875,||||||||Japan||,Japan,culture,0.55,True,country.8820,Japan,138.59223,36.386493,1.0,country:1.00,matched,2026-04-27T16:46:48Z,jp
47949,Asian Art,1849,||||||||Japan||,Japan,culture,0.55,True,country.8820,Japan,138.59223,36.386493,1.0,country:1.00,matched,2026-04-27T16:46:48Z,jp
47950,Asian Art,1849,||||||||Japan||,Japan,culture,0.55,True,country.8820,Japan,138.59223,36.386493,1.0,country:1.00,matched,2026-04-27T16:46:48Z,jp
47951,Asian Art,1849,||||||||Japan||,Japan,culture,0.55,True,country.8820,Japan,138.59223,36.386493,1.0,country:1.00,matched,2026-04-27T16:46:48Z,jp
47953,Asian Art,1749,||||||||Japan||,Japan,culture,0.55,True,country.8820,Japan,138.59223,36.386493,1.0,country:1.00,matched,2026-04-27T16:46:48Z,jp
47958,Asian Art,1849,||||||||Japan||Japanese,Japan,culture,0.55,True,country.8820,Japan,138.59223,36.386493,1.0,country:1.00,matched,2026-04-27T16:46:48Z,jp
47959,Asian Art,1820,||||||||Japan||,Japan,culture,0.55,True,country.8820,Japan,138.59223,36.386493,1.0,country:1.00,matched,2026-04-27T16:46:48Z,jp
47970,Asian Art,1849,||||||||Japan||Japanese,Japan,culture,0.55,True,country.8820,Japan,138.59223,36.386493,1.0,country:1.00,matched,2026-04-27T16:46:48Z,jp
47972,Asian Art,1840,||||||||Japan||,Japan,culture,0.55,True,country.8820,Japan,138.59223,36.386493,1.0,country:1.00,matched,2026-04-27T16:46:48Z,jp
47973,Asian Art,1860,||||||||Japan||,Japan,culture,0.55,True,country.8820,Japan,138.59223,36.386493,1.0,country:1.00,matched,2026-04-27T16:46:48Z,jp
47977,Asian Art,1816,||||||||Japan||,Japan,culture,0.55,True,country.8820,Japan,138.59223,36.386493,1.0,country:1.00,matched,2026-04-27T16:46:48Z,jp
47982,Asian Art,1849,||||||||Japan||Japanese,Japan,culture,0.55,True,country.8820,Japan,138.59223,36.386493,1.0,country:1.00,matched,2026-04-27T16:46:48Z,jp
47983,Asian Art,1849,||||||||Japan||Japanese,Japan,culture,0.55,True,country.8820,Japan,138.59223,36.386493,1.0,country:1.00,matched,2026-04-27T16:46:48Z,jp
47985,Asian Art,1591,||||||||Japan||,Japan,culture,0.55,True,country.8820,Japan,138.59223,36.386493,1.0,country:1.00,matched,2026-04-27T16:46:48Z,jp
47988,Asian Art,1749,||||||||China||,China,culture,0.55,True,country.8753,People's Republic of China,101.901875,35.486703,1.0,country:1.00,matched,2026-04-27T16:46:34Z,cn
47989,Asian Art,1849,||||||||China||,China,culture,0.55,True,country.8753,People's Republic of China,101.901875,35.486703,1.0,country:1.00,matched,2026-04-27T16:46:34Z,cn
47990,Asian Art,1749,||||||||Japan||,Japan,culture,0.55,True,country.8820,Japan,138.59223,36.386493,1.0,country:1.00,matched,2026-04-27T16:46:48Z,jp
48012,Asian Art,1749,||||||||Japan||,Japan,culture,0.55,True,country.8820,Japan,138.59223,36.386493,1.0,country:1.00,matched,2026-04-27T16:46:48Z,jp
48013,Asian Art,1849,||||||||Japan||,Japan,culture,0.55,True,country.8820,Japan,138.59223,36.386493,1.0,country:1.00,matched,2026-04-27T16:46:48Z,jp
48015,Asian Art,1849,||||||||Japan||Japanese,Japan,culture,0.55,True,country.8820,Japan,138.59223,36.386493,1.0,country:1.00,matched,2026-04-27T16:46:48Z,jp
48017,Asian Art,1749,||||||||Japan||,Japan,culture,0.55,True,country.8820,Japan,138.59223,36.386493,1.0,country:1.00,matched,2026-04-27T16:46:48Z,jp
48027,Asian Art,1506,||||||||China||,China,culture,0.55,True,country.8753,People's Republic of China,101.901875,35.486703,1.0,country:1.00,matched,2026-04-27T16:46:34Z,cn
48051,Asian Art,1549,||||||||China||,China,culture,0.55,True,country.8753,People's Republic of China,101.901875,35.486703,1.0,country:1.00,matched,2026-04-27T16:46:34Z,cn
48052,Asian Art,1695,||||||||China||,China,culture,0.55,True,country.8753,People's Republic of China,101.901875,35.486703,1.0,country:1.00,matched,2026-04-27T16:46:34Z,cn
48058,Asian Art,1700,||||||||China||,China,culture,0.55,True,country.8753,People's Republic of China,101.901875,35.486703,1.0,country:1.00,matched,2026-04-27T16:46:34Z,cn
48084,Asian Art,1765,||||||||China||,China,culture,0.55,True,country.8753,People's Republic of China,101.901875,35.486703,1.0,country:1.00,matched,2026-04-27T16:46:34Z,cn
48085,Asian Art,1600,||||||||China||,China,culture,0.55,True,country.8753,People's Republic of China,101.901875,35.486703,1.0,country:1.00,matched,2026-04-27T16:46:34Z,cn
48086,Asian Art,1692,||||||||China||,China,culture,0.55,True,country.8753,People's Republic of China,101.901875,35.486703,1.0,country:1.00,matched,2026-04-27T16:46:34Z,cn
48088,Asian Art,1700,||||||||China||,China,culture,0.55,True,country.8753,People's Republic of China,101.901875,35.486703,1.0,country:1.00,matched,2026-04-27T16:46:34Z,cn
48096,Asian Art,1849,||||||||Japan||,Japan,culture,0.55,True,country.8820,Japan,138.59223,36.386493,1.0,country:1.00,matched,2026-04-27T16:46:48Z,jp
48099,Asian Art,1820,||||||||Japan||,Japan,culture,0.55,True,country.8820,Japan,138.59223,36.386493,1.0,country:1.00,matched,2026-04-27T16:46:48Z,jp
48124,Asian Art,762,||||||||China||,China,culture,0.55,True,country.8753,People's Republic of China,101.901875,35.486703,1.0,country:1.00,matched,2026-04-27T16:46:34Z,cn
48126,Asian Art,1600,||||||||China||,China,culture,0.55,True,country.8753,People's Republic of China,101.901875,35.486703,1.0,country:1.00,matched,2026-04-27T16:46:34Z,cn
48128,Asian Art,1700,||||||||China||,China,culture,0.55,True,country.8753,People's Republic of China,101.901875,35.486703,1.0,country:1.00,matched,2026-04-27T16:46:34Z,cn
48129,Asian Art,1695,||||||||China||,China,culture,0.55,True,country.8753,People's Republic of China,101.901875,35.486703,1.0,country:1.00,matched,2026-04-27T16:46:34Z,cn
48148,Asian Art,1155,||||||||Korea||,Korea,culture,0.55,True,country.8828,South Korea,128.168944,36.536236,1.0,country:1.00,matched,2026-04-27T16:46:49Z,kr
48156,Asian Art,1319,||||||||China||,China,culture,0.55,True,country.8753,People's Republic of China,101.901875,35.486703,1.0,country:1.00,matched,2026-04-27T16:46:34Z,cn
48172,Asian Art,1549,||||||||China||,China,culture,0.55,True,country.8753,People's Republic of China,101.901875,35.486703,1.0,country:1.00,matched,2026-04-27T16:46:34Z,cn
48173,Asian Art,1783,||||||||China||,China,culture,0.55,True,country.8753,People's Republic of China,101.901875,35.486703,1.0,country:1.00,matched,2026-04-27T16:46:34Z,cn
48174,Asian Art,1765,||||||||China||,China,culture,0.55,True,country.8753,People's Republic of China,101.901875,35.486703,1.0,country:1.00,matched,2026-04-27T16:46:34Z,cn
48175,Asian Art,1700,||||||||China||,China,culture,0.55,True,country.8753,People's Republic of China,101.901875,35.486703,1.0,country:1.00,matched,2026-04-27T16:46:34Z,cn
48187,Asian Art,749,||||||||China||,China,culture,0.55,True,country.8753,People's Republic of China,101.901875,35.486703,1.0,country:1.00,matched,2026-04-27T16:46:34Z,cn
48189,Asian Art,849,||||||||China||,China,culture,0.55,True,country.8753,People's Republic of China,101.901875,35.486703,1.0,country:1.00,matched,2026-04-27T16:46:34Z,cn
48202,Asian Art,1700,||||||||China||,China,culture,0.55,True,country.8753,People's Republic of China,101.901875,35.486703,1.0,country:1.00,matched,2026-04-27T16:46:34Z,cn
48203,Asian Art,1700,||||||||China||,China,culture,0.55,True,country.8753,People's Republic of China,101.901875,35.486703,1.0,country:1.00,matched,2026-04-27T16:46:34Z,cn
48204,Asian Art,1174,||||||||China||,China,culture,0.55,True,country.8753,People's Republic of China,101.901875,35.486703,1.0,country:1.00,matched,2026-04-27T16:46:34Z,cn
48211,Asian Art,7,||||||||China||,China,culture,0.55,True,country.8753,People's Republic of China,101.901875,35.486703,1.0,country:1.00,matched,2026-04-27T16:46:34Z,cn
48216,Asian Art,1588,||||||||China||,China,culture,0.55,True,country.8753,People's Republic of China,101.901875,35.486703,1.0,country:1.00,matched,2026-04-27T16:46:34Z,cn
48222,Asian Art,1695,||||||||China||,China,culture,0.55,True,country.8753,People's Republic of China,101.901875,35.486703,1.0,country:1.00,matched,2026-04-27T16:46:34Z,cn
48223,Asian Art,1695,||||||||China||,China,culture,0.55,True,country.8753,People's Republic of China,101.901875,35.486703,1.0,country:1.00,matched,2026-04-27T16:46:34Z,cn
48224,Asian Art,1700,||||||||China||,China,culture,0.55,True,country.8753,People's Republic of China,101.901875,35.486703,1.0,country:1.00,matched,2026-04-27T16:46:34Z,cn
48228,Asian Art,1749,||||||||China||,China,culture,0.55,True,country.8753,People's Republic of China,101.901875,35.486703,1.0,country:1.00,matched,2026-04-27T16:46:34Z,cn
48244,Asian Art,1749,||||||||China||,China,culture,0.55,True,country.8753,People's Republic of China,101.901875,35.486703,1.0,country:1.00,matched,2026-04-27T16:46:34Z,cn
48246,Asian Art,1849,||||||||China||,China,culture,0.55,True,country.8753,People's Republic of China,101.901875,35.486703,1.0,country:1.00,matched,2026-04-27T16:46:34Z,cn
48251,Asian Art,1780,||||||||Japan||,Japan,culture,0.55,True,country.8820,Japan,138.59223,36.386493,1.0,country:1.00,matched,2026-04-27T16:46:48Z,jp
48254,Asian Art,1849,||||||||China||,China,culture,0.55,True,country.8753,People's Republic of China,101.901875,35.486703,1.0,country:1.00,matched,2026-04-27T16:46:34Z,cn
48267,Asian Art,1119,||||||||China||,China,culture,0.55,True,country.8753,People's Republic of China,101.901875,35.486703,1.0,country:1.00,matched,2026-04-27T16:46:34Z,cn
48271,Asian Art,1119,||||||||China||,China,culture,0.55,True,country.8753,People's Republic of China,101.901875,35.486703,1.0,country:1.00,matched,2026-04-27T16:46:34Z,cn
48272,Asian Art,1119,||||||||China||,China,culture,0.55,True,country.8753,People's Republic of China,101.901875,35.486703,1.0,country:1.00,matched,2026-04-27T16:46:34Z,cn
48275,Asian Art,1729,||||||||China||,China,culture,0.55,True,country.8753,People's Republic of China,101.901875,35.486703,1.0,country:1.00,matched,2026-04-27T16:46:34Z,cn
48276,Asian Art,1749,||||||||China||,China,culture,0.55,True,country.8753,People's Republic of China,101.901875,35.486703,1.0,country:1.00,matched,2026-04-27T16:46:34Z,cn
48278,Asian Art,1692,||||||||China||,China,culture,0.55,True,country.8753,People's Republic of China,101.901875,35.486703,1.0,country:1.00,matched,2026-04-27T16:46:34Z,cn
48280,Asian Art,1700,||||||||China||,China,culture,0.55,True,country.8753,People's Republic of China,101.901875,35.486703,1.0,country:1.00,matched,2026-04-27T16:46:34Z,cn
48281,Asian Art,1749,||||||||China||,China,culture,0.55,True,country.8753,People's Republic of China,101.901875,35.486703,1.0,country:1.00,matched,2026-04-27T16:46:34Z,cn
48284,Asian Art,1749,||||||||China||,China,culture,0.55,True,country.8753,People's Republic of China,101.901875,35.486703,1.0,country:1.00,matched,2026-04-27T16:46:34Z,cn
48285,Asian Art,1700,||||||||China||,China,culture,0.55,True,country.8753,People's Republic of China,101.901875,35.486703,1.0,country:1.00,matched,2026-04-27T16:46:34Z,cn
48286,Asian Art,1781,||||||||China||,China,culture,0.55,True,country.8753,People's Republic of China,101.901875,35.486703,1.0,country:1.00,matched,2026-04-27T16:46:34Z,cn
48304,Asian Art,1749,||||||||China||,China,culture,0.55,True,country.8753,People's Republic of China,101.901875,35.486703,1.0,country:1.00,matched,2026-04-27T16:46:34Z,cn
48305,Asian Art,1749,||||||||China||,China,culture,0.55,True,country.8753,People's Republic of China,101.901875,35.486703,1.0,country:1.00,matched,2026-04-27T16:46:34Z,cn
48306,Asian Art,1749,||||||||China||,China,culture,0.55,True,country.8753,People's Republic of China,101.901875,35.486703,1.0,country:1.00,matched,2026-04-27T16:46:34Z,cn
48307,Asian Art,1749,||||||||China||,China,culture,0.55,True,country.8753,People's Republic of China,101.901875,35.486703,1.0,country:1.00,matched,2026-04-27T16:46:34Z,cn
48308,Asian Art,1765,||||||||China||,China,culture,0.55,True,country.8753,People's Republic of China,101.901875,35.486703,1.0,country:1.00,matched,2026-04-27T16:46:34Z,cn
48309,Asian Art,1749,||||||||China||,China,culture,0.55,True,country.8753,People's Republic of China,101.901875,35.486703,1.0,country:1.00,matched,2026-04-27T16:46:34Z,cn
48310,Asian Art,1749,||||||||China||,China,culture,0.55,True,country.8753,People's Republic of China,101.901875,35.486703,1.0,country:1.00,matched,2026-04-27T16:46:34Z,cn
48311,Asian Art,1695,||||||||China||,China,culture,0.55,True,country.8753,People's Republic of China,101.901875,35.486703,1.0,country:1.00,matched,2026-04-27T16:46:34Z,cn
48312,Asian Art,1781,||||||||China||,China,culture,0.55,True,country.8753,People's Republic of China,101.901875,35.486703,1.0,country:1.00,matched,2026-04-27T16:46:34Z,cn
48314,Asian Art,1749,||||||||China||,China,culture,0.55,True,country.8753,People's Republic of China,101.901875,35.486703,1.0,country:1.00,matched,2026-04-27T16:46:34Z,cn
48316,Asian Art,708,||||||||China||,China,culture,0.55,True,country.8753,People's Republic of China,101.901875,35.486703,1.0,country:1.00,matched,2026-04-27T16:46:34Z,cn
48318,Asian Art,599,||||||||China||,China,culture,0.55,True,country.8753,People's Republic of China,101.901875,35.486703,1.0,country:1.00,matched,2026-04-27T16:46:34Z,cn
48324,Asian Art,1695,||||||||China||,China,culture,0.55,True,country.8753,People's Republic of China,101.901875,35.486703,1.0,country:1.00,matched,2026-04-27T16:46:34Z,cn
48329,Asian Art,1849,||||||||China||,China,culture,0.55,True,country.8753,People's Republic of China,101.901875,35.486703,1.0,country:1.00,matched,2026-04-27T16:46:34Z,cn
48330,Asian Art,1749,||||||||China||,China,culture,0.55,True,country.8753,People's Republic of China,101.901875,35.486703,1.0,country:1.00,matched,2026-04-27T16:46:34Z,cn
48331,Asian Art,1749,||||||||China||,China,culture,0.55,True,country.8753,People's Republic of China,101.901875,35.486703,1.0,country:1.00,matched,2026-04-27T16:46:34Z,cn
48332,Asian Art,1849,||||||||China||,China,culture,0.55,True,country.8753,People's Republic of China,101.901875,35.486703,1.0,country:1.00,matched,2026-04-27T16:46:34Z,cn
48333,Asian Art,1749,||||||||China||,China,culture,0.55,True,country.8753,People's Republic of China,101.901875,35.486703,1.0,country:1.00,matched,2026-04-27T16:46:34Z,cn
48334,Asian Art,1749,||||||||China||,China,culture,0.55,True,country.8753,People's Republic of China,101.901875,35.486703,1.0,country:1.00,matched,2026-04-27T16:46:34Z,cn
48335,Asian Art,1849,||||||||China||,China,culture,0.55,True,country.8753,People's Republic of China,101.901875,35.486703,1.0,country:1.00,matched,2026-04-27T16:46:34Z,cn
48337,Asian Art,1695,||||||||China||,China,culture,0.55,True,country.8753,People's Republic of China,101.901875,35.486703,1.0,country:1.00,matched,2026-04-27T16:46:34Z,cn
48338,Asian Art,1749,||||||||China||,China,culture,0.55,True,country.8753,People's Republic of China,101.901875,35.486703,1.0,country:1.00,matched,2026-04-27T16:46:34Z,cn
48339,Asian Art,1749,||||||||China||,China,culture,0.55,True,country.8753,People's Republic of China,101.901875,35.486703,1.0,country:1.00,matched,2026-04-27T16:46:34Z,cn
48340,Asian Art,1749,||||||||China||,China,culture,0.55,True,country.8753,People's Republic of China,101.901875,35.486703,1.0,country:1.00,matched,2026-04-27T16:46:34Z,cn
48343,Asian Art,1849,||||||||China||,China,culture,0.55,True,country.8753,People's Republic of China,101.901875,35.486703,1.0,country:1.00,matched,2026-04-27T16:46:34Z,cn
48346,Asian Art,1849,||||||||China||,China,culture,0.55,True,country.8753,People's Republic of China,101.901875,35.486703,1.0,country:1.00,matched,2026-04-27T16:46:34Z,cn
48351,Asian Art,-200,||||||||China||,China,culture,0.55,True,country.8753,People's Republic of China,101.901875,35.486703,1.0,country:1.00,matched,2026-04-27T16:46:34Z,cn
48357,Asian Art,1849,||||||||China||,China,culture,0.55,True,country.8753,People's Republic of China,101.901875,35.486703,1.0,country:1.00,matched,2026-04-27T16:46:34Z,cn
48359,Asian Art,1729,||||||||China||,China,culture,0.55,True,country.8753,People's Republic of China,101.901875,35.486703,1.0,country:1.00,matched,2026-04-27T16:46:34Z,cn
48369,Asian Art,1750,||||||||China||,China,culture,0.55,True,country.8753,People's Republic of China,101.901875,35.486703,1.0,country:1.00,matched,2026-04-27T16:46:34Z,cn
48387,Asian Art,1099,||||||||China||,China,culture,0.55,True,country.8753,People's Republic of China,101.901875,35.486703,1.0,country:1.00,matched,2026-04-27T16:46:34Z,cn
48390,Asian Art,1239,||||||||China||,China,culture,0.55,True,country.8753,People's Republic of China,101.901875,35.486703,1.0,country:1.00,matched,2026-04-27T16:46:34Z,cn
48391,Asian Art,1099,||||||||China||,China,culture,0.55,True,country.8753,People's Republic of China,101.901875,35.486703,1.0,country:1.00,matched,2026-04-27T16:46:34Z,cn
48395,Asian Art,1319,||||||||China||,China,culture,0.55,True,country.8753,People's Republic of China,101.901875,35.486703,1.0,country:1.00,matched,2026-04-27T16:46:34Z,cn
48411,Asian Art,1285,||||||||China||,China,culture,0.55,True,country.8753,People's Republic of China,101.901875,35.486703,1.0,country:1.00,matched,2026-04-27T16:46:34Z,cn
48424,Asian Art,1549,||||||||China||,China,culture,0.55,True,country.8753,People's Republic of China,101.901875,35.486703,1.0,country:1.00,matched,2026-04-27T16:46:34Z,cn
48425,Asian Art,1119,||||||||China||,China,culture,0.55,True,country.8753,People's Republic of China,101.901875,35.486703,1.0,country:1.00,matched,2026-04-27T16:46:34Z,cn
48432,Asian Art,7,||||||||China||,China,culture,0.55,True,country.8753,People's Republic of China,101.901875,35.486703,1.0,country:1.00,matched,2026-04-27T16:46:34Z,cn
48451,Asian Art,1319,||||||||China||,China,culture,0.55,True,country.8753,People's Republic of China,101.901875,35.486703,1.0,country:1.00,matched,2026-04-27T16:46:34Z,cn
48456,Asian Art,1319,||||||||China||,China,culture,0.55,True,country.8753,People's Republic of China,101.901875,35.486703,1.0,country:1.00,matched,2026-04-27T16:46:34Z,cn
48461,Asian Art,1799,||||||||China||,China,culture,0.55,True,country.8753,People's Republic of China,101.901875,35.486703,1.0,country:1.00,matched,2026-04-27T16:46:34Z,cn
48462,Asian Art,1334,||||||||China||,China,culture,0.55,True,country.8753,People's Republic of China,101.901875,35.486703,1.0,country:1.00,matched,2026-04-27T16:46:34Z,cn
48466,Asian Art,1749,||||||||China||,China,culture,0.55,True,country.8753,People's Republic of China,101.901875,35.486703,1.0,country:1.00,matched,2026-04-27T16:46:34Z,cn
48467,Asian Art,1824,||||||||China||,China,culture,0.55,True,country.8753,People's Republic of China,101.901875,35.486703,1.0,country:1.00,matched,2026-04-27T16:46:34Z,cn
48480,Asian Art,1119,||||||||China||,China,culture,0.55,True,country.8753,People's Republic of China,101.901875,35.486703,1.0,country:1.00,matched,2026-04-27T16:46:34Z,cn
48481,Asian Art,1506,||||||||China||,China,culture,0.55,True,country.8753,People's Republic of China,101.901875,35.486703,1.0,country:1.00,matched,2026-04-27T16:46:34Z,cn
48482,Asian Art,1119,||||||||China||,China,culture,0.55,True,country.8753,People's Republic of China,101.901875,35.486703,1.0,country:1.00,matched,2026-04-27T16:46:34Z,cn
48483,Asian Art,1119,||||||||China||,China,culture,0.55,True,country.8753,People's Republic of China,101.901875,35.486703,1.0,country:1.00,matched,2026-04-27T16:46:34Z,cn
48489,Asian Art,1765,||||||||China||,China,culture,0.55,True,country.8753,People's Republic of China,101.901875,35.486703,1.0,country:1.00,matched,2026-04-27T16:46:34Z,cn
48504,Asian Art,590,||||||||China||,China,culture,0.55,True,country.8753,People's Republic of China,101.901875,35.486703,1.0,country:1.00,matched,2026-04-27T16:46:34Z,cn
48506,Asian Art,7,||||||||China||,China,culture,0.55,True,country.8753,People's Republic of China,101.901875,35.486703,1.0,country:1.00,matched,2026-04-27T16:46:34Z,cn
48507,Asian Art,1029,||||||||China||,China,culture,0.55,True,country.8753,People's Republic of China,101.901875,35.486703,1.0,country:1.00,matched,2026-04-27T16:46:34Z,cn
48509,Asian Art,1284,||||||||China||,China,culture,0.55,True,country.8753,People's Republic of China,101.901875,35.486703,1.0,country:1.00,matched,2026-04-27T16:46:34Z,cn
48516,Asian Art,1506,||||||||China||,China,culture,0.55,True,country.8753,People's Republic of China,101.901875,35.486703,1.0,country:1.00,matched,2026-04-27T16:46:34Z,cn
48527,Asian Art,1119,||||||||China||,China,culture,0.55,True,country.8753,People's Republic of China,101.901875,35.486703,1.0,country:1.00,matched,2026-04-27T16:46:34Z,cn
48532,Asian Art,100,||||||||China||,China,culture,0.55,True,country.8753,People's Republic of China,101.901875,35.486703,1.0,country:1.00,matched,2026-04-27T16:46:34Z,cn
48544,Asian Art,1816,||||||||China||,China,culture,0.55,True,country.8753,People's Republic of China,101.901875,35.486703,1.0,country:1.00,matched,2026-04-27T16:46:34Z,cn
48546,Asian Art,1849,||||||||Japan||,Japan,culture,0.55,True,country.8820,Japan,138.59223,36.386493,1.0,country:1.00,matched,2026-04-27T16:46:48Z,jp
48550,Asian Art,1334,||||||||China||,China,culture,0.55,True,country.8753,People's Republic of China,101.901875,35.486703,1.0,country:1.00,matched,2026-04-27T16:46:34Z,cn
48551,Asian Art,1600,||||||||China||,China,culture,0.55,True,country.8753,People's Republic of China,101.901875,35.486703,1.0,country:1.00,matched,2026-04-27T16:46:34Z,cn
48552,Asian Art,1749,||||||||China||,China,culture,0.55,True,country.8753,People's Republic of China,101.901875,35.486703,1.0,country:1.00,matched,2026-04-27T16:46:34Z,cn
48558,Asian Art,1700,||||||||China||,China,culture,0.55,True,country.8753,People's Republic of China,101.901875,35.486703,1.0,country:1.00,matched,2026-04-27T16:46:34Z,cn
48559,Asian Art,1716,||||||||China||,China,culture,0.55,True,country.8753,People's Republic of China,101.901875,35.486703,1.0,country:1.00,matched,2026-04-27T16:46:34Z,cn
48560,Asian Art,1692,||||||||China||,China,culture,0.55,True,country.8753,People's Republic of China,101.901875,35.486703,1.0,country:1.00,matched,2026-04-27T16:46:34Z,cn
48562,Asian Art,1783,||||||||China||,China,culture,0.55,True,country.8753,People's Republic of China,101.901875,35.486703,1.0,country:1.00,matched,2026-04-27T16:46:34Z,cn
48564,Asian Art,1695,||||||||China||,China,culture,0.55,True,country.8753,People's Republic of China,101.901875,35.486703,1.0,country:1.00,matched,2026-04-27T16:46:34Z,cn
48565,Asian Art,1499,||||||||China||,China,culture,0.55,True,country.8753,People's Republic of China,101.901875,35.486703,1.0,country:1.00,matched,2026-04-27T16:46:34Z,cn
48566,Asian Art,1765,||||||||China||,China,culture,0.55,True,country.8753,People's Republic of China,101.901875,35.486703,1.0,country:1.00,matched,2026-04-27T16:46:34Z,cn
48569,Asian Art,1174,||||||||China||,China,culture,0.55,True,country.8753,People's Republic of China,101.901875,35.486703,1.0,country:1.00,matched,2026-04-27T16:46:34Z,cn
48570,Asian Art,1783,||||||||China||,China,culture,0.55,True,country.8753,People's Republic of China,101.901875,35.486703,1.0,country:1.00,matched,2026-04-27T16:46:34Z,cn
48571,Asian Art,1506,||||||||China||,China,culture,0.55,True,country.8753,People's Republic of China,101.901875,35.486703,1.0,country:1.00,matched,2026-04-27T16:46:34Z,cn
48572,Asian Art,1683,||||||||China||,China,culture,0.55,True,country.8753,People's Republic of China,101.901875,35.486703,1.0,country:1.00,matched,2026-04-27T16:46:34Z,cn
48573,Asian Art,1824,||||||||China||,China,culture,0.55,True,country.8753,People's Republic of China,101.901875,35.486703,1.0,country:1.00,matched,2026-04-27T16:46:34Z,cn
48575,Asian Art,1850,||||||||Japan||,Japan,culture,0.55,True,country.8820,Japan,138.59223,36.386493,1.0,country:1.00,matched,2026-04-27T16:46:48Z,jp
48577,Asian Art,1824,||||||||Japan||Japanese,Japan,culture,0.55,True,country.8820,Japan,138.59223,36.386493,1.0,country:1.00,matched,2026-04-27T16:46:48Z,jp
48579,Asian Art,1749,||||||||China||,China,culture,0.55,True,country.8753,People's Republic of China,101.901875,35.486703,1.0,country:1.00,matched,2026-04-27T16:46:34Z,cn
48580,Asian Art,1692,||||||||China||,China,culture,0.55,True,country.8753,People's Republic of China,101.901875,35.486703,1.0,country:1.00,matched,2026-04-27T16:46:34Z,cn
48581,Asian Art,1700,||||||||China||,China,culture,0.55,True,country.8753,People's Republic of China,101.901875,35.486703,1.0,country:1.00,matched,2026-04-27T16:46:34Z,cn
48590,Asian Art,1749,||||||||China||,China,culture,0.55,True,country.8753,People's Republic of China,101.901875,35.486703,1.0,country:1.00,matched,2026-04-27T16:46:34Z,cn
48591,Asian Art,1749,||||||||China||,China,culture,0.55,True,country.8753,People's Republic of China,101.901875,35.486703,1.0,country:1.00,matched,2026-04-27T16:46:34Z,cn
48592,Asian Art,1692,||||||||China||,China,culture,0.55,True,country.8753,People's Republic of China,101.901875,35.486703,1.0,country:1.00,matched,2026-04-27T16:46:34Z,cn
48593,Asian Art,1695,||||||||China||,China,culture,0.55,True,country.8753,People's Republic of China,101.901875,35.486703,1.0,country:1.00,matched,2026-04-27T16:46:34Z,cn
48594,Asian Art,1692,||||||||China||,China,culture,0.55,True,country.8753,People's Republic of China,101.901875,35.486703,1.0,country:1.00,matched,2026-04-27T16:46:34Z,cn
48595,Asian Art,1692,||||||||China||,China,culture,0.55,True,country.8753,People's Republic of China,101.901875,35.486703,1.0,country:1.00,matched,2026-04-27T16:46:34Z,cn
48596,Asian Art,1433,||||||||China||,China,culture,0.55,True,country.8753,People's Republic of China,101.901875,35.486703,1.0,country:1.00,matched,2026-04-27T16:46:34Z,cn
48597,Asian Art,1692,||||||||China||,China,culture,0.55,True,country.8753,People's Republic of China,101.901875,35.486703,1.0,country:1.00,matched,2026-04-27T16:46:34Z,cn
48598,Asian Art,1692,||||||||China||,China,culture,0.55,True,country.8753,People's Republic of China,101.901875,35.486703,1.0,country:1.00,matched,2026-04-27T16:46:34Z,cn
48602,Asian Art,1810,||||||||China||,China,culture,0.55,True,country.8753,People's Republic of China,101.901875,35.486703,1.0,country:1.00,matched,2026-04-27T16:46:34Z,cn
48603,Asian Art,1692,||||||||China||,China,culture,0.55,True,country.8753,People's Republic of China,101.901875,35.486703,1.0,country:1.00,matched,2026-04-27T16:46:34Z,cn
48604,Asian Art,1765,||||||||China||,China,culture,0.55,True,country.8753,People's Republic of China,101.901875,35.486703,1.0,country:1.00,matched,2026-04-27T16:46:34Z,cn
48608,Asian Art,1692,||||||||China||,China,culture,0.55,True,country.8753,People's Republic of China,101.901875,35.486703,1.0,country:1.00,matched,2026-04-27T16:46:34Z,cn
48609,Asian Art,1849,||||||||China||,China,culture,0.55,True,country.8753,People's Republic of China,101.901875,35.486703,1.0,country:1.00,matched,2026-04-27T16:46:34Z,cn
48610,Asian Art,1849,||||||||China||,China,culture,0.55,True,country.8753,People's Republic of China,101.901875,35.486703,1.0,country:1.00,matched,2026-04-27T16:46:34Z,cn
48611,Asian Art,1849,||||||||China||,China,culture,0.55,True,country.8753,People's Republic of China,101.901875,35.486703,1.0,country:1.00,matched,2026-04-27T16:46:34Z,cn
48612,Asian Art,1849,||||||||China||,China,culture,0.55,True,country.8753,People's Republic of China,101.901875,35.486703,1.0,country:1.00,matched,2026-04-27T16:46:34Z,cn
48613,Asian Art,1692,||||||||China||,China,culture,0.55,True,country.8753,People's Republic of China,101.901875,35.486703,1.0,country:1.00,matched,2026-04-27T16:46:34Z,cn
48616,Asian Art,1692,||||||||China||,China,culture,0.55,True,country.8753,People's Republic of China,101.901875,35.486703,1.0,country:1.00,matched,2026-04-27T16:46:34Z,cn
48620,Asian Art,1549,||||||||China||,China,culture,0.55,True,country.8753,People's Republic of China,101.901875,35.486703,1.0,country:1.00,matched,2026-04-27T16:46:34Z,cn
48621,Asian Art,1749,||||||||China||,China,culture,0.55,True,country.8753,People's Republic of China,101.901875,35.486703,1.0,country:1.00,matched,2026-04-27T16:46:34Z,cn
48625,Asian Art,1433,||||||||China||,China,culture,0.55,True,country.8753,People's Republic of China,101.901875,35.486703,1.0,country:1.00,matched,2026-04-27T16:46:34Z,cn
48626,Asian Art,1800,||||||||China||,China,culture,0.55,True,country.8753,People's Republic of China,101.901875,35.486703,1.0,country:1.00,matched,2026-04-27T16:46:34Z,cn
48627,Asian Art,1695,||||||||China||,China,culture,0.55,True,country.8753,People's Republic of China,101.901875,35.486703,1.0,country:1.00,matched,2026-04-27T16:46:34Z,cn
48628,Asian Art,1695,||||||||China||,China,culture,0.55,True,country.8753,People's Republic of China,101.901875,35.486703,1.0,country:1.00,matched,2026-04-27T16:46:34Z,cn
48629,Asian Art,1799,||||||||China||,China,culture,0.55,True,country.8753,People's Republic of China,101.901875,35.486703,1.0,country:1.00,matched,2026-04-27T16:46:34Z,cn
48631,Asian Art,1695,||||||||China||,China,culture,0.55,True,country.8753,People's Republic of China,101.901875,35.486703,1.0,country:1.00,matched,2026-04-27T16:46:34Z,cn
48632,Asian Art,1849,||||||||China||,China,culture,0.55,True,country.8753,People's Republic of China,101.901875,35.486703,1.0,country:1.00,matched,2026-04-27T16:46:34Z,cn
48633,Asian Art,1506,||||||||China||,China,culture,0.55,True,country.8753,People's Republic of China,101.901875,35.486703,1.0,country:1.00,matched,2026-04-27T16:46:34Z,cn
48634,Asian Art,1549,||||||||China||,China,culture,0.55,True,country.8753,People's Republic of China,101.901875,35.486703,1.0,country:1.00,matched,2026-04-27T16:46:34Z,cn
48635,Asian Art,1695,||||||||China||,China,culture,0.55,True,country.8753,People's Republic of China,101.901875,35.486703,1.0,country:1.00,matched,2026-04-27T16:46:34Z,cn
48636,Asian Art,1783,||||||||China||,China,culture,0.55,True,country.8753,People's Republic of China,101.901875,35.486703,1.0,country:1.00,matched,2026-04-27T16:46:34Z,cn
48637,Asian Art,1716,||||||||China||,China,culture,0.55,True,country.8753,People's Republic of China,101.901875,35.486703,1.0,country:1.00,matched,2026-04-27T16:46:34Z,cn
48639,Asian Art,1695,||||||||China||,China,culture,0.55,True,country.8753,People's Republic of China,101.901875,35.486703,1.0,country:1.00,matched,2026-04-27T16:46:34Z,cn
48640,Asian Art,1583,||||||||China||,China,culture,0.55,True,country.8753,People's Republic of China,101.901875,35.486703,1.0,country:1.00,matched,2026-04-27T16:46:34Z,cn
48641,Asian Art,1749,||||||||China||,China,culture,0.55,True,country.8753,People's Republic of China,101.901875,35.486703,1.0,country:1.00,matched,2026-04-27T16:46:34Z,cn
48643,Asian Art,1765,||||||||China||,China,culture,0.55,True,country.8753,People's Republic of China,101.901875,35.486703,1.0,country:1.00,matched,2026-04-27T16:46:34Z,cn
48644,Asian Art,1736,||||||||China||,China,culture,0.55,True,country.8753,People's Republic of China,101.901875,35.486703,1.0,country:1.00,matched,2026-04-27T16:46:34Z,cn
48645,Asian Art,1692,||||||||China||,China,culture,0.55,True,country.8753,People's Republic of China,101.901875,35.486703,1.0,country:1.00,matched,2026-04-27T16:46:34Z,cn
48646,Asian Art,1692,||||||||China||,China,culture,0.55,True,country.8753,People's Republic of China,101.901875,35.486703,1.0,country:1.00,matched,2026-04-27T16:46:34Z,cn
48647,Asian Art,1765,||||||||China||,China,culture,0.55,True,country.8753,People's Republic of China,101.901875,35.486703,1.0,country:1.00,matched,2026-04-27T16:46:34Z,cn
48648,Asian Art,1711,||||||||China||,China,culture,0.55,True,country.8753,People's Republic of China,101.901875,35.486703,1.0,country:1.00,matched,2026-04-27T16:46:34Z,cn
48649,Asian Art,1750,||||||||China||,China,culture,0.55,True,country.8753,People's Republic of China,101.901875,35.486703,1.0,country:1.00,matched,2026-04-27T16:46:34Z,cn
48650,Asian Art,1751,||||||||China||,China,culture,0.55,True,country.8753,People's Republic of China,101.901875,35.486703,1.0,country:1.00,matched,2026-04-27T16:46:34Z,cn
48653,Asian Art,1766,||||||||China||,China,culture,0.55,True,country.8753,People's Republic of China,101.901875,35.486703,1.0,country:1.00,matched,2026-04-27T16:46:34Z,cn
48654,Asian Art,1692,||||||||China||,China,culture,0.55,True,country.8753,People's Republic of China,101.901875,35.486703,1.0,country:1.00,matched,2026-04-27T16:46:34Z,cn
48655,Asian Art,1765,||||||||China||,China,culture,0.55,True,country.8753,People's Republic of China,101.901875,35.486703,1.0,country:1.00,matched,2026-04-27T16:46:34Z,cn
48660,Asian Art,1692,||||||||China||,China,culture,0.55,True,country.8753,People's Republic of China,101.901875,35.486703,1.0,country:1.00,matched,2026-04-27T16:46:34Z,cn
48661,Asian Art,1800,||||||||China||,China,culture,0.55,True,country.8753,People's Republic of China,101.901875,35.486703,1.0,country:1.00,matched,2026-04-27T16:46:34Z,cn
48662,Asian Art,1692,||||||||China||,China,culture,0.55,True,country.8753,People's Republic of China,101.901875,35.486703,1.0,country:1.00,matched,2026-04-27T16:46:34Z,cn
48663,Asian Art,1692,||||||||China||,China,culture,0.55,True,country.8753,People's Republic of China,101.901875,35.486703,1.0,country:1.00,matched,2026-04-27T16:46:34Z,cn
48664,Asian Art,1692,||||||||China||,China,culture,0.55,True,country.8753,People's Republic of China,101.901875,35.486703,1.0,country:1.00,matched,2026-04-27T16:46:34Z,cn
48665,Asian Art,1692,||||||||China||,China,culture,0.55,True,country.8753,People's Republic of China,101.901875,35.486703,1.0,country:1.00,matched,2026-04-27T16:46:34Z,cn
48666,Asian Art,1692,||||||||China||,China,culture,0.55,True,country.8753,People's Republic of China,101.901875,35.486703,1.0,country:1.00,matched,2026-04-27T16:46:34Z,cn
48669,Asian Art,1692,||||||||China||,China,culture,0.55,True,country.8753,People's Republic of China,101.901875,35.486703,1.0,country:1.00,matched,2026-04-27T16:46:34Z,cn
48676,Asian Art,1683,||||||||China||,China,culture,0.55,True,country.8753,People's Republic of China,101.901875,35.486703,1.0,country:1.00,matched,2026-04-27T16:46:34Z,cn
48677,Asian Art,1747,||||||||China||,China,culture,0.55,True,country.8753,People's Republic of China,101.901875,35.486703,1.0,country:1.00,matched,2026-04-27T16:46:34Z,cn
48679,Asian Art,1499,||||||||China||,China,culture,0.55,True,country.8753,People's Republic of China,101.901875,35.486703,1.0,country:1.00,matched,2026-04-27T16:46:34Z,cn
48682,Asian Art,1692,||||||||China||,China,culture,0.55,True,country.8753,People's Republic of China,101.901875,35.486703,1.0,country:1.00,matched,2026-04-27T16:46:34Z,cn
48686,Asian Art,1506,||||||||China||,China,culture,0.55,True,country.8753,People's Republic of China,101.901875,35.486703,1.0,country:1.00,matched,2026-04-27T16:46:34Z,cn
48689,Asian Art,1483,||||||||China||,China,culture,0.55,True,country.8753,People's Republic of China,101.901875,35.486703,1.0,country:1.00,matched,2026-04-27T16:46:34Z,cn
48690,Asian Art,1765,||||||||China||,China,culture,0.55,True,country.8753,People's Republic of China,101.901875,35.486703,1.0,country:1.00,matched,2026-04-27T16:46:34Z,cn
48691,Asian Art,1849,||||||||China||,China,culture,0.55,True,country.8753,People's Republic of China,101.901875,35.486703,1.0,country:1.00,matched,2026-04-27T16:46:34Z,cn
48694,Asian Art,1849,||||||||China||,China,culture,0.55,True,country.8753,People's Republic of China,101.901875,35.486703,1.0,country:1.00,matched,2026-04-27T16:46:34Z,cn
48695,Asian Art,1711,||||||||China||,China,culture,0.55,True,country.8753,People's Republic of China,101.901875,35.486703,1.0,country:1.00,matched,2026-04-27T16:46:34Z,cn
48696,Asian Art,1849,||||||||China||,China,culture,0.55,True,country.8753,People's Republic of China,101.901875,35.486703,1.0,country:1.00,matched,2026-04-27T16:46:34Z,cn
48697,Asian Art,1849,||||||||China||,China,culture,0.55,True,country.8753,People's Republic of China,101.901875,35.486703,1.0,country:1.00,matched,2026-04-27T16:46:34Z,cn
48698,Asian Art,1849,||||||||China||,China,culture,0.55,True,country.8753,People's Republic of China,101.901875,35.486703,1.0,country:1.00,matched,2026-04-27T16:46:34Z,cn
48699,Asian Art,1711,||||||||China||,China,culture,0.55,True,country.8753,People's Republic of China,101.901875,35.486703,1.0,country:1.00,matched,2026-04-27T16:46:34Z,cn
48700,Asian Art,1849,||||||||China||,China,culture,0.55,True,country.8753,People's Republic of China,101.901875,35.486703,1.0,country:1.00,matched,2026-04-27T16:46:34Z,cn
48701,Asian Art,1849,||||||||China||,China,culture,0.55,True,country.8753,People's Republic of China,101.901875,35.486703,1.0,country:1.00,matched,2026-04-27T16:46:34Z,cn
48702,Asian Art,1751,||||||||China||,China,culture,0.55,True,country.8753,People's Republic of China,101.901875,35.486703,1.0,country:1.00,matched,2026-04-27T16:46:34Z,cn
48703,Asian Art,1749,||||||||China||,China,culture,0.55,True,country.8753,People's Republic of China,101.901875,35.486703,1.0,country:1.00,matched,2026-04-27T16:46:34Z,cn
48704,Asian Art,1765,||||||||China||,China,culture,0.55,True,country.8753,People's Republic of China,101.901875,35.486703,1.0,country:1.00,matched,2026-04-27T16:46:34Z,cn
48706,Asian Art,1716,||||||||China||,China,culture,0.55,True,country.8753,People's Republic of China,101.901875,35.486703,1.0,country:1.00,matched,2026-04-27T16:46:34Z,cn
48711,Asian Art,1700,||||||||China||,China,culture,0.55,True,country.8753,People's Republic of China,101.901875,35.486703,1.0,country:1.00,matched,2026-04-27T16:46:34Z,cn
48712,Asian Art,100,||||||||China||,China,culture,0.55,True,country.8753,People's Republic of China,101.901875,35.486703,1.0,country:1.00,matched,2026-04-27T16:46:34Z,cn
48713,Asian Art,1694,||||||||China||,China,culture,0.55,True,country.8753,People's Republic of China,101.901875,35.486703,1.0,country:1.00,matched,2026-04-27T16:46:34Z,cn
48714,Asian Art,1749,||||||||China||,China,culture,0.55,True,country.8753,People's Republic of China,101.901875,35.486703,1.0,country:1.00,matched,2026-04-27T16:46:34Z,cn
48716,Asian Art,1695,||||||||China||,China,culture,0.55,True,country.8753,People's Republic of China,101.901875,35.486703,1.0,country:1.00,matched,2026-04-27T16:46:34Z,cn
48717,Asian Art,1695,||||||||China||,China,culture,0.55,True,country.8753,People's Republic of China,101.901875,35.486703,1.0,country:1.00,matched,2026-04-27T16:46:34Z,cn
48720,Asian Art,1670,||||||||Japan||,Japan,culture,0.55,True,country.8820,Japan,138.59223,36.386493,1.0,country:1.00,matched,2026-04-27T16:46:48Z,jp
48725,Asian Art,1700,||||||||China||,China,culture,0.55,True,country.8753,People's Republic of China,101.901875,35.486703,1.0,country:1.00,matched,2026-04-27T16:46:34Z,cn
48726,Asian Art,1506,||||||||China||,China,culture,0.55,True,country.8753,People's Republic of China,101.901875,35.486703,1.0,country:1.00,matched,2026-04-27T16:46:34Z,cn
48727,Asian Art,1824,||||||||China||,China,culture,0.55,True,country.8753,People's Republic of China,101.901875,35.486703,1.0,country:1.00,matched,2026-04-27T16:46:34Z,cn
48734,Asian Art,213,||||||||China||,China,culture,0.55,True,country.8753,People's Republic of China,101.901875,35.486703,1.0,country:1.00,matched,2026-04-27T16:46:34Z,cn
48735,Asian Art,1751,||||||||China||,China,culture,0.55,True,country.8753,People's Republic of China,101.901875,35.486703,1.0,country:1.00,matched,2026-04-27T16:46:34Z,cn
48736,Asian Art,1750,||||||||China||,China,culture,0.55,True,country.8753,People's Republic of China,101.901875,35.486703,1.0,country:1.00,matched,2026-04-27T16:46:34Z,cn
48740,Asian Art,1692,||||||||China||,China,culture,0.55,True,country.8753,People's Republic of China,101.901875,35.486703,1.0,country:1.00,matched,2026-04-27T16:46:34Z,cn
48741,Asian Art,1692,||||||||China||,China,culture,0.55,True,country.8753,People's Republic of China,101.901875,35.486703,1.0,country:1.00,matched,2026-04-27T16:46:34Z,cn
48742,Asian Art,1849,||||||||China||,China,culture,0.55,True,country.8753,People's Republic of China,101.901875,35.486703,1.0,country:1.00,matched,2026-04-27T16:46:34Z,cn
48745,Asian Art,1749,||||||||China||,China,culture,0.55,True,country.8753,People's Republic of China,101.901875,35.486703,1.0,country:1.00,matched,2026-04-27T16:46:34Z,cn
48746,Asian Art,1692,||||||||China||,China,culture,0.55,True,country.8753,People's Republic of China,101.901875,35.486703,1.0,country:1.00,matched,2026-04-27T16:46:34Z,cn
48747,Asian Art,1700,||||||||Japan||,Japan,culture,0.55,True,country.8820,Japan,138.59223,36.386493,1.0,country:1.00,matched,2026-04-27T16:46:48Z,jp
48748,Asian Art,1700,||||||||Japan||,Japan,culture,0.55,True,country.8820,Japan,138.59223,36.386493,1.0,country:1.00,matched,2026-04-27T16:46:48Z,jp
48749,Asian Art,1749,||||||||China||,China,culture,0.55,True,country.8753,People's Republic of China,101.901875,35.486703,1.0,country:1.00,matched,2026-04-27T16:46:34Z,cn
48750,Asian Art,1816,||||||||Japan||,Japan,culture,0.55,True,country.8820,Japan,138.59223,36.386493,1.0,country:1.00,matched,2026-04-27T16:46:48Z,jp
48751,Asian Art,1749,||||||||China||,China,culture,0.55,True,country.8753,People's Republic of China,101.901875,35.486703,1.0,country:1.00,matched,2026-04-27T16:46:34Z,cn
48754,Asian Art,1700,||||||||Japan||,Japan,culture,0.55,True,country.8820,Japan,138.59223,36.386493,1.0,country:1.00,matched,2026-04-27T16:46:48Z,jp
48755,Asian Art,1700,||||||||Japan||,Japan,culture,0.55,True,country.8820,Japan,138.59223,36.386493,1.0,country:1.00,matched,2026-04-27T16:46:48Z,jp
48757,Asian Art,1695,||||||||China||,China,culture,0.55,True,country.8753,People's Republic of China,101.901875,35.486703,1.0,country:1.00,matched,2026-04-27T16:46:34Z,cn
48758,Asian Art,1695,||||||||China||,China,culture,0.55,True,country.8753,People's Republic of China,101.901875,35.486703,1.0,country:1.00,matched,2026-04-27T16:46:34Z,cn
48759,Asian Art,1692,||||||||China||,China,culture,0.55,True,country.8753,People's Republic of China,101.901875,35.486703,1.0,country:1.00,matched,2026-04-27T16:46:34Z,cn
48761,Asian Art,1695,||||||||China||,China,culture,0.55,True,country.8753,People's Republic of China,101.901875,35.486703,1.0,country:1.00,matched,2026-04-27T16:46:34Z,cn
48762,Asian Art,1849,||||||||China||,China,culture,0.55,True,country.8753,People's Republic of China,101.901875,35.486703,1.0,country:1.00,matched,2026-04-27T16:46:34Z,cn
48764,Asian Art,1750,||||||||China||,China,culture,0.55,True,country.8753,People's Republic of China,101.901875,35.486703,1.0,country:1.00,matched,2026-04-27T16:46:34Z,cn
48765,Asian Art,1749,||||||||Japan||,Japan,culture,0.55,True,country.8820,Japan,138.59223,36.386493,1.0,country:1.00,matched,2026-04-27T16:46:48Z,jp
48766,Asian Art,1695,||||||||China||,China,culture,0.55,True,country.8753,People's Republic of China,101.901875,35.486703,1.0,country:1.00,matched,2026-04-27T16:46:34Z,cn
48767,Asian Art,1692,||||||||China||,China,culture,0.55,True,country.8753,People's Republic of China,101.901875,35.486703,1.0,country:1.00,matched,2026-04-27T16:46:34Z,cn
48768,Asian Art,1751,||||||||China||,China,culture,0.55,True,country.8753,People's Republic of China,101.901875,35.486703,1.0,country:1.00,matched,2026-04-27T16:46:34Z,cn
48769,Asian Art,1695,||||||||China||,China,culture,0.55,True,country.8753,People's Republic of China,101.901875,35.486703,1.0,country:1.00,matched,2026-04-27T16:46:34Z,cn
48771,Asian Art,1692,||||||||China||,China,culture,0.55,True,country.8753,People's Republic of China,101.901875,35.486703,1.0,country:1.00,matched,2026-04-27T16:46:34Z,cn
48772,Asian Art,1849,||||||||China||,China,culture,0.55,True,country.8753,People's Republic of China,101.901875,35.486703,1.0,country:1.00,matched,2026-04-27T16:46:34Z,cn
48773,Asian Art,1749,||||||||Japan||,Japan,culture,0.55,True,country.8820,Japan,138.59223,36.386493,1.0,country:1.00,matched,2026-04-27T16:46:48Z,jp
48774,Asian Art,1692,||||||||China||,China,culture,0.55,True,country.8753,People's Republic of China,101.901875,35.486703,1.0,country:1.00,matched,2026-04-27T16:46:34Z,cn
48775,Asian Art,1820,||||||||Japan||,Japan,culture,0.55,True,country.8820,Japan,138.59223,36.386493,1.0,country:1.00,matched,2026-04-27T16:46:48Z,jp
48776,Asian Art,1695,||||||||China||,China,culture,0.55,True,country.8753,People's Republic of China,101.901875,35.486703,1.0,country:1.00,matched,2026-04-27T16:46:34Z,cn
48777,Asian Art,1749,||||||||China||,China,culture,0.55,True,country.8753,People's Republic of China,101.901875,35.486703,1.0,country:1.00,matched,2026-04-27T16:46:34Z,cn
48781,Asian Art,1783,||||||||China||,China,culture,0.55,True,country.8753,People's Republic of China,101.901875,35.486703,1.0,country:1.00,matched,2026-04-27T16:46:34Z,cn
48800,Asian Art,1695,||||||||China||,China,culture,0.55,True,country.8753,People's Republic of China,101.901875,35.486703,1.0,country:1.00,matched,2026-04-27T16:46:34Z,cn
48801,Asian Art,1800,||||||||Japan||,Japan,culture,0.55,True,country.8820,Japan,138.59223,36.386493,1.0,country:1.00,matched,2026-04-27T16:46:48Z,jp
48809,Asian Art,1155,||||||||China (?)||,China,culture,0.35,True,country.8753,People's Republic of China,101.901875,35.486703,1.0,country:1.00,matched,2026-04-27T16:46:34Z,cn
48840,Asian Art,1692,||||||||China||,China,culture,0.55,True,country.8753,People's Republic of China,101.901875,35.486703,1.0,country:1.00,matched,2026-04-27T16:46:34Z,cn
48841,Asian Art,1824,||||||||China||,China,culture,0.55,True,country.8753,People's Republic of China,101.901875,35.486703,1.0,country:1.00,matched,2026-04-27T16:46:34Z,cn
48842,Asian Art,1930,||||||||China||,China,culture,0.55,True,country.8753,People's Republic of China,101.901875,35.486703,1.0,country:1.00,matched,2026-04-27T16:46:34Z,cn
48844,Asian Art,1572,||||||||China||,China,culture,0.55,True,country.8753,People's Republic of China,101.901875,35.486703,1.0,country:1.00,matched,2026-04-27T16:46:34Z,cn
48846,Asian Art,1630,||||||||Japan||,Japan,culture,0.55,True,country.8820,Japan,138.59223,36.386493,1.0,country:1.00,matched,2026-04-27T16:46:48Z,jp
48850,Asian Art,1692,||||||||China||,China,culture,0.55,True,country.8753,People's Republic of China,101.901875,35.486703,1.0,country:1.00,matched,2026-04-27T16:46:34Z,cn
48852,Asian Art,1692,||||||||China||,China,culture,0.55,True,country.8753,People's Republic of China,101.901875,35.486703,1.0,country:1.00,matched,2026-04-27T16:46:34Z,cn
48854,Asian Art,1800,||||||||China||,China,culture,0.55,True,country.8753,People's Republic of China,101.901875,35.486703,1.0,country:1.00,matched,2026-04-27T16:46:34Z,cn
48855,Asian Art,1808,||||||||China||,China,culture,0.55,True,country.8753,People's Republic of China,101.901875,35.486703,1.0,country:1.00,matched,2026-04-27T16:46:34Z,cn
48857,Asian Art,1750,||||||||Japan||,Japan,culture,0.55,True,country.8820,Japan,138.59223,36.386493,1.0,country:1.00,matched,2026-04-27T16:46:48Z,jp
48859,Asian Art,1849,||||||||China||,China,culture,0.55,True,country.8753,People's Republic of China,101.901875,35.486703,1.0,country:1.00,matched,2026-04-27T16:46:34Z,cn
49135,Asian Art,-2500,||||||||China||,China,culture,0.55,True,country.8753,People's Republic of China,101.901875,35.486703,1.0,country:1.00,matched,2026-04-27T16:46:34Z,cn
49136,Asian Art,-2150,||||||||China||,China,culture,0.55,True,country.8753,People's Republic of China,101.901875,35.486703,1.0,country:1.00,matched,2026-04-27T16:46:34Z,cn
49139,Asian Art,-2200,||||||||China||,China,culture,0.55,True,country.8753,People's Republic of China,101.901875,35.486703,1.0,country:1.00,matched,2026-04-27T16:46:34Z,cn
49142,Asian Art,-348,||||||||China||,China,culture,0.55,True,country.8753,People's Republic of China,101.901875,35.486703,1.0,country:1.00,matched,2026-04-27T16:46:34Z,cn
49189,Asian Art,1600,||||||||China||,China,culture,0.55,True,country.8753,People's Republic of China,101.901875,35.486703,1.0,country:1.00,matched,2026-04-27T16:46:34Z,cn
49191,Asian Art,1765,||||||||China||,China,culture,0.55,True,country.8753,People's Republic of China,101.901875,35.486703,1.0,country:1.00,matched,2026-04-27T16:46:34Z,cn
49201,Asian Art,849,||||||||China||,China,culture,0.55,True,country.8753,People's Republic of China,101.901875,35.486703,1.0,country:1.00,matched,2026-04-27T16:46:34Z,cn
49203,Asian Art,1099,||||||||China||,China,culture,0.55,True,country.8753,People's Republic of China,101.901875,35.486703,1.0,country:1.00,matched,2026-04-27T16:46:34Z,cn
49204,Asian Art,1099,||||||||China||,China,culture,0.55,True,country.8753,People's Republic of China,101.901875,35.486703,1.0,country:1.00,matched,2026-04-27T16:46:34Z,cn
49206,Asian Art,1066,||||||||China||,China,culture,0.55,True,country.8753,People's Republic of China,101.901875,35.486703,1.0,country:1.00,matched,2026-04-27T16:46:34Z,cn
49207,Asian Art,1099,||||||||China||,China,culture,0.55,True,country.8753,People's Republic of China,101.901875,35.486703,1.0,country:1.00,matched,2026-04-27T16:46:34Z,cn
49208,Asian Art,1049,||||||||China||,China,culture,0.55,True,country.8753,People's Republic of China,101.901875,35.486703,1.0,country:1.00,matched,2026-04-27T16:46:34Z,cn
49214,Asian Art,1049,||||||||China||,China,culture,0.55,True,country.8753,People's Republic of China,101.901875,35.486703,1.0,country:1.00,matched,2026-04-27T16:46:34Z,cn
49215,Asian Art,1350,||||||||China||,China,culture,0.55,True,country.8753,People's Republic of China,101.901875,35.486703,1.0,country:1.00,matched,2026-04-27T16:46:34Z,cn
49216,Asian Art,1350,||||||||China||,China,culture,0.55,True,country.8753,People's Republic of China,101.901875,35.486703,1.0,country:1.00,matched,2026-04-27T16:46:34Z,cn
49222,Asian Art,1485,||||||||China||,China,culture,0.55,True,country.8753,People's Republic of China,101.901875,35.486703,1.0,country:1.00,matched,2026-04-27T16:46:34Z,cn
49248,Asian Art,1700,||||||||China||,China,culture,0.55,True,country.8753,People's Republic of China,101.901875,35.486703,1.0,country:1.00,matched,2026-04-27T16:46:34Z,cn
49261,Asian Art,-500,||||||||Japan||,Japan,culture,0.55,True,country.8820,Japan,138.59223,36.386493,1.0,country:1.00,matched,2026-04-27T16:46:48Z,jp
49262,Asian Art,200,||||||||Japan||,Japan,culture,0.55,True,country.8820,Japan,138.59223,36.386493,1.0,country:1.00,matched,2026-04-27T16:46:48Z,jp
49264,Asian Art,710,||||||||Japan||,Japan,culture,0.55,True,country.8820,Japan,138.59223,36.386493,1.0,country:1.00,matched,2026-04-27T16:46:48Z,jp
49266,Asian Art,849,||||||||Japan||,Japan,culture,0.55,True,country.8820,Japan,138.59223,36.386493,1.0,country:1.00,matched,2026-04-27T16:46:48Z,jp
49267,Asian Art,1116,||||||||Japan||,Japan,culture,0.55,True,country.8820,Japan,138.59223,36.386493,1.0,country:1.00,matched,2026-04-27T16:46:48Z,jp
49268,Asian Art,1349,||||||||Japan||,Japan,culture,0.55,True,country.8820,Japan,138.59223,36.386493,1.0,country:1.00,matched,2026-04-27T16:46:48Z,jp
49269,Asian Art,1349,||||||||Japan||,Japan,culture,0.55,True,country.8820,Japan,138.59223,36.386493,1.0,country:1.00,matched,2026-04-27T16:46:48Z,jp
49270,Asian Art,1399,||||||||Japan||,Japan,culture,0.55,True,country.8820,Japan,138.59223,36.386493,1.0,country:1.00,matched,2026-04-27T16:46:48Z,jp
49272,Asian Art,1683,||||||||Japan||,Japan,culture,0.55,True,country.8820,Japan,138.59223,36.386493,1.0,country:1.00,matched,2026-04-27T16:46:48Z,jp
49273,Asian Art,1500,||||||||Japan||,Japan,culture,0.55,True,country.8820,Japan,138.59223,36.386493,1.0,country:1.00,matched,2026-04-27T16:46:48Z,jp
49274,Asian Art,1500,||||||||Japan||,Japan,culture,0.55,True,country.8820,Japan,138.59223,36.386493,1.0,country:1.00,matched,2026-04-27T16:46:48Z,jp
49280,Asian Art,1616,||||||||Japan||,Japan,culture,0.55,True,country.8820,Japan,138.59223,36.386493,1.0,country:1.00,matched,2026-04-27T16:46:48Z,jp
49293,Asian Art,1674,||||||||Japan||,Japan,culture,0.55,True,country.8820,Japan,138.59223,36.386493,1.0,country:1.00,matched,2026-04-27T16:46:48Z,jp
49295,Asian Art,1674,||||||||Japan||,Japan,culture,0.55,True,country.8820,Japan,138.59223,36.386493,1.0,country:1.00,matched,2026-04-27T16:46:48Z,jp
49296,Asian Art,1674,||||||||Japan||,Japan,culture,0.55,True,country.8820,Japan,138.59223,36.386493,1.0,country:1.00,matched,2026-04-27T16:46:48Z,jp
49298,Asian Art,1660,||||||||Japan||,Japan,culture,0.55,True,country.8820,Japan,138.59223,36.386493,1.0,country:1.00,matched,2026-04-27T16:46:48Z,jp
49299,Asian Art,1675,||||||||Japan||,Japan,culture,0.55,True,country.8820,Japan,138.59223,36.386493,1.0,country:1.00,matched,2026-04-27T16:46:48Z,jp
49305,Asian Art,1683,||||||||Japan||,Japan,culture,0.55,True,country.8820,Japan,138.59223,36.386493,1.0,country:1.00,matched,2026-04-27T16:46:48Z,jp
49308,Asian Art,1665,||||||||Japan||,Japan,culture,0.55,True,country.8820,Japan,138.59223,36.386493,1.0,country:1.00,matched,2026-04-27T16:46:48Z,jp
49316,Asian Art,1683,||||||||Japan||,Japan,culture,0.55,True,country.8820,Japan,138.59223,36.386493,1.0,country:1.00,matched,2026-04-27T16:46:48Z,jp
49318,Asian Art,1680,||||||||Japan||,Japan,culture,0.55,True,country.8820,Japan,138.59223,36.386493,1.0,country:1.00,matched,2026-04-27T16:46:48Z,jp
49319,Asian Art,1700,||||||||Japan||,Japan,culture,0.55,True,country.8820,Japan,138.59223,36.386493,1.0,country:1.00,matched,2026-04-27T16:46:48Z,jp
49323,Asian Art,1683,||||||||Japan||,Japan,culture,0.55,True,country.8820,Japan,138.59223,36.386493,1.0,country:1.00,matched,2026-04-27T16:46:48Z,jp
49335,Asian Art,1750,||||||||Japan||,Japan,culture,0.55,True,country.8820,Japan,138.59223,36.386493,1.0,country:1.00,matched,2026-04-27T16:46:48Z,jp
49344,Asian Art,1700,||||||||China||,China,culture,0.55,True,country.8753,People's Republic of China,101.901875,35.486703,1.0,country:1.00,matched,2026-04-27T16:46:34Z,cn
49346,Asian Art,1700,||||||||China||,China,culture,0.55,True,country.8753,People's Republic of China,101.901875,35.486703,1.0,country:1.00,matched,2026-04-27T16:46:34Z,cn
49351,Asian Art,1683,||||||||China||,China,culture,0.55,True,country.8753,People's Republic of China,101.901875,35.486703,1.0,country:1.00,matched,2026-04-27T16:46:34Z,cn
49352,Asian Art,1709,||||||||China||,China,culture,0.55,True,country.8753,People's Republic of China,101.901875,35.486703,1.0,country:1.00,matched,2026-04-27T16:46:34Z,cn
49356,Asian Art,1729,||||||||China||,China,culture,0.55,True,country.8753,People's Republic of China,101.901875,35.486703,1.0,country:1.00,matched,2026-04-27T16:46:34Z,cn
49359,Asian Art,649,||||||||Japan||,Japan,culture,0.55,True,country.8820,Japan,138.59223,36.386493,1.0,country:1.00,matched,2026-04-27T16:46:48Z,jp
49360,Asian Art,1765,||||||||China||,China,culture,0.55,True,country.8753,People's Republic of China,101.901875,35.486703,1.0,country:1.00,matched,2026-04-27T16:46:34Z,cn
49362,Asian Art,1783,||||||||China||,China,culture,0.55,True,country.8753,People's Republic of China,101.901875,35.486703,1.0,country:1.00,matched,2026-04-27T16:46:34Z,cn
49363,Asian Art,1777,||||||||China||,China,culture,0.55,True,country.8753,People's Republic of China,101.901875,35.486703,1.0,country:1.00,matched,2026-04-27T16:46:34Z,cn
49364,Asian Art,1783,||||||||China||,China,culture,0.55,True,country.8753,People's Republic of China,101.901875,35.486703,1.0,country:1.00,matched,2026-04-27T16:46:34Z,cn
49366,Asian Art,1750,||||||||China||,China,culture,0.55,True,country.8753,People's Republic of China,101.901875,35.486703,1.0,country:1.00,matched,2026-04-27T16:46:34Z,cn
49425,Asian Art,1783,||||||||Japan||,Japan,culture,0.55,True,country.8820,Japan,138.59223,36.386493,1.0,country:1.00,matched,2026-04-27T16:46:48Z,jp
49426,Asian Art,1816,||||||||Japan||,Japan,culture,0.55,True,country.8820,Japan,138.59223,36.386493,1.0,country:1.00,matched,2026-04-27T16:46:48Z,jp
49533,Asian Art,-49,||||||||China||,China,culture,0.55,True,country.8753,People's Republic of China,101.901875,35.486703,1.0,country:1.00,matched,2026-04-27T16:46:34Z,cn
49553,Asian Art,649,||||||||China||,China,culture,0.55,True,country.8753,People's Republic of China,101.901875,35.486703,1.0,country:1.00,matched,2026-04-27T16:46:34Z,cn
49559,Asian Art,749,||||||||China||,China,culture,0.55,True,country.8753,People's Republic of China,101.901875,35.486703,1.0,country:1.00,matched,2026-04-27T16:46:34Z,cn
49825,Asian Art,1800,||||||||China||,China,culture,0.55,True,country.8753,People's Republic of China,101.901875,35.486703,1.0,country:1.00,matched,2026-04-27T16:46:34Z,cn
49833,Asian Art,1624,||||||||China||,China,culture,0.55,True,country.8753,People's Republic of China,101.901875,35.486703,1.0,country:1.00,matched,2026-04-27T16:46:34Z,cn
49850,Asian Art,1777,||||||||China||,China,culture,0.55,True,country.8753,People's Republic of China,101.901875,35.486703,1.0,country:1.00,matched,2026-04-27T16:46:34Z,cn
49852,Asian Art,1749,||||||||China||,China,culture,0.55,True,country.8753,People's Republic of China,101.901875,35.486703,1.0,country:1.00,matched,2026-04-27T16:46:34Z,cn
49855,Asian Art,1350,||||||||China||,China,culture,0.55,True,country.8753,People's Republic of China,101.901875,35.486703,1.0,country:1.00,matched,2026-04-27T16:46:34Z,cn
49856,Asian Art,1716,||||||||China||,China,culture,0.55,True,country.8753,People's Republic of China,101.901875,35.486703,1.0,country:1.00,matched,2026-04-27T16:46:34Z,cn
49857,Asian Art,1583,||||||||China||,China,culture,0.55,True,country.8753,People's Republic of China,101.901875,35.486703,1.0,country:1.00,matched,2026-04-27T16:46:34Z,cn
49859,Asian Art,1749,||||||||China||,China,culture,0.55,True,country.8753,People's Republic of China,101.901875,35.486703,1.0,country:1.00,matched,2026-04-27T16:46:34Z,cn
49861,Asian Art,1670,||||||||Japan||,Japan,culture,0.55,True,country.8820,Japan,138.59223,36.386493,1.0,country:1.00,matched,2026-04-27T16:46:48Z,jp
49862,Asian Art,1650,||||||||China||,China,culture,0.55,True,country.8753,People's Republic of China,101.901875,35.486703,1.0,country:1.00,matched,2026-04-27T16:46:34Z,cn
49864,Asian Art,1900,||||||||Korea||,Korea,culture,0.55,True,country.8828,South Korea,128.168944,36.536236,1.0,country:1.00,matched,2026-04-27T16:46:49Z,kr
49896,Asian Art,-1150,||||||||China||,China,culture,0.55,True,country.8753,People's Republic of China,101.901875,35.486703,1.0,country:1.00,matched,2026-04-27T16:46:34Z,cn
49898,Asian Art,-600,||||||||China||,China,culture,0.55,True,country.8753,People's Republic of China,101.901875,35.486703,1.0,country:1.00,matched,2026-04-27T16:46:34Z,cn
49899,Asian Art,-338,||||||||China||,China,culture,0.55,True,country.8753,People's Republic of China,101.901875,35.486703,1.0,country:1.00,matched,2026-04-27T16:46:34Z,cn
49900,Asian Art,-49,||||||||China||,China,culture,0.55,True,country.8753,People's Republic of China,101.901875,35.486703,1.0,country:1.00,matched,2026-04-27T16:46:34Z,cn
49903,Asian Art,585,||||||||China||,China,culture,0.55,True,country.8753,People's Republic of China,101.901875,35.486703,1.0,country:1.00,matched,2026-04-27T16:46:34Z,cn
49905,Asian Art,710,||||||||China||,China,culture,0.55,True,country.8753,People's Republic of China,101.901875,35.486703,1.0,country:1.00,matched,2026-04-27T16:46:34Z,cn
49909,Asian Art,849,||||||||China||,China,culture,0.55,True,country.8753,People's Republic of China,101.901875,35.486703,1.0,country:1.00,matched,2026-04-27T16:46:34Z,cn
49914,Asian Art,1099,||||||||China||,China,culture,0.55,True,country.8753,People's Republic of China,101.901875,35.486703,1.0,country:1.00,matched,2026-04-27T16:46:34Z,cn
49915,Asian Art,1119,||||||||China||,China,culture,0.55,True,country.8753,People's Republic of China,101.901875,35.486703,1.0,country:1.00,matched,2026-04-27T16:46:34Z,cn
49920,Asian Art,1350,||||||||China||,China,culture,0.55,True,country.8753,People's Republic of China,101.901875,35.486703,1.0,country:1.00,matched,2026-04-27T16:46:34Z,cn
49924,Asian Art,1319,||||||||China||,China,culture,0.55,True,country.8753,People's Republic of China,101.901875,35.486703,1.0,country:1.00,matched,2026-04-27T16:46:34Z,cn
50020,Asian Art,1575,||||||||China||,China,culture,0.55,True,country.8753,People's Republic of China,101.901875,35.486703,1.0,country:1.00,matched,2026-04-27T16:46:34Z,cn
50026,Asian Art,1649,||||||||China||,China,culture,0.55,True,country.8753,People's Republic of China,101.901875,35.486703,1.0,country:1.00,matched,2026-04-27T16:46:34Z,cn
50027,Asian Art,1506,||||||||China||,China,culture,0.55,True,country.8753,People's Republic of China,101.901875,35.486703,1.0,country:1.00,matched,2026-04-27T16:46:34Z,cn
50033,Asian Art,1749,||||||||China||,China,culture,0.55,True,country.8753,People's Republic of China,101.901875,35.486703,1.0,country:1.00,matched,2026-04-27T16:46:34Z,cn
50036,Asian Art,1765,||||||||China||,China,culture,0.55,True,country.8753,People's Republic of China,101.901875,35.486703,1.0,country:1.00,matched,2026-04-27T16:46:34Z,cn
50037,Asian Art,1765,||||||||China||,China,culture,0.55,True,country.8753,People's Republic of China,101.901875,35.486703,1.0,country:1.00,matched,2026-04-27T16:46:34Z,cn
50043,Asian Art,1900,||||||||China||,China,culture,0.55,True,country.8753,People's Republic of China,101.901875,35.486703,1.0,country:1.00,matched,2026-04-27T16:46:34Z,cn
50143,Asian Art,1749,||||||||China||,China,culture,0.55,True,country.8753,People's Republic of China,101.901875,35.486703,1.0,country:1.00,matched,2026-04-27T16:46:34Z,cn
50165,Asian Art,-1750,||||||||Japan||,Japan,culture,0.55,True,country.8820,Japan,138.59223,36.386493,1.0,country:1.00,matched,2026-04-27T16:46:48Z,jp
50186,Asian Art,1654,||||||||Japan||,Japan,culture,0.55,True,country.8820,Japan,138.59223,36.386493,1.0,country:1.00,matched,2026-04-27T16:46:48Z,jp
50187,Asian Art,1650,||||||||Japan||,Japan,culture,0.55,True,country.8820,Japan,138.59223,36.386493,1.0,country:1.00,matched,2026-04-27T16:46:48Z,jp
50192,Asian Art,1649,||||||||Japan||,Japan,culture,0.55,True,country.8820,Japan,138.59223,36.386493,1.0,country:1.00,matched,2026-04-27T16:46:48Z,jp
50211,Asian Art,1349,||||||||China||,China,culture,0.55,True,country.8753,People's Republic of China,101.901875,35.486703,1.0,country:1.00,matched,2026-04-27T16:46:34Z,cn
50213,Asian Art,749,||||||||Japan||,Japan,culture,0.55,True,country.8820,Japan,138.59223,36.386493,1.0,country:1.00,matched,2026-04-27T16:46:48Z,jp
50226,Asian Art,299,||||||||China||,China,culture,0.55,True,country.8753,People's Republic of China,101.901875,35.486703,1.0,country:1.00,matched,2026-04-27T16:46:34Z,cn
50229,Asian Art,999,||||||||China||,China,culture,0.55,True,country.8753,People's Republic of China,101.901875,35.486703,1.0,country:1.00,matched,2026-04-27T16:46:34Z,cn
50230,Asian Art,1099,||||||||China||,China,culture,0.55,True,country.8753,People's Republic of China,101.901875,35.486703,1.0,country:1.00,matched,2026-04-27T16:46:34Z,cn
50235,Asian Art,1149,||||||||China||,China,culture,0.55,True,country.8753,People's Republic of China,101.901875,35.486703,1.0,country:1.00,matched,2026-04-27T16:46:34Z,cn
50236,Asian Art,1149,||||||||China||,China,culture,0.55,True,country.8753,People's Republic of China,101.901875,35.486703,1.0,country:1.00,matched,2026-04-27T16:46:34Z,cn
50247,Asian Art,1500,||||||||China||,China,culture,0.55,True,country.8753,People's Republic of China,101.901875,35.486703,1.0,country:1.00,matched,2026-04-27T16:46:34Z,cn
50305,Asian Art,249,||||||||Japan||,Japan,culture,0.55,True,country.8820,Japan,138.59223,36.386493,1.0,country:1.00,matched,2026-04-27T16:46:48Z,jp
50311,Asian Art,200,||||||||Japan||,Japan,culture,0.55,True,country.8820,Japan,138.59223,36.386493,1.0,country:1.00,matched,2026-04-27T16:46:48Z,jp
50313,Asian Art,599,||||||||Japan||,Japan,culture,0.55,True,country.8820,Japan,138.59223,36.386493,1.0,country:1.00,matched,2026-04-27T16:46:48Z,jp
50314,Asian Art,649,||||||||Japan||,Japan,culture,0.55,True,country.8820,Japan,138.59223,36.386493,1.0,country:1.00,matched,2026-04-27T16:46:48Z,jp
50315,Asian Art,749,||||||||Japan||,Japan,culture,0.55,True,country.8820,Japan,138.59223,36.386493,1.0,country:1.00,matched,2026-04-27T16:46:48Z,jp
50316,Asian Art,849,||||||||Japan||,Japan,culture,0.55,True,country.8820,Japan,138.59223,36.386493,1.0,country:1.00,matched,2026-04-27T16:46:48Z,jp
50317,Asian Art,1549,||||||||Japan||,Japan,culture,0.55,True,country.8820,Japan,138.59223,36.386493,1.0,country:1.00,matched,2026-04-27T16:46:48Z,jp
50328,Asian Art,1716,||||||||Japan||,Japan,culture,0.55,True,country.8820,Japan,138.59223,36.386493,1.0,country:1.00,matched,2026-04-27T16:46:48Z,jp
50329,Asian Art,1683,||||||||Japan||,Japan,culture,0.55,True,country.8820,Japan,138.59223,36.386493,1.0,country:1.00,matched,2026-04-27T16:46:48Z,jp
50331,Asian Art,1639,||||||||Japan||,Japan,culture,0.55,True,country.8820,Japan,138.59223,36.386493,1.0,country:1.00,matched,2026-04-27T16:46:48Z,jp
50332,Asian Art,1635,||||||||Japan||,Japan,culture,0.55,True,country.8820,Japan,138.59223,36.386493,1.0,country:1.00,matched,2026-04-27T16:46:48Z,jp
50333,Asian Art,1633,||||||||Japan||,Japan,culture,0.55,True,country.8820,Japan,138.59223,36.386493,1.0,country:1.00,matched,2026-04-27T16:46:48Z,jp
50334,Asian Art,1639,||||||||Japan||,Japan,culture,0.55,True,country.8820,Japan,138.59223,36.386493,1.0,country:1.00,matched,2026-04-27T16:46:48Z,jp
50335,Asian Art,1785,||||||||Japan||,Japan,culture,0.55,True,country.8820,Japan,138.59223,36.386493,1.0,country:1.00,matched,2026-04-27T16:46:48Z,jp
50338,Asian Art,1685,||||||||Japan||,Japan,culture,0.55,True,country.8820,Japan,138.59223,36.386493,1.0,country:1.00,matched,2026-04-27T16:46:48Z,jp
50349,Asian Art,1774,||||||||Japan||,Japan,culture,0.55,True,country.8820,Japan,138.59223,36.386493,1.0,country:1.00,matched,2026-04-27T16:46:48Z,jp
50350,Asian Art,1700,||||||||Japan||,Japan,culture,0.55,True,country.8820,Japan,138.59223,36.386493,1.0,country:1.00,matched,2026-04-27T16:46:48Z,jp
50354,Asian Art,1149,||||||||Korea||,Korea,culture,0.55,True,country.8828,South Korea,128.168944,36.536236,1.0,country:1.00,matched,2026-04-27T16:46:49Z,kr
50355,Asian Art,1149,||||||||Korea||,Korea,culture,0.55,True,country.8828,South Korea,128.168944,36.536236,1.0,country:1.00,matched,2026-04-27T16:46:49Z,kr
50356,Asian Art,1224,||||||||Korea||,Korea,culture,0.55,True,country.8828,South Korea,128.168944,36.536236,1.0,country:1.00,matched,2026-04-27T16:46:49Z,kr
50357,Asian Art,1333,||||||||Korea||,Korea,culture,0.55,True,country.8828,South Korea,128.168944,36.536236,1.0,country:1.00,matched,2026-04-27T16:46:49Z,kr
50359,Asian Art,1249,||||||||Korea||,Korea,culture,0.55,True,country.8828,South Korea,128.168944,36.536236,1.0,country:1.00,matched,2026-04-27T16:46:49Z,kr
50362,Asian Art,7,||||||||China||,China,culture,0.55,True,country.8753,People's Republic of China,101.901875,35.486703,1.0,country:1.00,matched,2026-04-27T16:46:34Z,cn
50463,Asian Art,1549,||||||||China||,China,culture,0.55,True,country.8753,People's Republic of China,101.901875,35.486703,1.0,country:1.00,matched,2026-04-27T16:46:34Z,cn
50473,Asian Art,1692,||||||||China||,China,culture,0.55,True,country.8753,People's Republic of China,101.901875,35.486703,1.0,country:1.00,matched,2026-04-27T16:46:34Z,cn
50502,Asian Art,1775,||||||||China||,China,culture,0.55,True,country.8753,People's Republic of China,101.901875,35.486703,1.0,country:1.00,matched,2026-04-27T16:46:34Z,cn
50506,Asian Art,1700,||||||||China||,China,culture,0.55,True,country.8753,People's Republic of China,101.901875,35.486703,1.0,country:1.00,matched,2026-04-27T16:46:34Z,cn
50524,Asian Art,1633,||||||||China||,China,culture,0.55,True,country.8753,People's Republic of China,101.901875,35.486703,1.0,country:1.00,matched,2026-04-27T16:46:34Z,cn
50536,Asian Art,7,||||||||China||,China,culture,0.55,True,country.8753,People's Republic of China,101.901875,35.486703,1.0,country:1.00,matched,2026-04-27T16:46:34Z,cn
50547,Asian Art,1149,||||||||China||,China,culture,0.55,True,country.8753,People's Republic of China,101.901875,35.486703,1.0,country:1.00,matched,2026-04-27T16:46:34Z,cn
50548,Asian Art,1349,||||||||China||,China,culture,0.55,True,country.8753,People's Republic of China,101.901875,35.486703,1.0,country:1.00,matched,2026-04-27T16:46:34Z,cn
50563,Asian Art,-366,||||||||China||,China,culture,0.55,True,country.8753,People's Republic of China,101.901875,35.486703,1.0,country:1.00,matched,2026-04-27T16:46:34Z,cn
50567,Asian Art,1199,||||||||China||,China,culture,0.55,True,country.8753,People's Republic of China,101.901875,35.486703,1.0,country:1.00,matched,2026-04-27T16:46:34Z,cn
50568,Asian Art,1199,||||||||China||,China,culture,0.55,True,country.8753,People's Republic of China,101.901875,35.486703,1.0,country:1.00,matched,2026-04-27T16:46:34Z,cn
50655,Asian Art,1334,||||||||China||,China,culture,0.55,True,country.8753,People's Republic of China,101.901875,35.486703,1.0,country:1.00,matched,2026-04-27T16:46:34Z,cn
50659,Asian Art,1043,||||||||China||,China,culture,0.55,True,country.8753,People's Republic of China,101.901875,35.486703,1.0,country:1.00,matched,2026-04-27T16:46:34Z,cn
50692,Asian Art,1765,||||||||China||,China,culture,0.55,True,country.8753,People's Republic of China,101.901875,35.486703,1.0,country:1.00,matched,2026-04-27T16:46:34Z,cn
50694,Asian Art,1724,||||||||China||,China,culture,0.55,True,country.8753,People's Republic of China,101.901875,35.486703,1.0,country:1.00,matched,2026-04-27T16:46:34Z,cn
50700,Asian Art,1200,||||||||China||,China,culture,0.55,True,country.8753,People's Republic of China,101.901875,35.486703,1.0,country:1.00,matched,2026-04-27T16:46:34Z,cn
50702,Asian Art,335,||||||||China||,China,culture,0.55,True,country.8753,People's Republic of China,101.901875,35.486703,1.0,country:1.00,matched,2026-04-27T16:46:34Z,cn
50707,Asian Art,349,||||||||China||,China,culture,0.55,True,country.8753,People's Republic of China,101.901875,35.486703,1.0,country:1.00,matched,2026-04-27T16:46:34Z,cn
50708,Asian Art,410,||||||||China||,China,culture,0.55,True,country.8753,People's Republic of China,101.901875,35.486703,1.0,country:1.00,matched,2026-04-27T16:46:34Z,cn
50709,Asian Art,658,||||||||China||,China,culture,0.55,True,country.8753,People's Republic of China,101.901875,35.486703,1.0,country:1.00,matched,2026-04-27T16:46:34Z,cn
50713,Asian Art,1916,||||||||China||,China,culture,0.55,True,country.8753,People's Republic of China,101.901875,35.486703,1.0,country:1.00,matched,2026-04-27T16:46:34Z,cn
50714,Asian Art,1916,||||||||China||,China,culture,0.55,True,country.8753,People's Republic of China,101.901875,35.486703,1.0,country:1.00,matched,2026-04-27T16:46:34Z,cn
50722,Asian Art,1319,||||||||China||,China,culture,0.55,True,country.8753,People's Republic of China,101.901875,35.486703,1.0,country:1.00,matched,2026-04-27T16:46:34Z,cn
50726,Asian Art,1749,||||||||China||,China,culture,0.55,True,country.8753,People's Republic of China,101.901875,35.486703,1.0,country:1.00,matched,2026-04-27T16:46:34Z,cn
50735,Asian Art,1692,||||||||China||,China,culture,0.55,True,country.8753,People's Republic of China,101.901875,35.486703,1.0,country:1.00,matched,2026-04-27T16:46:34Z,cn
50737,Asian Art,1749,||||||||China||,China,culture,0.55,True,country.8753,People's Republic of China,101.901875,35.486703,1.0,country:1.00,matched,2026-04-27T16:46:34Z,cn
50738,Asian Art,1849,||||||||China||,China,culture,0.55,True,country.8753,People's Republic of China,101.901875,35.486703,1.0,country:1.00,matched,2026-04-27T16:46:34Z,cn
50739,Asian Art,1765,||||||||China||,China,culture,0.55,True,country.8753,People's Republic of China,101.901875,35.486703,1.0,country:1.00,matched,2026-04-27T16:46:34Z,cn
50740,Asian Art,1692,||||||||China||,China,culture,0.55,True,country.8753,People's Republic of China,101.901875,35.486703,1.0,country:1.00,matched,2026-04-27T16:46:34Z,cn
50741,Asian Art,1833,||||||||China||,China,culture,0.55,True,country.8753,People's Republic of China,101.901875,35.486703,1.0,country:1.00,matched,2026-04-27T16:46:34Z,cn
50742,Asian Art,1833,||||||||China||,China,culture,0.55,True,country.8753,People's Republic of China,101.901875,35.486703,1.0,country:1.00,matched,2026-04-27T16:46:34Z,cn
50743,Asian Art,1833,||||||||China||,China,culture,0.55,True,country.8753,People's Republic of China,101.901875,35.486703,1.0,country:1.00,matched,2026-04-27T16:46:34Z,cn
50747,Asian Art,1849,||||||||China||,China,culture,0.55,True,country.8753,People's Republic of China,101.901875,35.486703,1.0,country:1.00,matched,2026-04-27T16:46:34Z,cn
50748,Asian Art,1849,||||||||China||,China,culture,0.55,True,country.8753,People's Republic of China,101.901875,35.486703,1.0,country:1.00,matched,2026-04-27T16:46:34Z,cn
50749,Asian Art,1849,||||||||China||,China,culture,0.55,True,country.8753,People's Republic of China,101.901875,35.486703,1.0,country:1.00,matched,2026-04-27T16:46:34Z,cn
50765,Asian Art,1729,||||||||China||,China,culture,0.55,True,country.8753,People's Republic of China,101.901875,35.486703,1.0,country:1.00,matched,2026-04-27T16:46:34Z,cn
50770,Asian Art,1334,||||||||China||,China,culture,0.55,True,country.8753,People's Republic of China,101.901875,35.486703,1.0,country:1.00,matched,2026-04-27T16:46:34Z,cn
50773,Asian Art,1700,||||||||China||,China,culture,0.55,True,country.8753,People's Republic of China,101.901875,35.486703,1.0,country:1.00,matched,2026-04-27T16:46:34Z,cn
50777,Asian Art,1596,||||||||China||,China,culture,0.55,True,country.8753,People's Republic of China,101.901875,35.486703,1.0,country:1.00,matched,2026-04-27T16:46:34Z,cn
50783,Asian Art,1499,||||||||China||,China,culture,0.55,True,country.8753,People's Republic of China,101.901875,35.486703,1.0,country:1.00,matched,2026-04-27T16:46:34Z,cn
50813,Asian Art,1749,||||||||China||,China,culture,0.55,True,country.8753,People's Republic of China,101.901875,35.486703,1.0,country:1.00,matched,2026-04-27T16:46:34Z,cn
50815,Asian Art,1716,||||||||China||,China,culture,0.55,True,country.8753,People's Republic of China,101.901875,35.486703,1.0,country:1.00,matched,2026-04-27T16:46:34Z,cn
50816,Asian Art,1692,||||||||China||,China,culture,0.55,True,country.8753,People's Republic of China,101.901875,35.486703,1.0,country:1.00,matched,2026-04-27T16:46:34Z,cn
50817,Asian Art,1692,||||||||China||,China,culture,0.55,True,country.8753,People's Republic of China,101.901875,35.486703,1.0,country:1.00,matched,2026-04-27T16:46:34Z,cn
50819,Asian Art,1765,||||||||China||,China,culture,0.55,True,country.8753,People's Republic of China,101.901875,35.486703,1.0,country:1.00,matched,2026-04-27T16:46:34Z,cn
50820,Asian Art,1716,||||||||China||,China,culture,0.55,True,country.8753,People's Republic of China,101.901875,35.486703,1.0,country:1.00,matched,2026-04-27T16:46:34Z,cn
50824,Asian Art,1692,||||||||China||,China,culture,0.55,True,country.8753,People's Republic of China,101.901875,35.486703,1.0,country:1.00,matched,2026-04-27T16:46:34Z,cn
50830,Asian Art,1549,||||||||China||,China,culture,0.55,True,country.8753,People's Republic of China,101.901875,35.486703,1.0,country:1.00,matched,2026-04-27T16:46:34Z,cn
50834,Asian Art,1692,||||||||China||,China,culture,0.55,True,country.8753,People's Republic of China,101.901875,35.486703,1.0,country:1.00,matched,2026-04-27T16:46:34Z,cn
50837,Asian Art,1695,||||||||China||,China,culture,0.55,True,country.8753,People's Republic of China,101.901875,35.486703,1.0,country:1.00,matched,2026-04-27T16:46:34Z,cn
50839,Asian Art,1692,||||||||China||,China,culture,0.55,True,country.8753,People's Republic of China,101.901875,35.486703,1.0,country:1.00,matched,2026-04-27T16:46:34Z,cn
50840,Asian Art,1692,||||||||China||,China,culture,0.55,True,country.8753,People's Republic of China,101.901875,35.486703,1.0,country:1.00,matched,2026-04-27T16:46:34Z,cn
50841,Asian Art,1692,||||||||China||,China,culture,0.55,True,country.8753,People's Republic of China,101.901875,35.486703,1.0,country:1.00,matched,2026-04-27T16:46:34Z,cn
50842,Asian Art,1799,||||||||China||,China,culture,0.55,True,country.8753,People's Republic of China,101.901875,35.486703,1.0,country:1.00,matched,2026-04-27T16:46:34Z,cn
50844,Asian Art,1549,||||||||China||,China,culture,0.55,True,country.8753,People's Republic of China,101.901875,35.486703,1.0,country:1.00,matched,2026-04-27T16:46:34Z,cn
50846,Asian Art,1596,||||||||China||,China,culture,0.55,True,country.8753,People's Republic of China,101.901875,35.486703,1.0,country:1.00,matched,2026-04-27T16:46:34Z,cn
50848,Asian Art,1483,||||||||China||,China,culture,0.55,True,country.8753,People's Republic of China,101.901875,35.486703,1.0,country:1.00,matched,2026-04-27T16:46:34Z,cn
50880,Asian Art,1824,||||||||China||,China,culture,0.55,True,country.8753,People's Republic of China,101.901875,35.486703,1.0,country:1.00,matched,2026-04-27T16:46:34Z,cn
50881,Asian Art,1810,||||||||China||,China,culture,0.55,True,country.8753,People's Republic of China,101.901875,35.486703,1.0,country:1.00,matched,2026-04-27T16:46:34Z,cn
50883,Asian Art,1749,||||||||China||,China,culture,0.55,True,country.8753,People's Republic of China,101.901875,35.486703,1.0,country:1.00,matched,2026-04-27T16:46:34Z,cn
50884,Asian Art,1810,||||||||China||,China,culture,0.55,True,country.8753,People's Republic of China,101.901875,35.486703,1.0,country:1.00,matched,2026-04-27T16:46:34Z,cn
50885,Asian Art,1700,||||||||China||,China,culture,0.55,True,country.8753,People's Republic of China,101.901875,35.486703,1.0,country:1.00,matched,2026-04-27T16:46:34Z,cn
50886,Asian Art,1749,||||||||China||,China,culture,0.55,True,country.8753,People's Republic of China,101.901875,35.486703,1.0,country:1.00,matched,2026-04-27T16:46:34Z,cn
50891,Asian Art,1700,||||||||China||,China,culture,0.55,True,country.8753,People's Republic of China,101.901875,35.486703,1.0,country:1.00,matched,2026-04-27T16:46:34Z,cn
50906,Asian Art,1777,||||||||China||,China,culture,0.55,True,country.8753,People's Republic of China,101.901875,35.486703,1.0,country:1.00,matched,2026-04-27T16:46:34Z,cn
50907,Asian Art,1692,||||||||China||,China,culture,0.55,True,country.8753,People's Republic of China,101.901875,35.486703,1.0,country:1.00,matched,2026-04-27T16:46:34Z,cn
50908,Asian Art,1692,||||||||China||,China,culture,0.55,True,country.8753,People's Republic of China,101.901875,35.486703,1.0,country:1.00,matched,2026-04-27T16:46:34Z,cn
50919,Asian Art,1700,||||||||China||,China,culture,0.55,True,country.8753,People's Republic of China,101.901875,35.486703,1.0,country:1.00,matched,2026-04-27T16:46:34Z,cn
50921,Asian Art,1700,||||||||China||,China,culture,0.55,True,country.8753,People's Republic of China,101.901875,35.486703,1.0,country:1.00,matched,2026-04-27T16:46:34Z,cn
50935,Asian Art,1657,||||||||China||,China,culture,0.55,True,country.8753,People's Republic of China,101.901875,35.486703,1.0,country:1.00,matched,2026-04-27T16:46:34Z,cn
50938,Asian Art,1824,||||||||China||,China,culture,0.55,True,country.8753,People's Republic of China,101.901875,35.486703,1.0,country:1.00,matched,2026-04-27T16:46:34Z,cn
50942,Asian Art,1824,||||||||China||,China,culture,0.55,True,country.8753,People's Republic of China,101.901875,35.486703,1.0,country:1.00,matched,2026-04-27T16:46:34Z,cn
50943,Asian Art,1683,||||||||China||,China,culture,0.55,True,country.8753,People's Republic of China,101.901875,35.486703,1.0,country:1.00,matched,2026-04-27T16:46:34Z,cn
50944,Asian Art,1749,||||||||China||,China,culture,0.55,True,country.8753,People's Republic of China,101.901875,35.486703,1.0,country:1.00,matched,2026-04-27T16:46:34Z,cn
50948,Asian Art,1700,||||||||China||,China,culture,0.55,True,country.8753,People's Republic of China,101.901875,35.486703,1.0,country:1.00,matched,2026-04-27T16:46:34Z,cn
50950,Asian Art,1700,||||||||China||,China,culture,0.55,True,country.8753,People's Republic of China,101.901875,35.486703,1.0,country:1.00,matched,2026-04-27T16:46:34Z,cn
50952,Asian Art,1700,||||||||China||,China,culture,0.55,True,country.8753,People's Republic of China,101.901875,35.486703,1.0,country:1.00,matched,2026-04-27T16:46:34Z,cn
50960,Asian Art,1716,||||||||China||,China,culture,0.55,True,country.8753,People's Republic of China,101.901875,35.486703,1.0,country:1.00,matched,2026-04-27T16:46:34Z,cn
50963,Asian Art,1808,||||||||China||,China,culture,0.55,True,country.8753,People's Republic of China,101.901875,35.486703,1.0,country:1.00,matched,2026-04-27T16:46:34Z,cn
50971,Asian Art,749,||||||||China||,China,culture,0.55,True,country.8753,People's Republic of China,101.901875,35.486703,1.0,country:1.00,matched,2026-04-27T16:46:34Z,cn
50973,Asian Art,716,||||||||China||,China,culture,0.55,True,country.8753,People's Republic of China,101.901875,35.486703,1.0,country:1.00,matched,2026-04-27T16:46:34Z,cn
50975,Asian Art,1949,||||||||China||,China,culture,0.55,True,country.8753,People's Republic of China,101.901875,35.486703,1.0,country:1.00,matched,2026-04-27T16:46:34Z,cn
50981,Asian Art,1729,||||||||China||,China,culture,0.55,True,country.8753,People's Republic of China,101.901875,35.486703,1.0,country:1.00,matched,2026-04-27T16:46:34Z,cn
50998,Asian Art,1692,||||||||China||,China,culture,0.55,True,country.8753,People's Republic of China,101.901875,35.486703,1.0,country:1.00,matched,2026-04-27T16:46:34Z,cn
50999,Asian Art,1692,||||||||China||,China,culture,0.55,True,country.8753,People's Republic of China,101.901875,35.486703,1.0,country:1.00,matched,2026-04-27T16:46:34Z,cn
51000,Asian Art,1692,||||||||China||,China,culture,0.55,True,country.8753,People's Republic of China,101.901875,35.486703,1.0,country:1.00,matched,2026-04-27T16:46:34Z,cn
51001,Asian Art,1692,||||||||China||,China,culture,0.55,True,country.8753,People's Republic of China,101.901875,35.486703,1.0,country:1.00,matched,2026-04-27T16:46:34Z,cn
51002,Asian Art,1729,||||||||China||,China,culture,0.55,True,country.8753,People's Republic of China,101.901875,35.486703,1.0,country:1.00,matched,2026-04-27T16:46:34Z,cn
51003,Asian Art,1729,||||||||China||,China,culture,0.55,True,country.8753,People's Republic of China,101.901875,35.486703,1.0,country:1.00,matched,2026-04-27T16:46:34Z,cn
51005,Asian Art,1672,||||||||China||,China,culture,0.55,True,country.8753,People's Republic of China,101.901875,35.486703,1.0,country:1.00,matched,2026-04-27T16:46:34Z,cn
51007,Asian Art,1729,||||||||China||,China,culture,0.55,True,country.8753,People's Republic of China,101.901875,35.486703,1.0,country:1.00,matched,2026-04-27T16:46:34Z,cn
51008,Asian Art,1729,||||||||China||,China,culture,0.55,True,country.8753,People's Republic of China,101.901875,35.486703,1.0,country:1.00,matched,2026-04-27T16:46:34Z,cn
51009,Asian Art,1692,||||||||China||,China,culture,0.55,True,country.8753,People's Republic of China,101.901875,35.486703,1.0,country:1.00,matched,2026-04-27T16:46:34Z,cn
51010,Asian Art,1692,||||||||China||,China,culture,0.55,True,country.8753,People's Republic of China,101.901875,35.486703,1.0,country:1.00,matched,2026-04-27T16:46:34Z,cn
51011,Asian Art,1765,||||||||China||,China,culture,0.55,True,country.8753,People's Republic of China,101.901875,35.486703,1.0,country:1.00,matched,2026-04-27T16:46:34Z,cn
51012,Asian Art,1759,||||||||China||,China,culture,0.55,True,country.8753,People's Republic of China,101.901875,35.486703,1.0,country:1.00,matched,2026-04-27T16:46:34Z,cn
51013,Asian Art,1692,||||||||China||,China,culture,0.55,True,country.8753,People's Republic of China,101.901875,35.486703,1.0,country:1.00,matched,2026-04-27T16:46:34Z,cn
51014,Asian Art,1765,||||||||China||,China,culture,0.55,True,country.8753,People's Republic of China,101.901875,35.486703,1.0,country:1.00,matched,2026-04-27T16:46:34Z,cn
51015,Asian Art,1765,||||||||China||,China,culture,0.55,True,country.8753,People's Republic of China,101.901875,35.486703,1.0,country:1.00,matched,2026-04-27T16:46:34Z,cn
51017,Asian Art,1729,||||||||China||,China,culture,0.55,True,country.8753,People's Republic of China,101.901875,35.486703,1.0,country:1.00,matched,2026-04-27T16:46:34Z,cn
51018,Asian Art,1729,||||||||China||,China,culture,0.55,True,country.8753,People's Republic of China,101.901875,35.486703,1.0,country:1.00,matched,2026-04-27T16:46:34Z,cn
51019,Asian Art,1808,||||||||China||,China,culture,0.55,True,country.8753,People's Republic of China,101.901875,35.486703,1.0,country:1.00,matched,2026-04-27T16:46:34Z,cn
51020,Asian Art,1765,||||||||China||,China,culture,0.55,True,country.8753,People's Republic of China,101.901875,35.486703,1.0,country:1.00,matched,2026-04-27T16:46:34Z,cn
51021,Asian Art,1765,||||||||China||,China,culture,0.55,True,country.8753,People's Republic of China,101.901875,35.486703,1.0,country:1.00,matched,2026-04-27T16:46:34Z,cn
51023,Asian Art,1506,||||||||China||,China,culture,0.55,True,country.8753,People's Republic of China,101.901875,35.486703,1.0,country:1.00,matched,2026-04-27T16:46:34Z,cn
51024,Asian Art,1319,||||||||China||,China,culture,0.55,True,country.8753,People's Republic of China,101.901875,35.486703,1.0,country:1.00,matched,2026-04-27T16:46:34Z,cn
51025,Asian Art,1457,||||||||China||,China,culture,0.55,True,country.8753,People's Republic of China,101.901875,35.486703,1.0,country:1.00,matched,2026-04-27T16:46:34Z,cn
51026,Asian Art,1506,||||||||China||,China,culture,0.55,True,country.8753,People's Republic of China,101.901875,35.486703,1.0,country:1.00,matched,2026-04-27T16:46:34Z,cn
51027,Asian Art,1692,||||||||China||,China,culture,0.55,True,country.8753,People's Republic of China,101.901875,35.486703,1.0,country:1.00,matched,2026-04-27T16:46:34Z,cn
51032,Asian Art,1692,||||||||China||,China,culture,0.55,True,country.8753,People's Republic of China,101.901875,35.486703,1.0,country:1.00,matched,2026-04-27T16:46:34Z,cn
51041,Asian Art,1765,||||||||China||,China,culture,0.55,True,country.8753,People's Republic of China,101.901875,35.486703,1.0,country:1.00,matched,2026-04-27T16:46:34Z,cn
51044,Asian Art,1199,||||||||China||,China,culture,0.55,True,country.8753,People's Republic of China,101.901875,35.486703,1.0,country:1.00,matched,2026-04-27T16:46:34Z,cn
51045,Asian Art,1334,||||||||China||,China,culture,0.55,True,country.8753,People's Republic of China,101.901875,35.486703,1.0,country:1.00,matched,2026-04-27T16:46:34Z,cn
51049,Asian Art,1119,||||||||China||,China,culture,0.55,True,country.8753,People's Republic of China,101.901875,35.486703,1.0,country:1.00,matched,2026-04-27T16:46:34Z,cn
51050,Asian Art,1239,||||||||China||,China,culture,0.55,True,country.8753,People's Republic of China,101.901875,35.486703,1.0,country:1.00,matched,2026-04-27T16:46:34Z,cn
51056,Asian Art,1765,||||||||China||,China,culture,0.55,True,country.8753,People's Republic of China,101.901875,35.486703,1.0,country:1.00,matched,2026-04-27T16:46:34Z,cn
51063,Asian Art,1781,||||||||China||,China,culture,0.55,True,country.8753,People's Republic of China,101.901875,35.486703,1.0,country:1.00,matched,2026-04-27T16:46:34Z,cn
51064,Asian Art,1649,||||||||China||,China,culture,0.55,True,country.8753,People's Republic of China,101.901875,35.486703,1.0,country:1.00,matched,2026-04-27T16:46:34Z,cn
51066,Asian Art,1203,||||||||China||,China,culture,0.55,True,country.8753,People's Republic of China,101.901875,35.486703,1.0,country:1.00,matched,2026-04-27T16:46:34Z,cn
51067,Asian Art,1119,||||||||China||,China,culture,0.55,True,country.8753,People's Republic of China,101.901875,35.486703,1.0,country:1.00,matched,2026-04-27T16:46:34Z,cn
51080,Asian Art,762,||||||||China||,China,culture,0.55,True,country.8753,People's Republic of China,101.901875,35.486703,1.0,country:1.00,matched,2026-04-27T16:46:34Z,cn
51106,Asian Art,1824,||||||||China||,China,culture,0.55,True,country.8753,People's Republic of China,101.901875,35.486703,1.0,country:1.00,matched,2026-04-27T16:46:34Z,cn
51124,Asian Art,1824,||||||||China||,China,culture,0.55,True,country.8753,People's Republic of China,101.901875,35.486703,1.0,country:1.00,matched,2026-04-27T16:46:34Z,cn
51130,Asian Art,1824,||||||||China||,China,culture,0.55,True,country.8753,People's Republic of China,101.901875,35.486703,1.0,country:1.00,matched,2026-04-27T16:46:34Z,cn
51133,Asian Art,1808,||||||||China||,China,culture,0.55,True,country.8753,People's Republic of China,101.901875,35.486703,1.0,country:1.00,matched,2026-04-27T16:46:34Z,cn
51134,Asian Art,1824,||||||||China||,China,culture,0.55,True,country.8753,People's Republic of China,101.901875,35.486703,1.0,country:1.00,matched,2026-04-27T16:46:34Z,cn
51138,Asian Art,1835,||||||||China||,China,culture,0.55,True,country.8753,People's Republic of China,101.901875,35.486703,1.0,country:1.00,matched,2026-04-27T16:46:34Z,cn
51142,Asian Art,1849,||||||||China||,China,culture,0.55,True,country.8753,People's Republic of China,101.901875,35.486703,1.0,country:1.00,matched,2026-04-27T16:46:34Z,cn
51160,Asian Art,1765,||||||||China||,China,culture,0.55,True,country.8753,People's Republic of China,101.901875,35.486703,1.0,country:1.00,matched,2026-04-27T16:46:34Z,cn
51161,Asian Art,1800,||||||||China||,China,culture,0.55,True,country.8753,People's Republic of China,101.901875,35.486703,1.0,country:1.00,matched,2026-04-27T16:46:34Z,cn
51168,Asian Art,1808,||||||||China||,China,culture,0.55,True,country.8753,People's Republic of China,101.901875,35.486703,1.0,country:1.00,matched,2026-04-27T16:46:34Z,cn
51173,Asian Art,1808,||||||||China||,China,culture,0.55,True,country.8753,People's Republic of China,101.901875,35.486703,1.0,country:1.00,matched,2026-04-27T16:46:34Z,cn
51179,Asian Art,1777,||||||||China||,China,culture,0.55,True,country.8753,People's Republic of China,101.901875,35.486703,1.0,country:1.00,matched,2026-04-27T16:46:34Z,cn
51183,Asian Art,1729,||||||||China||,China,culture,0.55,True,country.8753,People's Republic of China,101.901875,35.486703,1.0,country:1.00,matched,2026-04-27T16:46:34Z,cn
51187,Asian Art,1835,||||||||China||,China,culture,0.55,True,country.8753,People's Republic of China,101.901875,35.486703,1.0,country:1.00,matched,2026-04-27T16:46:34Z,cn
51192,Asian Art,1824,||||||||China||,China,culture,0.55,True,country.8753,People's Republic of China,101.901875,35.486703,1.0,country:1.00,matched,2026-04-27T16:46:34Z,cn
51206,Asian Art,1319,||||||||China||,China,culture,0.55,True,country.8753,People's Republic of China,101.901875,35.486703,1.0,country:1.00,matched,2026-04-27T16:46:34Z,cn
51210,Asian Art,1824,||||||||China||,China,culture,0.55,True,country.8753,People's Republic of China,101.901875,35.486703,1.0,country:1.00,matched,2026-04-27T16:46:34Z,cn
51213,Asian Art,1575,||||||||China||,China,culture,0.55,True,country.8753,People's Republic of China,101.901875,35.486703,1.0,country:1.00,matched,2026-04-27T16:46:34Z,cn
51217,Asian Art,1765,||||||||China||,China,culture,0.55,True,country.8753,People's Republic of China,101.901875,35.486703,1.0,country:1.00,matched,2026-04-27T16:46:34Z,cn
51218,Asian Art,1849,||||||||China||,China,culture,0.55,True,country.8753,People's Republic of China,101.901875,35.486703,1.0,country:1.00,matched,2026-04-27T16:46:34Z,cn
51222,Asian Art,1783,||||||||China||,China,culture,0.55,True,country.8753,People's Republic of China,101.901875,35.486703,1.0,country:1.00,matched,2026-04-27T16:46:34Z,cn
51223,Asian Art,1711,||||||||China||,China,culture,0.55,True,country.8753,People's Republic of China,101.901875,35.486703,1.0,country:1.00,matched,2026-04-27T16:46:34Z,cn
51224,Asian Art,1849,||||||||China||,China,culture,0.55,True,country.8753,People's Republic of China,101.901875,35.486703,1.0,country:1.00,matched,2026-04-27T16:46:34Z,cn
51232,Asian Art,1849,||||||||China||,China,culture,0.55,True,country.8753,People's Republic of China,101.901875,35.486703,1.0,country:1.00,matched,2026-04-27T16:46:34Z,cn
51245,Asian Art,1849,||||||||China||,China,culture,0.55,True,country.8753,People's Republic of China,101.901875,35.486703,1.0,country:1.00,matched,2026-04-27T16:46:34Z,cn
51247,Asian Art,1833,||||||||China||,China,culture,0.55,True,country.8753,People's Republic of China,101.901875,35.486703,1.0,country:1.00,matched,2026-04-27T16:46:34Z,cn
51359,Asian Art,1149,||||||||Korea||,Korea,culture,0.55,True,country.8828,South Korea,128.168944,36.536236,1.0,country:1.00,matched,2026-04-27T16:46:49Z,kr
51946,Asian Art,-100,||||||||Vietnam (North)||,"North, Vietnam",culture||country,0.55,True,country.8948,Vietnam,108.339537,14.315424,0.5,country:0.50,matched,2026-04-27T16:46:57Z,vn
52014,Asian Art,7,||||||||China||,China,culture,0.55,True,country.8753,People's Republic of China,101.901875,35.486703,1.0,country:1.00,matched,2026-04-27T16:46:34Z,cn
52017,Asian Art,1729,||||||||China||,China,culture,0.55,True,country.8753,People's Republic of China,101.901875,35.486703,1.0,country:1.00,matched,2026-04-27T16:46:34Z,cn
52018,Asian Art,1729,||||||||China||,China,culture,0.55,True,country.8753,People's Republic of China,101.901875,35.486703,1.0,country:1.00,matched,2026-04-27T16:46:34Z,cn
52019,Asian Art,1692,||||||||China||,China,culture,0.55,True,country.8753,People's Republic of China,101.901875,35.486703,1.0,country:1.00,matched,2026-04-27T16:46:34Z,cn
52020,Asian Art,1666,||||||||China||,China,culture,0.55,True,country.8753,People's Republic of China,101.901875,35.486703,1.0,country:1.00,matched,2026-04-27T16:46:34Z,cn
52021,Asian Art,1729,||||||||China||,China,culture,0.55,True,country.8753,People's Republic of China,101.901875,35.486703,1.0,country:1.00,matched,2026-04-27T16:46:34Z,cn
52022,Asian Art,1729,||||||||China||,China,culture,0.55,True,country.8753,People's Republic of China,101.901875,35.486703,1.0,country:1.00,matched,2026-04-27T16:46:34Z,cn
52023,Asian Art,1695,||||||||China||,China,culture,0.55,True,country.8753,People's Republic of China,101.901875,35.486703,1.0,country:1.00,matched,2026-04-27T16:46:34Z,cn
52024,Asian Art,1781,||||||||China||,China,culture,0.55,True,country.8753,People's Republic of China,101.901875,35.486703,1.0,country:1.00,matched,2026-04-27T16:46:34Z,cn
52026,Asian Art,1729,||||||||China||,China,culture,0.55,True,country.8753,People's Republic of China,101.901875,35.486703,1.0,country:1.00,matched,2026-04-27T16:46:34Z,cn
52029,Asian Art,1765,||||||||China||,China,culture,0.55,True,country.8753,People's Republic of China,101.901875,35.486703,1.0,country:1.00,matched,2026-04-27T16:46:34Z,cn
52033,Asian Art,1692,||||||||China||,China,culture,0.55,True,country.8753,People's Republic of China,101.901875,35.486703,1.0,country:1.00,matched,2026-04-27T16:46:34Z,cn
52034,Asian Art,1692,||||||||China||,China,culture,0.55,True,country.8753,People's Republic of China,101.901875,35.486703,1.0,country:1.00,matched,2026-04-27T16:46:34Z,cn
52036,Asian Art,1749,||||||||China||,China,culture,0.55,True,country.8753,People's Republic of China,101.901875,35.486703,1.0,country:1.00,matched,2026-04-27T16:46:34Z,cn
52038,Asian Art,1692,||||||||China||,China,culture,0.55,True,country.8753,People's Republic of China,101.901875,35.486703,1.0,country:1.00,matched,2026-04-27T16:46:34Z,cn
52039,Asian Art,1765,||||||||China||,China,culture,0.55,True,country.8753,People's Republic of China,101.901875,35.486703,1.0,country:1.00,matched,2026-04-27T16:46:34Z,cn
52040,Asian Art,1692,||||||||China||,China,culture,0.55,True,country.8753,People's Republic of China,101.901875,35.486703,1.0,country:1.00,matched,2026-04-27T16:46:34Z,cn
52041,Asian Art,1749,||||||||China||,China,culture,0.55,True,country.8753,People's Republic of China,101.901875,35.486703,1.0,country:1.00,matched,2026-04-27T16:46:34Z,cn
52043,Asian Art,1692,||||||||China||,China,culture,0.55,True,country.8753,People's Republic of China,101.901875,35.486703,1.0,country:1.00,matched,2026-04-27T16:46:34Z,cn
52044,Asian Art,1692,||||||||China||,China,culture,0.55,True,country.8753,People's Republic of China,101.901875,35.486703,1.0,country:1.00,matched,2026-04-27T16:46:34Z,cn
52046,Asian Art,1692,||||||||China||,China,culture,0.55,True,country.8753,People's Republic of China,101.901875,35.486703,1.0,country:1.00,matched,2026-04-27T16:46:34Z,cn
52047,Asian Art,1692,||||||||China||,China,culture,0.55,True,country.8753,People's Republic of China,101.901875,35.486703,1.0,country:1.00,matched,2026-04-27T16:46:34Z,cn
52049,Asian Art,1692,||||||||China||,China,culture,0.55,True,country.8753,People's Republic of China,101.901875,35.486703,1.0,country:1.00,matched,2026-04-27T16:46:34Z,cn
52050,Asian Art,1777,||||||||China||,China,culture,0.55,True,country.8753,People's Republic of China,101.901875,35.486703,1.0,country:1.00,matched,2026-04-27T16:46:34Z,cn
52052,Asian Art,1692,||||||||China||,China,culture,0.55,True,country.8753,People's Republic of China,101.901875,35.486703,1.0,country:1.00,matched,2026-04-27T16:46:34Z,cn
52053,Asian Art,1692,||||||||China||,China,culture,0.55,True,country.8753,People's Republic of China,101.901875,35.486703,1.0,country:1.00,matched,2026-04-27T16:46:34Z,cn
52054,Asian Art,1699,||||||||China||,China,culture,0.55,True,country.8753,People's Republic of China,101.901875,35.486703,1.0,country:1.00,matched,2026-04-27T16:46:34Z,cn
52055,Asian Art,1692,||||||||China||,China,culture,0.55,True,country.8753,People's Republic of China,101.901875,35.486703,1.0,country:1.00,matched,2026-04-27T16:46:34Z,cn
52056,Asian Art,1733,||||||||China||,China,culture,0.55,True,country.8753,People's Republic of China,101.901875,35.486703,1.0,country:1.00,matched,2026-04-27T16:46:34Z,cn
52057,Asian Art,1692,||||||||China||,China,culture,0.55,True,country.8753,People's Republic of China,101.901875,35.486703,1.0,country:1.00,matched,2026-04-27T16:46:34Z,cn
52058,Asian Art,1692,||||||||China||,China,culture,0.55,True,country.8753,People's Republic of China,101.901875,35.486703,1.0,country:1.00,matched,2026-04-27T16:46:34Z,cn
52059,Asian Art,1692,||||||||China||,China,culture,0.55,True,country.8753,People's Republic of China,101.901875,35.486703,1.0,country:1.00,matched,2026-04-27T16:46:34Z,cn
52060,Asian Art,1692,||||||||China||,China,culture,0.55,True,country.8753,People's Republic of China,101.901875,35.486703,1.0,country:1.00,matched,2026-04-27T16:46:34Z,cn
52061,Asian Art,1692,||||||||China||,China,culture,0.55,True,country.8753,People's Republic of China,101.901875,35.486703,1.0,country:1.00,matched,2026-04-27T16:46:34Z,cn
52063,Asian Art,1849,||||||||China||,China,culture,0.55,True,country.8753,People's Republic of China,101.901875,35.486703,1.0,country:1.00,matched,2026-04-27T16:46:34Z,cn
52064,Asian Art,1692,||||||||China||,China,culture,0.55,True,country.8753,People's Republic of China,101.901875,35.486703,1.0,country:1.00,matched,2026-04-27T16:46:34Z,cn
52065,Asian Art,1749,||||||||China||,China,culture,0.55,True,country.8753,People's Republic of China,101.901875,35.486703,1.0,country:1.00,matched,2026-04-27T16:46:34Z,cn
52066,Asian Art,1765,||||||||China||,China,culture,0.55,True,country.8753,People's Republic of China,101.901875,35.486703,1.0,country:1.00,matched,2026-04-27T16:46:34Z,cn
52067,Asian Art,1549,||||||||China||,China,culture,0.55,True,country.8753,People's Republic of China,101.901875,35.486703,1.0,country:1.00,matched,2026-04-27T16:46:34Z,cn
52069,Asian Art,762,||||||||China||,China,culture,0.55,True,country.8753,People's Republic of China,101.901875,35.486703,1.0,country:1.00,matched,2026-04-27T16:46:34Z,cn
52075,Asian Art,1596,||||||||China||,China,culture,0.55,True,country.8753,People's Republic of China,101.901875,35.486703,1.0,country:1.00,matched,2026-04-27T16:46:34Z,cn
52076,Asian Art,1692,||||||||China||,China,culture,0.55,True,country.8753,People's Republic of China,101.901875,35.486703,1.0,country:1.00,matched,2026-04-27T16:46:34Z,cn
52081,Asian Art,1283,||||||||Korea||,Korea,culture,0.55,True,country.8828,South Korea,128.168944,36.536236,1.0,country:1.00,matched,2026-04-27T16:46:49Z,kr
52085,Asian Art,1149,||||||||Korea||,Korea,culture,0.55,True,country.8828,South Korea,128.168944,36.536236,1.0,country:1.00,matched,2026-04-27T16:46:49Z,kr
52089,Asian Art,1680,||||||||Japan||,Japan,culture,0.55,True,country.8820,Japan,138.59223,36.386493,1.0,country:1.00,matched,2026-04-27T16:46:48Z,jp
52208,Asian Art,1649,||||||||Japan||,Japan,culture,0.55,True,country.8820,Japan,138.59223,36.386493,1.0,country:1.00,matched,2026-04-27T16:46:48Z,jp
52214,Asian Art,1849,||||||||Japan||,Japan,culture,0.55,True,country.8820,Japan,138.59223,36.386493,1.0,country:1.00,matched,2026-04-27T16:46:48Z,jp
52215,Asian Art,1630,||||||||Japan||,Japan,culture,0.55,True,country.8820,Japan,138.59223,36.386493,1.0,country:1.00,matched,2026-04-27T16:46:48Z,jp
52216,Asian Art,1632,||||||||Japan||,Japan,culture,0.55,True,country.8820,Japan,138.59223,36.386493,1.0,country:1.00,matched,2026-04-27T16:46:48Z,jp
52217,Asian Art,1644,||||||||Japan||,Japan,culture,0.55,True,country.8820,Japan,138.59223,36.386493,1.0,country:1.00,matched,2026-04-27T16:46:48Z,jp
52218,Asian Art,1634,||||||||Japan||,Japan,culture,0.55,True,country.8820,Japan,138.59223,36.386493,1.0,country:1.00,matched,2026-04-27T16:46:48Z,jp
52219,Asian Art,1634,||||||||Japan||,Japan,culture,0.55,True,country.8820,Japan,138.59223,36.386493,1.0,country:1.00,matched,2026-04-27T16:46:48Z,jp
52220,Asian Art,1644,||||||||Japan||,Japan,culture,0.55,True,country.8820,Japan,138.59223,36.386493,1.0,country:1.00,matched,2026-04-27T16:46:48Z,jp
52222,Asian Art,1741,||||||||Japan||,Japan,culture,0.55,True,country.8820,Japan,138.59223,36.386493,1.0,country:1.00,matched,2026-04-27T16:46:48Z,jp
52224,Asian Art,1630,||||||||Japan||,Japan,culture,0.55,True,country.8820,Japan,138.59223,36.386493,1.0,country:1.00,matched,2026-04-27T16:46:48Z,jp
52252,Asian Art,1639,||||||||Japan||,Japan,culture,0.55,True,country.8820,Japan,138.59223,36.386493,1.0,country:1.00,matched,2026-04-27T16:46:48Z,jp
52259,Asian Art,1741,||||||||Japan||,Japan,culture,0.55,True,country.8820,Japan,138.59223,36.386493,1.0,country:1.00,matched,2026-04-27T16:46:48Z,jp
52260,Asian Art,1749,||||||||Japan||,Japan,culture,0.55,True,country.8820,Japan,138.59223,36.386493,1.0,country:1.00,matched,2026-04-27T16:46:48Z,jp
52261,Asian Art,1685,||||||||Japan||,Japan,culture,0.55,True,country.8820,Japan,138.59223,36.386493,1.0,country:1.00,matched,2026-04-27T16:46:48Z,jp
52298,Asian Art,1685,||||||||Japan||,Japan,culture,0.55,True,country.8820,Japan,138.59223,36.386493,1.0,country:1.00,matched,2026-04-27T16:46:48Z,jp
52300,Asian Art,1657,||||||||Japan||,Japan,culture,0.55,True,country.8820,Japan,138.59223,36.386493,1.0,country:1.00,matched,2026-04-27T16:46:48Z,jp
52304,Asian Art,1741,||||||||Japan||,Japan,culture,0.55,True,country.8820,Japan,138.59223,36.386493,1.0,country:1.00,matched,2026-04-27T16:46:48Z,jp
52305,Asian Art,1741,||||||||Japan||,Japan,culture,0.55,True,country.8820,Japan,138.59223,36.386493,1.0,country:1.00,matched,2026-04-27T16:46:48Z,jp
52377,Asian Art,1649,||||||||Japan||,Japan,culture,0.55,True,country.8820,Japan,138.59223,36.386493,1.0,country:1.00,matched,2026-04-27T16:46:48Z,jp
52383,Asian Art,1849,||||||||Japan||,Japan,culture,0.55,True,country.8820,Japan,138.59223,36.386493,1.0,country:1.00,matched,2026-04-27T16:46:48Z,jp
52390,Asian Art,1616,||||||||China||,China,culture,0.55,True,country.8753,People's Republic of China,101.901875,35.486703,1.0,country:1.00,matched,2026-04-27T16:46:34Z,cn
52391,Asian Art,1692,||||||||China||,China,culture,0.55,True,country.8753,People's Republic of China,101.901875,35.486703,1.0,country:1.00,matched,2026-04-27T16:46:34Z,cn
52397,Asian Art,1750,||||||||Japan||,Japan,culture,0.55,True,country.8820,Japan,138.59223,36.386493,1.0,country:1.00,matched,2026-04-27T16:46:48Z,jp
52398,Asian Art,1630,||||||||Japan||,Japan,culture,0.55,True,country.8820,Japan,138.59223,36.386493,1.0,country:1.00,matched,2026-04-27T16:46:48Z,jp
52399,Asian Art,1740,||||||||Japan||,Japan,culture,0.55,True,country.8820,Japan,138.59223,36.386493,1.0,country:1.00,matched,2026-04-27T16:46:48Z,jp
52400,Asian Art,1749,||||||||Japan||,Japan,culture,0.55,True,country.8820,Japan,138.59223,36.386493,1.0,country:1.00,matched,2026-04-27T16:46:48Z,jp
52401,Asian Art,1749,||||||||Japan||,Japan,culture,0.55,True,country.8820,Japan,138.59223,36.386493,1.0,country:1.00,matched,2026-04-27T16:46:48Z,jp
52436,Asian Art,1760,||||||||Japan||,Japan,culture,0.55,True,country.8820,Japan,138.59223,36.386493,1.0,country:1.00,matched,2026-04-27T16:46:48Z,jp
52442,Asian Art,1724,||||||||Japan||,Japan,culture,0.55,True,country.8820,Japan,138.59223,36.386493,1.0,country:1.00,matched,2026-04-27T16:46:48Z,jp
52461,Asian Art,1749,||||||||Japan||,Japan,culture,0.55,True,country.8820,Japan,138.59223,36.386493,1.0,country:1.00,matched,2026-04-27T16:46:48Z,jp
52470,Asian Art,1874,||||||||Japan||,Japan,culture,0.55,True,country.8820,Japan,138.59223,36.386493,1.0,country:1.00,matched,2026-04-27T16:46:48Z,jp
52479,Asian Art,1800,||||||||Japan||,Japan,culture,0.55,True,country.8820,Japan,138.59223,36.386493,1.0,country:1.00,matched,2026-04-27T16:46:48Z,jp
52491,Asian Art,1820,||||||||Japan||,Japan,culture,0.55,True,country.8820,Japan,138.59223,36.386493,1.0,country:1.00,matched,2026-04-27T16:46:48Z,jp
52492,Asian Art,1783,||||||||Japan||,Japan,culture,0.55,True,country.8820,Japan,138.59223,36.386493,1.0,country:1.00,matched,2026-04-27T16:46:48Z,jp
52506,Asian Art,1870,||||||||Japan||,Japan,culture,0.55,True,country.8820,Japan,138.59223,36.386493,1.0,country:1.00,matched,2026-04-27T16:46:48Z,jp
52513,Asian Art,1816,||||||||Japan||,Japan,culture,0.55,True,country.8820,Japan,138.59223,36.386493,1.0,country:1.00,matched,2026-04-27T16:46:48Z,jp
52514,Asian Art,1720,||||||||Japan||Japanese,Japan,culture,0.55,True,country.8820,Japan,138.59223,36.386493,1.0,country:1.00,matched,2026-04-27T16:46:48Z,jp
52517,Asian Art,1780,||||||||Japan||,Japan,culture,0.55,True,country.8820,Japan,138.59223,36.386493,1.0,country:1.00,matched,2026-04-27T16:46:48Z,jp
52518,Asian Art,1830,||||||||Japan||,Japan,culture,0.55,True,country.8820,Japan,138.59223,36.386493,1.0,country:1.00,matched,2026-04-27T16:46:48Z,jp
52524,Asian Art,-2000,||||||||China||,China,culture,0.55,True,country.8753,People's Republic of China,101.901875,35.486703,1.0,country:1.00,matched,2026-04-27T16:46:34Z,cn
52546,Asian Art,7,||||||||China||,China,culture,0.55,True,country.8753,People's Republic of China,101.901875,35.486703,1.0,country:1.00,matched,2026-04-27T16:46:34Z,cn
52547,Asian Art,7,||||||||China||,China,culture,0.55,True,country.8753,People's Republic of China,101.901875,35.486703,1.0,country:1.00,matched,2026-04-27T16:46:34Z,cn
52562,Asian Art,599,||||||||China||,China,culture,0.55,True,country.8753,People's Republic of China,101.901875,35.486703,1.0,country:1.00,matched,2026-04-27T16:46:34Z,cn
52563,Asian Art,635,||||||||China||,China,culture,0.55,True,country.8753,People's Republic of China,101.901875,35.486703,1.0,country:1.00,matched,2026-04-27T16:46:34Z,cn
52568,Asian Art,749,||||||||China||,China,culture,0.55,True,country.8753,People's Republic of China,101.901875,35.486703,1.0,country:1.00,matched,2026-04-27T16:46:34Z,cn
52569,Asian Art,1949,||||||||China||,China,culture,0.55,True,country.8753,People's Republic of China,101.901875,35.486703,1.0,country:1.00,matched,2026-04-27T16:46:34Z,cn
52605,Asian Art,1586,||||||||China||,China,culture,0.55,True,country.8753,People's Republic of China,101.901875,35.486703,1.0,country:1.00,matched,2026-04-27T16:46:34Z,cn
52609,Asian Art,1199,||||||||China||,China,culture,0.55,True,country.8753,People's Republic of China,101.901875,35.486703,1.0,country:1.00,matched,2026-04-27T16:46:34Z,cn
52610,Asian Art,1506,||||||||China||,China,culture,0.55,True,country.8753,People's Republic of China,101.901875,35.486703,1.0,country:1.00,matched,2026-04-27T16:46:34Z,cn
52611,Asian Art,1199,||||||||China||,China,culture,0.55,True,country.8753,People's Republic of China,101.901875,35.486703,1.0,country:1.00,matched,2026-04-27T16:46:34Z,cn
52624,Asian Art,1124,||||||||China||,China,culture,0.55,True,country.8753,People's Republic of China,101.901875,35.486703,1.0,country:1.00,matched,2026-04-27T16:46:34Z,cn
52626,Asian Art,1119,||||||||China||,China,culture,0.55,True,country.8753,People's Republic of China,101.901875,35.486703,1.0,country:1.00,matched,2026-04-27T16:46:34Z,cn
52638,Asian Art,1323,||||||||China||,China,culture,0.55,True,country.8753,People's Republic of China,101.901875,35.486703,1.0,country:1.00,matched,2026-04-27T16:46:34Z,cn
52639,Asian Art,1323,||||||||China||,China,culture,0.55,True,country.8753,People's Republic of China,101.901875,35.486703,1.0,country:1.00,matched,2026-04-27T16:46:34Z,cn
52656,Asian Art,1119,||||||||China||,China,culture,0.55,True,country.8753,People's Republic of China,101.901875,35.486703,1.0,country:1.00,matched,2026-04-27T16:46:34Z,cn
52658,Asian Art,1119,||||||||China||,China,culture,0.55,True,country.8753,People's Republic of China,101.901875,35.486703,1.0,country:1.00,matched,2026-04-27T16:46:34Z,cn
52659,Asian Art,1119,||||||||China||,China,culture,0.55,True,country.8753,People's Republic of China,101.901875,35.486703,1.0,country:1.00,matched,2026-04-27T16:46:34Z,cn
52662,Asian Art,1319,||||||||China||,China,culture,0.55,True,country.8753,People's Republic of China,101.901875,35.486703,1.0,country:1.00,matched,2026-04-27T16:46:34Z,cn
52679,Asian Art,1203,||||||||China||,China,culture,0.55,True,country.8753,People's Republic of China,101.901875,35.486703,1.0,country:1.00,matched,2026-04-27T16:46:34Z,cn
52681,Asian Art,1199,||||||||China||,China,culture,0.55,True,country.8753,People's Republic of China,101.901875,35.486703,1.0,country:1.00,matched,2026-04-27T16:46:34Z,cn
52682,Asian Art,1119,||||||||China||,China,culture,0.55,True,country.8753,People's Republic of China,101.901875,35.486703,1.0,country:1.00,matched,2026-04-27T16:46:34Z,cn
52685,Asian Art,1765,||||||||China||,China,culture,0.55,True,country.8753,People's Republic of China,101.901875,35.486703,1.0,country:1.00,matched,2026-04-27T16:46:34Z,cn
52709,Asian Art,1765,||||||||China||,China,culture,0.55,True,country.8753,People's Republic of China,101.901875,35.486703,1.0,country:1.00,matched,2026-04-27T16:46:34Z,cn
52711,Asian Art,1430,||||||||China||,China,culture,0.55,True,country.8753,People's Republic of China,101.901875,35.486703,1.0,country:1.00,matched,2026-04-27T16:46:34Z,cn
52712,Asian Art,1729,||||||||China||,China,culture,0.55,True,country.8753,People's Republic of China,101.901875,35.486703,1.0,country:1.00,matched,2026-04-27T16:46:34Z,cn
52719,Asian Art,1506,||||||||China||,China,culture,0.55,True,country.8753,People's Republic of China,101.901875,35.486703,1.0,country:1.00,matched,2026-04-27T16:46:34Z,cn
52720,Asian Art,1506,||||||||China||,China,culture,0.55,True,country.8753,People's Republic of China,101.901875,35.486703,1.0,country:1.00,matched,2026-04-27T16:46:34Z,cn
52732,Asian Art,1692,||||||||China||,China,culture,0.55,True,country.8753,People's Republic of China,101.901875,35.486703,1.0,country:1.00,matched,2026-04-27T16:46:34Z,cn
52735,Asian Art,1544,||||||||China||,China,culture,0.55,True,country.8753,People's Republic of China,101.901875,35.486703,1.0,country:1.00,matched,2026-04-27T16:46:34Z,cn
52736,Asian Art,1496,||||||||China||,China,culture,0.55,True,country.8753,People's Republic of China,101.901875,35.486703,1.0,country:1.00,matched,2026-04-27T16:46:34Z,cn
52739,Asian Art,1544,||||||||China||,China,culture,0.55,True,country.8753,People's Republic of China,101.901875,35.486703,1.0,country:1.00,matched,2026-04-27T16:46:34Z,cn
52753,Asian Art,1583,||||||||China||,China,culture,0.55,True,country.8753,People's Republic of China,101.901875,35.486703,1.0,country:1.00,matched,2026-04-27T16:46:34Z,cn
52755,Asian Art,1544,||||||||China||,China,culture,0.55,True,country.8753,People's Republic of China,101.901875,35.486703,1.0,country:1.00,matched,2026-04-27T16:46:34Z,cn
52765,Asian Art,1650,||||||||China||,China,culture,0.55,True,country.8753,People's Republic of China,101.901875,35.486703,1.0,country:1.00,matched,2026-04-27T16:46:34Z,cn
52767,Asian Art,1506,||||||||China||,China,culture,0.55,True,country.8753,People's Republic of China,101.901875,35.486703,1.0,country:1.00,matched,2026-04-27T16:46:34Z,cn
52777,Asian Art,1587,||||||||China||,China,culture,0.55,True,country.8753,People's Republic of China,101.901875,35.486703,1.0,country:1.00,matched,2026-04-27T16:46:34Z,cn
52778,Asian Art,1516,||||||||China||,China,culture,0.55,True,country.8753,People's Republic of China,101.901875,35.486703,1.0,country:1.00,matched,2026-04-27T16:46:34Z,cn
52780,Asian Art,1600,||||||||China||,China,culture,0.55,True,country.8753,People's Republic of China,101.901875,35.486703,1.0,country:1.00,matched,2026-04-27T16:46:34Z,cn
52794,Asian Art,1476,||||||||China||,China,culture,0.55,True,country.8753,People's Republic of China,101.901875,35.486703,1.0,country:1.00,matched,2026-04-27T16:46:34Z,cn
52797,Asian Art,1596,||||||||China||,China,culture,0.55,True,country.8753,People's Republic of China,101.901875,35.486703,1.0,country:1.00,matched,2026-04-27T16:46:34Z,cn
52798,Asian Art,1650,||||||||China||,China,culture,0.55,True,country.8753,People's Republic of China,101.901875,35.486703,1.0,country:1.00,matched,2026-04-27T16:46:34Z,cn
52801,Asian Art,1506,||||||||China||,China,culture,0.55,True,country.8753,People's Republic of China,101.901875,35.486703,1.0,country:1.00,matched,2026-04-27T16:46:34Z,cn
52802,Asian Art,1506,||||||||China||,China,culture,0.55,True,country.8753,People's Republic of China,101.901875,35.486703,1.0,country:1.00,matched,2026-04-27T16:46:34Z,cn
52803,Asian Art,1516,||||||||Japan||Japanese,Japan,culture,0.55,True,country.8820,Japan,138.59223,36.386493,1.0,country:1.00,matched,2026-04-27T16:46:48Z,jp
52804,Asian Art,1849,||||||||Japan||,Japan,culture,0.55,True,country.8820,Japan,138.59223,36.386493,1.0,country:1.00,matched,2026-04-27T16:46:48Z,jp
52806,Asian Art,1692,||||||||China||,China,culture,0.55,True,country.8753,People's Republic of China,101.901875,35.486703,1.0,country:1.00,matched,2026-04-27T16:46:34Z,cn
52807,Asian Art,1600,||||||||China||,China,culture,0.55,True,country.8753,People's Republic of China,101.901875,35.486703,1.0,country:1.00,matched,2026-04-27T16:46:34Z,cn
52808,Asian Art,1692,||||||||China||,China,culture,0.55,True,country.8753,People's Republic of China,101.901875,35.486703,1.0,country:1.00,matched,2026-04-27T16:46:34Z,cn
52809,Asian Art,1692,||||||||China||,China,culture,0.55,True,country.8753,People's Republic of China,101.901875,35.486703,1.0,country:1.00,matched,2026-04-27T16:46:34Z,cn
52810,Asian Art,1692,||||||||China||,China,culture,0.55,True,country.8753,People's Republic of China,101.901875,35.486703,1.0,country:1.00,matched,2026-04-27T16:46:34Z,cn
52811,Asian Art,1692,||||||||China||,China,culture,0.55,True,country.8753,People's Republic of China,101.901875,35.486703,1.0,country:1.00,matched,2026-04-27T16:46:34Z,cn
52812,Asian Art,1672,||||||||China||,China,culture,0.55,True,country.8753,People's Republic of China,101.901875,35.486703,1.0,country:1.00,matched,2026-04-27T16:46:34Z,cn
52813,Asian Art,1692,||||||||China||,China,culture,0.55,True,country.8753,People's Republic of China,101.901875,35.486703,1.0,country:1.00,matched,2026-04-27T16:46:34Z,cn
52834,Asian Art,1692,||||||||China||,China,culture,0.55,True,country.8753,People's Republic of China,101.901875,35.486703,1.0,country:1.00,matched,2026-04-27T16:46:34Z,cn
52906,Asian Art,1765,||||||||China||,China,culture,0.55,True,country.8753,People's Republic of China,101.901875,35.486703,1.0,country:1.00,matched,2026-04-27T16:46:34Z,cn
52907,Asian Art,1765,||||||||China||,China,culture,0.55,True,country.8753,People's Republic of China,101.901875,35.486703,1.0,country:1.00,matched,2026-04-27T16:46:34Z,cn
52908,Asian Art,1765,||||||||China||,China,culture,0.55,True,country.8753,People's Republic of China,101.901875,35.486703,1.0,country:1.00,matched,2026-04-27T16:46:34Z,cn
52914,Asian Art,1692,||||||||China||,China,culture,0.55,True,country.8753,People's Republic of China,101.901875,35.486703,1.0,country:1.00,matched,2026-04-27T16:46:34Z,cn
52916,Asian Art,1692,||||||||China||,China,culture,0.55,True,country.8753,People's Republic of China,101.901875,35.486703,1.0,country:1.00,matched,2026-04-27T16:46:34Z,cn
52921,Asian Art,1692,||||||||China||,China,culture,0.55,True,country.8753,People's Republic of China,101.901875,35.486703,1.0,country:1.00,matched,2026-04-27T16:46:34Z,cn
52922,Asian Art,1692,||||||||China||,China,culture,0.55,True,country.8753,People's Republic of China,101.901875,35.486703,1.0,country:1.00,matched,2026-04-27T16:46:34Z,cn
52923,Asian Art,1692,||||||||China||,China,culture,0.55,True,country.8753,People's Republic of China,101.901875,35.486703,1.0,country:1.00,matched,2026-04-27T16:46:34Z,cn
52930,Asian Art,1765,||||||||China||,China,culture,0.55,True,country.8753,People's Republic of China,101.901875,35.486703,1.0,country:1.00,matched,2026-04-27T16:46:34Z,cn
52932,Asian Art,1692,||||||||China||,China,culture,0.55,True,country.8753,People's Republic of China,101.901875,35.486703,1.0,country:1.00,matched,2026-04-27T16:46:34Z,cn
52933,Asian Art,1692,||||||||China||,China,culture,0.55,True,country.8753,People's Republic of China,101.901875,35.486703,1.0,country:1.00,matched,2026-04-27T16:46:34Z,cn
52936,Asian Art,1672,||||||||China||,China,culture,0.55,True,country.8753,People's Republic of China,101.901875,35.486703,1.0,country:1.00,matched,2026-04-27T16:46:34Z,cn
52939,Asian Art,1749,||||||||China||,China,culture,0.55,True,country.8753,People's Republic of China,101.901875,35.486703,1.0,country:1.00,matched,2026-04-27T16:46:34Z,cn
52941,Asian Art,1692,||||||||China||,China,culture,0.55,True,country.8753,People's Republic of China,101.901875,35.486703,1.0,country:1.00,matched,2026-04-27T16:46:34Z,cn
52942,Asian Art,1692,||||||||China||,China,culture,0.55,True,country.8753,People's Republic of China,101.901875,35.486703,1.0,country:1.00,matched,2026-04-27T16:46:34Z,cn
52943,Asian Art,1765,||||||||China||,China,culture,0.55,True,country.8753,People's Republic of China,101.901875,35.486703,1.0,country:1.00,matched,2026-04-27T16:46:34Z,cn
52945,Asian Art,1649,||||||||Japan||,Japan,culture,0.55,True,country.8820,Japan,138.59223,36.386493,1.0,country:1.00,matched,2026-04-27T16:46:48Z,jp
52960,Asian Art,1729,||||||||China||,China,culture,0.55,True,country.8753,People's Republic of China,101.901875,35.486703,1.0,country:1.00,matched,2026-04-27T16:46:34Z,cn
52971,Asian Art,1729,||||||||China||,China,culture,0.55,True,country.8753,People's Republic of China,101.901875,35.486703,1.0,country:1.00,matched,2026-04-27T16:46:34Z,cn
52972,Asian Art,1765,||||||||China||,China,culture,0.55,True,country.8753,People's Republic of China,101.901875,35.486703,1.0,country:1.00,matched,2026-04-27T16:46:34Z,cn
52975,Asian Art,1765,||||||||China||,China,culture,0.55,True,country.8753,People's Republic of China,101.901875,35.486703,1.0,country:1.00,matched,2026-04-27T16:46:34Z,cn
52976,Asian Art,1765,||||||||China||,China,culture,0.55,True,country.8753,People's Republic of China,101.901875,35.486703,1.0,country:1.00,matched,2026-04-27T16:46:34Z,cn
52978,Asian Art,1583,||||||||China||,China,culture,0.55,True,country.8753,People's Republic of China,101.901875,35.486703,1.0,country:1.00,matched,2026-04-27T16:46:34Z,cn
52979,Asian Art,1650,||||||||China||,China,culture,0.55,True,country.8753,People's Republic of China,101.901875,35.486703,1.0,country:1.00,matched,2026-04-27T16:46:34Z,cn
52983,Asian Art,1506,||||||||China||,China,culture,0.55,True,country.8753,People's Republic of China,101.901875,35.486703,1.0,country:1.00,matched,2026-04-27T16:46:34Z,cn
52984,Asian Art,1506,||||||||China||,China,culture,0.55,True,country.8753,People's Republic of China,101.901875,35.486703,1.0,country:1.00,matched,2026-04-27T16:46:34Z,cn
53006,Asian Art,1616,||||||||Japan||,Japan,culture,0.55,True,country.8820,Japan,138.59223,36.386493,1.0,country:1.00,matched,2026-04-27T16:46:48Z,jp
53157,Asian Art,583,||||||||Japan||,Japan,culture,0.55,True,country.8820,Japan,138.59223,36.386493,1.0,country:1.00,matched,2026-04-27T16:46:48Z,jp
53203,Asian Art,1350,||||||||Japan||,Japan,culture,0.55,True,country.8820,Japan,138.59223,36.386493,1.0,country:1.00,matched,2026-04-27T16:46:48Z,jp
53419,Asian Art,1749,||||||||Japan||,Japan,culture,0.55,True,country.8820,Japan,138.59223,36.386493,1.0,country:1.00,matched,2026-04-27T16:46:48Z,jp
53468,Asian Art,1700,||||||||Japan||,Japan,culture,0.55,True,country.8820,Japan,138.59223,36.386493,1.0,country:1.00,matched,2026-04-27T16:46:48Z,jp
53613,Asian Art,1879,||||||||Japan||Japanese,Japan,culture,0.55,True,country.8820,Japan,138.59223,36.386493,1.0,country:1.00,matched,2026-04-27T16:46:48Z,jp
53618,Asian Art,1683,||||||||Japan||,Japan,culture,0.55,True,country.8820,Japan,138.59223,36.386493,1.0,country:1.00,matched,2026-04-27T16:46:48Z,jp
53627,Asian Art,200,||||||||Japan||,Japan,culture,0.55,True,country.8820,Japan,138.59223,36.386493,1.0,country:1.00,matched,2026-04-27T16:46:48Z,jp
53628,Asian Art,0,||||||||Japan||,Japan,culture,0.55,True,country.8820,Japan,138.59223,36.386493,1.0,country:1.00,matched,2026-04-27T16:46:48Z,jp
53663,Asian Art,1692,||||||||China||,China,culture,0.55,True,country.8753,People's Republic of China,101.901875,35.486703,1.0,country:1.00,matched,2026-04-27T16:46:34Z,cn
53765,Asian Art,1483,||||||||China||,China,culture,0.55,True,country.8753,People's Republic of China,101.901875,35.486703,1.0,country:1.00,matched,2026-04-27T16:46:34Z,cn
53767,Asian Art,1695,||||||||China||,China,culture,0.55,True,country.8753,People's Republic of China,101.901875,35.486703,1.0,country:1.00,matched,2026-04-27T16:46:34Z,cn
53773,Asian Art,1749,||||||||China||,China,culture,0.55,True,country.8753,People's Republic of China,101.901875,35.486703,1.0,country:1.00,matched,2026-04-27T16:46:34Z,cn
53774,Asian Art,1750,||||||||China||,China,culture,0.55,True,country.8753,People's Republic of China,101.901875,35.486703,1.0,country:1.00,matched,2026-04-27T16:46:34Z,cn
53775,Asian Art,1694,||||||||China||,China,culture,0.55,True,country.8753,People's Republic of China,101.901875,35.486703,1.0,country:1.00,matched,2026-04-27T16:46:34Z,cn
53777,Asian Art,1199,||||||||China||,China,culture,0.55,True,country.8753,People's Republic of China,101.901875,35.486703,1.0,country:1.00,matched,2026-04-27T16:46:34Z,cn
53798,Asian Art,1119,||||||||China||,China,culture,0.55,True,country.8753,People's Republic of China,101.901875,35.486703,1.0,country:1.00,matched,2026-04-27T16:46:34Z,cn
53825,Asian Art,1695,||||||||China||,China,culture,0.55,True,country.8753,People's Republic of China,101.901875,35.486703,1.0,country:1.00,matched,2026-04-27T16:46:34Z,cn
53826,Asian Art,1692,||||||||China||,China,culture,0.55,True,country.8753,People's Republic of China,101.901875,35.486703,1.0,country:1.00,matched,2026-04-27T16:46:34Z,cn
53828,Asian Art,1560,||||||||China||,China,culture,0.55,True,country.8753,People's Republic of China,101.901875,35.486703,1.0,country:1.00,matched,2026-04-27T16:46:34Z,cn
53846,Asian Art,1596,||||||||China||,China,culture,0.55,True,country.8753,People's Republic of China,101.901875,35.486703,1.0,country:1.00,matched,2026-04-27T16:46:34Z,cn
53853,Asian Art,1783,||||||||China||,China,culture,0.55,True,country.8753,People's Republic of China,101.901875,35.486703,1.0,country:1.00,matched,2026-04-27T16:46:34Z,cn
53855,Asian Art,1879,||||||||China||,China,culture,0.55,True,country.8753,People's Republic of China,101.901875,35.486703,1.0,country:1.00,matched,2026-04-27T16:46:34Z,cn
53856,Asian Art,1849,||||||||China||,China,culture,0.55,True,country.8753,People's Republic of China,101.901875,35.486703,1.0,country:1.00,matched,2026-04-27T16:46:34Z,cn
53891,Asian Art,1506,||||||||China||,China,culture,0.55,True,country.8753,People's Republic of China,101.901875,35.486703,1.0,country:1.00,matched,2026-04-27T16:46:34Z,cn
53901,Asian Art,1692,||||||||China||,China,culture,0.55,True,country.8753,People's Republic of China,101.901875,35.486703,1.0,country:1.00,matched,2026-04-27T16:46:34Z,cn
53930,Asian Art,1765,||||||||China||,China,culture,0.55,True,country.8753,People's Republic of China,101.901875,35.486703,1.0,country:1.00,matched,2026-04-27T16:46:34Z,cn
53944,Asian Art,1692,||||||||China||,China,culture,0.55,True,country.8753,People's Republic of China,101.901875,35.486703,1.0,country:1.00,matched,2026-04-27T16:46:34Z,cn
53956,Asian Art,1765,||||||||China||,China,culture,0.55,True,country.8753,People's Republic of China,101.901875,35.486703,1.0,country:1.00,matched,2026-04-27T16:46:34Z,cn
53961,Asian Art,1650,||||||||China||,China,culture,0.55,True,country.8753,People's Republic of China,101.901875,35.486703,1.0,country:1.00,matched,2026-04-27T16:46:34Z,cn
53964,Asian Art,1506,||||||||China||,China,culture,0.55,True,country.8753,People's Republic of China,101.901875,35.486703,1.0,country:1.00,matched,2026-04-27T16:46:34Z,cn
54084,Asian Art,1125,||||||||Japan||,Japan,culture,0.55,True,country.8820,Japan,138.59223,36.386493,1.0,country:1.00,matched,2026-04-27T16:46:48Z,jp
56164,Asian Art,1607,||||||||Japan||,Japan,culture,0.55,True,country.8820,Japan,138.59223,36.386493,1.0,country:1.00,matched,2026-04-27T16:46:48Z,jp
56587,Asian Art,1800,||||||||Japan||,Japan,culture,0.55,True,country.8820,Japan,138.59223,36.386493,1.0,country:1.00,matched,2026-04-27T16:46:48Z,jp
57355,Asian Art,1249,||||||||Korea||,Korea,culture,0.55,True,country.8828,South Korea,128.168944,36.536236,1.0,country:1.00,matched,2026-04-27T16:46:49Z,kr
57356,Asian Art,1916,||||||||Korea||,Korea,culture,0.55,True,country.8828,South Korea,128.168944,36.536236,1.0,country:1.00,matched,2026-04-27T16:46:49Z,kr
57357,Asian Art,1916,||||||||Korea||,Korea,culture,0.55,True,country.8828,South Korea,128.168944,36.536236,1.0,country:1.00,matched,2026-04-27T16:46:49Z,kr
57358,Asian Art,1916,||||||||Korea||,Korea,culture,0.55,True,country.8828,South Korea,128.168944,36.536236,1.0,country:1.00,matched,2026-04-27T16:46:49Z,kr
57359,Asian Art,1916,||||||||Korea||,Korea,culture,0.55,True,country.8828,South Korea,128.168944,36.536236,1.0,country:1.00,matched,2026-04-27T16:46:49Z,kr
57362,Asian Art,1916,||||||||Korea||,Korea,culture,0.55,True,country.8828,South Korea,128.168944,36.536236,1.0,country:1.00,matched,2026-04-27T16:46:49Z,kr
57365,Asian Art,1916,||||||||Korea||,Korea,culture,0.55,True,country.8828,South Korea,128.168944,36.536236,1.0,country:1.00,matched,2026-04-27T16:46:49Z,kr
57366,Asian Art,1916,||||||||Korea||,Korea,culture,0.55,True,country.8828,South Korea,128.168944,36.536236,1.0,country:1.00,matched,2026-04-27T16:46:49Z,kr
57367,Asian Art,1916,||||||||Korea||,Korea,culture,0.55,True,country.8828,South Korea,128.168944,36.536236,1.0,country:1.00,matched,2026-04-27T16:46:49Z,kr
57368,Asian Art,1916,||||||||Korea||,Korea,culture,0.55,True,country.8828,South Korea,128.168944,36.536236,1.0,country:1.00,matched,2026-04-27T16:46:49Z,kr
57369,Asian Art,1916,||||||||Korea||,Korea,culture,0.55,True,country.8828,South Korea,128.168944,36.536236,1.0,country:1.00,matched,2026-04-27T16:46:49Z,kr
57370,Asian Art,1916,||||||||Korea||,Korea,culture,0.55,True,country.8828,South Korea,128.168944,36.536236,1.0,country:1.00,matched,2026-04-27T16:46:49Z,kr
57400,Asian Art,1949,||||||||Korea||,Korea,culture,0.55,True,country.8828,South Korea,128.168944,36.536236,1.0,country:1.00,matched,2026-04-27T16:46:49Z,kr
57403,Asian Art,1916,||||||||Korea||,Korea,culture,0.55,True,country.8828,South Korea,128.168944,36.536236,1.0,country:1.00,matched,2026-04-27T16:46:49Z,kr
57404,Asian Art,1149,||||||||Korea||,Korea,culture,0.55,True,country.8828,South Korea,128.168944,36.536236,1.0,country:1.00,matched,2026-04-27T16:46:49Z,kr
57405,Asian Art,1125,||||||||Korea||,Korea,culture,0.55,True,country.8828,South Korea,128.168944,36.536236,1.0,country:1.00,matched,2026-04-27T16:46:49Z,kr
57406,Asian Art,1249,||||||||Korea||,Korea,culture,0.55,True,country.8828,South Korea,128.168944,36.536236,1.0,country:1.00,matched,2026-04-27T16:46:49Z,kr
57417,Asian Art,1849,||||||||Korea||,Korea,culture,0.55,True,country.8828,South Korea,128.168944,36.536236,1.0,country:1.00,matched,2026-04-27T16:46:49Z,kr
57422,Asian Art,1249,||||||||Korea||,Korea,culture,0.55,True,country.8828,South Korea,128.168944,36.536236,1.0,country:1.00,matched,2026-04-27T16:46:49Z,kr
57425,Asian Art,1150,||||||||Korea||,Korea,culture,0.55,True,country.8828,South Korea,128.168944,36.536236,1.0,country:1.00,matched,2026-04-27T16:46:49Z,kr
57434,Asian Art,1249,||||||||Korea||,Korea,culture,0.55,True,country.8828,South Korea,128.168944,36.536236,1.0,country:1.00,matched,2026-04-27T16:46:49Z,kr
57435,Asian Art,1174,||||||||Korea||,Korea,culture,0.55,True,country.8828,South Korea,128.168944,36.536236,1.0,country:1.00,matched,2026-04-27T16:46:49Z,kr
57436,Asian Art,1300,||||||||Korea||,Korea,culture,0.55,True,country.8828,South Korea,128.168944,36.536236,1.0,country:1.00,matched,2026-04-27T16:46:49Z,kr
57438,Asian Art,1849,||||||||Korea||,Korea,culture,0.55,True,country.8828,South Korea,128.168944,36.536236,1.0,country:1.00,matched,2026-04-27T16:46:49Z,kr
57441,Asian Art,1399,||||||||Korea||,Korea,culture,0.55,True,country.8828,South Korea,128.168944,36.536236,1.0,country:1.00,matched,2026-04-27T16:46:49Z,kr
57488,Asian Art,1155,||||||||Korea||,Korea,culture,0.55,True,country.8828,South Korea,128.168944,36.536236,1.0,country:1.00,matched,2026-04-27T16:46:49Z,kr
57489,Asian Art,1324,||||||||Korea||,Korea,culture,0.55,True,country.8828,South Korea,128.168944,36.536236,1.0,country:1.00,matched,2026-04-27T16:46:49Z,kr
57492,Asian Art,1249,||||||||Korea||,Korea,culture,0.55,True,country.8828,South Korea,128.168944,36.536236,1.0,country:1.00,matched,2026-04-27T16:46:49Z,kr
57502,Asian Art,1649,||||||||Korea||,Korea,culture,0.55,True,country.8828,South Korea,128.168944,36.536236,1.0,country:1.00,matched,2026-04-27T16:46:49Z,kr
57515,Asian Art,685,||||||||Korea||,Korea,culture,0.55,True,country.8828,South Korea,128.168944,36.536236,1.0,country:1.00,matched,2026-04-27T16:46:49Z,kr
57517,Asian Art,1849,||||||||Korea||,Korea,culture,0.55,True,country.8828,South Korea,128.168944,36.536236,1.0,country:1.00,matched,2026-04-27T16:46:49Z,kr
57520,Asian Art,1099,||||||||Korea||,Korea,culture,0.55,True,country.8828,South Korea,128.168944,36.536236,1.0,country:1.00,matched,2026-04-27T16:46:49Z,kr
57522,Asian Art,300,||||||||Korea||,Korea,culture,0.55,True,country.8828,South Korea,128.168944,36.536236,1.0,country:1.00,matched,2026-04-27T16:46:49Z,kr
61634,Asian Art,1319,||||||||China||,China,culture,0.55,True,country.8753,People's Republic of China,101.901875,35.486703,1.0,country:1.00,matched,2026-04-27T16:46:34Z,cn
62527,Asian Art,1749,||||||||Japan||,Japan,culture,0.55,True,country.8820,Japan,138.59223,36.386493,1.0,country:1.00,matched,2026-04-27T16:46:48Z,jp
62528,Asian Art,1749,||||||||Japan||,Japan,culture,0.55,True,country.8820,Japan,138.59223,36.386493,1.0,country:1.00,matched,2026-04-27T16:46:48Z,jp
62529,Asian Art,1749,||||||||Japan||,Japan,culture,0.55,True,country.8820,Japan,138.59223,36.386493,1.0,country:1.00,matched,2026-04-27T16:46:48Z,jp
62530,Asian Art,1849,||||||||Japan||,Japan,culture,0.55,True,country.8820,Japan,138.59223,36.386493,1.0,country:1.00,matched,2026-04-27T16:46:48Z,jp
62533,Asian Art,1749,||||||||Japan||,Japan,culture,0.55,True,country.8820,Japan,138.59223,36.386493,1.0,country:1.00,matched,2026-04-27T16:46:48Z,jp
62541,Asian Art,1849,||||||||Japan||,Japan,culture,0.55,True,country.8820,Japan,138.59223,36.386493,1.0,country:1.00,matched,2026-04-27T16:46:48Z,jp
62545,Asian Art,1649,||||||||Japan||,Japan,culture,0.55,True,country.8820,Japan,138.59223,36.386493,1.0,country:1.00,matched,2026-04-27T16:46:48Z,jp
62546,Asian Art,1649,||||||||Japan||,Japan,culture,0.55,True,country.8820,Japan,138.59223,36.386493,1.0,country:1.00,matched,2026-04-27T16:46:48Z,jp
62547,Asian Art,1649,||||||||Japan||,Japan,culture,0.55,True,country.8820,Japan,138.59223,36.386493,1.0,country:1.00,matched,2026-04-27T16:46:48Z,jp
62549,Asian Art,1749,||||||||Japan||,Japan,culture,0.55,True,country.8820,Japan,138.59223,36.386493,1.0,country:1.00,matched,2026-04-27T16:46:48Z,jp
62550,Asian Art,1749,||||||||Japan||,Japan,culture,0.55,True,country.8820,Japan,138.59223,36.386493,1.0,country:1.00,matched,2026-04-27T16:46:48Z,jp
62551,Asian Art,1849,||||||||Japan||,Japan,culture,0.55,True,country.8820,Japan,138.59223,36.386493,1.0,country:1.00,matched,2026-04-27T16:46:48Z,jp
62552,Asian Art,1749,||||||||Japan||,Japan,culture,0.55,True,country.8820,Japan,138.59223,36.386493,1.0,country:1.00,matched,2026-04-27T16:46:48Z,jp
62553,Asian Art,1649,||||||||Japan||,Japan,culture,0.55,True,country.8820,Japan,138.59223,36.386493,1.0,country:1.00,matched,2026-04-27T16:46:48Z,jp
62555,Asian Art,1749,||||||||Japan||,Japan,culture,0.55,True,country.8820,Japan,138.59223,36.386493,1.0,country:1.00,matched,2026-04-27T16:46:48Z,jp
62556,Asian Art,1799,||||||||Japan||,Japan,culture,0.55,True,country.8820,Japan,138.59223,36.386493,1.0,country:1.00,matched,2026-04-27T16:46:48Z,jp
62557,Asian Art,1749,||||||||Japan||,Japan,culture,0.55,True,country.8820,Japan,138.59223,36.386493,1.0,country:1.00,matched,2026-04-27T16:46:48Z,jp
62558,Asian Art,1649,||||||||Japan||,Japan,culture,0.55,True,country.8820,Japan,138.59223,36.386493,1.0,country:1.00,matched,2026-04-27T16:46:48Z,jp
62559,Asian Art,1800,||||||||Japan||,Japan,culture,0.55,True,country.8820,Japan,138.59223,36.386493,1.0,country:1.00,matched,2026-04-27T16:46:48Z,jp
62563,Asian Art,1874,||||||||Japan||,Japan,culture,0.55,True,country.8820,Japan,138.59223,36.386493,1.0,country:1.00,matched,2026-04-27T16:46:48Z,jp
62571,Asian Art,1816,||||||||Japan||,Japan,culture,0.55,True,country.8820,Japan,138.59223,36.386493,1.0,country:1.00,matched,2026-04-27T16:46:48Z,jp
62573,Asian Art,1749,||||||||Japan||,Japan,culture,0.55,True,country.8820,Japan,138.59223,36.386493,1.0,country:1.00,matched,2026-04-27T16:46:48Z,jp
62587,Asian Art,1749,||||||||Japan||,Japan,culture,0.55,True,country.8820,Japan,138.59223,36.386493,1.0,country:1.00,matched,2026-04-27T16:46:48Z,jp
62588,Asian Art,1749,||||||||Japan||,Japan,culture,0.55,True,country.8820,Japan,138.59223,36.386493,1.0,country:1.00,matched,2026-04-27T16:46:48Z,jp
62589,Asian Art,1749,||||||||Japan||,Japan,culture,0.55,True,country.8820,Japan,138.59223,36.386493,1.0,country:1.00,matched,2026-04-27T16:46:48Z,jp
62590,Asian Art,1649,||||||||Japan||,Japan,culture,0.55,True,country.8820,Japan,138.59223,36.386493,1.0,country:1.00,matched,2026-04-27T16:46:48Z,jp
62591,Asian Art,1849,||||||||Japan||,Japan,culture,0.55,True,country.8820,Japan,138.59223,36.386493,1.0,country:1.00,matched,2026-04-27T16:46:48Z,jp
62595,Asian Art,1649,||||||||Japan||,Japan,culture,0.55,True,country.8820,Japan,138.59223,36.386493,1.0,country:1.00,matched,2026-04-27T16:46:48Z,jp
62597,Asian Art,1749,||||||||Japan||,Japan,culture,0.55,True,country.8820,Japan,138.59223,36.386493,1.0,country:1.00,matched,2026-04-27T16:46:48Z,jp
62598,Asian Art,1749,||||||||Japan||,Japan,culture,0.55,True,country.8820,Japan,138.59223,36.386493,1.0,country:1.00,matched,2026-04-27T16:46:48Z,jp
62601,Asian Art,1849,||||||||Japan||,Japan,culture,0.55,True,country.8820,Japan,138.59223,36.386493,1.0,country:1.00,matched,2026-04-27T16:46:48Z,jp
62602,Asian Art,1749,||||||||Japan||,Japan,culture,0.55,True,country.8820,Japan,138.59223,36.386493,1.0,country:1.00,matched,2026-04-27T16:46:48Z,jp
62606,Asian Art,1749,||||||||Japan||,Japan,culture,0.55,True,country.8820,Japan,138.59223,36.386493,1.0,country:1.00,matched,2026-04-27T16:46:48Z,jp
62609,Asian Art,1849,||||||||Japan||,Japan,culture,0.55,True,country.8820,Japan,138.59223,36.386493,1.0,country:1.00,matched,2026-04-27T16:46:48Z,jp
62611,Asian Art,1849,||||||||Japan||,Japan,culture,0.55,True,country.8820,Japan,138.59223,36.386493,1.0,country:1.00,matched,2026-04-27T16:46:48Z,jp
62613,Asian Art,1749,||||||||Japan||,Japan,culture,0.55,True,country.8820,Japan,138.59223,36.386493,1.0,country:1.00,matched,2026-04-27T16:46:48Z,jp
62614,Asian Art,1849,||||||||Japan||,Japan,culture,0.55,True,country.8820,Japan,138.59223,36.386493,1.0,country:1.00,matched,2026-04-27T16:46:48Z,jp
62615,Asian Art,1749,||||||||Japan||,Japan,culture,0.55,True,country.8820,Japan,138.59223,36.386493,1.0,country:1.00,matched,2026-04-27T16:46:48Z,jp
62616,Asian Art,1749,||||||||Japan||,Japan,culture,0.55,True,country.8820,Japan,138.59223,36.386493,1.0,country:1.00,matched,2026-04-27T16:46:48Z,jp
62626,Asian Art,1849,||||||||Japan||,Japan,culture,0.55,True,country.8820,Japan,138.59223,36.386493,1.0,country:1.00,matched,2026-04-27T16:46:48Z,jp
62627,Asian Art,1749,||||||||Japan||,Japan,culture,0.55,True,country.8820,Japan,138.59223,36.386493,1.0,country:1.00,matched,2026-04-27T16:46:48Z,jp
62630,Asian Art,1749,||||||||Japan||,Japan,culture,0.55,True,country.8820,Japan,138.59223,36.386493,1.0,country:1.00,matched,2026-04-27T16:46:48Z,jp
62633,Asian Art,1749,||||||||Japan||,Japan,culture,0.55,True,country.8820,Japan,138.59223,36.386493,1.0,country:1.00,matched,2026-04-27T16:46:48Z,jp
62634,Asian Art,1749,||||||||Japan||,Japan,culture,0.55,True,country.8820,Japan,138.59223,36.386493,1.0,country:1.00,matched,2026-04-27T16:46:48Z,jp
62635,Asian Art,1749,||||||||Japan||,Japan,culture,0.55,True,country.8820,Japan,138.59223,36.386493,1.0,country:1.00,matched,2026-04-27T16:46:48Z,jp
62636,Asian Art,1749,||||||||Japan||,Japan,culture,0.55,True,country.8820,Japan,138.59223,36.386493,1.0,country:1.00,matched,2026-04-27T16:46:48Z,jp
62638,Asian Art,1849,||||||||Japan||,Japan,culture,0.55,True,country.8820,Japan,138.59223,36.386493,1.0,country:1.00,matched,2026-04-27T16:46:48Z,jp
62640,Asian Art,1649,||||||||Japan||,Japan,culture,0.55,True,country.8820,Japan,138.59223,36.386493,1.0,country:1.00,matched,2026-04-27T16:46:48Z,jp
62642,Asian Art,1749,||||||||Japan||Japanese,Japan,culture,0.55,True,country.8820,Japan,138.59223,36.386493,1.0,country:1.00,matched,2026-04-27T16:46:48Z,jp
62656,Asian Art,1749,||||||||Japan||,Japan,culture,0.55,True,country.8820,Japan,138.59223,36.386493,1.0,country:1.00,matched,2026-04-27T16:46:48Z,jp
62658,Asian Art,1749,||||||||Japan||,Japan,culture,0.55,True,country.8820,Japan,138.59223,36.386493,1.0,country:1.00,matched,2026-04-27T16:46:48Z,jp
62666,Asian Art,1749,||||||||Japan||,Japan,culture,0.55,True,country.8820,Japan,138.59223,36.386493,1.0,country:1.00,matched,2026-04-27T16:46:48Z,jp
62668,Asian Art,1749,||||||||Japan||,Japan,culture,0.55,True,country.8820,Japan,138.59223,36.386493,1.0,country:1.00,matched,2026-04-27T16:46:48Z,jp
62677,Asian Art,1849,||||||||Japan||,Japan,culture,0.55,True,country.8820,Japan,138.59223,36.386493,1.0,country:1.00,matched,2026-04-27T16:46:48Z,jp
62681,Asian Art,1849,||||||||Japan||,Japan,culture,0.55,True,country.8820,Japan,138.59223,36.386493,1.0,country:1.00,matched,2026-04-27T16:46:48Z,jp
62684,Asian Art,1749,||||||||Japan||,Japan,culture,0.55,True,country.8820,Japan,138.59223,36.386493,1.0,country:1.00,matched,2026-04-27T16:46:48Z,jp
62686,Asian Art,1749,||||||||Japan||,Japan,culture,0.55,True,country.8820,Japan,138.59223,36.386493,1.0,country:1.00,matched,2026-04-27T16:46:48Z,jp
62690,Asian Art,1749,||||||||Japan||Japanese,Japan,culture,0.55,True,country.8820,Japan,138.59223,36.386493,1.0,country:1.00,matched,2026-04-27T16:46:48Z,jp
62692,Asian Art,1749,||||||||Japan||,Japan,culture,0.55,True,country.8820,Japan,138.59223,36.386493,1.0,country:1.00,matched,2026-04-27T16:46:48Z,jp
62694,Asian Art,1749,||||||||Japan||,Japan,culture,0.55,True,country.8820,Japan,138.59223,36.386493,1.0,country:1.00,matched,2026-04-27T16:46:48Z,jp
62697,Asian Art,1849,||||||||Japan||,Japan,culture,0.55,True,country.8820,Japan,138.59223,36.386493,1.0,country:1.00,matched,2026-04-27T16:46:48Z,jp
62701,Asian Art,1824,||||||||Japan||,Japan,culture,0.55,True,country.8820,Japan,138.59223,36.386493,1.0,country:1.00,matched,2026-04-27T16:46:48Z,jp
62702,Asian Art,1749,||||||||Japan||,Japan,culture,0.55,True,country.8820,Japan,138.59223,36.386493,1.0,country:1.00,matched,2026-04-27T16:46:48Z,jp
62703,Asian Art,1649,||||||||Japan||,Japan,culture,0.55,True,country.8820,Japan,138.59223,36.386493,1.0,country:1.00,matched,2026-04-27T16:46:48Z,jp
62704,Asian Art,1849,||||||||Japan||,Japan,culture,0.55,True,country.8820,Japan,138.59223,36.386493,1.0,country:1.00,matched,2026-04-27T16:46:48Z,jp
62706,Asian Art,1749,||||||||Japan||,Japan,culture,0.55,True,country.8820,Japan,138.59223,36.386493,1.0,country:1.00,matched,2026-04-27T16:46:48Z,jp
62707,Asian Art,1849,||||||||Japan||,Japan,culture,0.55,True,country.8820,Japan,138.59223,36.386493,1.0,country:1.00,matched,2026-04-27T16:46:48Z,jp
62708,Asian Art,1649,||||||||Japan||,Japan,culture,0.55,True,country.8820,Japan,138.59223,36.386493,1.0,country:1.00,matched,2026-04-27T16:46:48Z,jp
62710,Asian Art,1749,||||||||Japan||,Japan,culture,0.55,True,country.8820,Japan,138.59223,36.386493,1.0,country:1.00,matched,2026-04-27T16:46:48Z,jp
62711,Asian Art,1749,||||||||Japan||,Japan,culture,0.55,True,country.8820,Japan,138.59223,36.386493,1.0,country:1.00,matched,2026-04-27T16:46:48Z,jp
62712,Asian Art,1749,||||||||Japan||,Japan,culture,0.55,True,country.8820,Japan,138.59223,36.386493,1.0,country:1.00,matched,2026-04-27T16:46:48Z,jp
62713,Asian Art,1749,||||||||Japan||,Japan,culture,0.55,True,country.8820,Japan,138.59223,36.386493,1.0,country:1.00,matched,2026-04-27T16:46:48Z,jp
62714,Asian Art,1749,||||||||Japan||,Japan,culture,0.55,True,country.8820,Japan,138.59223,36.386493,1.0,country:1.00,matched,2026-04-27T16:46:48Z,jp
62715,Asian Art,1749,||||||||Japan||,Japan,culture,0.55,True,country.8820,Japan,138.59223,36.386493,1.0,country:1.00,matched,2026-04-27T16:46:48Z,jp
62717,Asian Art,1849,||||||||Japan||,Japan,culture,0.55,True,country.8820,Japan,138.59223,36.386493,1.0,country:1.00,matched,2026-04-27T16:46:48Z,jp
62721,Asian Art,1820,||||||||Japan||,Japan,culture,0.55,True,country.8820,Japan,138.59223,36.386493,1.0,country:1.00,matched,2026-04-27T16:46:48Z,jp
62722,Asian Art,1890,||||||||Japan||Japanese,Japan,culture,0.55,True,country.8820,Japan,138.59223,36.386493,1.0,country:1.00,matched,2026-04-27T16:46:48Z,jp
62724,Asian Art,1760,||||||||Japan||,Japan,culture,0.55,True,country.8820,Japan,138.59223,36.386493,1.0,country:1.00,matched,2026-04-27T16:46:48Z,jp
62754,Asian Art,1680,||||||||Japan||,Japan,culture,0.55,True,country.8820,Japan,138.59223,36.386493,1.0,country:1.00,matched,2026-04-27T16:46:48Z,jp
62757,Asian Art,1650,||||||||Japan||,Japan,culture,0.55,True,country.8820,Japan,138.59223,36.386493,1.0,country:1.00,matched,2026-04-27T16:46:48Z,jp
62759,Asian Art,1650,||||||||Japan||,Japan,culture,0.55,True,country.8820,Japan,138.59223,36.386493,1.0,country:1.00,matched,2026-04-27T16:46:48Z,jp
62760,Asian Art,1650,||||||||Japan||,Japan,culture,0.55,True,country.8820,Japan,138.59223,36.386493,1.0,country:1.00,matched,2026-04-27T16:46:48Z,jp
62761,Asian Art,1650,||||||||Japan||,Japan,culture,0.55,True,country.8820,Japan,138.59223,36.386493,1.0,country:1.00,matched,2026-04-27T16:46:48Z,jp
62762,Asian Art,1680,||||||||Japan||,Japan,culture,0.55,True,country.8820,Japan,138.59223,36.386493,1.0,country:1.00,matched,2026-04-27T16:46:48Z,jp
62763,Asian Art,1320,||||||||Japan||Japanese,Japan,culture,0.55,True,country.8820,Japan,138.59223,36.386493,1.0,country:1.00,matched,2026-04-27T16:46:48Z,jp
62764,Asian Art,1700,||||||||Japan||,Japan,culture,0.55,True,country.8820,Japan,138.59223,36.386493,1.0,country:1.00,matched,2026-04-27T16:46:48Z,jp
62765,Asian Art,1750,||||||||Japan||,Japan,culture,0.55,True,country.8820,Japan,138.59223,36.386493,1.0,country:1.00,matched,2026-04-27T16:46:48Z,jp
62768,Asian Art,1700,||||||||Japan||,Japan,culture,0.55,True,country.8820,Japan,138.59223,36.386493,1.0,country:1.00,matched,2026-04-27T16:46:48Z,jp
62769,Asian Art,1820,||||||||Japan||,Japan,culture,0.55,True,country.8820,Japan,138.59223,36.386493,1.0,country:1.00,matched,2026-04-27T16:46:48Z,jp
62770,Asian Art,1700,||||||||Japan||,Japan,culture,0.55,True,country.8820,Japan,138.59223,36.386493,1.0,country:1.00,matched,2026-04-27T16:46:48Z,jp
62771,Asian Art,1680,||||||||Japan||,Japan,culture,0.55,True,country.8820,Japan,138.59223,36.386493,1.0,country:1.00,matched,2026-04-27T16:46:48Z,jp
62772,Asian Art,1650,||||||||Japan||,Japan,culture,0.55,True,country.8820,Japan,138.59223,36.386493,1.0,country:1.00,matched,2026-04-27T16:46:48Z,jp
62792,Asian Art,1749,||||||||Japan||,Japan,culture,0.55,True,country.8820,Japan,138.59223,36.386493,1.0,country:1.00,matched,2026-04-27T16:46:48Z,jp
62863,Asian Art,1820,||||||||Japan||,Japan,culture,0.55,True,country.8820,Japan,138.59223,36.386493,1.0,country:1.00,matched,2026-04-27T16:46:48Z,jp
62867,Asian Art,1749,||||||||Japan||,Japan,culture,0.55,True,country.8820,Japan,138.59223,36.386493,1.0,country:1.00,matched,2026-04-27T16:46:48Z,jp
62871,Asian Art,1849,||||||||Japan||Japanese,Japan,culture,0.55,True,country.8820,Japan,138.59223,36.386493,1.0,country:1.00,matched,2026-04-27T16:46:48Z,jp
62877,Asian Art,0,||||||||Japan||,Japan,culture,0.55,True,country.8820,Japan,138.59223,36.386493,1.0,country:1.00,matched,2026-04-27T16:46:48Z,jp
62905,Asian Art,1649,||||||||Japan||,Japan,culture,0.55,True,country.8820,Japan,138.59223,36.386493,1.0,country:1.00,matched,2026-04-27T16:46:48Z,jp
62909,Asian Art,1670,||||||||Japan||,Japan,culture,0.55,True,country.8820,Japan,138.59223,36.386493,1.0,country:1.00,matched,2026-04-27T16:46:48Z,jp
62910,Asian Art,1720,||||||||Japan||,Japan,culture,0.55,True,country.8820,Japan,138.59223,36.386493,1.0,country:1.00,matched,2026-04-27T16:46:48Z,jp
62916,Asian Art,1650,||||||||Japan||,Japan,culture,0.55,True,country.8820,Japan,138.59223,36.386493,1.0,country:1.00,matched,2026-04-27T16:46:48Z,jp
62917,Asian Art,1750,||||||||Japan||,Japan,culture,0.55,True,country.8820,Japan,138.59223,36.386493,1.0,country:1.00,matched,2026-04-27T16:46:48Z,jp
62922,Asian Art,1800,||||||||Japan||,Japan,culture,0.55,True,country.8820,Japan,138.59223,36.386493,1.0,country:1.00,matched,2026-04-27T16:46:48Z,jp
62937,Asian Art,1749,||||||||Japan||,Japan,culture,0.55,True,country.8820,Japan,138.59223,36.386493,1.0,country:1.00,matched,2026-04-27T16:46:48Z,jp
62942,Asian Art,1780,||||||||Japan||,Japan,culture,0.55,True,country.8820,Japan,138.59223,36.386493,1.0,country:1.00,matched,2026-04-27T16:46:48Z,jp
62943,Asian Art,1780,||||||||Japan||,Japan,culture,0.55,True,country.8820,Japan,138.59223,36.386493,1.0,country:1.00,matched,2026-04-27T16:46:48Z,jp
62995,Asian Art,1800,||||||||Japan||,Japan,culture,0.55,True,country.8820,Japan,138.59223,36.386493,1.0,country:1.00,matched,2026-04-27T16:46:48Z,jp
62998,Asian Art,1800,||||||||Japan||,Japan,culture,0.55,True,country.8820,Japan,138.59223,36.386493,1.0,country:1.00,matched,2026-04-27T16:46:48Z,jp
63007,Asian Art,1874,||||||||Japan||,Japan,culture,0.55,True,country.8820,Japan,138.59223,36.386493,1.0,country:1.00,matched,2026-04-27T16:46:48Z,jp
63020,Asian Art,1780,||||||||Japan||,Japan,culture,0.55,True,country.8820,Japan,138.59223,36.386493,1.0,country:1.00,matched,2026-04-27T16:46:48Z,jp
63035,Asian Art,1780,||||||||Japan||,Japan,culture,0.55,True,country.8820,Japan,138.59223,36.386493,1.0,country:1.00,matched,2026-04-27T16:46:48Z,jp
63047,Asian Art,1850,||||||||Japan||,Japan,culture,0.55,True,country.8820,Japan,138.59223,36.386493,1.0,country:1.00,matched,2026-04-27T16:46:48Z,jp
63048,Asian Art,1820,||||||||Japan||,Japan,culture,0.55,True,country.8820,Japan,138.59223,36.386493,1.0,country:1.00,matched,2026-04-27T16:46:48Z,jp
63049,Asian Art,1850,||||||||Japan||,Japan,culture,0.55,True,country.8820,Japan,138.59223,36.386493,1.0,country:1.00,matched,2026-04-27T16:46:48Z,jp
63054,Asian Art,1870,||||||||Japan||,Japan,culture,0.55,True,country.8820,Japan,138.59223,36.386493,1.0,country:1.00,matched,2026-04-27T16:46:48Z,jp
63057,Asian Art,1800,||||||||Japan||,Japan,culture,0.55,True,country.8820,Japan,138.59223,36.386493,1.0,country:1.00,matched,2026-04-27T16:46:48Z,jp
63061,Asian Art,1749,||||||||Japan||,Japan,culture,0.55,True,country.8820,Japan,138.59223,36.386493,1.0,country:1.00,matched,2026-04-27T16:46:48Z,jp
63065,Asian Art,1816,||||||||Japan||,Japan,culture,0.55,True,country.8820,Japan,138.59223,36.386493,1.0,country:1.00,matched,2026-04-27T16:46:48Z,jp
63069,Asian Art,1749,||||||||Japan||,Japan,culture,0.55,True,country.8820,Japan,138.59223,36.386493,1.0,country:1.00,matched,2026-04-27T16:46:48Z,jp
63070,Asian Art,1749,||||||||Japan||,Japan,culture,0.55,True,country.8820,Japan,138.59223,36.386493,1.0,country:1.00,matched,2026-04-27T16:46:48Z,jp
63071,Asian Art,1820,||||||||Japan||Japanese,Japan,culture,0.55,True,country.8820,Japan,138.59223,36.386493,1.0,country:1.00,matched,2026-04-27T16:46:48Z,jp
63081,Asian Art,1749,||||||||Japan||,Japan,culture,0.55,True,country.8820,Japan,138.59223,36.386493,1.0,country:1.00,matched,2026-04-27T16:46:48Z,jp
63082,Asian Art,1775,||||||||Japan||,Japan,culture,0.55,True,country.8820,Japan,138.59223,36.386493,1.0,country:1.00,matched,2026-04-27T16:46:48Z,jp
63083,Asian Art,1750,||||||||Japan||,Japan,culture,0.55,True,country.8820,Japan,138.59223,36.386493,1.0,country:1.00,matched,2026-04-27T16:46:48Z,jp
63084,Asian Art,1700,||||||||Japan||,Japan,culture,0.55,True,country.8820,Japan,138.59223,36.386493,1.0,country:1.00,matched,2026-04-27T16:46:48Z,jp
63085,Asian Art,1245,||||||||Japan||Japanese,Japan,culture,0.55,True,country.8820,Japan,138.59223,36.386493,1.0,country:1.00,matched,2026-04-27T16:46:48Z,jp
63087,Asian Art,1883,||||||||Japan||Japanese,Japan,culture,0.55,True,country.8820,Japan,138.59223,36.386493,1.0,country:1.00,matched,2026-04-27T16:46:48Z,jp
63088,Asian Art,1480,||||||||Japan||Japanese,Japan,culture,0.55,True,country.8820,Japan,138.59223,36.386493,1.0,country:1.00,matched,2026-04-27T16:46:48Z,jp
63090,Asian Art,1600,||||||||Japan||,Japan,culture,0.55,True,country.8820,Japan,138.59223,36.386493,1.0,country:1.00,matched,2026-04-27T16:46:48Z,jp
63093,Asian Art,1849,||||||||Japan||,Japan,culture,0.55,True,country.8820,Japan,138.59223,36.386493,1.0,country:1.00,matched,2026-04-27T16:46:48Z,jp
63094,Asian Art,1745,||||||||Japan||,Japan,culture,0.55,True,country.8820,Japan,138.59223,36.386493,1.0,country:1.00,matched,2026-04-27T16:46:48Z,jp
63096,Asian Art,1749,||||||||Japan||,Japan,culture,0.55,True,country.8820,Japan,138.59223,36.386493,1.0,country:1.00,matched,2026-04-27T16:46:48Z,jp
63097,Asian Art,1725,||||||||Japan||,Japan,culture,0.55,True,country.8820,Japan,138.59223,36.386493,1.0,country:1.00,matched,2026-04-27T16:46:48Z,jp
63099,Asian Art,1749,||||||||Japan||,Japan,culture,0.55,True,country.8820,Japan,138.59223,36.386493,1.0,country:1.00,matched,2026-04-27T16:46:48Z,jp
63100,Asian Art,1745,||||||||Japan||,Japan,culture,0.55,True,country.8820,Japan,138.59223,36.386493,1.0,country:1.00,matched,2026-04-27T16:46:48Z,jp
63101,Asian Art,1749,||||||||Japan||,Japan,culture,0.55,True,country.8820,Japan,138.59223,36.386493,1.0,country:1.00,matched,2026-04-27T16:46:48Z,jp
63102,Asian Art,1775,||||||||Japan||,Japan,culture,0.55,True,country.8820,Japan,138.59223,36.386493,1.0,country:1.00,matched,2026-04-27T16:46:48Z,jp
63103,Asian Art,1625,||||||||Japan||,Japan,culture,0.55,True,country.8820,Japan,138.59223,36.386493,1.0,country:1.00,matched,2026-04-27T16:46:48Z,jp
63108,Asian Art,1750,||||||||Japan||,Japan,culture,0.55,True,country.8820,Japan,138.59223,36.386493,1.0,country:1.00,matched,2026-04-27T16:46:48Z,jp
63109,Asian Art,1620,||||||||Japan||Japanese,Japan,culture,0.55,True,country.8820,Japan,138.59223,36.386493,1.0,country:1.00,matched,2026-04-27T16:46:48Z,jp
63119,Asian Art,1749,||||||||Japan||,Japan,culture,0.55,True,country.8820,Japan,138.59223,36.386493,1.0,country:1.00,matched,2026-04-27T16:46:48Z,jp
63120,Asian Art,1749,||||||||Japan||,Japan,culture,0.55,True,country.8820,Japan,138.59223,36.386493,1.0,country:1.00,matched,2026-04-27T16:46:48Z,jp
63122,Asian Art,1749,||||||||Japan||,Japan,culture,0.55,True,country.8820,Japan,138.59223,36.386493,1.0,country:1.00,matched,2026-04-27T16:46:48Z,jp
63123,Asian Art,1749,||||||||Japan||,Japan,culture,0.55,True,country.8820,Japan,138.59223,36.386493,1.0,country:1.00,matched,2026-04-27T16:46:48Z,jp
63124,Asian Art,1749,||||||||Japan||,Japan,culture,0.55,True,country.8820,Japan,138.59223,36.386493,1.0,country:1.00,matched,2026-04-27T16:46:48Z,jp
63125,Asian Art,1500,||||||||Japan||,Japan,culture,0.55,True,country.8820,Japan,138.59223,36.386493,1.0,country:1.00,matched,2026-04-27T16:46:48Z,jp
63126,Asian Art,1749,||||||||Japan||,Japan,culture,0.55,True,country.8820,Japan,138.59223,36.386493,1.0,country:1.00,matched,2026-04-27T16:46:48Z,jp
63127,Asian Art,1749,||||||||Japan||,Japan,culture,0.55,True,country.8820,Japan,138.59223,36.386493,1.0,country:1.00,matched,2026-04-27T16:46:48Z,jp
63128,Asian Art,1749,||||||||Japan||,Japan,culture,0.55,True,country.8820,Japan,138.59223,36.386493,1.0,country:1.00,matched,2026-04-27T16:46:48Z,jp
63129,Asian Art,1749,||||||||Japan||,Japan,culture,0.55,True,country.8820,Japan,138.59223,36.386493,1.0,country:1.00,matched,2026-04-27T16:46:48Z,jp
63131,Asian Art,1649,||||||||Japan||,Japan,culture,0.55,True,country.8820,Japan,138.59223,36.386493,1.0,country:1.00,matched,2026-04-27T16:46:48Z,jp
63132,Asian Art,1749,||||||||Japan||,Japan,culture,0.55,True,country.8820,Japan,138.59223,36.386493,1.0,country:1.00,matched,2026-04-27T16:46:48Z,jp
63133,Asian Art,1749,||||||||Japan||,Japan,culture,0.55,True,country.8820,Japan,138.59223,36.386493,1.0,country:1.00,matched,2026-04-27T16:46:48Z,jp
63134,Asian Art,1749,||||||||Japan||,Japan,culture,0.55,True,country.8820,Japan,138.59223,36.386493,1.0,country:1.00,matched,2026-04-27T16:46:48Z,jp
63135,Asian Art,1749,||||||||Japan||,Japan,culture,0.55,True,country.8820,Japan,138.59223,36.386493,1.0,country:1.00,matched,2026-04-27T16:46:48Z,jp
63136,Asian Art,1749,||||||||Japan||,Japan,culture,0.55,True,country.8820,Japan,138.59223,36.386493,1.0,country:1.00,matched,2026-04-27T16:46:48Z,jp
63137,Asian Art,1749,||||||||Japan||,Japan,culture,0.55,True,country.8820,Japan,138.59223,36.386493,1.0,country:1.00,matched,2026-04-27T16:46:48Z,jp
63138,Asian Art,1749,||||||||Japan||,Japan,culture,0.55,True,country.8820,Japan,138.59223,36.386493,1.0,country:1.00,matched,2026-04-27T16:46:48Z,jp
63140,Asian Art,1849,||||||||Japan||,Japan,culture,0.55,True,country.8820,Japan,138.59223,36.386493,1.0,country:1.00,matched,2026-04-27T16:46:48Z,jp
63141,Asian Art,1660,||||||||Japan||Japanese,Japan,culture,0.55,True,country.8820,Japan,138.59223,36.386493,1.0,country:1.00,matched,2026-04-27T16:46:48Z,jp
63142,Asian Art,1749,||||||||Japan||,Japan,culture,0.55,True,country.8820,Japan,138.59223,36.386493,1.0,country:1.00,matched,2026-04-27T16:46:48Z,jp
63189,Asian Art,1849,||||||||Japan||,Japan,culture,0.55,True,country.8820,Japan,138.59223,36.386493,1.0,country:1.00,matched,2026-04-27T16:46:48Z,jp
63313,Asian Art,1705,||||||||Japan||Japanese,Japan,culture,0.55,True,country.8820,Japan,138.59223,36.386493,1.0,country:1.00,matched,2026-04-27T16:46:48Z,jp
63328,Asian Art,1849,||||||||Japan||,Japan,culture,0.55,True,country.8820,Japan,138.59223,36.386493,1.0,country:1.00,matched,2026-04-27T16:46:48Z,jp
63329,Asian Art,1785,||||||||Japan||,Japan,culture,0.55,True,country.8820,Japan,138.59223,36.386493,1.0,country:1.00,matched,2026-04-27T16:46:48Z,jp
63526,Asian Art,1950,||||||||Japan||Japanese,Japan,culture,0.55,True,country.8820,Japan,138.59223,36.386493,1.0,country:1.00,matched,2026-04-27T16:46:48Z,jp
63531,Asian Art,1600,||||||||Japan||,Japan,culture,0.55,True,country.8820,Japan,138.59223,36.386493,1.0,country:1.00,matched,2026-04-27T16:46:48Z,jp
63539,Asian Art,752,||||||||Japan||,Japan,culture,0.55,True,country.8820,Japan,138.59223,36.386493,1.0,country:1.00,matched,2026-04-27T16:46:48Z,jp
63545,Asian Art,1536,||||||||Japan||,Japan,culture,0.55,True,country.8820,Japan,138.59223,36.386493,1.0,country:1.00,matched,2026-04-27T16:46:48Z,jp
63548,Asian Art,1716,||||||||Japan||,Japan,culture,0.55,True,country.8820,Japan,138.59223,36.386493,1.0,country:1.00,matched,2026-04-27T16:46:48Z,jp
63550,Asian Art,1616,||||||||Japan||,Japan,culture,0.55,True,country.8820,Japan,138.59223,36.386493,1.0,country:1.00,matched,2026-04-27T16:46:48Z,jp
63565,Asian Art,1630,||||||||Japan||,Japan,culture,0.55,True,country.8820,Japan,138.59223,36.386493,1.0,country:1.00,matched,2026-04-27T16:46:48Z,jp
63695,Asian Art,1699,||||||||Japan||,Japan,culture,0.55,True,country.8820,Japan,138.59223,36.386493,1.0,country:1.00,matched,2026-04-27T16:46:48Z,jp
63941,Asian Art,1741,||||||||Japan||,Japan,culture,0.55,True,country.8820,Japan,138.59223,36.386493,1.0,country:1.00,matched,2026-04-27T16:46:48Z,jp
63942,Asian Art,1610,||||||||Japan||,Japan,culture,0.55,True,country.8820,Japan,138.59223,36.386493,1.0,country:1.00,matched,2026-04-27T16:46:48Z,jp
64119,Asian Art,583,||||||||China||,China,culture,0.55,True,country.8753,People's Republic of China,101.901875,35.486703,1.0,country:1.00,matched,2026-04-27T16:46:34Z,cn
64921,Asian Art,572,||||||||China||,China,culture,0.55,True,country.8753,People's Republic of China,101.901875,35.486703,1.0,country:1.00,matched,2026-04-27T16:46:34Z,cn
65596,Asian Art,-3000,||||||||Northeast China (Hongshan culture)||,Northeast China,culture,0.55,True,country.8753,People's Republic of China,101.901875,35.486703,0.5,country:0.50,matched,2026-04-27T16:46:57Z,
72312,Asian Art,1750,||||||||Japan||,Japan,culture,0.55,True,country.8820,Japan,138.59223,36.386493,1.0,country:1.00,matched,2026-04-27T16:46:48Z,jp
72324,Asian Art,1500,||||||||Korea||,Korea,culture,0.55,True,country.8828,South Korea,128.168944,36.536236,1.0,country:1.00,matched,2026-04-27T16:46:49Z,kr
72420,Asian Art,1449,||||||||China||,China,culture,0.55,True,country.8753,People's Republic of China,101.901875,35.486703,1.0,country:1.00,matched,2026-04-27T16:46:34Z,cn
72737,Asian Art,1800,||||||||Korea||,Korea,culture,0.55,True,country.8828,South Korea,128.168944,36.536236,1.0,country:1.00,matched,2026-04-27T16:46:49Z,kr
72738,Asian Art,1753,||||||||Korea||,Korea,culture,0.55,True,country.8828,South Korea,128.168944,36.536236,1.0,country:1.00,matched,2026-04-27T16:46:49Z,kr
73216,Asian Art,1500,||||||||Korea||,Korea,culture,0.55,True,country.8828,South Korea,128.168944,36.536236,1.0,country:1.00,matched,2026-04-27T16:46:49Z,kr
73217,Asian Art,1649,||||||||Korea||,Korea,culture,0.55,True,country.8828,South Korea,128.168944,36.536236,1.0,country:1.00,matched,2026-04-27T16:46:49Z,kr
73366,Asian Art,599,||||||||China||,China,culture,0.55,True,country.8753,People's Republic of China,101.901875,35.486703,1.0,country:1.00,matched,2026-04-27T16:46:34Z,cn
73635,Asian Art,999,||||||||China||,China,culture,0.55,True,country.8753,People's Republic of China,101.901875,35.486703,1.0,country:1.00,matched,2026-04-27T16:46:34Z,cn
73676,Asian Art,1249,||||||||China||,China,culture,0.55,True,country.8753,People's Republic of China,101.901875,35.486703,1.0,country:1.00,matched,2026-04-27T16:46:34Z,cn
73810,Asian Art,1099,||||||||Vietnam||,Vietnam,culture,0.55,True,country.8948,Vietnam,108.339537,14.315424,1.0,country:1.00,matched,2026-04-27T16:47:14Z,vn
74243,Asian Art,1849,||||||||Korea||,Korea,culture,0.55,True,country.8828,South Korea,128.168944,36.536236,1.0,country:1.00,matched,2026-04-27T16:46:49Z,kr
75831,Asian Art,1450,||||||||China||,China,culture,0.55,True,country.8753,People's Republic of China,101.901875,35.486703,1.0,country:1.00,matched,2026-04-27T16:46:34Z,cn
75915,Asian Art,1250,||||||||Vietnam||,Vietnam,culture,0.55,True,country.8948,Vietnam,108.339537,14.315424,1.0,country:1.00,matched,2026-04-27T16:47:14Z,vn
75938,Asian Art,1474,||||||||China||,China,culture,0.55,True,country.8753,People's Republic of China,101.901875,35.486703,1.0,country:1.00,matched,2026-04-27T16:46:34Z,cn
76114,Asian Art,1780,||||||||Korea||,Korea,culture,0.55,True,country.8828,South Korea,128.168944,36.536236,1.0,country:1.00,matched,2026-04-27T16:46:49Z,kr
76452,Asian Art,1650,||||||||China||,China,culture,0.55,True,country.8753,People's Republic of China,101.901875,35.486703,1.0,country:1.00,matched,2026-04-27T16:46:34Z,cn
76733,Asian Art,600,||||||||China||,China,culture,0.55,True,country.8753,People's Republic of China,101.901875,35.486703,1.0,country:1.00,matched,2026-04-27T16:46:34Z,cn
78006,Asian Art,1749,||||||||China||,China,culture,0.55,True,country.8753,People's Republic of China,101.901875,35.486703,1.0,country:1.00,matched,2026-04-27T16:46:34Z,cn
78432,Asian Art,666,||||||||China||,China,culture,0.55,True,country.8753,People's Republic of China,101.901875,35.486703,1.0,country:1.00,matched,2026-04-27T16:46:34Z,cn
185900,European Sculpture and Decorative Arts,1715,||||||||||,,none,0.0,False,,,,,,,skipped,2026-04-27T16:47:15Z,
185901,European Sculpture and Decorative Arts,1700,||||||||||,,none,0.0,False,,,,,,,skipped,2026-04-27T16:47:15Z,
185902,European Sculpture and Decorative Arts,1705,||||||||||,,none,0.0,False,,,,,,,skipped,2026-04-27T16:47:15Z,
185914,European Sculpture and Decorative Arts,1720,||||||||||,,none,0.0,False,,,,,,,skipped,2026-04-27T16:47:15Z,
186684,European Sculpture and Decorative Arts,1520,||||||||||,,none,0.0,False,,,,,,,skipped,2026-04-27T16:47:15Z,
186687,European Sculpture and Decorative Arts,1549,||||||||||,,none,0.0,False,,,,,,,skipped,2026-04-27T16:47:15Z,
187660,European Sculpture and Decorative Arts,1849,||||||||||,,none,0.0,False,,,,,,,skipped,2026-04-27T16:47:15Z,
187701,European Sculpture and Decorative Arts,1735,||||||||||,,none,0.0,False,,,,,,,skipped,2026-04-27T16:47:15Z,
187702,European Sculpture and Decorative Arts,1649,||||||||||,,none,0.0,False,,,,,,,skipped,2026-04-27T16:47:15Z,
187733,European Sculpture and Decorative Arts,1849,||||||||||,,none,0.0,False,,,,,,,skipped,2026-04-27T16:47:15Z,
187750,European Sculpture and Decorative Arts,1700,||||||||||,,none,0.0,False,,,,,,,skipped,2026-04-27T16:47:15Z,
187791,European Sculpture and Decorative Arts,1679,||||||||||,,none,0.0,False,,,,,,,skipped,2026-04-27T16:47:15Z,
187794,European Sculpture and Decorative Arts,1600,||||||||||,,none,0.0,False,,,,,,,skipped,2026-04-27T16:47:15Z,
187801,European Sculpture and Decorative Arts,1749,||||||||||German,Germany,department||artistNationality,0.53,True,country.8762,Germany,10.018343,51.133481,1.0,country:1.00,matched,2026-04-27T16:46:43Z,de
187805,European Sculpture and Decorative Arts,1849,||||||||||,,none,0.0,False,,,,,,,skipped,2026-04-27T16:47:15Z,
187828,European Sculpture and Decorative Arts,1749,||||||||||,,none,0.0,False,,,,,,,skipped,2026-04-27T16:47:15Z,
187829,European Sculpture and Decorative Arts,1700,||||||||||,,none,0.0,False,,,,,,,skipped,2026-04-27T16:47:15Z,
187854,European Sculpture and Decorative Arts,1847,||||||||||,,none,0.0,False,,,,,,,skipped,2026-04-27T16:47:15Z,
187863,European Sculpture and Decorative Arts,1525,||||||||||,,none,0.0,False,,,,,,,skipped,2026-04-27T16:47:15Z,
187871,European Sculpture and Decorative Arts,1702,||||||||||,,none,0.0,False,,,,,,,skipped,2026-04-27T16:47:15Z,
188533,European Sculpture and Decorative Arts,1594,||||||||||,,none,0.0,False,,,,,,,skipped,2026-04-27T16:47:15Z,
188534,European Sculpture and Decorative Arts,1592,||||||||||Italian,Italy,department||artistNationality,0.53,True,country.8816,Italy,12.646361,42.504154,1.0,country:1.00,matched,2026-04-27T16:46:47Z,it
188535,European Sculpture and Decorative Arts,1592,||||||||||Italian,Italy,department||artistNationality,0.53,True,country.8816,Italy,12.646361,42.504154,1.0,country:1.00,matched,2026-04-27T16:46:47Z,it
188536,European Sculpture and Decorative Arts,1551,||||||||||,,none,0.0,False,,,,,,,skipped,2026-04-27T16:47:15Z,
188537,European Sculpture and Decorative Arts,1574,||||||||||,,none,0.0,False,,,,,,,skipped,2026-04-27T16:47:15Z,
188538,European Sculpture and Decorative Arts,1549,||||||||||,,none,0.0,False,,,,,,,skipped,2026-04-27T16:47:15Z,
188539,European Sculpture and Decorative Arts,1574,||||||||||,,none,0.0,False,,,,,,,skipped,2026-04-27T16:47:15Z,
188541,European Sculpture and Decorative Arts,1547,||||||||||,,none,0.0,False,,,,,,,skipped,2026-04-27T16:47:15Z,
188556,European Sculpture and Decorative Arts,1749,||||||||||,,none,0.0,False,,,,,,,skipped,2026-04-27T16:47:15Z,
188563,European Sculpture and Decorative Arts,1792,||||||||||Spanish,Spain,department||artistNationality,0.53,True,country.8774,Spain,-4.055685,41.294856,1.0,country:1.00,matched,2026-04-27T16:47:07Z,es
188633,European Sculpture and Decorative Arts,1772,||||||||||Belgian,Belgium,department||artistNationality,0.35,True,country.8725,Belgium,4.633575,50.438696,1.0,country:1.00,matched,2026-04-27T16:46:30Z,be
188645,European Sculpture and Decorative Arts,1788,||||||||||German,Germany,department||artistNationality,0.53,True,country.8762,Germany,10.018343,51.133481,1.0,country:1.00,matched,2026-04-27T16:46:43Z,de
188753,European Sculpture and Decorative Arts,1755,||||||||||British,Britain,department||artistNationality,0.53,True,country.8783,United Kingdom,-2.36967,54.237933,1.0,country:1.00,matched,2026-04-27T16:46:31Z,gb
188765,European Sculpture and Decorative Arts,1690,||||||||||French,France,department||artistNationality,0.53,True,country.8781,France,2.618787,47.824905,1.0,country:1.00,matched,2026-04-27T16:46:43Z,fr
188777,European Sculpture and Decorative Arts,1884,||||||||||French,France,department||artistNationality,0.53,True,country.8781,France,2.618787,47.824905,1.0,country:1.00,matched,2026-04-27T16:46:43Z,fr
188900,European Sculpture and Decorative Arts,1600,||||||||||,,none,0.0,False,,,,,,,skipped,2026-04-27T16:47:15Z,
188908,European Sculpture and Decorative Arts,1520,||||||||||,,none,0.0,False,,,,,,,skipped,2026-04-27T16:47:15Z,
188972,European Sculpture and Decorative Arts,1777,||||||||||French,France,department||artistNationality,0.53,True,country.8781,France,2.618787,47.824905,1.0,country:1.00,matched,2026-04-27T16:46:43Z,fr
188974,European Sculpture and Decorative Arts,1800,||||||||||,,none,0.0,False,,,,,,,skipped,2026-04-27T16:47:15Z,
188976,European Sculpture and Decorative Arts,1750,||||||||||,,none,0.0,False,,,,,,,skipped,2026-04-27T16:47:15Z,
188993,European Sculpture and Decorative Arts,1770,||||||||||Swiss,Switzerland,department||artistNationality,0.53,True,country.8748,Switzerland,8.234392,46.802496,1.0,country:1.00,matched,2026-04-27T16:47:08Z,ch
188994,European Sculpture and Decorative Arts,1778,||||||||||German,Germany,department||artistNationality,0.53,True,country.8762,Germany,10.018343,51.133481,1.0,country:1.00,matched,2026-04-27T16:46:43Z,de
188998,European Sculpture and Decorative Arts,1737,||||||||||French,France,department||artistNationality,0.53,True,country.8781,France,2.618787,47.824905,1.0,country:1.00,matched,2026-04-27T16:46:43Z,fr
190474,European Sculpture and Decorative Arts,1849,||||||||||American and French,United States,department||artistNationality,0.15,False,country.8940,United States,-97.922211,39.381266,1.0,country:1.00,matched,2026-04-27T16:47:13Z,us
190547,European Sculpture and Decorative Arts,1749,||||||||||,,none,0.0,False,,,,,,,skipped,2026-04-27T16:47:15Z,
190600,European Sculpture and Decorative Arts,1792,||||||||||British,Britain,department||artistNationality,0.53,True,country.8783,United Kingdom,-2.36967,54.237933,1.0,country:1.00,matched,2026-04-27T16:46:31Z,gb
190647,European Sculpture and Decorative Arts,1649,||||||||||,,none,0.0,False,,,,,,,skipped,2026-04-27T16:47:15Z,
190648,European Sculpture and Decorative Arts,1649,||||||||||,,none,0.0,False,,,,,,,skipped,2026-04-27T16:47:15Z,
190649,European Sculpture and Decorative Arts,1892,||||||||||,,none,0.0,False,,,,,,,skipped,2026-04-27T16:47:15Z,
190657,European Sculpture and Decorative Arts,1749,||||||||||,,none,0.0,False,,,,,,,skipped,2026-04-27T16:47:15Z,
190732,European Sculpture and Decorative Arts,1700,||||||||||,,none,0.0,False,,,,,,,skipped,2026-04-27T16:47:15Z,
190797,European Sculpture and Decorative Arts,1725,||||||||||,,none,0.0,False,,,,,,,skipped,2026-04-27T16:47:15Z,
191142,European Sculpture and Decorative Arts,1799,||||||||||French,France,department||artistNationality,0.53,True,country.8781,France,2.618787,47.824905,1.0,country:1.00,matched,2026-04-27T16:46:43Z,fr
191206,European Sculpture and Decorative Arts,1774,||||||||||British,Britain,department||artistNationality,0.53,True,country.8783,United Kingdom,-2.36967,54.237933,1.0,country:1.00,matched,2026-04-27T16:46:31Z,gb
191213,European Sculpture and Decorative Arts,1707,||||||||||,,none,0.0,False,,,,,,,skipped,2026-04-27T16:47:15Z,
191218,European Sculpture and Decorative Arts,1774,||||||||||British,Britain,department||artistNationality,0.53,True,country.8783,United Kingdom,-2.36967,54.237933,1.0,country:1.00,matched,2026-04-27T16:46:31Z,gb
191344,European Sculpture and Decorative Arts,1507,||||||||||,,none,0.0,False,,,,,,,skipped,2026-04-27T16:47:15Z,
191375,European Sculpture and Decorative Arts,1774,||||||||||British,Britain,department||artistNationality,0.53,True,country.8783,United Kingdom,-2.36967,54.237933,1.0,country:1.00,matched,2026-04-27T16:46:31Z,gb
191583,European Sculpture and Decorative Arts,1595,||||||||||,,none,0.0,False,,,,,,,skipped,2026-04-27T16:47:15Z,
191593,European Sculpture and Decorative Arts,1649,||||||||||,,none,0.0,False,,,,,,,skipped,2026-04-27T16:47:15Z,
191600,European Sculpture and Decorative Arts,1849,||||||||||,,none,0.0,False,,,,,,,skipped,2026-04-27T16:47:15Z,
191636,European Sculpture and Decorative Arts,1732,||||||||||German,Germany,department||artistNationality,0.53,True,country.8762,Germany,10.018343,51.133481,1.0,country:1.00,matched,2026-04-27T16:46:43Z,de
191731,European Sculpture and Decorative Arts,1595,||||||||||Netherlandish,Netherlands,department||artistNationality,0.53,True,country.8872,Netherlands,5.613491,51.972466,1.0,country:1.00,matched,2026-04-27T16:46:55Z,nl
191733,European Sculpture and Decorative Arts,1595,||||||||||German,Germany,department||artistNationality,0.53,True,country.8762,Germany,10.018343,51.133481,1.0,country:1.00,matched,2026-04-27T16:46:43Z,de
191778,European Sculpture and Decorative Arts,1470,||||||||||,,none,0.0,False,,,,,,,skipped,2026-04-27T16:47:15Z,
191779,European Sculpture and Decorative Arts,1465,||||||||||,,none,0.0,False,,,,,,,skipped,2026-04-27T16:47:15Z,
191780,European Sculpture and Decorative Arts,1492,||||||||||,,none,0.0,False,,,,,,,skipped,2026-04-27T16:47:15Z,
192014,European Sculpture and Decorative Arts,1849,||||||||||,,none,0.0,False,,,,,,,skipped,2026-04-27T16:47:15Z,
192034,European Sculpture and Decorative Arts,1825,||||||||||,,none,0.0,False,,,,,,,skipped,2026-04-27T16:47:15Z,
192308,European Sculpture and Decorative Arts,1777,||||||||||,,none,0.0,False,,,,,,,skipped,2026-04-27T16:47:15Z,
192800,European Sculpture and Decorative Arts,1760,||||||||||British,Britain,department||artistNationality,0.53,True,country.8783,United Kingdom,-2.36967,54.237933,1.0,country:1.00,matched,2026-04-27T16:46:31Z,gb
192801,European Sculpture and Decorative Arts,1770,||||||||||British,Britain,department||artistNationality,0.53,True,country.8783,United Kingdom,-2.36967,54.237933,1.0,country:1.00,matched,2026-04-27T16:46:31Z,gb
192802,European Sculpture and Decorative Arts,1760,||||||||||British,Britain,department||artistNationality,0.53,True,country.8783,United Kingdom,-2.36967,54.237933,1.0,country:1.00,matched,2026-04-27T16:46:31Z,gb
192803,European Sculpture and Decorative Arts,1762,||||||||||British,Britain,department||artistNationality,0.53,True,country.8783,United Kingdom,-2.36967,54.237933,1.0,country:1.00,matched,2026-04-27T16:46:31Z,gb
192810,European Sculpture and Decorative Arts,1775,||||||||||British,Britain,department||artistNationality,0.53,True,country.8783,United Kingdom,-2.36967,54.237933,1.0,country:1.00,matched,2026-04-27T16:46:31Z,gb
192811,European Sculpture and Decorative Arts,1775,||||||||||British,Britain,department||artistNationality,0.53,True,country.8783,United Kingdom,-2.36967,54.237933,1.0,country:1.00,matched,2026-04-27T16:46:31Z,gb
192830,European Sculpture and Decorative Arts,1760,||||||||||British,Britain,department||artistNationality,0.53,True,country.8783,United Kingdom,-2.36967,54.237933,1.0,country:1.00,matched,2026-04-27T16:46:31Z,gb
192831,European Sculpture and Decorative Arts,1760,||||||||||British,Britain,department||artistNationality,0.53,True,country.8783,United Kingdom,-2.36967,54.237933,1.0,country:1.00,matched,2026-04-27T16:46:31Z,gb
192844,European Sculpture and Decorative Arts,1770,||||||||||British,Britain,department||artistNationality,0.53,True,country.8783,United Kingdom,-2.36967,54.237933,1.0,country:1.00,matched,2026-04-27T16:46:31Z,gb
192854,European Sculpture and Decorative Arts,1767,||||||||||British,Britain,department||artistNationality,0.53,True,country.8783,United Kingdom,-2.36967,54.237933,1.0,country:1.00,matched,2026-04-27T16:46:31Z,gb
193020,European Sculpture and Decorative Arts,1892,||||||||||,,none,0.0,False,,,,,,,skipped,2026-04-27T16:47:15Z,
193062,European Sculpture and Decorative Arts,1807,||||||||||,,none,0.0,False,,,,,,,skipped,2026-04-27T16:47:15Z,
193063,European Sculpture and Decorative Arts,1849,||||||||||,,none,0.0,False,,,,,,,skipped,2026-04-27T16:47:15Z,
193064,European Sculpture and Decorative Arts,1807,||||||||||,,none,0.0,False,,,,,,,skipped,2026-04-27T16:47:15Z,
193077,European Sculpture and Decorative Arts,1807,||||||||||,,none,0.0,False,,,,,,,skipped,2026-04-27T16:47:15Z,
193084,European Sculpture and Decorative Arts,1807,||||||||||,,none,0.0,False,,,,,,,skipped,2026-04-27T16:47:15Z,
193093,European Sculpture and Decorative Arts,1849,||||||||||,,none,0.0,False,,,,,,,skipped,2026-04-27T16:47:15Z,
193355,European Sculpture and Decorative Arts,1772,||||||||||British,Britain,department||artistNationality,0.53,True,country.8783,United Kingdom,-2.36967,54.237933,1.0,country:1.00,matched,2026-04-27T16:46:31Z,gb
193449,European Sculpture and Decorative Arts,1712,||||||||||,,none,0.0,False,,,,,,,skipped,2026-04-27T16:47:15Z,
194228,European Sculpture and Decorative Arts,1730,||||||||||German,Germany,department||artistNationality,0.53,True,country.8762,Germany,10.018343,51.133481,1.0,country:1.00,matched,2026-04-27T16:46:43Z,de
194229,European Sculpture and Decorative Arts,1780,||||||||||German,Germany,department||artistNationality,0.53,True,country.8762,Germany,10.018343,51.133481,1.0,country:1.00,matched,2026-04-27T16:46:43Z,de
194230,European Sculpture and Decorative Arts,1749,||||||||||German,Germany,department||artistNationality,0.53,True,country.8762,Germany,10.018343,51.133481,1.0,country:1.00,matched,2026-04-27T16:46:43Z,de
194231,European Sculpture and Decorative Arts,1740,||||||||||German,Germany,department||artistNationality,0.53,True,country.8762,Germany,10.018343,51.133481,1.0,country:1.00,matched,2026-04-27T16:46:43Z,de
194232,European Sculpture and Decorative Arts,1770,||||||||||German,Germany,department||artistNationality,0.53,True,country.8762,Germany,10.018343,51.133481,1.0,country:1.00,matched,2026-04-27T16:46:43Z,de
194233,European Sculpture and Decorative Arts,1752,||||||||||British,Britain,department||artistNationality,0.53,True,country.8783,United Kingdom,-2.36967,54.237933,1.0,country:1.00,matched,2026-04-27T16:46:31Z,gb
194234,European Sculpture and Decorative Arts,1770,||||||||||German,Germany,department||artistNationality,0.53,True,country.8762,Germany,10.018343,51.133481,1.0,country:1.00,matched,2026-04-27T16:46:43Z,de
194235,European Sculpture and Decorative Arts,1740,||||||||||German,Germany,department||artistNationality,0.53,True,country.8762,Germany,10.018343,51.133481,1.0,country:1.00,matched,2026-04-27T16:46:43Z,de
194236,European Sculpture and Decorative Arts,1740,||||||||||German,Germany,department||artistNationality,0.53,True,country.8762,Germany,10.018343,51.133481,1.0,country:1.00,matched,2026-04-27T16:46:43Z,de
194238,European Sculpture and Decorative Arts,1760,||||||||||German,Germany,department||artistNationality,0.53,True,country.8762,Germany,10.018343,51.133481,1.0,country:1.00,matched,2026-04-27T16:46:43Z,de
194239,European Sculpture and Decorative Arts,1755,||||||||||British,Britain,department||artistNationality,0.53,True,country.8783,United Kingdom,-2.36967,54.237933,1.0,country:1.00,matched,2026-04-27T16:46:31Z,gb
194243,European Sculpture and Decorative Arts,1550,||||||||||,,none,0.0,False,,,,,,,skipped,2026-04-27T16:47:15Z,
194251,European Sculpture and Decorative Arts,1675,||||||||||,,none,0.0,False,,,,,,,skipped,2026-04-27T16:47:15Z,
194256,European Sculpture and Decorative Arts,1675,||||||||||,,none,0.0,False,,,,,,,skipped,2026-04-27T16:47:15Z,
194261,European Sculpture and Decorative Arts,1849,||||||||||,,none,0.0,False,,,,,,,skipped,2026-04-27T16:47:15Z,
194262,European Sculpture and Decorative Arts,1715,||||||||||,,none,0.0,False,,,,,,,skipped,2026-04-27T16:47:15Z,
194279,European Sculpture and Decorative Arts,1710,||||||||||,,none,0.0,False,,,,,,,skipped,2026-04-27T16:47:15Z,
194287,European Sculpture and Decorative Arts,1545,||||||||||French,France,department||artistNationality,0.53,True,country.8781,France,2.618787,47.824905,1.0,country:1.00,matched,2026-04-27T16:46:43Z,fr
194288,European Sculpture and Decorative Arts,1749,||||||||||,,none,0.0,False,,,,,,,skipped,2026-04-27T16:47:15Z,
194289,European Sculpture and Decorative Arts,1665,||||||||||,,none,0.0,False,,,,,,,skipped,2026-04-27T16:47:15Z,
194291,European Sculpture and Decorative Arts,1649,||||||||||,,none,0.0,False,,,,,,,skipped,2026-04-27T16:47:15Z,
194292,European Sculpture and Decorative Arts,1675,||||||||||,,none,0.0,False,,,,,,,skipped,2026-04-27T16:47:15Z,
194293,European Sculpture and Decorative Arts,1542,||||||||||French,France,department||artistNationality,0.53,True,country.8781,France,2.618787,47.824905,1.0,country:1.00,matched,2026-04-27T16:46:43Z,fr
194298,European Sculpture and Decorative Arts,1545,||||||||||French,France,department||artistNationality,0.53,True,country.8781,France,2.618787,47.824905,1.0,country:1.00,matched,2026-04-27T16:46:43Z,fr
194301,European Sculpture and Decorative Arts,1600,||||||||||,,none,0.0,False,,,,,,,skipped,2026-04-27T16:47:15Z,
194303,European Sculpture and Decorative Arts,1545,||||||||||French,France,department||artistNationality,0.53,True,country.8781,France,2.618787,47.824905,1.0,country:1.00,matched,2026-04-27T16:46:43Z,fr
194304,European Sculpture and Decorative Arts,1749,||||||||||,,none,0.0,False,,,,,,,skipped,2026-04-27T16:47:15Z,
194307,European Sculpture and Decorative Arts,1600,||||||||||,,none,0.0,False,,,,,,,skipped,2026-04-27T16:47:15Z,
194380,European Sculpture and Decorative Arts,1774,||||||||||,,none,0.0,False,,,,,,,skipped,2026-04-27T16:47:15Z,
194383,European Sculpture and Decorative Arts,1788,||||||||||French,France,department||artistNationality,0.53,True,country.8781,France,2.618787,47.824905,1.0,country:1.00,matched,2026-04-27T16:46:43Z,fr
194390,European Sculpture and Decorative Arts,1774,||||||||||,,none,0.0,False,,,,,,,skipped,2026-04-27T16:47:15Z,
194391,European Sculpture and Decorative Arts,1702,||||||||||French,France,department||artistNationality,0.53,True,country.8781,France,2.618787,47.824905,1.0,country:1.00,matched,2026-04-27T16:46:43Z,fr
194392,European Sculpture and Decorative Arts,1702,||||||||||French,France,department||artistNationality,0.53,True,country.8781,France,2.618787,47.824905,1.0,country:1.00,matched,2026-04-27T16:46:43Z,fr
194395,European Sculpture and Decorative Arts,1710,||||||||||,,none,0.0,False,,,,,,,skipped,2026-04-27T16:47:15Z,
194432,European Sculpture and Decorative Arts,1581,||||||||||Italian,Italy,department||artistNationality,0.53,True,country.8816,Italy,12.646361,42.504154,1.0,country:1.00,matched,2026-04-27T16:46:47Z,it
194433,European Sculpture and Decorative Arts,1577,||||||||||Italian,Italy,department||artistNationality,0.53,True,country.8816,Italy,12.646361,42.504154,1.0,country:1.00,matched,2026-04-27T16:46:47Z,it
194439,European Sculpture and Decorative Arts,1597,||||||||||,,none,0.0,False,,,,,,,skipped,2026-04-27T16:47:15Z,
194471,European Sculpture and Decorative Arts,1599,||||||||||,,none,0.0,False,,,,,,,skipped,2026-04-27T16:47:15Z,
194472,European Sculpture and Decorative Arts,1815,||||||||||,,none,0.0,False,,,,,,,skipped,2026-04-27T16:47:15Z,
194475,European Sculpture and Decorative Arts,1649,||||||||||,,none,0.0,False,,,,,,,skipped,2026-04-27T16:47:15Z,
194479,European Sculpture and Decorative Arts,1644,||||||||||,,none,0.0,False,,,,,,,skipped,2026-04-27T16:47:15Z,
194488,European Sculpture and Decorative Arts,1750,||||||||||,,none,0.0,False,,,,,,,skipped,2026-04-27T16:47:15Z,
194582,European Sculpture and Decorative Arts,1760,||||||||||,,none,0.0,False,,,,,,,skipped,2026-04-27T16:47:15Z,
194583,European Sculpture and Decorative Arts,1849,||||||||||,,none,0.0,False,,,,,,,skipped,2026-04-27T16:47:15Z,
194586,European Sculpture and Decorative Arts,1792,||||||||||,,none,0.0,False,,,,,,,skipped,2026-04-27T16:47:15Z,
194587,European Sculpture and Decorative Arts,1749,||||||||||,,none,0.0,False,,,,,,,skipped,2026-04-27T16:47:15Z,
194588,European Sculpture and Decorative Arts,1692,||||||||||,,none,0.0,False,,,,,,,skipped,2026-04-27T16:47:15Z,
194590,European Sculpture and Decorative Arts,1649,||||||||||,,none,0.0,False,,,,,,,skipped,2026-04-27T16:47:15Z,
194591,European Sculpture and Decorative Arts,1749,||||||||||,,none,0.0,False,,,,,,,skipped,2026-04-27T16:47:15Z,
194595,European Sculpture and Decorative Arts,1749,||||||||||,,none,0.0,False,,,,,,,skipped,2026-04-27T16:47:15Z,
194608,European Sculpture and Decorative Arts,1500,||||||||||,,none,0.0,False,,,,,,,skipped,2026-04-27T16:47:15Z,
194624,European Sculpture and Decorative Arts,1792,||||||||||,,none,0.0,False,,,,,,,skipped,2026-04-27T16:47:15Z,
194632,European Sculpture and Decorative Arts,1807,||||||||||,,none,0.0,False,,,,,,,skipped,2026-04-27T16:47:15Z,
194636,European Sculpture and Decorative Arts,1807,||||||||||,,none,0.0,False,,,,,,,skipped,2026-04-27T16:47:15Z,
194637,European Sculpture and Decorative Arts,1807,||||||||||,,none,0.0,False,,,,,,,skipped,2026-04-27T16:47:15Z,
194639,European Sculpture and Decorative Arts,1807,||||||||||,,none,0.0,False,,,,,,,skipped,2026-04-27T16:47:15Z,
194644,European Sculpture and Decorative Arts,1760,||||||||||,,none,0.0,False,,,,,,,skipped,2026-04-27T16:47:15Z,
194906,European Sculpture and Decorative Arts,1765,||||||||||German,Germany,department||artistNationality,0.53,True,country.8762,Germany,10.018343,51.133481,1.0,country:1.00,matched,2026-04-27T16:46:43Z,de
194960,European Sculpture and Decorative Arts,1884,||||||||||American and French,United States,department||artistNationality,0.15,False,country.8940,United States,-97.922211,39.381266,1.0,country:1.00,matched,2026-04-27T16:47:13Z,us
194961,European Sculpture and Decorative Arts,1884,||||||||||American and French,United States,department||artistNationality,0.15,False,country.8940,United States,-97.922211,39.381266,1.0,country:1.00,matched,2026-04-27T16:47:13Z,us
194963,European Sculpture and Decorative Arts,1884,||||||||||American and French,United States,department||artistNationality,0.15,False,country.8940,United States,-97.922211,39.381266,1.0,country:1.00,matched,2026-04-27T16:47:13Z,us
194967,European Sculpture and Decorative Arts,1877,||||||||||American and French,United States,department||artistNationality,0.15,False,country.8940,United States,-97.922211,39.381266,1.0,country:1.00,matched,2026-04-27T16:47:13Z,us
195013,European Sculpture and Decorative Arts,1830,||||||||||,,none,0.0,False,,,,,,,skipped,2026-04-27T16:47:15Z,
195021,European Sculpture and Decorative Arts,1515,||||||||||,,none,0.0,False,,,,,,,skipped,2026-04-27T16:47:15Z,
195041,European Sculpture and Decorative Arts,1649,||||||||||,,none,0.0,False,,,,,,,skipped,2026-04-27T16:47:15Z,
195127,European Sculpture and Decorative Arts,1720,||||||||||,,none,0.0,False,,,,,,,skipped,2026-04-27T16:47:15Z,
195208,European Sculpture and Decorative Arts,1730,||||||||||French,France,department||artistNationality,0.53,True,country.8781,France,2.618787,47.824905,1.0,country:1.00,matched,2026-04-27T16:46:43Z,fr
195209,European Sculpture and Decorative Arts,1752,||||||||||French,France,department||artistNationality,0.53,True,country.8781,France,2.618787,47.824905,1.0,country:1.00,matched,2026-04-27T16:46:43Z,fr
195217,European Sculpture and Decorative Arts,1755,||||||||||,,none,0.0,False,,,,,,,skipped,2026-04-27T16:47:15Z,
195272,European Sculpture and Decorative Arts,1649,||||||||||,,none,0.0,False,,,,,,,skipped,2026-04-27T16:47:15Z,
195273,European Sculpture and Decorative Arts,1649,||||||||||,,none,0.0,False,,,,,,,skipped,2026-04-27T16:47:15Z,
195302,European Sculpture and Decorative Arts,1779,||||||||||French,France,department||artistNationality,0.53,True,country.8781,France,2.618787,47.824905,1.0,country:1.00,matched,2026-04-27T16:46:43Z,fr
195307,European Sculpture and Decorative Arts,1727,||||||||||French,France,department||artistNationality,0.53,True,country.8781,France,2.618787,47.824905,1.0,country:1.00,matched,2026-04-27T16:46:43Z,fr
195499,European Sculpture and Decorative Arts,1835,||||||||||,,none,0.0,False,,,,,,,skipped,2026-04-27T16:47:15Z,
195500,European Sculpture and Decorative Arts,1834,||||||||||,,none,0.0,False,,,,,,,skipped,2026-04-27T16:47:15Z,
195501,European Sculpture and Decorative Arts,1834,||||||||||,,none,0.0,False,,,,,,,skipped,2026-04-27T16:47:15Z,
195741,European Sculpture and Decorative Arts,1849,||||||||||,,none,0.0,False,,,,,,,skipped,2026-04-27T16:47:15Z,
195742,European Sculpture and Decorative Arts,1849,||||||||||,,none,0.0,False,,,,,,,skipped,2026-04-27T16:47:15Z,
195766,European Sculpture and Decorative Arts,1527,||||||||||,,none,0.0,False,,,,,,,skipped,2026-04-27T16:47:15Z,
195774,European Sculpture and Decorative Arts,1522,||||||||||Italian,Italy,department||artistNationality,0.53,True,country.8816,Italy,12.646361,42.504154,1.0,country:1.00,matched,2026-04-27T16:46:47Z,it
195775,European Sculpture and Decorative Arts,1520,||||||||||,,none,0.0,False,,,,,,,skipped,2026-04-27T16:47:15Z,
195780,European Sculpture and Decorative Arts,1842,||||||||||British,Britain,department||artistNationality,0.53,True,country.8783,United Kingdom,-2.36967,54.237933,1.0,country:1.00,matched,2026-04-27T16:46:31Z,gb
196343,European Sculpture and Decorative Arts,1578,||||||||||,,none,0.0,False,,,,,,,skipped,2026-04-27T16:47:15Z,
196344,European Sculpture and Decorative Arts,1579,||||||||||,,none,0.0,False,,,,,,,skipped,2026-04-27T16:47:15Z,
196359,European Sculpture and Decorative Arts,1830,||||||||||,,none,0.0,False,,,,,,,skipped,2026-04-27T16:47:15Z,
196360,European Sculpture and Decorative Arts,1830,||||||||||,,none,0.0,False,,,,,,,skipped,2026-04-27T16:47:15Z,
196361,European Sculpture and Decorative Arts,1830,||||||||||,,none,0.0,False,,,,,,,skipped,2026-04-27T16:47:15Z,
196544,European Sculpture and Decorative Arts,1756,||||||||||French,France,department||artistNationality,0.53,True,country.8781,France,2.618787,47.824905,1.0,country:1.00,matched,2026-04-27T16:46:43Z,fr
196553,European Sculpture and Decorative Arts,1742,||||||||||French,France,department||artistNationality,0.53,True,country.8781,France,2.618787,47.824905,1.0,country:1.00,matched,2026-04-27T16:46:43Z,fr
196567,European Sculpture and Decorative Arts,1750,||||||||||,,none,0.0,False,,,,,,,skipped,2026-04-27T16:47:15Z,
196568,European Sculpture and Decorative Arts,1749,||||||||||,,none,0.0,False,,,,,,,skipped,2026-04-27T16:47:15Z,
196601,European Sculpture and Decorative Arts,1715,||||||||||,,none,0.0,False,,,,,,,skipped,2026-04-27T16:47:15Z,
196741,European Sculpture and Decorative Arts,1574,||||||||||,,none,0.0,False,,,,,,,skipped,2026-04-27T16:47:15Z,
197018,European Sculpture and Decorative Arts,1785,||||||||||,,none,0.0,False,,,,,,,skipped,2026-04-27T16:47:15Z,
197219,European Sculpture and Decorative Arts,1575,||||||||||,,none,0.0,False,,,,,,,skipped,2026-04-27T16:47:15Z,
197220,European Sculpture and Decorative Arts,1575,||||||||||,,none,0.0,False,,,,,,,skipped,2026-04-27T16:47:15Z,
197222,European Sculpture and Decorative Arts,1574,||||||||||,,none,0.0,False,,,,,,,skipped,2026-04-27T16:47:15Z,
197223,European Sculpture and Decorative Arts,1574,||||||||||,,none,0.0,False,,,,,,,skipped,2026-04-27T16:47:15Z,
197224,European Sculpture and Decorative Arts,1574,||||||||||,,none,0.0,False,,,,,,,skipped,2026-04-27T16:47:15Z,
197225,European Sculpture and Decorative Arts,1580,||||||||||Italian,Italy,department||artistNationality,0.53,True,country.8816,Italy,12.646361,42.504154,1.0,country:1.00,matched,2026-04-27T16:46:47Z,it
197232,European Sculpture and Decorative Arts,1550,||||||||||Italian,Italy,department||artistNationality,0.53,True,country.8816,Italy,12.646361,42.504154,1.0,country:1.00,matched,2026-04-27T16:46:47Z,it
197233,European Sculpture and Decorative Arts,1550,||||||||||Italian,Italy,department||artistNationality,0.53,True,country.8816,Italy,12.646361,42.504154,1.0,country:1.00,matched,2026-04-27T16:46:47Z,it
197485,European Sculpture and Decorative Arts,1745,||||||||||,,none,0.0,False,,,,,,,skipped,2026-04-27T16:47:15Z,
197515,European Sculpture and Decorative Arts,1755,||||||||||,,none,0.0,False,,,,,,,skipped,2026-04-27T16:47:15Z,
197532,European Sculpture and Decorative Arts,1750,||||||||||,,none,0.0,False,,,,,,,skipped,2026-04-27T16:47:15Z,
197552,European Sculpture and Decorative Arts,1766,||||||||||,,none,0.0,False,,,,,,,skipped,2026-04-27T16:47:15Z,
197558,European Sculpture and Decorative Arts,1755,||||||||||,,none,0.0,False,,,,,,,skipped,2026-04-27T16:47:15Z,
197570,European Sculpture and Decorative Arts,1750,||||||||||,,none,0.0,False,,,,,,,skipped,2026-04-27T16:47:15Z,
197571,European Sculpture and Decorative Arts,1755,||||||||||,,none,0.0,False,,,,,,,skipped,2026-04-27T16:47:15Z,
197572,European Sculpture and Decorative Arts,1760,||||||||||,,none,0.0,False,,,,,,,skipped,2026-04-27T16:47:15Z,
197580,European Sculpture and Decorative Arts,1752,||||||||||,,none,0.0,False,,,,,,,skipped,2026-04-27T16:47:15Z,
197605,European Sculpture and Decorative Arts,1760,||||||||||,,none,0.0,False,,,,,,,skipped,2026-04-27T16:47:15Z,
197612,European Sculpture and Decorative Arts,1765,||||||||||,,none,0.0,False,,,,,,,skipped,2026-04-27T16:47:15Z,
197613,European Sculpture and Decorative Arts,1760,||||||||||,,none,0.0,False,,,,,,,skipped,2026-04-27T16:47:15Z,
197614,European Sculpture and Decorative Arts,1760,||||||||||,,none,0.0,False,,,,,,,skipped,2026-04-27T16:47:15Z,
197616,European Sculpture and Decorative Arts,1760,||||||||||,,none,0.0,False,,,,,,,skipped,2026-04-27T16:47:15Z,
197819,European Sculpture and Decorative Arts,1747,||||||||||,,none,0.0,False,,,,,,,skipped,2026-04-27T16:47:15Z,
197824,European Sculpture and Decorative Arts,1892,||||||||||,,none,0.0,False,,,,,,,skipped,2026-04-27T16:47:15Z,
197829,European Sculpture and Decorative Arts,1747,||||||||||,,none,0.0,False,,,,,,,skipped,2026-04-27T16:47:15Z,
197993,European Sculpture and Decorative Arts,1762,||||||||||,,none,0.0,False,,,,,,,skipped,2026-04-27T16:47:15Z,
198006,European Sculpture and Decorative Arts,1725,||||||||||,,none,0.0,False,,,,,,,skipped,2026-04-27T16:47:15Z,
198321,European Sculpture and Decorative Arts,1730,||||||||||German,Germany,department||artistNationality,0.53,True,country.8762,Germany,10.018343,51.133481,1.0,country:1.00,matched,2026-04-27T16:46:43Z,de
198322,European Sculpture and Decorative Arts,1727,||||||||||German,Germany,department||artistNationality,0.53,True,country.8762,Germany,10.018343,51.133481,1.0,country:1.00,matched,2026-04-27T16:46:43Z,de
198409,European Sculpture and Decorative Arts,1807,||||||||||,,none,0.0,False,,,,,,,skipped,2026-04-27T16:47:15Z,
198416,European Sculpture and Decorative Arts,1760,||||||||||British,Britain,department||artistNationality,0.53,True,country.8783,United Kingdom,-2.36967,54.237933,1.0,country:1.00,matched,2026-04-27T16:46:31Z,gb
198426,European Sculpture and Decorative Arts,1760,||||||||||British,Britain,department||artistNationality,0.53,True,country.8783,United Kingdom,-2.36967,54.237933,1.0,country:1.00,matched,2026-04-27T16:46:31Z,gb
198432,European Sculpture and Decorative Arts,1757,||||||||||British,Britain,department||artistNationality,0.53,True,country.8783,United Kingdom,-2.36967,54.237933,1.0,country:1.00,matched,2026-04-27T16:46:31Z,gb
198497,European Sculpture and Decorative Arts,1765,||||||||||British,Britain,department||artistNationality,0.53,True,country.8783,United Kingdom,-2.36967,54.237933,1.0,country:1.00,matched,2026-04-27T16:46:31Z,gb
198500,European Sculpture and Decorative Arts,1770,||||||||||British,Britain,department||artistNationality,0.53,True,country.8783,United Kingdom,-2.36967,54.237933,1.0,country:1.00,matched,2026-04-27T16:46:31Z,gb
198507,European Sculpture and Decorative Arts,1772,||||||||||British,Britain,department||artistNationality,0.53,True,country.8783,United Kingdom,-2.36967,54.237933,1.0,country:1.00,matched,2026-04-27T16:46:31Z,gb
198575,European Sculpture and Decorative Arts,1807,||||||||||,,none,0.0,False,,,,,,,skipped,2026-04-27T16:47:15Z,
198669,European Sculpture and Decorative Arts,1889,||||||||||French,France,department||artistNationality,0.53,True,country.8781,France,2.618787,47.824905,1.0,country:1.00,matched,2026-04-27T16:46:43Z,fr
198670,European Sculpture and Decorative Arts,1774,||||||||||British,Britain,department||artistNationality,0.53,True,country.8783,United Kingdom,-2.36967,54.237933,1.0,country:1.00,matched,2026-04-27T16:46:31Z,gb
198707,European Sculpture and Decorative Arts,1581,||||||||||,,none,0.0,False,,,,,,,skipped,2026-04-27T16:47:15Z,
198777,European Sculpture and Decorative Arts,1545,||||||||||,,none,0.0,False,,,,,,,skipped,2026-04-27T16:47:15Z,
198778,European Sculpture and Decorative Arts,1545,||||||||||,,none,0.0,False,,,,,,,skipped,2026-04-27T16:47:15Z,
198780,European Sculpture and Decorative Arts,1512,||||||||||,,none,0.0,False,,,,,,,skipped,2026-04-27T16:47:15Z,
198781,European Sculpture and Decorative Arts,1510,||||||||||,,none,0.0,False,,,,,,,skipped,2026-04-27T16:47:15Z,
198784,European Sculpture and Decorative Arts,1510,||||||||||,,none,0.0,False,,,,,,,skipped,2026-04-27T16:47:15Z,
198939,European Sculpture and Decorative Arts,1510,||||||||||,,none,0.0,False,,,,,,,skipped,2026-04-27T16:47:15Z,
198940,European Sculpture and Decorative Arts,1530,||||||||||Italian,Italy,department||artistNationality,0.53,True,country.8816,Italy,12.646361,42.504154,1.0,country:1.00,matched,2026-04-27T16:46:47Z,it
198941,European Sculpture and Decorative Arts,1543,||||||||||,,none,0.0,False,,,,,,,skipped,2026-04-27T16:47:15Z,
198947,European Sculpture and Decorative Arts,1485,||||||||||,,none,0.0,False,,,,,,,skipped,2026-04-27T16:47:15Z,
198963,European Sculpture and Decorative Arts,1449,||||||||||,,none,0.0,False,,,,,,,skipped,2026-04-27T16:47:15Z,
198972,European Sculpture and Decorative Arts,1579,||||||||||,,none,0.0,False,,,,,,,skipped,2026-04-27T16:47:15Z,
198973,European Sculpture and Decorative Arts,1579,||||||||||,,none,0.0,False,,,,,,,skipped,2026-04-27T16:47:15Z,
198974,European Sculpture and Decorative Arts,1579,||||||||||,,none,0.0,False,,,,,,,skipped,2026-04-27T16:47:15Z,
199026,European Sculpture and Decorative Arts,1770,||||||||||,,none,0.0,False,,,,,,,skipped,2026-04-27T16:47:15Z,
199039,European Sculpture and Decorative Arts,1760,||||||||||British,Britain,department||artistNationality,0.53,True,country.8783,United Kingdom,-2.36967,54.237933,1.0,country:1.00,matched,2026-04-27T16:46:31Z,gb
199051,European Sculpture and Decorative Arts,1849,||||||||||French,France,department||artistNationality,0.53,True,country.8781,France,2.618787,47.824905,1.0,country:1.00,matched,2026-04-27T16:46:43Z,fr
199110,European Sculpture and Decorative Arts,1849,||||||||||,,none,0.0,False,,,,,,,skipped,2026-04-27T16:47:15Z,
199111,European Sculpture and Decorative Arts,1749,||||||||||French,France,department||artistNationality,0.53,True,country.8781,France,2.618787,47.824905,1.0,country:1.00,matched,2026-04-27T16:46:43Z,fr
199132,European Sculpture and Decorative Arts,1716,||||||||||German,Germany,department||artistNationality,0.53,True,country.8762,Germany,10.018343,51.133481,1.0,country:1.00,matched,2026-04-27T16:46:43Z,de
199134,European Sculpture and Decorative Arts,1725,||||||||||German,Germany,department||artistNationality,0.53,True,country.8762,Germany,10.018343,51.133481,1.0,country:1.00,matched,2026-04-27T16:46:43Z,de
199135,European Sculpture and Decorative Arts,1716,||||||||||German,Germany,department||artistNationality,0.53,True,country.8762,Germany,10.018343,51.133481,1.0,country:1.00,matched,2026-04-27T16:46:43Z,de
199181,European Sculpture and Decorative Arts,1740,||||||||||German,Germany,department||artistNationality,0.53,True,country.8762,Germany,10.018343,51.133481,1.0,country:1.00,matched,2026-04-27T16:46:43Z,de
199195,European Sculpture and Decorative Arts,1732,||||||||||German,Germany,department||artistNationality,0.53,True,country.8762,Germany,10.018343,51.133481,1.0,country:1.00,matched,2026-04-27T16:46:43Z,de
199238,European Sculpture and Decorative Arts,1750,||||||||||German,Germany,department||artistNationality,0.53,True,country.8762,Germany,10.018343,51.133481,1.0,country:1.00,matched,2026-04-27T16:46:43Z,de
199261,European Sculpture and Decorative Arts,1779,||||||||||German,Germany,department||artistNationality,0.53,True,country.8762,Germany,10.018343,51.133481,1.0,country:1.00,matched,2026-04-27T16:46:43Z,de
199271,European Sculpture and Decorative Arts,1775,||||||||||German,Germany,department||artistNationality,0.53,True,country.8762,Germany,10.018343,51.133481,1.0,country:1.00,matched,2026-04-27T16:46:43Z,de
199273,European Sculpture and Decorative Arts,1764,||||||||||German,Germany,department||artistNationality,0.53,True,country.8762,Germany,10.018343,51.133481,1.0,country:1.00,matched,2026-04-27T16:46:43Z,de
199285,European Sculpture and Decorative Arts,1772,||||||||||German,Germany,department||artistNationality,0.53,True,country.8762,Germany,10.018343,51.133481,1.0,country:1.00,matched,2026-04-27T16:46:43Z,de
199320,European Sculpture and Decorative Arts,1750,||||||||||,,none,0.0,False,,,,,,,skipped,2026-04-27T16:47:15Z,
199334,European Sculpture and Decorative Arts,1775,||||||||||British,Britain,department||artistNationality,0.53,True,country.8783,United Kingdom,-2.36967,54.237933,1.0,country:1.00,matched,2026-04-27T16:46:31Z,gb
199335,European Sculpture and Decorative Arts,1780,||||||||||British,Britain,department||artistNationality,0.53,True,country.8783,United Kingdom,-2.36967,54.237933,1.0,country:1.00,matched,2026-04-27T16:46:31Z,gb
199337,European Sculpture and Decorative Arts,1780,||||||||||,,none,0.0,False,,,,,,,skipped,2026-04-27T16:47:15Z,
199338,European Sculpture and Decorative Arts,1788,||||||||||British,Britain,department||artistNationality,0.53,True,country.8783,United Kingdom,-2.36967,54.237933,1.0,country:1.00,matched,2026-04-27T16:46:31Z,gb
199343,European Sculpture and Decorative Arts,1727,||||||||||French,France,department||artistNationality,0.53,True,country.8781,France,2.618787,47.824905,1.0,country:1.00,matched,2026-04-27T16:46:43Z,fr
199348,European Sculpture and Decorative Arts,1712,||||||||||German,Germany,department||artistNationality,0.53,True,country.8762,Germany,10.018343,51.133481,1.0,country:1.00,matched,2026-04-27T16:46:43Z,de
199372,European Sculpture and Decorative Arts,1760,||||||||||Russian,Russia,department||artistNationality,0.35,True,country.8898,Russia,96.669705,61.994573,1.0,country:1.00,matched,2026-04-27T16:47:04Z,ru
199384,European Sculpture and Decorative Arts,1849,||||||||||British,Britain,department||artistNationality,0.53,True,country.8783,United Kingdom,-2.36967,54.237933,1.0,country:1.00,matched,2026-04-27T16:46:31Z,gb
199415,European Sculpture and Decorative Arts,1745,||||||||||,,none,0.0,False,,,,,,,skipped,2026-04-27T16:47:15Z,
199417,European Sculpture and Decorative Arts,1750,||||||||||,,none,0.0,False,,,,,,,skipped,2026-04-27T16:47:15Z,
199461,European Sculpture and Decorative Arts,1755,||||||||||,,none,0.0,False,,,,,,,skipped,2026-04-27T16:47:15Z,
199466,European Sculpture and Decorative Arts,1755,||||||||||,,none,0.0,False,,,,,,,skipped,2026-04-27T16:47:15Z,
199470,European Sculpture and Decorative Arts,1750,||||||||||,,none,0.0,False,,,,,,,skipped,2026-04-27T16:47:15Z,
199515,European Sculpture and Decorative Arts,1689,||||||||||,,none,0.0,False,,,,,,,skipped,2026-04-27T16:47:15Z,
199532,European Sculpture and Decorative Arts,1745,||||||||||,,none,0.0,False,,,,,,,skipped,2026-04-27T16:47:15Z,
199533,European Sculpture and Decorative Arts,1745,||||||||||,,none,0.0,False,,,,,,,skipped,2026-04-27T16:47:15Z,
199534,European Sculpture and Decorative Arts,1727,||||||||||,,none,0.0,False,,,,,,,skipped,2026-04-27T16:47:15Z,
199542,European Sculpture and Decorative Arts,1765,||||||||||,,none,0.0,False,,,,,,,skipped,2026-04-27T16:47:15Z,
199559,European Sculpture and Decorative Arts,1762,||||||||||,,none,0.0,False,,,,,,,skipped,2026-04-27T16:47:15Z,
199568,European Sculpture and Decorative Arts,1765,||||||||||,,none,0.0,False,,,,,,,skipped,2026-04-27T16:47:15Z,
199569,European Sculpture and Decorative Arts,1760,||||||||||,,none,0.0,False,,,,,,,skipped,2026-04-27T16:47:15Z,
199570,European Sculpture and Decorative Arts,1760,||||||||||,,none,0.0,False,,,,,,,skipped,2026-04-27T16:47:15Z,
199579,European Sculpture and Decorative Arts,1750,||||||||||,,none,0.0,False,,,,,,,skipped,2026-04-27T16:47:15Z,
199582,European Sculpture and Decorative Arts,1712,||||||||||German,Germany,department||artistNationality,0.53,True,country.8762,Germany,10.018343,51.133481,1.0,country:1.00,matched,2026-04-27T16:46:43Z,de
199601,European Sculpture and Decorative Arts,1785,||||||||||British,Britain,department||artistNationality,0.53,True,country.8783,United Kingdom,-2.36967,54.237933,1.0,country:1.00,matched,2026-04-27T16:46:31Z,gb
199670,European Sculpture and Decorative Arts,1747,||||||||||Italian,Italy,department||artistNationality,0.53,True,country.8816,Italy,12.646361,42.504154,1.0,country:1.00,matched,2026-04-27T16:46:47Z,it
199719,European Sculpture and Decorative Arts,1480,||||||||||,,none,0.0,False,,,,,,,skipped,2026-04-27T16:47:15Z,
199720,European Sculpture and Decorative Arts,1485,||||||||||,,none,0.0,False,,,,,,,skipped,2026-04-27T16:47:15Z,
199721,European Sculpture and Decorative Arts,1487,||||||||||,,none,0.0,False,,,,,,,skipped,2026-04-27T16:47:15Z,
199722,European Sculpture and Decorative Arts,1490,||||||||||,,none,0.0,False,,,,,,,skipped,2026-04-27T16:47:15Z,
199726,European Sculpture and Decorative Arts,1480,||||||||||,,none,0.0,False,,,,,,,skipped,2026-04-27T16:47:15Z,
199727,European Sculpture and Decorative Arts,1475,||||||||||,,none,0.0,False,,,,,,,skipped,2026-04-27T16:47:15Z,
199730,European Sculpture and Decorative Arts,1490,||||||||||,,none,0.0,False,,,,,,,skipped,2026-04-27T16:47:15Z,
199731,European Sculpture and Decorative Arts,1547,||||||||||Italian,Italy,department||artistNationality,0.53,True,country.8816,Italy,12.646361,42.504154,1.0,country:1.00,matched,2026-04-27T16:46:47Z,it
199732,European Sculpture and Decorative Arts,1495,||||||||||,,none,0.0,False,,,,,,,skipped,2026-04-27T16:47:15Z,
199733,European Sculpture and Decorative Arts,1470,||||||||||,,none,0.0,False,,,,,,,skipped,2026-04-27T16:47:15Z,
199744,European Sculpture and Decorative Arts,1849,||||||||||,,none,0.0,False,,,,,,,skipped,2026-04-27T16:47:15Z,
199745,European Sculpture and Decorative Arts,1507,||||||||||,,none,0.0,False,,,,,,,skipped,2026-04-27T16:47:15Z,
199751,European Sculpture and Decorative Arts,1520,||||||||||,,none,0.0,False,,,,,,,skipped,2026-04-27T16:47:15Z,
199752,European Sculpture and Decorative Arts,1502,||||||||||,,none,0.0,False,,,,,,,skipped,2026-04-27T16:47:15Z,
199765,European Sculpture and Decorative Arts,1807,||||||||||,,none,0.0,False,,,,,,,skipped,2026-04-27T16:47:15Z,
199775,European Sculpture and Decorative Arts,1747,||||||||||,,none,0.0,False,,,,,,,skipped,2026-04-27T16:47:15Z,
199886,European Sculpture and Decorative Arts,1796,||||||||||British,Britain,department||artistNationality,0.53,True,country.8783,United Kingdom,-2.36967,54.237933,1.0,country:1.00,matched,2026-04-27T16:46:31Z,gb
200622,European Sculpture and Decorative Arts,1770,||||||||||British,Britain,department||artistNationality,0.53,True,country.8783,United Kingdom,-2.36967,54.237933,1.0,country:1.00,matched,2026-04-27T16:46:31Z,gb
200670,European Sculpture and Decorative Arts,1770,||||||||||,,none,0.0,False,,,,,,,skipped,2026-04-27T16:47:15Z,
200726,European Sculpture and Decorative Arts,1799,||||||||||,,none,0.0,False,,,,,,,skipped,2026-04-27T16:47:15Z,
200730,European Sculpture and Decorative Arts,1727,||||||||||,,none,0.0,False,,,,,,,skipped,2026-04-27T16:47:15Z,
200772,European Sculpture and Decorative Arts,1767,||||||||||British,Britain,department||artistNationality,0.53,True,country.8783,United Kingdom,-2.36967,54.237933,1.0,country:1.00,matched,2026-04-27T16:46:31Z,gb
200823,European Sculpture and Decorative Arts,1765,||||||||||,,none,0.0,False,,,,,,,skipped,2026-04-27T16:47:15Z,
200827,European Sculpture and Decorative Arts,1737,||||||||||French,France,department||artistNationality,0.53,True,country.8781,France,2.618787,47.824905,1.0,country:1.00,matched,2026-04-27T16:46:43Z,fr
200839,European Sculpture and Decorative Arts,1849,||||||||||,,none,0.0,False,,,,,,,skipped,2026-04-27T16:47:15Z,
200840,European Sculpture and Decorative Arts,1727,||||||||||French,France,department||artistNationality,0.53,True,country.8781,France,2.618787,47.824905,1.0,country:1.00,matched,2026-04-27T16:46:43Z,fr
200841,European Sculpture and Decorative Arts,1730,||||||||||French,France,department||artistNationality,0.53,True,country.8781,France,2.618787,47.824905,1.0,country:1.00,matched,2026-04-27T16:46:43Z,fr
200873,European Sculpture and Decorative Arts,1752,||||||||||French,France,department||artistNationality,0.53,True,country.8781,France,2.618787,47.824905,1.0,country:1.00,matched,2026-04-27T16:46:43Z,fr
200875,European Sculpture and Decorative Arts,1695,||||||||||French,France,department||artistNationality,0.53,True,country.8781,France,2.618787,47.824905,1.0,country:1.00,matched,2026-04-27T16:46:43Z,fr
200876,European Sculpture and Decorative Arts,1690,||||||||||French,France,department||artistNationality,0.53,True,country.8781,France,2.618787,47.824905,1.0,country:1.00,matched,2026-04-27T16:46:43Z,fr
200879,European Sculpture and Decorative Arts,1740,||||||||||German,Germany,department||artistNationality,0.53,True,country.8762,Germany,10.018343,51.133481,1.0,country:1.00,matched,2026-04-27T16:46:43Z,de
200880,European Sculpture and Decorative Arts,1720,||||||||||German,Germany,department||artistNationality,0.53,True,country.8762,Germany,10.018343,51.133481,1.0,country:1.00,matched,2026-04-27T16:46:43Z,de
200885,European Sculpture and Decorative Arts,1692,||||||||||,,none,0.0,False,,,,,,,skipped,2026-04-27T16:47:15Z,
200886,European Sculpture and Decorative Arts,1753,||||||||||German,Germany,department||artistNationality,0.53,True,country.8762,Germany,10.018343,51.133481,1.0,country:1.00,matched,2026-04-27T16:46:43Z,de
200891,European Sculpture and Decorative Arts,1680,||||||||||,,none,0.0,False,,,,,,,skipped,2026-04-27T16:47:15Z,
200892,European Sculpture and Decorative Arts,1550,||||||||||German,Germany,department||artistNationality,0.53,True,country.8762,Germany,10.018343,51.133481,1.0,country:1.00,matched,2026-04-27T16:46:43Z,de
200894,European Sculpture and Decorative Arts,1655,||||||||||German,Germany,department||artistNationality,0.53,True,country.8762,Germany,10.018343,51.133481,1.0,country:1.00,matched,2026-04-27T16:46:43Z,de
200895,European Sculpture and Decorative Arts,1715,||||||||||,,none,0.0,False,,,,,,,skipped,2026-04-27T16:47:15Z,
200911,European Sculpture and Decorative Arts,1775,||||||||||German,Germany,department||artistNationality,0.53,True,country.8762,Germany,10.018343,51.133481,1.0,country:1.00,matched,2026-04-27T16:46:43Z,de
200928,European Sculpture and Decorative Arts,1727,||||||||||German,Germany,department||artistNationality,0.53,True,country.8762,Germany,10.018343,51.133481,1.0,country:1.00,matched,2026-04-27T16:46:43Z,de
200962,European Sculpture and Decorative Arts,1777,||||||||||Italian,Italy,department||artistNationality,0.53,True,country.8816,Italy,12.646361,42.504154,1.0,country:1.00,matched,2026-04-27T16:46:47Z,it
201054,European Sculpture and Decorative Arts,1770,||||||||||,,none,0.0,False,,,,,,,skipped,2026-04-27T16:47:15Z,
201289,European Sculpture and Decorative Arts,1760,||||||||||,,none,0.0,False,,,,,,,skipped,2026-04-27T16:47:15Z,
201290,European Sculpture and Decorative Arts,1755,||||||||||,,none,0.0,False,,,,,,,skipped,2026-04-27T16:47:15Z,
201299,European Sculpture and Decorative Arts,1792,||||||||||,,none,0.0,False,,,,,,,skipped,2026-04-27T16:47:15Z,
201408,European Sculpture and Decorative Arts,1747,||||||||||French,France,department||artistNationality,0.53,True,country.8781,France,2.618787,47.824905,1.0,country:1.00,matched,2026-04-27T16:46:43Z,fr
201610,European Sculpture and Decorative Arts,1600,||||||||||French,France,department||artistNationality,0.53,True,country.8781,France,2.618787,47.824905,1.0,country:1.00,matched,2026-04-27T16:46:43Z,fr
201695,European Sculpture and Decorative Arts,1574,||||||||||German,Germany,department||artistNationality,0.53,True,country.8762,Germany,10.018343,51.133481,1.0,country:1.00,matched,2026-04-27T16:46:43Z,de
201716,European Sculpture and Decorative Arts,1780,||||||||||German,Germany,department||artistNationality,0.53,True,country.8762,Germany,10.018343,51.133481,1.0,country:1.00,matched,2026-04-27T16:46:43Z,de
201732,European Sculpture and Decorative Arts,1762,||||||||||French,France,department||artistNationality,0.53,True,country.8781,France,2.618787,47.824905,1.0,country:1.00,matched,2026-04-27T16:46:43Z,fr
201751,European Sculpture and Decorative Arts,1665,||||||||||,,none,0.0,False,,,,,,,skipped,2026-04-27T16:47:15Z,
201752,European Sculpture and Decorative Arts,1700,||||||||||,,none,0.0,False,,,,,,,skipped,2026-04-27T16:47:15Z,
201753,European Sculpture and Decorative Arts,1548,||||||||||German,Germany,department||artistNationality,0.53,True,country.8762,Germany,10.018343,51.133481,1.0,country:1.00,matched,2026-04-27T16:46:43Z,de
201756,European Sculpture and Decorative Arts,1540,||||||||||,,none,0.0,False,,,,,,,skipped,2026-04-27T16:47:15Z,
201758,European Sculpture and Decorative Arts,1584,||||||||||,,none,0.0,False,,,,,,,skipped,2026-04-27T16:47:15Z,
201762,European Sculpture and Decorative Arts,1573,||||||||||,,none,0.0,False,,,,,,,skipped,2026-04-27T16:47:15Z,
201798,European Sculpture and Decorative Arts,1735,||||||||||Spanish,Spain,department||artistNationality,0.53,True,country.8774,Spain,-4.055685,41.294856,1.0,country:1.00,matched,2026-04-27T16:47:07Z,es
201881,European Sculpture and Decorative Arts,1755,||||||||||,,none,0.0,False,,,,,,,skipped,2026-04-27T16:47:15Z,
202124,European Sculpture and Decorative Arts,1700,||||||||||,,none,0.0,False,,,,,,,skipped,2026-04-27T16:47:15Z,
202171,European Sculpture and Decorative Arts,1765,||||||||||French,France,department||artistNationality,0.53,True,country.8781,France,2.618787,47.824905,1.0,country:1.00,matched,2026-04-27T16:46:43Z,fr
202178,European Sculpture and Decorative Arts,1765,||||||||||French,France,department||artistNationality,0.53,True,country.8781,France,2.618787,47.824905,1.0,country:1.00,matched,2026-04-27T16:46:43Z,fr
202183,European Sculpture and Decorative Arts,1778,||||||||||French,France,department||artistNationality,0.53,True,country.8781,France,2.618787,47.824905,1.0,country:1.00,matched,2026-04-27T16:46:43Z,fr
202184,European Sculpture and Decorative Arts,1779,||||||||||French,France,department||artistNationality,0.53,True,country.8781,France,2.618787,47.824905,1.0,country:1.00,matched,2026-04-27T16:46:43Z,fr
202191,European Sculpture and Decorative Arts,1761,||||||||||French,France,department||artistNationality,0.53,True,country.8781,France,2.618787,47.824905,1.0,country:1.00,matched,2026-04-27T16:46:43Z,fr
202192,European Sculpture and Decorative Arts,1757,||||||||||French,France,department||artistNationality,0.53,True,country.8781,France,2.618787,47.824905,1.0,country:1.00,matched,2026-04-27T16:46:43Z,fr
202193,European Sculpture and Decorative Arts,1758,||||||||||French,France,department||artistNationality,0.53,True,country.8781,France,2.618787,47.824905,1.0,country:1.00,matched,2026-04-27T16:46:43Z,fr
202205,European Sculpture and Decorative Arts,1770,||||||||||French,France,department||artistNationality,0.53,True,country.8781,France,2.618787,47.824905,1.0,country:1.00,matched,2026-04-27T16:46:43Z,fr
202215,European Sculpture and Decorative Arts,1755,||||||||||French,France,department||artistNationality,0.53,True,country.8781,France,2.618787,47.824905,1.0,country:1.00,matched,2026-04-27T16:46:43Z,fr
202218,European Sculpture and Decorative Arts,1771,||||||||||French,France,department||artistNationality,0.53,True,country.8781,France,2.618787,47.824905,1.0,country:1.00,matched,2026-04-27T16:46:43Z,fr
202243,European Sculpture and Decorative Arts,1765,||||||||||,,none,0.0,False,,,,,,,skipped,2026-04-27T16:47:15Z,
202473,European Sculpture and Decorative Arts,1790,||||||||||,,none,0.0,False,,,,,,,skipped,2026-04-27T16:47:15Z,
202581,European Sculpture and Decorative Arts,1530,||||||||||,,none,0.0,False,,,,,,,skipped,2026-04-27T16:47:15Z,
202967,European Sculpture and Decorative Arts,1742,||||||||||,,none,0.0,False,,,,,,,skipped,2026-04-27T16:47:15Z,
203192,European Sculpture and Decorative Arts,1727,||||||||||,,none,0.0,False,,,,,,,skipped,2026-04-27T16:47:15Z,
203257,European Sculpture and Decorative Arts,1752,||||||||||Italian,Italy,department||artistNationality,0.53,True,country.8816,Italy,12.646361,42.504154,1.0,country:1.00,matched,2026-04-27T16:46:47Z,it
203266,European Sculpture and Decorative Arts,1727,||||||||||,,none,0.0,False,,,,,,,skipped,2026-04-27T16:47:15Z,
203276,European Sculpture and Decorative Arts,1650,||||||||||,,none,0.0,False,,,,,,,skipped,2026-04-27T16:47:15Z,
203278,European Sculpture and Decorative Arts,1675,||||||||||German,Germany,department||artistNationality,0.53,True,country.8762,Germany,10.018343,51.133481,1.0,country:1.00,matched,2026-04-27T16:46:43Z,de
203282,European Sculpture and Decorative Arts,1747,||||||||||,,none,0.0,False,,,,,,,skipped,2026-04-27T16:47:15Z,
203297,European Sculpture and Decorative Arts,1745,||||||||||British,Britain,department||artistNationality,0.53,True,country.8783,United Kingdom,-2.36967,54.237933,1.0,country:1.00,matched,2026-04-27T16:46:31Z,gb
203298,European Sculpture and Decorative Arts,1745,||||||||||British,Britain,department||artistNationality,0.53,True,country.8783,United Kingdom,-2.36967,54.237933,1.0,country:1.00,matched,2026-04-27T16:46:31Z,gb
203299,European Sculpture and Decorative Arts,1748,||||||||||British,Britain,department||artistNationality,0.53,True,country.8783,United Kingdom,-2.36967,54.237933,1.0,country:1.00,matched,2026-04-27T16:46:31Z,gb
203363,European Sculpture and Decorative Arts,1761,||||||||||British,Britain,department||artistNationality,0.53,True,country.8783,United Kingdom,-2.36967,54.237933,1.0,country:1.00,matched,2026-04-27T16:46:31Z,gb
203377,European Sculpture and Decorative Arts,1761,||||||||||British,Britain,department||artistNationality,0.53,True,country.8783,United Kingdom,-2.36967,54.237933,1.0,country:1.00,matched,2026-04-27T16:46:31Z,gb
203378,European Sculpture and Decorative Arts,1761,||||||||||British,Britain,department||artistNationality,0.53,True,country.8783,United Kingdom,-2.36967,54.237933,1.0,country:1.00,matched,2026-04-27T16:46:31Z,gb
203607,European Sculpture and Decorative Arts,1770,||||||||||British,Britain,department||artistNationality,0.53,True,country.8783,United Kingdom,-2.36967,54.237933,1.0,country:1.00,matched,2026-04-27T16:46:31Z,gb
203612,European Sculpture and Decorative Arts,1755,||||||||||British,Britain,department||artistNationality,0.53,True,country.8783,United Kingdom,-2.36967,54.237933,1.0,country:1.00,matched,2026-04-27T16:46:31Z,gb
204026,European Sculpture and Decorative Arts,1753,||||||||||British,Britain,department||artistNationality,0.53,True,country.8783,United Kingdom,-2.36967,54.237933,1.0,country:1.00,matched,2026-04-27T16:46:31Z,gb
204046,European Sculpture and Decorative Arts,1749,||||||||||,,none,0.0,False,,,,,,,skipped,2026-04-27T16:47:15Z,
204047,European Sculpture and Decorative Arts,1749,||||||||||,,none,0.0,False,,,,,,,skipped,2026-04-27T16:47:15Z,
204058,European Sculpture and Decorative Arts,1753,||||||||||British,Britain,department||artistNationality,0.53,True,country.8783,United Kingdom,-2.36967,54.237933,1.0,country:1.00,matched,2026-04-27T16:46:31Z,gb
204062,European Sculpture and Decorative Arts,1749,||||||||||,,none,0.0,False,,,,,,,skipped,2026-04-27T16:47:15Z,
204066,European Sculpture and Decorative Arts,1765,||||||||||British,Britain,department||artistNationality,0.53,True,country.8783,United Kingdom,-2.36967,54.237933,1.0,country:1.00,matched,2026-04-27T16:46:31Z,gb
204070,European Sculpture and Decorative Arts,1772,||||||||||British,Britain,department||artistNationality,0.53,True,country.8783,United Kingdom,-2.36967,54.237933,1.0,country:1.00,matched,2026-04-27T16:46:31Z,gb
204071,European Sculpture and Decorative Arts,1767,||||||||||British,Britain,department||artistNationality,0.53,True,country.8783,United Kingdom,-2.36967,54.237933,1.0,country:1.00,matched,2026-04-27T16:46:31Z,gb
204072,European Sculpture and Decorative Arts,1749,||||||||||,,none,0.0,False,,,,,,,skipped,2026-04-27T16:47:15Z,
204075,European Sculpture and Decorative Arts,1753,||||||||||British,Britain,department||artistNationality,0.53,True,country.8783,United Kingdom,-2.36967,54.237933,1.0,country:1.00,matched,2026-04-27T16:46:31Z,gb
204084,European Sculpture and Decorative Arts,1753,||||||||||British,Britain,department||artistNationality,0.53,True,country.8783,United Kingdom,-2.36967,54.237933,1.0,country:1.00,matched,2026-04-27T16:46:31Z,gb
204090,European Sculpture and Decorative Arts,1749,||||||||||,,none,0.0,False,,,,,,,skipped,2026-04-27T16:47:15Z,
204098,European Sculpture and Decorative Arts,1730,||||||||||,,none,0.0,False,,,,,,,skipped,2026-04-27T16:47:15Z,
204350,European Sculpture and Decorative Arts,1849,||||||||||,,none,0.0,False,,,,,,,skipped,2026-04-27T16:47:15Z,
204351,European Sculpture and Decorative Arts,1849,||||||||||,,none,0.0,False,,,,,,,skipped,2026-04-27T16:47:15Z,
204352,European Sculpture and Decorative Arts,1849,||||||||||,,none,0.0,False,,,,,,,skipped,2026-04-27T16:47:15Z,
204354,European Sculpture and Decorative Arts,1849,||||||||||,,none,0.0,False,,,,,,,skipped,2026-04-27T16:47:15Z,
204355,European Sculpture and Decorative Arts,1849,||||||||||,,none,0.0,False,,,,,,,skipped,2026-04-27T16:47:15Z,
204356,European Sculpture and Decorative Arts,1849,||||||||||,,none,0.0,False,,,,,,,skipped,2026-04-27T16:47:15Z,
204360,European Sculpture and Decorative Arts,1849,||||||||||,,none,0.0,False,,,,,,,skipped,2026-04-27T16:47:15Z,
204363,European Sculpture and Decorative Arts,1849,||||||||||,,none,0.0,False,,,,,,,skipped,2026-04-27T16:47:15Z,
204364,European Sculpture and Decorative Arts,1849,||||||||||,,none,0.0,False,,,,,,,skipped,2026-04-27T16:47:15Z,
204368,European Sculpture and Decorative Arts,1849,||||||||||,,none,0.0,False,,,,,,,skipped,2026-04-27T16:47:15Z,
204370,European Sculpture and Decorative Arts,1849,||||||||||,,none,0.0,False,,,,,,,skipped,2026-04-27T16:47:15Z,
204372,European Sculpture and Decorative Arts,1849,||||||||||,,none,0.0,False,,,,,,,skipped,2026-04-27T16:47:15Z,
204374,European Sculpture and Decorative Arts,1849,||||||||||,,none,0.0,False,,,,,,,skipped,2026-04-27T16:47:15Z,
204377,European Sculpture and Decorative Arts,1849,||||||||||,,none,0.0,False,,,,,,,skipped,2026-04-27T16:47:15Z,
204378,European Sculpture and Decorative Arts,1849,||||||||||,,none,0.0,False,,,,,,,skipped,2026-04-27T16:47:15Z,
204380,European Sculpture and Decorative Arts,1849,||||||||||,,none,0.0,False,,,,,,,skipped,2026-04-27T16:47:15Z,
204382,European Sculpture and Decorative Arts,1849,||||||||||,,none,0.0,False,,,,,,,skipped,2026-04-27T16:47:15Z,
204383,European Sculpture and Decorative Arts,1849,||||||||||,,none,0.0,False,,,,,,,skipped,2026-04-27T16:47:15Z,
204384,European Sculpture and Decorative Arts,1849,||||||||||,,none,0.0,False,,,,,,,skipped,2026-04-27T16:47:15Z,
204385,European Sculpture and Decorative Arts,1849,||||||||||,,none,0.0,False,,,,,,,skipped,2026-04-27T16:47:15Z,
204386,European Sculpture and Decorative Arts,1849,||||||||||,,none,0.0,False,,,,,,,skipped,2026-04-27T16:47:15Z,
204387,European Sculpture and Decorative Arts,1849,||||||||||,,none,0.0,False,,,,,,,skipped,2026-04-27T16:47:15Z,
204390,European Sculpture and Decorative Arts,1849,||||||||||,,none,0.0,False,,,,,,,skipped,2026-04-27T16:47:15Z,
204391,European Sculpture and Decorative Arts,1849,||||||||||,,none,0.0,False,,,,,,,skipped,2026-04-27T16:47:15Z,
204392,European Sculpture and Decorative Arts,1849,||||||||||,,none,0.0,False,,,,,,,skipped,2026-04-27T16:47:15Z,
204396,European Sculpture and Decorative Arts,1849,||||||||||,,none,0.0,False,,,,,,,skipped,2026-04-27T16:47:15Z,
204403,European Sculpture and Decorative Arts,1810,||||||||||,,none,0.0,False,,,,,,,skipped,2026-04-27T16:47:15Z,
204414,European Sculpture and Decorative Arts,1849,||||||||||,,none,0.0,False,,,,,,,skipped,2026-04-27T16:47:15Z,
204415,European Sculpture and Decorative Arts,1810,||||||||||,,none,0.0,False,,,,,,,skipped,2026-04-27T16:47:15Z,
204423,European Sculpture and Decorative Arts,1849,||||||||||,,none,0.0,False,,,,,,,skipped,2026-04-27T16:47:15Z,
204511,European Sculpture and Decorative Arts,1492,||||||||||,,none,0.0,False,,,,,,,skipped,2026-04-27T16:47:15Z,
204512,European Sculpture and Decorative Arts,1470,||||||||||,,none,0.0,False,,,,,,,skipped,2026-04-27T16:47:15Z,
204513,European Sculpture and Decorative Arts,1480,||||||||||,,none,0.0,False,,,,,,,skipped,2026-04-27T16:47:15Z,
204514,European Sculpture and Decorative Arts,1505,||||||||||,,none,0.0,False,,,,,,,skipped,2026-04-27T16:47:15Z,
204515,European Sculpture and Decorative Arts,1485,||||||||||,,none,0.0,False,,,,,,,skipped,2026-04-27T16:47:15Z,
204524,European Sculpture and Decorative Arts,1490,||||||||||,,none,0.0,False,,,,,,,skipped,2026-04-27T16:47:15Z,
204671,European Sculpture and Decorative Arts,1700,||||||||||,,none,0.0,False,,,,,,,skipped,2026-04-27T16:47:15Z,
204753,European Sculpture and Decorative Arts,1780,||||||||||,,none,0.0,False,,,,,,,skipped,2026-04-27T16:47:15Z,
204844,European Sculpture and Decorative Arts,1749,||||||||||,,none,0.0,False,,,,,,,skipped,2026-04-27T16:47:15Z,
205087,European Sculpture and Decorative Arts,1755,||||||||||British,Britain,department||artistNationality,0.53,True,country.8783,United Kingdom,-2.36967,54.237933,1.0,country:1.00,matched,2026-04-27T16:46:31Z,gb
205096,European Sculpture and Decorative Arts,1718,||||||||||,,none,0.0,False,,,,,,,skipped,2026-04-27T16:47:15Z,
205100,European Sculpture and Decorative Arts,1781,||||||||||,,none,0.0,False,,,,,,,skipped,2026-04-27T16:47:15Z,
205321,European Sculpture and Decorative Arts,1752,||||||||||British,Britain,department||artistNationality,0.53,True,country.8783,United Kingdom,-2.36967,54.237933,1.0,country:1.00,matched,2026-04-27T16:46:31Z,gb
205322,European Sculpture and Decorative Arts,1752,||||||||||British,Britain,department||artistNationality,0.53,True,country.8783,United Kingdom,-2.36967,54.237933,1.0,country:1.00,matched,2026-04-27T16:46:31Z,gb
205323,European Sculpture and Decorative Arts,1752,||||||||||British,Britain,department||artistNationality,0.53,True,country.8783,United Kingdom,-2.36967,54.237933,1.0,country:1.00,matched,2026-04-27T16:46:31Z,gb
205324,European Sculpture and Decorative Arts,1756,||||||||||British,Britain,department||artistNationality,0.53,True,country.8783,United Kingdom,-2.36967,54.237933,1.0,country:1.00,matched,2026-04-27T16:46:31Z,gb
205325,European Sculpture and Decorative Arts,1755,||||||||||British,Britain,department||artistNationality,0.53,True,country.8783,United Kingdom,-2.36967,54.237933,1.0,country:1.00,matched,2026-04-27T16:46:31Z,gb
205326,European Sculpture and Decorative Arts,1756,||||||||||British,Britain,department||artistNationality,0.53,True,country.8783,United Kingdom,-2.36967,54.237933,1.0,country:1.00,matched,2026-04-27T16:46:31Z,gb
205327,European Sculpture and Decorative Arts,1755,||||||||||British,Britain,department||artistNationality,0.53,True,country.8783,United Kingdom,-2.36967,54.237933,1.0,country:1.00,matched,2026-04-27T16:46:31Z,gb
205328,European Sculpture and Decorative Arts,1760,||||||||||British,Britain,department||artistNationality,0.53,True,country.8783,United Kingdom,-2.36967,54.237933,1.0,country:1.00,matched,2026-04-27T16:46:31Z,gb
205330,European Sculpture and Decorative Arts,1760,||||||||||British,Britain,department||artistNationality,0.53,True,country.8783,United Kingdom,-2.36967,54.237933,1.0,country:1.00,matched,2026-04-27T16:46:31Z,gb
205335,European Sculpture and Decorative Arts,1752,||||||||||British,Britain,department||artistNationality,0.53,True,country.8783,United Kingdom,-2.36967,54.237933,1.0,country:1.00,matched,2026-04-27T16:46:31Z,gb
205336,European Sculpture and Decorative Arts,1752,||||||||||British,Britain,department||artistNationality,0.53,True,country.8783,United Kingdom,-2.36967,54.237933,1.0,country:1.00,matched,2026-04-27T16:46:31Z,gb
205378,European Sculpture and Decorative Arts,1815,||||||||||,,none,0.0,False,,,,,,,skipped,2026-04-27T16:47:15Z,
205379,European Sculpture and Decorative Arts,1815,||||||||||,,none,0.0,False,,,,,,,skipped,2026-04-27T16:47:15Z,
205381,European Sculpture and Decorative Arts,1815,||||||||||,,none,0.0,False,,,,,,,skipped,2026-04-27T16:47:15Z,
205382,European Sculpture and Decorative Arts,1849,||||||||||,,none,0.0,False,,,,,,,skipped,2026-04-27T16:47:15Z,
205470,European Sculpture and Decorative Arts,1749,||||||||||French,France,department||artistNationality,0.53,True,country.8781,France,2.618787,47.824905,1.0,country:1.00,matched,2026-04-27T16:46:43Z,fr
205476,European Sculpture and Decorative Arts,1785,||||||||||Danish,Denmark,department||artistNationality,0.35,True,country.8765,Denmark,10.046297,55.963398,1.0,country:1.00,matched,2026-04-27T16:46:38Z,dk
205826,European Sculpture and Decorative Arts,1720,||||||||||German,Germany,department||artistNationality,0.53,True,country.8762,Germany,10.018343,51.133481,1.0,country:1.00,matched,2026-04-27T16:46:43Z,de
205827,European Sculpture and Decorative Arts,1692,||||||||||,,none,0.0,False,,,,,,,skipped,2026-04-27T16:47:15Z,
205832,European Sculpture and Decorative Arts,1692,||||||||||,,none,0.0,False,,,,,,,skipped,2026-04-27T16:47:15Z,
205835,European Sculpture and Decorative Arts,1730,||||||||||,,none,0.0,False,,,,,,,skipped,2026-04-27T16:47:15Z,
205845,European Sculpture and Decorative Arts,1735,||||||||||,,none,0.0,False,,,,,,,skipped,2026-04-27T16:47:15Z,
205878,European Sculpture and Decorative Arts,1755,||||||||||German,Germany,department||artistNationality,0.53,True,country.8762,Germany,10.018343,51.133481,1.0,country:1.00,matched,2026-04-27T16:46:43Z,de
205919,European Sculpture and Decorative Arts,1727,||||||||||German,Germany,department||artistNationality,0.53,True,country.8762,Germany,10.018343,51.133481,1.0,country:1.00,matched,2026-04-27T16:46:43Z,de
205922,European Sculpture and Decorative Arts,1735,||||||||||German,Germany,department||artistNationality,0.53,True,country.8762,Germany,10.018343,51.133481,1.0,country:1.00,matched,2026-04-27T16:46:43Z,de
205936,European Sculpture and Decorative Arts,1732,||||||||||German,Germany,department||artistNationality,0.53,True,country.8762,Germany,10.018343,51.133481,1.0,country:1.00,matched,2026-04-27T16:46:43Z,de
205973,European Sculpture and Decorative Arts,1849,||||||||||,,none,0.0,False,,,,,,,skipped,2026-04-27T16:47:15Z,
205979,European Sculpture and Decorative Arts,1724,||||||||||,,none,0.0,False,,,,,,,skipped,2026-04-27T16:47:15Z,
206024,European Sculpture and Decorative Arts,1716,||||||||||German,Germany,department||artistNationality,0.53,True,country.8762,Germany,10.018343,51.133481,1.0,country:1.00,matched,2026-04-27T16:46:43Z,de
206025,European Sculpture and Decorative Arts,1730,||||||||||German,Germany,department||artistNationality,0.53,True,country.8762,Germany,10.018343,51.133481,1.0,country:1.00,matched,2026-04-27T16:46:43Z,de
206073,European Sculpture and Decorative Arts,1755,||||||||||British,Britain,department||artistNationality,0.53,True,country.8783,United Kingdom,-2.36967,54.237933,1.0,country:1.00,matched,2026-04-27T16:46:31Z,gb
206107,European Sculpture and Decorative Arts,1758,||||||||||French,France,department||artistNationality,0.53,True,country.8781,France,2.618787,47.824905,1.0,country:1.00,matched,2026-04-27T16:46:43Z,fr
206142,European Sculpture and Decorative Arts,1752,||||||||||British,Britain,department||artistNationality,0.53,True,country.8783,United Kingdom,-2.36967,54.237933,1.0,country:1.00,matched,2026-04-27T16:46:31Z,gb
206318,European Sculpture and Decorative Arts,1608,||||||||||,,none,0.0,False,,,,,,,skipped,2026-04-27T16:47:15Z,
206319,European Sculpture and Decorative Arts,1608,||||||||||,,none,0.0,False,,,,,,,skipped,2026-04-27T16:47:15Z,
206328,European Sculpture and Decorative Arts,1810,||||||||||,,none,0.0,False,,,,,,,skipped,2026-04-27T16:47:15Z,
206385,European Sculpture and Decorative Arts,1864,||||||||||,,none,0.0,False,,,,,,,skipped,2026-04-27T16:47:15Z,
206392,European Sculpture and Decorative Arts,1787,||||||||||German,Germany,department||artistNationality,0.53,True,country.8762,Germany,10.018343,51.133481,1.0,country:1.00,matched,2026-04-27T16:46:43Z,de
206393,European Sculpture and Decorative Arts,1792,||||||||||German,Germany,department||artistNationality,0.53,True,country.8762,Germany,10.018343,51.133481,1.0,country:1.00,matched,2026-04-27T16:46:43Z,de
206433,European Sculpture and Decorative Arts,1760,||||||||||French,France,department||artistNationality,0.53,True,country.8781,France,2.618787,47.824905,1.0,country:1.00,matched,2026-04-27T16:46:43Z,fr
206454,European Sculpture and Decorative Arts,1760,||||||||||French,France,department||artistNationality,0.53,True,country.8781,France,2.618787,47.824905,1.0,country:1.00,matched,2026-04-27T16:46:43Z,fr
206522,European Sculpture and Decorative Arts,1754,||||||||||French,France,department||artistNationality,0.53,True,country.8781,France,2.618787,47.824905,1.0,country:1.00,matched,2026-04-27T16:46:43Z,fr
206629,European Sculpture and Decorative Arts,1690,||||||||||,,none,0.0,False,,,,,,,skipped,2026-04-27T16:47:15Z,
206654,European Sculpture and Decorative Arts,1720,||||||||||,,none,0.0,False,,,,,,,skipped,2026-04-27T16:47:15Z,
206669,European Sculpture and Decorative Arts,1690,||||||||||,,none,0.0,False,,,,,,,skipped,2026-04-27T16:47:15Z,
206742,European Sculpture and Decorative Arts,1834,||||||||||French,France,department||artistNationality,0.53,True,country.8781,France,2.618787,47.824905,1.0,country:1.00,matched,2026-04-27T16:46:43Z,fr
206796,European Sculpture and Decorative Arts,1715,||||||||||,,none,0.0,False,,,,,,,skipped,2026-04-27T16:47:15Z,
206914,European Sculpture and Decorative Arts,1717,||||||||||,,none,0.0,False,,,,,,,skipped,2026-04-27T16:47:15Z,
207123,European Sculpture and Decorative Arts,1730,||||||||||,,none,0.0,False,,,,,,,skipped,2026-04-27T16:47:15Z,
207124,European Sculpture and Decorative Arts,1730,||||||||||,,none,0.0,False,,,,,,,skipped,2026-04-27T16:47:15Z,
207145,European Sculpture and Decorative Arts,1755,||||||||||,,none,0.0,False,,,,,,,skipped,2026-04-27T16:47:15Z,
207383,European Sculpture and Decorative Arts,1757,||||||||||French,France,department||artistNationality,0.53,True,country.8781,France,2.618787,47.824905,1.0,country:1.00,matched,2026-04-27T16:46:43Z,fr
207399,European Sculpture and Decorative Arts,1637,||||||||||,,none,0.0,False,,,,,,,skipped,2026-04-27T16:47:15Z,
207404,European Sculpture and Decorative Arts,1715,||||||||||,,none,0.0,False,,,,,,,skipped,2026-04-27T16:47:15Z,
207469,European Sculpture and Decorative Arts,1599,||||||||||,,none,0.0,False,,,,,,,skipped,2026-04-27T16:47:15Z,
207470,European Sculpture and Decorative Arts,1574,||||||||||,,none,0.0,False,,,,,,,skipped,2026-04-27T16:47:15Z,
207564,European Sculpture and Decorative Arts,1892,||||||||||Italian,Italy,department||artistNationality,0.53,True,country.8816,Italy,12.646361,42.504154,1.0,country:1.00,matched,2026-04-27T16:46:47Z,it
207713,European Sculpture and Decorative Arts,1887,||||||||||British,Britain,department||artistNationality,0.53,True,country.8783,United Kingdom,-2.36967,54.237933,1.0,country:1.00,matched,2026-04-27T16:46:31Z,gb
207745,European Sculpture and Decorative Arts,1707,||||||||||,,none,0.0,False,,,,,,,skipped,2026-04-27T16:47:15Z,
207775,European Sculpture and Decorative Arts,1880,||||||||||British,Britain,department||artistNationality,0.53,True,country.8783,United Kingdom,-2.36967,54.237933,1.0,country:1.00,matched,2026-04-27T16:46:31Z,gb
207776,European Sculpture and Decorative Arts,1880,||||||||||British,Britain,department||artistNationality,0.53,True,country.8783,United Kingdom,-2.36967,54.237933,1.0,country:1.00,matched,2026-04-27T16:46:31Z,gb
207777,European Sculpture and Decorative Arts,1880,"||||||||||British, Scottish",Scotland,department||artistNationality,0.35,True,region.17487,"Scotland, United Kingdom",-4.095892,56.734282,1.0,region:1.00,matched,2026-04-27T16:47:05Z,gb
207779,European Sculpture and Decorative Arts,1880,||||||||||,,none,0.0,False,,,,,,,skipped,2026-04-27T16:47:15Z,
207815,European Sculpture and Decorative Arts,1880,||||||||||Irish,Ireland,department||artistNationality,0.35,True,country.8808,Ireland,-7.737649,53.305494,1.0,country:1.00,matched,2026-04-27T16:46:46Z,ie
207847,European Sculpture and Decorative Arts,1849,||||||||||,,none,0.0,False,,,,,,,skipped,2026-04-27T16:47:15Z,
207850,European Sculpture and Decorative Arts,1885,||||||||||French,France,department||artistNationality,0.53,True,country.8781,France,2.618787,47.824905,1.0,country:1.00,matched,2026-04-27T16:46:43Z,fr
207983,European Sculpture and Decorative Arts,1649,||||||||||,,none,0.0,False,,,,,,,skipped,2026-04-27T16:47:15Z,
207990,European Sculpture and Decorative Arts,1725,||||||||||German,Germany,department||artistNationality,0.53,True,country.8762,Germany,10.018343,51.133481,1.0,country:1.00,matched,2026-04-27T16:46:43Z,de
208001,European Sculpture and Decorative Arts,1879,||||||||||French,France,department||artistNationality,0.53,True,country.8781,France,2.618787,47.824905,1.0,country:1.00,matched,2026-04-27T16:46:43Z,fr
208006,European Sculpture and Decorative Arts,1707,||||||||||,,none,0.0,False,,,,,,,skipped,2026-04-27T16:47:15Z,
208009,European Sculpture and Decorative Arts,1649,||||||||||German,Germany,department||artistNationality,0.53,True,country.8762,Germany,10.018343,51.133481,1.0,country:1.00,matched,2026-04-27T16:46:43Z,de
208029,European Sculpture and Decorative Arts,1900,||||||||||French,France,department||artistNationality,0.53,True,country.8781,France,2.618787,47.824905,1.0,country:1.00,matched,2026-04-27T16:46:43Z,fr
208035,European Sculpture and Decorative Arts,1885,||||||||||,,none,0.0,False,,,,,,,skipped,2026-04-27T16:47:15Z,
208036,European Sculpture and Decorative Arts,1900,||||||||||French,France,department||artistNationality,0.53,True,country.8781,France,2.618787,47.824905,1.0,country:1.00,matched,2026-04-27T16:46:43Z,fr
208040,European Sculpture and Decorative Arts,1765,||||||||||Italian,Italy,department||artistNationality,0.53,True,country.8816,Italy,12.646361,42.504154,1.0,country:1.00,matched,2026-04-27T16:46:47Z,it
208083,European Sculpture and Decorative Arts,1722,||||||||||,,none,0.0,False,,,,,,,skipped,2026-04-27T16:47:15Z,
208120,European Sculpture and Decorative Arts,1574,||||||||||,,none,0.0,False,,,,,,,skipped,2026-04-27T16:47:15Z,
208121,European Sculpture and Decorative Arts,1737,||||||||||,,none,0.0,False,,,,,,,skipped,2026-04-27T16:47:15Z,
208122,European Sculpture and Decorative Arts,1737,||||||||||,,none,0.0,False,,,,,,,skipped,2026-04-27T16:47:15Z,
208140,European Sculpture and Decorative Arts,1880,"||||||||||British, Scottish",Scotland,department||artistNationality,0.35,True,region.17487,"Scotland, United Kingdom",-4.095892,56.734282,1.0,region:1.00,matched,2026-04-27T16:47:05Z,gb
208152,European Sculpture and Decorative Arts,1822,||||||||||German,Germany,department||artistNationality,0.53,True,country.8762,Germany,10.018343,51.133481,1.0,country:1.00,matched,2026-04-27T16:46:43Z,de
208156,European Sculpture and Decorative Arts,1880,||||||||||American and French,United States,department||artistNationality,0.15,False,country.8940,United States,-97.922211,39.381266,1.0,country:1.00,matched,2026-04-27T16:47:13Z,us
208181,European Sculpture and Decorative Arts,1690,||||||||||French,France,department||artistNationality,0.53,True,country.8781,France,2.618787,47.824905,1.0,country:1.00,matched,2026-04-27T16:46:43Z,fr
208199,European Sculpture and Decorative Arts,1700,||||||||||,,none,0.0,False,,,,,,,skipped,2026-04-27T16:47:15Z,
208243,European Sculpture and Decorative Arts,1707,||||||||||,,none,0.0,False,,,,,,,skipped,2026-04-27T16:47:15Z,
208245,European Sculpture and Decorative Arts,1670,||||||||||,,none,0.0,False,,,,,,,skipped,2026-04-27T16:47:15Z,
208248,European Sculpture and Decorative Arts,1705,||||||||||,,none,0.0,False,,,,,,,skipped,2026-04-27T16:47:15Z,
208279,European Sculpture and Decorative Arts,1710,||||||||||,,none,0.0,False,,,,,,,skipped,2026-04-27T16:47:15Z,
208307,European Sculpture and Decorative Arts,1707,||||||||||,,none,0.0,False,,,,,,,skipped,2026-04-27T16:47:15Z,
208337,European Sculpture and Decorative Arts,1732,||||||||||French,France,department||artistNationality,0.53,True,country.8781,France,2.618787,47.824905,1.0,country:1.00,matched,2026-04-27T16:46:43Z,fr
208387,European Sculpture and Decorative Arts,1770,||||||||||Swiss,Switzerland,department||artistNationality,0.53,True,country.8748,Switzerland,8.234392,46.802496,1.0,country:1.00,matched,2026-04-27T16:47:08Z,ch
208388,European Sculpture and Decorative Arts,1770,||||||||||Swiss,Switzerland,department||artistNationality,0.53,True,country.8748,Switzerland,8.234392,46.802496,1.0,country:1.00,matched,2026-04-27T16:47:08Z,ch
208389,European Sculpture and Decorative Arts,1710,||||||||||,,none,0.0,False,,,,,,,skipped,2026-04-27T16:47:15Z,
208397,European Sculpture and Decorative Arts,1749,||||||||||,,none,0.0,False,,,,,,,skipped,2026-04-27T16:47:15Z,
208398,European Sculpture and Decorative Arts,1792,||||||||||,,none,0.0,False,,,,,,,skipped,2026-04-27T16:47:15Z,
208403,European Sculpture and Decorative Arts,1740,||||||||||French,France,department||artistNationality,0.53,True,country.8781,France,2.618787,47.824905,1.0,country:1.00,matched,2026-04-27T16:46:43Z,fr
208409,European Sculpture and Decorative Arts,1780,||||||||||French,France,department||artistNationality,0.53,True,country.8781,France,2.618787,47.824905,1.0,country:1.00,matched,2026-04-27T16:46:43Z,fr
208421,European Sculpture and Decorative Arts,1892,||||||||||,,none,0.0,False,,,,,,,skipped,2026-04-27T16:47:15Z,
208422,European Sculpture and Decorative Arts,1770,||||||||||,,none,0.0,False,,,,,,,skipped,2026-04-27T16:47:15Z,
208439,European Sculpture and Decorative Arts,1849,||||||||||,,none,0.0,False,,,,,,,skipped,2026-04-27T16:47:15Z,
208440,European Sculpture and Decorative Arts,1849,||||||||||,,none,0.0,False,,,,,,,skipped,2026-04-27T16:47:15Z,
208450,European Sculpture and Decorative Arts,1725,||||||||||,,none,0.0,False,,,,,,,skipped,2026-04-27T16:47:15Z,
208486,European Sculpture and Decorative Arts,1766,||||||||||German,Germany,department||artistNationality,0.53,True,country.8762,Germany,10.018343,51.133481,1.0,country:1.00,matched,2026-04-27T16:46:43Z,de
208542,European Sculpture and Decorative Arts,1880,||||||||||British,Britain,department||artistNationality,0.53,True,country.8783,United Kingdom,-2.36967,54.237933,1.0,country:1.00,matched,2026-04-27T16:46:31Z,gb
208546,European Sculpture and Decorative Arts,1862,"||||||||||British, Scottish",Scotland,department||artistNationality,0.35,True,region.17487,"Scotland, United Kingdom",-4.095892,56.734282,1.0,region:1.00,matched,2026-04-27T16:47:05Z,gb
208556,European Sculpture and Decorative Arts,1880,"||||||||||British, Scottish",Scotland,department||artistNationality,0.35,True,region.17487,"Scotland, United Kingdom",-4.095892,56.734282,1.0,region:1.00,matched,2026-04-27T16:47:05Z,gb
208806,European Sculpture and Decorative Arts,1849,||||||||||,,none,0.0,False,,,,,,,skipped,2026-04-27T16:47:15Z,
208811,European Sculpture and Decorative Arts,1774,||||||||||,,none,0.0,False,,,,,,,skipped,2026-04-27T16:47:15Z,
208822,European Sculpture and Decorative Arts,1849,||||||||||,,none,0.0,False,,,,,,,skipped,2026-04-27T16:47:15Z,
209254,European Sculpture and Decorative Arts,1720,||||||||||,,none,0.0,False,,,,,,,skipped,2026-04-27T16:47:15Z,
209256,European Sculpture and Decorative Arts,1855,||||||||||British,Britain,department||artistNationality,0.53,True,country.8783,United Kingdom,-2.36967,54.237933,1.0,country:1.00,matched,2026-04-27T16:46:31Z,gb
209997,European Sculpture and Decorative Arts,1882,||||||||||French,France,department||artistNationality,0.53,True,country.8781,France,2.618787,47.824905,1.0,country:1.00,matched,2026-04-27T16:46:43Z,fr
210743,European Sculpture and Decorative Arts,1890,"||||||||||British, Scottish",Scotland,department||artistNationality,0.35,True,region.17487,"Scotland, United Kingdom",-4.095892,56.734282,1.0,region:1.00,matched,2026-04-27T16:47:05Z,gb
210750,European Sculpture and Decorative Arts,1520,||||||||||,,none,0.0,False,,,,,,,skipped,2026-04-27T16:47:15Z,
210783,European Sculpture and Decorative Arts,1842,||||||||||British,Britain,department||artistNationality,0.53,True,country.8783,United Kingdom,-2.36967,54.237933,1.0,country:1.00,matched,2026-04-27T16:46:31Z,gb
231768,European Sculpture and Decorative Arts,1799,||||||||||,,none,0.0,False,,,,,,,skipped,2026-04-27T16:47:15Z,
231832,European Sculpture and Decorative Arts,1890,||||||||||French,France,department||artistNationality,0.53,True,country.8781,France,2.618787,47.824905,1.0,country:1.00,matched,2026-04-27T16:46:43Z,fr
232205,European Sculpture and Decorative Arts,1880,"||||||||||British, Scottish",Scotland,department||artistNationality,0.35,True,region.17487,"Scotland, United Kingdom",-4.095892,56.734282,1.0,region:1.00,matched,2026-04-27T16:47:05Z,gb
232222,European Sculpture and Decorative Arts,1873,"||||||||||British, Scottish",Scotland,department||artistNationality,0.35,True,region.17487,"Scotland, United Kingdom",-4.095892,56.734282,1.0,region:1.00,matched,2026-04-27T16:47:05Z,gb
232384,European Sculpture and Decorative Arts,1761,||||||||||French,France,department||artistNationality,0.53,True,country.8781,France,2.618787,47.824905,1.0,country:1.00,matched,2026-04-27T16:46:43Z,fr
234894,European Sculpture and Decorative Arts,1775,||||||||||German,Germany,department||artistNationality,0.53,True,country.8762,Germany,10.018343,51.133481,1.0,country:1.00,matched,2026-04-27T16:46:43Z,de
238560,European Sculpture and Decorative Arts,1895,||||||||||French,France,department||artistNationality,0.53,True,country.8781,France,2.618787,47.824905,1.0,country:1.00,matched,2026-04-27T16:46:43Z,fr
239354,European Sculpture and Decorative Arts,1890,||||||||||French,France,department||artistNationality,0.53,True,country.8781,France,2.618787,47.824905,1.0,country:1.00,matched,2026-04-27T16:46:43Z,fr
239355,European Sculpture and Decorative Arts,1891,||||||||||French,France,department||artistNationality,0.53,True,country.8781,France,2.618787,47.824905,1.0,country:1.00,matched,2026-04-27T16:46:43Z,fr
239357,European Sculpture and Decorative Arts,1889,||||||||||French,France,department||artistNationality,0.53,True,country.8781,France,2.618787,47.824905,1.0,country:1.00,matched,2026-04-27T16:46:43Z,fr
239358,European Sculpture and Decorative Arts,1884,||||||||||American and French,United States,department||artistNationality,0.15,False,country.8940,United States,-97.922211,39.381266,1.0,country:1.00,matched,2026-04-27T16:47:13Z,us
239359,European Sculpture and Decorative Arts,1885,||||||||||American and French,United States,department||artistNationality,0.15,False,country.8940,United States,-97.922211,39.381266,1.0,country:1.00,matched,2026-04-27T16:47:13Z,us
239363,European Sculpture and Decorative Arts,1892,||||||||||French,France,department||artistNationality,0.53,True,country.8781,France,2.618787,47.824905,1.0,country:1.00,matched,2026-04-27T16:46:43Z,fr
239364,European Sculpture and Decorative Arts,1887,||||||||||French,France,department||artistNationality,0.53,True,country.8781,France,2.618787,47.824905,1.0,country:1.00,matched,2026-04-27T16:46:43Z,fr
239483,European Sculpture and Decorative Arts,1876,||||||||||British,Britain,department||artistNationality,0.53,True,country.8783,United Kingdom,-2.36967,54.237933,1.0,country:1.00,matched,2026-04-27T16:46:31Z,gb
239486,European Sculpture and Decorative Arts,1892,||||||||||British,Britain,department||artistNationality,0.53,True,country.8783,United Kingdom,-2.36967,54.237933,1.0,country:1.00,matched,2026-04-27T16:46:31Z,gb
239488,European Sculpture and Decorative Arts,1895,||||||||||British,Britain,department||artistNationality,0.53,True,country.8783,United Kingdom,-2.36967,54.237933,1.0,country:1.00,matched,2026-04-27T16:46:31Z,gb
239494,European Sculpture and Decorative Arts,1874,||||||||||British,Britain,department||artistNationality,0.53,True,country.8783,United Kingdom,-2.36967,54.237933,1.0,country:1.00,matched,2026-04-27T16:46:31Z,gb
239496,European Sculpture and Decorative Arts,1876,||||||||||British,Britain,department||artistNationality,0.53,True,country.8783,United Kingdom,-2.36967,54.237933,1.0,country:1.00,matched,2026-04-27T16:46:31Z,gb
239498,European Sculpture and Decorative Arts,1899,||||||||||British,Britain,department||artistNationality,0.53,True,country.8783,United Kingdom,-2.36967,54.237933,1.0,country:1.00,matched,2026-04-27T16:46:31Z,gb
239499,European Sculpture and Decorative Arts,1880,||||||||||French,France,department||artistNationality,0.53,True,country.8781,France,2.618787,47.824905,1.0,country:1.00,matched,2026-04-27T16:46:43Z,fr
239504,European Sculpture and Decorative Arts,1905,||||||||||British,Britain,department||artistNationality,0.53,True,country.8783,United Kingdom,-2.36967,54.237933,1.0,country:1.00,matched,2026-04-27T16:46:31Z,gb
239506,European Sculpture and Decorative Arts,1879,||||||||||British,Britain,department||artistNationality,0.53,True,country.8783,United Kingdom,-2.36967,54.237933,1.0,country:1.00,matched,2026-04-27T16:46:31Z,gb
239561,European Sculpture and Decorative Arts,1890,||||||||||French,France,department||artistNationality,0.53,True,country.8781,France,2.618787,47.824905,1.0,country:1.00,matched,2026-04-27T16:46:43Z,fr
239563,European Sculpture and Decorative Arts,1890,||||||||||French,France,department||artistNationality,0.53,True,country.8781,France,2.618787,47.824905,1.0,country:1.00,matched,2026-04-27T16:46:43Z,fr
239963,Greek and Roman Art,-450,||||||||Cypriot||,Cyprus,culture,0.55,True,country.8760,Cyprus,33.221762,35.045882,1.0,country:1.00,matched,2026-04-27T16:46:37Z,cy
239987,Greek and Roman Art,-540,||||||||Cypriot||,Cyprus,culture,0.55,True,country.8760,Cyprus,33.221762,35.045882,1.0,country:1.00,matched,2026-04-27T16:46:37Z,cy
239990,Greek and Roman Art,-355,||||||||Cypriot||,Cyprus,culture,0.55,True,country.8760,Cyprus,33.221762,35.045882,1.0,country:1.00,matched,2026-04-27T16:46:37Z,cy
239997,Greek and Roman Art,-440,||||||||Cypriot||,Cyprus,culture,0.55,True,country.8760,Cyprus,33.221762,35.045882,1.0,country:1.00,matched,2026-04-27T16:46:37Z,cy
240000,Greek and Roman Art,-1325,||||||||Cypriot||,Cyprus,culture,0.55,True,country.8760,Cyprus,33.221762,35.045882,1.0,country:1.00,matched,2026-04-27T16:46:37Z,cy
240009,Greek and Roman Art,-1900,||||||||Cypriot||,Cyprus,culture,0.55,True,country.8760,Cyprus,33.221762,35.045882,1.0,country:1.00,matched,2026-04-27T16:46:37Z,cy
240015,Greek and Roman Art,-1125,||||||||Cypriot||,Cyprus,culture,0.55,True,country.8760,Cyprus,33.221762,35.045882,1.0,country:1.00,matched,2026-04-27T16:46:37Z,cy
240016,Greek and Roman Art,-170,||||||||Cypriot||,Cyprus,culture,0.55,True,country.8760,Cyprus,33.221762,35.045882,1.0,country:1.00,matched,2026-04-27T16:46:37Z,cy
240048,Greek and Roman Art,-675,||||||||Cypriot||,Cyprus,culture,0.55,True,country.8760,Cyprus,33.221762,35.045882,1.0,country:1.00,matched,2026-04-27T16:46:37Z,cy
240063,Greek and Roman Art,-1000,||||||||Cypriot||,Cyprus,culture,0.55,True,country.8760,Cyprus,33.221762,35.045882,1.0,country:1.00,matched,2026-04-27T16:46:37Z,cy
240065,Greek and Roman Art,-395,||||||||Cypriot||,Cyprus,culture,0.55,True,country.8760,Cyprus,33.221762,35.045882,1.0,country:1.00,matched,2026-04-27T16:46:37Z,cy
240070,Greek and Roman Art,-615,||||||||Cypriot||,Cyprus,culture,0.55,True,country.8760,Cyprus,33.221762,35.045882,1.0,country:1.00,matched,2026-04-27T16:46:37Z,cy
240072,Greek and Roman Art,-540,||||||||Cypriot||,Cyprus,culture,0.55,True,country.8760,Cyprus,33.221762,35.045882,1.0,country:1.00,matched,2026-04-27T16:46:37Z,cy
240086,Greek and Roman Art,-800,||||||||Cypriot||,Cyprus,culture,0.55,True,country.8760,Cyprus,33.221762,35.045882,1.0,country:1.00,matched,2026-04-27T16:46:37Z,cy
240109,Greek and Roman Art,-1088,||||||||Cypriot||,Cyprus,culture,0.55,True,country.8760,Cyprus,33.221762,35.045882,1.0,country:1.00,matched,2026-04-27T16:46:37Z,cy
240117,Greek and Roman Art,-675,||||||||Cypriot||,Cyprus,culture,0.55,True,country.8760,Cyprus,33.221762,35.045882,1.0,country:1.00,matched,2026-04-27T16:46:37Z,cy
240118,Greek and Roman Art,-675,||||||||Cypriot||,Cyprus,culture,0.55,True,country.8760,Cyprus,33.221762,35.045882,1.0,country:1.00,matched,2026-04-27T16:46:37Z,cy
240122,Greek and Roman Art,-675,||||||||Cypriot||,Cyprus,culture,0.55,True,country.8760,Cyprus,33.221762,35.045882,1.0,country:1.00,matched,2026-04-27T16:46:37Z,cy
240124,Greek and Roman Art,-675,||||||||Cypriot||,Cyprus,culture,0.55,True,country.8760,Cyprus,33.221762,35.045882,1.0,country:1.00,matched,2026-04-27T16:46:37Z,cy
240128,Greek and Roman Art,-41,"||||||||Greek, probably Cypriot||",Cyprus,culture,0.35,True,country.8760,Cyprus,33.221762,35.045882,1.0,country:1.00,matched,2026-04-27T16:46:37Z,cy
240129,Greek and Roman Art,-675,||||||||Cypriot||,Cyprus,culture,0.55,True,country.8760,Cyprus,33.221762,35.045882,1.0,country:1.00,matched,2026-04-27T16:46:37Z,cy
240140,Greek and Roman Art,-675,||||||||Cypriot||,Cyprus,culture,0.55,True,country.8760,Cyprus,33.221762,35.045882,1.0,country:1.00,matched,2026-04-27T16:46:37Z,cy
240145,Greek and Roman Art,-440,||||||||Cypriot||,Cyprus,culture,0.55,True,country.8760,Cyprus,33.221762,35.045882,1.0,country:1.00,matched,2026-04-27T16:46:37Z,cy
240161,Greek and Roman Art,-355,||||||||Cypriot||,Cyprus,culture,0.55,True,country.8760,Cyprus,33.221762,35.045882,1.0,country:1.00,matched,2026-04-27T16:46:37Z,cy
240221,Greek and Roman Art,-500,||||||||Cypriot||,Cyprus,culture,0.55,True,country.8760,Cyprus,33.221762,35.045882,1.0,country:1.00,matched,2026-04-27T16:46:37Z,cy
240256,Greek and Roman Art,-1088,||||||||Cypriot||,Cyprus,culture,0.55,True,country.8760,Cyprus,33.221762,35.045882,1.0,country:1.00,matched,2026-04-27T16:46:37Z,cy
240274,Greek and Roman Art,-540,||||||||Cypriot||,Cyprus,culture,0.55,True,country.8760,Cyprus,33.221762,35.045882,1.0,country:1.00,matched,2026-04-27T16:46:37Z,cy
240277,Greek and Roman Art,-615,||||||||Cypriot||,Cyprus,culture,0.55,True,country.8760,Cyprus,33.221762,35.045882,1.0,country:1.00,matched,2026-04-27T16:46:37Z,cy
240287,Greek and Roman Art,-800,||||||||Cypriot||,Cyprus,culture,0.55,True,country.8760,Cyprus,33.221762,35.045882,1.0,country:1.00,matched,2026-04-27T16:46:37Z,cy
240291,Greek and Roman Art,-800,||||||||Cypriot||,Cyprus,culture,0.55,True,country.8760,Cyprus,33.221762,35.045882,1.0,country:1.00,matched,2026-04-27T16:46:37Z,cy
240298,Greek and Roman Art,-540,||||||||Cypriot||,Cyprus,culture,0.55,True,country.8760,Cyprus,33.221762,35.045882,1.0,country:1.00,matched,2026-04-27T16:46:37Z,cy
240307,Greek and Roman Art,-540,||||||||Cypriot||,Cyprus,culture,0.55,True,country.8760,Cyprus,33.221762,35.045882,1.0,country:1.00,matched,2026-04-27T16:46:37Z,cy
240312,Greek and Roman Art,-415,||||||||Cypriot||,Cyprus,culture,0.55,True,country.8760,Cyprus,33.221762,35.045882,1.0,country:1.00,matched,2026-04-27T16:46:37Z,cy
240328,Greek and Roman Art,-540,||||||||Cypriot||,Cyprus,culture,0.55,True,country.8760,Cyprus,33.221762,35.045882,1.0,country:1.00,matched,2026-04-27T16:46:37Z,cy
240332,Greek and Roman Art,-1245,||||||||Mycenaean||,Greece,culture,0.55,True,country.8795,Greece,23.828554,38.589021,1.0,country:1.00,matched,2026-04-27T16:46:44Z,gr
240333,Greek and Roman Art,-1250,||||||||Mycenaean||,Greece,culture,0.55,True,country.8795,Greece,23.828554,38.589021,1.0,country:1.00,matched,2026-04-27T16:46:44Z,gr
240335,Greek and Roman Art,-1245,||||||||Mycenaean||,Greece,culture,0.55,True,country.8795,Greece,23.828554,38.589021,1.0,country:1.00,matched,2026-04-27T16:46:44Z,gr
240344,Greek and Roman Art,-1225,||||||||Mycenaean||,Greece,culture,0.55,True,country.8795,Greece,23.828554,38.589021,1.0,country:1.00,matched,2026-04-27T16:46:44Z,gr
240345,Greek and Roman Art,-1500,||||||||Mycenaean or Cypro-Mycenaean||,Greece,culture,0.35,True,country.8795,Greece,23.828554,38.589021,1.0,country:1.00,matched,2026-04-27T16:46:44Z,gr
240351,Greek and Roman Art,-1250,||||||||Mycenaean||,Greece,culture,0.55,True,country.8795,Greece,23.828554,38.589021,1.0,country:1.00,matched,2026-04-27T16:46:44Z,gr
240394,Greek and Roman Art,-1125,||||||||Cypriot||,Cyprus,culture,0.55,True,country.8760,Cyprus,33.221762,35.045882,1.0,country:1.00,matched,2026-04-27T16:46:37Z,cy
240403,Greek and Roman Art,-1750,||||||||Cypriot||,Cyprus,culture,0.55,True,country.8760,Cyprus,33.221762,35.045882,1.0,country:1.00,matched,2026-04-27T16:46:37Z,cy
240423,Greek and Roman Art,-1750,||||||||Cypriot||,Cyprus,culture,0.55,True,country.8760,Cyprus,33.221762,35.045882,1.0,country:1.00,matched,2026-04-27T16:46:37Z,cy
240428,Greek and Roman Art,-800,||||||||Cypriot||,Cyprus,culture,0.55,True,country.8760,Cyprus,33.221762,35.045882,1.0,country:1.00,matched,2026-04-27T16:46:37Z,cy
240432,Greek and Roman Art,-1750,||||||||Cypriot||,Cyprus,culture,0.55,True,country.8760,Cyprus,33.221762,35.045882,1.0,country:1.00,matched,2026-04-27T16:46:37Z,cy
240436,Greek and Roman Art,-800,||||||||Cypriot||,Cyprus,culture,0.55,True,country.8760,Cyprus,33.221762,35.045882,1.0,country:1.00,matched,2026-04-27T16:46:37Z,cy
240437,Greek and Roman Art,-415,||||||||Cypriot||,Cyprus,culture,0.55,True,country.8760,Cyprus,33.221762,35.045882,1.0,country:1.00,matched,2026-04-27T16:46:37Z,cy
240442,Greek and Roman Art,-800,||||||||Cypriot||,Cyprus,culture,0.55,True,country.8760,Cyprus,33.221762,35.045882,1.0,country:1.00,matched,2026-04-27T16:46:37Z,cy
240474,Greek and Roman Art,-675,||||||||Cypriot||,Cyprus,culture,0.55,True,country.8760,Cyprus,33.221762,35.045882,1.0,country:1.00,matched,2026-04-27T16:46:37Z,cy
240478,Greek and Roman Art,-800,||||||||Cypriot||,Cyprus,culture,0.55,True,country.8760,Cyprus,33.221762,35.045882,1.0,country:1.00,matched,2026-04-27T16:46:37Z,cy
240484,Greek and Roman Art,-800,||||||||Cypriot||,Cyprus,culture,0.55,True,country.8760,Cyprus,33.221762,35.045882,1.0,country:1.00,matched,2026-04-27T16:46:37Z,cy
240486,Greek and Roman Art,-1125,||||||||Cypriot||,Cyprus,culture,0.55,True,country.8760,Cyprus,33.221762,35.045882,1.0,country:1.00,matched,2026-04-27T16:46:37Z,cy
240489,Greek and Roman Art,-540,||||||||Cypriot||,Cyprus,culture,0.55,True,country.8760,Cyprus,33.221762,35.045882,1.0,country:1.00,matched,2026-04-27T16:46:37Z,cy
240539,Greek and Roman Art,-975,||||||||Cypriot||,Cyprus,culture,0.55,True,country.8760,Cyprus,33.221762,35.045882,1.0,country:1.00,matched,2026-04-27T16:46:37Z,cy
240554,Greek and Roman Art,-1500,"||||||||Helladic, Mycenaean||",Greece,culture,0.55,True,country.8795,Greece,23.828554,38.589021,1.0,country:1.00,matched,2026-04-27T16:46:44Z,gr
240566,Greek and Roman Art,-675,||||||||Cypriot||,Cyprus,culture,0.55,True,country.8760,Cyprus,33.221762,35.045882,1.0,country:1.00,matched,2026-04-27T16:46:37Z,cy
240600,Greek and Roman Art,-900,||||||||Cypriot||,Cyprus,culture,0.55,True,country.8760,Cyprus,33.221762,35.045882,1.0,country:1.00,matched,2026-04-27T16:46:37Z,cy
240634,Greek and Roman Art,-1763,||||||||Cypriot||,Cyprus,culture,0.55,True,country.8760,Cyprus,33.221762,35.045882,1.0,country:1.00,matched,2026-04-27T16:46:37Z,cy
240667,Greek and Roman Art,-1750,||||||||Cypriot||,Cyprus,culture,0.55,True,country.8760,Cyprus,33.221762,35.045882,1.0,country:1.00,matched,2026-04-27T16:46:37Z,cy
240668,Greek and Roman Art,-1000,||||||||Cypriot||,Cyprus,culture,0.55,True,country.8760,Cyprus,33.221762,35.045882,1.0,country:1.00,matched,2026-04-27T16:46:37Z,cy
240727,Greek and Roman Art,-1525,||||||||Cypriot||,Cyprus,culture,0.55,True,country.8760,Cyprus,33.221762,35.045882,1.0,country:1.00,matched,2026-04-27T16:46:37Z,cy
240739,Greek and Roman Art,-1750,||||||||Cypriot||,Cyprus,culture,0.55,True,country.8760,Cyprus,33.221762,35.045882,1.0,country:1.00,matched,2026-04-27T16:46:37Z,cy
240763,Greek and Roman Art,-2600,||||||||Cypriot||,Cyprus,culture,0.55,True,country.8760,Cyprus,33.221762,35.045882,1.0,country:1.00,matched,2026-04-27T16:46:37Z,cy
240785,Greek and Roman Art,-2200,||||||||Cypriot||,Cyprus,culture,0.55,True,country.8760,Cyprus,33.221762,35.045882,1.0,country:1.00,matched,2026-04-27T16:46:37Z,cy
240790,Greek and Roman Art,-2200,||||||||Cypriot||,Cyprus,culture,0.55,True,country.8760,Cyprus,33.221762,35.045882,1.0,country:1.00,matched,2026-04-27T16:46:37Z,cy
240815,Greek and Roman Art,-1663,||||||||Cypriot||,Cyprus,culture,0.55,True,country.8760,Cyprus,33.221762,35.045882,1.0,country:1.00,matched,2026-04-27T16:46:37Z,cy
240817,Greek and Roman Art,-1600,||||||||Egyptian||,Egypt,culture,0.55,True,country.8771,Egypt,29.871903,26.494184,1.0,country:1.00,matched,2026-04-27T16:46:40Z,eg
240908,Greek and Roman Art,-1325,||||||||Cypriot||,Cyprus,culture,0.55,True,country.8760,Cyprus,33.221762,35.045882,1.0,country:1.00,matched,2026-04-27T16:46:37Z,cy
240910,Greek and Roman Art,-1325,||||||||Cypriot||,Cyprus,culture,0.55,True,country.8760,Cyprus,33.221762,35.045882,1.0,country:1.00,matched,2026-04-27T16:46:37Z,cy
240926,Greek and Roman Art,-1750,||||||||Cypriot||,Cyprus,culture,0.55,True,country.8760,Cyprus,33.221762,35.045882,1.0,country:1.00,matched,2026-04-27T16:46:37Z,cy
240970,Greek and Roman Art,-650,||||||||Phoenician||,Lebanon,culture,0.55,True,country.8833,Lebanon,35.888026,33.920265,1.0,country:1.00,matched,2026-04-27T16:46:50Z,
241816,Greek and Roman Art,-200,||||||||Cypriot||,Cyprus,culture,0.55,True,country.8760,Cyprus,33.221762,35.045882,1.0,country:1.00,matched,2026-04-27T16:46:37Z,cy
244729,Greek and Roman Art,-1325,||||||||Mycenaean||,Greece,culture,0.55,True,country.8795,Greece,23.828554,38.589021,1.0,country:1.00,matched,2026-04-27T16:46:44Z,gr
244732,Greek and Roman Art,-1325,||||||||Mycenaean||,Greece,culture,0.55,True,country.8795,Greece,23.828554,38.589021,1.0,country:1.00,matched,2026-04-27T16:46:44Z,gr
244751,Greek and Roman Art,-1225,||||||||Mycenaean||,Greece,culture,0.55,True,country.8795,Greece,23.828554,38.589021,1.0,country:1.00,matched,2026-04-27T16:46:44Z,gr
244759,Greek and Roman Art,-538,"||||||||Greek, Corinthian||",Greece,culture,0.55,True,country.8795,Greece,23.828554,38.589021,1.0,country:1.00,matched,2026-04-27T16:46:44Z,gr
244778,Greek and Roman Art,-1363,||||||||Mycenaean||,Greece,culture,0.55,True,country.8795,Greece,23.828554,38.589021,1.0,country:1.00,matched,2026-04-27T16:46:44Z,gr
244817,Greek and Roman Art,-425,"||||||||Greek, Attic||","Attica, Greece",culture||country,0.55,True,region.107611,"Attica, Greece",23.734832,37.975565,1.0,region:1.00,matched,2026-04-27T16:46:29Z,gr
244828,Greek and Roman Art,-450,"||||||||Greek, Attic||","Attica, Greece",culture||country,0.55,True,region.107611,"Attica, Greece",23.734832,37.975565,1.0,region:1.00,matched,2026-04-27T16:46:29Z,gr
244829,Greek and Roman Art,-513,"||||||||Greek, Attic||","Attica, Greece",culture||country,0.55,True,region.107611,"Attica, Greece",23.734832,37.975565,1.0,region:1.00,matched,2026-04-27T16:46:29Z,gr
244838,Greek and Roman Art,-563,||||||||Etruscan||,"Umbria, Italy",culture||country,0.55,True,region.1475696,"Umbria, Italy",12.38901,43.111961,1.0,region:1.00,matched,2026-04-27T16:47:12Z,it
244857,Greek and Roman Art,-563,"||||||||Greek, Corinthian||",Greece,culture,0.55,True,country.8795,Greece,23.828554,38.589021,1.0,country:1.00,matched,2026-04-27T16:46:44Z,gr
244860,Greek and Roman Art,-338,"||||||||Greek, South Italian, Apulian||","Apulia, Italy",culture||country,0.55,True,region.1516656,"Apulia, Italy",16.862029,41.125784,1.0,region:1.00,matched,2026-04-27T16:46:28Z,it
244862,Greek and Roman Art,-338,"||||||||Greek, South Italian, Apulian||","Apulia, Italy",culture||country,0.55,True,region.1516656,"Apulia, Italy",16.862029,41.125784,1.0,region:1.00,matched,2026-04-27T16:46:28Z,it
245548,Greek and Roman Art,-146,"||||||||Greek, Egypt, Alexandria-Hadra||","Alexandria, Egypt",culture||country,0.55,True,place.329795,"Alexandria, Alexandria, Egypt",29.89866,31.198877,1.0,place:1.00,matched,2026-04-27T16:46:27Z,eg
245556,Greek and Roman Art,-250,"||||||||Greek, Egypt, Alexandria-Hadra||","Alexandria, Egypt",culture||country,0.55,True,place.329795,"Alexandria, Alexandria, Egypt",29.89866,31.198877,1.0,place:1.00,matched,2026-04-27T16:46:27Z,eg
245557,Greek and Roman Art,-213,"||||||||Greek, Ptolemaic, Cretan||","Crete, Greece",culture||country,0.55,True,region.17499,"Crete, Greece",25.133284,35.33908,1.0,region:1.00,matched,2026-04-27T16:46:36Z,gr
245571,Greek and Roman Art,-250,"||||||||Greek, Egypt, Alexandria-Hadra||","Alexandria, Egypt",culture||country,0.55,True,place.329795,"Alexandria, Alexandria, Egypt",29.89866,31.198877,1.0,place:1.00,matched,2026-04-27T16:46:27Z,eg
245573,Greek and Roman Art,-230,"||||||||Greek, Egypt, Alexandria-Hadra||","Alexandria, Egypt",culture||country,0.55,True,place.329795,"Alexandria, Alexandria, Egypt",29.89866,31.198877,1.0,place:1.00,matched,2026-04-27T16:46:27Z,eg
245574,Greek and Roman Art,-250,"||||||||Greek, Ptolemaic||",Egypt,culture,0.55,True,country.8771,Egypt,29.871903,26.494184,1.0,country:1.00,matched,2026-04-27T16:46:40Z,eg
245598,Greek and Roman Art,-375,||||||||Faliscan||,Italy,culture,0.55,True,country.8816,Italy,12.646361,42.504154,1.0,country:1.00,matched,2026-04-27T16:46:47Z,it
245612,Greek and Roman Art,-338,"||||||||Greek, South Italian, Campanian||","Campania, Italy",culture||country,0.55,True,region.1500272,"Campania, Italy",14.248367,40.83725,1.0,region:1.00,matched,2026-04-27T16:46:32Z,it
246116,Greek and Roman Art,-650,"||||||||Etruscan, Italo-Corinthian||","Etruscan, Italo-Corinthian",culture||country,0.55,True,country.8816,Italy,12.646361,42.504154,0.383333,country:0.38,matched,2026-04-27T16:46:40Z,it
246122,Greek and Roman Art,-350,"||||||||Greek, South Italian, Apulian||","Apulia, Italy",culture||country,0.55,True,region.1516656,"Apulia, Italy",16.862029,41.125784,1.0,region:1.00,matched,2026-04-27T16:46:28Z,it
246123,Greek and Roman Art,-350,"||||||||Greek, South Italian, Apulian||","Apulia, Italy",culture||country,0.55,True,region.1516656,"Apulia, Italy",16.862029,41.125784,1.0,region:1.00,matched,2026-04-27T16:46:28Z,it
246156,Greek and Roman Art,-625,||||||||Etruscan||,"Umbria, Italy",culture||country,0.55,True,region.1475696,"Umbria, Italy",12.38901,43.111961,1.0,region:1.00,matched,2026-04-27T16:47:12Z,it
246168,Greek and Roman Art,-500,||||||||Etruscan||,"Umbria, Italy",culture||country,0.55,True,region.1475696,"Umbria, Italy",12.38901,43.111961,1.0,region:1.00,matched,2026-04-27T16:47:12Z,it
246169,Greek and Roman Art,-528,||||||||Etruscan||,"Umbria, Italy",culture||country,0.55,True,region.1475696,"Umbria, Italy",12.38901,43.111961,1.0,region:1.00,matched,2026-04-27T16:47:12Z,it
246189,Greek and Roman Art,-500,||||||||Etruscan||,"Umbria, Italy",culture||country,0.55,True,region.1475696,"Umbria, Italy",12.38901,43.111961,1.0,region:1.00,matched,2026-04-27T16:47:12Z,it
246223,Greek and Roman Art,-576,||||||||Etruscan||,"Umbria, Italy",culture||country,0.55,True,region.1475696,"Umbria, Italy",12.38901,43.111961,1.0,region:1.00,matched,2026-04-27T16:47:12Z,it
246239,Greek and Roman Art,-310,||||||||Etruscan||,"Umbria, Italy",culture||country,0.55,True,region.1475696,"Umbria, Italy",12.38901,43.111961,1.0,region:1.00,matched,2026-04-27T16:47:12Z,it
246241,Greek and Roman Art,-513,||||||||Etruscan||,"Umbria, Italy",culture||country,0.55,True,region.1475696,"Umbria, Italy",12.38901,43.111961,1.0,region:1.00,matched,2026-04-27T16:47:12Z,it
246560,Greek and Roman Art,-3515,"||||||||Greek, South Italian, Apulian||","Apulia, Italy",culture||country,0.55,True,region.1516656,"Apulia, Italy",16.862029,41.125784,1.0,region:1.00,matched,2026-04-27T16:46:28Z,it
246571,Greek and Roman Art,-325,"||||||||Greek, South Italian, Campanian||","Campania, Italy",culture||country,0.55,True,region.1500272,"Campania, Italy",14.248367,40.83725,1.0,region:1.00,matched,2026-04-27T16:46:32Z,it
246636,Greek and Roman Art,-400,||||||||Etruscan||,"Umbria, Italy",culture||country,0.55,True,region.1475696,"Umbria, Italy",12.38901,43.111961,1.0,region:1.00,matched,2026-04-27T16:47:12Z,it
246939,Greek and Roman Art,-320,"||||||||Greek, South Italian, Apulian||","Apulia, Italy",culture||country,0.55,True,region.1516656,"Apulia, Italy",16.862029,41.125784,1.0,region:1.00,matched,2026-04-27T16:46:28Z,it
246979,Greek and Roman Art,-325,"||||||||Greek, South Italian, Apulian||","Apulia, Italy",culture||country,0.55,True,region.1516656,"Apulia, Italy",16.862029,41.125784,1.0,region:1.00,matched,2026-04-27T16:46:28Z,it
247093,Greek and Roman Art,-285,||||||||Etruscan||,"Umbria, Italy",culture||country,0.55,True,region.1475696,"Umbria, Italy",12.38901,43.111961,1.0,region:1.00,matched,2026-04-27T16:47:12Z,it
247188,Greek and Roman Art,-605,"||||||||Greek, Corinthian||",Greece,culture,0.55,True,country.8795,Greece,23.828554,38.589021,1.0,country:1.00,matched,2026-04-27T16:46:44Z,gr
247191,Greek and Roman Art,-605,"||||||||Greek, Corinthian||",Greece,culture,0.55,True,country.8795,Greece,23.828554,38.589021,1.0,country:1.00,matched,2026-04-27T16:46:44Z,gr
247192,Greek and Roman Art,-580,"||||||||Greek, Corinthian||",Greece,culture,0.55,True,country.8795,Greece,23.828554,38.589021,1.0,country:1.00,matched,2026-04-27T16:46:44Z,gr
247198,Greek and Roman Art,-550,"||||||||Greek, Corinthian||",Greece,culture,0.55,True,country.8795,Greece,23.828554,38.589021,1.0,country:1.00,matched,2026-04-27T16:46:44Z,gr
247207,Greek and Roman Art,-525,"||||||||East Greek, Rhodian||","Rhodes, Greece",culture||country,0.55,True,place.41265243,"Rhodes, South Aegean, Greece",28.227915,36.44352,1.0,place:1.00,matched,2026-04-27T16:47:03Z,gr
247212,Greek and Roman Art,-513,||||||||Etruscan||,"Umbria, Italy",culture||country,0.55,True,region.1475696,"Umbria, Italy",12.38901,43.111961,1.0,region:1.00,matched,2026-04-27T16:47:12Z,it
247216,Greek and Roman Art,-450,"||||||||Greek, South Italian, Campanian||","Campania, Italy",culture||country,0.55,True,region.1500272,"Campania, Italy",14.248367,40.83725,1.0,region:1.00,matched,2026-04-27T16:46:32Z,it
247223,Greek and Roman Art,-520,"||||||||Greek, Attic||","Attica, Greece",culture||country,0.55,True,region.107611,"Attica, Greece",23.734832,37.975565,1.0,region:1.00,matched,2026-04-27T16:46:29Z,gr
247235,Greek and Roman Art,-487,"||||||||Greek, Attic||","Attica, Greece",culture||country,0.55,True,region.107611,"Attica, Greece",23.734832,37.975565,1.0,region:1.00,matched,2026-04-27T16:46:29Z,gr
247250,Greek and Roman Art,-488,"||||||||Greek, Attic||","Attica, Greece",culture||country,0.55,True,region.107611,"Attica, Greece",23.734832,37.975565,1.0,region:1.00,matched,2026-04-27T16:46:29Z,gr
247256,Greek and Roman Art,-475,"||||||||Greek, Attic||","Attica, Greece",culture||country,0.55,True,region.107611,"Attica, Greece",23.734832,37.975565,1.0,region:1.00,matched,2026-04-27T16:46:29Z,gr
247282,Greek and Roman Art,-440,"||||||||Greek, Attic||","Attica, Greece",culture||country,0.55,True,region.107611,"Attica, Greece",23.734832,37.975565,1.0,region:1.00,matched,2026-04-27T16:46:29Z,gr
247308,Greek and Roman Art,-455,"||||||||Greek, Attic||","Attica, Greece",culture||country,0.55,True,region.107611,"Attica, Greece",23.734832,37.975565,1.0,region:1.00,matched,2026-04-27T16:46:29Z,gr
247315,Greek and Roman Art,-465,"||||||||Greek, Attic||","Attica, Greece",culture||country,0.55,True,region.107611,"Attica, Greece",23.734832,37.975565,1.0,region:1.00,matched,2026-04-27T16:46:29Z,gr
247324,Greek and Roman Art,-500,"||||||||Greek, Attic||","Attica, Greece",culture||country,0.55,True,region.107611,"Attica, Greece",23.734832,37.975565,1.0,region:1.00,matched,2026-04-27T16:46:29Z,gr
247348,Greek and Roman Art,-415,"||||||||Greek, Attic||","Attica, Greece",culture||country,0.55,True,region.107611,"Attica, Greece",23.734832,37.975565,1.0,region:1.00,matched,2026-04-27T16:46:29Z,gr
247352,Greek and Roman Art,-440,"||||||||Greek, Attic||","Attica, Greece",culture||country,0.55,True,region.107611,"Attica, Greece",23.734832,37.975565,1.0,region:1.00,matched,2026-04-27T16:46:29Z,gr
247364,Greek and Roman Art,-420,"||||||||Greek, Attic||","Attica, Greece",culture||country,0.55,True,region.107611,"Attica, Greece",23.734832,37.975565,1.0,region:1.00,matched,2026-04-27T16:46:29Z,gr
247410,Greek and Roman Art,-300,"||||||||Greek, South Italian, Apulian, Canosan||","Apulia, Italy",culture||country,0.55,True,region.1516656,"Apulia, Italy",16.862029,41.125784,1.0,region:1.00,matched,2026-04-27T16:46:28Z,it
247414,Greek and Roman Art,-303,"||||||||Greek, South Italian, Apulian, Canosan||","Apulia, Italy",culture||country,0.55,True,region.1516656,"Apulia, Italy",16.862029,41.125784,1.0,region:1.00,matched,2026-04-27T16:46:28Z,it
247582,Greek and Roman Art,-410,"||||||||Greek, Attic||","Attica, Greece",culture||country,0.55,True,region.107611,"Attica, Greece",23.734832,37.975565,1.0,region:1.00,matched,2026-04-27T16:46:29Z,gr
247584,Greek and Roman Art,-450,"||||||||Greek, Attic||","Attica, Greece",culture||country,0.55,True,region.107611,"Attica, Greece",23.734832,37.975565,1.0,region:1.00,matched,2026-04-27T16:46:29Z,gr
247635,Greek and Roman Art,-2500,||||||||Minoan||,"Crete, Greece",culture||country,0.55,True,region.17499,"Crete, Greece",25.133284,35.33908,1.0,region:1.00,matched,2026-04-27T16:46:36Z,gr
247949,Greek and Roman Art,-485,"||||||||Greek, Attic||","Attica, Greece",culture||country,0.55,True,region.107611,"Attica, Greece",23.734832,37.975565,1.0,region:1.00,matched,2026-04-27T16:46:29Z,gr
247952,Greek and Roman Art,-500,"||||||||Greek, Attic||","Attica, Greece",culture||country,0.55,True,region.107611,"Attica, Greece",23.734832,37.975565,1.0,region:1.00,matched,2026-04-27T16:46:29Z,gr
248096,Greek and Roman Art,-420,"||||||||Greek, Attic||","Attica, Greece",culture||country,0.55,True,region.107611,"Attica, Greece",23.734832,37.975565,1.0,region:1.00,matched,2026-04-27T16:46:29Z,gr
248182,Greek and Roman Art,-430,"||||||||Greek, Attic||","Attica, Greece",culture||country,0.55,True,region.107611,"Attica, Greece",23.734832,37.975565,1.0,region:1.00,matched,2026-04-27T16:46:29Z,gr
248300,Greek and Roman Art,-487,"||||||||Greek, Attic||","Attica, Greece",culture||country,0.55,True,region.107611,"Attica, Greece",23.734832,37.975565,1.0,region:1.00,matched,2026-04-27T16:46:29Z,gr
248502,Greek and Roman Art,-2600,||||||||Minoan||,"Crete, Greece",culture||country,0.55,True,region.17499,"Crete, Greece",25.133284,35.33908,1.0,region:1.00,matched,2026-04-27T16:46:36Z,gr
248515,Greek and Roman Art,-1488,||||||||Cycladic||,"Cyclades, Greece",culture||country,0.55,True,country.8795,Greece,23.828554,38.589021,0.5,country:0.50,matched,2026-04-27T16:46:37Z,gr
248705,Greek and Roman Art,-315,"||||||||Greek, South Italian, Campanian||","Campania, Italy",culture||country,0.55,True,region.1500272,"Campania, Italy",14.248367,40.83725,1.0,region:1.00,matched,2026-04-27T16:46:32Z,it
248709,Greek and Roman Art,-200,"||||||||Greek, South Italian, Apulian, Canosan||","Apulia, Italy",culture||country,0.55,True,region.1516656,"Apulia, Italy",16.862029,41.125784,1.0,region:1.00,matched,2026-04-27T16:46:28Z,it
248732,Greek and Roman Art,-455,"||||||||Greek, Attic||","Attica, Greece",culture||country,0.55,True,region.107611,"Attica, Greece",23.734832,37.975565,1.0,region:1.00,matched,2026-04-27T16:46:29Z,gr
248811,Greek and Roman Art,-485,"||||||||Greek, Attic||","Attica, Greece",culture||country,0.55,True,region.107611,"Attica, Greece",23.734832,37.975565,1.0,region:1.00,matched,2026-04-27T16:46:29Z,gr
248832,Greek and Roman Art,-550,||||||||Lydian||,Western Turkey,culture,0.55,True,country.8932,Türkiye,35.179593,39.060481,0.5,country:0.50,matched,2026-04-27T16:47:15Z,
248847,Greek and Roman Art,-550,||||||||Lydian||,Western Turkey,culture,0.55,True,country.8932,Türkiye,35.179593,39.060481,0.5,country:0.50,matched,2026-04-27T16:47:15Z,
249056,Greek and Roman Art,-435,"||||||||Greek, Attic||","Attica, Greece",culture||country,0.55,True,region.107611,"Attica, Greece",23.734832,37.975565,1.0,region:1.00,matched,2026-04-27T16:46:29Z,gr
250076,Greek and Roman Art,-170,||||||||Roman||,,none,0.0,False,,,,,,,skipped,2026-04-27T16:47:15Z,
250077,Greek and Roman Art,-170,||||||||Roman||,,none,0.0,False,,,,,,,skipped,2026-04-27T16:47:15Z,
250091,Greek and Roman Art,150,||||||||Roman||,,none,0.0,False,,,,,,,skipped,2026-04-27T16:47:15Z,
250238,Greek and Roman Art,-170,||||||||Roman||,,none,0.0,False,,,,,,,skipped,2026-04-27T16:47:15Z,
250239,Greek and Roman Art,-170,||||||||Roman||,,none,0.0,False,,,,,,,skipped,2026-04-27T16:47:15Z,
250550,Greek and Roman Art,-440,"||||||||Greek, Attic||","Attica, Greece",culture||country,0.55,True,region.107611,"Attica, Greece",23.734832,37.975565,1.0,region:1.00,matched,2026-04-27T16:46:29Z,gr
250572,Greek and Roman Art,-350,||||||||East Greek||,East Greece,culture,0.55,True,country.8795,Greece,23.828554,38.589021,0.5,country:0.50,matched,2026-04-27T16:46:39Z,
250747,Greek and Roman Art,-338,||||||||Etruscan||,"Umbria, Italy",culture||country,0.55,True,region.1475696,"Umbria, Italy",12.38901,43.111961,1.0,region:1.00,matched,2026-04-27T16:47:12Z,it
250804,Greek and Roman Art,-350,"||||||||Greek, Attic||","Attica, Greece",culture||country,0.55,True,region.107611,"Attica, Greece",23.734832,37.975565,1.0,region:1.00,matched,2026-04-27T16:46:29Z,gr
251022,Greek and Roman Art,-510,"||||||||Greek, Attic||","Attica, Greece",culture||country,0.55,True,region.107611,"Attica, Greece",23.734832,37.975565,1.0,region:1.00,matched,2026-04-27T16:46:29Z,gr
251100,Greek and Roman Art,-525,"||||||||Greek, Attic||","Attica, Greece",culture||country,0.55,True,region.107611,"Attica, Greece",23.734832,37.975565,1.0,region:1.00,matched,2026-04-27T16:46:29Z,gr
251104,Greek and Roman Art,-410,"||||||||Greek, Attic||","Attica, Greece",culture||country,0.55,True,region.107611,"Attica, Greece",23.734832,37.975565,1.0,region:1.00,matched,2026-04-27T16:46:29Z,gr
251128,Greek and Roman Art,-435,"||||||||Greek, Attic||","Attica, Greece",culture||country,0.55,True,region.107611,"Attica, Greece",23.734832,37.975565,1.0,region:1.00,matched,2026-04-27T16:46:29Z,gr
251134,Greek and Roman Art,-387,"||||||||Greek, Attic||","Attica, Greece",culture||country,0.55,True,region.107611,"Attica, Greece",23.734832,37.975565,1.0,region:1.00,matched,2026-04-27T16:46:29Z,gr
251260,Greek and Roman Art,-688,"||||||||Greek, Corinthian||",Greece,culture,0.55,True,country.8795,Greece,23.828554,38.589021,1.0,country:1.00,matched,2026-04-27T16:46:44Z,gr
251269,Greek and Roman Art,-775,"||||||||Greek, Attic||","Attica, Greece",culture||country,0.55,True,region.107611,"Attica, Greece",23.734832,37.975565,1.0,region:1.00,matched,2026-04-27T16:46:29Z,gr
251271,Greek and Roman Art,-450,"||||||||Greek, Attic||","Attica, Greece",culture||country,0.55,True,region.107611,"Attica, Greece",23.734832,37.975565,1.0,region:1.00,matched,2026-04-27T16:46:29Z,gr
251345,Greek and Roman Art,-525,"||||||||Greek, Attic||","Attica, Greece",culture||country,0.55,True,region.107611,"Attica, Greece",23.734832,37.975565,1.0,region:1.00,matched,2026-04-27T16:46:29Z,gr
251401,Greek and Roman Art,-460,"||||||||Greek, Attic||","Attica, Greece",culture||country,0.55,True,region.107611,"Attica, Greece",23.734832,37.975565,1.0,region:1.00,matched,2026-04-27T16:46:29Z,gr
251402,Greek and Roman Art,-520,"||||||||Greek, Attic||","Attica, Greece",culture||country,0.55,True,region.107611,"Attica, Greece",23.734832,37.975565,1.0,region:1.00,matched,2026-04-27T16:46:29Z,gr
251487,Greek and Roman Art,-465,"||||||||Greek, Attic||","Attica, Greece",culture||country,0.55,True,region.107611,"Attica, Greece",23.734832,37.975565,1.0,region:1.00,matched,2026-04-27T16:46:29Z,gr
251508,Greek and Roman Art,-350,"||||||||Greek, Attic||","Attica, Greece",culture||country,0.55,True,region.107611,"Attica, Greece",23.734832,37.975565,1.0,region:1.00,matched,2026-04-27T16:46:29Z,gr
251763,Greek and Roman Art,-600,"||||||||Greek, Laconian||","Laconia, Greece",culture||country,0.55,True,country.8795,Greece,23.828554,38.589021,0.5,country:0.50,matched,2026-04-27T16:46:50Z,gr
251803,Greek and Roman Art,-480,"||||||||Greek, Attic||","Attica, Greece",culture||country,0.55,True,region.107611,"Attica, Greece",23.734832,37.975565,1.0,region:1.00,matched,2026-04-27T16:46:29Z,gr
251933,Greek and Roman Art,-465,"||||||||Greek, Attic||","Attica, Greece",culture||country,0.55,True,region.107611,"Attica, Greece",23.734832,37.975565,1.0,region:1.00,matched,2026-04-27T16:46:29Z,gr
252458,Greek and Roman Art,-553,||||||||Lydian||,Western Turkey,culture,0.55,True,country.8932,Türkiye,35.179593,39.060481,0.5,country:0.50,matched,2026-04-27T16:47:15Z,
252496,Greek and Roman Art,-513,"||||||||Greek, Attic||","Attica, Greece",culture||country,0.55,True,region.107611,"Attica, Greece",23.734832,37.975565,1.0,region:1.00,matched,2026-04-27T16:46:29Z,gr
252556,Greek and Roman Art,-558,"||||||||Etruscan, Etrusco-Corinthian||","Umbria, Italy",culture||country,0.55,True,region.1475696,"Umbria, Italy",12.38901,43.111961,1.0,region:1.00,matched,2026-04-27T16:47:12Z,it
252589,Greek and Roman Art,-550,||||||||Lydian||,Western Turkey,culture,0.55,True,country.8932,Türkiye,35.179593,39.060481,0.5,country:0.50,matched,2026-04-27T16:47:15Z,
252592,Greek and Roman Art,-113,"||||||||Greek, Asia Minor||",Turkey,culture,0.55,True,country.8932,Türkiye,35.179593,39.060481,1.0,country:1.00,matched,2026-04-27T16:47:11Z,tr
252634,Greek and Roman Art,-550,||||||||Lydian||,Western Turkey,culture,0.55,True,country.8932,Türkiye,35.179593,39.060481,0.5,country:0.50,matched,2026-04-27T16:47:15Z,
252902,Greek and Roman Art,-2400,||||||||Helladic||,Greece,culture,0.55,True,country.8795,Greece,23.828554,38.589021,1.0,country:1.00,matched,2026-04-27T16:46:44Z,gr
253050,Greek and Roman Art,-550,||||||||East Greek||,East Greece,culture,0.55,True,country.8795,Greece,23.828554,38.589021,0.5,country:0.50,matched,2026-04-27T16:46:39Z,
253052,Greek and Roman Art,-430,"||||||||Greek, Attic||","Attica, Greece",culture||country,0.55,True,region.107611,"Attica, Greece",23.734832,37.975565,1.0,region:1.00,matched,2026-04-27T16:46:29Z,gr
253173,Greek and Roman Art,-900,"||||||||Greek, Attic||","Attica, Greece",culture||country,0.55,True,region.107611,"Attica, Greece",23.734832,37.975565,1.0,region:1.00,matched,2026-04-27T16:46:29Z,gr
253196,Greek and Roman Art,-713,"||||||||Greek, Attic||","Attica, Greece",culture||country,0.55,True,region.107611,"Attica, Greece",23.734832,37.975565,1.0,region:1.00,matched,2026-04-27T16:46:29Z,gr
253205,Greek and Roman Art,-687,"||||||||Greek, Attic||","Attica, Greece",culture||country,0.55,True,region.107611,"Attica, Greece",23.734832,37.975565,1.0,region:1.00,matched,2026-04-27T16:46:29Z,gr
253430,Greek and Roman Art,-425,"||||||||Greek, Attic||","Attica, Greece",culture||country,0.55,True,region.107611,"Attica, Greece",23.734832,37.975565,1.0,region:1.00,matched,2026-04-27T16:46:29Z,gr
254183,Greek and Roman Art,-465,"||||||||Greek, Attic||","Attica, Greece",culture||country,0.55,True,region.107611,"Attica, Greece",23.734832,37.975565,1.0,region:1.00,matched,2026-04-27T16:46:29Z,gr
254186,Greek and Roman Art,-460,"||||||||Greek, Attic||","Attica, Greece",culture||country,0.55,True,region.107611,"Attica, Greece",23.734832,37.975565,1.0,region:1.00,matched,2026-04-27T16:46:29Z,gr
254189,Greek and Roman Art,-605,"||||||||Greek, Corinthian||",Greece,culture,0.55,True,country.8795,Greece,23.828554,38.589021,1.0,country:1.00,matched,2026-04-27T16:46:44Z,gr
254198,Greek and Roman Art,-575,"||||||||Etruscan, Etrusco-Corinthian||","Umbria, Italy",culture||country,0.55,True,region.1475696,"Umbria, Italy",12.38901,43.111961,1.0,region:1.00,matched,2026-04-27T16:47:12Z,it
254199,Greek and Roman Art,-545,"||||||||Greek, Attic||","Attica, Greece",culture||country,0.55,True,region.107611,"Attica, Greece",23.734832,37.975565,1.0,region:1.00,matched,2026-04-27T16:46:29Z,gr
254200,Greek and Roman Art,-460,"||||||||Greek, Attic||","Attica, Greece",culture||country,0.55,True,region.107611,"Attica, Greece",23.734832,37.975565,1.0,region:1.00,matched,2026-04-27T16:46:29Z,gr
254202,Greek and Roman Art,-500,"||||||||Greek, Attic||","Attica, Greece",culture||country,0.55,True,region.107611,"Attica, Greece",23.734832,37.975565,1.0,region:1.00,matched,2026-04-27T16:46:29Z,gr
254227,Greek and Roman Art,-470,"||||||||Greek, Attic||","Attica, Greece",culture||country,0.55,True,region.107611,"Attica, Greece",23.734832,37.975565,1.0,region:1.00,matched,2026-04-27T16:46:29Z,gr
254246,Greek and Roman Art,-588,||||||||East Greek||,East Greece,culture,0.55,True,country.8795,Greece,23.828554,38.589021,0.5,country:0.50,matched,2026-04-27T16:46:39Z,
254247,Greek and Roman Art,-480,"||||||||Greek, Attic||","Attica, Greece",culture||country,0.55,True,region.107611,"Attica, Greece",23.734832,37.975565,1.0,region:1.00,matched,2026-04-27T16:46:29Z,gr
254268,Greek and Roman Art,-487,"||||||||Greek, Attic||","Attica, Greece",culture||country,0.55,True,region.107611,"Attica, Greece",23.734832,37.975565,1.0,region:1.00,matched,2026-04-27T16:46:29Z,gr
254281,Greek and Roman Art,-445,"||||||||Greek, Attic||","Attica, Greece",culture||country,0.55,True,region.107611,"Attica, Greece",23.734832,37.975565,1.0,region:1.00,matched,2026-04-27T16:46:29Z,gr
254303,Greek and Roman Art,-455,"||||||||Greek, Attic||","Attica, Greece",culture||country,0.55,True,region.107611,"Attica, Greece",23.734832,37.975565,1.0,region:1.00,matched,2026-04-27T16:46:29Z,gr
254307,Greek and Roman Art,-400,"||||||||Greek, Attic||","Attica, Greece",culture||country,0.55,True,region.107611,"Attica, Greece",23.734832,37.975565,1.0,region:1.00,matched,2026-04-27T16:46:29Z,gr
254312,Greek and Roman Art,-455,"||||||||Greek, Attic||","Attica, Greece",culture||country,0.55,True,region.107611,"Attica, Greece",23.734832,37.975565,1.0,region:1.00,matched,2026-04-27T16:46:29Z,gr
254329,Greek and Roman Art,-605,"||||||||Greek, Corinthian||",Greece,culture,0.55,True,country.8795,Greece,23.828554,38.589021,1.0,country:1.00,matched,2026-04-27T16:46:44Z,gr
254345,Greek and Roman Art,-510,"||||||||Greek, Attic||","Attica, Greece",culture||country,0.55,True,region.107611,"Attica, Greece",23.734832,37.975565,1.0,region:1.00,matched,2026-04-27T16:46:29Z,gr
254346,Greek and Roman Art,-488,"||||||||Greek, Attic||","Attica, Greece",culture||country,0.55,True,region.107611,"Attica, Greece",23.734832,37.975565,1.0,region:1.00,matched,2026-04-27T16:46:29Z,gr
254352,Greek and Roman Art,-488,"||||||||Greek, Attic||","Attica, Greece",culture||country,0.55,True,region.107611,"Attica, Greece",23.734832,37.975565,1.0,region:1.00,matched,2026-04-27T16:46:29Z,gr
254378,Greek and Roman Art,-480,"||||||||Greek, Attic||","Attica, Greece",culture||country,0.55,True,region.107611,"Attica, Greece",23.734832,37.975565,1.0,region:1.00,matched,2026-04-27T16:46:29Z,gr
254396,Greek and Roman Art,-350,"||||||||Greek, South Italian, Apulian||","Apulia, Italy",culture||country,0.55,True,region.1516656,"Apulia, Italy",16.862029,41.125784,1.0,region:1.00,matched,2026-04-27T16:46:28Z,it
254422,Greek and Roman Art,-600,||||||||Etruscan||,"Umbria, Italy",culture||country,0.55,True,region.1475696,"Umbria, Italy",12.38901,43.111961,1.0,region:1.00,matched,2026-04-27T16:47:12Z,it
254427,Greek and Roman Art,-488,"||||||||Greek, Attic||","Attica, Greece",culture||country,0.55,True,region.107611,"Attica, Greece",23.734832,37.975565,1.0,region:1.00,matched,2026-04-27T16:46:29Z,gr
254428,Greek and Roman Art,-450,"||||||||Greek, Attic||","Attica, Greece",culture||country,0.55,True,region.107611,"Attica, Greece",23.734832,37.975565,1.0,region:1.00,matched,2026-04-27T16:46:29Z,gr
254484,Greek and Roman Art,-50,||||||||Greek or Roman||,Greece,culture,0.35,True,country.8795,Greece,23.828554,38.589021,1.0,country:1.00,matched,2026-04-27T16:46:44Z,gr
254545,Greek and Roman Art,-535,"||||||||Greek, Chalcidian||",Greece,culture,0.55,True,country.8795,Greece,23.828554,38.589021,1.0,country:1.00,matched,2026-04-27T16:46:44Z,gr
254551,Greek and Roman Art,-510,"||||||||Greek, Attic||","Attica, Greece",culture||country,0.55,True,region.107611,"Attica, Greece",23.734832,37.975565,1.0,region:1.00,matched,2026-04-27T16:46:29Z,gr
254559,Greek and Roman Art,-525,"||||||||Greek, Attic||","Attica, Greece",culture||country,0.55,True,region.107611,"Attica, Greece",23.734832,37.975565,1.0,region:1.00,matched,2026-04-27T16:46:29Z,gr
254561,Greek and Roman Art,-495,"||||||||Greek, Attic||","Attica, Greece",culture||country,0.55,True,region.107611,"Attica, Greece",23.734832,37.975565,1.0,region:1.00,matched,2026-04-27T16:46:29Z,gr
254616,Greek and Roman Art,-425,"||||||||Greek, Attic||","Attica, Greece",culture||country,0.55,True,region.107611,"Attica, Greece",23.734832,37.975565,1.0,region:1.00,matched,2026-04-27T16:46:29Z,gr
254629,Greek and Roman Art,-310,"||||||||Greek, South Italian, Apulian||","Apulia, Italy",culture||country,0.55,True,region.1516656,"Apulia, Italy",16.862029,41.125784,1.0,region:1.00,matched,2026-04-27T16:46:28Z,it
254633,Greek and Roman Art,-525,||||||||Etruscan||,"Umbria, Italy",culture||country,0.55,True,region.1475696,"Umbria, Italy",12.38901,43.111961,1.0,region:1.00,matched,2026-04-27T16:47:12Z,it
254634,Greek and Roman Art,199,||||||||Roman||,,none,0.0,False,,,,,,,skipped,2026-04-27T16:47:15Z,
254778,Greek and Roman Art,-200,"||||||||Greek, Sicilian, Centuripe||","Centuripe, Sicily, Italy",culture||country,0.55,True,region.1541232,"Sicily, Italy",13.352443,38.111227,0.666667,region:0.67,matched,2026-04-27T16:46:33Z,it
254880,Greek and Roman Art,-505,"||||||||Greek, Attic||","Attica, Greece",culture||country,0.55,True,region.107611,"Attica, Greece",23.734832,37.975565,1.0,region:1.00,matched,2026-04-27T16:46:29Z,gr
254881,Greek and Roman Art,-510,"||||||||Greek, Attic||","Attica, Greece",culture||country,0.55,True,region.107611,"Attica, Greece",23.734832,37.975565,1.0,region:1.00,matched,2026-04-27T16:46:29Z,gr
254915,Greek and Roman Art,-387,"||||||||Greek, Attic||","Attica, Greece",culture||country,0.55,True,region.107611,"Attica, Greece",23.734832,37.975565,1.0,region:1.00,matched,2026-04-27T16:46:29Z,gr
254923,Greek and Roman Art,-350,"||||||||Greek, South Italian, Apulian||","Apulia, Italy",culture||country,0.55,True,region.1516656,"Apulia, Italy",16.862029,41.125784,1.0,region:1.00,matched,2026-04-27T16:46:28Z,it
254932,Greek and Roman Art,-338,"||||||||Greek, South Italian, Lucanian||","Basilicata, Italy",culture||country,0.55,True,region.1524848,"Basilicata, Italy",15.802208,40.638405,1.0,region:1.00,matched,2026-04-27T16:46:30Z,it
254957,Greek and Roman Art,-413,"||||||||Greek, Attic||","Attica, Greece",culture||country,0.55,True,region.107611,"Attica, Greece",23.734832,37.975565,1.0,region:1.00,matched,2026-04-27T16:46:29Z,gr
254983,Greek and Roman Art,-515,"||||||||Greek, Attic||","Attica, Greece",culture||country,0.55,True,region.107611,"Attica, Greece",23.734832,37.975565,1.0,region:1.00,matched,2026-04-27T16:46:29Z,gr
255062,Greek and Roman Art,-700,"||||||||Greek, Attic||","Attica, Greece",culture||country,0.55,True,region.107611,"Attica, Greece",23.734832,37.975565,1.0,region:1.00,matched,2026-04-27T16:46:29Z,gr
255156,Greek and Roman Art,-387,"||||||||Greek, Attic||","Attica, Greece",culture||country,0.55,True,region.107611,"Attica, Greece",23.734832,37.975565,1.0,region:1.00,matched,2026-04-27T16:46:29Z,gr
255193,Greek and Roman Art,-490,"||||||||Greek, Attic||","Attica, Greece",culture||country,0.55,True,region.107611,"Attica, Greece",23.734832,37.975565,1.0,region:1.00,matched,2026-04-27T16:46:29Z,gr
255244,Greek and Roman Art,-325,"||||||||Greek, South Italian, Apulian||","Apulia, Italy",culture||country,0.55,True,region.1516656,"Apulia, Italy",16.862029,41.125784,1.0,region:1.00,matched,2026-04-27T16:46:28Z,it
255274,Greek and Roman Art,-600,"||||||||Etruscan, Etrusco-Corinthian||","Umbria, Italy",culture||country,0.55,True,region.1475696,"Umbria, Italy",12.38901,43.111961,1.0,region:1.00,matched,2026-04-27T16:47:12Z,it
255289,Greek and Roman Art,-550,"||||||||Greek, probably Corinthian||",Greece,culture,0.35,True,country.8795,Greece,23.828554,38.589021,1.0,country:1.00,matched,2026-04-27T16:46:44Z,gr
255315,Greek and Roman Art,-313,"||||||||Greek, South Italian, Apulian||","Apulia, Italy",culture||country,0.55,True,region.1516656,"Apulia, Italy",16.862029,41.125784,1.0,region:1.00,matched,2026-04-27T16:46:28Z,it
255316,Greek and Roman Art,-313,"||||||||Greek, South Italian, Apulian||","Apulia, Italy",culture||country,0.55,True,region.1516656,"Apulia, Italy",16.862029,41.125784,1.0,region:1.00,matched,2026-04-27T16:46:28Z,it
255333,Greek and Roman Art,-313,"||||||||Greek, South Italian, Apulian, Canosan||","Apulia, Italy",culture||country,0.55,True,region.1516656,"Apulia, Italy",16.862029,41.125784,1.0,region:1.00,matched,2026-04-27T16:46:28Z,it
255341,Greek and Roman Art,-425,"||||||||Greek, Attic||","Attica, Greece",culture||country,0.55,True,region.107611,"Attica, Greece",23.734832,37.975565,1.0,region:1.00,matched,2026-04-27T16:46:29Z,gr
255351,Greek and Roman Art,-350,"||||||||Greek, South Italian, Apulian||","Apulia, Italy",culture||country,0.55,True,region.1516656,"Apulia, Italy",16.862029,41.125784,1.0,region:1.00,matched,2026-04-27T16:46:28Z,it
255461,Greek and Roman Art,-325,"||||||||Greek, South Italian, Apulian||","Apulia, Italy",culture||country,0.55,True,region.1516656,"Apulia, Italy",16.862029,41.125784,1.0,region:1.00,matched,2026-04-27T16:46:28Z,it
255627,Greek and Roman Art,-555,"||||||||Greek, Attic||","Attica, Greece",culture||country,0.55,True,region.107611,"Attica, Greece",23.734832,37.975565,1.0,region:1.00,matched,2026-04-27T16:46:29Z,gr
255648,Greek and Roman Art,-350,"||||||||Greek, South Italian, Apulian||","Apulia, Italy",culture||country,0.55,True,region.1516656,"Apulia, Italy",16.862029,41.125784,1.0,region:1.00,matched,2026-04-27T16:46:28Z,it
255700,Greek and Roman Art,-550,"||||||||Greek, Corinthian||",Greece,culture,0.55,True,country.8795,Greece,23.828554,38.589021,1.0,country:1.00,matched,2026-04-27T16:46:44Z,gr
255706,Greek and Roman Art,-490,"||||||||Greek, Attic||","Attica, Greece",culture||country,0.55,True,region.107611,"Attica, Greece",23.734832,37.975565,1.0,region:1.00,matched,2026-04-27T16:46:29Z,gr
255719,Greek and Roman Art,-515,"||||||||Greek, Attic||","Attica, Greece",culture||country,0.55,True,region.107611,"Attica, Greece",23.734832,37.975565,1.0,region:1.00,matched,2026-04-27T16:46:29Z,gr
255796,Greek and Roman Art,-250,"||||||||Greek, South Italian, Campanian||","Campania, Italy",culture||country,0.55,True,region.1500272,"Campania, Italy",14.248367,40.83725,1.0,region:1.00,matched,2026-04-27T16:46:32Z,it
255802,Greek and Roman Art,-425,"||||||||Greek, Attic||","Attica, Greece",culture||country,0.55,True,region.107611,"Attica, Greece",23.734832,37.975565,1.0,region:1.00,matched,2026-04-27T16:46:29Z,gr
255894,Greek and Roman Art,-560,"||||||||Greek, Attic||","Attica, Greece",culture||country,0.55,True,region.107611,"Attica, Greece",23.734832,37.975565,1.0,region:1.00,matched,2026-04-27T16:46:29Z,gr
256203,Greek and Roman Art,-1725,||||||||Helladic||,Greece,culture,0.55,True,country.8795,Greece,23.828554,38.589021,1.0,country:1.00,matched,2026-04-27T16:46:44Z,gr
256207,Greek and Roman Art,-338,"||||||||Greek, South Italian, Apulian||","Apulia, Italy",culture||country,0.55,True,region.1516656,"Apulia, Italy",16.862029,41.125784,1.0,region:1.00,matched,2026-04-27T16:46:28Z,it
256549,Greek and Roman Art,-2100,||||||||Cycladic||,"Cyclades, Greece",culture||country,0.55,True,country.8795,Greece,23.828554,38.589021,0.5,country:0.50,matched,2026-04-27T16:46:37Z,gr
256602,Greek and Roman Art,-338,"||||||||Greek, South Italian, Campanian||","Campania, Italy",culture||country,0.55,True,region.1500272,"Campania, Italy",14.248367,40.83725,1.0,region:1.00,matched,2026-04-27T16:46:32Z,it
256616,Greek and Roman Art,-425,"||||||||Greek, South Italian, Campanian||","Campania, Italy",culture||country,0.55,True,region.1500272,"Campania, Italy",14.248367,40.83725,1.0,region:1.00,matched,2026-04-27T16:46:32Z,it
256912,Greek and Roman Art,-525,||||||||Greek||,Greece,culture,0.55,True,country.8795,Greece,23.828554,38.589021,1.0,country:1.00,matched,2026-04-27T16:46:44Z,gr
257671,Greek and Roman Art,-2500,||||||||Cycladic or Cretan||,"Cyclades, Greece",culture||country,0.35,True,country.8795,Greece,23.828554,38.589021,0.5,country:0.50,matched,2026-04-27T16:46:37Z,gr
258464,Greek and Roman Art,-540,"||||||||Greek, Attic||","Attica, Greece",culture||country,0.55,True,region.107611,"Attica, Greece",23.734832,37.975565,1.0,region:1.00,matched,2026-04-27T16:46:29Z,gr
307472,The Michael C. Rockefeller Wing,650,||||North Coast||Peru||Moche||,Peru,country,0.7,True,country.8880,Peru,-75.311132,-10.151093,1.0,country:1.00,matched,2026-04-27T16:47:00Z,pe
307473,The Michael C. Rockefeller Wing,650,||||North Coast||Peru||Moche||,Peru,country,0.7,True,country.8880,Peru,-75.311132,-10.151093,1.0,country:1.00,matched,2026-04-27T16:47:00Z,pe
307474,The Michael C. Rockefeller Wing,350,||||||Peru||Moche||,Peru,country,0.7,True,country.8880,Peru,-75.311132,-10.151093,1.0,country:1.00,matched,2026-04-27T16:47:00Z,pe
307614,The Michael C. Rockefeller Wing,-250,||||||Peru||Paracas||,Peru,country,0.7,True,country.8880,Peru,-75.311132,-10.151093,1.0,country:1.00,matched,2026-04-27T16:47:00Z,pe
307615,The Michael C. Rockefeller Wing,-250,||||||Peru||Paracas||,Peru,country,0.7,True,country.8880,Peru,-75.311132,-10.151093,1.0,country:1.00,matched,2026-04-27T16:47:00Z,pe
307619,The Michael C. Rockefeller Wing,-550,||||||Peru||Paracas||,Peru,country,0.7,True,country.8880,Peru,-75.311132,-10.151093,1.0,country:1.00,matched,2026-04-27T16:47:00Z,pe
307620,The Michael C. Rockefeller Wing,-550,||||||Peru||Paracas||,Peru,country,0.7,True,country.8880,Peru,-75.311132,-10.151093,1.0,country:1.00,matched,2026-04-27T16:47:00Z,pe
307622,The Michael C. Rockefeller Wing,-550,||||||Peru||Paracas||,Peru,country,0.7,True,country.8880,Peru,-75.311132,-10.151093,1.0,country:1.00,matched,2026-04-27T16:47:00Z,pe
307863,The Michael C. Rockefeller Wing,-200,||||||Peru||Paracas||,Peru,country,0.7,True,country.8880,Peru,-75.311132,-10.151093,1.0,country:1.00,matched,2026-04-27T16:47:00Z,pe
307864,The Michael C. Rockefeller Wing,-500,||||||Peru||Paracas||,Peru,country,0.7,True,country.8880,Peru,-75.311132,-10.151093,1.0,country:1.00,matched,2026-04-27T16:47:00Z,pe
307865,The Michael C. Rockefeller Wing,-400,||||||Peru||Paracas||,Peru,country,0.7,True,country.8880,Peru,-75.311132,-10.151093,1.0,country:1.00,matched,2026-04-27T16:47:00Z,pe
307866,The Michael C. Rockefeller Wing,-500,||||||Peru||Paracas||,Peru,country,0.7,True,country.8880,Peru,-75.311132,-10.151093,1.0,country:1.00,matched,2026-04-27T16:47:00Z,pe
307868,The Michael C. Rockefeller Wing,-500,||||||Peru||Paracas||,Peru,country,0.7,True,country.8880,Peru,-75.311132,-10.151093,1.0,country:1.00,matched,2026-04-27T16:47:00Z,pe
307869,The Michael C. Rockefeller Wing,350,||||||Peru||Moche||,Peru,country,0.7,True,country.8880,Peru,-75.311132,-10.151093,1.0,country:1.00,matched,2026-04-27T16:47:00Z,pe
307870,The Michael C. Rockefeller Wing,550,||||||Peru||Moche||,Peru,country,0.7,True,country.8880,Peru,-75.311132,-10.151093,1.0,country:1.00,matched,2026-04-27T16:47:00Z,pe
307871,The Michael C. Rockefeller Wing,650,||||||Peru||Moche||,Peru,country,0.7,True,country.8880,Peru,-75.311132,-10.151093,1.0,country:1.00,matched,2026-04-27T16:47:00Z,pe
307873,The Michael C. Rockefeller Wing,350,||||||Peru||Moche||,Peru,country,0.7,True,country.8880,Peru,-75.311132,-10.151093,1.0,country:1.00,matched,2026-04-27T16:47:00Z,pe
308291,The Michael C. Rockefeller Wing,-550,||||Ica Valley||Peru||Paracas||,"Ica Valley, Peru, Peru",region||country,0.7,True,place.5556400,"Ica District, Ica, Peru",-75.729645,-14.063716,0.592593,place:0.59,matched,2026-04-27T16:46:45Z,pe
308292,The Michael C. Rockefeller Wing,0,||||||Peru||Paracas||,Peru,country,0.7,True,country.8880,Peru,-75.311132,-10.151093,1.0,country:1.00,matched,2026-04-27T16:47:00Z,pe
308293,The Michael C. Rockefeller Wing,-300,||||||Peru||Paracas||,Peru,country,0.7,True,country.8880,Peru,-75.311132,-10.151093,1.0,country:1.00,matched,2026-04-27T16:47:00Z,pe
308294,The Michael C. Rockefeller Wing,-300,||||||Peru||Paracas||,Peru,country,0.7,True,country.8880,Peru,-75.311132,-10.151093,1.0,country:1.00,matched,2026-04-27T16:47:00Z,pe
308296,The Michael C. Rockefeller Wing,-300,||||||Peru||Paracas||,Peru,country,0.7,True,country.8880,Peru,-75.311132,-10.151093,1.0,country:1.00,matched,2026-04-27T16:47:00Z,pe
308297,The Michael C. Rockefeller Wing,-300,||||||Peru||Paracas||,Peru,country,0.7,True,country.8880,Peru,-75.311132,-10.151093,1.0,country:1.00,matched,2026-04-27T16:47:00Z,pe
308298,The Michael C. Rockefeller Wing,-200,||||||Peru||Paracas||,Peru,country,0.7,True,country.8880,Peru,-75.311132,-10.151093,1.0,country:1.00,matched,2026-04-27T16:47:00Z,pe
308300,The Michael C. Rockefeller Wing,-550,||||||Peru||Paracas||,Peru,country,0.7,True,country.8880,Peru,-75.311132,-10.151093,1.0,country:1.00,matched,2026-04-27T16:47:00Z,pe
308301,The Michael C. Rockefeller Wing,-450,||||||Peru||Paracas||,Peru,country,0.7,True,country.8880,Peru,-75.311132,-10.151093,1.0,country:1.00,matched,2026-04-27T16:47:00Z,pe
308303,The Michael C. Rockefeller Wing,-450,||||||Peru||Paracas||,Peru,country,0.7,True,country.8880,Peru,-75.311132,-10.151093,1.0,country:1.00,matched,2026-04-27T16:47:00Z,pe
308304,The Michael C. Rockefeller Wing,-350,||||||Peru||Paracas||,Peru,country,0.7,True,country.8880,Peru,-75.311132,-10.151093,1.0,country:1.00,matched,2026-04-27T16:47:00Z,pe
308347,The Michael C. Rockefeller Wing,-200,||||||Peru||Paracas||,Peru,country,0.7,True,country.8880,Peru,-75.311132,-10.151093,1.0,country:1.00,matched,2026-04-27T16:47:00Z,pe
308348,The Michael C. Rockefeller Wing,350,||||Ica Valley||Peru||Nasca (?)||,"Ica Valley, Peru, Peru",region||country,0.7,True,place.5556400,"Ica District, Ica, Peru",-75.729645,-14.063716,0.592593,place:0.59,matched,2026-04-27T16:46:45Z,pe
308349,The Michael C. Rockefeller Wing,-200,||||||Peru||Paracas||,Peru,country,0.7,True,country.8880,Peru,-75.311132,-10.151093,1.0,country:1.00,matched,2026-04-27T16:47:00Z,pe
308350,The Michael C. Rockefeller Wing,-200,||||||Peru||Paracas||,Peru,country,0.7,True,country.8880,Peru,-75.311132,-10.151093,1.0,country:1.00,matched,2026-04-27T16:47:00Z,pe
308352,The Michael C. Rockefeller Wing,-350,||||||Peru||Paracas||,Peru,country,0.7,True,country.8880,Peru,-75.311132,-10.151093,1.0,country:1.00,matched,2026-04-27T16:47:00Z,pe
308354,The Michael C. Rockefeller Wing,-50,||South Coast||Ica Valley||Peru||Topará||,"Ica Valley, Peru, Peru",region||country,0.7,True,place.5556400,"Ica District, Ica, Peru",-75.729645,-14.063716,0.592593,place:0.59,matched,2026-04-27T16:46:45Z,pe
308355,The Michael C. Rockefeller Wing,-50,||||Ica Valley||Peru||Topará||,"Ica Valley, Peru, Peru",region||country,0.7,True,place.5556400,"Ica District, Ica, Peru",-75.729645,-14.063716,0.592593,place:0.59,matched,2026-04-27T16:46:45Z,pe
308359,The Michael C. Rockefeller Wing,-200,||||Ica Valley||Peru||Paracas||,"Ica Valley, Peru, Peru",region||country,0.7,True,place.5556400,"Ica District, Ica, Peru",-75.729645,-14.063716,0.592593,place:0.59,matched,2026-04-27T16:46:45Z,pe
308362,The Michael C. Rockefeller Wing,-400,||||Ica Valley||Peru||Paracas||,"Ica Valley, Peru, Peru",region||country,0.7,True,place.5556400,"Ica District, Ica, Peru",-75.729645,-14.063716,0.592593,place:0.59,matched,2026-04-27T16:46:45Z,pe
308363,The Michael C. Rockefeller Wing,-675,||||Ica Valley||Peru||Paracas||,"Ica Valley, Peru, Peru",region||country,0.7,True,place.5556400,"Ica District, Ica, Peru",-75.729645,-14.063716,0.592593,place:0.59,matched,2026-04-27T16:46:45Z,pe
308379,The Michael C. Rockefeller Wing,350,||||||Peru||Nasca||,Peru,country,0.7,True,country.8880,Peru,-75.311132,-10.151093,1.0,country:1.00,matched,2026-04-27T16:47:00Z,pe
308380,The Michael C. Rockefeller Wing,250,||||||Peru||Nasca||,Peru,country,0.7,True,country.8880,Peru,-75.311132,-10.151093,1.0,country:1.00,matched,2026-04-27T16:47:00Z,pe
308381,The Michael C. Rockefeller Wing,350,||||||Peru||Moche||,Peru,country,0.7,True,country.8880,Peru,-75.311132,-10.151093,1.0,country:1.00,matched,2026-04-27T16:47:00Z,pe
308382,The Michael C. Rockefeller Wing,600,||||||Peru||Moche||,Peru,country,0.7,True,country.8880,Peru,-75.311132,-10.151093,1.0,country:1.00,matched,2026-04-27T16:47:00Z,pe
308383,The Michael C. Rockefeller Wing,550,||Santa Province (?)||||Peru||Moche||,"Santa Province, Peru, Peru",state||country,0.52,True,place.12142768,"Santa, Ancash, Peru",-78.61287,-8.986263,0.666667,place:0.67,matched,2026-04-27T16:47:04Z,pe
308386,The Michael C. Rockefeller Wing,550,||||||Peru||Moche||,Peru,country,0.7,True,country.8880,Peru,-75.311132,-10.151093,1.0,country:1.00,matched,2026-04-27T16:47:00Z,pe
308387,The Michael C. Rockefeller Wing,200,||||||Peru||Moche||,Peru,country,0.7,True,country.8880,Peru,-75.311132,-10.151093,1.0,country:1.00,matched,2026-04-27T16:47:00Z,pe
308388,The Michael C. Rockefeller Wing,200,||||||Peru||Moche||,Peru,country,0.7,True,country.8880,Peru,-75.311132,-10.151093,1.0,country:1.00,matched,2026-04-27T16:47:00Z,pe
308403,The Michael C. Rockefeller Wing,250,||||||Peru||Moche||,Peru,country,0.7,True,country.8880,Peru,-75.311132,-10.151093,1.0,country:1.00,matched,2026-04-27T16:47:00Z,pe
308404,The Michael C. Rockefeller Wing,1300,||||||Peru||Chimú||,Peru,country,0.7,True,country.8880,Peru,-75.311132,-10.151093,1.0,country:1.00,matched,2026-04-27T16:47:00Z,pe
308405,The Michael C. Rockefeller Wing,500,||||||Peru||Moche||,Peru,country,0.7,True,country.8880,Peru,-75.311132,-10.151093,1.0,country:1.00,matched,2026-04-27T16:47:00Z,pe
308406,The Michael C. Rockefeller Wing,100,||||||Peru||Moche or Salinar (?)||,Peru,country,0.7,True,country.8880,Peru,-75.311132,-10.151093,1.0,country:1.00,matched,2026-04-27T16:47:00Z,pe
308408,The Michael C. Rockefeller Wing,650,||||North Coast||Peru||Moche||,Peru,country,0.7,True,country.8880,Peru,-75.311132,-10.151093,1.0,country:1.00,matched,2026-04-27T16:47:00Z,pe
308409,The Michael C. Rockefeller Wing,650,||||||Peru||Moche||,Peru,country,0.7,True,country.8880,Peru,-75.311132,-10.151093,1.0,country:1.00,matched,2026-04-27T16:47:00Z,pe
308410,The Michael C. Rockefeller Wing,650,||||North Coast||Peru||Moche||,Peru,country,0.7,True,country.8880,Peru,-75.311132,-10.151093,1.0,country:1.00,matched,2026-04-27T16:47:00Z,pe
308411,The Michael C. Rockefeller Wing,150,||||||Peru||Moche||,Peru,country,0.7,True,country.8880,Peru,-75.311132,-10.151093,1.0,country:1.00,matched,2026-04-27T16:47:00Z,pe
308412,The Michael C. Rockefeller Wing,350,||||||Peru||Moche||,Peru,country,0.7,True,country.8880,Peru,-75.311132,-10.151093,1.0,country:1.00,matched,2026-04-27T16:47:00Z,pe
308413,The Michael C. Rockefeller Wing,350,||||||Peru||Moche||,Peru,country,0.7,True,country.8880,Peru,-75.311132,-10.151093,1.0,country:1.00,matched,2026-04-27T16:47:00Z,pe
308414,The Michael C. Rockefeller Wing,1285,||North Coast||||Peru||Chimú||,Peru,country,0.7,True,country.8880,Peru,-75.311132,-10.151093,1.0,country:1.00,matched,2026-04-27T16:47:00Z,pe
308415,The Michael C. Rockefeller Wing,500,||||||Peru||Moche||,Peru,country,0.7,True,country.8880,Peru,-75.311132,-10.151093,1.0,country:1.00,matched,2026-04-27T16:47:00Z,pe
308417,The Michael C. Rockefeller Wing,400,||||||Peru||Moche||,Peru,country,0.7,True,country.8880,Peru,-75.311132,-10.151093,1.0,country:1.00,matched,2026-04-27T16:47:00Z,pe
308420,The Michael C. Rockefeller Wing,-400,||||||Peru||Paracas||,Peru,country,0.7,True,country.8880,Peru,-75.311132,-10.151093,1.0,country:1.00,matched,2026-04-27T16:47:00Z,pe
308423,The Michael C. Rockefeller Wing,-700,||||Ica Valley||Peru||Paracas||,"Ica Valley, Peru, Peru",region||country,0.7,True,place.5556400,"Ica District, Ica, Peru",-75.729645,-14.063716,0.592593,place:0.59,matched,2026-04-27T16:46:45Z,pe
308424,The Michael C. Rockefeller Wing,-700,||||||Peru||Paracas||,Peru,country,0.7,True,country.8880,Peru,-75.311132,-10.151093,1.0,country:1.00,matched,2026-04-27T16:47:00Z,pe
308425,The Michael C. Rockefeller Wing,-500,||||||Peru||Paracas||,Peru,country,0.7,True,country.8880,Peru,-75.311132,-10.151093,1.0,country:1.00,matched,2026-04-27T16:47:00Z,pe
308426,The Michael C. Rockefeller Wing,-500,||||||Peru||Paracas||,Peru,country,0.7,True,country.8880,Peru,-75.311132,-10.151093,1.0,country:1.00,matched,2026-04-27T16:47:00Z,pe
308428,The Michael C. Rockefeller Wing,-500,||||||Peru||Paracas||,Peru,country,0.7,True,country.8880,Peru,-75.311132,-10.151093,1.0,country:1.00,matched,2026-04-27T16:47:00Z,pe
308439,The Michael C. Rockefeller Wing,-500,||||||Peru||Paracas||,Peru,country,0.7,True,country.8880,Peru,-75.311132,-10.151093,1.0,country:1.00,matched,2026-04-27T16:47:00Z,pe
308440,The Michael C. Rockefeller Wing,-500,||||||Peru||Paracas||,Peru,country,0.7,True,country.8880,Peru,-75.311132,-10.151093,1.0,country:1.00,matched,2026-04-27T16:47:00Z,pe
308441,The Michael C. Rockefeller Wing,-500,||||||Peru||Paracas||,Peru,country,0.7,True,country.8880,Peru,-75.311132,-10.151093,1.0,country:1.00,matched,2026-04-27T16:47:00Z,pe
308446,The Michael C. Rockefeller Wing,-900,||||||Peru||Paracas||,Peru,country,0.7,True,country.8880,Peru,-75.311132,-10.151093,1.0,country:1.00,matched,2026-04-27T16:47:00Z,pe
308447,The Michael C. Rockefeller Wing,-500,||||||Peru||Paracas||,Peru,country,0.7,True,country.8880,Peru,-75.311132,-10.151093,1.0,country:1.00,matched,2026-04-27T16:47:00Z,pe
308448,The Michael C. Rockefeller Wing,-500,||||||Peru||Paracas||,Peru,country,0.7,True,country.8880,Peru,-75.311132,-10.151093,1.0,country:1.00,matched,2026-04-27T16:47:00Z,pe
308450,The Michael C. Rockefeller Wing,-500,||||||Peru||Paracas||,Peru,country,0.7,True,country.8880,Peru,-75.311132,-10.151093,1.0,country:1.00,matched,2026-04-27T16:47:00Z,pe
308451,The Michael C. Rockefeller Wing,-500,||||||Peru||Paracas||,Peru,country,0.7,True,country.8880,Peru,-75.311132,-10.151093,1.0,country:1.00,matched,2026-04-27T16:47:00Z,pe
308452,The Michael C. Rockefeller Wing,-500,||||||Peru||Paracas||,Peru,country,0.7,True,country.8880,Peru,-75.311132,-10.151093,1.0,country:1.00,matched,2026-04-27T16:47:00Z,pe
308455,The Michael C. Rockefeller Wing,-50,||||Ica Valley||Peru||Paracas||,"Ica Valley, Peru, Peru",region||country,0.7,True,place.5556400,"Ica District, Ica, Peru",-75.729645,-14.063716,0.592593,place:0.59,matched,2026-04-27T16:46:45Z,pe
308456,The Michael C. Rockefeller Wing,-150,||||||Peru||Nasca||,Peru,country,0.7,True,country.8880,Peru,-75.311132,-10.151093,1.0,country:1.00,matched,2026-04-27T16:47:00Z,pe
308457,The Michael C. Rockefeller Wing,-150,||||||Peru||Nasca||,Peru,country,0.7,True,country.8880,Peru,-75.311132,-10.151093,1.0,country:1.00,matched,2026-04-27T16:47:00Z,pe
308458,The Michael C. Rockefeller Wing,-50,||||South Coast||Peru||Topará||,Peru,country,0.7,True,country.8880,Peru,-75.311132,-10.151093,1.0,country:1.00,matched,2026-04-27T16:47:00Z,pe
308459,The Michael C. Rockefeller Wing,-500,||||Ica Valley||Peru||Topará||,"Ica Valley, Peru, Peru",region||country,0.7,True,place.5556400,"Ica District, Ica, Peru",-75.729645,-14.063716,0.592593,place:0.59,matched,2026-04-27T16:46:45Z,pe
308463,The Michael C. Rockefeller Wing,-50,||||South Coast||Peru||Topará||,Peru,country,0.7,True,country.8880,Peru,-75.311132,-10.151093,1.0,country:1.00,matched,2026-04-27T16:47:00Z,pe
308464,The Michael C. Rockefeller Wing,-50,||||||Peru||Topará||,Peru,country,0.7,True,country.8880,Peru,-75.311132,-10.151093,1.0,country:1.00,matched,2026-04-27T16:47:00Z,pe
308465,The Michael C. Rockefeller Wing,-50,||||Ica Valley||Peru||Topará||,"Ica Valley, Peru, Peru",region||country,0.7,True,place.5556400,"Ica District, Ica, Peru",-75.729645,-14.063716,0.592593,place:0.59,matched,2026-04-27T16:46:45Z,pe
308466,The Michael C. Rockefeller Wing,-101,||||||Peru||Paracas||,Peru,country,0.7,True,country.8880,Peru,-75.311132,-10.151093,1.0,country:1.00,matched,2026-04-27T16:47:00Z,pe
308476,The Michael C. Rockefeller Wing,-101,||||Ica Valley||Peru||Paracas||,"Ica Valley, Peru, Peru",region||country,0.7,True,place.5556400,"Ica District, Ica, Peru",-75.729645,-14.063716,0.592593,place:0.59,matched,2026-04-27T16:46:45Z,pe
308477,The Michael C. Rockefeller Wing,-101,||||Ica Valley||Peru||Paracas||,"Ica Valley, Peru, Peru",region||country,0.7,True,place.5556400,"Ica District, Ica, Peru",-75.729645,-14.063716,0.592593,place:0.59,matched,2026-04-27T16:46:45Z,pe
308483,The Michael C. Rockefeller Wing,-250,||||Ica Valley||Peru||Paracas||,"Ica Valley, Peru, Peru",region||country,0.7,True,place.5556400,"Ica District, Ica, Peru",-75.729645,-14.063716,0.592593,place:0.59,matched,2026-04-27T16:46:45Z,pe
308486,The Michael C. Rockefeller Wing,-250,||||Ica Valley||Peru||Paracas||,"Ica Valley, Peru, Peru",region||country,0.7,True,place.5556400,"Ica District, Ica, Peru",-75.729645,-14.063716,0.592593,place:0.59,matched,2026-04-27T16:46:45Z,pe
308487,The Michael C. Rockefeller Wing,-400,||||Ica Valley||Peru||Paracas||,"Ica Valley, Peru, Peru",region||country,0.7,True,place.5556400,"Ica District, Ica, Peru",-75.729645,-14.063716,0.592593,place:0.59,matched,2026-04-27T16:46:45Z,pe
308491,The Michael C. Rockefeller Wing,-250,||||Ica Valley||Peru||Paracas||,"Ica Valley, Peru, Peru",region||country,0.7,True,place.5556400,"Ica District, Ica, Peru",-75.729645,-14.063716,0.592593,place:0.59,matched,2026-04-27T16:46:45Z,pe
308492,The Michael C. Rockefeller Wing,-250,||||Ica Valley||Peru||Paracas||,"Ica Valley, Peru, Peru",region||country,0.7,True,place.5556400,"Ica District, Ica, Peru",-75.729645,-14.063716,0.592593,place:0.59,matched,2026-04-27T16:46:45Z,pe
308507,The Michael C. Rockefeller Wing,350,||||||Peru||Moche||,Peru,country,0.7,True,country.8880,Peru,-75.311132,-10.151093,1.0,country:1.00,matched,2026-04-27T16:47:00Z,pe
308508,The Michael C. Rockefeller Wing,550,||||||Peru||Moche||,Peru,country,0.7,True,country.8880,Peru,-75.311132,-10.151093,1.0,country:1.00,matched,2026-04-27T16:47:00Z,pe
308510,The Michael C. Rockefeller Wing,350,||||||Peru||Moche||,Peru,country,0.7,True,country.8880,Peru,-75.311132,-10.151093,1.0,country:1.00,matched,2026-04-27T16:47:00Z,pe
308511,The Michael C. Rockefeller Wing,200,||||||Peru||Moche||,Peru,country,0.7,True,country.8880,Peru,-75.311132,-10.151093,1.0,country:1.00,matched,2026-04-27T16:47:00Z,pe
308512,The Michael C. Rockefeller Wing,650,||North Coast||||Peru||Moche||,Peru,country,0.7,True,country.8880,Peru,-75.311132,-10.151093,1.0,country:1.00,matched,2026-04-27T16:47:00Z,pe
308513,The Michael C. Rockefeller Wing,-225,||||||Peru||Moche||,Peru,country,0.7,True,country.8880,Peru,-75.311132,-10.151093,1.0,country:1.00,matched,2026-04-27T16:47:00Z,pe
308514,The Michael C. Rockefeller Wing,700,||||||Peru||Moche||,Peru,country,0.7,True,country.8880,Peru,-75.311132,-10.151093,1.0,country:1.00,matched,2026-04-27T16:47:00Z,pe
308515,The Michael C. Rockefeller Wing,50,||||||Peru||Moche||,Peru,country,0.7,True,country.8880,Peru,-75.311132,-10.151093,1.0,country:1.00,matched,2026-04-27T16:47:00Z,pe
308516,The Michael C. Rockefeller Wing,550,||||||Peru||Moche||,Peru,country,0.7,True,country.8880,Peru,-75.311132,-10.151093,1.0,country:1.00,matched,2026-04-27T16:47:00Z,pe
308518,The Michael C. Rockefeller Wing,350,||||||Peru||Moche||,Peru,country,0.7,True,country.8880,Peru,-75.311132,-10.151093,1.0,country:1.00,matched,2026-04-27T16:47:00Z,pe
308519,The Michael C. Rockefeller Wing,50,||||||Peru||Moche||,Peru,country,0.7,True,country.8880,Peru,-75.311132,-10.151093,1.0,country:1.00,matched,2026-04-27T16:47:00Z,pe
308520,The Michael C. Rockefeller Wing,350,||||||Peru||Moche||,Peru,country,0.7,True,country.8880,Peru,-75.311132,-10.151093,1.0,country:1.00,matched,2026-04-27T16:47:00Z,pe
308523,The Michael C. Rockefeller Wing,1285,||||North Coast||Peru||Chimú||,Peru,country,0.7,True,country.8880,Peru,-75.311132,-10.151093,1.0,country:1.00,matched,2026-04-27T16:47:00Z,pe
308524,The Michael C. Rockefeller Wing,-150,||||||Peru||North Coast (?)||,Peru,country,0.7,True,country.8880,Peru,-75.311132,-10.151093,1.0,country:1.00,matched,2026-04-27T16:47:00Z,pe
308525,The Michael C. Rockefeller Wing,300,||||||Peru||Moche||,Peru,country,0.7,True,country.8880,Peru,-75.311132,-10.151093,1.0,country:1.00,matched,2026-04-27T16:47:00Z,pe
308526,The Michael C. Rockefeller Wing,550,||||||Peru||Moche||,Peru,country,0.7,True,country.8880,Peru,-75.311132,-10.151093,1.0,country:1.00,matched,2026-04-27T16:47:00Z,pe
308527,The Michael C. Rockefeller Wing,500,||||||Peru||Moche||,Peru,country,0.7,True,country.8880,Peru,-75.311132,-10.151093,1.0,country:1.00,matched,2026-04-27T16:47:00Z,pe
308528,The Michael C. Rockefeller Wing,650,||||North Coast||Peru||Moche||,Peru,country,0.7,True,country.8880,Peru,-75.311132,-10.151093,1.0,country:1.00,matched,2026-04-27T16:47:00Z,pe
308529,The Michael C. Rockefeller Wing,250,||||||Peru||Moche||,Peru,country,0.7,True,country.8880,Peru,-75.311132,-10.151093,1.0,country:1.00,matched,2026-04-27T16:47:00Z,pe
308530,The Michael C. Rockefeller Wing,300,||||||Peru||Moche||,Peru,country,0.7,True,country.8880,Peru,-75.311132,-10.151093,1.0,country:1.00,matched,2026-04-27T16:47:00Z,pe
308531,The Michael C. Rockefeller Wing,350,||||||Peru||Moche||,Peru,country,0.7,True,country.8880,Peru,-75.311132,-10.151093,1.0,country:1.00,matched,2026-04-27T16:47:00Z,pe
308532,The Michael C. Rockefeller Wing,650,||||North Coast||Peru||Moche||,Peru,country,0.7,True,country.8880,Peru,-75.311132,-10.151093,1.0,country:1.00,matched,2026-04-27T16:47:00Z,pe
308533,The Michael C. Rockefeller Wing,400,||||||Peru||Moche||,Peru,country,0.7,True,country.8880,Peru,-75.311132,-10.151093,1.0,country:1.00,matched,2026-04-27T16:47:00Z,pe
308534,The Michael C. Rockefeller Wing,300,||||||Peru||Moche||,Peru,country,0.7,True,country.8880,Peru,-75.311132,-10.151093,1.0,country:1.00,matched,2026-04-27T16:47:00Z,pe
308535,The Michael C. Rockefeller Wing,400,||||||Peru||Moche||,Peru,country,0.7,True,country.8880,Peru,-75.311132,-10.151093,1.0,country:1.00,matched,2026-04-27T16:47:00Z,pe
308538,The Michael C. Rockefeller Wing,250,||||||Peru||Moche||,Peru,country,0.7,True,country.8880,Peru,-75.311132,-10.151093,1.0,country:1.00,matched,2026-04-27T16:47:00Z,pe
308539,The Michael C. Rockefeller Wing,250,||||||Peru||Moche||,Peru,country,0.7,True,country.8880,Peru,-75.311132,-10.151093,1.0,country:1.00,matched,2026-04-27T16:47:00Z,pe
308540,The Michael C. Rockefeller Wing,400,||||||Peru||Moche||,Peru,country,0.7,True,country.8880,Peru,-75.311132,-10.151093,1.0,country:1.00,matched,2026-04-27T16:47:00Z,pe
308541,The Michael C. Rockefeller Wing,400,||||||Peru||Moche||,Peru,country,0.7,True,country.8880,Peru,-75.311132,-10.151093,1.0,country:1.00,matched,2026-04-27T16:47:00Z,pe
308542,The Michael C. Rockefeller Wing,550,||||||Peru||Moche||,Peru,country,0.7,True,country.8880,Peru,-75.311132,-10.151093,1.0,country:1.00,matched,2026-04-27T16:47:00Z,pe
308544,The Michael C. Rockefeller Wing,350,||||||Peru||Moche||,Peru,country,0.7,True,country.8880,Peru,-75.311132,-10.151093,1.0,country:1.00,matched,2026-04-27T16:47:00Z,pe
308545,The Michael C. Rockefeller Wing,350,||||||Peru||Moche||,Peru,country,0.7,True,country.8880,Peru,-75.311132,-10.151093,1.0,country:1.00,matched,2026-04-27T16:47:00Z,pe
308546,The Michael C. Rockefeller Wing,400,||||||Peru||Moche||,Peru,country,0.7,True,country.8880,Peru,-75.311132,-10.151093,1.0,country:1.00,matched,2026-04-27T16:47:00Z,pe
308549,The Michael C. Rockefeller Wing,450,||||||Peru||Moche||,Peru,country,0.7,True,country.8880,Peru,-75.311132,-10.151093,1.0,country:1.00,matched,2026-04-27T16:47:00Z,pe
308550,The Michael C. Rockefeller Wing,250,||Santa Province||||Peru||Moche||,"Santa Province, Peru, Peru",state||country,0.72,True,place.12142768,"Santa, Ancash, Peru",-78.61287,-8.986263,0.666667,place:0.67,matched,2026-04-27T16:47:04Z,pe
308552,The Michael C. Rockefeller Wing,1300,||||||Peru||Chimú||,Peru,country,0.7,True,country.8880,Peru,-75.311132,-10.151093,1.0,country:1.00,matched,2026-04-27T16:47:00Z,pe
308554,The Michael C. Rockefeller Wing,700,||||||Peru||Wari||,Peru,country,0.7,True,country.8880,Peru,-75.311132,-10.151093,1.0,country:1.00,matched,2026-04-27T16:47:00Z,pe
308555,The Michael C. Rockefeller Wing,1400,||||||Peru||Inca||,Peru,country,0.7,True,country.8880,Peru,-75.311132,-10.151093,1.0,country:1.00,matched,2026-04-27T16:47:00Z,pe
308556,The Michael C. Rockefeller Wing,400,||||||Peru||Moche||,Peru,country,0.7,True,country.8880,Peru,-75.311132,-10.151093,1.0,country:1.00,matched,2026-04-27T16:47:00Z,pe
308557,The Michael C. Rockefeller Wing,400,||||||Peru||Moche||,Peru,country,0.7,True,country.8880,Peru,-75.311132,-10.151093,1.0,country:1.00,matched,2026-04-27T16:47:00Z,pe
308558,The Michael C. Rockefeller Wing,700,||||North Coast||Peru||Moche||,Peru,country,0.7,True,country.8880,Peru,-75.311132,-10.151093,1.0,country:1.00,matched,2026-04-27T16:47:00Z,pe
308560,The Michael C. Rockefeller Wing,250,||||||Peru||Moche||,Peru,country,0.7,True,country.8880,Peru,-75.311132,-10.151093,1.0,country:1.00,matched,2026-04-27T16:47:00Z,pe
308561,The Michael C. Rockefeller Wing,500,||||||Peru||Moche||,Peru,country,0.7,True,country.8880,Peru,-75.311132,-10.151093,1.0,country:1.00,matched,2026-04-27T16:47:00Z,pe
308563,The Michael C. Rockefeller Wing,300,||||||Peru||Moche||,Peru,country,0.7,True,country.8880,Peru,-75.311132,-10.151093,1.0,country:1.00,matched,2026-04-27T16:47:00Z,pe
308565,The Michael C. Rockefeller Wing,650,||||||Peru||Moche||,Peru,country,0.7,True,country.8880,Peru,-75.311132,-10.151093,1.0,country:1.00,matched,2026-04-27T16:47:00Z,pe
308566,The Michael C. Rockefeller Wing,450,||||||Peru||Nasca||,Peru,country,0.7,True,country.8880,Peru,-75.311132,-10.151093,1.0,country:1.00,matched,2026-04-27T16:47:00Z,pe
308567,The Michael C. Rockefeller Wing,500,||||South Coast||Peru||Nasca||,Peru,country,0.7,True,country.8880,Peru,-75.311132,-10.151093,1.0,country:1.00,matched,2026-04-27T16:47:00Z,pe
308568,The Michael C. Rockefeller Wing,450,||||||Peru||Nasca||,Peru,country,0.7,True,country.8880,Peru,-75.311132,-10.151093,1.0,country:1.00,matched,2026-04-27T16:47:00Z,pe
308569,The Michael C. Rockefeller Wing,350,||||||Peru||Nasca||,Peru,country,0.7,True,country.8880,Peru,-75.311132,-10.151093,1.0,country:1.00,matched,2026-04-27T16:47:00Z,pe
308570,The Michael C. Rockefeller Wing,300,||||South Coast||Peru||Nasca||,Peru,country,0.7,True,country.8880,Peru,-75.311132,-10.151093,1.0,country:1.00,matched,2026-04-27T16:47:00Z,pe
308571,The Michael C. Rockefeller Wing,200,||South Coast||||Peru||Nasca||,Peru,country,0.7,True,country.8880,Peru,-75.311132,-10.151093,1.0,country:1.00,matched,2026-04-27T16:47:00Z,pe
308577,The Michael C. Rockefeller Wing,350,||||||Peru||Nasca||,Peru,country,0.7,True,country.8880,Peru,-75.311132,-10.151093,1.0,country:1.00,matched,2026-04-27T16:47:00Z,pe
308578,The Michael C. Rockefeller Wing,450,||||||Peru||Nasca||,Peru,country,0.7,True,country.8880,Peru,-75.311132,-10.151093,1.0,country:1.00,matched,2026-04-27T16:47:00Z,pe
308580,The Michael C. Rockefeller Wing,450,||||||Peru||Nasca||,Peru,country,0.7,True,country.8880,Peru,-75.311132,-10.151093,1.0,country:1.00,matched,2026-04-27T16:47:00Z,pe
308582,The Michael C. Rockefeller Wing,350,||||||Peru||Nasca||,Peru,country,0.7,True,country.8880,Peru,-75.311132,-10.151093,1.0,country:1.00,matched,2026-04-27T16:47:00Z,pe
308584,The Michael C. Rockefeller Wing,-400,||||Ica Valley||Peru||Paracas||,"Ica Valley, Peru, Peru",region||country,0.7,True,place.5556400,"Ica District, Ica, Peru",-75.729645,-14.063716,0.592593,place:0.59,matched,2026-04-27T16:46:45Z,pe
308585,The Michael C. Rockefeller Wing,-550,||||Ica Valley||Peru||Paracas||,"Ica Valley, Peru, Peru",region||country,0.7,True,place.5556400,"Ica District, Ica, Peru",-75.729645,-14.063716,0.592593,place:0.59,matched,2026-04-27T16:46:45Z,pe
308586,The Michael C. Rockefeller Wing,-300,||||||Peru||Paracas||,Peru,country,0.7,True,country.8880,Peru,-75.311132,-10.151093,1.0,country:1.00,matched,2026-04-27T16:47:00Z,pe
308588,The Michael C. Rockefeller Wing,-300,||||Ica Valley||Peru||Paracas||,"Ica Valley, Peru, Peru",region||country,0.7,True,place.5556400,"Ica District, Ica, Peru",-75.729645,-14.063716,0.592593,place:0.59,matched,2026-04-27T16:46:45Z,pe
308590,The Michael C. Rockefeller Wing,-350,||||Ica Valley||Peru||Paracas||,"Ica Valley, Peru, Peru",region||country,0.7,True,place.5556400,"Ica District, Ica, Peru",-75.729645,-14.063716,0.592593,place:0.59,matched,2026-04-27T16:46:45Z,pe
308591,The Michael C. Rockefeller Wing,-550,||||Ica Valley||Peru||Paracas||,"Ica Valley, Peru, Peru",region||country,0.7,True,place.5556400,"Ica District, Ica, Peru",-75.729645,-14.063716,0.592593,place:0.59,matched,2026-04-27T16:46:45Z,pe
308592,The Michael C. Rockefeller Wing,-550,||||Ica Valley||Peru||Paracas||,"Ica Valley, Peru, Peru",region||country,0.7,True,place.5556400,"Ica District, Ica, Peru",-75.729645,-14.063716,0.592593,place:0.59,matched,2026-04-27T16:46:45Z,pe
308600,The Michael C. Rockefeller Wing,-300,||||||Peru||Paracas||,Peru,country,0.7,True,country.8880,Peru,-75.311132,-10.151093,1.0,country:1.00,matched,2026-04-27T16:47:00Z,pe
308602,The Michael C. Rockefeller Wing,-300,||||||Peru||Paracas||,Peru,country,0.7,True,country.8880,Peru,-75.311132,-10.151093,1.0,country:1.00,matched,2026-04-27T16:47:00Z,pe
308606,The Michael C. Rockefeller Wing,-200,||||Ica Valley||Peru||Paracas||,"Ica Valley, Peru, Peru",region||country,0.7,True,place.5556400,"Ica District, Ica, Peru",-75.729645,-14.063716,0.592593,place:0.59,matched,2026-04-27T16:46:45Z,pe
308607,The Michael C. Rockefeller Wing,-350,||||Ica Valley||Peru||Paracas||,"Ica Valley, Peru, Peru",region||country,0.7,True,place.5556400,"Ica District, Ica, Peru",-75.729645,-14.063716,0.592593,place:0.59,matched,2026-04-27T16:46:45Z,pe
308608,The Michael C. Rockefeller Wing,-350,||||Ica Valley||Peru||Paracas||,"Ica Valley, Peru, Peru",region||country,0.7,True,place.5556400,"Ica District, Ica, Peru",-75.729645,-14.063716,0.592593,place:0.59,matched,2026-04-27T16:46:45Z,pe
308609,The Michael C. Rockefeller Wing,-350,||||Ica Valley||Peru||Paracas||,"Ica Valley, Peru, Peru",region||country,0.7,True,place.5556400,"Ica District, Ica, Peru",-75.729645,-14.063716,0.592593,place:0.59,matched,2026-04-27T16:46:45Z,pe
308615,The Michael C. Rockefeller Wing,-350,||||Ica Valley||Peru||Paracas||,"Ica Valley, Peru, Peru",region||country,0.7,True,place.5556400,"Ica District, Ica, Peru",-75.729645,-14.063716,0.592593,place:0.59,matched,2026-04-27T16:46:45Z,pe
308616,The Michael C. Rockefeller Wing,-350,||||Ica Valley||Peru||Paracas||,"Ica Valley, Peru, Peru",region||country,0.7,True,place.5556400,"Ica District, Ica, Peru",-75.729645,-14.063716,0.592593,place:0.59,matched,2026-04-27T16:46:45Z,pe
308618,The Michael C. Rockefeller Wing,-350,||||Ica Valley||Peru||Paracas||,"Ica Valley, Peru, Peru",region||country,0.7,True,place.5556400,"Ica District, Ica, Peru",-75.729645,-14.063716,0.592593,place:0.59,matched,2026-04-27T16:46:45Z,pe
308619,The Michael C. Rockefeller Wing,-550,||||||Peru||Paracas||,Peru,country,0.7,True,country.8880,Peru,-75.311132,-10.151093,1.0,country:1.00,matched,2026-04-27T16:47:00Z,pe
308622,The Michael C. Rockefeller Wing,-350,||||||Peru||Paracas||,Peru,country,0.7,True,country.8880,Peru,-75.311132,-10.151093,1.0,country:1.00,matched,2026-04-27T16:47:00Z,pe
308623,The Michael C. Rockefeller Wing,-550,||||Ica Valley||Peru||Paracas||,"Ica Valley, Peru, Peru",region||country,0.7,True,place.5556400,"Ica District, Ica, Peru",-75.729645,-14.063716,0.592593,place:0.59,matched,2026-04-27T16:46:45Z,pe
308624,The Michael C. Rockefeller Wing,-550,||||Ica Valley||Peru||Paracas||,"Ica Valley, Peru, Peru",region||country,0.7,True,place.5556400,"Ica District, Ica, Peru",-75.729645,-14.063716,0.592593,place:0.59,matched,2026-04-27T16:46:45Z,pe
308625,The Michael C. Rockefeller Wing,-350,||||||Peru||Paracas||,Peru,country,0.7,True,country.8880,Peru,-75.311132,-10.151093,1.0,country:1.00,matched,2026-04-27T16:47:00Z,pe
308626,The Michael C. Rockefeller Wing,-350,||||||Peru||Paracas||,Peru,country,0.7,True,country.8880,Peru,-75.311132,-10.151093,1.0,country:1.00,matched,2026-04-27T16:47:00Z,pe
308627,The Michael C. Rockefeller Wing,-300,||||||Peru||Paracas||,Peru,country,0.7,True,country.8880,Peru,-75.311132,-10.151093,1.0,country:1.00,matched,2026-04-27T16:47:00Z,pe
308628,The Michael C. Rockefeller Wing,-300,||||||Peru||Paracas||,Peru,country,0.7,True,country.8880,Peru,-75.311132,-10.151093,1.0,country:1.00,matched,2026-04-27T16:47:00Z,pe
308629,The Michael C. Rockefeller Wing,-300,||||||Peru||Paracas||,Peru,country,0.7,True,country.8880,Peru,-75.311132,-10.151093,1.0,country:1.00,matched,2026-04-27T16:47:00Z,pe
308640,The Michael C. Rockefeller Wing,-300,||||||Peru||Paracas||,Peru,country,0.7,True,country.8880,Peru,-75.311132,-10.151093,1.0,country:1.00,matched,2026-04-27T16:47:00Z,pe
308642,The Michael C. Rockefeller Wing,-300,||||||Peru||Paracas||,Peru,country,0.7,True,country.8880,Peru,-75.311132,-10.151093,1.0,country:1.00,matched,2026-04-27T16:47:00Z,pe
308643,The Michael C. Rockefeller Wing,-300,||||||Peru||Paracas||,Peru,country,0.7,True,country.8880,Peru,-75.311132,-10.151093,1.0,country:1.00,matched,2026-04-27T16:47:00Z,pe
308645,The Michael C. Rockefeller Wing,-300,||||||Peru||Paracas||,Peru,country,0.7,True,country.8880,Peru,-75.311132,-10.151093,1.0,country:1.00,matched,2026-04-27T16:47:00Z,pe
308646,The Michael C. Rockefeller Wing,-300,||||||Peru||Paracas||,Peru,country,0.7,True,country.8880,Peru,-75.311132,-10.151093,1.0,country:1.00,matched,2026-04-27T16:47:00Z,pe
308647,The Michael C. Rockefeller Wing,-300,||||||Peru||Paracas||,Peru,country,0.7,True,country.8880,Peru,-75.311132,-10.151093,1.0,country:1.00,matched,2026-04-27T16:47:00Z,pe
308648,The Michael C. Rockefeller Wing,-300,||||||Peru||Paracas||,Peru,country,0.7,True,country.8880,Peru,-75.311132,-10.151093,1.0,country:1.00,matched,2026-04-27T16:47:00Z,pe
308651,The Michael C. Rockefeller Wing,-300,||||||Peru||Paracas||,Peru,country,0.7,True,country.8880,Peru,-75.311132,-10.151093,1.0,country:1.00,matched,2026-04-27T16:47:00Z,pe
308652,The Michael C. Rockefeller Wing,-300,||||||Peru||Paracas||,Peru,country,0.7,True,country.8880,Peru,-75.311132,-10.151093,1.0,country:1.00,matched,2026-04-27T16:47:00Z,pe
308655,The Michael C. Rockefeller Wing,-300,||||Ica Valley||Peru||Paracas||,"Ica Valley, Peru, Peru",region||country,0.7,True,place.5556400,"Ica District, Ica, Peru",-75.729645,-14.063716,0.592593,place:0.59,matched,2026-04-27T16:46:45Z,pe
308657,The Michael C. Rockefeller Wing,-300,||||Ica Valley||Peru||Paracas||,"Ica Valley, Peru, Peru",region||country,0.7,True,place.5556400,"Ica District, Ica, Peru",-75.729645,-14.063716,0.592593,place:0.59,matched,2026-04-27T16:46:45Z,pe
308702,The Michael C. Rockefeller Wing,-300,||||||Peru||Paracas||,Peru,country,0.7,True,country.8880,Peru,-75.311132,-10.151093,1.0,country:1.00,matched,2026-04-27T16:47:00Z,pe
308703,The Michael C. Rockefeller Wing,-550,||||Ica Valley||Peru||Paracas||,"Ica Valley, Peru, Peru",region||country,0.7,True,place.5556400,"Ica District, Ica, Peru",-75.729645,-14.063716,0.592593,place:0.59,matched,2026-04-27T16:46:45Z,pe
308704,The Michael C. Rockefeller Wing,-300,||||||Peru||Paracas||,Peru,country,0.7,True,country.8880,Peru,-75.311132,-10.151093,1.0,country:1.00,matched,2026-04-27T16:47:00Z,pe
308706,The Michael C. Rockefeller Wing,-300,||||||Peru||Paracas||,Peru,country,0.7,True,country.8880,Peru,-75.311132,-10.151093,1.0,country:1.00,matched,2026-04-27T16:47:00Z,pe
308707,The Michael C. Rockefeller Wing,-300,||||||Peru||Paracas||,Peru,country,0.7,True,country.8880,Peru,-75.311132,-10.151093,1.0,country:1.00,matched,2026-04-27T16:47:00Z,pe
308709,The Michael C. Rockefeller Wing,-300,||||||Peru||Paracas||,Peru,country,0.7,True,country.8880,Peru,-75.311132,-10.151093,1.0,country:1.00,matched,2026-04-27T16:47:00Z,pe
308710,The Michael C. Rockefeller Wing,-300,||||||Peru||Paracas||,Peru,country,0.7,True,country.8880,Peru,-75.311132,-10.151093,1.0,country:1.00,matched,2026-04-27T16:47:00Z,pe
308711,The Michael C. Rockefeller Wing,-300,||||Ica Valley||Peru||Paracas||,"Ica Valley, Peru, Peru",region||country,0.7,True,place.5556400,"Ica District, Ica, Peru",-75.729645,-14.063716,0.592593,place:0.59,matched,2026-04-27T16:46:45Z,pe
308712,The Michael C. Rockefeller Wing,-300,||||||Peru||Paracas||,Peru,country,0.7,True,country.8880,Peru,-75.311132,-10.151093,1.0,country:1.00,matched,2026-04-27T16:47:00Z,pe
308713,The Michael C. Rockefeller Wing,-300,||||||Peru||Paracas||,Peru,country,0.7,True,country.8880,Peru,-75.311132,-10.151093,1.0,country:1.00,matched,2026-04-27T16:47:00Z,pe
308714,The Michael C. Rockefeller Wing,-300,||||||Peru||Paracas||,Peru,country,0.7,True,country.8880,Peru,-75.311132,-10.151093,1.0,country:1.00,matched,2026-04-27T16:47:00Z,pe
308715,The Michael C. Rockefeller Wing,-300,||||||Peru||Paracas||,Peru,country,0.7,True,country.8880,Peru,-75.311132,-10.151093,1.0,country:1.00,matched,2026-04-27T16:47:00Z,pe
308718,The Michael C. Rockefeller Wing,-200,||||Ica Valley||Peru||Paracas||,"Ica Valley, Peru, Peru",region||country,0.7,True,place.5556400,"Ica District, Ica, Peru",-75.729645,-14.063716,0.592593,place:0.59,matched,2026-04-27T16:46:45Z,pe
308719,The Michael C. Rockefeller Wing,-550,||||Ica Valley||Peru||Paracas||,"Ica Valley, Peru, Peru",region||country,0.7,True,place.5556400,"Ica District, Ica, Peru",-75.729645,-14.063716,0.592593,place:0.59,matched,2026-04-27T16:46:45Z,pe
308722,The Michael C. Rockefeller Wing,-550,||||||Peru||Paracas||,Peru,country,0.7,True,country.8880,Peru,-75.311132,-10.151093,1.0,country:1.00,matched,2026-04-27T16:47:00Z,pe
308723,The Michael C. Rockefeller Wing,-350,||||Ica Valley||Peru||Paracas||,"Ica Valley, Peru, Peru",region||country,0.7,True,place.5556400,"Ica District, Ica, Peru",-75.729645,-14.063716,0.592593,place:0.59,matched,2026-04-27T16:46:45Z,pe
308724,The Michael C. Rockefeller Wing,-550,||||Ica Valley||Peru||Paracas||,"Ica Valley, Peru, Peru",region||country,0.7,True,place.5556400,"Ica District, Ica, Peru",-75.729645,-14.063716,0.592593,place:0.59,matched,2026-04-27T16:46:45Z,pe
308883,The Michael C. Rockefeller Wing,600,||||||Peru||Moche||,Peru,country,0.7,True,country.8880,Peru,-75.311132,-10.151093,1.0,country:1.00,matched,2026-04-27T16:47:00Z,pe
308884,The Michael C. Rockefeller Wing,600,||||||Peru||Moche||,Peru,country,0.7,True,country.8880,Peru,-75.311132,-10.151093,1.0,country:1.00,matched,2026-04-27T16:47:00Z,pe
308885,The Michael C. Rockefeller Wing,500,||||||Peru||Moche||,Peru,country,0.7,True,country.8880,Peru,-75.311132,-10.151093,1.0,country:1.00,matched,2026-04-27T16:47:00Z,pe
308886,The Michael C. Rockefeller Wing,500,||||||Peru||Moche||,Peru,country,0.7,True,country.8880,Peru,-75.311132,-10.151093,1.0,country:1.00,matched,2026-04-27T16:47:00Z,pe
309129,The Michael C. Rockefeller Wing,500,||||||Peru||Moche||,Peru,country,0.7,True,country.8880,Peru,-75.311132,-10.151093,1.0,country:1.00,matched,2026-04-27T16:47:00Z,pe
309132,The Michael C. Rockefeller Wing,250,||||||Peru||Nasca||,Peru,country,0.7,True,country.8880,Peru,-75.311132,-10.151093,1.0,country:1.00,matched,2026-04-27T16:47:00Z,pe
309133,The Michael C. Rockefeller Wing,350,||||||Peru||Nasca||,Peru,country,0.7,True,country.8880,Peru,-75.311132,-10.151093,1.0,country:1.00,matched,2026-04-27T16:47:00Z,pe
309137,The Michael C. Rockefeller Wing,-800,||||||Peru||Cupisnique||,Peru,country,0.7,True,country.8880,Peru,-75.311132,-10.151093,1.0,country:1.00,matched,2026-04-27T16:47:00Z,pe
309138,The Michael C. Rockefeller Wing,-1000,||||||Peru||Cupisnique||,Peru,country,0.7,True,country.8880,Peru,-75.311132,-10.151093,1.0,country:1.00,matched,2026-04-27T16:47:00Z,pe
309301,The Michael C. Rockefeller Wing,550,||||||Peru||Moche||,Peru,country,0.7,True,country.8880,Peru,-75.311132,-10.151093,1.0,country:1.00,matched,2026-04-27T16:47:00Z,pe
309302,The Michael C. Rockefeller Wing,350,||||||Peru||Moche||,Peru,country,0.7,True,country.8880,Peru,-75.311132,-10.151093,1.0,country:1.00,matched,2026-04-27T16:47:00Z,pe
309303,The Michael C. Rockefeller Wing,1380,||||||Peru||Chimú||,Peru,country,0.7,True,country.8880,Peru,-75.311132,-10.151093,1.0,country:1.00,matched,2026-04-27T16:47:00Z,pe
309304,The Michael C. Rockefeller Wing,500,||||||Peru||Moche||,Peru,country,0.7,True,country.8880,Peru,-75.311132,-10.151093,1.0,country:1.00,matched,2026-04-27T16:47:00Z,pe
309323,The Michael C. Rockefeller Wing,500,||||||Peru||Moche||,Peru,country,0.7,True,country.8880,Peru,-75.311132,-10.151093,1.0,country:1.00,matched,2026-04-27T16:47:00Z,pe
309324,The Michael C. Rockefeller Wing,550,||||||Peru||Moche||,Peru,country,0.7,True,country.8880,Peru,-75.311132,-10.151093,1.0,country:1.00,matched,2026-04-27T16:47:00Z,pe
309325,The Michael C. Rockefeller Wing,300,||||||Peru||Moche||,Peru,country,0.7,True,country.8880,Peru,-75.311132,-10.151093,1.0,country:1.00,matched,2026-04-27T16:47:00Z,pe
309326,The Michael C. Rockefeller Wing,-101,||||||Peru||Moche||,Peru,country,0.7,True,country.8880,Peru,-75.311132,-10.151093,1.0,country:1.00,matched,2026-04-27T16:47:00Z,pe
309327,The Michael C. Rockefeller Wing,600,||||||Peru||Moche||,Peru,country,0.7,True,country.8880,Peru,-75.311132,-10.151093,1.0,country:1.00,matched,2026-04-27T16:47:00Z,pe
309331,The Michael C. Rockefeller Wing,450,||||||Peru||Moche||,Peru,country,0.7,True,country.8880,Peru,-75.311132,-10.151093,1.0,country:1.00,matched,2026-04-27T16:47:00Z,pe
309332,The Michael C. Rockefeller Wing,550,||||||Peru||Moche||,Peru,country,0.7,True,country.8880,Peru,-75.311132,-10.151093,1.0,country:1.00,matched,2026-04-27T16:47:00Z,pe
309333,The Michael C. Rockefeller Wing,450,||||||Peru||Moche||,Peru,country,0.7,True,country.8880,Peru,-75.311132,-10.151093,1.0,country:1.00,matched,2026-04-27T16:47:00Z,pe
309335,The Michael C. Rockefeller Wing,550,||||||Peru||Moche||,Peru,country,0.7,True,country.8880,Peru,-75.311132,-10.151093,1.0,country:1.00,matched,2026-04-27T16:47:00Z,pe
309337,The Michael C. Rockefeller Wing,550,||||||Peru||Moche||,Peru,country,0.7,True,country.8880,Peru,-75.311132,-10.151093,1.0,country:1.00,matched,2026-04-27T16:47:00Z,pe
309338,The Michael C. Rockefeller Wing,550,||||||Peru||Moche||,Peru,country,0.7,True,country.8880,Peru,-75.311132,-10.151093,1.0,country:1.00,matched,2026-04-27T16:47:00Z,pe
309339,The Michael C. Rockefeller Wing,500,||||||Peru||Moche||,Peru,country,0.7,True,country.8880,Peru,-75.311132,-10.151093,1.0,country:1.00,matched,2026-04-27T16:47:00Z,pe
309344,The Michael C. Rockefeller Wing,450,||||||Peru||Moche||,Peru,country,0.7,True,country.8880,Peru,-75.311132,-10.151093,1.0,country:1.00,matched,2026-04-27T16:47:00Z,pe
309345,The Michael C. Rockefeller Wing,1300,||||||Peru||Chimú||,Peru,country,0.7,True,country.8880,Peru,-75.311132,-10.151093,1.0,country:1.00,matched,2026-04-27T16:47:00Z,pe
309346,The Michael C. Rockefeller Wing,500,||||||Peru||Moche||,Peru,country,0.7,True,country.8880,Peru,-75.311132,-10.151093,1.0,country:1.00,matched,2026-04-27T16:47:00Z,pe
309352,The Michael C. Rockefeller Wing,300,||||||Peru||Moche||,Peru,country,0.7,True,country.8880,Peru,-75.311132,-10.151093,1.0,country:1.00,matched,2026-04-27T16:47:00Z,pe
309353,The Michael C. Rockefeller Wing,400,||||||Peru||Moche||,Peru,country,0.7,True,country.8880,Peru,-75.311132,-10.151093,1.0,country:1.00,matched,2026-04-27T16:47:00Z,pe
309354,The Michael C. Rockefeller Wing,250,||||||Peru||Moche||,Peru,country,0.7,True,country.8880,Peru,-75.311132,-10.151093,1.0,country:1.00,matched,2026-04-27T16:47:00Z,pe
309355,The Michael C. Rockefeller Wing,500,||||||Peru||Moche||,Peru,country,0.7,True,country.8880,Peru,-75.311132,-10.151093,1.0,country:1.00,matched,2026-04-27T16:47:00Z,pe
309356,The Michael C. Rockefeller Wing,500,||||||Peru||Moche||,Peru,country,0.7,True,country.8880,Peru,-75.311132,-10.151093,1.0,country:1.00,matched,2026-04-27T16:47:00Z,pe
309357,The Michael C. Rockefeller Wing,450,||||||Peru||Moche||,Peru,country,0.7,True,country.8880,Peru,-75.311132,-10.151093,1.0,country:1.00,matched,2026-04-27T16:47:00Z,pe
309359,The Michael C. Rockefeller Wing,400,||||||Peru||Moche||,Peru,country,0.7,True,country.8880,Peru,-75.311132,-10.151093,1.0,country:1.00,matched,2026-04-27T16:47:00Z,pe
309360,The Michael C. Rockefeller Wing,450,||||||Peru||Moche||,Peru,country,0.7,True,country.8880,Peru,-75.311132,-10.151093,1.0,country:1.00,matched,2026-04-27T16:47:00Z,pe
309363,The Michael C. Rockefeller Wing,500,||||||Peru||Moche||,Peru,country,0.7,True,country.8880,Peru,-75.311132,-10.151093,1.0,country:1.00,matched,2026-04-27T16:47:00Z,pe
309364,The Michael C. Rockefeller Wing,500,||||||Peru||Moche||,Peru,country,0.7,True,country.8880,Peru,-75.311132,-10.151093,1.0,country:1.00,matched,2026-04-27T16:47:00Z,pe
309366,The Michael C. Rockefeller Wing,500,||||||Peru||Moche||,Peru,country,0.7,True,country.8880,Peru,-75.311132,-10.151093,1.0,country:1.00,matched,2026-04-27T16:47:00Z,pe
309367,The Michael C. Rockefeller Wing,400,||||||Peru||Moche||,Peru,country,0.7,True,country.8880,Peru,-75.311132,-10.151093,1.0,country:1.00,matched,2026-04-27T16:47:00Z,pe
309370,The Michael C. Rockefeller Wing,500,||||||Peru||Moche||,Peru,country,0.7,True,country.8880,Peru,-75.311132,-10.151093,1.0,country:1.00,matched,2026-04-27T16:47:00Z,pe
309371,The Michael C. Rockefeller Wing,500,||||||Peru||Moche||,Peru,country,0.7,True,country.8880,Peru,-75.311132,-10.151093,1.0,country:1.00,matched,2026-04-27T16:47:00Z,pe
309372,The Michael C. Rockefeller Wing,550,||||||Peru||Moche||,Peru,country,0.7,True,country.8880,Peru,-75.311132,-10.151093,1.0,country:1.00,matched,2026-04-27T16:47:00Z,pe
309373,The Michael C. Rockefeller Wing,550,||||||Peru||Moche||,Peru,country,0.7,True,country.8880,Peru,-75.311132,-10.151093,1.0,country:1.00,matched,2026-04-27T16:47:00Z,pe
309376,The Michael C. Rockefeller Wing,500,||||||Peru||Moche||,Peru,country,0.7,True,country.8880,Peru,-75.311132,-10.151093,1.0,country:1.00,matched,2026-04-27T16:47:00Z,pe
309378,The Michael C. Rockefeller Wing,450,||||||Peru||Moche||,Peru,country,0.7,True,country.8880,Peru,-75.311132,-10.151093,1.0,country:1.00,matched,2026-04-27T16:47:00Z,pe
309379,The Michael C. Rockefeller Wing,350,||||||Peru||Moche||,Peru,country,0.7,True,country.8880,Peru,-75.311132,-10.151093,1.0,country:1.00,matched,2026-04-27T16:47:00Z,pe
309380,The Michael C. Rockefeller Wing,650,||||||Peru||Nasca (?)||,Peru,country,0.7,True,country.8880,Peru,-75.311132,-10.151093,1.0,country:1.00,matched,2026-04-27T16:47:00Z,pe
309385,The Michael C. Rockefeller Wing,450,||Ancash||||Peru||Recuay||,"Ancash, Peru, Peru",state||country,0.72,True,region.50352,"Ancash, Peru",-77.528998,-9.529851,1.0,region:1.00,matched,2026-04-27T16:46:28Z,pe
309386,The Michael C. Rockefeller Wing,200,||Piura||||Peru||Vicús||,"Piura, Peru, Peru",state||country,0.72,True,place.9750704,"Piura district, Piura, Peru",-80.627815,-5.197304,0.666667,place:0.67,matched,2026-04-27T16:47:00Z,pe
309387,The Michael C. Rockefeller Wing,200,||||||Peru||Vicús||,Peru,country,0.7,True,country.8880,Peru,-75.311132,-10.151093,1.0,country:1.00,matched,2026-04-27T16:47:00Z,pe
309388,The Michael C. Rockefeller Wing,350,||||North Coast||Peru||Moche||,Peru,country,0.7,True,country.8880,Peru,-75.311132,-10.151093,1.0,country:1.00,matched,2026-04-27T16:47:00Z,pe
309389,The Michael C. Rockefeller Wing,1467,||||||Peru||Inca||,Peru,country,0.7,True,country.8880,Peru,-75.311132,-10.151093,1.0,country:1.00,matched,2026-04-27T16:47:00Z,pe
309396,The Michael C. Rockefeller Wing,1475,||||||Peru||Inca||,Peru,country,0.7,True,country.8880,Peru,-75.311132,-10.151093,1.0,country:1.00,matched,2026-04-27T16:47:00Z,pe
309397,The Michael C. Rockefeller Wing,1475,||||||Peru||Inca||,Peru,country,0.7,True,country.8880,Peru,-75.311132,-10.151093,1.0,country:1.00,matched,2026-04-27T16:47:00Z,pe
309399,The Michael C. Rockefeller Wing,1475,||||||Peru||Inca||,Peru,country,0.7,True,country.8880,Peru,-75.311132,-10.151093,1.0,country:1.00,matched,2026-04-27T16:47:00Z,pe
309400,The Michael C. Rockefeller Wing,1250,||||||Peru||Chancay||,Peru,country,0.7,True,country.8880,Peru,-75.311132,-10.151093,1.0,country:1.00,matched,2026-04-27T16:47:00Z,pe
309401,The Michael C. Rockefeller Wing,1475,||||||Peru||Inca||,Peru,country,0.7,True,country.8880,Peru,-75.311132,-10.151093,1.0,country:1.00,matched,2026-04-27T16:47:00Z,pe
309436,The Michael C. Rockefeller Wing,500,||||||Peru||Moche||,Peru,country,0.7,True,country.8880,Peru,-75.311132,-10.151093,1.0,country:1.00,matched,2026-04-27T16:47:00Z,pe
309437,The Michael C. Rockefeller Wing,500,||||||Peru||Moche||,Peru,country,0.7,True,country.8880,Peru,-75.311132,-10.151093,1.0,country:1.00,matched,2026-04-27T16:47:00Z,pe
309438,The Michael C. Rockefeller Wing,500,||||||Peru||Moche||,Peru,country,0.7,True,country.8880,Peru,-75.311132,-10.151093,1.0,country:1.00,matched,2026-04-27T16:47:00Z,pe
309439,The Michael C. Rockefeller Wing,500,||||||Peru||Moche||,Peru,country,0.7,True,country.8880,Peru,-75.311132,-10.151093,1.0,country:1.00,matched,2026-04-27T16:47:00Z,pe
309440,The Michael C. Rockefeller Wing,650,||||||Peru||Moche||,Peru,country,0.7,True,country.8880,Peru,-75.311132,-10.151093,1.0,country:1.00,matched,2026-04-27T16:47:00Z,pe
309441,The Michael C. Rockefeller Wing,500,||||||Peru||Moche||,Peru,country,0.7,True,country.8880,Peru,-75.311132,-10.151093,1.0,country:1.00,matched,2026-04-27T16:47:00Z,pe
309442,The Michael C. Rockefeller Wing,500,||||||Peru||Moche||,Peru,country,0.7,True,country.8880,Peru,-75.311132,-10.151093,1.0,country:1.00,matched,2026-04-27T16:47:00Z,pe
309443,The Michael C. Rockefeller Wing,550,||||||Peru||Moche||,Peru,country,0.7,True,country.8880,Peru,-75.311132,-10.151093,1.0,country:1.00,matched,2026-04-27T16:47:00Z,pe
309444,The Michael C. Rockefeller Wing,600,||||||Peru||Moche||,Peru,country,0.7,True,country.8880,Peru,-75.311132,-10.151093,1.0,country:1.00,matched,2026-04-27T16:47:00Z,pe
309445,The Michael C. Rockefeller Wing,550,||||||Peru||Moche||,Peru,country,0.7,True,country.8880,Peru,-75.311132,-10.151093,1.0,country:1.00,matched,2026-04-27T16:47:00Z,pe
309446,The Michael C. Rockefeller Wing,500,||||||Peru||Moche||,Peru,country,0.7,True,country.8880,Peru,-75.311132,-10.151093,1.0,country:1.00,matched,2026-04-27T16:47:00Z,pe
309447,The Michael C. Rockefeller Wing,500,||||||Peru||Moche||,Peru,country,0.7,True,country.8880,Peru,-75.311132,-10.151093,1.0,country:1.00,matched,2026-04-27T16:47:00Z,pe
309468,The Michael C. Rockefeller Wing,-145,||||South Coast||Peru||Paracas||,Peru,country,0.7,True,country.8880,Peru,-75.311132,-10.151093,1.0,country:1.00,matched,2026-04-27T16:47:00Z,pe
309469,The Michael C. Rockefeller Wing,-275,||||South Coast||Peru||Paracas||,Peru,country,0.7,True,country.8880,Peru,-75.311132,-10.151093,1.0,country:1.00,matched,2026-04-27T16:47:00Z,pe
309470,The Michael C. Rockefeller Wing,-275,||||South Coast||Peru||Paracas||,Peru,country,0.7,True,country.8880,Peru,-75.311132,-10.151093,1.0,country:1.00,matched,2026-04-27T16:47:00Z,pe
309482,The Michael C. Rockefeller Wing,500,||||||Peru||Moche||,Peru,country,0.7,True,country.8880,Peru,-75.311132,-10.151093,1.0,country:1.00,matched,2026-04-27T16:47:00Z,pe
309484,The Michael C. Rockefeller Wing,500,||||||Peru||Moche||,Peru,country,0.7,True,country.8880,Peru,-75.311132,-10.151093,1.0,country:1.00,matched,2026-04-27T16:47:00Z,pe
309485,The Michael C. Rockefeller Wing,550,||||||Peru||Moche (?)||,Peru,country,0.7,True,country.8880,Peru,-75.311132,-10.151093,1.0,country:1.00,matched,2026-04-27T16:47:00Z,pe
309486,The Michael C. Rockefeller Wing,500,||||||Peru||Moche||,Peru,country,0.7,True,country.8880,Peru,-75.311132,-10.151093,1.0,country:1.00,matched,2026-04-27T16:47:00Z,pe
309487,The Michael C. Rockefeller Wing,500,||||||Peru||Moche||,Peru,country,0.7,True,country.8880,Peru,-75.311132,-10.151093,1.0,country:1.00,matched,2026-04-27T16:47:00Z,pe
309490,The Michael C. Rockefeller Wing,400,||||||Peru||Moche||,Peru,country,0.7,True,country.8880,Peru,-75.311132,-10.151093,1.0,country:1.00,matched,2026-04-27T16:47:00Z,pe
309492,The Michael C. Rockefeller Wing,400,||||||Peru||Moche||,Peru,country,0.7,True,country.8880,Peru,-75.311132,-10.151093,1.0,country:1.00,matched,2026-04-27T16:47:00Z,pe
309494,The Michael C. Rockefeller Wing,400,||||||Peru||Moche||,Peru,country,0.7,True,country.8880,Peru,-75.311132,-10.151093,1.0,country:1.00,matched,2026-04-27T16:47:00Z,pe
309495,The Michael C. Rockefeller Wing,400,||||||Peru||Moche||,Peru,country,0.7,True,country.8880,Peru,-75.311132,-10.151093,1.0,country:1.00,matched,2026-04-27T16:47:00Z,pe
309496,The Michael C. Rockefeller Wing,450,||||||Peru||Moche||,Peru,country,0.7,True,country.8880,Peru,-75.311132,-10.151093,1.0,country:1.00,matched,2026-04-27T16:47:00Z,pe
309497,The Michael C. Rockefeller Wing,400,||||||Peru||Moche||,Peru,country,0.7,True,country.8880,Peru,-75.311132,-10.151093,1.0,country:1.00,matched,2026-04-27T16:47:00Z,pe
309498,The Michael C. Rockefeller Wing,550,||||||Peru||Moche||,Peru,country,0.7,True,country.8880,Peru,-75.311132,-10.151093,1.0,country:1.00,matched,2026-04-27T16:47:00Z,pe
309499,The Michael C. Rockefeller Wing,200,||||||Peru||Moche||,Peru,country,0.7,True,country.8880,Peru,-75.311132,-10.151093,1.0,country:1.00,matched,2026-04-27T16:47:00Z,pe
309501,The Michael C. Rockefeller Wing,200,||||||Peru||Moche||,Peru,country,0.7,True,country.8880,Peru,-75.311132,-10.151093,1.0,country:1.00,matched,2026-04-27T16:47:00Z,pe
309502,The Michael C. Rockefeller Wing,200,||||||Peru||Moche||,Peru,country,0.7,True,country.8880,Peru,-75.311132,-10.151093,1.0,country:1.00,matched,2026-04-27T16:47:00Z,pe
309503,The Michael C. Rockefeller Wing,850,||||North Coast||Peru||Wari artist(s)||,Peru,country,0.7,True,country.8880,Peru,-75.311132,-10.151093,1.0,country:1.00,matched,2026-04-27T16:47:00Z,pe
309504,The Michael C. Rockefeller Wing,500,||||||Peru||Moche||,Peru,country,0.7,True,country.8880,Peru,-75.311132,-10.151093,1.0,country:1.00,matched,2026-04-27T16:47:00Z,pe
309508,The Michael C. Rockefeller Wing,-1000,||||North Coast||Peru||Cupisnique||,Peru,country,0.7,True,country.8880,Peru,-75.311132,-10.151093,1.0,country:1.00,matched,2026-04-27T16:47:00Z,pe
309509,The Michael C. Rockefeller Wing,-1000,||||North Coast||Peru||Cupisnique||,Peru,country,0.7,True,country.8880,Peru,-75.311132,-10.151093,1.0,country:1.00,matched,2026-04-27T16:47:00Z,pe
309510,The Michael C. Rockefeller Wing,-1000,||||||Peru||Cupisnique||,Peru,country,0.7,True,country.8880,Peru,-75.311132,-10.151093,1.0,country:1.00,matched,2026-04-27T16:47:00Z,pe
309512,The Michael C. Rockefeller Wing,-800,||||||Peru||Cupisnique||,Peru,country,0.7,True,country.8880,Peru,-75.311132,-10.151093,1.0,country:1.00,matched,2026-04-27T16:47:00Z,pe
309513,The Michael C. Rockefeller Wing,-800,||||||Peru||Cupisnique||,Peru,country,0.7,True,country.8880,Peru,-75.311132,-10.151093,1.0,country:1.00,matched,2026-04-27T16:47:00Z,pe
309514,The Michael C. Rockefeller Wing,-800,||||||Peru||Cupisnique (?)||,Peru,country,0.7,True,country.8880,Peru,-75.311132,-10.151093,1.0,country:1.00,matched,2026-04-27T16:47:00Z,pe
309516,The Michael C. Rockefeller Wing,-800,||||||Peru||Cupisnique||,Peru,country,0.7,True,country.8880,Peru,-75.311132,-10.151093,1.0,country:1.00,matched,2026-04-27T16:47:00Z,pe
309517,The Michael C. Rockefeller Wing,-800,||||||Peru||Cupisnique||,Peru,country,0.7,True,country.8880,Peru,-75.311132,-10.151093,1.0,country:1.00,matched,2026-04-27T16:47:00Z,pe
309518,The Michael C. Rockefeller Wing,-1000,||||North Coast||Peru||Cupisnique||,Peru,country,0.7,True,country.8880,Peru,-75.311132,-10.151093,1.0,country:1.00,matched,2026-04-27T16:47:00Z,pe
309519,The Michael C. Rockefeller Wing,-1000,||||North Coast||Peru||Cupisnique||,Peru,country,0.7,True,country.8880,Peru,-75.311132,-10.151093,1.0,country:1.00,matched,2026-04-27T16:47:00Z,pe
309521,The Michael C. Rockefeller Wing,-800,||||||Peru||Cupisnique||,Peru,country,0.7,True,country.8880,Peru,-75.311132,-10.151093,1.0,country:1.00,matched,2026-04-27T16:47:00Z,pe
309523,The Michael C. Rockefeller Wing,-800,||||||Peru||Cupisnique||,Peru,country,0.7,True,country.8880,Peru,-75.311132,-10.151093,1.0,country:1.00,matched,2026-04-27T16:47:00Z,pe
309525,The Michael C. Rockefeller Wing,50,Comala||Colima||Mesoamerica||Mexico||Colima||,"Comala, Colima, Mexico, Mexico",city||state||country,0.95,True,place.6899871,"Comala, Colima, Mexico",-103.75812,19.32317,0.75,place:0.75,matched,2026-04-27T16:46:36Z,mx
309713,The Michael C. Rockefeller Wing,400,||||Mesoamerica||Guatemala||Maya||,"Mesoamerica, Guatemala",region||country,0.7,True,country.8797,Guatemala,-90.390002,15.605589,0.5,country:0.50,matched,2026-04-27T16:46:53Z,gt
309717,The Michael C. Rockefeller Wing,300,||||South Coast||Peru||Nasca||,Peru,country,0.7,True,country.8880,Peru,-75.311132,-10.151093,1.0,country:1.00,matched,2026-04-27T16:47:00Z,pe
309728,The Michael C. Rockefeller Wing,350,||||||Peru||Nasca||,Peru,country,0.7,True,country.8880,Peru,-75.311132,-10.151093,1.0,country:1.00,matched,2026-04-27T16:47:00Z,pe
309730,The Michael C. Rockefeller Wing,350,||||||Peru||Nasca||,Peru,country,0.7,True,country.8880,Peru,-75.311132,-10.151093,1.0,country:1.00,matched,2026-04-27T16:47:00Z,pe
309731,The Michael C. Rockefeller Wing,350,||||||Peru||Nasca||,Peru,country,0.7,True,country.8880,Peru,-75.311132,-10.151093,1.0,country:1.00,matched,2026-04-27T16:47:00Z,pe
309735,The Michael C. Rockefeller Wing,1500,||||||Peru||Ica||,Peru,country,0.7,True,country.8880,Peru,-75.311132,-10.151093,1.0,country:1.00,matched,2026-04-27T16:47:00Z,pe
309741,The Michael C. Rockefeller Wing,450,||||||Peru||Nasca||,Peru,country,0.7,True,country.8880,Peru,-75.311132,-10.151093,1.0,country:1.00,matched,2026-04-27T16:47:00Z,pe
309746,The Michael C. Rockefeller Wing,300,||||||Peru||Vicús||,Peru,country,0.7,True,country.8880,Peru,-75.311132,-10.151093,1.0,country:1.00,matched,2026-04-27T16:47:00Z,pe
309747,The Michael C. Rockefeller Wing,300,||||||Peru||Vicús||,Peru,country,0.7,True,country.8880,Peru,-75.311132,-10.151093,1.0,country:1.00,matched,2026-04-27T16:47:00Z,pe
309751,The Michael C. Rockefeller Wing,950,||||||Peru||Lambayeque (Sicán)||,Peru,country,0.7,True,country.8880,Peru,-75.311132,-10.151093,1.0,country:1.00,matched,2026-04-27T16:47:00Z,pe
309752,The Michael C. Rockefeller Wing,1000,||||North Coast||Peru||Lambayeque (Sicán)||,Peru,country,0.7,True,country.8880,Peru,-75.311132,-10.151093,1.0,country:1.00,matched,2026-04-27T16:47:00Z,pe
309753,The Michael C. Rockefeller Wing,1450,||||||Peru||Inca or Chimú||,Peru,country,0.7,True,country.8880,Peru,-75.311132,-10.151093,1.0,country:1.00,matched,2026-04-27T16:47:00Z,pe
309756,The Michael C. Rockefeller Wing,350,||||||Peru||Nasca||,Peru,country,0.7,True,country.8880,Peru,-75.311132,-10.151093,1.0,country:1.00,matched,2026-04-27T16:47:00Z,pe
309757,The Michael C. Rockefeller Wing,350,||||||Peru||Nasca||,Peru,country,0.7,True,country.8880,Peru,-75.311132,-10.151093,1.0,country:1.00,matched,2026-04-27T16:47:00Z,pe
309759,The Michael C. Rockefeller Wing,1250,||||||Colombia||Quimbaya||,Colombia,country,0.7,True,country.8754,Colombia,-73.129056,3.065088,1.0,country:1.00,matched,2026-04-27T16:46:36Z,co
309760,The Michael C. Rockefeller Wing,1500,||||||Peru||Inca||,Peru,country,0.7,True,country.8880,Peru,-75.311132,-10.151093,1.0,country:1.00,matched,2026-04-27T16:47:00Z,pe
310192,The Michael C. Rockefeller Wing,550,||||||Peru||Moche||,Peru,country,0.7,True,country.8880,Peru,-75.311132,-10.151093,1.0,country:1.00,matched,2026-04-27T16:47:00Z,pe
310193,The Michael C. Rockefeller Wing,550,||||||Peru||Moche||,Peru,country,0.7,True,country.8880,Peru,-75.311132,-10.151093,1.0,country:1.00,matched,2026-04-27T16:47:00Z,pe
310194,The Michael C. Rockefeller Wing,1400,||||||Peru||Chimú||,Peru,country,0.7,True,country.8880,Peru,-75.311132,-10.151093,1.0,country:1.00,matched,2026-04-27T16:47:00Z,pe
310195,The Michael C. Rockefeller Wing,450,||||||Peru||Moche||,Peru,country,0.7,True,country.8880,Peru,-75.311132,-10.151093,1.0,country:1.00,matched,2026-04-27T16:47:00Z,pe
310196,The Michael C. Rockefeller Wing,400,||||||Peru||Moche||,Peru,country,0.7,True,country.8880,Peru,-75.311132,-10.151093,1.0,country:1.00,matched,2026-04-27T16:47:00Z,pe
310197,The Michael C. Rockefeller Wing,400,||||||Peru||Moche||,Peru,country,0.7,True,country.8880,Peru,-75.311132,-10.151093,1.0,country:1.00,matched,2026-04-27T16:47:00Z,pe
310198,The Michael C. Rockefeller Wing,400,||||||Peru||Moche||,Peru,country,0.7,True,country.8880,Peru,-75.311132,-10.151093,1.0,country:1.00,matched,2026-04-27T16:47:00Z,pe
310199,The Michael C. Rockefeller Wing,400,||||||Peru||Moche||,Peru,country,0.7,True,country.8880,Peru,-75.311132,-10.151093,1.0,country:1.00,matched,2026-04-27T16:47:00Z,pe
310201,The Michael C. Rockefeller Wing,550,||||||Peru||Moche||,Peru,country,0.7,True,country.8880,Peru,-75.311132,-10.151093,1.0,country:1.00,matched,2026-04-27T16:47:00Z,pe
310202,The Michael C. Rockefeller Wing,550,||||||Peru||Moche||,Peru,country,0.7,True,country.8880,Peru,-75.311132,-10.151093,1.0,country:1.00,matched,2026-04-27T16:47:00Z,pe
310203,The Michael C. Rockefeller Wing,300,||||||Peru||Moche||,Peru,country,0.7,True,country.8880,Peru,-75.311132,-10.151093,1.0,country:1.00,matched,2026-04-27T16:47:00Z,pe
310205,The Michael C. Rockefeller Wing,1400,||||||Peru||Inca-Chimú||,Peru,country,0.7,True,country.8880,Peru,-75.311132,-10.151093,1.0,country:1.00,matched,2026-04-27T16:47:00Z,pe
310206,The Michael C. Rockefeller Wing,1300,||||||Peru||Chimú||,Peru,country,0.7,True,country.8880,Peru,-75.311132,-10.151093,1.0,country:1.00,matched,2026-04-27T16:47:00Z,pe
310207,The Michael C. Rockefeller Wing,500,||||||Peru||Moche||,Peru,country,0.7,True,country.8880,Peru,-75.311132,-10.151093,1.0,country:1.00,matched,2026-04-27T16:47:00Z,pe
310208,The Michael C. Rockefeller Wing,-550,||||||Peru||Paracas||,Peru,country,0.7,True,country.8880,Peru,-75.311132,-10.151093,1.0,country:1.00,matched,2026-04-27T16:47:00Z,pe
310209,The Michael C. Rockefeller Wing,-450,||||||Peru||Paracas||,Peru,country,0.7,True,country.8880,Peru,-75.311132,-10.151093,1.0,country:1.00,matched,2026-04-27T16:47:00Z,pe
310214,The Michael C. Rockefeller Wing,-450,||||||Peru||Paracas||,Peru,country,0.7,True,country.8880,Peru,-75.311132,-10.151093,1.0,country:1.00,matched,2026-04-27T16:47:00Z,pe
310215,The Michael C. Rockefeller Wing,-450,||||||Peru||Paracas||,Peru,country,0.7,True,country.8880,Peru,-75.311132,-10.151093,1.0,country:1.00,matched,2026-04-27T16:47:00Z,pe
310218,The Michael C. Rockefeller Wing,-550,||||||Peru||Paracas||,Peru,country,0.7,True,country.8880,Peru,-75.311132,-10.151093,1.0,country:1.00,matched,2026-04-27T16:47:00Z,pe
310219,The Michael C. Rockefeller Wing,-50,||||||Peru||Topará||,Peru,country,0.7,True,country.8880,Peru,-75.311132,-10.151093,1.0,country:1.00,matched,2026-04-27T16:47:00Z,pe
310220,The Michael C. Rockefeller Wing,-450,||||||Peru||Paracas||,Peru,country,0.7,True,country.8880,Peru,-75.311132,-10.151093,1.0,country:1.00,matched,2026-04-27T16:47:00Z,pe
310221,The Michael C. Rockefeller Wing,-50,||||South Coast||Peru||Topará||,Peru,country,0.7,True,country.8880,Peru,-75.311132,-10.151093,1.0,country:1.00,matched,2026-04-27T16:47:00Z,pe
310227,The Michael C. Rockefeller Wing,-50,||||South Coast||Peru||Topará||,Peru,country,0.7,True,country.8880,Peru,-75.311132,-10.151093,1.0,country:1.00,matched,2026-04-27T16:47:00Z,pe
310231,The Michael C. Rockefeller Wing,50,||||||Peru||Moche||,Peru,country,0.7,True,country.8880,Peru,-75.311132,-10.151093,1.0,country:1.00,matched,2026-04-27T16:47:00Z,pe
310232,The Michael C. Rockefeller Wing,50,||||||Peru||Moche||,Peru,country,0.7,True,country.8880,Peru,-75.311132,-10.151093,1.0,country:1.00,matched,2026-04-27T16:47:00Z,pe
310355,The Michael C. Rockefeller Wing,-1000,||||Mesoamerica||Mexico||Tlatilco||,"Mesoamerica, Mexico",region||country,0.7,True,country.8863,Mexico,-102.532867,23.950464,0.5,country:0.50,matched,2026-04-27T16:46:53Z,mx
310358,The Michael C. Rockefeller Wing,350,||||||Peru||Nasca||,Peru,country,0.7,True,country.8880,Peru,-75.311132,-10.151093,1.0,country:1.00,matched,2026-04-27T16:47:00Z,pe
310359,The Michael C. Rockefeller Wing,350,||||||Peru||Nasca||,Peru,country,0.7,True,country.8880,Peru,-75.311132,-10.151093,1.0,country:1.00,matched,2026-04-27T16:47:00Z,pe
310361,The Michael C. Rockefeller Wing,50,||Colima||Mesoamerica||Mexico||Colima||,"Colima, Mexico, Mexico",state||country,0.72,True,region.255135,"Mexico, Mexico",-99.724084,19.642105,0.666667,region:0.67,matched,2026-04-27T16:46:35Z,mx
310363,The Michael C. Rockefeller Wing,300,||||||Peru||Moche||,Peru,country,0.7,True,country.8880,Peru,-75.311132,-10.151093,1.0,country:1.00,matched,2026-04-27T16:47:00Z,pe
310364,The Michael C. Rockefeller Wing,700,||||||||Maya||,Guatemala,culture,0.55,True,country.8797,Guatemala,-90.390002,15.605589,1.0,country:1.00,matched,2026-04-27T16:46:44Z,gt
310384,The Michael C. Rockefeller Wing,1350,Bandiagara Escarpment||||||Mali||Tellem peoples||,"Bandiagara Escarpment, Mali",city||country,0.88,True,place.51759251,"Bandiagara, Mopti, Mali",-3.608384,14.35225,0.666667,place:0.67,matched,2026-04-27T16:46:29Z,ml
310387,The Michael C. Rockefeller Wing,1750,||||||Mali||Dogon peoples||,Mali,country,0.7,True,country.8851,Mali,-1.252145,17.350335,1.0,country:1.00,matched,2026-04-27T16:46:51Z,ml
310465,The Michael C. Rockefeller Wing,1250,||||||Peru||Lambayeque (Sicán)||,Peru,country,0.7,True,country.8880,Peru,-75.311132,-10.151093,1.0,country:1.00,matched,2026-04-27T16:47:00Z,pe
310466,The Michael C. Rockefeller Wing,1137,||||North Coast||Peru||Lambayeque (Sicán)||,Peru,country,0.7,True,country.8880,Peru,-75.311132,-10.151093,1.0,country:1.00,matched,2026-04-27T16:47:00Z,pe
310481,The Michael C. Rockefeller Wing,-450,||||||Peru||Paracas||,Peru,country,0.7,True,country.8880,Peru,-75.311132,-10.151093,1.0,country:1.00,matched,2026-04-27T16:47:00Z,pe
310494,The Michael C. Rockefeller Wing,-800,||||Chicama Valley||Peru||Cupisnique||,"Chicama Valley, Peru, Peru",region||country,0.7,True,place.2599088,"Chicama, La Libertad, Peru",-79.151054,-7.840456,0.592593,place:0.59,matched,2026-04-27T16:46:33Z,pe
310496,The Michael C. Rockefeller Wing,-650,||||North Coast||Peru||Cupisnique||,Peru,country,0.7,True,country.8880,Peru,-75.311132,-10.151093,1.0,country:1.00,matched,2026-04-27T16:47:00Z,pe
310497,The Michael C. Rockefeller Wing,1300,||||||Peru||Chimú||,Peru,country,0.7,True,country.8880,Peru,-75.311132,-10.151093,1.0,country:1.00,matched,2026-04-27T16:47:00Z,pe
310509,The Michael C. Rockefeller Wing,150,South Coast||||||Peru||Nasca||,Peru,country,0.7,True,country.8880,Peru,-75.311132,-10.151093,1.0,country:1.00,matched,2026-04-27T16:47:00Z,pe
310512,The Michael C. Rockefeller Wing,-200,||||||Peru||Topará||,Peru,country,0.7,True,country.8880,Peru,-75.311132,-10.151093,1.0,country:1.00,matched,2026-04-27T16:47:00Z,pe
310517,The Michael C. Rockefeller Wing,300,||||South Coast||Peru||Nasca||,Peru,country,0.7,True,country.8880,Peru,-75.311132,-10.151093,1.0,country:1.00,matched,2026-04-27T16:47:00Z,pe
310520,The Michael C. Rockefeller Wing,1467,||||||Peru||Inca||,Peru,country,0.7,True,country.8880,Peru,-75.311132,-10.151093,1.0,country:1.00,matched,2026-04-27T16:47:00Z,pe
310521,The Michael C. Rockefeller Wing,599,||||||Peru||Moche||,Peru,country,0.7,True,country.8880,Peru,-75.311132,-10.151093,1.0,country:1.00,matched,2026-04-27T16:47:00Z,pe
310522,The Michael C. Rockefeller Wing,650,||||North Coast||Peru||Moche||,Peru,country,0.7,True,country.8880,Peru,-75.311132,-10.151093,1.0,country:1.00,matched,2026-04-27T16:47:00Z,pe
310523,The Michael C. Rockefeller Wing,400,||||||Peru||Moche||,Peru,country,0.7,True,country.8880,Peru,-75.311132,-10.151093,1.0,country:1.00,matched,2026-04-27T16:47:00Z,pe
310538,The Michael C. Rockefeller Wing,-450,||||Ica Valley||Peru||Paracas||,"Ica Valley, Peru, Peru",region||country,0.7,True,place.5556400,"Ica District, Ica, Peru",-75.729645,-14.063716,0.592593,place:0.59,matched,2026-04-27T16:46:45Z,pe
310542,The Michael C. Rockefeller Wing,450,||||Mesoamerica||Guatemala or Mexico||Maya||,"Mesoamerica, Guatemala",region||country,0.5,True,country.8797,Guatemala,-90.390002,15.605589,0.5,country:0.50,matched,2026-04-27T16:46:53Z,gt
310543,The Michael C. Rockefeller Wing,200,||||South Coast||Peru||Nasca||,Peru,country,0.7,True,country.8880,Peru,-75.311132,-10.151093,1.0,country:1.00,matched,2026-04-27T16:47:00Z,pe
310544,The Michael C. Rockefeller Wing,350,||||||Peru||Nasca||,Peru,country,0.7,True,country.8880,Peru,-75.311132,-10.151093,1.0,country:1.00,matched,2026-04-27T16:47:00Z,pe
310547,The Michael C. Rockefeller Wing,-450,||||Ica Valley||Peru||Paracas||,"Ica Valley, Peru, Peru",region||country,0.7,True,place.5556400,"Ica District, Ica, Peru",-75.729645,-14.063716,0.592593,place:0.59,matched,2026-04-27T16:46:45Z,pe
310550,The Michael C. Rockefeller Wing,-50,||||||Peru||Topará||,Peru,country,0.7,True,country.8880,Peru,-75.311132,-10.151093,1.0,country:1.00,matched,2026-04-27T16:47:00Z,pe
310556,The Michael C. Rockefeller Wing,-1000,||Puebla||Mesoamerica||Mexico||Olmec||,"Puebla, Mexico, Mexico",state||country,0.72,True,place.21481631,"Puebla, Puebla, Mexico",-98.19906,19.043692,0.666667,place:0.67,matched,2026-04-27T16:47:01Z,mx
310568,The Michael C. Rockefeller Wing,825,||||||Peru||Wari||,Peru,country,0.7,True,country.8880,Peru,-75.311132,-10.151093,1.0,country:1.00,matched,2026-04-27T16:47:00Z,pe
310589,The Michael C. Rockefeller Wing,1210,||Veracruz||Mesoamerica||Mexico||Huastec||,"Veracruz, Mexico, Mexico",state||country,0.72,True,place.37464223,"Veracruz, Veracruz, Mexico",-96.1379,19.198362,0.666667,place:0.67,matched,2026-04-27T16:47:14Z,mx
310594,The Michael C. Rockefeller Wing,450,||Ancash||||Peru||Recuay||,"Ancash, Peru, Peru",state||country,0.72,True,region.50352,"Ancash, Peru",-77.528998,-9.529851,1.0,region:1.00,matched,2026-04-27T16:46:28Z,pe
310601,The Michael C. Rockefeller Wing,450,||Ancash||||Peru||Recuay||,"Ancash, Peru, Peru",state||country,0.72,True,region.50352,"Ancash, Peru",-77.528998,-9.529851,1.0,region:1.00,matched,2026-04-27T16:46:28Z,pe
310602,The Michael C. Rockefeller Wing,550,||Oaxaca||Mesoamerica||Mexico||Monte Alban||,"Oaxaca, Mexico, Mexico",state||country,0.72,True,place.40880287,"Oaxaca, Oaxaca, Mexico",-96.72438,17.062824,0.666667,place:0.67,matched,2026-04-27T16:46:57Z,mx
310603,The Michael C. Rockefeller Wing,1100,||Veracruz||Mesoamerica||Mexico||Huastec||,"Veracruz, Mexico, Mexico",state||country,0.72,True,place.37464223,"Veracruz, Veracruz, Mexico",-96.1379,19.198362,0.666667,place:0.67,matched,2026-04-27T16:47:14Z,mx
310607,The Michael C. Rockefeller Wing,600,||||Mesoamerica||Guatemala||Maya||,"Mesoamerica, Guatemala",region||country,0.7,True,country.8797,Guatemala,-90.390002,15.605589,0.5,country:0.50,matched,2026-04-27T16:46:53Z,gt
310645,The Michael C. Rockefeller Wing,450,||||||Peru||Moche||,Peru,country,0.7,True,country.8880,Peru,-75.311132,-10.151093,1.0,country:1.00,matched,2026-04-27T16:47:00Z,pe
310652,The Michael C. Rockefeller Wing,-900,||||Tembladera||Peru||Cupisnique||,"Tembladera, Peru, Peru",region||country,0.7,True,country.8880,Peru,-75.311132,-10.151093,0.425926,country:0.43,matched,2026-04-27T16:47:09Z,pe
310654,The Michael C. Rockefeller Wing,-1000,||||North Coast||Peru||Cupisnique||,Peru,country,0.7,True,country.8880,Peru,-75.311132,-10.151093,1.0,country:1.00,matched,2026-04-27T16:47:00Z,pe
310662,The Michael C. Rockefeller Wing,-1000,Tembladera||||North Coast||Peru||Cupisnique||,"Tembladera, Peru, Peru",city||country,0.88,True,country.8880,Peru,-75.311132,-10.151093,0.425926,country:0.43,matched,2026-04-27T16:47:09Z,pe
310673,The Michael C. Rockefeller Wing,50,||Colima||Mesoamerica||Mexico||Colima||,"Colima, Mexico, Mexico",state||country,0.72,True,region.255135,"Mexico, Mexico",-99.724084,19.642105,0.666667,region:0.67,matched,2026-04-27T16:46:35Z,mx
310675,The Michael C. Rockefeller Wing,1450,||Arizona||||United States||Ancestral Pueblo||,"Arizona, United States",state||country,0.72,True,region.394476,"Arizona, United States",-111.422128,34.220261,1.0,region:1.00,matched,2026-04-27T16:46:28Z,us
310704,The Michael C. Rockefeller Wing,-200,||||||Peru||Nasca||,Peru,country,0.7,True,country.8880,Peru,-75.311132,-10.151093,1.0,country:1.00,matched,2026-04-27T16:47:00Z,pe
310716,The Michael C. Rockefeller Wing,-1000,||||Mesoamerica||Mexico||Tlatilco||,"Mesoamerica, Mexico",region||country,0.7,True,country.8863,Mexico,-102.532867,23.950464,0.5,country:0.50,matched,2026-04-27T16:46:53Z,mx
312157,The Michael C. Rockefeller Wing,-1000,||||Mesoamerica||Mexico||Olmec||,"Mesoamerica, Mexico",region||country,0.7,True,country.8863,Mexico,-102.532867,23.950464,0.5,country:0.50,matched,2026-04-27T16:46:53Z,mx
312158,The Michael C. Rockefeller Wing,-1000,||||Mesoamerica||Mexico||Olmec||,"Mesoamerica, Mexico",region||country,0.7,True,country.8863,Mexico,-102.532867,23.950464,0.5,country:0.50,matched,2026-04-27T16:46:53Z,mx
312160,The Michael C. Rockefeller Wing,50,||Colima||||Mexico||Colima||,"Colima, Mexico, Mexico",state||country,0.72,True,region.255135,"Mexico, Mexico",-99.724084,19.642105,0.666667,region:0.67,matched,2026-04-27T16:46:35Z,mx
312161,The Michael C. Rockefeller Wing,300,||||Mesoamerica||Mexico||Teotihuacan||,"Mesoamerica, Mexico",region||country,0.7,True,country.8863,Mexico,-102.532867,23.950464,0.5,country:0.50,matched,2026-04-27T16:46:53Z,mx
312165,The Michael C. Rockefeller Wing,150,||||||Peru||Viru||,Peru,country,0.7,True,country.8880,Peru,-75.311132,-10.151093,1.0,country:1.00,matched,2026-04-27T16:47:00Z,pe
312486,The Michael C. Rockefeller Wing,350,||||||Peru||Nasca||,Peru,country,0.7,True,country.8880,Peru,-75.311132,-10.151093,1.0,country:1.00,matched,2026-04-27T16:47:00Z,pe
312570,The Michael C. Rockefeller Wing,50,||Colima||Mesoamerica||Mexico||Colima||,"Colima, Mexico, Mexico",state||country,0.72,True,region.255135,"Mexico, Mexico",-99.724084,19.642105,0.666667,region:0.67,matched,2026-04-27T16:46:35Z,mx
312571,The Michael C. Rockefeller Wing,50,||Colima||Mesoamerica||Mexico||Colima||,"Colima, Mexico, Mexico",state||country,0.72,True,region.255135,"Mexico, Mexico",-99.724084,19.642105,0.666667,region:0.67,matched,2026-04-27T16:46:35Z,mx
312572,The Michael C. Rockefeller Wing,50,||Colima||Mesoamerica||Mexico||Colima||,"Colima, Mexico, Mexico",state||country,0.72,True,region.255135,"Mexico, Mexico",-99.724084,19.642105,0.666667,region:0.67,matched,2026-04-27T16:46:35Z,mx
312582,The Michael C. Rockefeller Wing,1475,||||Mesoamerica||Mexico||Mexica (Aztec)||,"Mesoamerica, Mexico",region||country,0.7,True,country.8863,Mexico,-102.532867,23.950464,0.5,country:0.50,matched,2026-04-27T16:46:53Z,mx
312586,The Michael C. Rockefeller Wing,400,||||Mesoamerica||Mexico||Teotihuacan||,"Mesoamerica, Mexico",region||country,0.7,True,country.8863,Mexico,-102.532867,23.950464,0.5,country:0.50,matched,2026-04-27T16:46:53Z,mx
312603,The Michael C. Rockefeller Wing,850,||||||Peru||Wari||,Peru,country,0.7,True,country.8880,Peru,-75.311132,-10.151093,1.0,country:1.00,matched,2026-04-27T16:47:00Z,pe
312606,The Michael C. Rockefeller Wing,-450,||||||Peru||Paracas||,Peru,country,0.7,True,country.8880,Peru,-75.311132,-10.151093,1.0,country:1.00,matched,2026-04-27T16:47:00Z,pe
312608,The Michael C. Rockefeller Wing,500,||North Coast||||Peru||Moche||,Peru,country,0.7,True,country.8880,Peru,-75.311132,-10.151093,1.0,country:1.00,matched,2026-04-27T16:47:00Z,pe
312629,The Michael C. Rockefeller Wing,100,||Oaxaca||Mesoamerica||Mexico||Monte Alban||,"Oaxaca, Mexico, Mexico",state||country,0.72,True,place.40880287,"Oaxaca, Oaxaca, Mexico",-96.72438,17.062824,0.666667,place:0.67,matched,2026-04-27T16:46:57Z,mx
312632,The Michael C. Rockefeller Wing,350,||||North Coast||Peru||Moche||,Peru,country,0.7,True,country.8880,Peru,-75.311132,-10.151093,1.0,country:1.00,matched,2026-04-27T16:47:00Z,pe
312802,The Michael C. Rockefeller Wing,-151,||Michoacan||Mesoamerica||Mexico||Chupicuaro||,"Michoacan, Mexico, Mexico",state||country,0.72,True,region.255135,"Mexico, Mexico",-99.724084,19.642105,0.666667,region:0.67,matched,2026-04-27T16:46:54Z,mx
312814,The Michael C. Rockefeller Wing,550,||Chihuahua||Mesoamerica||Mexico||Casas Grandes||,"Chihuahua, Mexico, Mexico",state||country,0.72,True,place.5228703,"Chihuahua, Chihuahua, Mexico",-106.07461,28.638037,1.0,place:1.00,matched,2026-04-27T16:46:34Z,mx
312891,The Michael C. Rockefeller Wing,900,||||||Colombia||Quimbaya||,Colombia,country,0.7,True,country.8754,Colombia,-73.129056,3.065088,1.0,country:1.00,matched,2026-04-27T16:46:36Z,co
312928,The Michael C. Rockefeller Wing,-145,"||||Ica River, South Coast||Peru||Paracas||","Ica Valley, Peru, Peru",region||country,0.7,True,place.5556400,"Ica District, Ica, Peru",-75.729645,-14.063716,0.592593,place:0.59,matched,2026-04-27T16:46:45Z,pe
312935,The Michael C. Rockefeller Wing,500,||||||Peru||Moche||,Peru,country,0.7,True,country.8880,Peru,-75.311132,-10.151093,1.0,country:1.00,matched,2026-04-27T16:47:00Z,pe
313009,The Michael C. Rockefeller Wing,1300,||||||Peru||Chimú||,Peru,country,0.7,True,country.8880,Peru,-75.311132,-10.151093,1.0,country:1.00,matched,2026-04-27T16:47:00Z,pe
313101,The Michael C. Rockefeller Wing,1400,||||||Peru||North coast (?)||,Peru,country,0.7,True,country.8880,Peru,-75.311132,-10.151093,1.0,country:1.00,matched,2026-04-27T16:47:00Z,pe
313145,The Michael C. Rockefeller Wing,-151,||Oaxaca||Mesoamerica||Mexico||Monte Alban||,"Oaxaca, Mexico, Mexico",state||country,0.72,True,place.40880287,"Oaxaca, Oaxaca, Mexico",-96.72438,17.062824,0.666667,place:0.67,matched,2026-04-27T16:46:57Z,mx
313155,The Michael C. Rockefeller Wing,50,||Colima||Mesoamerica||Mexico||Colima||,"Colima, Mexico, Mexico",state||country,0.72,True,region.255135,"Mexico, Mexico",-99.724084,19.642105,0.666667,region:0.67,matched,2026-04-27T16:46:35Z,mx
313156,The Michael C. Rockefeller Wing,50,||Colima||Mesoamerica||Mexico||Colima||,"Colima, Mexico, Mexico",state||country,0.72,True,region.255135,"Mexico, Mexico",-99.724084,19.642105,0.666667,region:0.67,matched,2026-04-27T16:46:35Z,mx
313241,The Michael C. Rockefeller Wing,700,||||Mesoamerica||Mexico||Maya||,"Mesoamerica, Mexico",region||country,0.7,True,country.8863,Mexico,-102.532867,23.950464,0.5,country:0.50,matched,2026-04-27T16:46:53Z,mx
313275,The Michael C. Rockefeller Wing,1500,||||||Peru||Inca||,Peru,country,0.7,True,country.8880,Peru,-75.311132,-10.151093,1.0,country:1.00,matched,2026-04-27T16:47:00Z,pe
313286,The Michael C. Rockefeller Wing,150,||||Mesoamerica||Mexico||Teotihuacan||,"Mesoamerica, Mexico",region||country,0.7,True,country.8863,Mexico,-102.532867,23.950464,0.5,country:0.50,matched,2026-04-27T16:46:53Z,mx
313287,The Michael C. Rockefeller Wing,1467,||||||Peru||Inca||,Peru,country,0.7,True,country.8880,Peru,-75.311132,-10.151093,1.0,country:1.00,matched,2026-04-27T16:47:00Z,pe
313289,The Michael C. Rockefeller Wing,1467,||||||Peru||Inca||,Peru,country,0.7,True,country.8880,Peru,-75.311132,-10.151093,1.0,country:1.00,matched,2026-04-27T16:47:00Z,pe
313301,The Michael C. Rockefeller Wing,350,||||||Peru||Nasca||,Peru,country,0.7,True,country.8880,Peru,-75.311132,-10.151093,1.0,country:1.00,matched,2026-04-27T16:47:00Z,pe
313302,The Michael C. Rockefeller Wing,350,||||||Peru||Nasca||,Peru,country,0.7,True,country.8880,Peru,-75.311132,-10.151093,1.0,country:1.00,matched,2026-04-27T16:47:00Z,pe
313304,The Michael C. Rockefeller Wing,300,||||||Peru||Moche||,Peru,country,0.7,True,country.8880,Peru,-75.311132,-10.151093,1.0,country:1.00,matched,2026-04-27T16:47:00Z,pe
313305,The Michael C. Rockefeller Wing,300,||||||Peru||Moche||,Peru,country,0.7,True,country.8880,Peru,-75.311132,-10.151093,1.0,country:1.00,matched,2026-04-27T16:47:00Z,pe
313307,The Michael C. Rockefeller Wing,300,||||||Peru||Moche||,Peru,country,0.7,True,country.8880,Peru,-75.311132,-10.151093,1.0,country:1.00,matched,2026-04-27T16:47:00Z,pe
313309,The Michael C. Rockefeller Wing,1300,||||||Peru||Chimú||,Peru,country,0.7,True,country.8880,Peru,-75.311132,-10.151093,1.0,country:1.00,matched,2026-04-27T16:47:00Z,pe
313314,The Michael C. Rockefeller Wing,50,||Colima||Mesoamerica||Mexico||Colima||,"Colima, Mexico, Mexico",state||country,0.72,True,region.255135,"Mexico, Mexico",-99.724084,19.642105,0.666667,region:0.67,matched,2026-04-27T16:46:35Z,mx
313320,The Michael C. Rockefeller Wing,-200,||||||Peru||Nasca||,Peru,country,0.7,True,country.8880,Peru,-75.311132,-10.151093,1.0,country:1.00,matched,2026-04-27T16:47:00Z,pe
313340,The Michael C. Rockefeller Wing,-600,||||Ica Valley||Peru||Paracas||,"Ica Valley, Peru, Peru",region||country,0.7,True,place.5556400,"Ica District, Ica, Peru",-75.729645,-14.063716,0.592593,place:0.59,matched,2026-04-27T16:46:45Z,pe
313361,The Michael C. Rockefeller Wing,350,||Chihuahua||Mesoamerica||Mexico||Casas Grandes||,"Chihuahua, Mexico, Mexico",state||country,0.72,True,place.5228703,"Chihuahua, Chihuahua, Mexico",-106.07461,28.638037,1.0,place:1.00,matched,2026-04-27T16:46:34Z,mx
313362,The Michael C. Rockefeller Wing,350,||Chihuahua||Mesoamerica||Mexico||Casas Grandes||,"Chihuahua, Mexico, Mexico",state||country,0.72,True,place.5228703,"Chihuahua, Chihuahua, Mexico",-106.07461,28.638037,1.0,place:1.00,matched,2026-04-27T16:46:34Z,mx
313363,The Michael C. Rockefeller Wing,1350,||Chihuahua||Mesoamerica||Mexico||Casas Grandes||,"Chihuahua, Mexico, Mexico",state||country,0.72,True,place.5228703,"Chihuahua, Chihuahua, Mexico",-106.07461,28.638037,1.0,place:1.00,matched,2026-04-27T16:46:34Z,mx
313397,The Michael C. Rockefeller Wing,600,||||||Peru||Moche||,Peru,country,0.7,True,country.8880,Peru,-75.311132,-10.151093,1.0,country:1.00,matched,2026-04-27T16:47:00Z,pe
314165,The Michael C. Rockefeller Wing,-750,||||||Ecuador||Chorrera||,Ecuador,country,0.7,True,country.8769,Ecuador,-78.432915,-1.160171,1.0,country:1.00,matched,2026-04-27T16:46:39Z,ec
314181,The Michael C. Rockefeller Wing,1300,||||||Ecuador||Carchi||,Ecuador,country,0.7,True,country.8769,Ecuador,-78.432915,-1.160171,1.0,country:1.00,matched,2026-04-27T16:46:39Z,ec
314197,The Michael C. Rockefeller Wing,1300,||||||Ecuador||Carchi||,Ecuador,country,0.7,True,country.8769,Ecuador,-78.432915,-1.160171,1.0,country:1.00,matched,2026-04-27T16:46:39Z,ec
314217,The Michael C. Rockefeller Wing,700,||||Mesoamerica||Mexico or Guatemala||Maya||,"Mesoamerica, Mexico",region||country,0.5,True,country.8863,Mexico,-102.532867,23.950464,0.5,country:0.50,matched,2026-04-27T16:46:53Z,mx
314364,The Michael C. Rockefeller Wing,-800,||||||Peru||Cupisnique||,Peru,country,0.7,True,country.8880,Peru,-75.311132,-10.151093,1.0,country:1.00,matched,2026-04-27T16:47:00Z,pe
314365,The Michael C. Rockefeller Wing,1360,||||Puebla||Mexico||Mexica (Aztec)||,"Puebla, Mexico, Mexico",region||country,0.7,True,place.21481631,"Puebla, Puebla, Mexico",-98.19906,19.043692,0.666667,place:0.67,matched,2026-04-27T16:47:01Z,mx
314523,The Michael C. Rockefeller Wing,0,||||Mesoamerica||Guatemala||Maya||,"Mesoamerica, Guatemala",region||country,0.7,True,country.8797,Guatemala,-90.390002,15.605589,0.5,country:0.50,matched,2026-04-27T16:46:53Z,gt
314524,The Michael C. Rockefeller Wing,150,||||Mesoamerica||Guatemala||Maya||,"Mesoamerica, Guatemala",region||country,0.7,True,country.8797,Guatemala,-90.390002,15.605589,0.5,country:0.50,matched,2026-04-27T16:46:53Z,gt
314626,The Michael C. Rockefeller Wing,-1000,||||Mesoamerica||Mexico||Tlatilco||,"Mesoamerica, Mexico",region||country,0.7,True,country.8863,Mexico,-102.532867,23.950464,0.5,country:0.50,matched,2026-04-27T16:46:53Z,mx
314628,The Michael C. Rockefeller Wing,-1000,||||Mesoamerica||Mexico||Tlatilco||,"Mesoamerica, Mexico",region||country,0.7,True,country.8863,Mexico,-102.532867,23.950464,0.5,country:0.50,matched,2026-04-27T16:46:53Z,mx
314629,The Michael C. Rockefeller Wing,50,||Colima||Mesoamerica||Mexico||Colima||,"Colima, Mexico, Mexico",state||country,0.72,True,region.255135,"Mexico, Mexico",-99.724084,19.642105,0.666667,region:0.67,matched,2026-04-27T16:46:35Z,mx
314633,The Michael C. Rockefeller Wing,450,||||Mesoamerica||Mexico||Teotihuacan||,"Mesoamerica, Mexico",region||country,0.7,True,country.8863,Mexico,-102.532867,23.950464,0.5,country:0.50,matched,2026-04-27T16:46:53Z,mx
314635,The Michael C. Rockefeller Wing,550,||Veracruz||Mesoamerica||Mexico||Mexican||,"Veracruz, Mexico, Mexico",state||country,0.72,True,place.37464223,"Veracruz, Veracruz, Mexico",-96.1379,19.198362,0.666667,place:0.67,matched,2026-04-27T16:47:14Z,mx
314636,The Michael C. Rockefeller Wing,1200,||||Mesoamerica||Mexico||Mexican||,"Mesoamerica, Mexico",region||country,0.7,True,country.8863,Mexico,-102.532867,23.950464,0.5,country:0.50,matched,2026-04-27T16:46:53Z,mx
314678,The Michael C. Rockefeller Wing,1300,||||||Peru||Chimú||,Peru,country,0.7,True,country.8880,Peru,-75.311132,-10.151093,1.0,country:1.00,matched,2026-04-27T16:47:00Z,pe
314679,The Michael C. Rockefeller Wing,450,||||||Peru||Moche||,Peru,country,0.7,True,country.8880,Peru,-75.311132,-10.151093,1.0,country:1.00,matched,2026-04-27T16:47:00Z,pe
314680,The Michael C. Rockefeller Wing,350,||||||Peru||Moche||,Peru,country,0.7,True,country.8880,Peru,-75.311132,-10.151093,1.0,country:1.00,matched,2026-04-27T16:47:00Z,pe
314681,The Michael C. Rockefeller Wing,500,||||North Coast||Peru||Moche||,Peru,country,0.7,True,country.8880,Peru,-75.311132,-10.151093,1.0,country:1.00,matched,2026-04-27T16:47:00Z,pe
314682,The Michael C. Rockefeller Wing,350,||||||Peru||Moche||,Peru,country,0.7,True,country.8880,Peru,-75.311132,-10.151093,1.0,country:1.00,matched,2026-04-27T16:47:00Z,pe
314684,The Michael C. Rockefeller Wing,50,||||||Peru||Salinar (?)||,Peru,country,0.7,True,country.8880,Peru,-75.311132,-10.151093,1.0,country:1.00,matched,2026-04-27T16:47:00Z,pe
314687,The Michael C. Rockefeller Wing,-675,||||||Peru||Cupisnique||,Peru,country,0.7,True,country.8880,Peru,-75.311132,-10.151093,1.0,country:1.00,matched,2026-04-27T16:47:00Z,pe
314688,The Michael C. Rockefeller Wing,-800,||||||Peru||Cupisnique (?)||,Peru,country,0.7,True,country.8880,Peru,-75.311132,-10.151093,1.0,country:1.00,matched,2026-04-27T16:47:00Z,pe
314690,The Michael C. Rockefeller Wing,-800,||||||Peru||Cupisnique||,Peru,country,0.7,True,country.8880,Peru,-75.311132,-10.151093,1.0,country:1.00,matched,2026-04-27T16:47:00Z,pe
314691,The Michael C. Rockefeller Wing,-800,||||||Peru||Cupisnique||,Peru,country,0.7,True,country.8880,Peru,-75.311132,-10.151093,1.0,country:1.00,matched,2026-04-27T16:47:00Z,pe
314692,The Michael C. Rockefeller Wing,100,||||||Peru||Salinar (?)||,Peru,country,0.7,True,country.8880,Peru,-75.311132,-10.151093,1.0,country:1.00,matched,2026-04-27T16:47:00Z,pe
314693,The Michael C. Rockefeller Wing,350,||||||Peru||Moche||,Peru,country,0.7,True,country.8880,Peru,-75.311132,-10.151093,1.0,country:1.00,matched,2026-04-27T16:47:00Z,pe
314694,The Michael C. Rockefeller Wing,350,||||||Peru||Moche||,Peru,country,0.7,True,country.8880,Peru,-75.311132,-10.151093,1.0,country:1.00,matched,2026-04-27T16:47:00Z,pe
314695,The Michael C. Rockefeller Wing,350,||||||Peru||Moche||,Peru,country,0.7,True,country.8880,Peru,-75.311132,-10.151093,1.0,country:1.00,matched,2026-04-27T16:47:00Z,pe
314696,The Michael C. Rockefeller Wing,350,||||||Peru||Moche||,Peru,country,0.7,True,country.8880,Peru,-75.311132,-10.151093,1.0,country:1.00,matched,2026-04-27T16:47:00Z,pe
314697,The Michael C. Rockefeller Wing,350,||||||Peru||Moche||,Peru,country,0.7,True,country.8880,Peru,-75.311132,-10.151093,1.0,country:1.00,matched,2026-04-27T16:47:00Z,pe
314698,The Michael C. Rockefeller Wing,200,||||||Peru||Vicús||,Peru,country,0.7,True,country.8880,Peru,-75.311132,-10.151093,1.0,country:1.00,matched,2026-04-27T16:47:00Z,pe
314699,The Michael C. Rockefeller Wing,200,||||||Peru||Vicús||,Peru,country,0.7,True,country.8880,Peru,-75.311132,-10.151093,1.0,country:1.00,matched,2026-04-27T16:47:00Z,pe
314859,The Michael C. Rockefeller Wing,1300,||||||Mali||Middle Niger civilization||,Mali,country,0.7,True,country.8851,Mali,-1.252145,17.350335,1.0,country:1.00,matched,2026-04-27T16:46:51Z,ml
314954,The Michael C. Rockefeller Wing,1467,||||||Peru||Inca||,Peru,country,0.7,True,country.8880,Peru,-75.311132,-10.151093,1.0,country:1.00,matched,2026-04-27T16:47:00Z,pe
314955,The Michael C. Rockefeller Wing,1467,||||||Peru||Inca||,Peru,country,0.7,True,country.8880,Peru,-75.311132,-10.151093,1.0,country:1.00,matched,2026-04-27T16:47:00Z,pe
315038,The Michael C. Rockefeller Wing,1350,||||||Mali||Middle Niger civilization||,Mali,country,0.7,True,country.8851,Mali,-1.252145,17.350335,1.0,country:1.00,matched,2026-04-27T16:46:51Z,ml
315052,The Michael C. Rockefeller Wing,825,||||||Peru||Wari||,Peru,country,0.7,True,country.8880,Peru,-75.311132,-10.151093,1.0,country:1.00,matched,2026-04-27T16:47:00Z,pe
315062,The Michael C. Rockefeller Wing,-600,||||||Ecuador||Chorrera||,Ecuador,country,0.7,True,country.8769,Ecuador,-78.432915,-1.160171,1.0,country:1.00,matched,2026-04-27T16:46:39Z,ec
315155,The Michael C. Rockefeller Wing,600,||||||Peru||Moche||,Peru,country,0.7,True,country.8880,Peru,-75.311132,-10.151093,1.0,country:1.00,matched,2026-04-27T16:47:00Z,pe
315176,The Michael C. Rockefeller Wing,600,||||||Peru||Moche||,Peru,country,0.7,True,country.8880,Peru,-75.311132,-10.151093,1.0,country:1.00,matched,2026-04-27T16:47:00Z,pe
315677,The Michael C. Rockefeller Wing,-50,||||||Peru||Vicús||,Peru,country,0.7,True,country.8880,Peru,-75.311132,-10.151093,1.0,country:1.00,matched,2026-04-27T16:47:00Z,pe
315678,The Michael C. Rockefeller Wing,350,||||North Coast||Peru||Moche||,Peru,country,0.7,True,country.8880,Peru,-75.311132,-10.151093,1.0,country:1.00,matched,2026-04-27T16:47:00Z,pe
315682,The Michael C. Rockefeller Wing,400,||||||Peru||Moche||,Peru,country,0.7,True,country.8880,Peru,-75.311132,-10.151093,1.0,country:1.00,matched,2026-04-27T16:47:00Z,pe
315688,The Michael C. Rockefeller Wing,1250,||||||Peru||Chimú||,Peru,country,0.7,True,country.8880,Peru,-75.311132,-10.151093,1.0,country:1.00,matched,2026-04-27T16:47:00Z,pe
315999,The Michael C. Rockefeller Wing,-500,||||||Ecuador||Chorrera||,Ecuador,country,0.7,True,country.8769,Ecuador,-78.432915,-1.160171,1.0,country:1.00,matched,2026-04-27T16:46:39Z,ec
316000,The Michael C. Rockefeller Wing,-750,||||||Ecuador||Chorrera||,Ecuador,country,0.7,True,country.8769,Ecuador,-78.432915,-1.160171,1.0,country:1.00,matched,2026-04-27T16:46:39Z,ec
316001,The Michael C. Rockefeller Wing,100,||||||Ecuador||Bahia||,Ecuador,country,0.7,True,country.8769,Ecuador,-78.432915,-1.160171,1.0,country:1.00,matched,2026-04-27T16:46:39Z,ec
316175,The Michael C. Rockefeller Wing,-675,||Chiclayo||North Coast||Peru||Cupisnique||,"Chiclayo, Peru",state||country,0.72,True,place.2631856,"Chiclayo, Lambayeque, Peru",-79.838455,-6.771348,1.0,place:1.00,matched,2026-04-27T16:46:34Z,pe
316176,The Michael C. Rockefeller Wing,300,||||South Coast||Peru||Nasca||,Peru,country,0.7,True,country.8880,Peru,-75.311132,-10.151093,1.0,country:1.00,matched,2026-04-27T16:47:00Z,pe
316177,The Michael C. Rockefeller Wing,300,||||South Coast||Peru||Nasca||,Peru,country,0.7,True,country.8880,Peru,-75.311132,-10.151093,1.0,country:1.00,matched,2026-04-27T16:47:00Z,pe
316270,The Michael C. Rockefeller Wing,300,||||South Coast||Peru||Nasca||,Peru,country,0.7,True,country.8880,Peru,-75.311132,-10.151093,1.0,country:1.00,matched,2026-04-27T16:47:00Z,pe
316710,The Michael C. Rockefeller Wing,1450,||||Mesoamerica||Mexico||Nayarit||,"Mesoamerica, Mexico",region||country,0.7,True,country.8863,Mexico,-102.532867,23.950464,0.5,country:0.50,matched,2026-04-27T16:46:53Z,mx
316711,The Michael C. Rockefeller Wing,700,||||Mesoamerica||Mexico||Maya||,"Mesoamerica, Mexico",region||country,0.7,True,country.8863,Mexico,-102.532867,23.950464,0.5,country:0.50,matched,2026-04-27T16:46:53Z,mx
316718,The Michael C. Rockefeller Wing,250,||||||Peru||Nasca||,Peru,country,0.7,True,country.8880,Peru,-75.311132,-10.151093,1.0,country:1.00,matched,2026-04-27T16:47:00Z,pe
316719,The Michael C. Rockefeller Wing,250,||||||Peru||Nasca||,Peru,country,0.7,True,country.8880,Peru,-75.311132,-10.151093,1.0,country:1.00,matched,2026-04-27T16:47:00Z,pe
316720,The Michael C. Rockefeller Wing,300,||||||Peru||Moche||,Peru,country,0.7,True,country.8880,Peru,-75.311132,-10.151093,1.0,country:1.00,matched,2026-04-27T16:47:00Z,pe
316721,The Michael C. Rockefeller Wing,300,||||||Peru||Moche||,Peru,country,0.7,True,country.8880,Peru,-75.311132,-10.151093,1.0,country:1.00,matched,2026-04-27T16:47:00Z,pe
316764,The Michael C. Rockefeller Wing,1350,||||West Mexico||Mexico||Colima||,"Western Mexico, Mexico",region||country,0.7,True,region.255135,"Mexico, Mexico",-99.724084,19.642105,0.666667,region:0.67,matched,2026-04-27T16:47:15Z,mx
316782,The Michael C. Rockefeller Wing,950,||Cocle Province||||Panama||Coclé (Macaracas)||,"Cocle Province, Panama, Panama",state||country,0.72,True,place.452783,"Panama City, Panamá, Panama",-79.52339,8.982861,0.738444,place:0.74,matched,2026-04-27T16:46:35Z,pa
316813,The Michael C. Rockefeller Wing,800,||||Mesoamerica||Guatemala||Maya||,"Mesoamerica, Guatemala",region||country,0.7,True,country.8797,Guatemala,-90.390002,15.605589,0.5,country:0.50,matched,2026-04-27T16:46:53Z,gt
316875,The Michael C. Rockefeller Wing,450,||||Mesoamerica||Mexico||Teotihuacan||,"Mesoamerica, Mexico",region||country,0.7,True,country.8863,Mexico,-102.532867,23.950464,0.5,country:0.50,matched,2026-04-27T16:46:53Z,mx
316882,The Michael C. Rockefeller Wing,1475,||||Mesoamerica||Mexico||Mexica (Aztec)||,"Mesoamerica, Mexico",region||country,0.7,True,country.8863,Mexico,-102.532867,23.950464,0.5,country:0.50,matched,2026-04-27T16:46:53Z,mx
316886,The Michael C. Rockefeller Wing,350,||||Central Andes||Peru||Nasca||,"Central Andes, Peru, Peru",region||country,0.7,True,place.10954928,"San Andrés District, Ica, Peru",-76.22378,-13.73163,0.501096,place:0.50,matched,2026-04-27T16:46:33Z,pe
317619,The Michael C. Rockefeller Wing,800,||Veracruz||Mesoamerica||Mexico||Veracruz||,"Veracruz, Mexico, Mexico",state||country,0.72,True,place.37464223,"Veracruz, Veracruz, Mexico",-96.1379,19.198362,0.666667,place:0.67,matched,2026-04-27T16:47:14Z,mx
317749,The Michael C. Rockefeller Wing,300,||||||Peru||Moche||,Peru,country,0.7,True,country.8880,Peru,-75.311132,-10.151093,1.0,country:1.00,matched,2026-04-27T16:47:00Z,pe
317786,The Michael C. Rockefeller Wing,400,||||South Coast||Peru||Nasca||,Peru,country,0.7,True,country.8880,Peru,-75.311132,-10.151093,1.0,country:1.00,matched,2026-04-27T16:47:00Z,pe
317793,The Michael C. Rockefeller Wing,750,||||||Peru||Wari||,Peru,country,0.7,True,country.8880,Peru,-75.311132,-10.151093,1.0,country:1.00,matched,2026-04-27T16:47:00Z,pe
317831,The Michael C. Rockefeller Wing,750,||||||Peru||Wari||,Peru,country,0.7,True,country.8880,Peru,-75.311132,-10.151093,1.0,country:1.00,matched,2026-04-27T16:47:00Z,pe
317890,The Michael C. Rockefeller Wing,1350,||Veracruz||Mesoamerica||Mexico||Huastec||,"Veracruz, Mexico, Mexico",state||country,0.72,True,place.37464223,"Veracruz, Veracruz, Mexico",-96.1379,19.198362,0.666667,place:0.67,matched,2026-04-27T16:47:14Z,mx
317989,The Michael C. Rockefeller Wing,1350,||||||Mali||Middle Niger civilization||,Mali,country,0.7,True,country.8851,Mali,-1.252145,17.350335,1.0,country:1.00,matched,2026-04-27T16:46:51Z,ml
317991,The Michael C. Rockefeller Wing,1350,||||||Mali||Middle Niger civilization (?)||,Mali,country,0.7,True,country.8851,Mali,-1.252145,17.350335,1.0,country:1.00,matched,2026-04-27T16:46:51Z,ml
318291,The Michael C. Rockefeller Wing,1100,||||||Colombia||Quimbaya||,Colombia,country,0.7,True,country.8754,Colombia,-73.129056,3.065088,1.0,country:1.00,matched,2026-04-27T16:46:36Z,co
318293,The Michael C. Rockefeller Wing,1880,||New Mexico||||United States||Acoma Pueblo||,"New Mexico, United States",state||country,0.72,True,region.222444,"New Mexico, United States",-105.998351,34.324856,1.0,region:1.00,matched,2026-04-27T16:46:55Z,us
318345,The Michael C. Rockefeller Wing,350,||||||Guatemala||Maya||,Guatemala,country,0.7,True,country.8797,Guatemala,-90.390002,15.605589,1.0,country:1.00,matched,2026-04-27T16:46:44Z,gt
318466,The Michael C. Rockefeller Wing,249,||Nayarit||Mesoamerica||Mexico||Nayarit (Chinesco)||,"Nayarit, Mexico, Mexico",state||country,0.72,True,region.173215,"Nayarit, Mexico",-104.867203,21.882316,1.0,region:1.00,matched,2026-04-27T16:46:55Z,mx
318470,The Michael C. Rockefeller Wing,-1000,||||Mesoamerica||Mexico||Olmec||,"Mesoamerica, Mexico",region||country,0.7,True,country.8863,Mexico,-102.532867,23.950464,0.5,country:0.50,matched,2026-04-27T16:46:53Z,mx
318475,The Michael C. Rockefeller Wing,1350,||Veracruz||Mesoamerica||Mexico||Huastec||,"Veracruz, Mexico, Mexico",state||country,0.72,True,place.37464223,"Veracruz, Veracruz, Mexico",-96.1379,19.198362,0.666667,place:0.67,matched,2026-04-27T16:47:14Z,mx
318602,The Michael C. Rockefeller Wing,500,||||North Coast||Peru||Moche||,Peru,country,0.7,True,country.8880,Peru,-75.311132,-10.151093,1.0,country:1.00,matched,2026-04-27T16:47:00Z,pe
318603,The Michael C. Rockefeller Wing,300,||||||Peru||Moche||,Peru,country,0.7,True,country.8880,Peru,-75.311132,-10.151093,1.0,country:1.00,matched,2026-04-27T16:47:00Z,pe
318604,The Michael C. Rockefeller Wing,450,||||||Peru||Moche||,Peru,country,0.7,True,country.8880,Peru,-75.311132,-10.151093,1.0,country:1.00,matched,2026-04-27T16:47:00Z,pe
318605,The Michael C. Rockefeller Wing,1300,||||||Peru||Chimú||,Peru,country,0.7,True,country.8880,Peru,-75.311132,-10.151093,1.0,country:1.00,matched,2026-04-27T16:47:00Z,pe
318606,The Michael C. Rockefeller Wing,1300,||||||Peru||Chimú||,Peru,country,0.7,True,country.8880,Peru,-75.311132,-10.151093,1.0,country:1.00,matched,2026-04-27T16:47:00Z,pe
318607,The Michael C. Rockefeller Wing,1650,||||||Peru||Viceregal Era||,Peru,country,0.7,True,country.8880,Peru,-75.311132,-10.151093,1.0,country:1.00,matched,2026-04-27T16:47:00Z,pe
318614,The Michael C. Rockefeller Wing,-100,||||Ica Valley||Peru||Topará||,"Ica Valley, Peru, Peru",region||country,0.7,True,place.5556400,"Ica District, Ica, Peru",-75.729645,-14.063716,0.592593,place:0.59,matched,2026-04-27T16:46:45Z,pe
318617,The Michael C. Rockefeller Wing,500,||||||Peru||Moche||,Peru,country,0.7,True,country.8880,Peru,-75.311132,-10.151093,1.0,country:1.00,matched,2026-04-27T16:47:00Z,pe
318618,The Michael C. Rockefeller Wing,1500,||||||Peru||Peruvian||,Peru,country,0.7,True,country.8880,Peru,-75.311132,-10.151093,1.0,country:1.00,matched,2026-04-27T16:47:00Z,pe
318628,The Michael C. Rockefeller Wing,750,||||Mesoamerica||Guatemala or Mexico||Maya||,"Mesoamerica, Guatemala",region||country,0.5,True,country.8797,Guatemala,-90.390002,15.605589,0.5,country:0.50,matched,2026-04-27T16:46:53Z,gt
318662,The Michael C. Rockefeller Wing,750,Alta Verapaz||||Mesoamerica||Guatemala||Maya||,"Alta Verapaz, Guatemala",city||country,0.88,True,region.25693,"Alta Verapaz, Guatemala",-90.373506,15.4702,1.0,region:1.00,matched,2026-04-27T16:46:27Z,gt
319065,The Michael C. Rockefeller Wing,75,||Colima||Mesoamerica||Mexico||Colima||,"Colima, Mexico, Mexico",state||country,0.72,True,region.255135,"Mexico, Mexico",-99.724084,19.642105,0.666667,region:0.67,matched,2026-04-27T16:46:35Z,mx
319468,The Michael C. Rockefeller Wing,475,||||Oaxaca||Mexico||Zapotec||,"Oaxaca, Mexico, Mexico",region||country,0.7,True,place.40880287,"Oaxaca, Oaxaca, Mexico",-96.72438,17.062824,0.666667,place:0.67,matched,2026-04-27T16:46:57Z,mx
319570,The Michael C. Rockefeller Wing,-600,||||||Peru||Peruvian||,Peru,country,0.7,True,country.8880,Peru,-75.311132,-10.151093,1.0,country:1.00,matched,2026-04-27T16:47:00Z,pe
319633,The Michael C. Rockefeller Wing,700,||||Mesoamerica||Guatemala or Mexico||Maya||,"Mesoamerica, Guatemala",region||country,0.5,True,country.8797,Guatemala,-90.390002,15.605589,0.5,country:0.50,matched,2026-04-27T16:46:53Z,gt
319800,The Michael C. Rockefeller Wing,500,||||South Coast||Peru||Nasca||,Peru,country,0.7,True,country.8880,Peru,-75.311132,-10.151093,1.0,country:1.00,matched,2026-04-27T16:47:00Z,pe
319859,The Michael C. Rockefeller Wing,1500,||||Mesoamerica||Mexico||Mixtec||,"Mesoamerica, Mexico",region||country,0.7,True,country.8863,Mexico,-102.532867,23.950464,0.5,country:0.50,matched,2026-04-27T16:46:53Z,mx
319966,The Michael C. Rockefeller Wing,300,||||||Panama||Tonosí style||,Panama,country,0.7,True,country.8879,Panama,-80.268175,8.704735,1.0,country:1.00,matched,2026-04-27T16:46:58Z,pa
320343,The Michael C. Rockefeller Wing,-550,||||||Peru||Paracas||,Peru,country,0.7,True,country.8880,Peru,-75.311132,-10.151093,1.0,country:1.00,matched,2026-04-27T16:47:00Z,pe
330014,Greek and Roman Art,-411,"||||||||Greek, Attic||","Attica, Greece",culture||country,0.55,True,region.107611,"Attica, Greece",23.734832,37.975565,1.0,region:1.00,matched,2026-04-27T16:46:29Z,gr
330015,Greek and Roman Art,-251,"||||||||Greek, South Italian, Gnathian||","Apulia, Italy",culture||country,0.55,True,region.1516656,"Apulia, Italy",16.862029,41.125784,1.0,region:1.00,matched,2026-04-27T16:46:28Z,it
330104,Medieval Art,1350,Paterna||Valencia||||Spain||Spanish||,"Paterna, Valencia, Spain, Valencia, Spain",city||state||country,0.95,True,place.43223110,"Paterna, Valencia, Spain",-0.442689,39.503807,1.0,place:1.00,matched,2026-04-27T16:46:59Z,es
442860,Islamic Art,1099,||||||Iraq or Syria||||,Iraq,country,0.5,True,country.8813,Iraq,43.404716,33.048056,1.0,country:1.00,matched,2026-04-27T16:46:46Z,iq
442873,Islamic Art,1699,||||||Iran||||,Iran,country,0.7,True,country.8814,Iran,54.301374,32.565838,1.0,country:1.00,matched,2026-04-27T16:46:46Z,ir
442902,Islamic Art,499,Abu Mena||||||Egypt||||,"Abu Mena, Egypt",city||country,0.88,True,country.8771,Egypt,29.871903,26.494184,0.425926,country:0.43,matched,2026-04-27T16:46:27Z,eg
443103,Islamic Art,1099,||||||Iraq or Syria||||,Iraq,country,0.5,True,country.8813,Iraq,43.404716,33.048056,1.0,country:1.00,matched,2026-04-27T16:46:46Z,iq
444451,Islamic Art,1749,||||||Iran||||,Iran,country,0.7,True,country.8814,Iran,54.301374,32.565838,1.0,country:1.00,matched,2026-04-27T16:46:46Z,ir
444463,Islamic Art,1674,||||||Iran||||,Iran,country,0.7,True,country.8814,Iran,54.301374,32.565838,1.0,country:1.00,matched,2026-04-27T16:46:46Z,ir
444478,Islamic Art,1725,||||||Iran||||,Iran,country,0.7,True,country.8814,Iran,54.301374,32.565838,1.0,country:1.00,matched,2026-04-27T16:46:46Z,ir
444480,Islamic Art,1199,Raqqa||||||Syria||||,"Raqqa, Syria",city||country,0.88,True,place.13035735,"Raqqa, Al-Raqqah, Syria",39.008921,35.949678,1.0,place:1.00,matched,2026-04-27T16:47:01Z,sy
444481,Islamic Art,1349,||||||Iran||||,Iran,country,0.7,True,country.8814,Iran,54.301374,32.565838,1.0,country:1.00,matched,2026-04-27T16:46:46Z,ir
444485,Islamic Art,1625,||||||Iran||||,Iran,country,0.7,True,country.8814,Iran,54.301374,32.565838,1.0,country:1.00,matched,2026-04-27T16:46:46Z,ir
444486,Islamic Art,1699,||||||Iran||||,Iran,country,0.7,True,country.8814,Iran,54.301374,32.565838,1.0,country:1.00,matched,2026-04-27T16:46:46Z,ir
444488,Islamic Art,1699,||||||Iran||||,Iran,country,0.7,True,country.8814,Iran,54.301374,32.565838,1.0,country:1.00,matched,2026-04-27T16:46:46Z,ir
444490,Islamic Art,1649,||||||Iran||||,Iran,country,0.7,True,country.8814,Iran,54.301374,32.565838,1.0,country:1.00,matched,2026-04-27T16:46:46Z,ir
444495,Islamic Art,1674,||||||Iran||||,Iran,country,0.7,True,country.8814,Iran,54.301374,32.565838,1.0,country:1.00,matched,2026-04-27T16:46:46Z,ir
444496,Islamic Art,1674,||||||Iran||||,Iran,country,0.7,True,country.8814,Iran,54.301374,32.565838,1.0,country:1.00,matched,2026-04-27T16:46:46Z,ir
444497,Islamic Art,1649,||||||Iran||||,Iran,country,0.7,True,country.8814,Iran,54.301374,32.565838,1.0,country:1.00,matched,2026-04-27T16:46:46Z,ir
444503,Islamic Art,1349,||||||Iran||||,Iran,country,0.7,True,country.8814,Iran,54.301374,32.565838,1.0,country:1.00,matched,2026-04-27T16:46:46Z,ir
444507,Islamic Art,1649,||||||Iran||||,Iran,country,0.7,True,country.8814,Iran,54.301374,32.565838,1.0,country:1.00,matched,2026-04-27T16:46:46Z,ir
444508,Islamic Art,1649,||||||Iran||||,Iran,country,0.7,True,country.8814,Iran,54.301374,32.565838,1.0,country:1.00,matched,2026-04-27T16:46:46Z,ir
444515,Islamic Art,1199,||||||Iran||||,Iran,country,0.7,True,country.8814,Iran,54.301374,32.565838,1.0,country:1.00,matched,2026-04-27T16:46:46Z,ir
444516,Islamic Art,1625,||||||Iran||||,Iran,country,0.7,True,country.8814,Iran,54.301374,32.565838,1.0,country:1.00,matched,2026-04-27T16:46:46Z,ir
444517,Islamic Art,1687,||||||Iran||||,Iran,country,0.7,True,country.8814,Iran,54.301374,32.565838,1.0,country:1.00,matched,2026-04-27T16:46:46Z,ir
444518,Islamic Art,1649,||||||Iran||||,Iran,country,0.7,True,country.8814,Iran,54.301374,32.565838,1.0,country:1.00,matched,2026-04-27T16:46:46Z,ir
444873,Islamic Art,1849,||||||Turkey||||,Turkey,country,0.7,True,country.8932,Türkiye,35.179593,39.060481,1.0,country:1.00,matched,2026-04-27T16:47:11Z,tr
444876,Islamic Art,1582,Iznik||||||Turkey||||,"Iznik, Turkey",city||country,0.88,True,place.5138660,"İznik, Bursa, Türkiye",29.719765,40.42917,1.0,place:1.00,matched,2026-04-27T16:46:47Z,tr
444888,Islamic Art,1612,Iznik||||||Turkey||||,"Iznik, Turkey",city||country,0.88,True,place.5138660,"İznik, Bursa, Türkiye",29.719765,40.42917,1.0,place:1.00,matched,2026-04-27T16:46:47Z,tr
444893,Islamic Art,1649,||||||Iran||||,Iran,country,0.7,True,country.8814,Iran,54.301374,32.565838,1.0,country:1.00,matched,2026-04-27T16:46:46Z,ir
444898,Islamic Art,1649,Iznik||||||Turkey||||,"Iznik, Turkey",city||country,0.88,True,place.5138660,"İznik, Bursa, Türkiye",29.719765,40.42917,1.0,place:1.00,matched,2026-04-27T16:46:47Z,tr
444900,Islamic Art,1749,||||||Iran||||,Iran,country,0.7,True,country.8814,Iran,54.301374,32.565838,1.0,country:1.00,matched,2026-04-27T16:46:46Z,ir
444948,Islamic Art,1674,||||||Iran||||,Iran,country,0.7,True,country.8814,Iran,54.301374,32.565838,1.0,country:1.00,matched,2026-04-27T16:46:46Z,ir
445230,Islamic Art,1199,Raqqa||||||Syria||||,"Raqqa, Syria",city||country,0.88,True,place.13035735,"Raqqa, Al-Raqqah, Syria",39.008921,35.949678,1.0,place:1.00,matched,2026-04-27T16:47:01Z,sy
445241,Islamic Art,1574,Iznik||||||Turkey||||,"Iznik, Turkey",city||country,0.88,True,place.5138660,"İznik, Bursa, Türkiye",29.719765,40.42917,1.0,place:1.00,matched,2026-04-27T16:46:47Z,tr
445268,Islamic Art,1349,||||||Syria||||,Syria,country,0.7,True,country.8919,Syria,38.505592,35.013048,1.0,country:1.00,matched,2026-04-27T16:47:09Z,sy
445269,Islamic Art,1199,Raqqa||||||Syria||||,"Raqqa, Syria",city||country,0.88,True,place.13035735,"Raqqa, Al-Raqqah, Syria",39.008921,35.949678,1.0,place:1.00,matched,2026-04-27T16:47:01Z,sy
445270,Islamic Art,1199,Raqqa||||||Syria||||,"Raqqa, Syria",city||country,0.88,True,place.13035735,"Raqqa, Al-Raqqah, Syria",39.008921,35.949678,1.0,place:1.00,matched,2026-04-27T16:47:01Z,sy
445289,Islamic Art,1799,Kashan||||||Iran||||,"Kashan, Iran",city||country,0.88,True,place.1255534,"Kashan County, Isfahan, Iran",51.44271,33.98714,0.98,place:0.98,matched,2026-04-27T16:46:48Z,ir
445301,Islamic Art,1299,||||||Spain or North Africa||||,Spain,country,0.5,True,country.8774,Spain,-4.055685,41.294856,1.0,country:1.00,matched,2026-04-27T16:47:07Z,es
446195,Islamic Art,1249,Kashan||||||Iran||||,"Kashan, Iran",city||country,0.88,True,place.1255534,"Kashan County, Isfahan, Iran",51.44271,33.98714,0.98,place:0.98,matched,2026-04-27T16:46:48Z,ir
446217,Islamic Art,1137,||||||Iran||||,Iran,country,0.7,True,country.8814,Iran,54.301374,32.565838,1.0,country:1.00,matched,2026-04-27T16:46:46Z,ir
446222,Islamic Art,1099,Raqqa||||||Syria||||,"Raqqa, Syria",city||country,0.88,True,place.13035735,"Raqqa, Al-Raqqah, Syria",39.008921,35.949678,1.0,place:1.00,matched,2026-04-27T16:47:01Z,sy
446264,Islamic Art,1199,||||||Iran||||,Iran,country,0.7,True,country.8814,Iran,54.301374,32.565838,1.0,country:1.00,matched,2026-04-27T16:46:46Z,ir
446269,Islamic Art,1199,||||||Iran||||,Iran,country,0.7,True,country.8814,Iran,54.301374,32.565838,1.0,country:1.00,matched,2026-04-27T16:46:46Z,ir
446283,Islamic Art,1124,||||||Iran||||,Iran,country,0.7,True,country.8814,Iran,54.301374,32.565838,1.0,country:1.00,matched,2026-04-27T16:46:46Z,ir
446652,Islamic Art,1449,||||||Iran||||,Iran,country,0.7,True,country.8814,Iran,54.301374,32.565838,1.0,country:1.00,matched,2026-04-27T16:46:46Z,ir
446653,Islamic Art,1650,Kirman||||||Iran||||,"Kirman, Iran",city||country,0.88,True,region.99438,"Kerman, Iran",57.064839,30.285219,0.958333,region:0.96,matched,2026-04-27T16:46:49Z,ir
446654,Islamic Art,1649,Kirman||||||Iran||||,"Kirman, Iran",city||country,0.88,True,region.99438,"Kerman, Iran",57.064839,30.285219,0.958333,region:0.96,matched,2026-04-27T16:46:49Z,ir
446673,Islamic Art,1199,near Raqqa||||||Syria||||,"Raqqa, Syria, Syria",city||country,0.88,True,place.13035735,"Raqqa, Al-Raqqah, Syria",39.008921,35.949678,0.666667,place:0.67,matched,2026-04-27T16:47:02Z,sy
446685,Islamic Art,1174,||||||Iran||||,Iran,country,0.7,True,country.8814,Iran,54.301374,32.565838,1.0,country:1.00,matched,2026-04-27T16:46:46Z,ir
446695,Islamic Art,1549,||||||Iran||||,Iran,country,0.7,True,country.8814,Iran,54.301374,32.565838,1.0,country:1.00,matched,2026-04-27T16:46:46Z,ir
446840,Islamic Art,1049,||||||Syria||||,Syria,country,0.7,True,country.8919,Syria,38.505592,35.013048,1.0,country:1.00,matched,2026-04-27T16:47:09Z,sy
446841,Islamic Art,1149,||||||Eastern Syria||||,Eastern Syria,country,0.7,True,country.8919,Syria,38.505592,35.013048,0.5,country:0.50,matched,2026-04-27T16:46:39Z,sy
446842,Islamic Art,1149,||||||Eastern Syria||||,Eastern Syria,country,0.7,True,country.8919,Syria,38.505592,35.013048,0.5,country:0.50,matched,2026-04-27T16:46:39Z,sy
446843,Islamic Art,1099,||||||Eastern Syria||||,Eastern Syria,country,0.7,True,country.8919,Syria,38.505592,35.013048,0.5,country:0.50,matched,2026-04-27T16:46:39Z,sy
446844,Islamic Art,1149,||||||Eastern Syria||||,Eastern Syria,country,0.7,True,country.8919,Syria,38.505592,35.013048,0.5,country:0.50,matched,2026-04-27T16:46:39Z,sy
446845,Islamic Art,1049,||||||Eastern Syria||||,Eastern Syria,country,0.7,True,country.8919,Syria,38.505592,35.013048,0.5,country:0.50,matched,2026-04-27T16:46:39Z,sy
446878,Islamic Art,999,||||||Iran||||,Iran,country,0.7,True,country.8814,Iran,54.301374,32.565838,1.0,country:1.00,matched,2026-04-27T16:46:46Z,ir
446879,Islamic Art,1049,||||||Iran||||,Iran,country,0.7,True,country.8814,Iran,54.301374,32.565838,1.0,country:1.00,matched,2026-04-27T16:46:46Z,ir
446886,Islamic Art,1625,||||||Iran||||,Iran,country,0.7,True,country.8814,Iran,54.301374,32.565838,1.0,country:1.00,matched,2026-04-27T16:46:46Z,ir
446888,Islamic Art,1199,Raqqa||||||Syria||||,"Raqqa, Syria",city||country,0.88,True,place.13035735,"Raqqa, Al-Raqqah, Syria",39.008921,35.949678,1.0,place:1.00,matched,2026-04-27T16:47:01Z,sy
446898,Islamic Art,1187,||||||Iran||||,Iran,country,0.7,True,country.8814,Iran,54.301374,32.565838,1.0,country:1.00,matched,2026-04-27T16:46:46Z,ir
446900,Islamic Art,1649,||||||Iran||||,Iran,country,0.7,True,country.8814,Iran,54.301374,32.565838,1.0,country:1.00,matched,2026-04-27T16:46:46Z,ir
446902,Islamic Art,1349,||||||Iran||||,Iran,country,0.7,True,country.8814,Iran,54.301374,32.565838,1.0,country:1.00,matched,2026-04-27T16:46:46Z,ir
446903,Islamic Art,1199,Raqqa||||||Syria||||,"Raqqa, Syria",city||country,0.88,True,place.13035735,"Raqqa, Al-Raqqah, Syria",39.008921,35.949678,1.0,place:1.00,matched,2026-04-27T16:47:01Z,sy
446907,Islamic Art,1199,||||||Iran||||,Iran,country,0.7,True,country.8814,Iran,54.301374,32.565838,1.0,country:1.00,matched,2026-04-27T16:46:46Z,ir
446908,Islamic Art,1199,||||||Iran||||,Iran,country,0.7,True,country.8814,Iran,54.301374,32.565838,1.0,country:1.00,matched,2026-04-27T16:46:46Z,ir
446909,Islamic Art,1649,||||||Iran||||,Iran,country,0.7,True,country.8814,Iran,54.301374,32.565838,1.0,country:1.00,matched,2026-04-27T16:46:46Z,ir
446929,Islamic Art,1649,||||||Iran||||,Iran,country,0.7,True,country.8814,Iran,54.301374,32.565838,1.0,country:1.00,matched,2026-04-27T16:46:46Z,ir
446935,Islamic Art,1749,||||||Iran||||,Iran,country,0.7,True,country.8814,Iran,54.301374,32.565838,1.0,country:1.00,matched,2026-04-27T16:46:46Z,ir
446936,Islamic Art,1749,||||||Iran||||,Iran,country,0.7,True,country.8814,Iran,54.301374,32.565838,1.0,country:1.00,matched,2026-04-27T16:46:46Z,ir
446944,Islamic Art,1749,||||||Iran||||,Iran,country,0.7,True,country.8814,Iran,54.301374,32.565838,1.0,country:1.00,matched,2026-04-27T16:46:46Z,ir
446945,Islamic Art,1749,||||||Iran||||,Iran,country,0.7,True,country.8814,Iran,54.301374,32.565838,1.0,country:1.00,matched,2026-04-27T16:46:46Z,ir
446946,Islamic Art,1699,||||||Iran||||,Iran,country,0.7,True,country.8814,Iran,54.301374,32.565838,1.0,country:1.00,matched,2026-04-27T16:46:46Z,ir
446961,Islamic Art,1199,||||||Iran||||,Iran,country,0.7,True,country.8814,Iran,54.301374,32.565838,1.0,country:1.00,matched,2026-04-27T16:46:46Z,ir
446976,Islamic Art,1749,||||||Iran||||,Iran,country,0.7,True,country.8814,Iran,54.301374,32.565838,1.0,country:1.00,matched,2026-04-27T16:46:46Z,ir
446997,Islamic Art,1649,||||||Iran||||,Iran,country,0.7,True,country.8814,Iran,54.301374,32.565838,1.0,country:1.00,matched,2026-04-27T16:46:46Z,ir
447070,Islamic Art,1612,Iznik||||||Turkey||||,"Iznik, Turkey",city||country,0.88,True,place.5138660,"İznik, Bursa, Türkiye",29.719765,40.42917,1.0,place:1.00,matched,2026-04-27T16:46:47Z,tr
447072,Islamic Art,1249,Kashan||||||Iran||||,"Kashan, Iran",city||country,0.88,True,place.1255534,"Kashan County, Isfahan, Iran",51.44271,33.98714,0.98,place:0.98,matched,2026-04-27T16:46:48Z,ir
447080,Islamic Art,1199,||||||Iran||||,Iran,country,0.7,True,country.8814,Iran,54.301374,32.565838,1.0,country:1.00,matched,2026-04-27T16:46:46Z,ir
447120,Islamic Art,1149,||||||Syria||||,Syria,country,0.7,True,country.8919,Syria,38.505592,35.013048,1.0,country:1.00,matched,2026-04-27T16:47:09Z,sy
447130,Islamic Art,1349,||||||Iran||||,Iran,country,0.7,True,country.8814,Iran,54.301374,32.565838,1.0,country:1.00,matched,2026-04-27T16:46:46Z,ir
447137,Islamic Art,1199,||||||Iran||||,Iran,country,0.7,True,country.8814,Iran,54.301374,32.565838,1.0,country:1.00,matched,2026-04-27T16:46:46Z,ir
447138,Islamic Art,1199,||||||Iran||||,Iran,country,0.7,True,country.8814,Iran,54.301374,32.565838,1.0,country:1.00,matched,2026-04-27T16:46:46Z,ir
447139,Islamic Art,1199,||||||Iran||||,Iran,country,0.7,True,country.8814,Iran,54.301374,32.565838,1.0,country:1.00,matched,2026-04-27T16:46:46Z,ir
447146,Islamic Art,1249,Kashan||||||Iran||||,"Kashan, Iran",city||country,0.88,True,place.1255534,"Kashan County, Isfahan, Iran",51.44271,33.98714,0.98,place:0.98,matched,2026-04-27T16:46:48Z,ir
447159,Islamic Art,1162,Rayy||||||Iran||||,"Rayy, Iran",city||country,0.88,True,country.8814,Iran,54.301374,32.565838,0.5,country:0.50,matched,2026-04-27T16:47:02Z,ir
447164,Islamic Art,1249,Kashan||||||Iran||||,"Kashan, Iran",city||country,0.88,True,place.1255534,"Kashan County, Isfahan, Iran",51.44271,33.98714,0.98,place:0.98,matched,2026-04-27T16:46:48Z,ir
447171,Islamic Art,1199,Rayy||||||Iran||||,"Rayy, Iran",city||country,0.88,True,country.8814,Iran,54.301374,32.565838,0.5,country:0.50,matched,2026-04-27T16:47:02Z,ir
447176,Islamic Art,1199,Rayy||||||Iran||||,"Rayy, Iran",city||country,0.88,True,country.8814,Iran,54.301374,32.565838,0.5,country:0.50,matched,2026-04-27T16:47:02Z,ir
447177,Islamic Art,1199,Rayy||||||Iran||||,"Rayy, Iran",city||country,0.88,True,country.8814,Iran,54.301374,32.565838,0.5,country:0.50,matched,2026-04-27T16:47:02Z,ir
447185,Islamic Art,1199,||||||Iran||||,Iran,country,0.7,True,country.8814,Iran,54.301374,32.565838,1.0,country:1.00,matched,2026-04-27T16:46:46Z,ir
447229,Islamic Art,1749,||||||Iran||||,Iran,country,0.7,True,country.8814,Iran,54.301374,32.565838,1.0,country:1.00,matched,2026-04-27T16:46:46Z,ir
447275,Islamic Art,1199,||||||Iran||||,Iran,country,0.7,True,country.8814,Iran,54.301374,32.565838,1.0,country:1.00,matched,2026-04-27T16:46:46Z,ir
447276,Islamic Art,1199,||||||Iran||||,Iran,country,0.7,True,country.8814,Iran,54.301374,32.565838,1.0,country:1.00,matched,2026-04-27T16:46:46Z,ir
447277,Islamic Art,1199,||||||Iran||||,Iran,country,0.7,True,country.8814,Iran,54.301374,32.565838,1.0,country:1.00,matched,2026-04-27T16:46:46Z,ir
447278,Islamic Art,1199,||||||Iran||||,Iran,country,0.7,True,country.8814,Iran,54.301374,32.565838,1.0,country:1.00,matched,2026-04-27T16:46:46Z,ir
447279,Islamic Art,1099,||||||Iran||||,Iran,country,0.7,True,country.8814,Iran,54.301374,32.565838,1.0,country:1.00,matched,2026-04-27T16:46:46Z,ir
447285,Islamic Art,1199,||||||Iran||||,Iran,country,0.7,True,country.8814,Iran,54.301374,32.565838,1.0,country:1.00,matched,2026-04-27T16:46:46Z,ir
447286,Islamic Art,1199,||||||Iran||||,Iran,country,0.7,True,country.8814,Iran,54.301374,32.565838,1.0,country:1.00,matched,2026-04-27T16:46:46Z,ir
447287,Islamic Art,1199,Raqqa||||||Syria||||,"Raqqa, Syria",city||country,0.88,True,place.13035735,"Raqqa, Al-Raqqah, Syria",39.008921,35.949678,1.0,place:1.00,matched,2026-04-27T16:47:01Z,sy
447288,Islamic Art,1099,||||||Iraq or Syria||||,Iraq,country,0.5,True,country.8813,Iraq,43.404716,33.048056,1.0,country:1.00,matched,2026-04-27T16:46:46Z,iq
447289,Islamic Art,1149,||||||Syria||||,Syria,country,0.7,True,country.8919,Syria,38.505592,35.013048,1.0,country:1.00,matched,2026-04-27T16:47:09Z,sy
447290,Islamic Art,1099,||||||Syria||||,Syria,country,0.7,True,country.8919,Syria,38.505592,35.013048,1.0,country:1.00,matched,2026-04-27T16:47:09Z,sy
447291,Islamic Art,1099,||||||Iraq or Syria||||,Iraq,country,0.5,True,country.8813,Iraq,43.404716,33.048056,1.0,country:1.00,matched,2026-04-27T16:46:46Z,iq
447292,Islamic Art,1099,||||||Iraq or Syria||||,Iraq,country,0.5,True,country.8813,Iraq,43.404716,33.048056,1.0,country:1.00,matched,2026-04-27T16:46:46Z,iq
447464,Islamic Art,1100,Fustat||||||Egypt||||,"Fustat, Egypt",city||country,0.88,True,country.8771,Egypt,29.871903,26.494184,0.5,country:0.50,matched,2026-04-27T16:46:43Z,eg
447617,Islamic Art,1912,||||||||||,,none,0.0,False,,,,,,,skipped,2026-04-27T16:47:15Z,
447674,Islamic Art,899,||||||Iran||||,Iran,country,0.7,True,country.8814,Iran,54.301374,32.565838,1.0,country:1.00,matched,2026-04-27T16:46:46Z,ir
447678,Islamic Art,1212,||||||Syria||||,Syria,country,0.7,True,country.8919,Syria,38.505592,35.013048,1.0,country:1.00,matched,2026-04-27T16:47:09Z,sy
447748,Islamic Art,1649,||||||Iran||||,Iran,country,0.7,True,country.8814,Iran,54.301374,32.565838,1.0,country:1.00,matched,2026-04-27T16:46:46Z,ir
447776,Islamic Art,1699,||||||India||||,India,country,0.7,True,country.8811,India,78.476681,22.199166,1.0,country:1.00,matched,2026-04-27T16:46:45Z,in
447789,Islamic Art,710,Kufa||||||Iraq||||,"Kufa, Iraq",city||country,0.88,True,place.11266157,"Kufa, Najaf, Iraq",44.403112,32.03444,1.0,place:1.00,matched,2026-04-27T16:46:49Z,iq
447987,Islamic Art,662,Abu Mena||||||Egypt||||,"Abu Mena, Egypt",city||country,0.88,True,country.8771,Egypt,29.871903,26.494184,0.425926,country:0.43,matched,2026-04-27T16:46:27Z,eg
447995,Islamic Art,667,Abu Mena||||||Egypt||||,"Abu Mena, Egypt",city||country,0.88,True,country.8771,Egypt,29.871903,26.494184,0.425926,country:0.43,matched,2026-04-27T16:46:27Z,eg
448017,Islamic Art,1149,||||||Iraq or Syria||||,Iraq,country,0.5,True,country.8813,Iraq,43.404716,33.048056,1.0,country:1.00,matched,2026-04-27T16:46:46Z,iq
448181,Islamic Art,1199,||||||Iraq or Syria||||,Iraq,country,0.5,True,country.8813,Iraq,43.404716,33.048056,1.0,country:1.00,matched,2026-04-27T16:46:46Z,iq
448182,Islamic Art,1199,||||||Iraq or Syria||||,Iraq,country,0.5,True,country.8813,Iraq,43.404716,33.048056,1.0,country:1.00,matched,2026-04-27T16:46:46Z,iq
448186,Islamic Art,799,||||||Iran||||,Iran,country,0.7,True,country.8814,Iran,54.301374,32.565838,1.0,country:1.00,matched,2026-04-27T16:46:46Z,ir
448260,Islamic Art,999,||||||Iran||||,Iran,country,0.7,True,country.8814,Iran,54.301374,32.565838,1.0,country:1.00,matched,2026-04-27T16:46:46Z,ir
448261,Islamic Art,1149,||||||Iran||||,Iran,country,0.7,True,country.8814,Iran,54.301374,32.565838,1.0,country:1.00,matched,2026-04-27T16:46:46Z,ir
448394,Islamic Art,1649,||||||Iran||||,Iran,country,0.7,True,country.8814,Iran,54.301374,32.565838,1.0,country:1.00,matched,2026-04-27T16:46:46Z,ir
448395,Islamic Art,1649,||||||Iran||||,Iran,country,0.7,True,country.8814,Iran,54.301374,32.565838,1.0,country:1.00,matched,2026-04-27T16:46:46Z,ir
448397,Islamic Art,1649,Iznik||||||Turkey||||,"Iznik, Turkey",city||country,0.88,True,place.5138660,"İznik, Bursa, Türkiye",29.719765,40.42917,1.0,place:1.00,matched,2026-04-27T16:46:47Z,tr
448424,Islamic Art,1299,||||||Iran||||,Iran,country,0.7,True,country.8814,Iran,54.301374,32.565838,1.0,country:1.00,matched,2026-04-27T16:46:46Z,ir
448429,Islamic Art,1674,||||||Iran||||,Iran,country,0.7,True,country.8814,Iran,54.301374,32.565838,1.0,country:1.00,matched,2026-04-27T16:46:46Z,ir
448430,Islamic Art,1649,||||||Iran||||,Iran,country,0.7,True,country.8814,Iran,54.301374,32.565838,1.0,country:1.00,matched,2026-04-27T16:46:46Z,ir
448432,Islamic Art,1725,||||||Iran||||,Iran,country,0.7,True,country.8814,Iran,54.301374,32.565838,1.0,country:1.00,matched,2026-04-27T16:46:46Z,ir
448441,Islamic Art,1649,||||||Iran||||,Iran,country,0.7,True,country.8814,Iran,54.301374,32.565838,1.0,country:1.00,matched,2026-04-27T16:46:46Z,ir
448447,Islamic Art,1649,||||||Syria||||,Syria,country,0.7,True,country.8919,Syria,38.505592,35.013048,1.0,country:1.00,matched,2026-04-27T16:47:09Z,sy
448448,Islamic Art,1749,||||||Iran||||,Iran,country,0.7,True,country.8814,Iran,54.301374,32.565838,1.0,country:1.00,matched,2026-04-27T16:46:46Z,ir
448541,Islamic Art,849,Saveh||||||Iran||||,"Saveh, Iran",city||country,0.88,True,place.2345070,"Saveh County, Markazi, Iran",50.36513,35.019794,0.98,place:0.98,matched,2026-04-27T16:47:04Z,ir
448544,Islamic Art,1249,Rayy||||||Iran||||,"Rayy, Iran",city||country,0.88,True,country.8814,Iran,54.301374,32.565838,0.5,country:0.50,matched,2026-04-27T16:47:02Z,ir
448557,Islamic Art,1249,||||||Iran||||,Iran,country,0.7,True,country.8814,Iran,54.301374,32.565838,1.0,country:1.00,matched,2026-04-27T16:46:46Z,ir
448671,Islamic Art,1215,Kashan||||||Iran||||,"Kashan, Iran",city||country,0.88,True,place.1255534,"Kashan County, Isfahan, Iran",51.44271,33.98714,0.98,place:0.98,matched,2026-04-27T16:46:48Z,ir
448686,Islamic Art,1199,Raqqa||||||Syria||||,"Raqqa, Syria",city||country,0.88,True,place.13035735,"Raqqa, Al-Raqqah, Syria",39.008921,35.949678,1.0,place:1.00,matched,2026-04-27T16:47:01Z,sy
448694,Islamic Art,849,near Susa||||||Iran||||,"Susa, Iran, Iran",city||country,0.88,True,place.1099886,"Eyvan County, Ilam, Iran",46.309772,33.82832,0.613333,place:0.61,matched,2026-04-27T16:47:08Z,ir
448695,Islamic Art,849,||||||Iraq||||,Iraq,country,0.7,True,country.8813,Iraq,43.404716,33.048056,1.0,country:1.00,matched,2026-04-27T16:46:46Z,iq
448696,Islamic Art,749,Ctesiphon||||||Iraq||||,"Ctesiphon, Iraq",city||country,0.88,True,country.8813,Iraq,43.404716,33.048056,0.5,country:0.50,matched,2026-04-27T16:46:37Z,iq
448700,Islamic Art,849,Ctesiphon||||||Iraq||||,"Ctesiphon, Iraq",city||country,0.88,True,country.8813,Iraq,43.404716,33.048056,0.5,country:0.50,matched,2026-04-27T16:46:37Z,iq
448726,Islamic Art,749,Ctesiphon||||||Iraq||||,"Ctesiphon, Iraq",city||country,0.88,True,country.8813,Iraq,43.404716,33.048056,0.5,country:0.50,matched,2026-04-27T16:46:37Z,iq
448826,Islamic Art,449,Ctesiphon||||||Iraq||||,"Ctesiphon, Iraq",city||country,0.88,True,country.8813,Iraq,43.404716,33.048056,0.5,country:0.50,matched,2026-04-27T16:46:37Z,iq
448967,Islamic Art,760,Qasr-i Abu Nasr||||||Iran||||,"Qasr-i Abu Nasr, Iran",city||country,0.88,True,country.8814,Iran,54.301374,32.565838,0.366667,country:0.37,matched,2026-04-27T16:47:01Z,ir
448968,Islamic Art,749,Qasr-i Abu Nasr||||||Iran||||,"Qasr-i Abu Nasr, Iran",city||country,0.88,True,country.8814,Iran,54.301374,32.565838,0.366667,country:0.37,matched,2026-04-27T16:47:01Z,ir
448969,Islamic Art,799,Qasr-i Abu Nasr||||||Iran||||,"Qasr-i Abu Nasr, Iran",city||country,0.88,True,country.8814,Iran,54.301374,32.565838,0.366667,country:0.37,matched,2026-04-27T16:47:01Z,ir
448975,Islamic Art,799,Qasr-i Abu Nasr||||||Iran||||,"Qasr-i Abu Nasr, Iran",city||country,0.88,True,country.8814,Iran,54.301374,32.565838,0.366667,country:0.37,matched,2026-04-27T16:47:01Z,ir
448976,Islamic Art,949,Qasr-i Abu Nasr||||||Iran||||,"Qasr-i Abu Nasr, Iran",city||country,0.88,True,country.8814,Iran,54.301374,32.565838,0.366667,country:0.37,matched,2026-04-27T16:47:01Z,ir
448981,Islamic Art,710,Qasr-i Abu Nasr||||||Iran||||,"Qasr-i Abu Nasr, Iran",city||country,0.88,True,country.8814,Iran,54.301374,32.565838,0.366667,country:0.37,matched,2026-04-27T16:47:01Z,ir
448982,Islamic Art,799,Qasr-i Abu Nasr||||||Iran||||,"Qasr-i Abu Nasr, Iran",city||country,0.88,True,country.8814,Iran,54.301374,32.565838,0.366667,country:0.37,matched,2026-04-27T16:47:01Z,ir
448984,Islamic Art,799,Qasr-i Abu Nasr||||||Iran||||,"Qasr-i Abu Nasr, Iran",city||country,0.88,True,country.8814,Iran,54.301374,32.565838,0.366667,country:0.37,matched,2026-04-27T16:47:01Z,ir
448985,Islamic Art,899,Qasr-i Abu Nasr||||||Iran||||,"Qasr-i Abu Nasr, Iran",city||country,0.88,True,country.8814,Iran,54.301374,32.565838,0.366667,country:0.37,matched,2026-04-27T16:47:01Z,ir
448986,Islamic Art,899,Qasr-i Abu Nasr||||||Iran||||,"Qasr-i Abu Nasr, Iran",city||country,0.88,True,country.8814,Iran,54.301374,32.565838,0.366667,country:0.37,matched,2026-04-27T16:47:01Z,ir
448987,Islamic Art,799,Qasr-i Abu Nasr||||||Iran||||,"Qasr-i Abu Nasr, Iran",city||country,0.88,True,country.8814,Iran,54.301374,32.565838,0.366667,country:0.37,matched,2026-04-27T16:47:01Z,ir
448988,Islamic Art,749,Qasr-i Abu Nasr||||||Iran||||,"Qasr-i Abu Nasr, Iran",city||country,0.88,True,country.8814,Iran,54.301374,32.565838,0.366667,country:0.37,matched,2026-04-27T16:47:01Z,ir
448997,Islamic Art,849,Qasr-i Abu Nasr||||||Iran||||,"Qasr-i Abu Nasr, Iran",city||country,0.88,True,country.8814,Iran,54.301374,32.565838,0.366667,country:0.37,matched,2026-04-27T16:47:01Z,ir
448998,Islamic Art,849,Qasr-i Abu Nasr||||||Iran||||,"Qasr-i Abu Nasr, Iran",city||country,0.88,True,country.8814,Iran,54.301374,32.565838,0.366667,country:0.37,matched,2026-04-27T16:47:01Z,ir
449010,Islamic Art,549,Qasr-i Abu Nasr||||||Iran||||,"Qasr-i Abu Nasr, Iran",city||country,0.88,True,country.8814,Iran,54.301374,32.565838,0.366667,country:0.37,matched,2026-04-27T16:47:01Z,ir
449041,Islamic Art,1199,Nishapur||||||Iran||||,"Nishapur, Iran",city||country,0.88,True,place.1878126,"Nishapur County, Razavi Khorasan, Iran",58.79233,36.21129,0.95,place:0.95,matched,2026-04-27T16:46:56Z,ir
449056,Islamic Art,999,Nishapur||||||Iran||||,"Nishapur, Iran",city||country,0.88,True,place.1878126,"Nishapur County, Razavi Khorasan, Iran",58.79233,36.21129,0.95,place:0.95,matched,2026-04-27T16:46:56Z,ir
449058,Islamic Art,1199,Nishapur||||||Iran||||,"Nishapur, Iran",city||country,0.88,True,place.1878126,"Nishapur County, Razavi Khorasan, Iran",58.79233,36.21129,0.95,place:0.95,matched,2026-04-27T16:46:56Z,ir
449063,Islamic Art,1149,Nishapur||||||Iran||||,"Nishapur, Iran",city||country,0.88,True,place.1878126,"Nishapur County, Razavi Khorasan, Iran",58.79233,36.21129,0.95,place:0.95,matched,2026-04-27T16:46:56Z,ir
449066,Islamic Art,899,Nishapur||||||Iran||||,"Nishapur, Iran",city||country,0.88,True,place.1878126,"Nishapur County, Razavi Khorasan, Iran",58.79233,36.21129,0.95,place:0.95,matched,2026-04-27T16:46:56Z,ir
449067,Islamic Art,899,Nishapur||||||Iran||||,"Nishapur, Iran",city||country,0.88,True,place.1878126,"Nishapur County, Razavi Khorasan, Iran",58.79233,36.21129,0.95,place:0.95,matched,2026-04-27T16:46:56Z,ir
449068,Islamic Art,999,Nishapur||||||Iran||||,"Nishapur, Iran",city||country,0.88,True,place.1878126,"Nishapur County, Razavi Khorasan, Iran",58.79233,36.21129,0.95,place:0.95,matched,2026-04-27T16:46:56Z,ir
449070,Islamic Art,812,Nishapur||||||Iran||||,"Nishapur, Iran",city||country,0.88,True,place.1878126,"Nishapur County, Razavi Khorasan, Iran",58.79233,36.21129,0.95,place:0.95,matched,2026-04-27T16:46:56Z,ir
449071,Islamic Art,812,Nishapur||||||Iran||||,"Nishapur, Iran",city||country,0.88,True,place.1878126,"Nishapur County, Razavi Khorasan, Iran",58.79233,36.21129,0.95,place:0.95,matched,2026-04-27T16:46:56Z,ir
449072,Islamic Art,899,Nishapur||||||Iran||||,"Nishapur, Iran",city||country,0.88,True,place.1878126,"Nishapur County, Razavi Khorasan, Iran",58.79233,36.21129,0.95,place:0.95,matched,2026-04-27T16:46:56Z,ir
449073,Islamic Art,899,Nishapur||||||Iran||||,"Nishapur, Iran",city||country,0.88,True,place.1878126,"Nishapur County, Razavi Khorasan, Iran",58.79233,36.21129,0.95,place:0.95,matched,2026-04-27T16:46:56Z,ir
449078,Islamic Art,1249,Nishapur||||||Iran||||,"Nishapur, Iran",city||country,0.88,True,place.1878126,"Nishapur County, Razavi Khorasan, Iran",58.79233,36.21129,0.95,place:0.95,matched,2026-04-27T16:46:56Z,ir
449079,Islamic Art,849,Nishapur||||||Iran||||,"Nishapur, Iran",city||country,0.88,True,place.1878126,"Nishapur County, Razavi Khorasan, Iran",58.79233,36.21129,0.95,place:0.95,matched,2026-04-27T16:46:56Z,ir
449081,Islamic Art,1149,Nishapur||||||Iran||||,"Nishapur, Iran",city||country,0.88,True,place.1878126,"Nishapur County, Razavi Khorasan, Iran",58.79233,36.21129,0.95,place:0.95,matched,2026-04-27T16:46:56Z,ir
449086,Islamic Art,899,Nishapur||||||Iran||||,"Nishapur, Iran",city||country,0.88,True,place.1878126,"Nishapur County, Razavi Khorasan, Iran",58.79233,36.21129,0.95,place:0.95,matched,2026-04-27T16:46:56Z,ir
449089,Islamic Art,899,Nishapur||||||Iran||||,"Nishapur, Iran",city||country,0.88,True,place.1878126,"Nishapur County, Razavi Khorasan, Iran",58.79233,36.21129,0.95,place:0.95,matched,2026-04-27T16:46:56Z,ir
449096,Islamic Art,799,Qasr-i Abu Nasr||||||Iran||||,"Qasr-i Abu Nasr, Iran",city||country,0.88,True,country.8814,Iran,54.301374,32.565838,0.366667,country:0.37,matched,2026-04-27T16:47:01Z,ir
449115,Islamic Art,949,Nishapur||||||Iran||||,"Nishapur, Iran",city||country,0.88,True,place.1878126,"Nishapur County, Razavi Khorasan, Iran",58.79233,36.21129,0.95,place:0.95,matched,2026-04-27T16:46:56Z,ir
449116,Islamic Art,825,Nishapur||||||Iran||||,"Nishapur, Iran",city||country,0.88,True,place.1878126,"Nishapur County, Razavi Khorasan, Iran",58.79233,36.21129,0.95,place:0.95,matched,2026-04-27T16:46:56Z,ir
449117,Islamic Art,812,Nishapur||||||Iran||||,"Nishapur, Iran",city||country,0.88,True,place.1878126,"Nishapur County, Razavi Khorasan, Iran",58.79233,36.21129,0.95,place:0.95,matched,2026-04-27T16:46:56Z,ir
449129,Islamic Art,1099,Nishapur||||||Iran||||,"Nishapur, Iran",city||country,0.88,True,place.1878126,"Nishapur County, Razavi Khorasan, Iran",58.79233,36.21129,0.95,place:0.95,matched,2026-04-27T16:46:56Z,ir
449313,Islamic Art,949,Nishapur||||||Iran||||,"Nishapur, Iran",city||country,0.88,True,place.1878126,"Nishapur County, Razavi Khorasan, Iran",58.79233,36.21129,0.95,place:0.95,matched,2026-04-27T16:46:56Z,ir
449335,Islamic Art,812,Nishapur||||||Iran||||,"Nishapur, Iran",city||country,0.88,True,place.1878126,"Nishapur County, Razavi Khorasan, Iran",58.79233,36.21129,0.95,place:0.95,matched,2026-04-27T16:46:56Z,ir
449357,Islamic Art,1199,Nishapur||||||Iran||||,"Nishapur, Iran",city||country,0.88,True,place.1878126,"Nishapur County, Razavi Khorasan, Iran",58.79233,36.21129,0.95,place:0.95,matched,2026-04-27T16:46:56Z,ir
449361,Islamic Art,849,Nishapur||||||Iran||||,"Nishapur, Iran",city||country,0.88,True,place.1878126,"Nishapur County, Razavi Khorasan, Iran",58.79233,36.21129,0.95,place:0.95,matched,2026-04-27T16:46:56Z,ir
449362,Islamic Art,849,Nishapur||||||Iran||||,"Nishapur, Iran",city||country,0.88,True,place.1878126,"Nishapur County, Razavi Khorasan, Iran",58.79233,36.21129,0.95,place:0.95,matched,2026-04-27T16:46:56Z,ir
449363,Islamic Art,899,Nishapur||||||Iran||||,"Nishapur, Iran",city||country,0.88,True,place.1878126,"Nishapur County, Razavi Khorasan, Iran",58.79233,36.21129,0.95,place:0.95,matched,2026-04-27T16:46:56Z,ir
449371,Islamic Art,899,Nishapur||||||Iran||||,"Nishapur, Iran",city||country,0.88,True,place.1878126,"Nishapur County, Razavi Khorasan, Iran",58.79233,36.21129,0.95,place:0.95,matched,2026-04-27T16:46:56Z,ir
449399,Islamic Art,849,Nishapur||||||Iran||||,"Nishapur, Iran",city||country,0.88,True,place.1878126,"Nishapur County, Razavi Khorasan, Iran",58.79233,36.21129,0.95,place:0.95,matched,2026-04-27T16:46:56Z,ir
449400,Islamic Art,849,Nishapur||||||Iran||||,"Nishapur, Iran",city||country,0.88,True,place.1878126,"Nishapur County, Razavi Khorasan, Iran",58.79233,36.21129,0.95,place:0.95,matched,2026-04-27T16:46:56Z,ir
449402,Islamic Art,812,Nishapur||||||Iran||||,"Nishapur, Iran",city||country,0.88,True,place.1878126,"Nishapur County, Razavi Khorasan, Iran",58.79233,36.21129,0.95,place:0.95,matched,2026-04-27T16:46:56Z,ir
449403,Islamic Art,900,Nishapur||||||Iran||||,"Nishapur, Iran",city||country,0.88,True,place.1878126,"Nishapur County, Razavi Khorasan, Iran",58.79233,36.21129,0.95,place:0.95,matched,2026-04-27T16:46:56Z,ir
449404,Islamic Art,800,Nishapur||||||Iran||||,"Nishapur, Iran",city||country,0.88,True,place.1878126,"Nishapur County, Razavi Khorasan, Iran",58.79233,36.21129,0.95,place:0.95,matched,2026-04-27T16:46:56Z,ir
449418,Islamic Art,849,Nishapur||||||Iran||||,"Nishapur, Iran",city||country,0.88,True,place.1878126,"Nishapur County, Razavi Khorasan, Iran",58.79233,36.21129,0.95,place:0.95,matched,2026-04-27T16:46:56Z,ir
449419,Islamic Art,849,Nishapur||||||Iran||||,"Nishapur, Iran",city||country,0.88,True,place.1878126,"Nishapur County, Razavi Khorasan, Iran",58.79233,36.21129,0.95,place:0.95,matched,2026-04-27T16:46:56Z,ir
449420,Islamic Art,799,Nishapur||||||Iran||||,"Nishapur, Iran",city||country,0.88,True,place.1878126,"Nishapur County, Razavi Khorasan, Iran",58.79233,36.21129,0.95,place:0.95,matched,2026-04-27T16:46:56Z,ir
449421,Islamic Art,849,Nishapur||||||Iran||||,"Nishapur, Iran",city||country,0.88,True,place.1878126,"Nishapur County, Razavi Khorasan, Iran",58.79233,36.21129,0.95,place:0.95,matched,2026-04-27T16:46:56Z,ir
449422,Islamic Art,849,Nishapur||||||Iran||||,"Nishapur, Iran",city||country,0.88,True,place.1878126,"Nishapur County, Razavi Khorasan, Iran",58.79233,36.21129,0.95,place:0.95,matched,2026-04-27T16:46:56Z,ir
449424,Islamic Art,1049,Nishapur||||||Iran||||,"Nishapur, Iran",city||country,0.88,True,place.1878126,"Nishapur County, Razavi Khorasan, Iran",58.79233,36.21129,0.95,place:0.95,matched,2026-04-27T16:46:56Z,ir
449426,Islamic Art,849,Nishapur||||||Iran||||,"Nishapur, Iran",city||country,0.88,True,place.1878126,"Nishapur County, Razavi Khorasan, Iran",58.79233,36.21129,0.95,place:0.95,matched,2026-04-27T16:46:56Z,ir
449428,Islamic Art,887,Nishapur||||||Iran||||,"Nishapur, Iran",city||country,0.88,True,place.1878126,"Nishapur County, Razavi Khorasan, Iran",58.79233,36.21129,0.95,place:0.95,matched,2026-04-27T16:46:56Z,ir
449429,Islamic Art,762,Nishapur||||||Iran||||,"Nishapur, Iran",city||country,0.88,True,place.1878126,"Nishapur County, Razavi Khorasan, Iran",58.79233,36.21129,0.95,place:0.95,matched,2026-04-27T16:46:56Z,ir
449430,Islamic Art,800,Nishapur||||||Iran||||,"Nishapur, Iran",city||country,0.88,True,place.1878126,"Nishapur County, Razavi Khorasan, Iran",58.79233,36.21129,0.95,place:0.95,matched,2026-04-27T16:46:56Z,ir
449435,Islamic Art,862,Nishapur||||||Iran||||,"Nishapur, Iran",city||country,0.88,True,place.1878126,"Nishapur County, Razavi Khorasan, Iran",58.79233,36.21129,0.95,place:0.95,matched,2026-04-27T16:46:56Z,ir
449436,Islamic Art,937,Nishapur||||||Iran||||,"Nishapur, Iran",city||country,0.88,True,place.1878126,"Nishapur County, Razavi Khorasan, Iran",58.79233,36.21129,0.95,place:0.95,matched,2026-04-27T16:46:56Z,ir
449446,Islamic Art,899,Nishapur||||||Iran||||,"Nishapur, Iran",city||country,0.88,True,place.1878126,"Nishapur County, Razavi Khorasan, Iran",58.79233,36.21129,0.95,place:0.95,matched,2026-04-27T16:46:56Z,ir
449455,Islamic Art,837,Nishapur||||||Iran||||,"Nishapur, Iran",city||country,0.88,True,place.1878126,"Nishapur County, Razavi Khorasan, Iran",58.79233,36.21129,0.95,place:0.95,matched,2026-04-27T16:46:56Z,ir
449457,Islamic Art,899,Nishapur||||||Iran||||,"Nishapur, Iran",city||country,0.88,True,place.1878126,"Nishapur County, Razavi Khorasan, Iran",58.79233,36.21129,0.95,place:0.95,matched,2026-04-27T16:46:56Z,ir
449464,Islamic Art,849,Nishapur||||||Iran||||,"Nishapur, Iran",city||country,0.88,True,place.1878126,"Nishapur County, Razavi Khorasan, Iran",58.79233,36.21129,0.95,place:0.95,matched,2026-04-27T16:46:56Z,ir
449481,Islamic Art,899,Nishapur||||||Iran||||,"Nishapur, Iran",city||country,0.88,True,place.1878126,"Nishapur County, Razavi Khorasan, Iran",58.79233,36.21129,0.95,place:0.95,matched,2026-04-27T16:46:56Z,ir
449482,Islamic Art,999,||||||Iran||||,Iran,country,0.7,True,country.8814,Iran,54.301374,32.565838,1.0,country:1.00,matched,2026-04-27T16:46:46Z,ir
449483,Islamic Art,849,Nishapur||||||Iran||||,"Nishapur, Iran",city||country,0.88,True,place.1878126,"Nishapur County, Razavi Khorasan, Iran",58.79233,36.21129,0.95,place:0.95,matched,2026-04-27T16:46:56Z,ir
449497,Islamic Art,1099,Nishapur||||||Iran||||,"Nishapur, Iran",city||country,0.88,True,place.1878126,"Nishapur County, Razavi Khorasan, Iran",58.79233,36.21129,0.95,place:0.95,matched,2026-04-27T16:46:56Z,ir
449498,Islamic Art,1099,Nishapur||||||Iran||||,"Nishapur, Iran",city||country,0.88,True,place.1878126,"Nishapur County, Razavi Khorasan, Iran",58.79233,36.21129,0.95,place:0.95,matched,2026-04-27T16:46:56Z,ir
449506,Islamic Art,837,Nishapur||||||Iran||||,"Nishapur, Iran",city||country,0.88,True,place.1878126,"Nishapur County, Razavi Khorasan, Iran",58.79233,36.21129,0.95,place:0.95,matched,2026-04-27T16:46:56Z,ir
449507,Islamic Art,1149,Raqqa||||||Syria||||,"Raqqa, Syria",city||country,0.88,True,place.13035735,"Raqqa, Al-Raqqah, Syria",39.008921,35.949678,1.0,place:1.00,matched,2026-04-27T16:47:01Z,sy
449508,Islamic Art,1149,Raqqa||||||Syria||||,"Raqqa, Syria",city||country,0.88,True,place.13035735,"Raqqa, Al-Raqqah, Syria",39.008921,35.949678,1.0,place:1.00,matched,2026-04-27T16:47:01Z,sy
449509,Islamic Art,1149,Raqqa||||||Syria||||,"Raqqa, Syria",city||country,0.88,True,place.13035735,"Raqqa, Al-Raqqah, Syria",39.008921,35.949678,1.0,place:1.00,matched,2026-04-27T16:47:01Z,sy
449555,Islamic Art,899,Nishapur||||||Iran||||,"Nishapur, Iran",city||country,0.88,True,place.1878126,"Nishapur County, Razavi Khorasan, Iran",58.79233,36.21129,0.95,place:0.95,matched,2026-04-27T16:46:56Z,ir
449557,Islamic Art,849,Nishapur||||||Iran||||,"Nishapur, Iran",city||country,0.88,True,place.1878126,"Nishapur County, Razavi Khorasan, Iran",58.79233,36.21129,0.95,place:0.95,matched,2026-04-27T16:46:56Z,ir
449559,Islamic Art,849,Nishapur||||||Iran||||,"Nishapur, Iran",city||country,0.88,True,place.1878126,"Nishapur County, Razavi Khorasan, Iran",58.79233,36.21129,0.95,place:0.95,matched,2026-04-27T16:46:56Z,ir
449560,Islamic Art,899,Nishapur||||||Iran||||,"Nishapur, Iran",city||country,0.88,True,place.1878126,"Nishapur County, Razavi Khorasan, Iran",58.79233,36.21129,0.95,place:0.95,matched,2026-04-27T16:46:56Z,ir
449608,Islamic Art,1049,Nishapur||||||Iran||||,"Nishapur, Iran",city||country,0.88,True,place.1878126,"Nishapur County, Razavi Khorasan, Iran",58.79233,36.21129,0.95,place:0.95,matched,2026-04-27T16:46:56Z,ir
449622,Islamic Art,899,Nishapur||||||Iran||||,"Nishapur, Iran",city||country,0.88,True,place.1878126,"Nishapur County, Razavi Khorasan, Iran",58.79233,36.21129,0.95,place:0.95,matched,2026-04-27T16:46:56Z,ir
449623,Islamic Art,899,Nishapur||||||Iran||||,"Nishapur, Iran",city||country,0.88,True,place.1878126,"Nishapur County, Razavi Khorasan, Iran",58.79233,36.21129,0.95,place:0.95,matched,2026-04-27T16:46:56Z,ir
449634,Islamic Art,999,Nishapur||||||Iran||||,"Nishapur, Iran",city||country,0.88,True,place.1878126,"Nishapur County, Razavi Khorasan, Iran",58.79233,36.21129,0.95,place:0.95,matched,2026-04-27T16:46:56Z,ir
449635,Islamic Art,875,Nishapur||||||Iran||||,"Nishapur, Iran",city||country,0.88,True,place.1878126,"Nishapur County, Razavi Khorasan, Iran",58.79233,36.21129,0.95,place:0.95,matched,2026-04-27T16:46:56Z,ir
449636,Islamic Art,899,Nishapur||||||Iran||||,"Nishapur, Iran",city||country,0.88,True,place.1878126,"Nishapur County, Razavi Khorasan, Iran",58.79233,36.21129,0.95,place:0.95,matched,2026-04-27T16:46:56Z,ir
449637,Islamic Art,899,Nishapur||||||Iran||||,"Nishapur, Iran",city||country,0.88,True,place.1878126,"Nishapur County, Razavi Khorasan, Iran",58.79233,36.21129,0.95,place:0.95,matched,2026-04-27T16:46:56Z,ir
449640,Islamic Art,899,Nishapur||||||Iran||||,"Nishapur, Iran",city||country,0.88,True,place.1878126,"Nishapur County, Razavi Khorasan, Iran",58.79233,36.21129,0.95,place:0.95,matched,2026-04-27T16:46:56Z,ir
449649,Islamic Art,849,Nishapur||||||Iran||||,"Nishapur, Iran",city||country,0.88,True,place.1878126,"Nishapur County, Razavi Khorasan, Iran",58.79233,36.21129,0.95,place:0.95,matched,2026-04-27T16:46:56Z,ir
449652,Islamic Art,949,Nishapur||||||Iran||||,"Nishapur, Iran",city||country,0.88,True,place.1878126,"Nishapur County, Razavi Khorasan, Iran",58.79233,36.21129,0.95,place:0.95,matched,2026-04-27T16:46:56Z,ir
449659,Islamic Art,899,Nishapur||||||Iran||||,"Nishapur, Iran",city||country,0.88,True,place.1878126,"Nishapur County, Razavi Khorasan, Iran",58.79233,36.21129,0.95,place:0.95,matched,2026-04-27T16:46:56Z,ir
449676,Islamic Art,899,Nishapur||||||Iran||||,"Nishapur, Iran",city||country,0.88,True,place.1878126,"Nishapur County, Razavi Khorasan, Iran",58.79233,36.21129,0.95,place:0.95,matched,2026-04-27T16:46:56Z,ir
449686,Islamic Art,1199,||||||Iran||||,Iran,country,0.7,True,country.8814,Iran,54.301374,32.565838,1.0,country:1.00,matched,2026-04-27T16:46:46Z,ir
449708,Islamic Art,849,Nishapur||||||Iran||||,"Nishapur, Iran",city||country,0.88,True,place.1878126,"Nishapur County, Razavi Khorasan, Iran",58.79233,36.21129,0.95,place:0.95,matched,2026-04-27T16:46:56Z,ir
449715,Islamic Art,899,Nishapur||||||Iran||||,"Nishapur, Iran",city||country,0.88,True,place.1878126,"Nishapur County, Razavi Khorasan, Iran",58.79233,36.21129,0.95,place:0.95,matched,2026-04-27T16:46:56Z,ir
449736,Islamic Art,899,Nishapur||||||Iran||||,"Nishapur, Iran",city||country,0.88,True,place.1878126,"Nishapur County, Razavi Khorasan, Iran",58.79233,36.21129,0.95,place:0.95,matched,2026-04-27T16:46:56Z,ir
449743,Islamic Art,849,Nishapur||||||Iran||||,"Nishapur, Iran",city||country,0.88,True,place.1878126,"Nishapur County, Razavi Khorasan, Iran",58.79233,36.21129,0.95,place:0.95,matched,2026-04-27T16:46:56Z,ir
449744,Islamic Art,799,Nishapur||||||Iran||||,"Nishapur, Iran",city||country,0.88,True,place.1878126,"Nishapur County, Razavi Khorasan, Iran",58.79233,36.21129,0.95,place:0.95,matched,2026-04-27T16:46:56Z,ir
449747,Islamic Art,849,Nishapur||||||Iran||||,"Nishapur, Iran",city||country,0.88,True,place.1878126,"Nishapur County, Razavi Khorasan, Iran",58.79233,36.21129,0.95,place:0.95,matched,2026-04-27T16:46:56Z,ir
449748,Islamic Art,899,Nishapur||||||Iran||||,"Nishapur, Iran",city||country,0.88,True,place.1878126,"Nishapur County, Razavi Khorasan, Iran",58.79233,36.21129,0.95,place:0.95,matched,2026-04-27T16:46:56Z,ir
449771,Islamic Art,999,Nishapur||||||Iran||||,"Nishapur, Iran",city||country,0.88,True,place.1878126,"Nishapur County, Razavi Khorasan, Iran",58.79233,36.21129,0.95,place:0.95,matched,2026-04-27T16:46:56Z,ir
449772,Islamic Art,1099,Nishapur||||||Iran||||,"Nishapur, Iran",city||country,0.88,True,place.1878126,"Nishapur County, Razavi Khorasan, Iran",58.79233,36.21129,0.95,place:0.95,matched,2026-04-27T16:46:56Z,ir
449773,Islamic Art,799,Nishapur||||||Iran||||,"Nishapur, Iran",city||country,0.88,True,place.1878126,"Nishapur County, Razavi Khorasan, Iran",58.79233,36.21129,0.95,place:0.95,matched,2026-04-27T16:46:56Z,ir
449775,Islamic Art,899,Nishapur||||||Iran||||,"Nishapur, Iran",city||country,0.88,True,place.1878126,"Nishapur County, Razavi Khorasan, Iran",58.79233,36.21129,0.95,place:0.95,matched,2026-04-27T16:46:56Z,ir
449851,Islamic Art,1099,Nishapur||||||Iran||||,"Nishapur, Iran",city||country,0.88,True,place.1878126,"Nishapur County, Razavi Khorasan, Iran",58.79233,36.21129,0.95,place:0.95,matched,2026-04-27T16:46:56Z,ir
449869,Islamic Art,837,Nishapur||||||Iran||||,"Nishapur, Iran",city||country,0.88,True,place.1878126,"Nishapur County, Razavi Khorasan, Iran",58.79233,36.21129,0.95,place:0.95,matched,2026-04-27T16:46:56Z,ir
449870,Islamic Art,837,Nishapur||||||Iran||||,"Nishapur, Iran",city||country,0.88,True,place.1878126,"Nishapur County, Razavi Khorasan, Iran",58.79233,36.21129,0.95,place:0.95,matched,2026-04-27T16:46:56Z,ir
449872,Islamic Art,899,Nishapur||||||Iran||||,"Nishapur, Iran",city||country,0.88,True,place.1878126,"Nishapur County, Razavi Khorasan, Iran",58.79233,36.21129,0.95,place:0.95,matched,2026-04-27T16:46:56Z,ir
449873,Islamic Art,899,Nishapur||||||Iran||||,"Nishapur, Iran",city||country,0.88,True,place.1878126,"Nishapur County, Razavi Khorasan, Iran",58.79233,36.21129,0.95,place:0.95,matched,2026-04-27T16:46:56Z,ir
449874,Islamic Art,849,Nishapur||||||Iran||||,"Nishapur, Iran",city||country,0.88,True,place.1878126,"Nishapur County, Razavi Khorasan, Iran",58.79233,36.21129,0.95,place:0.95,matched,2026-04-27T16:46:56Z,ir
449875,Islamic Art,849,Nishapur||||||Iran||||,"Nishapur, Iran",city||country,0.88,True,place.1878126,"Nishapur County, Razavi Khorasan, Iran",58.79233,36.21129,0.95,place:0.95,matched,2026-04-27T16:46:56Z,ir
449876,Islamic Art,800,Nishapur||||||Iran||||,"Nishapur, Iran",city||country,0.88,True,place.1878126,"Nishapur County, Razavi Khorasan, Iran",58.79233,36.21129,0.95,place:0.95,matched,2026-04-27T16:46:56Z,ir
449878,Islamic Art,899,Nishapur||||||Iran||||,"Nishapur, Iran",city||country,0.88,True,place.1878126,"Nishapur County, Razavi Khorasan, Iran",58.79233,36.21129,0.95,place:0.95,matched,2026-04-27T16:46:56Z,ir
449879,Islamic Art,949,Nishapur||||||Iran||||,"Nishapur, Iran",city||country,0.88,True,place.1878126,"Nishapur County, Razavi Khorasan, Iran",58.79233,36.21129,0.95,place:0.95,matched,2026-04-27T16:46:56Z,ir
449880,Islamic Art,1049,Nishapur||||||Iran||||,"Nishapur, Iran",city||country,0.88,True,place.1878126,"Nishapur County, Razavi Khorasan, Iran",58.79233,36.21129,0.95,place:0.95,matched,2026-04-27T16:46:56Z,ir
449883,Islamic Art,799,Nishapur||||||Iran||||,"Nishapur, Iran",city||country,0.88,True,place.1878126,"Nishapur County, Razavi Khorasan, Iran",58.79233,36.21129,0.95,place:0.95,matched,2026-04-27T16:46:56Z,ir
449884,Islamic Art,899,Nishapur||||||Iran||||,"Nishapur, Iran",city||country,0.88,True,place.1878126,"Nishapur County, Razavi Khorasan, Iran",58.79233,36.21129,0.95,place:0.95,matched,2026-04-27T16:46:56Z,ir
449902,Islamic Art,949,Nishapur||||||Iran||||,"Nishapur, Iran",city||country,0.88,True,place.1878126,"Nishapur County, Razavi Khorasan, Iran",58.79233,36.21129,0.95,place:0.95,matched,2026-04-27T16:46:56Z,ir
449903,Islamic Art,837,Nishapur||||||Iran||||,"Nishapur, Iran",city||country,0.88,True,place.1878126,"Nishapur County, Razavi Khorasan, Iran",58.79233,36.21129,0.95,place:0.95,matched,2026-04-27T16:46:56Z,ir
449904,Islamic Art,837,Nishapur||||||Iran||||,"Nishapur, Iran",city||country,0.88,True,place.1878126,"Nishapur County, Razavi Khorasan, Iran",58.79233,36.21129,0.95,place:0.95,matched,2026-04-27T16:46:56Z,ir
449905,Islamic Art,837,Nishapur||||||Iran||||,"Nishapur, Iran",city||country,0.88,True,place.1878126,"Nishapur County, Razavi Khorasan, Iran",58.79233,36.21129,0.95,place:0.95,matched,2026-04-27T16:46:56Z,ir
449906,Islamic Art,899,Nishapur||||||Iran||||,"Nishapur, Iran",city||country,0.88,True,place.1878126,"Nishapur County, Razavi Khorasan, Iran",58.79233,36.21129,0.95,place:0.95,matched,2026-04-27T16:46:56Z,ir
449913,Islamic Art,1099,Nishapur||||||Iran||||,"Nishapur, Iran",city||country,0.88,True,place.1878126,"Nishapur County, Razavi Khorasan, Iran",58.79233,36.21129,0.95,place:0.95,matched,2026-04-27T16:46:56Z,ir
449914,Islamic Art,899,Nishapur||||||Iran||||,"Nishapur, Iran",city||country,0.88,True,place.1878126,"Nishapur County, Razavi Khorasan, Iran",58.79233,36.21129,0.95,place:0.95,matched,2026-04-27T16:46:56Z,ir
449915,Islamic Art,899,Nishapur||||||Iran||||,"Nishapur, Iran",city||country,0.88,True,place.1878126,"Nishapur County, Razavi Khorasan, Iran",58.79233,36.21129,0.95,place:0.95,matched,2026-04-27T16:46:56Z,ir
449916,Islamic Art,899,Nishapur||||||Iran||||,"Nishapur, Iran",city||country,0.88,True,place.1878126,"Nishapur County, Razavi Khorasan, Iran",58.79233,36.21129,0.95,place:0.95,matched,2026-04-27T16:46:56Z,ir
449917,Islamic Art,899,Nishapur||||||Iran||||,"Nishapur, Iran",city||country,0.88,True,place.1878126,"Nishapur County, Razavi Khorasan, Iran",58.79233,36.21129,0.95,place:0.95,matched,2026-04-27T16:46:56Z,ir
449918,Islamic Art,899,Nishapur||||||Iran||||,"Nishapur, Iran",city||country,0.88,True,place.1878126,"Nishapur County, Razavi Khorasan, Iran",58.79233,36.21129,0.95,place:0.95,matched,2026-04-27T16:46:56Z,ir
449919,Islamic Art,899,Nishapur||||||Iran||||,"Nishapur, Iran",city||country,0.88,True,place.1878126,"Nishapur County, Razavi Khorasan, Iran",58.79233,36.21129,0.95,place:0.95,matched,2026-04-27T16:46:56Z,ir
449920,Islamic Art,899,Nishapur||||||Iran||||,"Nishapur, Iran",city||country,0.88,True,place.1878126,"Nishapur County, Razavi Khorasan, Iran",58.79233,36.21129,0.95,place:0.95,matched,2026-04-27T16:46:56Z,ir
449921,Islamic Art,899,Nishapur||||||Iran||||,"Nishapur, Iran",city||country,0.88,True,place.1878126,"Nishapur County, Razavi Khorasan, Iran",58.79233,36.21129,0.95,place:0.95,matched,2026-04-27T16:46:56Z,ir
449923,Islamic Art,899,Nishapur||||||Iran||||,"Nishapur, Iran",city||country,0.88,True,place.1878126,"Nishapur County, Razavi Khorasan, Iran",58.79233,36.21129,0.95,place:0.95,matched,2026-04-27T16:46:56Z,ir
449924,Islamic Art,899,Nishapur||||||Iran||||,"Nishapur, Iran",city||country,0.88,True,place.1878126,"Nishapur County, Razavi Khorasan, Iran",58.79233,36.21129,0.95,place:0.95,matched,2026-04-27T16:46:56Z,ir
449925,Islamic Art,1099,Nishapur||||||Iran||||,"Nishapur, Iran",city||country,0.88,True,place.1878126,"Nishapur County, Razavi Khorasan, Iran",58.79233,36.21129,0.95,place:0.95,matched,2026-04-27T16:46:56Z,ir
450198,Islamic Art,1099,Nishapur||||||Iran||||,"Nishapur, Iran",city||country,0.88,True,place.1878126,"Nishapur County, Razavi Khorasan, Iran",58.79233,36.21129,0.95,place:0.95,matched,2026-04-27T16:46:56Z,ir
450459,Islamic Art,1199,||||||Iran||||,Iran,country,0.7,True,country.8814,Iran,54.301374,32.565838,1.0,country:1.00,matched,2026-04-27T16:46:46Z,ir
450460,Islamic Art,1349,||||||Syria||||,Syria,country,0.7,True,country.8919,Syria,38.505592,35.013048,1.0,country:1.00,matched,2026-04-27T16:47:09Z,sy
450480,Islamic Art,1674,||||||Iran||||,Iran,country,0.7,True,country.8814,Iran,54.301374,32.565838,1.0,country:1.00,matched,2026-04-27T16:46:46Z,ir
450494,Islamic Art,849,||||||Iraq or Syria||||,Iraq,country,0.5,True,country.8813,Iraq,43.404716,33.048056,1.0,country:1.00,matched,2026-04-27T16:46:46Z,iq
450747,Islamic Art,1249,Gurgan||||||Iran||||,"Gurgan, Iran",city||country,0.88,True,place.1009774,"Gorgan County, Golestan, Iran",54.435223,36.839176,0.94,place:0.94,matched,2026-04-27T16:46:45Z,ir
450759,Islamic Art,899,Nishapur||||||Iran||||,"Nishapur, Iran",city||country,0.88,True,place.1878126,"Nishapur County, Razavi Khorasan, Iran",58.79233,36.21129,0.95,place:0.95,matched,2026-04-27T16:46:56Z,ir
450760,Islamic Art,799,Nishapur||||||Iran||||,"Nishapur, Iran",city||country,0.88,True,place.1878126,"Nishapur County, Razavi Khorasan, Iran",58.79233,36.21129,0.95,place:0.95,matched,2026-04-27T16:46:56Z,ir
450769,Islamic Art,1049,Nishapur||||||Iran||||,"Nishapur, Iran",city||country,0.88,True,place.1878126,"Nishapur County, Razavi Khorasan, Iran",58.79233,36.21129,0.95,place:0.95,matched,2026-04-27T16:46:56Z,ir
450929,Islamic Art,1149,Raqqa||||||Syria||||,"Raqqa, Syria",city||country,0.88,True,place.13035735,"Raqqa, Al-Raqqah, Syria",39.008921,35.949678,1.0,place:1.00,matched,2026-04-27T16:47:01Z,sy
450930,Islamic Art,1149,Raqqa||||||Syria||||,"Raqqa, Syria",city||country,0.88,True,place.13035735,"Raqqa, Al-Raqqah, Syria",39.008921,35.949678,1.0,place:1.00,matched,2026-04-27T16:47:01Z,sy
450931,Islamic Art,1149,Raqqa||||||Syria||||,"Raqqa, Syria",city||country,0.88,True,place.13035735,"Raqqa, Al-Raqqah, Syria",39.008921,35.949678,1.0,place:1.00,matched,2026-04-27T16:47:01Z,sy
450932,Islamic Art,1212,Raqqa||||||Syria||||,"Raqqa, Syria",city||country,0.88,True,place.13035735,"Raqqa, Al-Raqqah, Syria",39.008921,35.949678,1.0,place:1.00,matched,2026-04-27T16:47:01Z,sy
450940,Islamic Art,1199,Raqqa||||||Syria||||,"Raqqa, Syria",city||country,0.88,True,place.13035735,"Raqqa, Al-Raqqah, Syria",39.008921,35.949678,1.0,place:1.00,matched,2026-04-27T16:47:01Z,sy
450941,Islamic Art,1149,Raqqa||||||Syria||||,"Raqqa, Syria",city||country,0.88,True,place.13035735,"Raqqa, Al-Raqqah, Syria",39.008921,35.949678,1.0,place:1.00,matched,2026-04-27T16:47:01Z,sy
450942,Islamic Art,1149,Raqqa||||||Syria||||,"Raqqa, Syria",city||country,0.88,True,place.13035735,"Raqqa, Al-Raqqah, Syria",39.008921,35.949678,1.0,place:1.00,matched,2026-04-27T16:47:01Z,sy
450943,Islamic Art,1212,Raqqa||||||Syria||||,"Raqqa, Syria",city||country,0.88,True,place.13035735,"Raqqa, Al-Raqqah, Syria",39.008921,35.949678,1.0,place:1.00,matched,2026-04-27T16:47:01Z,sy
450944,Islamic Art,1212,Raqqa||||||Syria||||,"Raqqa, Syria",city||country,0.88,True,place.13035735,"Raqqa, Al-Raqqah, Syria",39.008921,35.949678,1.0,place:1.00,matched,2026-04-27T16:47:01Z,sy
450945,Islamic Art,1149,Raqqa||||||Syria||||,"Raqqa, Syria",city||country,0.88,True,place.13035735,"Raqqa, Al-Raqqah, Syria",39.008921,35.949678,1.0,place:1.00,matched,2026-04-27T16:47:01Z,sy
450946,Islamic Art,1225,Raqqa||||||Syria||||,"Raqqa, Syria",city||country,0.88,True,place.13035735,"Raqqa, Al-Raqqah, Syria",39.008921,35.949678,1.0,place:1.00,matched,2026-04-27T16:47:01Z,sy
450947,Islamic Art,1149,Raqqa||||||Syria||||,"Raqqa, Syria",city||country,0.88,True,place.13035735,"Raqqa, Al-Raqqah, Syria",39.008921,35.949678,1.0,place:1.00,matched,2026-04-27T16:47:01Z,sy
451029,Islamic Art,974,probably Basra||||||Iraq||||,"Basra, Iraq, Iraq",city||country,0.68,True,place.88500333,"Basra, Basra, Iraq",47.793478,30.515087,1.0,place:1.00,matched,2026-04-27T16:46:30Z,iq
451180,Islamic Art,949,Nishapur||||||Iran||||,"Nishapur, Iran",city||country,0.88,True,place.1878126,"Nishapur County, Razavi Khorasan, Iran",58.79233,36.21129,0.95,place:0.95,matched,2026-04-27T16:46:56Z,ir
451200,Islamic Art,1100,||||||Iran||||,Iran,country,0.7,True,country.8814,Iran,54.301374,32.565838,1.0,country:1.00,matched,2026-04-27T16:46:46Z,ir
451336,Islamic Art,949,||||||Iraq||||,Iraq,country,0.7,True,country.8813,Iraq,43.404716,33.048056,1.0,country:1.00,matched,2026-04-27T16:46:46Z,iq
451338,Islamic Art,1587,Iznik||||||Turkey||||,"Iznik, Turkey",city||country,0.88,True,place.5138660,"İznik, Bursa, Türkiye",29.719765,40.42917,1.0,place:1.00,matched,2026-04-27T16:46:47Z,tr
451349,Islamic Art,1282,||||||Iran||||,Iran,country,0.7,True,country.8814,Iran,54.301374,32.565838,1.0,country:1.00,matched,2026-04-27T16:46:46Z,ir
451352,Islamic Art,1199,Raqqa||||||Syria||||,"Raqqa, Syria",city||country,0.88,True,place.13035735,"Raqqa, Al-Raqqah, Syria",39.008921,35.949678,1.0,place:1.00,matched,2026-04-27T16:47:01Z,sy
451361,Islamic Art,1200,Raqqa||||||Syria||||,"Raqqa, Syria",city||country,0.88,True,place.13035735,"Raqqa, Al-Raqqah, Syria",39.008921,35.949678,1.0,place:1.00,matched,2026-04-27T16:47:01Z,sy
451362,Islamic Art,1200,Raqqa||||||Syria||||,"Raqqa, Syria",city||country,0.88,True,place.13035735,"Raqqa, Al-Raqqah, Syria",39.008921,35.949678,1.0,place:1.00,matched,2026-04-27T16:47:01Z,sy
451363,Islamic Art,1200,Raqqa||||||Syria||||,"Raqqa, Syria",city||country,0.88,True,place.13035735,"Raqqa, Al-Raqqah, Syria",39.008921,35.949678,1.0,place:1.00,matched,2026-04-27T16:47:01Z,sy
451364,Islamic Art,1199,Raqqa||||||Syria||||,"Raqqa, Syria",city||country,0.88,True,place.13035735,"Raqqa, Al-Raqqah, Syria",39.008921,35.949678,1.0,place:1.00,matched,2026-04-27T16:47:01Z,sy
451365,Islamic Art,1225,Raqqa||||||Syria||||,"Raqqa, Syria",city||country,0.88,True,place.13035735,"Raqqa, Al-Raqqah, Syria",39.008921,35.949678,1.0,place:1.00,matched,2026-04-27T16:47:01Z,sy
451397,Islamic Art,1124,||||||Iran||||,Iran,country,0.7,True,country.8814,Iran,54.301374,32.565838,1.0,country:1.00,matched,2026-04-27T16:46:46Z,ir
451429,Islamic Art,1212,Raqqa||||||Syria||||,"Raqqa, Syria",city||country,0.88,True,place.13035735,"Raqqa, Al-Raqqah, Syria",39.008921,35.949678,1.0,place:1.00,matched,2026-04-27T16:47:01Z,sy
451431,Islamic Art,1199,Raqqa||||||Syria||||,"Raqqa, Syria",city||country,0.88,True,place.13035735,"Raqqa, Al-Raqqah, Syria",39.008921,35.949678,1.0,place:1.00,matched,2026-04-27T16:47:01Z,sy
451434,Islamic Art,1200,||||||Iran||||,Iran,country,0.7,True,country.8814,Iran,54.301374,32.565838,1.0,country:1.00,matched,2026-04-27T16:46:46Z,ir
451466,Islamic Art,1325,Kashan||||||Iran||||,"Kashan, Iran",city||country,0.88,True,place.1255534,"Kashan County, Isfahan, Iran",51.44271,33.98714,0.98,place:0.98,matched,2026-04-27T16:46:48Z,ir
451609,Islamic Art,1200,Nishapur||||||Iran||||,"Nishapur, Iran",city||country,0.88,True,place.1878126,"Nishapur County, Razavi Khorasan, Iran",58.79233,36.21129,0.95,place:0.95,matched,2026-04-27T16:46:56Z,ir
451618,Islamic Art,1149,Kashan||||||Iran||||,"Kashan, Iran",city||country,0.88,True,place.1255534,"Kashan County, Isfahan, Iran",51.44271,33.98714,0.98,place:0.98,matched,2026-04-27T16:46:48Z,ir
451619,Islamic Art,1249,Kashan||||||Iran||||,"Kashan, Iran",city||country,0.88,True,place.1255534,"Kashan County, Isfahan, Iran",51.44271,33.98714,0.98,place:0.98,matched,2026-04-27T16:46:48Z,ir
451620,Islamic Art,1249,Kashan||||||Iran||||,"Kashan, Iran",city||country,0.88,True,place.1255534,"Kashan County, Isfahan, Iran",51.44271,33.98714,0.98,place:0.98,matched,2026-04-27T16:46:48Z,ir
451621,Islamic Art,1249,Kashan||||||Iran||||,"Kashan, Iran",city||country,0.88,True,place.1255534,"Kashan County, Isfahan, Iran",51.44271,33.98714,0.98,place:0.98,matched,2026-04-27T16:46:48Z,ir
451622,Islamic Art,1249,Kashan||||||Iran||||,"Kashan, Iran",city||country,0.88,True,place.1255534,"Kashan County, Isfahan, Iran",51.44271,33.98714,0.98,place:0.98,matched,2026-04-27T16:46:48Z,ir
451635,Islamic Art,749,||||||Iran or Iraq||||,Iran,country,0.5,True,country.8814,Iran,54.301374,32.565838,1.0,country:1.00,matched,2026-04-27T16:46:46Z,ir
451694,Islamic Art,1099,probably Rayy||||||Iran||||,"Rayy, Iran, Iran",city||country,0.68,True,place.1099886,"Eyvan County, Ilam, Iran",46.309772,33.82832,0.613333,place:0.61,matched,2026-04-27T16:47:02Z,ir
451695,Islamic Art,1099,probably Rayy||||||Iran||||,"Rayy, Iran, Iran",city||country,0.68,True,place.1099886,"Eyvan County, Ilam, Iran",46.309772,33.82832,0.613333,place:0.61,matched,2026-04-27T16:47:02Z,ir
451707,Islamic Art,1199,Rayy||||||Iran||||,"Rayy, Iran",city||country,0.88,True,country.8814,Iran,54.301374,32.565838,0.5,country:0.50,matched,2026-04-27T16:47:02Z,ir
451740,Islamic Art,1649,probably Mashhad||||||Iran||||,"Mashhad, Iran, Iran",city||country,0.68,True,place.1681518,"Mashhad, Razavi Khorasan, Iran",59.606693,36.297146,0.666667,place:0.67,matched,2026-04-27T16:46:52Z,ir
451763,Islamic Art,1149,||||||Iran||||,Iran,country,0.7,True,country.8814,Iran,54.301374,32.565838,1.0,country:1.00,matched,2026-04-27T16:46:46Z,ir
451798,Islamic Art,1199,Raqqa||||||Syria||||,"Raqqa, Syria",city||country,0.88,True,place.13035735,"Raqqa, Al-Raqqah, Syria",39.008921,35.949678,1.0,place:1.00,matched,2026-04-27T16:47:01Z,sy
451834,Islamic Art,1532,Iznik||||||Turkey||||,"Iznik, Turkey",city||country,0.88,True,place.5138660,"İznik, Bursa, Türkiye",29.719765,40.42917,1.0,place:1.00,matched,2026-04-27T16:46:47Z,tr
451836,Islamic Art,1525,Iznik||||||Turkey||||,"Iznik, Turkey",city||country,0.88,True,place.5138660,"İznik, Bursa, Türkiye",29.719765,40.42917,1.0,place:1.00,matched,2026-04-27T16:46:47Z,tr
451840,Islamic Art,1537,Iznik||||||Turkey||||,"Iznik, Turkey",city||country,0.88,True,place.5138660,"İznik, Bursa, Türkiye",29.719765,40.42917,1.0,place:1.00,matched,2026-04-27T16:46:47Z,tr
451865,Islamic Art,1649,||||||Iran||||,Iran,country,0.7,True,country.8814,Iran,54.301374,32.565838,1.0,country:1.00,matched,2026-04-27T16:46:46Z,ir
451871,Islamic Art,1649,||||||Iran||||,Iran,country,0.7,True,country.8814,Iran,54.301374,32.565838,1.0,country:1.00,matched,2026-04-27T16:46:46Z,ir
451873,Islamic Art,1649,||||||Iran||||,Iran,country,0.7,True,country.8814,Iran,54.301374,32.565838,1.0,country:1.00,matched,2026-04-27T16:46:46Z,ir
451878,Islamic Art,1149,||||||Iran||||,Iran,country,0.7,True,country.8814,Iran,54.301374,32.565838,1.0,country:1.00,matched,2026-04-27T16:46:46Z,ir
451879,Islamic Art,1149,||||||Iran||||,Iran,country,0.7,True,country.8814,Iran,54.301374,32.565838,1.0,country:1.00,matched,2026-04-27T16:46:46Z,ir
451880,Islamic Art,1199,||||||Iran||||,Iran,country,0.7,True,country.8814,Iran,54.301374,32.565838,1.0,country:1.00,matched,2026-04-27T16:46:46Z,ir
451881,Islamic Art,1212,Kashan||||||Iran||||,"Kashan, Iran",city||country,0.88,True,place.1255534,"Kashan County, Isfahan, Iran",51.44271,33.98714,0.98,place:0.98,matched,2026-04-27T16:46:48Z,ir
451946,Islamic Art,1249,||||||Iran||||,Iran,country,0.7,True,country.8814,Iran,54.301374,32.565838,1.0,country:1.00,matched,2026-04-27T16:46:46Z,ir
451986,Islamic Art,1100,||||||Iran||||,Iran,country,0.7,True,country.8814,Iran,54.301374,32.565838,1.0,country:1.00,matched,2026-04-27T16:46:46Z,ir
451993,Islamic Art,1637,probably Kirman||||||Iran||||,"Kerman, Iran, Iran",city||country,0.68,True,region.99438,"Kerman, Iran",57.064839,30.285219,0.666667,region:0.67,matched,2026-04-27T16:46:48Z,ir
452011,Islamic Art,399,||||||Syria||||,Syria,country,0.7,True,country.8919,Syria,38.505592,35.013048,1.0,country:1.00,matched,2026-04-27T16:47:09Z,sy
452025,Islamic Art,1199,Rayy||||||Iran||||,"Rayy, Iran",city||country,0.88,True,country.8814,Iran,54.301374,32.565838,0.5,country:0.50,matched,2026-04-27T16:47:02Z,ir
452034,Islamic Art,949,||||||Iran||||,Iran,country,0.7,True,country.8814,Iran,54.301374,32.565838,1.0,country:1.00,matched,2026-04-27T16:46:46Z,ir
452036,Islamic Art,1487,||||||Iran||||,Iran,country,0.7,True,country.8814,Iran,54.301374,32.565838,1.0,country:1.00,matched,2026-04-27T16:46:46Z,ir
452082,Islamic Art,1224,probably Rayy||||||Iran||||,"Rayy, Iran, Iran",city||country,0.68,True,place.1099886,"Eyvan County, Ilam, Iran",46.309772,33.82832,0.613333,place:0.61,matched,2026-04-27T16:47:02Z,ir
452083,Islamic Art,1149,||||||Iran||||,Iran,country,0.7,True,country.8814,Iran,54.301374,32.565838,1.0,country:1.00,matched,2026-04-27T16:46:46Z,ir
452084,Islamic Art,1649,||||||Iran||||,Iran,country,0.7,True,country.8814,Iran,54.301374,32.565838,1.0,country:1.00,matched,2026-04-27T16:46:46Z,ir
452223,Islamic Art,1649,||||||Iran||||,Iran,country,0.7,True,country.8814,Iran,54.301374,32.565838,1.0,country:1.00,matched,2026-04-27T16:46:46Z,ir
452610,Islamic Art,1149,||||||Iran||||,Iran,country,0.7,True,country.8814,Iran,54.301374,32.565838,1.0,country:1.00,matched,2026-04-27T16:46:46Z,ir
452615,Islamic Art,1200,Rayy||||||Iran||||,"Rayy, Iran",city||country,0.88,True,country.8814,Iran,54.301374,32.565838,0.5,country:0.50,matched,2026-04-27T16:47:02Z,ir
452683,Islamic Art,1649,||||||Iran||||,Iran,country,0.7,True,country.8814,Iran,54.301374,32.565838,1.0,country:1.00,matched,2026-04-27T16:46:46Z,ir
452735,Islamic Art,1149,||||||Iran||||,Iran,country,0.7,True,country.8814,Iran,54.301374,32.565838,1.0,country:1.00,matched,2026-04-27T16:46:46Z,ir
452853,Islamic Art,1149,||||||probably Egypt||||,Egypt,country,0.5,True,country.8771,Egypt,29.871903,26.494184,1.0,country:1.00,matched,2026-04-27T16:46:39Z,eg
452920,Islamic Art,749,||||||Iran or Iraq||||,Iran,country,0.5,True,country.8814,Iran,54.301374,32.565838,1.0,country:1.00,matched,2026-04-27T16:46:46Z,ir
452960,Islamic Art,949,||||||Iraq||||,Iraq,country,0.7,True,country.8813,Iraq,43.404716,33.048056,1.0,country:1.00,matched,2026-04-27T16:46:46Z,iq
453047,Islamic Art,1149,||||||probably Egypt||||,Egypt,country,0.5,True,country.8771,Egypt,29.871903,26.494184,1.0,country:1.00,matched,2026-04-27T16:46:39Z,eg
453306,Islamic Art,949,Nishapur or Samarqand||||||Iran or present-day Uzbekistan||||,"Nishapur, Iran, Iran",city||country,0.68,True,place.1878126,"Nishapur County, Razavi Khorasan, Iran",58.79233,36.21129,0.633333,place:0.63,matched,2026-04-27T16:46:56Z,ir
453308,Islamic Art,1650,probably Isfahan||||||Iran||||,"Isfahan, Iran, Iran",city||country,0.68,True,place.772206,"Isfahan, Isfahan, Iran",51.66541,32.66991,0.666667,place:0.67,matched,2026-04-27T16:46:47Z,ir
453349,Islamic Art,1200,||||||Iran||||,Iran,country,0.7,True,country.8814,Iran,54.301374,32.565838,1.0,country:1.00,matched,2026-04-27T16:46:46Z,ir
453452,Islamic Art,1249,Kashan||||||Iran||||,"Kashan, Iran",city||country,0.88,True,place.1255534,"Kashan County, Isfahan, Iran",51.44271,33.98714,0.98,place:0.98,matched,2026-04-27T16:46:48Z,ir
453454,Islamic Art,1199,Kashan||||||Iran||||,"Kashan, Iran",city||country,0.88,True,place.1255534,"Kashan County, Isfahan, Iran",51.44271,33.98714,0.98,place:0.98,matched,2026-04-27T16:46:48Z,ir
453457,Islamic Art,1587,Iznik||||||Turkey||||,"Iznik, Turkey",city||country,0.88,True,place.5138660,"İznik, Bursa, Türkiye",29.719765,40.42917,1.0,place:1.00,matched,2026-04-27T16:46:47Z,tr
453577,Islamic Art,849,||||||Iraq||||,Iraq,country,0.7,True,country.8813,Iraq,43.404716,33.048056,1.0,country:1.00,matched,2026-04-27T16:46:46Z,iq
453623,Islamic Art,649,||||||Egypt||||,Egypt,country,0.7,True,country.8771,Egypt,29.871903,26.494184,1.0,country:1.00,matched,2026-04-27T16:46:39Z,eg
453896,Islamic Art,1599,Iznik||||||Turkey||||,"Iznik, Turkey",city||country,0.88,True,place.5138660,"İznik, Bursa, Türkiye",29.719765,40.42917,1.0,place:1.00,matched,2026-04-27T16:46:47Z,tr
453996,Islamic Art,1225,Raqqa||||||Syria||||,"Raqqa, Syria",city||country,0.88,True,place.13035735,"Raqqa, Al-Raqqah, Syria",39.008921,35.949678,1.0,place:1.00,matched,2026-04-27T16:47:01Z,sy
454610,Islamic Art,1449,probably Seville||||||Spain||||,"Seville, Spain, Spain",city||country,0.68,True,place.54249542,"Seville, Seville, Spain",-5.992558,37.389416,1.0,place:1.00,matched,2026-04-27T16:47:05Z,es
454766,Islamic Art,1607,||||||Iran||||,Iran,country,0.7,True,country.8814,Iran,54.301374,32.565838,1.0,country:1.00,matched,2026-04-27T16:46:46Z,ir
454767,Islamic Art,1599,||||||Iran||||,Iran,country,0.7,True,country.8814,Iran,54.301374,32.565838,1.0,country:1.00,matched,2026-04-27T16:46:46Z,ir
456054,Islamic Art,1049,Raqqa||||||Syria||||,"Raqqa, Syria",city||country,0.88,True,place.13035735,"Raqqa, Al-Raqqah, Syria",39.008921,35.949678,1.0,place:1.00,matched,2026-04-27T16:47:01Z,sy
456219,Islamic Art,1649,||||||Iran||||,Iran,country,0.7,True,country.8814,Iran,54.301374,32.565838,1.0,country:1.00,matched,2026-04-27T16:46:46Z,ir
458261,Islamic Art,1149,||||||Iran||||,Iran,country,0.7,True,country.8814,Iran,54.301374,32.565838,1.0,country:1.00,matched,2026-04-27T16:46:46Z,ir
460128,Robert Lehman Collection,1470,"||||||||Italian, Florence or vicinity||","Florence, Italy",culture||country,0.35,True,place.22481008,"Florence, Florence, Italy",11.256129,43.771484,1.0,place:1.00,matched,2026-04-27T16:46:42Z,it
460131,Robert Lehman Collection,1475,"||||||||Italian, Florence or vicinity||","Florence, Italy",culture||country,0.35,True,place.22481008,"Florence, Florence, Italy",11.256129,43.771484,1.0,place:1.00,matched,2026-04-27T16:46:42Z,it
460132,Robert Lehman Collection,1480,"||||||||Italian, probably Florence or vicinity||","Florence, Italy",culture||country,0.35,True,place.22481008,"Florence, Florence, Italy",11.256129,43.771484,1.0,place:1.00,matched,2026-04-27T16:46:42Z,it
460133,Robert Lehman Collection,1480,"||||||||Italian, probably Tuscany (?)||","Tuscany, Italy",culture||country,0.35,True,region.1459312,"Tuscany, Italy",11.255576,43.769871,1.0,region:1.00,matched,2026-04-27T16:47:12Z,it
460134,Robert Lehman Collection,1485,"||||||||Italian, possibly Florence or Faenza||","Florence, Italy",culture||country,0.35,True,place.22481008,"Florence, Florence, Italy",11.256129,43.771484,1.0,place:1.00,matched,2026-04-27T16:46:42Z,it
460135,Robert Lehman Collection,1480,"||||||||Italian, possibly Florence or Faenza||","Florence, Italy",culture||country,0.35,True,place.22481008,"Florence, Florence, Italy",11.256129,43.771484,1.0,place:1.00,matched,2026-04-27T16:46:42Z,it
460136,Robert Lehman Collection,1485,"||||||||Italian, possibly Tuscany||","Italian, Tuscany",culture||country,0.35,True,region.1459312,"Tuscany, Italy",11.255576,43.769871,0.935714,region:0.94,matched,2026-04-27T16:46:47Z,it
460138,Robert Lehman Collection,1506,"||||||||Italian, Tuscany, Cafaggiolo or Montelupo||","Montelupo, Tuscany, Italy",culture||country,0.35,True,region.1459312,"Tuscany, Italy",11.255576,43.769871,0.666667,region:0.67,matched,2026-04-27T16:46:55Z,it
460139,Robert Lehman Collection,1500,"||||||||Italian, probably Florence or vicinity||","Florence, Italy",culture||country,0.35,True,place.22481008,"Florence, Florence, Italy",11.256129,43.771484,1.0,place:1.00,matched,2026-04-27T16:46:42Z,it
460142,Robert Lehman Collection,1475,"||||||||Italian, Faenza or Pesaro||","Faenza, Italy",culture||country,0.35,True,place.21547120,"Faenza, Ravenna, Italy",11.882004,44.285633,1.0,place:1.00,matched,2026-04-27T16:46:41Z,it
460143,Robert Lehman Collection,1475,"||||||||Italian, Faenza or Pesaro||","Faenza, Italy",culture||country,0.35,True,place.21547120,"Faenza, Ravenna, Italy",11.882004,44.285633,1.0,place:1.00,matched,2026-04-27T16:46:41Z,it
460144,Robert Lehman Collection,1480,"||||||||Italian, probably Faenza||","Faenza, Italy",culture||country,0.35,True,place.21547120,"Faenza, Ravenna, Italy",11.882004,44.285633,1.0,place:1.00,matched,2026-04-27T16:46:41Z,it
460145,Robert Lehman Collection,1480,"||||||||Italian, probably Faenza||","Faenza, Italy",culture||country,0.35,True,place.21547120,"Faenza, Ravenna, Italy",11.882004,44.285633,1.0,place:1.00,matched,2026-04-27T16:46:41Z,it
460146,Robert Lehman Collection,1485,"||||||||Italian, Faenza or Florence||","Faenza, Italy",culture||country,0.35,True,place.21547120,"Faenza, Ravenna, Italy",11.882004,44.285633,1.0,place:1.00,matched,2026-04-27T16:46:41Z,it
460147,Robert Lehman Collection,1485,"||||||||Italian, Faenza||","Faenza, Italy",culture||country,0.55,True,place.21547120,"Faenza, Ravenna, Italy",11.882004,44.285633,1.0,place:1.00,matched,2026-04-27T16:46:41Z,it
460149,Robert Lehman Collection,1527,"||||||||Italian, Faenza||","Faenza, Italy",culture||country,0.55,True,place.21547120,"Faenza, Ravenna, Italy",11.882004,44.285633,1.0,place:1.00,matched,2026-04-27T16:46:41Z,it
460168,Robert Lehman Collection,1520,"||||||||Italian, Deruta||","Deruta, Italy",culture||country,0.55,True,place.20514928,"Deruta, Perugia, Italy",12.420198,42.98219,1.0,place:1.00,matched,2026-04-27T16:46:38Z,it
460173,Robert Lehman Collection,1525,"||||||||Italian, Deruta||","Deruta, Italy",culture||country,0.55,True,place.20514928,"Deruta, Perugia, Italy",12.420198,42.98219,1.0,place:1.00,matched,2026-04-27T16:46:38Z,it
460175,Robert Lehman Collection,1535,"||||||||Italian, Deruta||","Deruta, Italy",culture||country,0.55,True,place.20514928,"Deruta, Perugia, Italy",12.420198,42.98219,1.0,place:1.00,matched,2026-04-27T16:46:38Z,it
460177,Robert Lehman Collection,1515,"||||||||Italian, Castelli||","Castelli, Italy",culture||country,0.55,True,place.13543536,"Castelli, Teramo, Italy",13.711486,42.488766,1.0,place:1.00,matched,2026-04-27T16:46:32Z,it
460178,Robert Lehman Collection,1520,"||||||||Italian, Castelli||","Castelli, Italy",culture||country,0.55,True,place.13543536,"Castelli, Teramo, Italy",13.711486,42.488766,1.0,place:1.00,matched,2026-04-27T16:46:32Z,it
460179,Robert Lehman Collection,1520,"||||||||Italian, Castelli||","Castelli, Italy",culture||country,0.55,True,place.13543536,"Castelli, Teramo, Italy",13.711486,42.488766,1.0,place:1.00,matched,2026-04-27T16:46:32Z,it
460180,Robert Lehman Collection,1525,"||||||||Italian, Castelli||","Castelli, Italy",culture||country,0.55,True,place.13543536,"Castelli, Teramo, Italy",13.711486,42.488766,1.0,place:1.00,matched,2026-04-27T16:46:32Z,it
460182,Robert Lehman Collection,1535,"||||||||Italian, Castelli||","Castelli, Italy",culture||country,0.55,True,place.13543536,"Castelli, Teramo, Italy",13.711486,42.488766,1.0,place:1.00,matched,2026-04-27T16:46:32Z,it
460183,Robert Lehman Collection,1535,"||||||||Italian, Castelli||","Castelli, Italy",culture||country,0.55,True,place.13543536,"Castelli, Teramo, Italy",13.711486,42.488766,1.0,place:1.00,matched,2026-04-27T16:46:32Z,it
460184,Robert Lehman Collection,1535,"||||||||Italian, Castelli||","Castelli, Italy",culture||country,0.55,True,place.13543536,"Castelli, Teramo, Italy",13.711486,42.488766,1.0,place:1.00,matched,2026-04-27T16:46:32Z,it
460185,Robert Lehman Collection,1535,"||||||||Italian, Castelli||","Castelli, Italy",culture||country,0.55,True,place.13543536,"Castelli, Teramo, Italy",13.711486,42.488766,1.0,place:1.00,matched,2026-04-27T16:46:32Z,it
460186,Robert Lehman Collection,1535,"||||||||Italian, Castelli||","Castelli, Italy",culture||country,0.55,True,place.13543536,"Castelli, Teramo, Italy",13.711486,42.488766,1.0,place:1.00,matched,2026-04-27T16:46:32Z,it
460187,Robert Lehman Collection,1535,"||||||||Italian, Castelli||","Castelli, Italy",culture||country,0.55,True,place.13543536,"Castelli, Teramo, Italy",13.711486,42.488766,1.0,place:1.00,matched,2026-04-27T16:46:32Z,it
460226,Robert Lehman Collection,1565,"||||||||Italian, Urbino||","Urbino, Italy",culture||country,0.55,True,place.60237936,"Urbino, Pesaro and Urbino, Italy",12.637198,43.726307,1.0,place:1.00,matched,2026-04-27T16:47:13Z,it
460227,Robert Lehman Collection,1565,"||||||||Italian, Urbino||","Urbino, Italy",culture||country,0.55,True,place.60237936,"Urbino, Pesaro and Urbino, Italy",12.637198,43.726307,1.0,place:1.00,matched,2026-04-27T16:47:13Z,it
460263,Robert Lehman Collection,1535,"||||||||Italian, probably Gubbio||","Gubbio, Italy",culture||country,0.35,True,place.26683504,"Gubbio, Perugia, Italy",12.578854,43.351868,1.0,place:1.00,matched,2026-04-27T16:46:44Z,it
460264,Robert Lehman Collection,1575,"||||||||Italian, probably Faenza (or Palermo)||","Faenza, Italy",culture||country,0.35,True,place.21547120,"Faenza, Ravenna, Italy",11.882004,44.285633,1.0,place:1.00,matched,2026-04-27T16:46:41Z,it
460265,Robert Lehman Collection,1575,"||||||||Italian, probably Faenza||","Faenza, Italy",culture||country,0.35,True,place.21547120,"Faenza, Ravenna, Italy",11.882004,44.285633,1.0,place:1.00,matched,2026-04-27T16:46:41Z,it
460268,Robert Lehman Collection,1603,||||||||Italian||,Italy,culture,0.55,True,country.8816,Italy,12.646361,42.504154,1.0,country:1.00,matched,2026-04-27T16:46:47Z,it
460270,Robert Lehman Collection,1650,||||||||Italian||,Italy,culture,0.55,True,country.8816,Italy,12.646361,42.504154,1.0,country:1.00,matched,2026-04-27T16:46:47Z,it
460271,Robert Lehman Collection,1650,||||||||Italian||,Italy,culture,0.55,True,country.8816,Italy,12.646361,42.504154,1.0,country:1.00,matched,2026-04-27T16:46:47Z,it
460272,Robert Lehman Collection,1650,"||||||||Italian, perhaps Trapani||","Trapani, Italy",culture||country,0.55,True,place.59132016,"Trapani, Trapani, Italy",12.509619,38.015,1.0,place:1.00,matched,2026-04-27T16:47:11Z,it
460276,Robert Lehman Collection,1490,"||||||||Italian, Naples||","Naples, Italy",culture||country,0.55,True,place.36685936,"Naples, Naples, Italy",14.253269,40.84603,1.0,place:1.00,matched,2026-04-27T16:46:55Z,it
460277,Robert Lehman Collection,1490,"||||||||Italian, Naples||","Naples, Italy",culture||country,0.55,True,place.36685936,"Naples, Naples, Italy",14.253269,40.84603,1.0,place:1.00,matched,2026-04-27T16:46:55Z,it
460278,Robert Lehman Collection,1490,"||||||||Italian, Faenza or Naples||","Faenza, Italy",culture||country,0.35,True,place.21547120,"Faenza, Ravenna, Italy",11.882004,44.285633,1.0,place:1.00,matched,2026-04-27T16:46:41Z,it
460279,Robert Lehman Collection,1485,||||||||Italian (probably Naples)||,"Naples, Italy",culture||country,0.35,True,place.36685936,"Naples, Naples, Italy",14.253269,40.84603,1.0,place:1.00,matched,2026-04-27T16:46:55Z,it
460280,Robert Lehman Collection,1517,||||||||Italian (supposedly Faenza or Florence)||,"Faenza, Italy",culture||country,0.35,True,place.21547120,"Faenza, Ravenna, Italy",11.882004,44.285633,1.0,place:1.00,matched,2026-04-27T16:46:41Z,it
460652,Robert Lehman Collection,710,||||||||Chinese||,China,culture,0.55,True,country.8753,People's Republic of China,101.901875,35.486703,1.0,country:1.00,matched,2026-04-27T16:46:34Z,cn
460659,Robert Lehman Collection,1250,||||||||Chinese||,China,culture,0.55,True,country.8753,People's Republic of China,101.901875,35.486703,1.0,country:1.00,matched,2026-04-27T16:46:34Z,cn
460660,Robert Lehman Collection,1250,||||||||Chinese||,China,culture,0.55,True,country.8753,People's Republic of China,101.901875,35.486703,1.0,country:1.00,matched,2026-04-27T16:46:34Z,cn
460664,Robert Lehman Collection,1599,||||||||Chinese||,China,culture,0.55,True,country.8753,People's Republic of China,101.901875,35.486703,1.0,country:1.00,matched,2026-04-27T16:46:34Z,cn
460665,Robert Lehman Collection,1692,||||||||Chinese||,China,culture,0.55,True,country.8753,People's Republic of China,101.901875,35.486703,1.0,country:1.00,matched,2026-04-27T16:46:34Z,cn
460666,Robert Lehman Collection,1285,||||||||Chinese||,China,culture,0.55,True,country.8753,People's Republic of China,101.901875,35.486703,1.0,country:1.00,matched,2026-04-27T16:46:34Z,cn
460673,Robert Lehman Collection,1692,||||||||Chinese||,China,culture,0.55,True,country.8753,People's Republic of China,101.901875,35.486703,1.0,country:1.00,matched,2026-04-27T16:46:34Z,cn
460675,Robert Lehman Collection,1749,||||||||Chinese||,China,culture,0.55,True,country.8753,People's Republic of China,101.901875,35.486703,1.0,country:1.00,matched,2026-04-27T16:46:34Z,cn
460676,Robert Lehman Collection,1750,||||||||Chinese||,China,culture,0.55,True,country.8753,People's Republic of China,101.901875,35.486703,1.0,country:1.00,matched,2026-04-27T16:46:34Z,cn
460677,Robert Lehman Collection,1784,||||||||Chinese||,China,culture,0.55,True,country.8753,People's Republic of China,101.901875,35.486703,1.0,country:1.00,matched,2026-04-27T16:46:34Z,cn
460678,Robert Lehman Collection,1784,||||||||Chinese||,China,culture,0.55,True,country.8753,People's Republic of China,101.901875,35.486703,1.0,country:1.00,matched,2026-04-27T16:46:34Z,cn
460679,Robert Lehman Collection,1850,||||||||Chinese||,China,culture,0.55,True,country.8753,People's Republic of China,101.901875,35.486703,1.0,country:1.00,matched,2026-04-27T16:46:34Z,cn
460681,Robert Lehman Collection,1663,||||||||Chinese||,China,culture,0.55,True,country.8753,People's Republic of China,101.901875,35.486703,1.0,country:1.00,matched,2026-04-27T16:46:34Z,cn
460689,Robert Lehman Collection,1692,||||||||Chinese||,China,culture,0.55,True,country.8753,People's Republic of China,101.901875,35.486703,1.0,country:1.00,matched,2026-04-27T16:46:34Z,cn
460715,Robert Lehman Collection,1692,||||||||Chinese||,China,culture,0.55,True,country.8753,People's Republic of China,101.901875,35.486703,1.0,country:1.00,matched,2026-04-27T16:46:34Z,cn
460716,Robert Lehman Collection,1692,||||||||Chinese||,China,culture,0.55,True,country.8753,People's Republic of China,101.901875,35.486703,1.0,country:1.00,matched,2026-04-27T16:46:34Z,cn
460717,Robert Lehman Collection,1692,||||||||Chinese||,China,culture,0.55,True,country.8753,People's Republic of China,101.901875,35.486703,1.0,country:1.00,matched,2026-04-27T16:46:34Z,cn
460718,Robert Lehman Collection,1692,||||||||Chinese||,China,culture,0.55,True,country.8753,People's Republic of China,101.901875,35.486703,1.0,country:1.00,matched,2026-04-27T16:46:34Z,cn
460900,Robert Lehman Collection,1692,||||||||Chinese||,China,culture,0.55,True,country.8753,People's Republic of China,101.901875,35.486703,1.0,country:1.00,matched,2026-04-27T16:46:34Z,cn
460983,Robert Lehman Collection,1718,||||||||French||,France,culture,0.55,True,country.8781,France,2.618787,47.824905,1.0,country:1.00,matched,2026-04-27T16:46:42Z,fr
460984,Robert Lehman Collection,1561,||||||||||French,France,artistNationality,0.45,True,country.8781,France,2.618787,47.824905,1.0,country:1.00,matched,2026-04-27T16:46:42Z,fr
461193,Robert Lehman Collection,1710,||||||||Dutch (Delft)||,"Delft, Netherlands",culture||country,0.55,True,place.3156136,"Delft, South Holland, Netherlands",4.357397,52.01155,1.0,place:1.00,matched,2026-04-27T16:46:38Z,nl
461210,Robert Lehman Collection,1745,||||||||Chinese||,China,culture,0.55,True,country.8753,People's Republic of China,101.901875,35.486703,1.0,country:1.00,matched,2026-04-27T16:46:34Z,cn
461218,Robert Lehman Collection,1849,||||||||Chinese||,China,culture,0.55,True,country.8753,People's Republic of China,101.901875,35.486703,1.0,country:1.00,matched,2026-04-27T16:46:34Z,cn
461222,Robert Lehman Collection,1750,||||||||Chinese||,China,culture,0.55,True,country.8753,People's Republic of China,101.901875,35.486703,1.0,country:1.00,matched,2026-04-27T16:46:34Z,cn
461224,Robert Lehman Collection,1850,||||||||Chinese||,China,culture,0.55,True,country.8753,People's Republic of China,101.901875,35.486703,1.0,country:1.00,matched,2026-04-27T16:46:34Z,cn
461338,Robert Lehman Collection,1850,||||||||Chinese||,China,culture,0.55,True,country.8753,People's Republic of China,101.901875,35.486703,1.0,country:1.00,matched,2026-04-27T16:46:34Z,cn
461493,Robert Lehman Collection,1250,||||||||Chinese||,China,culture,0.55,True,country.8753,People's Republic of China,101.901875,35.486703,1.0,country:1.00,matched,2026-04-27T16:46:34Z,cn
461497,Robert Lehman Collection,1787,||||||||Chinese||,China,culture,0.55,True,country.8753,People's Republic of China,101.901875,35.486703,1.0,country:1.00,matched,2026-04-27T16:46:34Z,cn
461500,Robert Lehman Collection,1750,||||||||Chinese||,China,culture,0.55,True,country.8753,People's Republic of China,101.901875,35.486703,1.0,country:1.00,matched,2026-04-27T16:46:34Z,cn
461501,Robert Lehman Collection,1850,||||||||Chinese||,China,culture,0.55,True,country.8753,People's Republic of China,101.901875,35.486703,1.0,country:1.00,matched,2026-04-27T16:46:34Z,cn
461502,Robert Lehman Collection,1850,||||||||Chinese||,China,culture,0.55,True,country.8753,People's Republic of China,101.901875,35.486703,1.0,country:1.00,matched,2026-04-27T16:46:34Z,cn
461503,Robert Lehman Collection,1850,||||||||Chinese||,China,culture,0.55,True,country.8753,People's Republic of China,101.901875,35.486703,1.0,country:1.00,matched,2026-04-27T16:46:34Z,cn
463085,Medieval Art,1449,probably Manises||Valencia||||Spain||Spanish||,"Manises, Valencia, Spain, Valencia, Spain",city||state||country,0.75,True,place.35178566,"Manises, Valencia, Spain",-0.462126,39.493927,1.0,place:1.00,matched,2026-04-27T16:46:52Z,es
463086,Medieval Art,1425,probably Manises||Valencia||||Spain||Spanish||,"Manises, Valencia, Spain, Valencia, Spain",city||state||country,0.75,True,place.35178566,"Manises, Valencia, Spain",-0.462126,39.493927,1.0,place:1.00,matched,2026-04-27T16:46:52Z,es
463208,Medieval Art,1449,||||||||Italian||,Italy,culture,0.55,True,country.8816,Italy,12.646361,42.504154,1.0,country:1.00,matched,2026-04-27T16:46:47Z,it
463529,Medieval Art,1415,probably Orvieto||Umbria||||Italy||Italian||,"Orvieto, Umbria, Italy",city||state||country,0.75,True,region.1475696,"Umbria, Italy",12.38901,43.111961,0.666667,region:0.67,matched,2026-04-27T16:46:58Z,it
463530,Medieval Art,1425,Siena||||||Italy||Italian||,"Siena, Italy",city||country,0.88,True,place.55175280,"Siena, Siena, Italy",11.332266,43.31921,1.0,place:1.00,matched,2026-04-27T16:47:06Z,it
463532,Medieval Art,1349,Rome||||||Italy||Italian||,"Rome, Italy",city||country,0.88,True,place.47384688,"Rome, Rome, Italy",12.476713,41.899986,1.0,place:1.00,matched,2026-04-27T16:47:04Z,it
463533,Medieval Art,1300,Lazio||||||Italy||Italian||,"Lazio, Italy",city||country,0.88,True,region.1483888,"Lazio, Italy",12.482932,41.89332,1.0,region:1.00,matched,2026-04-27T16:46:50Z,it
463546,Medieval Art,1500,||||||Europe||European||,Europe,country,0.7,True,place.125147,"Europa Island, Scattered Islands in the Indian Ocean, French Southern and Antarctic Lands",40.363333,-22.368333,0.88,place:0.88,matched,2026-04-27T16:46:41Z,
463554,Medieval Art,1435,Florence or its vicinity||Tuscany||||Italy||Italian||,"Florence, Tuscany, Italy",city||state||country,0.75,True,place.22481008,"Florence, Florence, Italy",11.256129,43.771484,0.666667,place:0.67,matched,2026-04-27T16:46:42Z,it
463559,Medieval Art,1400,probably Orvieto||Umbria||||Italy||Italian||,"Orvieto, Umbria, Italy",city||state||country,0.75,True,region.1475696,"Umbria, Italy",12.38901,43.111961,0.666667,region:0.67,matched,2026-04-27T16:46:58Z,it
463707,Medieval Art,1460,Montelupo||Tuscany||||Italy||Italian||,"Montelupo, Tuscany, Italy",city||state||country,0.95,True,region.1459312,"Tuscany, Italy",11.255576,43.769871,0.666667,region:0.67,matched,2026-04-27T16:46:54Z,it
463709,Medieval Art,1400,Todi||||||Italy||Italian||,"Todi, Italy",city||country,0.88,True,place.58173552,"Todi, Perugia, Italy",12.406307,42.782707,1.0,place:1.00,matched,2026-04-27T16:47:10Z,it
463710,Medieval Art,1400,Todi||||||Italy||Italian||,"Todi, Italy",city||country,0.88,True,place.58173552,"Todi, Perugia, Italy",12.406307,42.782707,1.0,place:1.00,matched,2026-04-27T16:47:10Z,it
464680,Medieval Art,1425,probably Manises||Valencia||||Spain||Spanish||,"Manises, Valencia, Spain, Valencia, Spain",city||state||country,0.75,True,place.35178566,"Manises, Valencia, Spain",-0.462126,39.493927,1.0,place:1.00,matched,2026-04-27T16:46:52Z,es
465831,Medieval Art,1400,||||||||European||,Europe,culture,0.55,True,place.125147,"Europa Island, Scattered Islands in the Indian Ocean, French Southern and Antarctic Lands",40.363333,-22.368333,0.88,place:0.88,matched,2026-04-27T16:46:41Z,
465870,Medieval Art,1299,||||||||French||,France,culture,0.55,True,country.8781,France,2.618787,47.824905,1.0,country:1.00,matched,2026-04-27T16:46:42Z,fr
465871,Medieval Art,1299,||||||||French||,France,culture,0.55,True,country.8781,France,2.618787,47.824905,1.0,country:1.00,matched,2026-04-27T16:46:42Z,fr
465872,Medieval Art,1299,||||||||French||,France,culture,0.55,True,country.8781,France,2.618787,47.824905,1.0,country:1.00,matched,2026-04-27T16:46:42Z,fr
465873,Medieval Art,1299,||||||||French||,France,culture,0.55,True,country.8781,France,2.618787,47.824905,1.0,country:1.00,matched,2026-04-27T16:46:42Z,fr
465874,Medieval Art,1300,||||||||French||,France,culture,0.55,True,country.8781,France,2.618787,47.824905,1.0,country:1.00,matched,2026-04-27T16:46:42Z,fr
465875,Medieval Art,1249,||||||||French||,France,culture,0.55,True,country.8781,France,2.618787,47.824905,1.0,country:1.00,matched,2026-04-27T16:46:42Z,fr
465876,Medieval Art,1299,||||||||French||,France,culture,0.55,True,country.8781,France,2.618787,47.824905,1.0,country:1.00,matched,2026-04-27T16:46:42Z,fr
465877,Medieval Art,1450,||||||||French||,France,culture,0.55,True,country.8781,France,2.618787,47.824905,1.0,country:1.00,matched,2026-04-27T16:46:42Z,fr
465878,Medieval Art,1499,||||||||French||,France,culture,0.55,True,country.8781,France,2.618787,47.824905,1.0,country:1.00,matched,2026-04-27T16:46:42Z,fr
465879,Medieval Art,1549,||||||||French||,France,culture,0.55,True,country.8781,France,2.618787,47.824905,1.0,country:1.00,matched,2026-04-27T16:46:42Z,fr
465880,Medieval Art,1449,||||||||French||,France,culture,0.55,True,country.8781,France,2.618787,47.824905,1.0,country:1.00,matched,2026-04-27T16:46:42Z,fr
465881,Medieval Art,1449,||||||||French||,France,culture,0.55,True,country.8781,France,2.618787,47.824905,1.0,country:1.00,matched,2026-04-27T16:46:42Z,fr
465882,Medieval Art,1449,||||||||French||,France,culture,0.55,True,country.8781,France,2.618787,47.824905,1.0,country:1.00,matched,2026-04-27T16:46:42Z,fr
465883,Medieval Art,1449,||||||||French||,France,culture,0.55,True,country.8781,France,2.618787,47.824905,1.0,country:1.00,matched,2026-04-27T16:46:42Z,fr
465884,Medieval Art,1499,||||||||French||,France,culture,0.55,True,country.8781,France,2.618787,47.824905,1.0,country:1.00,matched,2026-04-27T16:46:42Z,fr
465885,Medieval Art,1499,||||||||French||,France,culture,0.55,True,country.8781,France,2.618787,47.824905,1.0,country:1.00,matched,2026-04-27T16:46:42Z,fr
465886,Medieval Art,1499,||||||||French||,France,culture,0.55,True,country.8781,France,2.618787,47.824905,1.0,country:1.00,matched,2026-04-27T16:46:42Z,fr
465888,Medieval Art,1449,||||||||French||,France,culture,0.55,True,country.8781,France,2.618787,47.824905,1.0,country:1.00,matched,2026-04-27T16:46:42Z,fr
465889,Medieval Art,1449,||||||||French||,France,culture,0.55,True,country.8781,France,2.618787,47.824905,1.0,country:1.00,matched,2026-04-27T16:46:42Z,fr
465895,Medieval Art,1549,||||||||French||,France,culture,0.55,True,country.8781,France,2.618787,47.824905,1.0,country:1.00,matched,2026-04-27T16:46:42Z,fr
466228,The Cloisters,1199,Middle Rhineland (?)||||||Germany||German||,"Rhineland, Germany, Germany",city||country,0.68,True,country.8762,Germany,10.018343,51.133481,0.5,country:0.50,matched,2026-04-27T16:47:03Z,de
466229,The Cloisters,1249,||Meuse Valley||||South Netherlands||South Netherlandish||,"Meuse Valley, Netherlands, South Netherlands",state||country,0.72,True,country.8872,Netherlands,5.613491,51.972466,0.366667,country:0.37,matched,2026-04-27T16:46:53Z,nl
466230,The Cloisters,1325,Siegburg||Lower Rhineland||||Germany||German||,"Siegburg, Germany, Lower Rhineland, Germany",city||state||country,0.95,True,place.73533498,"Siegburg, Rhein-Sieg District, North Rhine-Westphalia, Germany",7.205866,50.796486,0.592593,place:0.59,matched,2026-04-27T16:47:06Z,de
466231,The Cloisters,1400,Siegburg||Lower Rhineland||||Germany||German||,"Siegburg, Germany, Lower Rhineland, Germany",city||state||country,0.95,True,place.73533498,"Siegburg, Rhein-Sieg District, North Rhine-Westphalia, Germany",7.205866,50.796486,0.592593,place:0.59,matched,2026-04-27T16:47:06Z,de
466283,The Cloisters,1212,Siegburg||Lower Rhineland||||Germany||German||,"Siegburg, Germany, Lower Rhineland, Germany",city||state||country,0.95,True,place.73533498,"Siegburg, Rhein-Sieg District, North Rhine-Westphalia, Germany",7.205866,50.796486,0.592593,place:0.59,matched,2026-04-27T16:47:06Z,de
466579,Medieval Art,1549,||||||||Italian||,Italy,culture,0.55,True,country.8816,Italy,12.646361,42.504154,1.0,country:1.00,matched,2026-04-27T16:46:47Z,it
466618,Medieval Art,1400,||||||||German||,Germany,culture,0.55,True,country.8762,Germany,10.018343,51.133481,1.0,country:1.00,matched,2026-04-27T16:46:43Z,de
466701,Medieval Art,1350,||Tuscany||||Italy||Italian||,"Tuscany, Italy",state||country,0.72,True,region.1459312,"Tuscany, Italy",11.255576,43.769871,1.0,region:1.00,matched,2026-04-27T16:47:12Z,it
467634,Medieval Art,1425,Florence||||||Italy||Italian||,"Florence, Italy",city||country,0.88,True,place.22481008,"Florence, Florence, Italy",11.256129,43.771484,1.0,place:1.00,matched,2026-04-27T16:46:41Z,it
467946,Medieval Art,1474,||||||||Spanish||,Spain,culture,0.55,True,country.8774,Spain,-4.055685,41.294856,1.0,country:1.00,matched,2026-04-27T16:47:07Z,es
467958,Medieval Art,1549,Valencia||||||||Spanish||,"Valencia, Spain",city||culture,0.65,True,place.59942982,"Valencia, Valencia, Spain",-0.375984,39.47132,1.0,place:1.00,matched,2026-04-27T16:47:13Z,es
467959,Medieval Art,1549,Valencia||||||||Spanish||,"Valencia, Spain",city||culture,0.65,True,place.59942982,"Valencia, Valencia, Spain",-0.375984,39.47132,1.0,place:1.00,matched,2026-04-27T16:47:13Z,es
468158,Medieval Art,1425,Florence||Tuscany||||Italy||Italian||,"Florence, Tuscany, Italy",city||state||country,0.95,True,place.22481008,"Florence, Florence, Italy",11.256129,43.771484,0.666667,place:0.67,matched,2026-04-27T16:46:42Z,it
468159,Medieval Art,1425,Florence||Tuscany||||Italy||Italian||,"Florence, Tuscany, Italy",city||state||country,0.95,True,place.22481008,"Florence, Florence, Italy",11.256129,43.771484,0.666667,place:0.67,matched,2026-04-27T16:46:42Z,it
468165,Medieval Art,1425,Florence or its vicinity||Tuscany||||Italy||Italian||,"Florence, Tuscany, Italy",city||state||country,0.75,True,place.22481008,"Florence, Florence, Italy",11.256129,43.771484,0.666667,place:0.67,matched,2026-04-27T16:46:42Z,it
468166,Medieval Art,1425,Florence||Tuscany||||Italy||Italian||,"Florence, Tuscany, Italy",city||state||country,0.95,True,place.22481008,"Florence, Florence, Italy",11.256129,43.771484,0.666667,place:0.67,matched,2026-04-27T16:46:42Z,it
468167,Medieval Art,1425,Florence||Tuscany||||Italy||Italian||,"Florence, Tuscany, Italy",city||state||country,0.95,True,place.22481008,"Florence, Florence, Italy",11.256129,43.771484,0.666667,place:0.67,matched,2026-04-27T16:46:42Z,it
468168,Medieval Art,1425,Florence||Tuscany||||Italy||Italian||,"Florence, Tuscany, Italy",city||state||country,0.95,True,place.22481008,"Florence, Florence, Italy",11.256129,43.771484,0.666667,place:0.67,matched,2026-04-27T16:46:42Z,it
468169,Medieval Art,1425,||||||Spain||Spanish||,Spain,country,0.7,True,country.8774,Spain,-4.055685,41.294856,1.0,country:1.00,matched,2026-04-27T16:47:07Z,es
468271,Medieval Art,599,||||||||Visigothic||,Spain,culture,0.55,True,country.8774,Spain,-4.055685,41.294856,1.0,country:1.00,matched,2026-04-27T16:47:07Z,es
468381,Medieval Art,1300,Paris or its vicinity||||||France||French||,"Paris, France, France",city||country,0.68,True,place.894029,"Paris, France",2.348392,48.853495,1.0,region:1.00,matched,2026-04-27T16:46:59Z,fr
468382,Medieval Art,1299,||||||||French||,France,culture,0.55,True,country.8781,France,2.618787,47.824905,1.0,country:1.00,matched,2026-04-27T16:46:42Z,fr
468390,Medieval Art,1599,London||||||England||British||,"London, England",city||country,0.88,True,place.6957135,"London, Greater London, England, United Kingdom",-0.127647,51.5073,1.0,place:1.00,matched,2026-04-27T16:46:51Z,gb
468391,Medieval Art,1300,||||||||British||,Britain,culture,0.55,True,country.8783,United Kingdom,-2.36967,54.237933,1.0,country:1.00,matched,2026-04-27T16:46:31Z,gb
468393,Medieval Art,1599,||||||||British||,Britain,culture,0.55,True,country.8783,United Kingdom,-2.36967,54.237933,1.0,country:1.00,matched,2026-04-27T16:46:31Z,gb
468394,Medieval Art,1525,||||||||British||,Britain,culture,0.55,True,country.8783,United Kingdom,-2.36967,54.237933,1.0,country:1.00,matched,2026-04-27T16:46:31Z,gb
468395,Medieval Art,1499,||Surrey||||England||British||,"Surrey, England, England",state||country,0.72,True,district.1222223,"Surrey, England, United Kingdom",-0.205921,51.23765,0.666667,district:0.67,matched,2026-04-27T16:47:08Z,gb
468396,Medieval Art,1500,||Surrey||||England||British||,"Surrey, England, England",state||country,0.72,True,district.1222223,"Surrey, England, United Kingdom",-0.205921,51.23765,0.666667,district:0.67,matched,2026-04-27T16:47:08Z,gb
468397,Medieval Art,1500,||||||||British||,Britain,culture,0.55,True,country.8783,United Kingdom,-2.36967,54.237933,1.0,country:1.00,matched,2026-04-27T16:46:31Z,gb
468398,Medieval Art,1500,||probably Surrey||||England||British||,"Surrey, England, England",state||country,0.52,True,district.1222223,"Surrey, England, United Kingdom",-0.205921,51.23765,0.666667,district:0.67,matched,2026-04-27T16:47:08Z,gb
468399,Medieval Art,1500,||Surrey||||England||British||,"Surrey, England, England",state||country,0.72,True,district.1222223,"Surrey, England, United Kingdom",-0.205921,51.23765,0.666667,district:0.67,matched,2026-04-27T16:47:08Z,gb
468400,Medieval Art,1350,||||||||British||,Britain,culture,0.55,True,country.8783,United Kingdom,-2.36967,54.237933,1.0,country:1.00,matched,2026-04-27T16:46:31Z,gb
468523,The Cloisters,1455,probably Manises||Valencia||||Spain||Spanish||,"Manises, Valencia, Spain, Valencia, Spain",city||state||country,0.75,True,place.35178566,"Manises, Valencia, Spain",-0.462126,39.493927,1.0,place:1.00,matched,2026-04-27T16:46:52Z,es
468524,The Cloisters,1449,probably Manises||Valencia||||Spain||Spanish||,"Manises, Valencia, Spain, Valencia, Spain",city||state||country,0.75,True,place.35178566,"Manises, Valencia, Spain",-0.462126,39.493927,1.0,place:1.00,matched,2026-04-27T16:46:52Z,es
468525,The Cloisters,1475,probably Manises||Valencia||||Spain||Spanish||,"Manises, Valencia, Spain, Valencia, Spain",city||state||country,0.75,True,place.35178566,"Manises, Valencia, Spain",-0.462126,39.493927,1.0,place:1.00,matched,2026-04-27T16:46:52Z,es
468526,The Cloisters,1455,probably Manises||Valencia||||Spain||Spanish||,"Manises, Valencia, Spain, Valencia, Spain",city||state||country,0.75,True,place.35178566,"Manises, Valencia, Spain",-0.462126,39.493927,1.0,place:1.00,matched,2026-04-27T16:46:52Z,es
470127,Medieval Art,1300,Paris||||||France||French||,"Paris, France",city||country,0.88,True,place.894029,"Paris, France",2.348392,48.853495,1.0,region:1.00,matched,2026-04-27T16:46:58Z,fr
471747,The Cloisters,1549,probably Manises||Valencia||||Spain||Spanish||,"Manises, Valencia, Spain, Valencia, Spain",city||state||country,0.75,True,place.35178566,"Manises, Valencia, Spain",-0.462126,39.493927,1.0,place:1.00,matched,2026-04-27T16:46:52Z,es
471749,The Cloisters,1525,probably Manises||Valencia||||Spain||Spanish||,"Manises, Valencia, Spain, Valencia, Spain",city||state||country,0.75,True,place.35178566,"Manises, Valencia, Spain",-0.462126,39.493927,1.0,place:1.00,matched,2026-04-27T16:46:52Z,es
471751,The Cloisters,1474,probably Manises||Valencia||||Spain||Spanish||,"Manises, Valencia, Spain, Valencia, Spain",city||state||country,0.75,True,place.35178566,"Manises, Valencia, Spain",-0.462126,39.493927,1.0,place:1.00,matched,2026-04-27T16:46:52Z,es
471752,The Cloisters,1474,Manises||Valencia||||Spain||Spanish||,"Manises, Valencia, Spain, Valencia, Spain",city||state||country,0.95,True,place.35178566,"Manises, Valencia, Spain",-0.462126,39.493927,1.0,place:1.00,matched,2026-04-27T16:46:52Z,es
471753,The Cloisters,1474,probably Manises||Valencia||||Spain||Spanish||,"Manises, Valencia, Spain, Valencia, Spain",city||state||country,0.75,True,place.35178566,"Manises, Valencia, Spain",-0.462126,39.493927,1.0,place:1.00,matched,2026-04-27T16:46:52Z,es
471754,The Cloisters,1474,Manises||Valencia||||Spain||Spanish||,"Manises, Valencia, Spain, Valencia, Spain",city||state||country,0.95,True,place.35178566,"Manises, Valencia, Spain",-0.462126,39.493927,1.0,place:1.00,matched,2026-04-27T16:46:52Z,es
471755,The Cloisters,1474,Manises||Valencia||||Spain||Spanish||,"Manises, Valencia, Spain, Valencia, Spain",city||state||country,0.95,True,place.35178566,"Manises, Valencia, Spain",-0.462126,39.493927,1.0,place:1.00,matched,2026-04-27T16:46:52Z,es
471756,The Cloisters,1450,Manises||Valencia||||Spain||Spanish||,"Manises, Valencia, Spain, Valencia, Spain",city||state||country,0.95,True,place.35178566,"Manises, Valencia, Spain",-0.462126,39.493927,1.0,place:1.00,matched,2026-04-27T16:46:52Z,es
471757,The Cloisters,1474,Manises||Valencia||||Spain||Spanish||,"Manises, Valencia, Spain, Valencia, Spain",city||state||country,0.95,True,place.35178566,"Manises, Valencia, Spain",-0.462126,39.493927,1.0,place:1.00,matched,2026-04-27T16:46:52Z,es
471758,The Cloisters,1450,Manises||Valencia||||Spain||Spanish||,"Manises, Valencia, Spain, Valencia, Spain",city||state||country,0.95,True,place.35178566,"Manises, Valencia, Spain",-0.462126,39.493927,1.0,place:1.00,matched,2026-04-27T16:46:52Z,es
471759,The Cloisters,1450,Manises||Valencia||||Spain||Spanish||,"Manises, Valencia, Spain, Valencia, Spain",city||state||country,0.95,True,place.35178566,"Manises, Valencia, Spain",-0.462126,39.493927,1.0,place:1.00,matched,2026-04-27T16:46:52Z,es
471799,The Cloisters,1430,probably Manises||Valencia||||Spain||Spanish||,"Manises, Valencia, Spain, Valencia, Spain",city||state||country,0.75,True,place.35178566,"Manises, Valencia, Spain",-0.462126,39.493927,1.0,place:1.00,matched,2026-04-27T16:46:52Z,es
471800,The Cloisters,1425,probably Manises||Valencia||||Spain||Spanish||,"Manises, Valencia, Spain, Valencia, Spain",city||state||country,0.75,True,place.35178566,"Manises, Valencia, Spain",-0.462126,39.493927,1.0,place:1.00,matched,2026-04-27T16:46:52Z,es
471836,The Cloisters,1449,Orvieto ?||||||Italy||Italian||,"Orvieto, Italy",city||country,0.68,True,place.38684784,"Orvieto, Terni, Italy",12.110295,42.718315,1.0,place:1.00,matched,2026-04-27T16:46:58Z,it
474926,Medieval Art,610,Thebes||||||Byzantine Egypt||Coptic||,"Thebes, Byzantine Egypt",city||country,0.88,True,country.8771,Egypt,29.871903,26.494184,0.425926,country:0.43,matched,2026-04-27T16:47:09Z,eg
475416,Medieval Art,630,||||||||Byzantine (Egypt)||,"Egypt, Byzantine",culture||country,0.55,True,country.8771,Egypt,29.871903,26.494184,0.5,country:0.50,matched,2026-04-27T16:46:40Z,eg
475725,Medieval Art,499,||Kharga Oasis||||Byzantine Egypt||Coptic||,"Kharga Oasis, Byzantine Egypt",state||country,0.72,True,country.8771,Egypt,29.871903,26.494184,0.388889,country:0.39,matched,2026-04-27T16:46:49Z,eg
475726,Medieval Art,0,||Kharga Oasis||||Byzantine Egypt||Coptic||,"Kharga Oasis, Byzantine Egypt",state||country,0.72,True,country.8771,Egypt,29.871903,26.494184,0.388889,country:0.39,matched,2026-04-27T16:46:49Z,eg
475749,Medieval Art,499,||Kharga Oasis||||Byzantine Egypt||Coptic||,"Kharga Oasis, Byzantine Egypt",state||country,0.72,True,country.8771,Egypt,29.871903,26.494184,0.388889,country:0.39,matched,2026-04-27T16:46:49Z,eg
475750,Medieval Art,499,||Kharga Oasis||||Byzantine Egypt||Coptic||,"Kharga Oasis, Byzantine Egypt",state||country,0.72,True,country.8771,Egypt,29.871903,26.494184,0.388889,country:0.39,matched,2026-04-27T16:46:49Z,eg
475751,Medieval Art,499,||Kharga Oasis||||Byzantine Egypt||Coptic||,"Kharga Oasis, Byzantine Egypt",state||country,0.72,True,country.8771,Egypt,29.871903,26.494184,0.388889,country:0.39,matched,2026-04-27T16:46:49Z,eg
475752,Medieval Art,499,||Kharga Oasis||||Byzantine Egypt||Coptic||,"Kharga Oasis, Byzantine Egypt",state||country,0.72,True,country.8771,Egypt,29.871903,26.494184,0.388889,country:0.39,matched,2026-04-27T16:46:49Z,eg
475753,Medieval Art,499,||Kharga Oasis||||Byzantine Egypt||Coptic||,"Kharga Oasis, Byzantine Egypt",state||country,0.72,True,country.8771,Egypt,29.871903,26.494184,0.388889,country:0.39,matched,2026-04-27T16:46:49Z,eg
475754,Medieval Art,499,||Kharga Oasis||||Byzantine Egypt||Coptic||,"Kharga Oasis, Byzantine Egypt",state||country,0.72,True,country.8771,Egypt,29.871903,26.494184,0.388889,country:0.39,matched,2026-04-27T16:46:49Z,eg
475755,Medieval Art,499,||Kharga Oasis||||Byzantine Egypt||Coptic||,"Kharga Oasis, Byzantine Egypt",state||country,0.72,True,country.8771,Egypt,29.871903,26.494184,0.388889,country:0.39,matched,2026-04-27T16:46:49Z,eg
475756,Medieval Art,499,||Kharga Oasis||||Byzantine Egypt||Coptic||,"Kharga Oasis, Byzantine Egypt",state||country,0.72,True,country.8771,Egypt,29.871903,26.494184,0.388889,country:0.39,matched,2026-04-27T16:46:49Z,eg
475758,Medieval Art,499,||Kharga Oasis||||Byzantine Egypt||Coptic||,"Kharga Oasis, Byzantine Egypt",state||country,0.72,True,country.8771,Egypt,29.871903,26.494184,0.388889,country:0.39,matched,2026-04-27T16:46:49Z,eg
475759,Medieval Art,525,||Kharga Oasis||||Byzantine Egypt||Coptic||,"Kharga Oasis, Byzantine Egypt",state||country,0.72,True,country.8771,Egypt,29.871903,26.494184,0.388889,country:0.39,matched,2026-04-27T16:46:49Z,eg
475760,Medieval Art,499,||Kharga Oasis||||Byzantine Egypt||Coptic||,"Kharga Oasis, Byzantine Egypt",state||country,0.72,True,country.8771,Egypt,29.871903,26.494184,0.388889,country:0.39,matched,2026-04-27T16:46:49Z,eg
475761,Medieval Art,499,||Kharga Oasis||||Byzantine Egypt||Coptic||,"Kharga Oasis, Byzantine Egypt",state||country,0.72,True,country.8771,Egypt,29.871903,26.494184,0.388889,country:0.39,matched,2026-04-27T16:46:49Z,eg
476251,Medieval Art,499,||Kharga Oasis||||Byzantine Egypt||Coptic||,"Kharga Oasis, Byzantine Egypt",state||country,0.72,True,country.8771,Egypt,29.871903,26.494184,0.388889,country:0.39,matched,2026-04-27T16:46:49Z,eg
476252,Medieval Art,499,||Kharga Oasis||||Byzantine Egypt||Coptic||,"Kharga Oasis, Byzantine Egypt",state||country,0.72,True,country.8771,Egypt,29.871903,26.494184,0.388889,country:0.39,matched,2026-04-27T16:46:49Z,eg
476253,Medieval Art,499,||Kharga Oasis||||Byzantine Egypt||Coptic||,"Kharga Oasis, Byzantine Egypt",state||country,0.72,True,country.8771,Egypt,29.871903,26.494184,0.388889,country:0.39,matched,2026-04-27T16:46:49Z,eg
476254,Medieval Art,499,||Kharga Oasis||||Byzantine Egypt||Coptic||,"Kharga Oasis, Byzantine Egypt",state||country,0.72,True,country.8771,Egypt,29.871903,26.494184,0.388889,country:0.39,matched,2026-04-27T16:46:49Z,eg
476256,Medieval Art,499,||Kharga Oasis||||Byzantine Egypt||Coptic||,"Kharga Oasis, Byzantine Egypt",state||country,0.72,True,country.8771,Egypt,29.871903,26.494184,0.388889,country:0.39,matched,2026-04-27T16:46:49Z,eg
476257,Medieval Art,499,||Kharga Oasis||||Byzantine Egypt||Coptic||,"Kharga Oasis, Byzantine Egypt",state||country,0.72,True,country.8771,Egypt,29.871903,26.494184,0.388889,country:0.39,matched,2026-04-27T16:46:49Z,eg
476258,Medieval Art,499,||Kharga Oasis||||Byzantine Egypt||Coptic||,"Kharga Oasis, Byzantine Egypt",state||country,0.72,True,country.8771,Egypt,29.871903,26.494184,0.388889,country:0.39,matched,2026-04-27T16:46:49Z,eg
476264,Medieval Art,499,||Kharga Oasis||||Byzantine Egypt||Coptic||,"Kharga Oasis, Byzantine Egypt",state||country,0.72,True,country.8771,Egypt,29.871903,26.494184,0.388889,country:0.39,matched,2026-04-27T16:46:49Z,eg
476266,Medieval Art,499,||Kharga Oasis||||Byzantine Egypt||Coptic||,"Kharga Oasis, Byzantine Egypt",state||country,0.72,True,country.8771,Egypt,29.871903,26.494184,0.388889,country:0.39,matched,2026-04-27T16:46:49Z,eg
476271,Medieval Art,499,||Kharga Oasis||||Byzantine Egypt||Coptic||,"Kharga Oasis, Byzantine Egypt",state||country,0.72,True,country.8771,Egypt,29.871903,26.494184,0.388889,country:0.39,matched,2026-04-27T16:46:49Z,eg
476276,Medieval Art,499,||Kharga Oasis||||Byzantine Egypt||Coptic||,"Kharga Oasis, Byzantine Egypt",state||country,0.72,True,country.8771,Egypt,29.871903,26.494184,0.388889,country:0.39,matched,2026-04-27T16:46:49Z,eg
476280,Medieval Art,499,||Kharga Oasis||||Byzantine Egypt||Coptic||,"Kharga Oasis, Byzantine Egypt",state||country,0.72,True,country.8771,Egypt,29.871903,26.494184,0.388889,country:0.39,matched,2026-04-27T16:46:49Z,eg
476282,Medieval Art,499,||Kharga Oasis||||Byzantine Egypt||Coptic||,"Kharga Oasis, Byzantine Egypt",state||country,0.72,True,country.8771,Egypt,29.871903,26.494184,0.388889,country:0.39,matched,2026-04-27T16:46:49Z,eg
476285,Medieval Art,499,||Kharga Oasis||||Byzantine Egypt||Coptic||,"Kharga Oasis, Byzantine Egypt",state||country,0.72,True,country.8771,Egypt,29.871903,26.494184,0.388889,country:0.39,matched,2026-04-27T16:46:49Z,eg
476287,Medieval Art,499,||Kharga Oasis||||Byzantine Egypt||Coptic||,"Kharga Oasis, Byzantine Egypt",state||country,0.72,True,country.8771,Egypt,29.871903,26.494184,0.388889,country:0.39,matched,2026-04-27T16:46:49Z,eg
476296,Medieval Art,499,||Kharga Oasis||||Byzantine Egypt||Coptic||,"Kharga Oasis, Byzantine Egypt",state||country,0.72,True,country.8771,Egypt,29.871903,26.494184,0.388889,country:0.39,matched,2026-04-27T16:46:49Z,eg
476300,Medieval Art,499,||Kharga Oasis||||Byzantine Egypt||Coptic||,"Kharga Oasis, Byzantine Egypt",state||country,0.72,True,country.8771,Egypt,29.871903,26.494184,0.388889,country:0.39,matched,2026-04-27T16:46:49Z,eg
476304,Medieval Art,499,||Kharga Oasis||||Byzantine Egypt||Coptic||,"Kharga Oasis, Byzantine Egypt",state||country,0.72,True,country.8771,Egypt,29.871903,26.494184,0.388889,country:0.39,matched,2026-04-27T16:46:49Z,eg
477269,Medieval Art,499,||Kharga Oasis||||Byzantine Egypt||Coptic||,"Kharga Oasis, Byzantine Egypt",state||country,0.72,True,country.8771,Egypt,29.871903,26.494184,0.388889,country:0.39,matched,2026-04-27T16:46:49Z,eg
477270,Medieval Art,499,||Kharga Oasis||||Byzantine Egypt||Coptic||,"Kharga Oasis, Byzantine Egypt",state||country,0.72,True,country.8771,Egypt,29.871903,26.494184,0.388889,country:0.39,matched,2026-04-27T16:46:49Z,eg
477274,Medieval Art,499,||Kharga Oasis||||Byzantine Egypt||Coptic||,"Kharga Oasis, Byzantine Egypt",state||country,0.72,True,country.8771,Egypt,29.871903,26.494184,0.388889,country:0.39,matched,2026-04-27T16:46:49Z,eg
477275,Medieval Art,499,||Kharga Oasis||||Byzantine Egypt||Coptic||,"Kharga Oasis, Byzantine Egypt",state||country,0.72,True,country.8771,Egypt,29.871903,26.494184,0.388889,country:0.39,matched,2026-04-27T16:46:49Z,eg
477276,Medieval Art,499,||Kharga Oasis||||Byzantine Egypt||Coptic||,"Kharga Oasis, Byzantine Egypt",state||country,0.72,True,country.8771,Egypt,29.871903,26.494184,0.388889,country:0.39,matched,2026-04-27T16:46:49Z,eg
477277,Medieval Art,499,||Kharga Oasis||||Byzantine Egypt||Coptic||,"Kharga Oasis, Byzantine Egypt",state||country,0.72,True,country.8771,Egypt,29.871903,26.494184,0.388889,country:0.39,matched,2026-04-27T16:46:49Z,eg
477278,Medieval Art,499,||Kharga Oasis||||Byzantine Egypt||Coptic||,"Kharga Oasis, Byzantine Egypt",state||country,0.72,True,country.8771,Egypt,29.871903,26.494184,0.388889,country:0.39,matched,2026-04-27T16:46:49Z,eg
477279,Medieval Art,499,||Kharga Oasis||||Byzantine Egypt||Coptic||,"Kharga Oasis, Byzantine Egypt",state||country,0.72,True,country.8771,Egypt,29.871903,26.494184,0.388889,country:0.39,matched,2026-04-27T16:46:49Z,eg
477280,Medieval Art,2,||Kharga Oasis||||Byzantine Egypt||Coptic||,"Kharga Oasis, Byzantine Egypt",state||country,0.72,True,country.8771,Egypt,29.871903,26.494184,0.388889,country:0.39,matched,2026-04-27T16:46:49Z,eg
477281,Medieval Art,0,||Kharga Oasis||||Byzantine Egypt||Coptic||,"Kharga Oasis, Byzantine Egypt",state||country,0.72,True,country.8771,Egypt,29.871903,26.494184,0.388889,country:0.39,matched,2026-04-27T16:46:49Z,eg
477283,Medieval Art,499,||Kharga Oasis||||Byzantine Egypt||Coptic||,"Kharga Oasis, Byzantine Egypt",state||country,0.72,True,country.8771,Egypt,29.871903,26.494184,0.388889,country:0.39,matched,2026-04-27T16:46:49Z,eg
477288,Medieval Art,499,||Kharga Oasis||||Byzantine Egypt||Coptic||,"Kharga Oasis, Byzantine Egypt",state||country,0.72,True,country.8771,Egypt,29.871903,26.494184,0.388889,country:0.39,matched,2026-04-27T16:46:49Z,eg
477291,Medieval Art,499,||Kharga Oasis||||Byzantine Egypt||Coptic||,"Kharga Oasis, Byzantine Egypt",state||country,0.72,True,country.8771,Egypt,29.871903,26.494184,0.388889,country:0.39,matched,2026-04-27T16:46:49Z,eg
477323,Medieval Art,499,||Kharga Oasis||||Byzantine Egypt||Coptic||,"Kharga Oasis, Byzantine Egypt",state||country,0.72,True,country.8771,Egypt,29.871903,26.494184,0.388889,country:0.39,matched,2026-04-27T16:46:49Z,eg
477325,Medieval Art,499,||Kharga Oasis||||Byzantine Egypt||Coptic||,"Kharga Oasis, Byzantine Egypt",state||country,0.72,True,country.8771,Egypt,29.871903,26.494184,0.388889,country:0.39,matched,2026-04-27T16:46:49Z,eg
477326,Medieval Art,499,||Kharga Oasis||||Byzantine Egypt||Coptic||,"Kharga Oasis, Byzantine Egypt",state||country,0.72,True,country.8771,Egypt,29.871903,26.494184,0.388889,country:0.39,matched,2026-04-27T16:46:49Z,eg
477741,Medieval Art,499,||Kharga Oasis||||Byzantine Egypt||Coptic||,"Kharga Oasis, Byzantine Egypt",state||country,0.72,True,country.8771,Egypt,29.871903,26.494184,0.388889,country:0.39,matched,2026-04-27T16:46:49Z,eg
477748,Medieval Art,499,||Kharga Oasis||||Byzantine Egypt||Coptic||,"Kharga Oasis, Byzantine Egypt",state||country,0.72,True,country.8771,Egypt,29.871903,26.494184,0.388889,country:0.39,matched,2026-04-27T16:46:49Z,eg
477749,Medieval Art,499,||Kharga Oasis||||Byzantine Egypt||Coptic||,"Kharga Oasis, Byzantine Egypt",state||country,0.72,True,country.8771,Egypt,29.871903,26.494184,0.388889,country:0.39,matched,2026-04-27T16:46:49Z,eg
477815,The Cloisters,1300,Scarborough||||||England||British||,"Scarborough, England",city||country,0.88,True,place.9513039,"Scarborough, North Yorkshire, England, United Kingdom",-0.400486,54.282314,1.0,place:1.00,matched,2026-04-27T16:47:05Z,gb
478433,Medieval Art,499,||Kharga Oasis||||Byzantine Egypt||Coptic||,"Kharga Oasis, Byzantine Egypt",state||country,0.72,True,country.8771,Egypt,29.871903,26.494184,0.388889,country:0.39,matched,2026-04-27T16:46:49Z,eg
478436,Medieval Art,499,||Kharga Oasis||||Byzantine Egypt||Coptic||,"Kharga Oasis, Byzantine Egypt",state||country,0.72,True,country.8771,Egypt,29.871903,26.494184,0.388889,country:0.39,matched,2026-04-27T16:46:49Z,eg
478437,Medieval Art,499,||Kharga Oasis||||Byzantine Egypt||Coptic||,"Kharga Oasis, Byzantine Egypt",state||country,0.72,True,country.8771,Egypt,29.871903,26.494184,0.388889,country:0.39,matched,2026-04-27T16:46:49Z,eg
478438,Medieval Art,499,||Kharga Oasis||||Byzantine Egypt||Coptic||,"Kharga Oasis, Byzantine Egypt",state||country,0.72,True,country.8771,Egypt,29.871903,26.494184,0.388889,country:0.39,matched,2026-04-27T16:46:49Z,eg
478667,Medieval Art,499,||Kharga Oasis||||Byzantine Egypt||Coptic||,"Kharga Oasis, Byzantine Egypt",state||country,0.72,True,country.8771,Egypt,29.871903,26.494184,0.388889,country:0.39,matched,2026-04-27T16:46:49Z,eg
478668,Medieval Art,499,||Kharga Oasis||||Byzantine Egypt||Coptic||,"Kharga Oasis, Byzantine Egypt",state||country,0.72,True,country.8771,Egypt,29.871903,26.494184,0.388889,country:0.39,matched,2026-04-27T16:46:49Z,eg
478669,Medieval Art,499,||Kharga Oasis||||Byzantine Egypt||Coptic||,"Kharga Oasis, Byzantine Egypt",state||country,0.72,True,country.8771,Egypt,29.871903,26.494184,0.388889,country:0.39,matched,2026-04-27T16:46:49Z,eg
478708,Medieval Art,499,||Kharga Oasis||||Byzantine Egypt||Coptic||,"Kharga Oasis, Byzantine Egypt",state||country,0.72,True,country.8771,Egypt,29.871903,26.494184,0.388889,country:0.39,matched,2026-04-27T16:46:49Z,eg
478721,Medieval Art,499,||Kharga Oasis||||Byzantine Egypt||Coptic||,"Kharga Oasis, Byzantine Egypt",state||country,0.72,True,country.8771,Egypt,29.871903,26.494184,0.388889,country:0.39,matched,2026-04-27T16:46:49Z,eg
478811,Medieval Art,0,||Kharga Oasis||||Byzantine Egypt||Coptic||,"Kharga Oasis, Byzantine Egypt",state||country,0.72,True,country.8771,Egypt,29.871903,26.494184,0.388889,country:0.39,matched,2026-04-27T16:46:49Z,eg
478988,The Cloisters,1250,||||||||French||,France,culture,0.55,True,country.8781,France,2.618787,47.824905,1.0,country:1.00,matched,2026-04-27T16:46:42Z,fr
479661,The Cloisters,1350,||||||||British||,Britain,culture,0.55,True,country.8783,United Kingdom,-2.36967,54.237933,1.0,country:1.00,matched,2026-04-27T16:46:31Z,gb
479662,The Cloisters,1350,||||||||British||,Britain,culture,0.55,True,country.8783,United Kingdom,-2.36967,54.237933,1.0,country:1.00,matched,2026-04-27T16:46:31Z,gb
479830,Modern and Contemporary Art,1900,||||||||||British,Britain,artistNationality,0.45,True,country.8783,United Kingdom,-2.36967,54.237933,1.0,country:1.00,matched,2026-04-27T16:46:31Z,gb
487206,Modern and Contemporary Art,1900,||||||||French||French,France,culture,0.55,True,country.8781,France,2.618787,47.824905,1.0,country:1.00,matched,2026-04-27T16:46:42Z,fr
487245,Modern and Contemporary Art,1922,||||||||Danish (Nästved)||Danish,Denmark,artistNationality,0.45,True,country.8765,Denmark,10.046297,55.963398,1.0,country:1.00,matched,2026-04-27T16:46:38Z,dk
487292,Modern and Contemporary Art,1893,||||||||||British,Britain,artistNationality,0.45,True,country.8783,United Kingdom,-2.36967,54.237933,1.0,country:1.00,matched,2026-04-27T16:46:31Z,gb
487341,Modern and Contemporary Art,1884,||||||||French (Paris)||French,"Paris, France",culture||country,0.55,True,place.894029,"Paris, France",2.348392,48.853495,1.0,region:1.00,matched,2026-04-27T16:46:59Z,fr
487350,Modern and Contemporary Art,1884,||||||||French (Paris)||French,"Paris, France",culture||country,0.55,True,place.894029,"Paris, France",2.348392,48.853495,1.0,region:1.00,matched,2026-04-27T16:46:59Z,fr
487351,Modern and Contemporary Art,1890,||||||||French (Limoges)||French,"Limoges, France",culture||country,0.55,True,place.143050829,"Limoges, Haute-Vienne, France",1.260269,45.831486,1.0,place:1.00,matched,2026-04-27T16:46:51Z,fr
487474,Modern and Contemporary Art,1897,||||||||||French,France,artistNationality,0.45,True,country.8781,France,2.618787,47.824905,1.0,country:1.00,matched,2026-04-27T16:46:42Z,fr
487563,Modern and Contemporary Art,1885,||||||||||French,France,artistNationality,0.45,True,country.8781,France,2.618787,47.824905,1.0,country:1.00,matched,2026-04-27T16:46:42Z,fr
500028,Modern and Contemporary Art,1900,||||||||||French,France,artistNationality,0.45,True,country.8781,France,2.618787,47.824905,1.0,country:1.00,matched,2026-04-27T16:46:42Z,fr
545042,Egyptian Art,-1721,||||Memphite Region||Egypt||||,"Memphis region, Egypt, Egypt",region||country,0.7,True,country.8771,Egypt,29.871903,26.494184,0.388889,country:0.39,matched,2026-04-27T16:46:52Z,eg
545772,Egyptian Art,-1802,||||Northern Upper Egypt||Egypt||||,"Upper Egypt, Egypt, Egypt",region||country,0.7,True,country.8771,Egypt,29.871903,26.494184,0.388889,country:0.39,matched,2026-04-27T16:47:13Z,eg
545791,Egyptian Art,-1423,||||Middle Egypt||||||,"Middle Egypt, Egypt",region,0.35,True,country.8771,Egypt,29.871903,26.494184,0.425926,country:0.43,matched,2026-04-27T16:46:54Z,eg
546034,Egyptian Art,-3405,||||||Egypt||||,Egypt,country,0.7,True,country.8771,Egypt,29.871903,26.494184,1.0,country:1.00,matched,2026-04-27T16:46:39Z,eg
546649,Egyptian Art,-1766,||||Memphite Region||Egypt||||,"Memphis region, Egypt, Egypt",region||country,0.7,True,country.8771,Egypt,29.871903,26.494184,0.388889,country:0.39,matched,2026-04-27T16:46:52Z,eg
546758,Egyptian Art,-3650,||||||Egypt||||,Egypt,country,0.7,True,country.8771,Egypt,29.871903,26.494184,1.0,country:1.00,matched,2026-04-27T16:46:39Z,eg
546986,Egyptian Art,-1550,"||||Upper Egypt, Thebes||Egypt||||","Thebes, Egypt, Egypt",region||country,0.7,True,country.8771,Egypt,29.871903,26.494184,0.425926,country:0.43,matched,2026-04-27T16:47:10Z,eg
547254,Egyptian Art,-3400,||||||Egypt||||,Egypt,country,0.7,True,country.8771,Egypt,29.871903,26.494184,1.0,country:1.00,matched,2026-04-27T16:46:39Z,eg
547274,Egyptian Art,-3650,||||||Egypt||||,Egypt,country,0.7,True,country.8771,Egypt,29.871903,26.494184,1.0,country:1.00,matched,2026-04-27T16:46:39Z,eg
547452,Egyptian Art,-3500,||||||Egypt||||,Egypt,country,0.7,True,country.8771,Egypt,29.871903,26.494184,1.0,country:1.00,matched,2026-04-27T16:46:39Z,eg
547504,Egyptian Art,-3405,||||Northern Upper Egypt||Egypt||||,"Upper Egypt, Egypt, Egypt",region||country,0.7,True,country.8771,Egypt,29.871903,26.494184,0.388889,country:0.39,matched,2026-04-27T16:47:13Z,eg
547523,Egyptian Art,-4250,||||||Egypt||||,Egypt,country,0.7,True,country.8771,Egypt,29.871903,26.494184,1.0,country:1.00,matched,2026-04-27T16:46:39Z,eg
547756,Egyptian Art,-2875,||||Northern Upper Egypt||Egypt||||,"Upper Egypt, Egypt, Egypt",region||country,0.7,True,country.8771,Egypt,29.871903,26.494184,0.388889,country:0.39,matched,2026-04-27T16:47:13Z,eg
549136,Egyptian Art,-1476,"||||Upper Egypt, Thebes||Egypt||||","Thebes, Egypt, Egypt",region||country,0.7,True,country.8771,Egypt,29.871903,26.494184,0.425926,country:0.43,matched,2026-04-27T16:47:10Z,eg
549140,Egyptian Art,-1504,"||||Upper Egypt, Thebes||Egypt||||","Thebes, Egypt, Egypt",region||country,0.7,True,country.8771,Egypt,29.871903,26.494184,0.425926,country:0.43,matched,2026-04-27T16:47:10Z,eg
551026,Egyptian Art,-3405,||||||Egypt||||,Egypt,country,0.7,True,country.8771,Egypt,29.871903,26.494184,1.0,country:1.00,matched,2026-04-27T16:46:39Z,eg
551028,Egyptian Art,-3405,||||Northern Upper Egypt||Egypt||||,"Upper Egypt, Egypt, Egypt",region||country,0.7,True,country.8771,Egypt,29.871903,26.494184,0.388889,country:0.39,matched,2026-04-27T16:47:13Z,eg
551843,Egyptian Art,-3405,||||||Egypt||||,Egypt,country,0.7,True,country.8771,Egypt,29.871903,26.494184,1.0,country:1.00,matched,2026-04-27T16:46:39Z,eg
551844,Egyptian Art,-3405,||||||Egypt||||,Egypt,country,0.7,True,country.8771,Egypt,29.871903,26.494184,1.0,country:1.00,matched,2026-04-27T16:46:39Z,eg
551845,Egyptian Art,-3405,||||||Egypt||||,Egypt,country,0.7,True,country.8771,Egypt,29.871903,26.494184,1.0,country:1.00,matched,2026-04-27T16:46:39Z,eg
552174,Egyptian Art,-3405,||||||Egypt||||,Egypt,country,0.7,True,country.8771,Egypt,29.871903,26.494184,1.0,country:1.00,matched,2026-04-27T16:46:39Z,eg
552180,Egyptian Art,-3405,||||||Egypt||||,Egypt,country,0.7,True,country.8771,Egypt,29.871903,26.494184,1.0,country:1.00,matched,2026-04-27T16:46:39Z,eg
552190,Egyptian Art,-4250,||||||Egypt||||,Egypt,country,0.7,True,country.8771,Egypt,29.871903,26.494184,1.0,country:1.00,matched,2026-04-27T16:46:39Z,eg
552353,Egyptian Art,-1721,"||||Upper Egypt, Thebes||Egypt||||","Thebes, Egypt, Egypt",region||country,0.7,True,country.8771,Egypt,29.871903,26.494184,0.425926,country:0.43,matched,2026-04-27T16:47:10Z,eg
554326,Egyptian Art,-1423,"||||Upper Egypt, Thebes||Egypt||||","Thebes, Egypt, Egypt",region||country,0.7,True,country.8771,Egypt,29.871903,26.494184,0.425926,country:0.43,matched,2026-04-27T16:47:10Z,eg
554515,Egyptian Art,-1423,||||||Egypt||||,Egypt,country,0.7,True,country.8771,Egypt,29.871903,26.494184,1.0,country:1.00,matched,2026-04-27T16:46:39Z,eg
558198,Egyptian Art,-3405,||||||Egypt||||,Egypt,country,0.7,True,country.8771,Egypt,29.871903,26.494184,1.0,country:1.00,matched,2026-04-27T16:46:39Z,eg
558204,Egyptian Art,-3405,||||Northern Upper Egypt||Egypt||||,"Upper Egypt, Egypt, Egypt",region||country,0.7,True,country.8771,Egypt,29.871903,26.494184,0.388889,country:0.39,matched,2026-04-27T16:47:13Z,eg
558282,Egyptian Art,-3405,||||Southern Upper Egypt||Egypt||||,"Upper Egypt, Egypt, Egypt",region||country,0.7,True,country.8771,Egypt,29.871903,26.494184,0.388889,country:0.39,matched,2026-04-27T16:47:13Z,eg
569685,Egyptian Art,-168,"||||Upper Egypt, Thebes||Egypt||||","Thebes, Egypt, Egypt",region||country,0.7,True,country.8771,Egypt,29.871903,26.494184,0.425926,country:0.43,matched,2026-04-27T16:47:10Z,eg
572220,Egyptian Art,-1550,"||||Upper Egypt, Thebes||Egypt||||","Thebes, Egypt, Egypt",region||country,0.7,True,country.8771,Egypt,29.871903,26.494184,0.425926,country:0.43,matched,2026-04-27T16:47:10Z,eg
576327,Egyptian Art,249,||||Lower Nubia||Nubia (Sudan)||||,"Lower Nubia, Nubia (Sudan)",region||country,0.7,True,country.8903,Sudan,30.049948,13.831539,0.388889,country:0.39,matched,2026-04-27T16:46:51Z,sd
623471,European Sculpture and Decorative Arts,1705,||||||||||,,none,0.0,False,,,,,,,skipped,2026-04-27T16:47:15Z,
623500,European Sculpture and Decorative Arts,1737,||||||||||,,none,0.0,False,,,,,,,skipped,2026-04-27T16:47:15Z,
625629,Islamic Art,1674,Kirman||||||Iran||||,"Kirman, Iran",city||country,0.88,True,region.99438,"Kerman, Iran",57.064839,30.285219,0.958333,region:0.96,matched,2026-04-27T16:46:49Z,ir
629700,Asian Art,1616,||||||||China||,China,culture,0.55,True,country.8753,People's Republic of China,101.901875,35.486703,1.0,country:1.00,matched,2026-04-27T16:46:34Z,cn
643549,The Cloisters,1250,||Surrey||||England||British||,"Surrey, England, England",state||country,0.72,True,district.1222223,"Surrey, England, United Kingdom",-0.205921,51.23765,0.666667,district:0.67,matched,2026-04-27T16:47:08Z,gb
644110,European Sculpture and Decorative Arts,1797,||||||||||French,France,department||artistNationality,0.53,True,country.8781,France,2.618787,47.824905,1.0,country:1.00,matched,2026-04-27T16:46:43Z,fr
644111,European Sculpture and Decorative Arts,1797,||||||||||French,France,department||artistNationality,0.53,True,country.8781,France,2.618787,47.824905,1.0,country:1.00,matched,2026-04-27T16:46:43Z,fr
647271,Asian Art,1319,||||||||China||,China,culture,0.55,True,country.8753,People's Republic of China,101.901875,35.486703,1.0,country:1.00,matched,2026-04-27T16:46:34Z,cn
651241,The Cloisters,1287,Potter Toynton (?)||Lincolnshire||||England||British||,"Toynton, Lincolnshire, England, Lincolnshire, England",city||state||country,0.75,True,district.730703,"Lincolnshire, England, United Kingdom",-0.541387,53.230133,0.548148,district:0.55,matched,2026-04-27T16:47:10Z,gb
651287,The Cloisters,1250,||Derbyshire||||England||British||,"Derbyshire, England, England",state||country,0.72,True,district.419407,"Derbyshire, England, United Kingdom",-1.427393,53.23586,0.666667,district:0.67,matched,2026-04-27T16:46:38Z,gb
651289,The Cloisters,1350,Mill Green||Essex||||England||British||,"Mill Green, Essex, England",city||state||country,0.95,True,district.542287,"Essex, England, United Kingdom",0.473644,51.733253,0.592593,district:0.59,matched,2026-04-27T16:46:54Z,gb
651290,The Cloisters,1300,||Wiltshire||||England||British||,"Wiltshire, England, England",state||country,0.72,True,district.1353295,"Wiltshire, England, United Kingdom",-2.20183,51.318718,0.666667,district:0.67,matched,2026-04-27T16:47:15Z,gb
658676,European Sculpture and Decorative Arts,1900,||||||||||British,Britain,department||artistNationality,0.53,True,country.8783,United Kingdom,-2.36967,54.237933,1.0,country:1.00,matched,2026-04-27T16:46:31Z,gb
658718,European Sculpture and Decorative Arts,1893,"||||||||||British, Scottish",Scotland,department||artistNationality,0.35,True,region.17487,"Scotland, United Kingdom",-4.095892,56.734282,1.0,region:1.00,matched,2026-04-27T16:47:05Z,gb
658719,European Sculpture and Decorative Arts,1880,"||||||||||British, Scottish",Scotland,department||artistNationality,0.35,True,region.17487,"Scotland, United Kingdom",-4.095892,56.734282,1.0,region:1.00,matched,2026-04-27T16:47:05Z,gb
662967,The Michael C. Rockefeller Wing,700,||||Mesoamerica||Mexico or Guatemala||Maya||,"Mesoamerica, Mexico",region||country,0.5,True,country.8863,Mexico,-102.532867,23.950464,0.5,country:0.50,matched,2026-04-27T16:46:53Z,mx
666591,Asian Art,1725,||||||||Japan||,Japan,culture,0.55,True,country.8820,Japan,138.59223,36.386493,1.0,country:1.00,matched,2026-04-27T16:46:48Z,jp
666592,Asian Art,1715,||||||||Japan||,Japan,culture,0.55,True,country.8820,Japan,138.59223,36.386493,1.0,country:1.00,matched,2026-04-27T16:46:48Z,jp
667252,Asian Art,1700,||||||||Japan||,Japan,culture,0.55,True,country.8820,Japan,138.59223,36.386493,1.0,country:1.00,matched,2026-04-27T16:46:48Z,jp
667254,Asian Art,1740,||||||||Japan||,Japan,culture,0.55,True,country.8820,Japan,138.59223,36.386493,1.0,country:1.00,matched,2026-04-27T16:46:48Z,jp
667256,Asian Art,1650,||||||||Japan||,Japan,culture,0.55,True,country.8820,Japan,138.59223,36.386493,1.0,country:1.00,matched,2026-04-27T16:46:48Z,jp
667257,Asian Art,1749,||||||||Japan||,Japan,culture,0.55,True,country.8820,Japan,138.59223,36.386493,1.0,country:1.00,matched,2026-04-27T16:46:48Z,jp
667258,Asian Art,1749,||||||||Japan||,Japan,culture,0.55,True,country.8820,Japan,138.59223,36.386493,1.0,country:1.00,matched,2026-04-27T16:46:48Z,jp
667259,Asian Art,1749,||||||||Japan||,Japan,culture,0.55,True,country.8820,Japan,138.59223,36.386493,1.0,country:1.00,matched,2026-04-27T16:46:48Z,jp
667264,Asian Art,1749,||||||||Japan||,Japan,culture,0.55,True,country.8820,Japan,138.59223,36.386493,1.0,country:1.00,matched,2026-04-27T16:46:48Z,jp
668677,The Cloisters,1250,||Saintonge||||France||French||,"Saintonge, France",state||country,0.72,True,country.8781,France,2.618787,47.824905,0.5,country:0.50,matched,2026-04-27T16:47:04Z,fr
670804,European Sculpture and Decorative Arts,1867,"||||||||||British, Scottish",Scotland,department||artistNationality,0.35,True,region.17487,"Scotland, United Kingdom",-4.095892,56.734282,1.0,region:1.00,matched,2026-04-27T16:47:05Z,gb
670806,European Sculpture and Decorative Arts,1882,"||||||||||British, Scottish",Scotland,department||artistNationality,0.35,True,region.17487,"Scotland, United Kingdom",-4.095892,56.734282,1.0,region:1.00,matched,2026-04-27T16:47:05Z,gb
670807,European Sculpture and Decorative Arts,1884,"||||||||||British, Scottish",Scotland,department||artistNationality,0.35,True,region.17487,"Scotland, United Kingdom",-4.095892,56.734282,1.0,region:1.00,matched,2026-04-27T16:47:05Z,gb
670808,European Sculpture and Decorative Arts,1880,"||||||||||British, Scottish",Scotland,department||artistNationality,0.35,True,region.17487,"Scotland, United Kingdom",-4.095892,56.734282,1.0,region:1.00,matched,2026-04-27T16:47:05Z,gb
670809,European Sculpture and Decorative Arts,1880,"||||||||||British, Scottish",Scotland,department||artistNationality,0.35,True,region.17487,"Scotland, United Kingdom",-4.095892,56.734282,1.0,region:1.00,matched,2026-04-27T16:47:05Z,gb
670810,European Sculpture and Decorative Arts,1880,"||||||||||British, Scottish",Scotland,department||artistNationality,0.35,True,region.17487,"Scotland, United Kingdom",-4.095892,56.734282,1.0,region:1.00,matched,2026-04-27T16:47:05Z,gb
670812,European Sculpture and Decorative Arts,1880,"||||||||||British, Scottish",Scotland,department||artistNationality,0.35,True,region.17487,"Scotland, United Kingdom",-4.095892,56.734282,1.0,region:1.00,matched,2026-04-27T16:47:05Z,gb
670813,European Sculpture and Decorative Arts,1880,"||||||||||British, Scottish",Scotland,department||artistNationality,0.35,True,region.17487,"Scotland, United Kingdom",-4.095892,56.734282,1.0,region:1.00,matched,2026-04-27T16:47:05Z,gb
670815,European Sculpture and Decorative Arts,1880,"||||||||||British, Scottish",Scotland,department||artistNationality,0.35,True,region.17487,"Scotland, United Kingdom",-4.095892,56.734282,1.0,region:1.00,matched,2026-04-27T16:47:05Z,gb
670987,Asian Art,1733,||||||||Japan||,Japan,culture,0.55,True,country.8820,Japan,138.59223,36.386493,1.0,country:1.00,matched,2026-04-27T16:46:48Z,jp
670989,Asian Art,1600,||||||||Japan||,Japan,culture,0.55,True,country.8820,Japan,138.59223,36.386493,1.0,country:1.00,matched,2026-04-27T16:46:48Z,jp
670990,Asian Art,1536,||||||||Japan||,Japan,culture,0.55,True,country.8820,Japan,138.59223,36.386493,1.0,country:1.00,matched,2026-04-27T16:46:48Z,jp
670991,Asian Art,1591,||||||||Japan||,Japan,culture,0.55,True,country.8820,Japan,138.59223,36.386493,1.0,country:1.00,matched,2026-04-27T16:46:48Z,jp
670992,Asian Art,1749,||||||||Japan||,Japan,culture,0.55,True,country.8820,Japan,138.59223,36.386493,1.0,country:1.00,matched,2026-04-27T16:46:48Z,jp
670994,Asian Art,1511,||||||||Japan||,Japan,culture,0.55,True,country.8820,Japan,138.59223,36.386493,1.0,country:1.00,matched,2026-04-27T16:46:48Z,jp
670995,Asian Art,1657,||||||||Japan||,Japan,culture,0.55,True,country.8820,Japan,138.59223,36.386493,1.0,country:1.00,matched,2026-04-27T16:46:48Z,jp
671535,The Cloisters,1400,Siegburg||||||Germany||German||,"Siegburg, Germany, Germany",city||country,0.88,True,place.73533498,"Siegburg, Rhein-Sieg District, North Rhine-Westphalia, Germany",7.205866,50.796486,1.0,place:1.00,matched,2026-04-27T16:47:06Z,de
671536,European Sculpture and Decorative Arts,1500,||||||||||,,none,0.0,False,,,,,,,skipped,2026-04-27T16:47:15Z,
671537,European Sculpture and Decorative Arts,1675,||||||||||British,Britain,department||artistNationality,0.53,True,country.8783,United Kingdom,-2.36967,54.237933,1.0,country:1.00,matched,2026-04-27T16:46:31Z,gb
675861,European Sculpture and Decorative Arts,1602,||||||||||,,none,0.0,False,,,,,,,skipped,2026-04-27T16:47:15Z,
675862,European Sculpture and Decorative Arts,1612,||||||||||,,none,0.0,False,,,,,,,skipped,2026-04-27T16:47:15Z,
680974,European Sculpture and Decorative Arts,1587,||||||||||,,none,0.0,False,,,,,,,skipped,2026-04-27T16:47:15Z,
701291,Asian Art,1672,||||||||China||,China,culture,0.55,True,country.8753,People's Republic of China,101.901875,35.486703,1.0,country:1.00,matched,2026-04-27T16:46:34Z,cn
706069,European Sculpture and Decorative Arts,1894,"||||||||||British, Scottish",Scotland,department||artistNationality,0.35,True,region.17487,"Scotland, United Kingdom",-4.095892,56.734282,1.0,region:1.00,matched,2026-04-27T16:47:05Z,gb
706316,Asian Art,1683,||||||||China||,China,culture,0.55,True,country.8753,People's Republic of China,101.901875,35.486703,1.0,country:1.00,matched,2026-04-27T16:46:34Z,cn
708056,European Sculpture and Decorative Arts,1725,||||||||||German,Germany,department||artistNationality,0.53,True,country.8762,Germany,10.018343,51.133481,1.0,country:1.00,matched,2026-04-27T16:46:43Z,de
708306,European Sculpture and Decorative Arts,1890,||||||||||French,France,department||artistNationality,0.53,True,country.8781,France,2.618787,47.824905,1.0,country:1.00,matched,2026-04-27T16:46:43Z,fr
715459,Islamic Art,1887,||||||Egypt||||,Egypt,country,0.7,True,country.8771,Egypt,29.871903,26.494184,1.0,country:1.00,matched,2026-04-27T16:46:39Z,eg
716908,The American Wing,1898,Biloxi||Mississippi||||United States||||American,"Biloxi, Mississippi, United States",city||state||country,0.95,True,place.28379372,"Biloxi, Mississippi, United States",-88.885571,30.395579,1.0,place:1.00,matched,2026-04-27T16:46:31Z,us
747034,European Sculpture and Decorative Arts,1755,||||||||||British,Britain,department||artistNationality,0.53,True,country.8783,United Kingdom,-2.36967,54.237933,1.0,country:1.00,matched,2026-04-27T16:46:31Z,gb
748293,Asian Art,1594,||||||||Japan||,Japan,culture,0.55,True,country.8820,Japan,138.59223,36.386493,1.0,country:1.00,matched,2026-04-27T16:46:48Z,jp
748303,Asian Art,1741,||||||||Japan||,Japan,culture,0.55,True,country.8820,Japan,138.59223,36.386493,1.0,country:1.00,matched,2026-04-27T16:46:48Z,jp
748327,Asian Art,1749,||||||||Japan||,Japan,culture,0.55,True,country.8820,Japan,138.59223,36.386493,1.0,country:1.00,matched,2026-04-27T16:46:48Z,jp
752044,Asian Art,1674,||||||||Japan||Japanese,Japan,culture,0.55,True,country.8820,Japan,138.59223,36.386493,1.0,country:1.00,matched,2026-04-27T16:46:48Z,jp
761272,The Michael C. Rockefeller Wing,750,||||||Mexico||Maya||,Mexico,country,0.7,True,country.8863,Mexico,-102.532867,23.950464,1.0,country:1.00,matched,2026-04-27T16:46:53Z,mx
762252,European Sculpture and Decorative Arts,1820,||||||||||,,none,0.0,False,,,,,,,skipped,2026-04-27T16:47:15Z,
762253,European Sculpture and Decorative Arts,1820,||||||||||,,none,0.0,False,,,,,,,skipped,2026-04-27T16:47:15Z,
765030,Medieval Art,1434,Viterbo||Lazio||||Italy||Central Italian||,"Viterbo, Lazio, Italy",city||state||country,0.95,True,region.1483888,"Lazio, Italy",12.482932,41.89332,0.666667,region:0.67,matched,2026-04-27T16:47:14Z,it
769061,Islamic Art,1099,Nishapur||||||Iran||||,"Nishapur, Iran",city||country,0.88,True,place.1878126,"Nishapur County, Razavi Khorasan, Iran",58.79233,36.21129,0.95,place:0.95,matched,2026-04-27T16:46:56Z,ir
770913,European Sculpture and Decorative Arts,1872,||||||||||British,Britain,department||artistNationality,0.53,True,country.8783,United Kingdom,-2.36967,54.237933,1.0,country:1.00,matched,2026-04-27T16:46:31Z,gb
770914,European Sculpture and Decorative Arts,1875,||||||||||British,Britain,department||artistNationality,0.53,True,country.8783,United Kingdom,-2.36967,54.237933,1.0,country:1.00,matched,2026-04-27T16:46:31Z,gb
770916,European Sculpture and Decorative Arts,1875,||||||||||British,Britain,department||artistNationality,0.53,True,country.8783,United Kingdom,-2.36967,54.237933,1.0,country:1.00,matched,2026-04-27T16:46:31Z,gb
770917,European Sculpture and Decorative Arts,1880,||||||||||British,Britain,department||artistNationality,0.53,True,country.8783,United Kingdom,-2.36967,54.237933,1.0,country:1.00,matched,2026-04-27T16:46:31Z,gb
770920,European Sculpture and Decorative Arts,1885,||||||||||British,Britain,department||artistNationality,0.53,True,country.8783,United Kingdom,-2.36967,54.237933,1.0,country:1.00,matched,2026-04-27T16:46:31Z,gb
770921,European Sculpture and Decorative Arts,1870,||||||||||British,Britain,department||artistNationality,0.53,True,country.8783,United Kingdom,-2.36967,54.237933,1.0,country:1.00,matched,2026-04-27T16:46:31Z,gb
770922,European Sculpture and Decorative Arts,1872,||||||||||British,Britain,department||artistNationality,0.53,True,country.8783,United Kingdom,-2.36967,54.237933,1.0,country:1.00,matched,2026-04-27T16:46:31Z,gb
770923,European Sculpture and Decorative Arts,1877,||||||||||British,Britain,department||artistNationality,0.53,True,country.8783,United Kingdom,-2.36967,54.237933,1.0,country:1.00,matched,2026-04-27T16:46:31Z,gb
770925,European Sculpture and Decorative Arts,1872,||||||||||British,Britain,department||artistNationality,0.53,True,country.8783,United Kingdom,-2.36967,54.237933,1.0,country:1.00,matched,2026-04-27T16:46:31Z,gb
770927,European Sculpture and Decorative Arts,1891,||||||||||British,Britain,department||artistNationality,0.53,True,country.8783,United Kingdom,-2.36967,54.237933,1.0,country:1.00,matched,2026-04-27T16:46:31Z,gb
770928,European Sculpture and Decorative Arts,1885,||||||||||British,Britain,department||artistNationality,0.53,True,country.8783,United Kingdom,-2.36967,54.237933,1.0,country:1.00,matched,2026-04-27T16:46:31Z,gb
770931,European Sculpture and Decorative Arts,1872,||||||||||British,Britain,department||artistNationality,0.53,True,country.8783,United Kingdom,-2.36967,54.237933,1.0,country:1.00,matched,2026-04-27T16:46:31Z,gb
770932,European Sculpture and Decorative Arts,1890,||||||||||British,Britain,department||artistNationality,0.53,True,country.8783,United Kingdom,-2.36967,54.237933,1.0,country:1.00,matched,2026-04-27T16:46:31Z,gb
770933,European Sculpture and Decorative Arts,1884,||||||||||British,Britain,department||artistNationality,0.53,True,country.8783,United Kingdom,-2.36967,54.237933,1.0,country:1.00,matched,2026-04-27T16:46:31Z,gb
770934,European Sculpture and Decorative Arts,1880,||||||||||British,Britain,department||artistNationality,0.53,True,country.8783,United Kingdom,-2.36967,54.237933,1.0,country:1.00,matched,2026-04-27T16:46:31Z,gb
770938,European Sculpture and Decorative Arts,1884,||||||||||British,Britain,department||artistNationality,0.53,True,country.8783,United Kingdom,-2.36967,54.237933,1.0,country:1.00,matched,2026-04-27T16:46:31Z,gb
770939,European Sculpture and Decorative Arts,1867,||||||||||British,Britain,department||artistNationality,0.53,True,country.8783,United Kingdom,-2.36967,54.237933,1.0,country:1.00,matched,2026-04-27T16:46:31Z,gb
770940,European Sculpture and Decorative Arts,1877,||||||||||British,Britain,department||artistNationality,0.53,True,country.8783,United Kingdom,-2.36967,54.237933,1.0,country:1.00,matched,2026-04-27T16:46:31Z,gb
770941,European Sculpture and Decorative Arts,1874,||||||||||British,Britain,department||artistNationality,0.53,True,country.8783,United Kingdom,-2.36967,54.237933,1.0,country:1.00,matched,2026-04-27T16:46:31Z,gb
770942,European Sculpture and Decorative Arts,1869,||||||||||British,Britain,department||artistNationality,0.53,True,country.8783,United Kingdom,-2.36967,54.237933,1.0,country:1.00,matched,2026-04-27T16:46:31Z,gb
770945,European Sculpture and Decorative Arts,1867,||||||||||British,Britain,department||artistNationality,0.53,True,country.8783,United Kingdom,-2.36967,54.237933,1.0,country:1.00,matched,2026-04-27T16:46:31Z,gb
770946,European Sculpture and Decorative Arts,1870,"||||||||||British, Scottish",Scotland,department||artistNationality,0.35,True,region.17487,"Scotland, United Kingdom",-4.095892,56.734282,1.0,region:1.00,matched,2026-04-27T16:47:05Z,gb
770951,European Sculpture and Decorative Arts,1870,||||||||||British,Britain,department||artistNationality,0.53,True,country.8783,United Kingdom,-2.36967,54.237933,1.0,country:1.00,matched,2026-04-27T16:46:31Z,gb
770952,European Sculpture and Decorative Arts,1886,||||||||||British,Britain,department||artistNationality,0.53,True,country.8783,United Kingdom,-2.36967,54.237933,1.0,country:1.00,matched,2026-04-27T16:46:31Z,gb
770953,European Sculpture and Decorative Arts,1880,||||||||||British,Britain,department||artistNationality,0.53,True,country.8783,United Kingdom,-2.36967,54.237933,1.0,country:1.00,matched,2026-04-27T16:46:31Z,gb
770959,European Sculpture and Decorative Arts,1875,||||||||||British,Britain,department||artistNationality,0.53,True,country.8783,United Kingdom,-2.36967,54.237933,1.0,country:1.00,matched,2026-04-27T16:46:31Z,gb
770961,European Sculpture and Decorative Arts,1862,||||||||||British,Britain,department||artistNationality,0.53,True,country.8783,United Kingdom,-2.36967,54.237933,1.0,country:1.00,matched,2026-04-27T16:46:31Z,gb
770962,European Sculpture and Decorative Arts,1870,||||||||||British,Britain,department||artistNationality,0.53,True,country.8783,United Kingdom,-2.36967,54.237933,1.0,country:1.00,matched,2026-04-27T16:46:31Z,gb
770969,European Sculpture and Decorative Arts,1873,||||||||||British,Britain,department||artistNationality,0.53,True,country.8783,United Kingdom,-2.36967,54.237933,1.0,country:1.00,matched,2026-04-27T16:46:31Z,gb
770970,European Sculpture and Decorative Arts,1870,||||||||||British,Britain,department||artistNationality,0.53,True,country.8783,United Kingdom,-2.36967,54.237933,1.0,country:1.00,matched,2026-04-27T16:46:31Z,gb
770971,European Sculpture and Decorative Arts,1864,||||||||||British,Britain,department||artistNationality,0.53,True,country.8783,United Kingdom,-2.36967,54.237933,1.0,country:1.00,matched,2026-04-27T16:46:31Z,gb
770973,European Sculpture and Decorative Arts,1870,||||||||||British,Britain,department||artistNationality,0.53,True,country.8783,United Kingdom,-2.36967,54.237933,1.0,country:1.00,matched,2026-04-27T16:46:31Z,gb
770974,European Sculpture and Decorative Arts,1864,||||||||||British,Britain,department||artistNationality,0.53,True,country.8783,United Kingdom,-2.36967,54.237933,1.0,country:1.00,matched,2026-04-27T16:46:31Z,gb
770975,European Sculpture and Decorative Arts,1870,||||||||||British,Britain,department||artistNationality,0.53,True,country.8783,United Kingdom,-2.36967,54.237933,1.0,country:1.00,matched,2026-04-27T16:46:31Z,gb
770977,European Sculpture and Decorative Arts,1868,||||||||||British,Britain,department||artistNationality,0.53,True,country.8783,United Kingdom,-2.36967,54.237933,1.0,country:1.00,matched,2026-04-27T16:46:31Z,gb
770979,European Sculpture and Decorative Arts,1874,||||||||||British,Britain,department||artistNationality,0.53,True,country.8783,United Kingdom,-2.36967,54.237933,1.0,country:1.00,matched,2026-04-27T16:46:31Z,gb
770986,European Sculpture and Decorative Arts,1880,||||||||||British,Britain,department||artistNationality,0.53,True,country.8783,United Kingdom,-2.36967,54.237933,1.0,country:1.00,matched,2026-04-27T16:46:31Z,gb
770987,European Sculpture and Decorative Arts,1880,||||||||||British,Britain,department||artistNationality,0.53,True,country.8783,United Kingdom,-2.36967,54.237933,1.0,country:1.00,matched,2026-04-27T16:46:31Z,gb
770999,European Sculpture and Decorative Arts,1886,||||||||||British,Britain,department||artistNationality,0.53,True,country.8783,United Kingdom,-2.36967,54.237933,1.0,country:1.00,matched,2026-04-27T16:46:31Z,gb
771000,European Sculpture and Decorative Arts,1876,||||||||||British,Britain,department||artistNationality,0.53,True,country.8783,United Kingdom,-2.36967,54.237933,1.0,country:1.00,matched,2026-04-27T16:46:31Z,gb
771006,European Sculpture and Decorative Arts,1878,||||||||||British,Britain,department||artistNationality,0.53,True,country.8783,United Kingdom,-2.36967,54.237933,1.0,country:1.00,matched,2026-04-27T16:46:31Z,gb
771009,European Sculpture and Decorative Arts,1882,||||||||||British,Britain,department||artistNationality,0.53,True,country.8783,United Kingdom,-2.36967,54.237933,1.0,country:1.00,matched,2026-04-27T16:46:31Z,gb
771015,European Sculpture and Decorative Arts,1884,||||||||||British,Britain,department||artistNationality,0.53,True,country.8783,United Kingdom,-2.36967,54.237933,1.0,country:1.00,matched,2026-04-27T16:46:31Z,gb
771016,European Sculpture and Decorative Arts,1876,||||||||||British,Britain,department||artistNationality,0.53,True,country.8783,United Kingdom,-2.36967,54.237933,1.0,country:1.00,matched,2026-04-27T16:46:31Z,gb
771019,European Sculpture and Decorative Arts,1875,||||||||||British,Britain,department||artistNationality,0.53,True,country.8783,United Kingdom,-2.36967,54.237933,1.0,country:1.00,matched,2026-04-27T16:46:31Z,gb
771021,European Sculpture and Decorative Arts,1879,||||||||||British,Britain,department||artistNationality,0.53,True,country.8783,United Kingdom,-2.36967,54.237933,1.0,country:1.00,matched,2026-04-27T16:46:31Z,gb
771022,European Sculpture and Decorative Arts,1868,||||||||||British,Britain,department||artistNationality,0.53,True,country.8783,United Kingdom,-2.36967,54.237933,1.0,country:1.00,matched,2026-04-27T16:46:31Z,gb
771023,European Sculpture and Decorative Arts,1867,||||||||||British,Britain,department||artistNationality,0.53,True,country.8783,United Kingdom,-2.36967,54.237933,1.0,country:1.00,matched,2026-04-27T16:46:31Z,gb
771024,European Sculpture and Decorative Arts,1886,||||||||||British,Britain,department||artistNationality,0.53,True,country.8783,United Kingdom,-2.36967,54.237933,1.0,country:1.00,matched,2026-04-27T16:46:31Z,gb
771025,European Sculpture and Decorative Arts,1884,||||||||||British,Britain,department||artistNationality,0.53,True,country.8783,United Kingdom,-2.36967,54.237933,1.0,country:1.00,matched,2026-04-27T16:46:31Z,gb
771026,European Sculpture and Decorative Arts,1872,||||||||||British,Britain,department||artistNationality,0.53,True,country.8783,United Kingdom,-2.36967,54.237933,1.0,country:1.00,matched,2026-04-27T16:46:31Z,gb
771028,European Sculpture and Decorative Arts,1872,||||||||||British,Britain,department||artistNationality,0.53,True,country.8783,United Kingdom,-2.36967,54.237933,1.0,country:1.00,matched,2026-04-27T16:46:31Z,gb
771029,European Sculpture and Decorative Arts,1875,||||||||||British,Britain,department||artistNationality,0.53,True,country.8783,United Kingdom,-2.36967,54.237933,1.0,country:1.00,matched,2026-04-27T16:46:31Z,gb
771030,European Sculpture and Decorative Arts,1891,||||||||||British,Britain,department||artistNationality,0.53,True,country.8783,United Kingdom,-2.36967,54.237933,1.0,country:1.00,matched,2026-04-27T16:46:31Z,gb
771031,European Sculpture and Decorative Arts,1894,||||||||||British,Britain,department||artistNationality,0.53,True,country.8783,United Kingdom,-2.36967,54.237933,1.0,country:1.00,matched,2026-04-27T16:46:31Z,gb
771034,European Sculpture and Decorative Arts,1883,||||||||||British,Britain,department||artistNationality,0.53,True,country.8783,United Kingdom,-2.36967,54.237933,1.0,country:1.00,matched,2026-04-27T16:46:31Z,gb
771035,European Sculpture and Decorative Arts,1884,||||||||||British,Britain,department||artistNationality,0.53,True,country.8783,United Kingdom,-2.36967,54.237933,1.0,country:1.00,matched,2026-04-27T16:46:31Z,gb
771036,European Sculpture and Decorative Arts,1884,||||||||||British,Britain,department||artistNationality,0.53,True,country.8783,United Kingdom,-2.36967,54.237933,1.0,country:1.00,matched,2026-04-27T16:46:31Z,gb
771037,European Sculpture and Decorative Arts,1884,||||||||||British,Britain,department||artistNationality,0.53,True,country.8783,United Kingdom,-2.36967,54.237933,1.0,country:1.00,matched,2026-04-27T16:46:31Z,gb
771038,European Sculpture and Decorative Arts,1884,||||||||||British,Britain,department||artistNationality,0.53,True,country.8783,United Kingdom,-2.36967,54.237933,1.0,country:1.00,matched,2026-04-27T16:46:31Z,gb
771039,European Sculpture and Decorative Arts,1880,||||||||||British,Britain,department||artistNationality,0.53,True,country.8783,United Kingdom,-2.36967,54.237933,1.0,country:1.00,matched,2026-04-27T16:46:31Z,gb
771041,European Sculpture and Decorative Arts,1879,||||||||||British,Britain,department||artistNationality,0.53,True,country.8783,United Kingdom,-2.36967,54.237933,1.0,country:1.00,matched,2026-04-27T16:46:31Z,gb
771043,European Sculpture and Decorative Arts,1884,||||||||||British,Britain,department||artistNationality,0.53,True,country.8783,United Kingdom,-2.36967,54.237933,1.0,country:1.00,matched,2026-04-27T16:46:31Z,gb
771045,European Sculpture and Decorative Arts,1874,||||||||||British,Britain,department||artistNationality,0.53,True,country.8783,United Kingdom,-2.36967,54.237933,1.0,country:1.00,matched,2026-04-27T16:46:31Z,gb
771046,European Sculpture and Decorative Arts,1887,||||||||||British,Britain,department||artistNationality,0.53,True,country.8783,United Kingdom,-2.36967,54.237933,1.0,country:1.00,matched,2026-04-27T16:46:31Z,gb
771047,European Sculpture and Decorative Arts,1886,||||||||||British,Britain,department||artistNationality,0.53,True,country.8783,United Kingdom,-2.36967,54.237933,1.0,country:1.00,matched,2026-04-27T16:46:31Z,gb
771050,European Sculpture and Decorative Arts,1875,||||||||||British,Britain,department||artistNationality,0.53,True,country.8783,United Kingdom,-2.36967,54.237933,1.0,country:1.00,matched,2026-04-27T16:46:31Z,gb
771052,European Sculpture and Decorative Arts,1885,||||||||||British,Britain,department||artistNationality,0.53,True,country.8783,United Kingdom,-2.36967,54.237933,1.0,country:1.00,matched,2026-04-27T16:46:31Z,gb
771053,European Sculpture and Decorative Arts,1873,||||||||||British,Britain,department||artistNationality,0.53,True,country.8783,United Kingdom,-2.36967,54.237933,1.0,country:1.00,matched,2026-04-27T16:46:31Z,gb
771056,European Sculpture and Decorative Arts,1879,||||||||||British,Britain,department||artistNationality,0.53,True,country.8783,United Kingdom,-2.36967,54.237933,1.0,country:1.00,matched,2026-04-27T16:46:31Z,gb
771060,European Sculpture and Decorative Arts,1887,||||||||||British,Britain,department||artistNationality,0.53,True,country.8783,United Kingdom,-2.36967,54.237933,1.0,country:1.00,matched,2026-04-27T16:46:31Z,gb
771061,European Sculpture and Decorative Arts,1886,||||||||||British,Britain,department||artistNationality,0.53,True,country.8783,United Kingdom,-2.36967,54.237933,1.0,country:1.00,matched,2026-04-27T16:46:31Z,gb
771063,European Sculpture and Decorative Arts,1879,||||||||||British,Britain,department||artistNationality,0.53,True,country.8783,United Kingdom,-2.36967,54.237933,1.0,country:1.00,matched,2026-04-27T16:46:31Z,gb
771064,European Sculpture and Decorative Arts,1875,||||||||||British,Britain,department||artistNationality,0.53,True,country.8783,United Kingdom,-2.36967,54.237933,1.0,country:1.00,matched,2026-04-27T16:46:31Z,gb
771065,European Sculpture and Decorative Arts,1884,||||||||||British,Britain,department||artistNationality,0.53,True,country.8783,United Kingdom,-2.36967,54.237933,1.0,country:1.00,matched,2026-04-27T16:46:31Z,gb
771066,European Sculpture and Decorative Arts,1872,||||||||||British,Britain,department||artistNationality,0.53,True,country.8783,United Kingdom,-2.36967,54.237933,1.0,country:1.00,matched,2026-04-27T16:46:31Z,gb
771067,European Sculpture and Decorative Arts,1868,||||||||||British,Britain,department||artistNationality,0.53,True,country.8783,United Kingdom,-2.36967,54.237933,1.0,country:1.00,matched,2026-04-27T16:46:31Z,gb
771068,European Sculpture and Decorative Arts,1874,||||||||||British,Britain,department||artistNationality,0.53,True,country.8783,United Kingdom,-2.36967,54.237933,1.0,country:1.00,matched,2026-04-27T16:46:31Z,gb
771072,European Sculpture and Decorative Arts,1879,||||||||||British,Britain,department||artistNationality,0.53,True,country.8783,United Kingdom,-2.36967,54.237933,1.0,country:1.00,matched,2026-04-27T16:46:31Z,gb
771073,European Sculpture and Decorative Arts,1884,||||||||||British,Britain,department||artistNationality,0.53,True,country.8783,United Kingdom,-2.36967,54.237933,1.0,country:1.00,matched,2026-04-27T16:46:31Z,gb
771081,European Sculpture and Decorative Arts,1873,||||||||||British,Britain,department||artistNationality,0.53,True,country.8783,United Kingdom,-2.36967,54.237933,1.0,country:1.00,matched,2026-04-27T16:46:31Z,gb
774589,European Sculpture and Decorative Arts,1775,||||||||||British,Britain,department||artistNationality,0.53,True,country.8783,United Kingdom,-2.36967,54.237933,1.0,country:1.00,matched,2026-04-27T16:46:31Z,gb
823194,European Sculpture and Decorative Arts,1867,"||||||||||British, Scottish",Scotland,department||artistNationality,0.35,True,region.17487,"Scotland, United Kingdom",-4.095892,56.734282,1.0,region:1.00,matched,2026-04-27T16:47:05Z,gb
823195,European Sculpture and Decorative Arts,1882,"||||||||||British, Scottish",Scotland,department||artistNationality,0.35,True,region.17487,"Scotland, United Kingdom",-4.095892,56.734282,1.0,region:1.00,matched,2026-04-27T16:47:05Z,gb
828443,Asian Art,1749,||||||||Japan||,Japan,culture,0.55,True,country.8820,Japan,138.59223,36.386493,1.0,country:1.00,matched,2026-04-27T16:46:48Z,jp
828462,Asian Art,1049,"||||||||Iraq or Iran, Persian Gulf||",Iraq,culture,0.35,True,country.8813,Iraq,43.404716,33.048056,1.0,country:1.00,matched,2026-04-27T16:46:46Z,iq
828493,Asian Art,1600,||||||||Japan||,Japan,culture,0.55,True,country.8820,Japan,138.59223,36.386493,1.0,country:1.00,matched,2026-04-27T16:46:48Z,jp
833900,The Michael C. Rockefeller Wing,1299,||Arizona||||United States||Ancestral Puebloan (Kayenta Black-on-White)||,"Arizona, United States",state||country,0.72,True,region.394476,"Arizona, United States",-111.422128,34.220261,1.0,region:1.00,matched,2026-04-27T16:46:28Z,us
833901,The Michael C. Rockefeller Wing,1199,||New Mexico||||United States||Ancestral Puebloan (Cibola)||,"New Mexico, United States",state||country,0.72,True,region.222444,"New Mexico, United States",-105.998351,34.324856,1.0,region:1.00,matched,2026-04-27T16:46:55Z,us
833902,The Michael C. Rockefeller Wing,1399,||New Mexico||||United States||Ancestral Puebloan (Casas Grandes)||,"New Mexico, United States",state||country,0.72,True,region.222444,"New Mexico, United States",-105.998351,34.324856,1.0,region:1.00,matched,2026-04-27T16:46:55Z,us
833904,The Michael C. Rockefeller Wing,1300,||Arizona||||United States||Ancestral Puebloan (Jeddito )||,"Arizona, United States",state||country,0.72,True,region.394476,"Arizona, United States",-111.422128,34.220261,1.0,region:1.00,matched,2026-04-27T16:46:28Z,us
838101,European Sculpture and Decorative Arts,1884,||||||||||British,Britain,department||artistNationality,0.53,True,country.8783,United Kingdom,-2.36967,54.237933,1.0,country:1.00,matched,2026-04-27T16:46:31Z,gb
839471,Asian Art,1884,"||||||||India, Bombay School||","India, Bombay School",culture||country,0.55,True,place.29403243,"Mumbai, Maharashtra, India",72.87872,19.077793,0.656667,place:0.66,matched,2026-04-27T16:46:45Z,in
841274,European Sculpture and Decorative Arts,1850,||||||||||French,France,department||artistNationality,0.53,True,country.8781,France,2.618787,47.824905,1.0,country:1.00,matched,2026-04-27T16:46:43Z,fr
848434,European Sculpture and Decorative Arts,1700,||||||||||,,none,0.0,False,,,,,,,skipped,2026-04-27T16:47:15Z,
848435,European Sculpture and Decorative Arts,1720,||||||||||German,Germany,department||artistNationality,0.53,True,country.8762,Germany,10.018343,51.133481,1.0,country:1.00,matched,2026-04-27T16:46:43Z,de
848436,European Sculpture and Decorative Arts,1680,||||||||||German,Germany,department||artistNationality,0.53,True,country.8762,Germany,10.018343,51.133481,1.0,country:1.00,matched,2026-04-27T16:46:43Z,de
848444,European Sculpture and Decorative Arts,1685,||||||||||German,Germany,department||artistNationality,0.53,True,country.8762,Germany,10.018343,51.133481,1.0,country:1.00,matched,2026-04-27T16:46:43Z,de
851660,Asian Art,1500,||||||||Korea||,Korea,culture,0.55,True,country.8828,South Korea,128.168944,36.536236,1.0,country:1.00,matched,2026-04-27T16:46:49Z,kr
851661,Asian Art,1499,||||||||Korea||,Korea,culture,0.55,True,country.8828,South Korea,128.168944,36.536236,1.0,country:1.00,matched,2026-04-27T16:46:49Z,kr
851662,Asian Art,1849,||||||||Korea||,Korea,culture,0.55,True,country.8828,South Korea,128.168944,36.536236,1.0,country:1.00,matched,2026-04-27T16:46:49Z,kr
853841,Asian Art,1499,||||||||Korea||,Korea,culture,0.55,True,country.8828,South Korea,128.168944,36.536236,1.0,country:1.00,matched,2026-04-27T16:46:49Z,kr
853980,Asian Art,1350,"||||||||Vietnam, Hong River region||","Red River Delta, Vietnam",culture||country,0.55,True,country.8948,Vietnam,108.339537,14.315424,0.388889,country:0.39,matched,2026-04-27T16:47:03Z,vn
853981,Asian Art,1262,"||||||||Vietnam, Hong River region||","Red River Delta, Vietnam",culture||country,0.55,True,country.8948,Vietnam,108.339537,14.315424,0.388889,country:0.39,matched,2026-04-27T16:47:03Z,vn
856856,Asian Art,1749,||||||||China||,China,culture,0.55,True,country.8753,People's Republic of China,101.901875,35.486703,1.0,country:1.00,matched,2026-04-27T16:46:34Z,cn
857709,Greek and Roman Art,-1863,||||||||Cypriot||,Cyprus,culture,0.55,True,country.8760,Cyprus,33.221762,35.045882,1.0,country:1.00,matched,2026-04-27T16:46:37Z,cy
857949,Asian Art,1550,||||||||China||,China,culture,0.55,True,country.8753,People's Republic of China,101.901875,35.486703,1.0,country:1.00,matched,2026-04-27T16:46:34Z,cn
871715,European Sculpture and Decorative Arts,1903,||||||||||French,France,department||artistNationality,0.53,True,country.8781,France,2.618787,47.824905,1.0,country:1.00,matched,2026-04-27T16:46:43Z,fr
871864,European Sculpture and Decorative Arts,1896,||||||||||French,France,department||artistNationality,0.53,True,country.8781,France,2.618787,47.824905,1.0,country:1.00,matched,2026-04-27T16:46:43Z,fr
871928,European Sculpture and Decorative Arts,1900,||||||||||Danish,Denmark,department||artistNationality,0.35,True,country.8765,Denmark,10.046297,55.963398,1.0,country:1.00,matched,2026-04-27T16:46:38Z,dk
871929,European Sculpture and Decorative Arts,1900,||||||||||Danish,Denmark,department||artistNationality,0.35,True,country.8765,Denmark,10.046297,55.963398,1.0,country:1.00,matched,2026-04-27T16:46:38Z,dk
871960,European Sculpture and Decorative Arts,1902,||||||||||Dutch,Netherlands,department||artistNationality,0.53,True,country.8872,Netherlands,5.613491,51.972466,1.0,country:1.00,matched,2026-04-27T16:46:55Z,nl
890331,European Sculpture and Decorative Arts,1900,||||||||||French,France,department||artistNationality,0.53,True,country.8781,France,2.618787,47.824905,1.0,country:1.00,matched,2026-04-27T16:46:43Z,fr
890336,European Sculpture and Decorative Arts,1898,||||||||||French,France,department||artistNationality,0.53,True,country.8781,France,2.618787,47.824905,1.0,country:1.00,matched,2026-04-27T16:46:43Z,fr
890351,European Sculpture and Decorative Arts,1900,||||||||||Danish,Denmark,department||artistNationality,0.35,True,country.8765,Denmark,10.046297,55.963398,1.0,country:1.00,matched,2026-04-27T16:46:38Z,dk
891616,Ancient West Asian Art,1855,||||||||British||,Britain,culture,0.55,True,country.8783,United Kingdom,-2.36967,54.237933,1.0,country:1.00,matched,2026-04-27T16:46:31Z,gb
891620,Ancient West Asian Art,1855,||||||||British||,Britain,culture,0.55,True,country.8783,United Kingdom,-2.36967,54.237933,1.0,country:1.00,matched,2026-04-27T16:46:31Z,gb
892635,Asian Art,1649,||||||||Korea||,Korea,culture,0.55,True,country.8828,South Korea,128.168944,36.536236,1.0,country:1.00,matched,2026-04-27T16:46:49Z,kr
894321,Asian Art,1583,||||||||Japan||,Japan,culture,0.55,True,country.8820,Japan,138.59223,36.386493,1.0,country:1.00,matched,2026-04-27T16:46:48Z,jp
902207,Asian Art,1950,||||||||Japan||Japanese,Japan,culture,0.55,True,country.8820,Japan,138.59223,36.386493,1.0,country:1.00,matched,2026-04-27T16:46:48Z,jp
910524,Asian Art,1800,||||||||Korea||,Korea,culture,0.55,True,country.8828,South Korea,128.168944,36.536236,1.0,country:1.00,matched,2026-04-27T16:46:49Z,kr
910531,Greek and Roman Art,-13,||||||||Mycenaean||,Greece,culture,0.55,True,country.8795,Greece,23.828554,38.589021,1.0,country:1.00,matched,2026-04-27T16:46:44Z,gr
910532,Greek and Roman Art,355,"||||||||Greek, Boeotian (or Attic)||",Greece,culture,0.35,True,country.8795,Greece,23.828554,38.589021,1.0,country:1.00,matched,2026-04-27T16:46:44Z,gr
912990,Greek and Roman Art,0,"||||||||Canosan, Puglia||","Apulia, Italy",culture||country,0.55,True,region.1516656,"Apulia, Italy",16.862029,41.125784,1.0,region:1.00,matched,2026-04-27T16:46:28Z,it
918706,European Sculpture and Decorative Arts,1715,||||||||||Bohemian,Czech Republic,department||artistNationality,0.35,True,country.8761,Czech Republic,15.338412,49.742859,1.0,country:1.00,matched,2026-04-27T16:46:37Z,cz
