image_url,is_grayscale,grayscale_ratio,sampled_pixels,error,checked_at
https://images.metmuseum.org/CRDImages/ad/original/022-mark.jpg,false,0.12676800,250000,,2026-04-28T14:00:43.747136+00:00
https://images.metmuseum.org/CRDImages/ad/original/136399.jpg,true,1.00000000,250000,,2026-04-28T14:00:40.757527+00:00
https://images.metmuseum.org/CRDImages/ad/original/140765.jpg,true,1.00000000,250000,,2026-04-28T14:00:40.193127+00:00
https://images.metmuseum.org/CRDImages/ad/original/140766.jpg,true,1.00000000,250000,,2026-04-28T14:00:36.845434+00:00
https://images.metmuseum.org/CRDImages/ad/original/140826.jpg,true,1.00000000,250000,,2026-04-28T14:00:28.435904+00:00
https://images.metmuseum.org/CRDImages/ad/original/140884.jpg,true,1.00000000,250000,,2026-04-28T14:00:31.556720+00:00
https://images.metmuseum.org/CRDImages/ad/original/140904.jpg,true,1.00000000,250000,,2026-04-28T14:00:34.889202+00:00
https://images.metmuseum.org/CRDImages/ad/original/140930.jpg,true,1.00000000,250000,,2026-04-28T14:00:37.767480+00:00
https://images.metmuseum.org/CRDImages/ad/original/148993.jpg,true,1.00000000,250000,,2026-04-28T14:00:28.566875+00:00
https://images.metmuseum.org/CRDImages/ad/original/150675.jpg,true,1.00000000,250000,,2026-04-28T14:00:26.115822+00:00
https://images.metmuseum.org/CRDImages/ad/original/156517.jpg,true,1.00000000,250000,,2026-04-28T14:00:27.090027+00:00
https://images.metmuseum.org/CRDImages/ad/original/ADA3840.jpg,false,0.03643600,250000,,2026-04-28T14:00:34.509300+00:00
https://images.metmuseum.org/CRDImages/ad/original/ADA5412.jpg,false,0.00415200,250000,,2026-04-28T14:00:27.243779+00:00
https://images.metmuseum.org/CRDImages/ad/original/ADA6043.jpg,false,0.01463600,250000,,2026-04-28T14:00:41.140967+00:00
https://images.metmuseum.org/CRDImages/ad/original/ADA6046.jpg,false,0.00017600,250000,,2026-04-28T14:00:39.229498+00:00
https://images.metmuseum.org/CRDImages/ad/original/DP-14161-158.jpg,false,0.72127600,250000,,2026-04-28T14:40:34.467863+00:00
https://images.metmuseum.org/CRDImages/ad/original/DP-20320-005.jpg,false,0.02223600,250000,,2026-04-28T14:00:39.882095+00:00
https://images.metmuseum.org/CRDImages/ad/original/DP-26109-003.jpg,false,0.72571600,250000,,2026-04-28T14:00:29.939412+00:00
https://images.metmuseum.org/CRDImages/ad/original/DP-26112-001.jpg,false,0.00205200,250000,,2026-04-28T14:00:26.301763+00:00
https://images.metmuseum.org/CRDImages/ad/original/DP124704.jpg,false,0.70251600,250000,,2026-04-28T14:00:43.191059+00:00
https://images.metmuseum.org/CRDImages/ad/original/DP134996.jpg,false,0.68004400,250000,,2026-04-28T14:00:43.487348+00:00
https://images.metmuseum.org/CRDImages/ad/original/DP146221.jpg,false,0.60157200,250000,,2026-04-28T14:00:39.671241+00:00
https://images.metmuseum.org/CRDImages/ad/original/DP207774.jpg,false,0.12086400,250000,,2026-04-28T14:00:29.657303+00:00
https://images.metmuseum.org/CRDImages/ad/original/DP207856.jpg,false,0.69470800,250000,,2026-04-28T14:00:32.884964+00:00
https://images.metmuseum.org/CRDImages/ad/original/DP207891.jpg,false,0.91105200,250000,,2026-04-28T14:00:42.902352+00:00
https://images.metmuseum.org/CRDImages/ad/original/DP207896.jpg,false,0.82322800,250000,,2026-04-28T14:00:31.909736+00:00
https://images.metmuseum.org/CRDImages/ad/original/DP207935.jpg,false,0.73013600,250000,,2026-04-28T14:00:25.036484+00:00
https://images.metmuseum.org/CRDImages/ad/original/DP207937.jpg,false,0.05752800,250000,,2026-04-28T14:00:24.491705+00:00
https://images.metmuseum.org/CRDImages/ad/original/DP208426.jpg,false,0.63470800,250000,,2026-04-28T14:00:40.950892+00:00
https://images.metmuseum.org/CRDImages/ad/original/DP212930.jpg,false,0.55818000,250000,,2026-04-28T14:00:42.604066+00:00
https://images.metmuseum.org/CRDImages/ad/original/DP219512.jpg,false,0.73894400,250000,,2026-04-28T14:00:42.027249+00:00
https://images.metmuseum.org/CRDImages/ad/original/DP219515.jpg,false,0.63607200,250000,,2026-04-28T14:00:32.120348+00:00
https://images.metmuseum.org/CRDImages/ad/original/DP229746.jpg,false,0.57592400,250000,,2026-04-28T14:00:41.803719+00:00
https://images.metmuseum.org/CRDImages/ad/original/DP23068.jpg,false,0.01024000,250000,,2026-04-28T14:00:28.708249+00:00
https://images.metmuseum.org/CRDImages/ad/original/DP235772.jpg,false,0.82323600,250000,,2026-04-28T14:00:26.630507+00:00
https://images.metmuseum.org/CRDImages/ad/original/DP248964.jpg,false,0.55295600,250000,,2026-04-28T14:00:36.051398+00:00
https://images.metmuseum.org/CRDImages/ad/original/DP248988.jpg,false,0.39064800,250000,,2026-04-28T14:00:27.406711+00:00
https://images.metmuseum.org/CRDImages/ad/original/DP248997.jpg,false,0.47414800,250000,,2026-04-28T14:00:27.640379+00:00
https://images.metmuseum.org/CRDImages/ad/original/DP250014.jpg,false,0.17226400,250000,,2026-04-28T14:00:29.341173+00:00
https://images.metmuseum.org/CRDImages/ad/original/DP252041.jpg,false,0.67500400,250000,,2026-04-28T14:00:29.034656+00:00
https://images.metmuseum.org/CRDImages/ad/original/DP253080.jpg,false,0.00804000,250000,,2026-04-28T14:00:44.326240+00:00
https://images.metmuseum.org/CRDImages/ad/original/DP253330.jpg,false,0.75793600,250000,,2026-04-28T14:00:45.498630+00:00
https://images.metmuseum.org/CRDImages/ad/original/DP256288.jpg,false,0.20196000,250000,,2026-04-28T14:00:30.376097+00:00
https://images.metmuseum.org/CRDImages/ad/original/DP258508.jpg,false,0.86874800,250000,,2026-04-28T14:00:24.792422+00:00
https://images.metmuseum.org/CRDImages/ad/original/DP259091.jpg,false,0.12631200,250000,,2026-04-28T14:00:36.553937+00:00
https://images.metmuseum.org/CRDImages/ad/original/DP259092.jpg,false,0.40776400,250000,,2026-04-28T14:00:25.306842+00:00
https://images.metmuseum.org/CRDImages/ad/original/DP262010.jpg,false,0.02174000,250000,,2026-04-28T14:00:37.902351+00:00
https://images.metmuseum.org/CRDImages/ad/original/DP262503.jpg,false,0.57565600,250000,,2026-04-28T14:00:40.600935+00:00
https://images.metmuseum.org/CRDImages/ad/original/DP262505.jpg,false,0.81167200,250000,,2026-04-28T14:00:40.335467+00:00
https://images.metmuseum.org/CRDImages/ad/original/DP264244.jpg,false,0.40534400,250000,,2026-04-28T14:00:32.384068+00:00
https://images.metmuseum.org/CRDImages/ad/original/DP264248.jpg,false,0.31450800,250000,,2026-04-28T14:00:32.610243+00:00
https://images.metmuseum.org/CRDImages/ad/original/DP265254.jpg,false,0.33496400,250000,,2026-04-28T14:00:37.527121+00:00
https://images.metmuseum.org/CRDImages/ad/original/DP265256.jpg,false,0.31577600,250000,,2026-04-28T14:00:37.327845+00:00
https://images.metmuseum.org/CRDImages/ad/original/DP265259.jpg,false,0.41051200,250000,,2026-04-28T14:00:30.964978+00:00
https://images.metmuseum.org/CRDImages/ad/original/DP265271.jpg,false,0.46781200,250000,,2026-04-28T14:00:36.396048+00:00
https://images.metmuseum.org/CRDImages/ad/original/DP265353.jpg,false,0.39985200,250000,,2026-04-28T14:00:35.048000+00:00
https://images.metmuseum.org/CRDImages/ad/original/DP265358.jpg,false,0.38986400,250000,,2026-04-28T14:00:27.997020+00:00
https://images.metmuseum.org/CRDImages/ad/original/DP266310.jpg,false,0.38353600,250000,,2026-04-28T14:00:30.228049+00:00
https://images.metmuseum.org/CRDImages/ad/original/DP266313.jpg,false,0.25859200,250000,,2026-04-28T14:00:31.373376+00:00
https://images.metmuseum.org/CRDImages/ad/original/DP266319.jpg,false,0.02813600,250000,,2026-04-28T14:00:37.058306+00:00
https://images.metmuseum.org/CRDImages/ad/original/DP266324.jpg,false,0.01640800,250000,,2026-04-28T14:00:34.699857+00:00
https://images.metmuseum.org/CRDImages/ad/original/DP358620.jpg,false,0.62976000,250000,,2026-04-28T14:00:38.907109+00:00
https://images.metmuseum.org/CRDImages/ad/original/DT2096.jpg,false,0.12044000,250000,,2026-04-28T14:00:35.319714+00:00
https://images.metmuseum.org/CRDImages/ad/original/DT3673.jpg,false,0.00240400,250000,,2026-04-28T14:00:41.275434+00:00
https://images.metmuseum.org/CRDImages/ad/original/DT4341.jpg,false,0.07980000,250000,,2026-04-28T14:00:42.247716+00:00
https://images.metmuseum.org/CRDImages/ad/original/DT6596.jpg,false,0.70004400,250000,,2026-04-28T14:00:31.704236+00:00
https://images.metmuseum.org/CRDImages/ad/original/ES4174.jpg,false,0.01278800,250000,,2026-04-28T14:00:30.651637+00:00
https://images.metmuseum.org/CRDImages/ad/original/L.2009.22.199.jpg,false,0.07359200,250000,,2026-04-28T14:00:43.851515+00:00
https://images.metmuseum.org/CRDImages/an/original/DP-33292-001.jpg,false,0.18026000,250000,,2026-04-28T14:41:22.675811+00:00
https://images.metmuseum.org/CRDImages/an/original/DP-33296-002.jpg,false,0.76616800,250000,,2026-04-28T14:41:23.411582+00:00
https://images.metmuseum.org/CRDImages/ao/original/176624.jpg,true,1.00000000,250000,,2026-04-28T14:32:56.890292+00:00
https://images.metmuseum.org/CRDImages/ao/original/1970.245.12_b.jpg,false,0.00030000,250000,,2026-04-28T14:34:46.983887+00:00
https://images.metmuseum.org/CRDImages/ao/original/1970.245.14_a.jpg,false,0.00000000,250000,,2026-04-28T14:34:47.111286+00:00
https://images.metmuseum.org/CRDImages/ao/original/1970.245.15_a.jpg,false,0.00003200,250000,,2026-04-28T14:34:47.215701+00:00
https://images.metmuseum.org/CRDImages/ao/original/1970.245.19_a.jpg,false,0.00000000,250000,,2026-04-28T14:34:47.309301+00:00
https://images.metmuseum.org/CRDImages/ao/original/1970.245.28.jpg,false,0.00000000,250000,,2026-04-28T14:35:46.944701+00:00
https://images.metmuseum.org/CRDImages/ao/original/1970.245.31_a.jpg,false,0.00187600,250000,,2026-04-28T14:34:47.622571+00:00
https://images.metmuseum.org/CRDImages/ao/original/1970.245.32_a.jpg,false,0.00000000,250000,,2026-04-28T14:34:47.764358+00:00
https://images.metmuseum.org/CRDImages/ao/original/1970.245.36_a.jpg,false,0.00000000,250000,,2026-04-28T14:34:47.912199+00:00
https://images.metmuseum.org/CRDImages/ao/original/1970.245.38.jpg,false,0.00000000,250000,,2026-04-28T14:34:48.324562+00:00
https://images.metmuseum.org/CRDImages/ao/original/1970.246.3_a.jpg,false,0.00242400,250000,,2026-04-28T14:34:48.629368+00:00
https://images.metmuseum.org/CRDImages/ao/original/1970.246.4.jpg,false,0.00112000,250000,,2026-04-28T14:34:48.742756+00:00
https://images.metmuseum.org/CRDImages/ao/original/1970.246.7.jpg,false,0.00000000,250000,,2026-04-28T14:34:49.004826+00:00
https://images.metmuseum.org/CRDImages/ao/original/1976.287.1.JPG,false,0.01272800,250000,,2026-04-28T14:34:49.186357+00:00
https://images.metmuseum.org/CRDImages/ao/original/1976.287.10.JPG,false,0.01173600,250000,,2026-04-28T14:34:51.243955+00:00
https://images.metmuseum.org/CRDImages/ao/original/1976.287.11.JPG,false,0.02182800,250000,,2026-04-28T14:34:51.444863+00:00
https://images.metmuseum.org/CRDImages/ao/original/1976.287.12.JPG,false,0.01161200,250000,,2026-04-28T14:34:51.604945+00:00
https://images.metmuseum.org/CRDImages/ao/original/1976.287.14.JPG,false,0.12523200,250000,,2026-04-28T14:34:51.903623+00:00
https://images.metmuseum.org/CRDImages/ao/original/1976.287.15.JPG,false,0.12258800,250000,,2026-04-28T14:34:52.290893+00:00
https://images.metmuseum.org/CRDImages/ao/original/1976.287.16.JPG,false,0.08365200,250000,,2026-04-28T14:34:52.534092+00:00
https://images.metmuseum.org/CRDImages/ao/original/1976.287.17.jpg,false,0.00000000,250000,,2026-04-28T14:34:52.817121+00:00
https://images.metmuseum.org/CRDImages/ao/original/1976.287.2.JPG,false,0.00445200,250000,,2026-04-28T14:34:49.672695+00:00
https://images.metmuseum.org/CRDImages/ao/original/1976.287.23.jpg,false,0.00000000,250000,,2026-04-28T14:34:53.418540+00:00
https://images.metmuseum.org/CRDImages/ao/original/1976.287.24.jpg,false,0.00000000,250000,,2026-04-28T14:34:53.606978+00:00
https://images.metmuseum.org/CRDImages/ao/original/1976.287.27.jpg,false,0.00000400,250000,,2026-04-28T14:34:53.846177+00:00
https://images.metmuseum.org/CRDImages/ao/original/1976.287.28_b.jpg,false,0.00000800,250000,,2026-04-28T14:34:54.007786+00:00
https://images.metmuseum.org/CRDImages/ao/original/1976.287.29_a.jpg,false,0.26996800,250000,,2026-04-28T14:34:54.104770+00:00
https://images.metmuseum.org/CRDImages/ao/original/1976.287.3.JPG,false,0.12131600,250000,,2026-04-28T14:34:49.846733+00:00
https://images.metmuseum.org/CRDImages/ao/original/1976.287.4.JPG,false,0.03073600,250000,,2026-04-28T14:34:50.011059+00:00
https://images.metmuseum.org/CRDImages/ao/original/1976.287.40.jpg,false,0.00419200,250000,,2026-04-28T14:34:55.756341+00:00
https://images.metmuseum.org/CRDImages/ao/original/1976.287.41.JPG,false,0.07957600,250000,,2026-04-28T14:34:56.005091+00:00
https://images.metmuseum.org/CRDImages/ao/original/1976.287.5.jpg,false,0.01454400,250000,,2026-04-28T14:34:50.276663+00:00
https://images.metmuseum.org/CRDImages/ao/original/1976.287.6.JPG,false,0.00389600,250000,,2026-04-28T14:34:50.467107+00:00
https://images.metmuseum.org/CRDImages/ao/original/1976.287.7.JPG,false,0.00413200,250000,,2026-04-28T14:34:50.778166+00:00
https://images.metmuseum.org/CRDImages/ao/original/1976.287.8.JPG,false,0.24742400,250000,,2026-04-28T14:34:50.984675+00:00
https://images.metmuseum.org/CRDImages/ao/original/1978.412.137.jpg,false,0.00000000,250000,,2026-04-28T14:34:57.100198+00:00
https://images.metmuseum.org/CRDImages/ao/original/1978.412.139.JPG,false,0.15715200,250000,,2026-04-28T14:34:57.253198+00:00
https://images.metmuseum.org/CRDImages/ao/original/1978.412.154.jpg,false,0.00050800,250000,,2026-04-28T14:35:06.145129+00:00
https://images.metmuseum.org/CRDImages/ao/original/1978.412.155_a.jpg,false,0.00000000,250000,,2026-04-28T14:35:06.291957+00:00
https://images.metmuseum.org/CRDImages/ao/original/1978.412.229.JPG,false,0.00007200,250000,,2026-04-28T14:35:08.962375+00:00
https://images.metmuseum.org/CRDImages/ao/original/1978.412.231.JPG,false,0.18058000,250000,,2026-04-28T14:35:09.122785+00:00
https://images.metmuseum.org/CRDImages/ao/original/1978.412.25.jpg,false,0.00000000,250000,,2026-04-28T14:34:58.867302+00:00
https://images.metmuseum.org/CRDImages/ao/original/1978.412.260_b.jpg,false,0.00000000,250000,,2026-04-28T14:35:09.300144+00:00
https://images.metmuseum.org/CRDImages/ao/original/1978.412.3_a.jpg,false,0.00146000,250000,,2026-04-28T14:34:58.285211+00:00
https://images.metmuseum.org/CRDImages/ao/original/1978.412.41.jpg,false,0.00004000,250000,,2026-04-28T14:34:59.801934+00:00
https://images.metmuseum.org/CRDImages/ao/original/1978.412.56.jpg,false,0.00000000,250000,,2026-04-28T14:35:00.448829+00:00
https://images.metmuseum.org/CRDImages/ao/original/1978.412.65_a.jpg,false,0.00009200,250000,,2026-04-28T14:34:56.748170+00:00
https://images.metmuseum.org/CRDImages/ao/original/1978.412.66_a.jpg,false,0.00000000,250000,,2026-04-28T14:34:57.001147+00:00
https://images.metmuseum.org/CRDImages/ao/original/1978.412.71.JPG,false,0.00998000,250000,,2026-04-28T14:35:02.886259+00:00
https://images.metmuseum.org/CRDImages/ao/original/1978.412.86.jpg,false,0.00000000,250000,,2026-04-28T14:35:03.089193+00:00
https://images.metmuseum.org/CRDImages/ao/original/1978.412.92_a.jpg,false,0.00000000,250000,,2026-04-28T14:35:04.019370+00:00
https://images.metmuseum.org/CRDImages/ao/original/1978.412.95.jpg,false,0.00000000,250000,,2026-04-28T14:35:04.344217+00:00
https://images.metmuseum.org/CRDImages/ao/original/1979.205.11_a.jpg,false,0.00000000,250000,,2026-04-28T14:35:10.501096+00:00
https://images.metmuseum.org/CRDImages/ao/original/1979.205.2_1.jpg,false,0.31851600,250000,,2026-04-28T14:35:09.629114+00:00
https://images.metmuseum.org/CRDImages/ao/original/1979.205.3.jpg,false,0.00000000,250000,,2026-04-28T14:35:09.786037+00:00
https://images.metmuseum.org/CRDImages/ao/original/1979.205.8.JPG,false,0.00000000,250000,,2026-04-28T14:35:47.066212+00:00
https://images.metmuseum.org/CRDImages/ao/original/1979.206.1048_a.JPG,false,0.00000000,250000,,2026-04-28T14:35:17.100403+00:00
https://images.metmuseum.org/CRDImages/ao/original/1979.206.1093.JPG,false,0.00000000,250000,,2026-04-28T14:35:17.471223+00:00
https://images.metmuseum.org/CRDImages/ao/original/1979.206.1108_b.jpg,false,0.00000800,250000,,2026-04-28T14:35:18.370976+00:00
https://images.metmuseum.org/CRDImages/ao/original/1979.206.1109.jpg,false,0.00000400,250000,,2026-04-28T14:35:18.517480+00:00
https://images.metmuseum.org/CRDImages/ao/original/1979.206.1111.JPG,false,0.03963200,250000,,2026-04-28T14:35:18.640052+00:00
https://images.metmuseum.org/CRDImages/ao/original/1979.206.1112.JPG,false,0.02352000,250000,,2026-04-28T14:35:18.791996+00:00
https://images.metmuseum.org/CRDImages/ao/original/1979.206.1114.JPG,false,0.00176000,250000,,2026-04-28T14:35:19.085396+00:00
https://images.metmuseum.org/CRDImages/ao/original/1979.206.1116.JPG,false,0.13822400,250000,,2026-04-28T14:35:19.300178+00:00
https://images.metmuseum.org/CRDImages/ao/original/1979.206.1121.JPG,false,0.00000000,250000,,2026-04-28T14:35:19.552617+00:00
https://images.metmuseum.org/CRDImages/ao/original/1979.206.1127_a.jpg,false,0.00000000,250000,,2026-04-28T14:35:19.769439+00:00
https://images.metmuseum.org/CRDImages/ao/original/1979.206.1169_a.JPG,false,0.00000000,250000,,2026-04-28T14:35:20.251179+00:00
https://images.metmuseum.org/CRDImages/ao/original/1979.206.1170_a.JPG,false,0.00000000,250000,,2026-04-28T14:35:20.381696+00:00
https://images.metmuseum.org/CRDImages/ao/original/1979.206.1222.JPG,false,0.09205200,250000,,2026-04-28T14:35:20.881823+00:00
https://images.metmuseum.org/CRDImages/ao/original/1979.206.348.JPG,false,0.00000000,250000,,2026-04-28T14:35:10.866766+00:00
https://images.metmuseum.org/CRDImages/ao/original/1979.206.349.JPG,false,0.00000400,250000,,2026-04-28T14:35:11.172546+00:00
https://images.metmuseum.org/CRDImages/ao/original/1979.206.350.JPG,false,0.00000000,250000,,2026-04-28T14:35:11.307691+00:00
https://images.metmuseum.org/CRDImages/ao/original/1979.206.381_a.jpg,false,0.00000000,250000,,2026-04-28T14:35:11.977524+00:00
https://images.metmuseum.org/CRDImages/ao/original/1979.206.384.jpg,false,0.00000000,250000,,2026-04-28T14:35:12.205090+00:00
https://images.metmuseum.org/CRDImages/ao/original/1979.206.409.jpg,false,0.00001600,250000,,2026-04-28T14:35:13.508005+00:00
https://images.metmuseum.org/CRDImages/ao/original/1979.206.453_a.jpg,false,0.00400400,250000,,2026-04-28T14:35:10.739703+00:00
https://images.metmuseum.org/CRDImages/ao/original/1979.206.618.JPG,false,0.00000000,250000,,2026-04-28T14:35:14.354547+00:00
https://images.metmuseum.org/CRDImages/ao/original/1979.206.704.jpg,false,0.00000000,250000,,2026-04-28T14:35:14.551386+00:00
https://images.metmuseum.org/CRDImages/ao/original/1979.206.832_a.jpg,false,0.00020400,250000,,2026-04-28T14:35:15.717437+00:00
https://images.metmuseum.org/CRDImages/ao/original/1979.206.897_a.jpg,false,0.00000000,250000,,2026-04-28T14:35:15.917043+00:00
https://images.metmuseum.org/CRDImages/ao/original/1979.206.957.JPG,false,0.00000000,250000,,2026-04-28T14:35:16.425580+00:00
https://images.metmuseum.org/CRDImages/ao/original/1980.83.8.jpg,false,0.00000000,250000,,2026-04-28T14:35:21.654512+00:00
https://images.metmuseum.org/CRDImages/ao/original/1983.497.11.JPG,false,0.00165600,250000,,2026-04-28T14:35:23.830412+00:00
https://images.metmuseum.org/CRDImages/ao/original/1983.497.12.JPG,false,0.00000400,250000,,2026-04-28T14:35:24.297901+00:00
https://images.metmuseum.org/CRDImages/ao/original/1983.497.16.JPG,false,0.00000000,250000,,2026-04-28T14:35:24.466746+00:00
https://images.metmuseum.org/CRDImages/ao/original/1983.497.18.JPG,false,0.00000000,250000,,2026-04-28T14:35:24.593137+00:00
https://images.metmuseum.org/CRDImages/ao/original/1983.497.19.JPG,false,0.00000400,250000,,2026-04-28T14:35:24.932944+00:00
https://images.metmuseum.org/CRDImages/ao/original/1983.497.9.JPG,false,0.00000000,250000,,2026-04-28T14:35:23.562319+00:00
https://images.metmuseum.org/CRDImages/ao/original/1983.546.13_a.jpg,false,0.00381200,250000,,2026-04-28T14:35:27.184008+00:00
https://images.metmuseum.org/CRDImages/ao/original/1983.546.15_a.jpg,false,0.00000000,250000,,2026-04-28T14:35:27.437443+00:00
https://images.metmuseum.org/CRDImages/ao/original/1983.546.16.jpg,false,0.00001200,250000,,2026-04-28T14:35:27.640734+00:00
https://images.metmuseum.org/CRDImages/ao/original/1983.546.17.jpg,false,0.00000000,250000,,2026-04-28T14:35:27.935391+00:00
https://images.metmuseum.org/CRDImages/ao/original/1983.546.18.JPG,false,0.00782400,250000,,2026-04-28T14:35:28.461652+00:00
https://images.metmuseum.org/CRDImages/ao/original/1983.546.19.JPG,false,0.00219200,250000,,2026-04-28T14:35:28.633306+00:00
https://images.metmuseum.org/CRDImages/ao/original/1983.546.20.JPG,false,0.07026000,250000,,2026-04-28T14:35:28.815961+00:00
https://images.metmuseum.org/CRDImages/ao/original/1983.546.21.JPG,false,0.11421600,250000,,2026-04-28T14:35:29.086607+00:00
https://images.metmuseum.org/CRDImages/ao/original/1983.546.22.JPG,false,0.04048000,250000,,2026-04-28T14:35:29.256524+00:00
https://images.metmuseum.org/CRDImages/ao/original/1983.546.23_b.jpg,false,0.00000000,250000,,2026-04-28T14:35:29.557512+00:00
https://images.metmuseum.org/CRDImages/ao/original/1983.546.24_a.jpg,false,0.00026400,250000,,2026-04-28T14:35:29.754930+00:00
https://images.metmuseum.org/CRDImages/ao/original/1983.546.3.JPG,false,0.11726000,250000,,2026-04-28T14:35:25.094494+00:00
https://images.metmuseum.org/CRDImages/ao/original/1983.546.5.JPG,false,0.01796400,250000,,2026-04-28T14:35:25.606420+00:00
https://images.metmuseum.org/CRDImages/ao/original/1983.546.7.JPG,false,0.00787600,250000,,2026-04-28T14:35:26.184852+00:00
https://images.metmuseum.org/CRDImages/ao/original/1983.546.9.jpg,false,0.00063200,250000,,2026-04-28T14:35:26.522310+00:00
https://images.metmuseum.org/CRDImages/ao/original/1986.484.3.jpg,false,0.00000000,250000,,2026-04-28T14:35:30.785837+00:00
https://images.metmuseum.org/CRDImages/ao/original/1987.394.114.JPG,false,0.03045200,250000,,2026-04-28T14:35:31.885276+00:00
https://images.metmuseum.org/CRDImages/ao/original/1987.394.629.jpg,false,0.00000000,250000,,2026-04-28T14:35:32.143982+00:00
https://images.metmuseum.org/CRDImages/ao/original/1987.394.634.JPG,false,0.18987600,250000,,2026-04-28T14:35:32.703995+00:00
https://images.metmuseum.org/CRDImages/ao/original/1987.394.640_a.jpg,false,0.00000400,250000,,2026-04-28T14:35:32.948836+00:00
https://images.metmuseum.org/CRDImages/ao/original/1987.394.93.JPG,false,0.01046800,250000,,2026-04-28T14:35:31.704175+00:00
https://images.metmuseum.org/CRDImages/ao/original/1988.117.5_a.jpg,false,0.00003200,250000,,2026-04-28T14:35:33.157361+00:00
https://images.metmuseum.org/CRDImages/ao/original/1993.441_a.JPG,false,0.06063600,250000,,2026-04-28T14:35:37.928888+00:00
https://images.metmuseum.org/CRDImages/ao/original/1994.35.57.JPG,false,0.00000000,250000,,2026-04-28T14:35:38.269407+00:00
https://images.metmuseum.org/CRDImages/ao/original/1994.35.61_b.jpg,false,0.00097600,250000,,2026-04-28T14:35:38.478433+00:00
https://images.metmuseum.org/CRDImages/ao/original/1995.481.1_a.jpg,false,0.00000000,250000,,2026-04-28T14:35:38.710536+00:00
https://images.metmuseum.org/CRDImages/ao/original/62.266.1.jpg,false,0.00000000,250000,,2026-04-28T14:32:55.001879+00:00
https://images.metmuseum.org/CRDImages/ao/original/62.266.10_b.jpg,false,0.02887200,250000,,2026-04-28T14:32:56.186724+00:00
https://images.metmuseum.org/CRDImages/ao/original/62.266.11.jpg,false,0.00000000,250000,,2026-04-28T14:32:56.273086+00:00
https://images.metmuseum.org/CRDImages/ao/original/62.266.13.jpg,false,0.00000000,250000,,2026-04-28T14:32:56.387259+00:00
https://images.metmuseum.org/CRDImages/ao/original/62.266.14.jpg,false,0.00000000,250000,,2026-04-28T14:32:56.506353+00:00
https://images.metmuseum.org/CRDImages/ao/original/62.266.2.jpg,false,0.00000000,250000,,2026-04-28T14:32:55.114225+00:00
https://images.metmuseum.org/CRDImages/ao/original/62.266.3_c.jpg,false,0.02233200,250000,,2026-04-28T14:32:55.420920+00:00
https://images.metmuseum.org/CRDImages/ao/original/62.266.4.JPG,false,0.08808000,250000,,2026-04-28T14:32:55.513599+00:00
https://images.metmuseum.org/CRDImages/ao/original/62.266.56.JPG,false,0.20540000,250000,,2026-04-28T14:32:56.639560+00:00
https://images.metmuseum.org/CRDImages/ao/original/62.266.57.jpg,false,0.00000000,250000,,2026-04-28T14:32:56.804120+00:00
https://images.metmuseum.org/CRDImages/ao/original/62.266.59.JPG,false,0.14657200,250000,,2026-04-28T14:32:57.012678+00:00
https://images.metmuseum.org/CRDImages/ao/original/62.266.6.JPG,false,0.12890000,250000,,2026-04-28T14:32:55.663461+00:00
https://images.metmuseum.org/CRDImages/ao/original/62.266.61.jpg,false,0.00000000,250000,,2026-04-28T14:32:57.309811+00:00
https://images.metmuseum.org/CRDImages/ao/original/62.266.64_a.jpg,false,0.00006000,250000,,2026-04-28T14:32:57.834612+00:00
https://images.metmuseum.org/CRDImages/ao/original/62.266.68_a.jpg,false,0.22465200,250000,,2026-04-28T14:32:57.937736+00:00
https://images.metmuseum.org/CRDImages/ao/original/62.266.7.JPG,false,0.12482400,250000,,2026-04-28T14:32:55.816832+00:00
https://images.metmuseum.org/CRDImages/ao/original/62.266.8.jpg,false,0.00000400,250000,,2026-04-28T14:32:56.043154+00:00
https://images.metmuseum.org/CRDImages/ao/original/63.112.10.jpg,false,0.00080800,250000,,2026-04-28T14:33:00.787754+00:00
https://images.metmuseum.org/CRDImages/ao/original/63.112.1_a.jpg,false,0.00063600,250000,,2026-04-28T14:32:58.580755+00:00
https://images.metmuseum.org/CRDImages/ao/original/63.112.2_a.jpg,false,0.00002800,250000,,2026-04-28T14:32:58.714198+00:00
https://images.metmuseum.org/CRDImages/ao/original/63.112.3.JPG,false,0.00325200,250000,,2026-04-28T14:32:59.117345+00:00
https://images.metmuseum.org/CRDImages/ao/original/63.112.4.JPG,false,0.00510000,250000,,2026-04-28T14:32:59.337797+00:00
https://images.metmuseum.org/CRDImages/ao/original/63.112.5.JPG,false,0.01097600,250000,,2026-04-28T14:32:59.497361+00:00
https://images.metmuseum.org/CRDImages/ao/original/63.112.8.JPG,false,0.01546000,250000,,2026-04-28T14:32:59.655150+00:00
https://images.metmuseum.org/CRDImages/ao/original/63.112.9.jpg,false,0.05764400,250000,,2026-04-28T14:33:00.119154+00:00
https://images.metmuseum.org/CRDImages/ao/original/63.226.10.JPG,false,0.03381200,250000,,2026-04-28T14:33:02.758620+00:00
https://images.metmuseum.org/CRDImages/ao/original/63.226.11.JPG,false,0.01631200,250000,,2026-04-28T14:33:03.021093+00:00
https://images.metmuseum.org/CRDImages/ao/original/63.226.1_a.jpg,false,0.00000000,250000,,2026-04-28T14:33:00.942369+00:00
https://images.metmuseum.org/CRDImages/ao/original/63.226.2.JPG,false,0.10680000,250000,,2026-04-28T14:33:01.143303+00:00
https://images.metmuseum.org/CRDImages/ao/original/63.226.3.JPG,false,0.00060800,250000,,2026-04-28T14:33:01.309569+00:00
https://images.metmuseum.org/CRDImages/ao/original/63.226.4.jpg,false,0.00000000,250000,,2026-04-28T14:33:01.489563+00:00
https://images.metmuseum.org/CRDImages/ao/original/63.226.7.JPG,false,0.05154400,250000,,2026-04-28T14:33:01.964607+00:00
https://images.metmuseum.org/CRDImages/ao/original/63.226.9_a.jpg,false,0.00004400,250000,,2026-04-28T14:33:02.626730+00:00
https://images.metmuseum.org/CRDImages/ao/original/63.231.2.JPG,false,0.11751200,250000,,2026-04-28T14:33:04.380652+00:00
https://images.metmuseum.org/CRDImages/ao/original/63.232.11.jpg,false,0.00000000,250000,,2026-04-28T14:33:05.236077+00:00
https://images.metmuseum.org/CRDImages/ao/original/63.232.23_a.jpg,false,0.31132800,250000,,2026-04-28T14:32:53.351518+00:00
https://images.metmuseum.org/CRDImages/ao/original/63.232.24_a.jpg,false,0.00004400,250000,,2026-04-28T14:32:53.526460+00:00
https://images.metmuseum.org/CRDImages/ao/original/63.232.25.JPG,false,0.13651600,250000,,2026-04-28T14:32:53.711594+00:00
https://images.metmuseum.org/CRDImages/ao/original/63.232.26.JPG,false,0.26977200,250000,,2026-04-28T14:32:53.840499+00:00
https://images.metmuseum.org/CRDImages/ao/original/63.232.28.JPG,false,0.11874000,250000,,2026-04-28T14:32:53.978914+00:00
https://images.metmuseum.org/CRDImages/ao/original/63.232.3.jpg,false,0.00000000,250000,,2026-04-28T14:33:04.506741+00:00
https://images.metmuseum.org/CRDImages/ao/original/63.232.30_a.jpg,false,0.00000000,250000,,2026-04-28T14:33:05.393533+00:00
https://images.metmuseum.org/CRDImages/ao/original/63.232.31.jpg,false,0.00003600,250000,,2026-04-28T14:33:05.522324+00:00
https://images.metmuseum.org/CRDImages/ao/original/63.232.32.jpg,false,0.00000000,250000,,2026-04-28T14:33:05.643800+00:00
https://images.metmuseum.org/CRDImages/ao/original/63.232.37.jpg,false,0.00000400,250000,,2026-04-28T14:33:05.754302+00:00
https://images.metmuseum.org/CRDImages/ao/original/63.232.38.JPG,false,0.14253200,250000,,2026-04-28T14:33:05.907752+00:00
https://images.metmuseum.org/CRDImages/ao/original/63.232.39_b.jpg,false,0.00000000,250000,,2026-04-28T14:33:06.119381+00:00
https://images.metmuseum.org/CRDImages/ao/original/63.232.41.jpg,false,0.00000000,250000,,2026-04-28T14:33:06.216015+00:00
https://images.metmuseum.org/CRDImages/ao/original/63.232.42.jpg,false,0.00000000,250000,,2026-04-28T14:33:06.344317+00:00
https://images.metmuseum.org/CRDImages/ao/original/63.232.43.JPG,false,0.17412800,250000,,2026-04-28T14:33:06.480168+00:00
https://images.metmuseum.org/CRDImages/ao/original/63.232.47_c.jpg,false,0.00000000,250000,,2026-04-28T14:33:06.916227+00:00
https://images.metmuseum.org/CRDImages/ao/original/63.232.48_b.jpg,false,0.00270000,250000,,2026-04-28T14:33:07.064811+00:00
https://images.metmuseum.org/CRDImages/ao/original/63.232.50_b.jpg,false,0.00000000,250000,,2026-04-28T14:33:07.571854+00:00
https://images.metmuseum.org/CRDImages/ao/original/63.232.54.jpg,false,0.00000000,250000,,2026-04-28T14:35:46.420153+00:00
https://images.metmuseum.org/CRDImages/ao/original/63.232.57_a.jpg,false,0.00000000,250000,,2026-04-28T14:33:08.739270+00:00
https://images.metmuseum.org/CRDImages/ao/original/63.232.58.JPG,false,0.00000000,250000,,2026-04-28T14:33:08.916793+00:00
https://images.metmuseum.org/CRDImages/ao/original/63.232.6_a.jpg,false,0.00000000,250000,,2026-04-28T14:33:04.637548+00:00
https://images.metmuseum.org/CRDImages/ao/original/63.232.7.jpg,false,0.00000000,250000,,2026-04-28T14:33:04.739103+00:00
https://images.metmuseum.org/CRDImages/ao/original/63.232.70_b.jpg,false,0.00000000,250000,,2026-04-28T14:32:52.126243+00:00
https://images.metmuseum.org/CRDImages/ao/original/63.232.71_a.jpg,false,0.00000000,250000,,2026-04-28T14:32:52.210964+00:00
https://images.metmuseum.org/CRDImages/ao/original/63.232.8.jpg,false,0.00000000,250000,,2026-04-28T14:33:04.965037+00:00
https://images.metmuseum.org/CRDImages/ao/original/63.232.80_a.jpg,false,0.00001600,250000,,2026-04-28T14:33:10.718516+00:00
https://images.metmuseum.org/CRDImages/ao/original/63.232.83_b.jpg,false,0.00001600,250000,,2026-04-28T14:33:10.879073+00:00
https://images.metmuseum.org/CRDImages/ao/original/63.232.84.jpg,false,0.00000000,250000,,2026-04-28T14:33:11.094996+00:00
https://images.metmuseum.org/CRDImages/ao/original/63.232.88.jpg,false,0.00000000,250000,,2026-04-28T14:33:11.201490+00:00
https://images.metmuseum.org/CRDImages/ao/original/63.232.89.jpg,false,0.00001600,250000,,2026-04-28T14:33:11.399939+00:00
https://images.metmuseum.org/CRDImages/ao/original/63.232.9.jpg,false,0.00000800,250000,,2026-04-28T14:33:05.082706+00:00
https://images.metmuseum.org/CRDImages/ao/original/64.228.1.JPG,false,0.01058800,250000,,2026-04-28T14:33:11.600900+00:00
https://images.metmuseum.org/CRDImages/ao/original/64.228.10.JPG,false,0.00308800,250000,,2026-04-28T14:33:14.573144+00:00
https://images.metmuseum.org/CRDImages/ao/original/64.228.105_a.jpg,false,0.00000000,250000,,2026-04-28T14:33:32.073553+00:00
https://images.metmuseum.org/CRDImages/ao/original/64.228.109.jpg,false,0.00000000,250000,,2026-04-28T14:33:32.173936+00:00
https://images.metmuseum.org/CRDImages/ao/original/64.228.110.jpg,false,0.00000400,250000,,2026-04-28T14:33:32.402994+00:00
https://images.metmuseum.org/CRDImages/ao/original/64.228.111.JPG,false,0.01315200,250000,,2026-04-28T14:33:32.605661+00:00
https://images.metmuseum.org/CRDImages/ao/original/64.228.112.jpg,false,0.00000000,250000,,2026-04-28T14:33:32.763529+00:00
https://images.metmuseum.org/CRDImages/ao/original/64.228.118_a.jpg,false,0.00000400,250000,,2026-04-28T14:33:32.926863+00:00
https://images.metmuseum.org/CRDImages/ao/original/64.228.119_c.jpg,false,0.00000000,250000,,2026-04-28T14:34:07.163925+00:00
https://images.metmuseum.org/CRDImages/ao/original/64.228.12.JPG,false,0.00794400,250000,,2026-04-28T14:33:14.859236+00:00
https://images.metmuseum.org/CRDImages/ao/original/64.228.122.jpg,false,0.00000000,250000,,2026-04-28T14:34:07.451513+00:00
https://images.metmuseum.org/CRDImages/ao/original/64.228.125.jpg,false,0.00000000,250000,,2026-04-28T14:34:07.580146+00:00
https://images.metmuseum.org/CRDImages/ao/original/64.228.126.jpg,false,0.00000000,250000,,2026-04-28T14:34:07.778072+00:00
https://images.metmuseum.org/CRDImages/ao/original/64.228.127.jpg,false,0.00000800,250000,,2026-04-28T14:34:07.921771+00:00
https://images.metmuseum.org/CRDImages/ao/original/64.228.128.jpg,false,0.00000000,250000,,2026-04-28T14:34:08.063101+00:00
https://images.metmuseum.org/CRDImages/ao/original/64.228.129.jpg,false,0.00000000,250000,,2026-04-28T14:34:08.290404+00:00
https://images.metmuseum.org/CRDImages/ao/original/64.228.13.JPG,false,0.05936400,250000,,2026-04-28T14:33:15.240698+00:00
https://images.metmuseum.org/CRDImages/ao/original/64.228.130.jpg,false,0.00000000,250000,,2026-04-28T14:34:08.417089+00:00
https://images.metmuseum.org/CRDImages/ao/original/64.228.131.jpg,false,0.00000000,250000,,2026-04-28T14:34:08.855188+00:00
https://images.metmuseum.org/CRDImages/ao/original/64.228.14.JPG,false,0.20702000,250000,,2026-04-28T14:33:15.620577+00:00
https://images.metmuseum.org/CRDImages/ao/original/64.228.143.jpg,false,0.00000000,250000,,2026-04-28T14:34:09.130397+00:00
https://images.metmuseum.org/CRDImages/ao/original/64.228.145.jpg,false,0.00000800,250000,,2026-04-28T14:34:09.389807+00:00
https://images.metmuseum.org/CRDImages/ao/original/64.228.146.jpg,false,0.00000800,250000,,2026-04-28T14:34:09.516890+00:00
https://images.metmuseum.org/CRDImages/ao/original/64.228.148.jpg,false,0.00000000,250000,,2026-04-28T14:34:09.662426+00:00
https://images.metmuseum.org/CRDImages/ao/original/64.228.149.jpg,false,0.00000000,250000,,2026-04-28T14:34:09.909120+00:00
https://images.metmuseum.org/CRDImages/ao/original/64.228.150.jpg,false,0.00001600,250000,,2026-04-28T14:34:10.217076+00:00
https://images.metmuseum.org/CRDImages/ao/original/64.228.151.jpg,false,0.00000000,250000,,2026-04-28T14:34:10.390523+00:00
https://images.metmuseum.org/CRDImages/ao/original/64.228.154.jpg,false,0.00000400,250000,,2026-04-28T14:34:10.516213+00:00
https://images.metmuseum.org/CRDImages/ao/original/64.228.155.jpg,false,0.00000000,250000,,2026-04-28T14:34:10.650659+00:00
https://images.metmuseum.org/CRDImages/ao/original/64.228.158.jpg,false,0.00024400,250000,,2026-04-28T14:34:10.874276+00:00
https://images.metmuseum.org/CRDImages/ao/original/64.228.169.JPG,false,0.11264400,250000,,2026-04-28T14:34:11.150392+00:00
https://images.metmuseum.org/CRDImages/ao/original/64.228.171.jpg,false,0.00000000,250000,,2026-04-28T14:34:11.962807+00:00
https://images.metmuseum.org/CRDImages/ao/original/64.228.173.jpg,false,0.00000000,250000,,2026-04-28T14:34:12.083899+00:00
https://images.metmuseum.org/CRDImages/ao/original/64.228.174.jpg,false,0.00000000,250000,,2026-04-28T14:34:12.226350+00:00
https://images.metmuseum.org/CRDImages/ao/original/64.228.176.jpg,false,0.00000000,250000,,2026-04-28T14:34:12.439097+00:00
https://images.metmuseum.org/CRDImages/ao/original/64.228.178.jpg,false,0.00000000,250000,,2026-04-28T14:34:12.779399+00:00
https://images.metmuseum.org/CRDImages/ao/original/64.228.179.JPG,false,0.10793600,250000,,2026-04-28T14:34:13.079412+00:00
https://images.metmuseum.org/CRDImages/ao/original/64.228.18.jpg,false,0.00000400,250000,,2026-04-28T14:33:16.346423+00:00
https://images.metmuseum.org/CRDImages/ao/original/64.228.180.JPG,false,0.23156400,250000,,2026-04-28T14:34:13.276849+00:00
https://images.metmuseum.org/CRDImages/ao/original/64.228.182.jpg,false,0.00000400,250000,,2026-04-28T14:34:13.777750+00:00
https://images.metmuseum.org/CRDImages/ao/original/64.228.185_a.jpg,false,0.00000000,250000,,2026-04-28T14:34:14.065805+00:00
https://images.metmuseum.org/CRDImages/ao/original/64.228.186_a.jpg,false,0.00000000,250000,,2026-04-28T14:34:14.220536+00:00
https://images.metmuseum.org/CRDImages/ao/original/64.228.190_d.jpg,false,0.00000400,250000,,2026-04-28T14:34:14.545467+00:00
https://images.metmuseum.org/CRDImages/ao/original/64.228.191.jpg,false,0.00002400,250000,,2026-04-28T14:34:14.653947+00:00
https://images.metmuseum.org/CRDImages/ao/original/64.228.2.JPG,false,0.01794800,250000,,2026-04-28T14:33:11.796270+00:00
https://images.metmuseum.org/CRDImages/ao/original/64.228.20.JPG,false,0.14417200,250000,,2026-04-28T14:33:16.897514+00:00
https://images.metmuseum.org/CRDImages/ao/original/64.228.23_a.JPG,false,0.08357200,250000,,2026-04-28T14:33:17.900370+00:00
https://images.metmuseum.org/CRDImages/ao/original/64.228.24.JPG,false,0.01399600,250000,,2026-04-28T14:33:18.060624+00:00
https://images.metmuseum.org/CRDImages/ao/original/64.228.25.JPG,false,0.00170000,250000,,2026-04-28T14:33:18.367369+00:00
https://images.metmuseum.org/CRDImages/ao/original/64.228.27.JPG,false,0.01185200,250000,,2026-04-28T14:33:19.118103+00:00
https://images.metmuseum.org/CRDImages/ao/original/64.228.28_a.JPG,false,0.02337600,250000,,2026-04-28T14:33:19.448452+00:00
https://images.metmuseum.org/CRDImages/ao/original/64.228.29_a.JPG,false,0.10083200,250000,,2026-04-28T14:33:19.771359+00:00
https://images.metmuseum.org/CRDImages/ao/original/64.228.32.JPG,false,0.00285200,250000,,2026-04-28T14:33:20.001418+00:00
https://images.metmuseum.org/CRDImages/ao/original/64.228.33.JPG,false,0.02220800,250000,,2026-04-28T14:33:20.183785+00:00
https://images.metmuseum.org/CRDImages/ao/original/64.228.35.jpg,false,0.12586400,250000,,2026-04-28T14:32:54.142394+00:00
https://images.metmuseum.org/CRDImages/ao/original/64.228.36.JPG,false,0.00160800,250000,,2026-04-28T14:32:54.282130+00:00
https://images.metmuseum.org/CRDImages/ao/original/64.228.39.JPG,false,0.01796000,250000,,2026-04-28T14:32:54.698690+00:00
https://images.metmuseum.org/CRDImages/ao/original/64.228.4.JPG,false,0.02425600,250000,,2026-04-28T14:33:12.107612+00:00
https://images.metmuseum.org/CRDImages/ao/original/64.228.40.JPG,false,0.00741600,250000,,2026-04-28T14:33:20.915781+00:00
https://images.metmuseum.org/CRDImages/ao/original/64.228.41.jpg,false,0.00056400,250000,,2026-04-28T14:33:21.158138+00:00
https://images.metmuseum.org/CRDImages/ao/original/64.228.44.jpg,false,0.01408400,250000,,2026-04-28T14:33:22.629443+00:00
https://images.metmuseum.org/CRDImages/ao/original/64.228.45.JPG,false,0.08110400,250000,,2026-04-28T14:33:22.955591+00:00
https://images.metmuseum.org/CRDImages/ao/original/64.228.48.JPG,false,0.01865200,250000,,2026-04-28T14:33:23.213277+00:00
https://images.metmuseum.org/CRDImages/ao/original/64.228.49.JPG,false,0.02132800,250000,,2026-04-28T14:33:23.442303+00:00
https://images.metmuseum.org/CRDImages/ao/original/64.228.5.JPG,false,0.05836400,250000,,2026-04-28T14:33:12.267882+00:00
https://images.metmuseum.org/CRDImages/ao/original/64.228.51_a.jpg,false,0.00002400,250000,,2026-04-28T14:33:23.669011+00:00
https://images.metmuseum.org/CRDImages/ao/original/64.228.53_a.jpg,false,0.00000000,250000,,2026-04-28T14:33:23.822705+00:00
https://images.metmuseum.org/CRDImages/ao/original/64.228.54_b.jpg,false,0.00000000,250000,,2026-04-28T14:33:24.138049+00:00
https://images.metmuseum.org/CRDImages/ao/original/64.228.55.JPG,false,0.00057600,250000,,2026-04-28T14:33:24.314826+00:00
https://images.metmuseum.org/CRDImages/ao/original/64.228.56.JPG,false,0.00826000,250000,,2026-04-28T14:33:24.694545+00:00
https://images.metmuseum.org/CRDImages/ao/original/64.228.59.JPG,false,0.01112400,250000,,2026-04-28T14:33:25.291772+00:00
https://images.metmuseum.org/CRDImages/ao/original/64.228.60.JPG,false,0.04286000,250000,,2026-04-28T14:33:25.573873+00:00
https://images.metmuseum.org/CRDImages/ao/original/64.228.62.JPG,false,0.04371200,250000,,2026-04-28T14:33:25.890089+00:00
https://images.metmuseum.org/CRDImages/ao/original/64.228.66_a.jpg,false,0.29121600,250000,,2026-04-28T14:33:27.102855+00:00
https://images.metmuseum.org/CRDImages/ao/original/64.228.67_b.jpg,false,0.00178400,250000,,2026-04-28T14:33:27.319794+00:00
https://images.metmuseum.org/CRDImages/ao/original/64.228.68_b.jpg,false,0.00428400,250000,,2026-04-28T14:33:27.441403+00:00
https://images.metmuseum.org/CRDImages/ao/original/64.228.7.JPG,false,0.01158400,250000,,2026-04-28T14:33:13.787986+00:00
https://images.metmuseum.org/CRDImages/ao/original/64.228.76_a.jpg,false,0.00000000,250000,,2026-04-28T14:33:29.257770+00:00
https://images.metmuseum.org/CRDImages/ao/original/64.228.77a.jpg,false,0.35906800,250000,,2026-04-28T14:33:29.421142+00:00
https://images.metmuseum.org/CRDImages/ao/original/64.228.79_b.jpg,false,0.00178400,250000,,2026-04-28T14:33:29.528826+00:00
https://images.metmuseum.org/CRDImages/ao/original/64.228.8.JPG,false,0.01374400,250000,,2026-04-28T14:33:14.041263+00:00
https://images.metmuseum.org/CRDImages/ao/original/64.228.81_a.jpg,false,0.00000000,250000,,2026-04-28T14:33:29.710390+00:00
https://images.metmuseum.org/CRDImages/ao/original/64.228.83.jpg,false,0.00000000,250000,,2026-04-28T14:33:29.902053+00:00
https://images.metmuseum.org/CRDImages/ao/original/64.228.84_a.jpg,false,0.00006000,250000,,2026-04-28T14:33:30.074723+00:00
https://images.metmuseum.org/CRDImages/ao/original/64.228.85.jpg,false,0.00002400,250000,,2026-04-28T14:33:30.261472+00:00
https://images.metmuseum.org/CRDImages/ao/original/64.228.87.jpg,false,0.00001200,250000,,2026-04-28T14:33:30.479594+00:00
https://images.metmuseum.org/CRDImages/ao/original/64.228.89_a.jpg,false,0.00000000,250000,,2026-04-28T14:33:30.595325+00:00
https://images.metmuseum.org/CRDImages/ao/original/64.228.9.JPG,false,0.00993200,250000,,2026-04-28T14:33:14.327268+00:00
https://images.metmuseum.org/CRDImages/ao/original/64.228.90_a.jpg,false,0.00000800,250000,,2026-04-28T14:33:30.790638+00:00
https://images.metmuseum.org/CRDImages/ao/original/64.228.91.jpg,false,0.00000800,250000,,2026-04-28T14:33:31.002382+00:00
https://images.metmuseum.org/CRDImages/ao/original/64.228.94.jpg,false,0.00004000,250000,,2026-04-28T14:32:53.011346+00:00
https://images.metmuseum.org/CRDImages/ao/original/64.228.95.jpg,false,0.00000000,250000,,2026-04-28T14:32:53.126627+00:00
https://images.metmuseum.org/CRDImages/ao/original/64.228.97_a.jpg,false,0.00000000,250000,,2026-04-28T14:32:53.243564+00:00
https://images.metmuseum.org/CRDImages/ao/original/65.266.25.JPG,false,0.01204800,250000,,2026-04-28T14:34:21.559238+00:00
https://images.metmuseum.org/CRDImages/ao/original/65.266.26.JPG,false,0.01678800,250000,,2026-04-28T14:34:21.769093+00:00
https://images.metmuseum.org/CRDImages/ao/original/65.266.27.JPG,false,0.00396000,250000,,2026-04-28T14:34:21.992847+00:00
https://images.metmuseum.org/CRDImages/ao/original/65.266.28.jpg,false,0.03095600,250000,,2026-04-28T14:34:22.242841+00:00
https://images.metmuseum.org/CRDImages/ao/original/65.266.29.jpg,false,0.00336400,250000,,2026-04-28T14:34:22.463229+00:00
https://images.metmuseum.org/CRDImages/ao/original/65.266.3.JPG,false,0.01396400,250000,,2026-04-28T14:34:20.891994+00:00
https://images.metmuseum.org/CRDImages/ao/original/65.266.32.jpg,false,0.00014400,250000,,2026-04-28T14:34:14.937452+00:00
https://images.metmuseum.org/CRDImages/ao/original/65.266.33.JPG,false,0.09472400,250000,,2026-04-28T14:34:15.124694+00:00
https://images.metmuseum.org/CRDImages/ao/original/65.266.34.JPG,false,0.05662000,250000,,2026-04-28T14:34:15.318150+00:00
https://images.metmuseum.org/CRDImages/ao/original/65.266.35.JPG,false,0.01271200,250000,,2026-04-28T14:34:15.716968+00:00
https://images.metmuseum.org/CRDImages/ao/original/65.266.4.JPG,false,0.00154800,250000,,2026-04-28T14:34:21.069842+00:00
https://images.metmuseum.org/CRDImages/ao/original/65.266.40.jpg,false,0.00973600,250000,,2026-04-28T14:34:22.615372+00:00
https://images.metmuseum.org/CRDImages/ao/original/65.266.41.JPG,false,0.04254800,250000,,2026-04-28T14:34:22.807422+00:00
https://images.metmuseum.org/CRDImages/ao/original/65.266.42.JPG,false,0.00568800,250000,,2026-04-28T14:34:22.990684+00:00
https://images.metmuseum.org/CRDImages/ao/original/65.266.44.JPG,false,0.03887600,250000,,2026-04-28T14:34:23.277234+00:00
https://images.metmuseum.org/CRDImages/ao/original/65.266.46.JPG,false,0.00775600,250000,,2026-04-28T14:34:23.555920+00:00
https://images.metmuseum.org/CRDImages/ao/original/65.266.47.JPG,false,0.00290800,250000,,2026-04-28T14:34:23.699963+00:00
https://images.metmuseum.org/CRDImages/ao/original/65.266.48.JPG,false,0.01706000,250000,,2026-04-28T14:34:24.063621+00:00
https://images.metmuseum.org/CRDImages/ao/original/65.266.5.jpg,false,0.00000000,250000,,2026-04-28T14:34:21.246422+00:00
https://images.metmuseum.org/CRDImages/ao/original/65.266.53.JPG,false,0.01083600,250000,,2026-04-28T14:34:24.191886+00:00
https://images.metmuseum.org/CRDImages/ao/original/65.266.54.JPG,false,0.10104000,250000,,2026-04-28T14:34:24.352318+00:00
https://images.metmuseum.org/CRDImages/ao/original/65.266.55.JPG,false,0.00501200,250000,,2026-04-28T14:34:24.642688+00:00
https://images.metmuseum.org/CRDImages/ao/original/65.266.6.JPG,false,0.10634000,250000,,2026-04-28T14:34:21.391811+00:00
https://images.metmuseum.org/CRDImages/ao/original/65.266.61.JPG,false,0.04642400,250000,,2026-04-28T14:34:24.798479+00:00
https://images.metmuseum.org/CRDImages/ao/original/65.266.62.JPG,false,0.01539200,250000,,2026-04-28T14:34:25.052488+00:00
https://images.metmuseum.org/CRDImages/ao/original/65.266.63_a.JPG,false,0.06572000,250000,,2026-04-28T14:34:25.265530+00:00
https://images.metmuseum.org/CRDImages/ao/original/65.266.64.JPG,false,0.00638400,250000,,2026-04-28T14:34:25.408755+00:00
https://images.metmuseum.org/CRDImages/ao/original/65.266.65.JPG,false,0.01674400,250000,,2026-04-28T14:34:25.642608+00:00
https://images.metmuseum.org/CRDImages/ao/original/65.266.66.JPG,false,0.19160400,250000,,2026-04-28T14:34:25.799119+00:00
https://images.metmuseum.org/CRDImages/ao/original/65.266.68.JPG,false,0.00729200,250000,,2026-04-28T14:34:26.071176+00:00
https://images.metmuseum.org/CRDImages/ao/original/65.266.69.JPG,false,0.13519200,250000,,2026-04-28T14:34:26.240128+00:00
https://images.metmuseum.org/CRDImages/ao/original/65.266.72.JPG,false,0.07648000,250000,,2026-04-28T14:34:26.381363+00:00
https://images.metmuseum.org/CRDImages/ao/original/65.266.73.JPG,false,0.01570400,250000,,2026-04-28T14:34:27.151101+00:00
https://images.metmuseum.org/CRDImages/ao/original/65.266.75.JPG,false,0.00440000,250000,,2026-04-28T14:34:27.319000+00:00
https://images.metmuseum.org/CRDImages/ao/original/65.266.76_a.JPG,false,0.06632000,250000,,2026-04-28T14:34:27.636860+00:00
https://images.metmuseum.org/CRDImages/ao/original/65.266.79.JPG,false,0.00828800,250000,,2026-04-28T14:34:28.753598+00:00
https://images.metmuseum.org/CRDImages/ao/original/65.266.80_a.jpg,false,0.00005200,250000,,2026-04-28T14:34:28.919302+00:00
https://images.metmuseum.org/CRDImages/ao/original/65.266.81.jpg,false,0.00198000,250000,,2026-04-28T14:34:29.049044+00:00
https://images.metmuseum.org/CRDImages/ao/original/65.266.82.JPG,false,0.15562400,250000,,2026-04-28T14:34:29.307458+00:00
https://images.metmuseum.org/CRDImages/ao/original/65.266.85.JPG,false,0.00637200,250000,,2026-04-28T14:34:29.491535+00:00
https://images.metmuseum.org/CRDImages/ao/original/65.266.87.JPG,false,0.00080800,250000,,2026-04-28T14:34:29.765430+00:00
https://images.metmuseum.org/CRDImages/ao/original/65.266.88.JPG,false,0.00668000,250000,,2026-04-28T14:34:29.905603+00:00
https://images.metmuseum.org/CRDImages/ao/original/65.266.89_a.jpg,false,0.00137200,250000,,2026-04-28T14:34:30.281540+00:00
https://images.metmuseum.org/CRDImages/ao/original/66.30.13.jpg,false,0.00000000,250000,,2026-04-28T14:34:32.060159+00:00
https://images.metmuseum.org/CRDImages/ao/original/66.30.14.jpg,false,0.00000000,250000,,2026-04-28T14:34:32.177716+00:00
https://images.metmuseum.org/CRDImages/ao/original/66.30.16.jpg,false,0.00000000,250000,,2026-04-28T14:34:32.406159+00:00
https://images.metmuseum.org/CRDImages/ao/original/66.30.17_a.jpg,false,0.00001600,250000,,2026-04-28T14:34:32.548256+00:00
https://images.metmuseum.org/CRDImages/ao/original/66.30.18_a.jpg,false,0.00000000,250000,,2026-04-28T14:34:32.703275+00:00
https://images.metmuseum.org/CRDImages/ao/original/67.167.10.JPG,false,0.06096400,250000,,2026-04-28T14:34:35.593145+00:00
https://images.metmuseum.org/CRDImages/ao/original/67.167.11.JPG,false,0.03629200,250000,,2026-04-28T14:34:35.749336+00:00
https://images.metmuseum.org/CRDImages/ao/original/67.167.12.JPG,false,0.04857200,250000,,2026-04-28T14:34:36.036725+00:00
https://images.metmuseum.org/CRDImages/ao/original/67.167.14.JPG,false,0.09140000,250000,,2026-04-28T14:34:38.277640+00:00
https://images.metmuseum.org/CRDImages/ao/original/67.167.16.JPG,false,0.01862400,250000,,2026-04-28T14:34:38.443509+00:00
https://images.metmuseum.org/CRDImages/ao/original/67.167.17_a.jpg,false,0.00000000,250000,,2026-04-28T14:34:38.686019+00:00
https://images.metmuseum.org/CRDImages/ao/original/67.167.18.JPG,false,0.00865200,250000,,2026-04-28T14:34:38.809280+00:00
https://images.metmuseum.org/CRDImages/ao/original/67.167.19.JPG,false,0.01186000,250000,,2026-04-28T14:34:38.952820+00:00
https://images.metmuseum.org/CRDImages/ao/original/67.167.2.jpg,false,0.02582400,250000,,2026-04-28T14:34:33.613423+00:00
https://images.metmuseum.org/CRDImages/ao/original/67.167.24.jpg,false,0.00362000,250000,,2026-04-28T14:34:39.468933+00:00
https://images.metmuseum.org/CRDImages/ao/original/67.167.26_a.JPG,false,0.00172000,250000,,2026-04-28T14:34:39.742567+00:00
https://images.metmuseum.org/CRDImages/ao/original/67.167.27.JPG,false,0.01032000,250000,,2026-04-28T14:34:39.903164+00:00
https://images.metmuseum.org/CRDImages/ao/original/67.167.28.JPG,false,0.00162400,250000,,2026-04-28T14:34:40.053076+00:00
https://images.metmuseum.org/CRDImages/ao/original/67.167.29.JPG,false,0.00288800,250000,,2026-04-28T14:34:40.301331+00:00
https://images.metmuseum.org/CRDImages/ao/original/67.167.30.JPG,false,0.01881200,250000,,2026-04-28T14:34:40.482295+00:00
https://images.metmuseum.org/CRDImages/ao/original/67.167.31.JPG,false,0.01344800,250000,,2026-04-28T14:34:40.638010+00:00
https://images.metmuseum.org/CRDImages/ao/original/67.167.33.JPG,false,0.00909600,250000,,2026-04-28T14:34:40.862346+00:00
https://images.metmuseum.org/CRDImages/ao/original/67.167.34.JPG,false,0.01096400,250000,,2026-04-28T14:34:41.032827+00:00
https://images.metmuseum.org/CRDImages/ao/original/67.167.36.JPG,false,0.00135200,250000,,2026-04-28T14:34:41.845703+00:00
https://images.metmuseum.org/CRDImages/ao/original/67.167.38.JPG,false,0.07706400,250000,,2026-04-28T14:34:19.957943+00:00
https://images.metmuseum.org/CRDImages/ao/original/67.167.41_a.jpg,false,0.00169600,250000,,2026-04-28T14:34:20.324812+00:00
https://images.metmuseum.org/CRDImages/ao/original/67.167.42_a.jpg,false,0.00093600,250000,,2026-04-28T14:34:20.485071+00:00
https://images.metmuseum.org/CRDImages/ao/original/67.167.6.JPG,false,0.06729600,250000,,2026-04-28T14:34:34.352586+00:00
https://images.metmuseum.org/CRDImages/ao/original/67.167.7.JPG,false,0.00661200,250000,,2026-04-28T14:34:34.529810+00:00
https://images.metmuseum.org/CRDImages/ao/original/67.167.8.JPG,false,0.00421600,250000,,2026-04-28T14:34:35.101531+00:00
https://images.metmuseum.org/CRDImages/ao/original/67.167.9.JPG,false,0.13248000,250000,,2026-04-28T14:34:35.256565+00:00
https://images.metmuseum.org/CRDImages/ao/original/67.239.10_b.jpg,false,0.00000000,250000,,2026-04-28T14:34:43.529921+00:00
https://images.metmuseum.org/CRDImages/ao/original/67.239.12.jpg,false,0.00000000,250000,,2026-04-28T14:34:44.042853+00:00
https://images.metmuseum.org/CRDImages/ao/original/67.239.14_a.JPG,false,0.00923200,250000,,2026-04-28T14:34:44.297967+00:00
https://images.metmuseum.org/CRDImages/ao/original/67.239.15.jpg,false,0.00322400,250000,,2026-04-28T14:34:44.602314+00:00
https://images.metmuseum.org/CRDImages/ao/original/67.239.19.jpg,false,0.00058000,250000,,2026-04-28T14:34:45.768724+00:00
https://images.metmuseum.org/CRDImages/ao/original/67.239.21_a.jpg,false,0.00000000,250000,,2026-04-28T14:34:46.050493+00:00
https://images.metmuseum.org/CRDImages/ao/original/67.239.2_a.jpg,false,0.00000400,250000,,2026-04-28T14:34:20.704669+00:00
https://images.metmuseum.org/CRDImages/ao/original/67.239.7_b.jpg,false,0.00000000,250000,,2026-04-28T14:34:43.118043+00:00
https://images.metmuseum.org/CRDImages/ao/original/67.239.9.jpg,false,0.00016800,250000,,2026-04-28T14:34:43.360623+00:00
https://images.metmuseum.org/CRDImages/ao/original/67.249.2.JPG,false,0.00000000,250000,,2026-04-28T14:34:46.198232+00:00
https://images.metmuseum.org/CRDImages/ao/original/67.92.jpg,false,0.08918000,250000,,2026-04-28T14:34:33.009970+00:00
https://images.metmuseum.org/CRDImages/ao/original/DP-13003-003.jpg,false,0.05879200,250000,,2026-04-28T14:35:48.959358+00:00
https://images.metmuseum.org/CRDImages/ao/original/DP-13003-005.jpg,false,0.22039200,250000,,2026-04-28T14:35:06.554179+00:00
https://images.metmuseum.org/CRDImages/ao/original/DP-15497-005.jpg,false,0.11278800,250000,,2026-04-28T14:40:36.113023+00:00
https://images.metmuseum.org/CRDImages/ao/original/DP-17799-001.jpg,false,0.43604400,250000,,2026-04-28T14:35:49.649246+00:00
https://images.metmuseum.org/CRDImages/ao/original/DP-23468-001.jpg,false,0.55967600,250000,,2026-04-28T14:35:03.308299+00:00
https://images.metmuseum.org/CRDImages/ao/original/DP-23559-001.jpg,false,0.12026800,250000,,2026-04-28T14:35:07.721856+00:00
https://images.metmuseum.org/CRDImages/ao/original/DP-23560-001.jpg,false,0.10026000,250000,,2026-04-28T14:35:33.680833+00:00
https://images.metmuseum.org/CRDImages/ao/original/DP-23561-001.jpg,false,0.06140000,250000,,2026-04-28T14:34:59.283670+00:00
https://images.metmuseum.org/CRDImages/ao/original/DP-23562-002.jpg,false,0.17414400,250000,,2026-04-28T14:34:42.711131+00:00
https://images.metmuseum.org/CRDImages/ao/original/DP-23564-001.jpg,false,0.02077200,250000,,2026-04-28T14:34:45.261541+00:00
https://images.metmuseum.org/CRDImages/ao/original/DP-23565-002.jpg,false,0.00613200,250000,,2026-04-28T14:32:58.185537+00:00
https://images.metmuseum.org/CRDImages/ao/original/DP-23566-001.jpg,false,0.05719600,250000,,2026-04-28T14:35:26.668403+00:00
https://images.metmuseum.org/CRDImages/ao/original/DP-23568-001.jpg,false,0.00106000,250000,,2026-04-28T14:35:19.863036+00:00
https://images.metmuseum.org/CRDImages/ao/original/DP-23617-001.jpg,false,0.00167600,250000,,2026-04-28T14:33:07.747025+00:00
https://images.metmuseum.org/CRDImages/ao/original/DP-23619-001.jpg,false,0.00050800,250000,,2026-04-28T14:34:59.948748+00:00
https://images.metmuseum.org/CRDImages/ao/original/DP-23620-003.jpg,false,0.00338800,250000,,2026-04-28T14:33:28.476490+00:00
https://images.metmuseum.org/CRDImages/ao/original/DP-23621-001.jpg,false,0.00021200,250000,,2026-04-28T14:34:31.455607+00:00
https://images.metmuseum.org/CRDImages/ao/original/DP-23622-001.jpg,false,0.32539200,250000,,2026-04-28T14:33:02.215462+00:00
https://images.metmuseum.org/CRDImages/ao/original/DP-23623-001.jpg,false,0.03310800,250000,,2026-04-28T14:32:51.599530+00:00
https://images.metmuseum.org/CRDImages/ao/original/DP-23624-001.jpg,false,0.08072800,250000,,2026-04-28T14:33:01.631024+00:00
https://images.metmuseum.org/CRDImages/ao/original/DP-23625-001.jpg,false,0.00413200,250000,,2026-04-28T14:33:24.849656+00:00
https://images.metmuseum.org/CRDImages/ao/original/DP-23626-001.jpg,false,0.09632800,250000,,2026-04-28T14:33:15.958252+00:00
https://images.metmuseum.org/CRDImages/ao/original/DP-23627-001.jpg,false,0.00472000,250000,,2026-04-28T14:35:38.983489+00:00
https://images.metmuseum.org/CRDImages/ao/original/DP-23628-001.jpg,false,0.04505200,250000,,2026-04-28T14:35:39.278083+00:00
https://images.metmuseum.org/CRDImages/ao/original/DP-23629-001.jpg,false,0.00002400,250000,,2026-04-28T14:35:34.641193+00:00
https://images.metmuseum.org/CRDImages/ao/original/DP-23630-001.jpg,false,0.03811600,250000,,2026-04-28T14:33:17.119896+00:00
https://images.metmuseum.org/CRDImages/ao/original/DP-23632-001.jpg,false,0.00002800,250000,,2026-04-28T14:35:30.184121+00:00
https://images.metmuseum.org/CRDImages/ao/original/DP-23637-004.jpg,false,0.83336000,250000,,2026-04-28T14:35:30.444084+00:00
https://images.metmuseum.org/CRDImages/ao/original/DP-23638-001.jpg,false,0.00000400,250000,,2026-04-28T14:34:39.186605+00:00
https://images.metmuseum.org/CRDImages/ao/original/DP-23639-001.jpg,false,0.41597600,250000,,2026-04-28T14:33:17.430058+00:00
https://images.metmuseum.org/CRDImages/ao/original/DP-23879-001.jpg,false,0.32652000,250000,,2026-04-28T14:35:21.134578+00:00
https://images.metmuseum.org/CRDImages/ao/original/DP-23880-001.jpg,false,0.35394800,250000,,2026-04-28T14:35:31.315259+00:00
https://images.metmuseum.org/CRDImages/ao/original/DP-23882-001.jpg,false,0.24676400,250000,,2026-04-28T14:34:58.414885+00:00
https://images.metmuseum.org/CRDImages/ao/original/DP-23887-001.jpg,false,0.36822400,250000,,2026-04-28T14:34:30.568118+00:00
https://images.metmuseum.org/CRDImages/ao/original/DP-23888-001.jpg,false,0.34654000,250000,,2026-04-28T14:34:31.066648+00:00
https://images.metmuseum.org/CRDImages/ao/original/DP-23890-002.jpg,false,0.50160400,250000,,2026-04-28T14:34:54.417169+00:00
https://images.metmuseum.org/CRDImages/ao/original/DP-23891-001.jpg,false,0.21680400,250000,,2026-04-28T14:34:54.655837+00:00
https://images.metmuseum.org/CRDImages/ao/original/DP-23893-001.jpg,false,0.21068000,250000,,2026-04-28T14:35:48.526567+00:00
https://images.metmuseum.org/CRDImages/ao/original/DP-23894-001.jpg,false,0.33040400,250000,,2026-04-28T14:35:36.368816+00:00
https://images.metmuseum.org/CRDImages/ao/original/DP-23895-001.jpg,false,0.25328000,250000,,2026-04-28T14:34:33.232810+00:00
https://images.metmuseum.org/CRDImages/ao/original/DP-23896-001.jpg,false,0.24670000,250000,,2026-04-28T14:33:04.100127+00:00
https://images.metmuseum.org/CRDImages/ao/original/DP-23897-002.jpg,false,0.43062800,250000,,2026-04-28T14:35:22.251424+00:00
https://images.metmuseum.org/CRDImages/ao/original/DP-23898-001.jpg,false,0.33932800,250000,,2026-04-28T14:35:08.052042+00:00
https://images.metmuseum.org/CRDImages/ao/original/DP-23899-001.jpg,false,0.12507600,250000,,2026-04-28T14:34:42.386526+00:00
https://images.metmuseum.org/CRDImages/ao/original/DP-23900-001.jpg,false,0.48040000,250000,,2026-04-28T14:34:44.831725+00:00
https://images.metmuseum.org/CRDImages/ao/original/DP-23901-002.jpg,false,0.43462400,250000,,2026-04-28T14:35:47.552165+00:00
https://images.metmuseum.org/CRDImages/ao/original/DP-23902-001.jpg,false,0.26057600,250000,,2026-04-28T14:35:16.619055+00:00
https://images.metmuseum.org/CRDImages/ao/original/DP-24066-002.jpg,false,0.10008400,250000,,2026-04-28T14:32:51.302865+00:00
https://images.metmuseum.org/CRDImages/ao/original/DP-24251-001.jpg,false,0.15933600,250000,,2026-04-28T14:35:33.956479+00:00
https://images.metmuseum.org/CRDImages/ao/original/DP-24252-001.jpg,false,0.01424800,250000,,2026-04-28T14:35:34.397942+00:00
https://images.metmuseum.org/CRDImages/ao/original/DP-24255-001.jpg,false,0.02156400,250000,,2026-04-28T14:35:04.934056+00:00
https://images.metmuseum.org/CRDImages/ao/original/DP-24256-001.jpg,false,0.04212800,250000,,2026-04-28T14:35:49.362524+00:00
https://images.metmuseum.org/CRDImages/ao/original/DP-24257-001.jpg,false,0.10227600,250000,,2026-04-28T14:35:03.667584+00:00
https://images.metmuseum.org/CRDImages/ao/original/DP-24258-001.jpg,false,0.28578400,250000,,2026-04-28T14:35:30.964857+00:00
https://images.metmuseum.org/CRDImages/ao/original/DP-24262-001.jpg,false,0.33015200,250000,,2026-04-28T14:35:35.305321+00:00
https://images.metmuseum.org/CRDImages/ao/original/DP-24272-001.jpg,false,0.64766400,250000,,2026-04-28T14:35:17.628292+00:00
https://images.metmuseum.org/CRDImages/ao/original/DP-24278-001.jpg,false,0.61609600,250000,,2026-04-28T14:34:31.666275+00:00
https://images.metmuseum.org/CRDImages/ao/original/DP-24280-002.jpg,false,0.15268800,250000,,2026-04-28T14:41:10.051282+00:00
https://images.metmuseum.org/CRDImages/ao/original/DP-24281-002.jpg,false,0.15685600,250000,,2026-04-28T14:41:10.582240+00:00
https://images.metmuseum.org/CRDImages/ao/original/DP-24282-001.jpg,false,0.07438000,250000,,2026-04-28T14:41:11.221710+00:00
https://images.metmuseum.org/CRDImages/ao/original/DP-24284-002.jpg,false,0.33290800,250000,,2026-04-28T14:41:13.475259+00:00
https://images.metmuseum.org/CRDImages/ao/original/DP-24293-001.jpg,false,0.12116000,250000,,2026-04-28T14:33:31.107427+00:00
https://images.metmuseum.org/CRDImages/ao/original/DP-24295-001.jpg,false,0.22144800,250000,,2026-04-28T14:34:52.937003+00:00
https://images.metmuseum.org/CRDImages/ao/original/DP-24296-001.jpg,false,0.27866800,250000,,2026-04-28T14:34:11.466614+00:00
https://images.metmuseum.org/CRDImages/ao/original/DP-24297-001.jpg,false,0.51506400,250000,,2026-04-28T14:34:36.244512+00:00
https://images.metmuseum.org/CRDImages/ao/original/DP-24298-001.jpg,false,0.26367200,250000,,2026-04-28T14:33:09.012766+00:00
https://images.metmuseum.org/CRDImages/ao/original/DP-24299-002.jpg,false,0.23748000,250000,,2026-04-28T14:33:10.088486+00:00
https://images.metmuseum.org/CRDImages/ao/original/DP-24300-001.jpg,false,0.12881200,250000,,2026-04-28T14:33:27.635405+00:00
https://images.metmuseum.org/CRDImages/ao/original/DP-24301-001.jpg,false,0.07687200,250000,,2026-04-28T14:34:37.160786+00:00
https://images.metmuseum.org/CRDImages/ao/original/DP-24302-001.jpg,false,0.05409600,250000,,2026-04-28T14:34:37.479270+00:00
https://images.metmuseum.org/CRDImages/ao/original/DP-24334-001.jpg,false,0.45681200,250000,,2026-04-28T14:35:09.938005+00:00
https://images.metmuseum.org/CRDImages/ao/original/DP-24347-001.jpg,false,0.00388800,250000,,2026-04-28T14:35:39.745135+00:00
https://images.metmuseum.org/CRDImages/ao/original/DP-24348-001.jpg,false,0.64062000,250000,,2026-04-28T14:35:14.713861+00:00
https://images.metmuseum.org/CRDImages/ao/original/DP-24349-001.jpg,false,0.01063200,250000,,2026-04-28T14:35:08.393437+00:00
https://images.metmuseum.org/CRDImages/ao/original/DP-24351-004.jpg,false,0.17461600,250000,,2026-04-28T14:34:41.280237+00:00
https://images.metmuseum.org/CRDImages/ao/original/DP-24352-001.jpg,false,0.18852400,250000,,2026-04-28T14:35:02.545391+00:00
https://images.metmuseum.org/CRDImages/ao/original/DP-24353-002.jpg,false,0.05680400,250000,,2026-04-28T14:35:32.347123+00:00
https://images.metmuseum.org/CRDImages/ao/original/DP-24354-001.jpg,false,0.08064800,250000,,2026-04-28T14:35:13.780650+00:00
https://images.metmuseum.org/CRDImages/ao/original/DP-24355-001.jpg,false,0.77046000,250000,,2026-04-28T14:35:00.921048+00:00
https://images.metmuseum.org/CRDImages/ao/original/DP-24357-001.jpg,false,0.10899200,250000,,2026-04-28T14:35:05.763550+00:00
https://images.metmuseum.org/CRDImages/ao/original/DP-24358-001.jpg,false,0.29960800,250000,,2026-04-28T14:34:46.677573+00:00
https://images.metmuseum.org/CRDImages/ao/original/DP-24359-001.jpg,false,0.15554800,250000,,2026-04-28T14:35:00.539618+00:00
https://images.metmuseum.org/CRDImages/ao/original/DP-24360-001.jpg,false,0.10000400,250000,,2026-04-28T14:33:18.729212+00:00
https://images.metmuseum.org/CRDImages/ao/original/DP-24361-001.jpg,false,0.11104000,250000,,2026-04-28T14:35:43.935124+00:00
https://images.metmuseum.org/CRDImages/ao/original/DP-24362-001.jpg,false,0.15361600,250000,,2026-04-28T14:35:25.877213+00:00
https://images.metmuseum.org/CRDImages/ao/original/DP-24363-003.jpg,false,0.09612400,250000,,2026-04-28T14:35:45.500237+00:00
https://images.metmuseum.org/CRDImages/ao/original/DP-25548-001.jpg,false,0.05559200,250000,,2026-04-28T14:33:26.247020+00:00
https://images.metmuseum.org/CRDImages/ao/original/DP-25549-002.jpg,false,0.55232400,250000,,2026-04-28T14:34:34.117768+00:00
https://images.metmuseum.org/CRDImages/ao/original/DP-28110-002.jpg,false,0.64749600,250000,,2026-04-28T14:35:37.135255+00:00
https://images.metmuseum.org/CRDImages/ao/original/DP-28484-001.jpg,false,0.66350800,250000,,2026-04-28T14:34:57.824468+00:00
https://images.metmuseum.org/CRDImages/ao/original/DP-32943-001.jpg,false,0.56916800,250000,,2026-04-28T14:35:12.958709+00:00
https://images.metmuseum.org/CRDImages/ao/original/DP-33254-001.jpg,false,0.65251200,250000,,2026-04-28T14:35:18.096891+00:00
https://images.metmuseum.org/CRDImages/ao/original/DP-36765-001.jpg,false,0.56027600,250000,,2026-04-28T14:35:40.675771+00:00
https://images.metmuseum.org/CRDImages/ao/original/DP-36766-001.jpg,false,0.66482800,250000,,2026-04-28T14:35:40.284964+00:00
https://images.metmuseum.org/CRDImages/ao/original/DP-41560-001.jpg,false,0.47296800,250000,,2026-04-28T14:33:13.462009+00:00
https://images.metmuseum.org/CRDImages/ao/original/DP-41562-001.jpg,false,0.64487200,250000,,2026-04-28T14:32:54.416067+00:00
https://images.metmuseum.org/CRDImages/ao/original/DP-41564-002.jpg,false,0.56143600,250000,,2026-04-28T14:35:15.059915+00:00
https://images.metmuseum.org/CRDImages/ao/original/DP-43937-001.jpg,false,0.84295200,250000,,2026-04-28T14:33:16.615670+00:00
https://images.metmuseum.org/CRDImages/ao/original/DP-571-001.jpg,false,0.73520800,250000,,2026-04-28T14:35:21.800783+00:00
https://images.metmuseum.org/CRDImages/ao/original/DP-576-001.jpg,false,0.66132800,250000,,2026-04-28T14:34:57.566924+00:00
https://images.metmuseum.org/CRDImages/ao/original/DP101922.jpg,false,0.00052000,250000,,2026-04-28T14:35:10.385820+00:00
https://images.metmuseum.org/CRDImages/ao/original/DP101926.jpg,false,0.01577600,250000,,2026-04-28T14:35:23.159438+00:00
https://images.metmuseum.org/CRDImages/ao/original/DP102121.jpg,false,0.00036000,250000,,2026-04-28T14:35:20.694658+00:00
https://images.metmuseum.org/CRDImages/ao/original/DP102127.jpg,false,0.00037200,250000,,2026-04-28T14:35:33.446274+00:00
https://images.metmuseum.org/CRDImages/ao/original/DP102151.jpg,false,0.29404400,250000,,2026-04-28T14:34:30.385537+00:00
https://images.metmuseum.org/CRDImages/ao/original/DP102186.jpg,false,0.12441600,250000,,2026-04-28T14:35:40.111745+00:00
https://images.metmuseum.org/CRDImages/ao/original/DP104847.jpg,false,0.00011200,250000,,2026-04-28T14:34:48.144411+00:00
https://images.metmuseum.org/CRDImages/ao/original/DP108296.jpg,false,0.09757200,250000,,2026-04-28T14:34:48.843707+00:00
https://images.metmuseum.org/CRDImages/ao/original/DP212591.jpg,false,0.47295200,250000,,2026-04-28T14:35:06.862228+00:00
https://images.metmuseum.org/CRDImages/ao/original/DP215695.jpg,false,0.72251200,250000,,2026-04-28T14:35:34.879671+00:00
https://images.metmuseum.org/CRDImages/ao/original/DP216432.jpg,false,0.70308000,250000,,2026-04-28T14:35:35.658586+00:00
https://images.metmuseum.org/CRDImages/ao/original/DP216433.jpg,false,0.70553600,250000,,2026-04-28T14:35:36.043521+00:00
https://images.metmuseum.org/CRDImages/ao/original/DP216723.jpg,false,0.63690800,250000,,2026-04-28T14:33:03.293475+00:00
https://images.metmuseum.org/CRDImages/ao/original/DP220951.jpg,false,0.77182000,250000,,2026-04-28T14:35:50.108541+00:00
https://images.metmuseum.org/CRDImages/ao/original/DP227392.jpg,false,0.41360000,250000,,2026-04-28T14:33:21.549931+00:00
https://images.metmuseum.org/CRDImages/ao/original/DP227393.jpg,false,0.30132800,250000,,2026-04-28T14:35:46.598632+00:00
https://images.metmuseum.org/CRDImages/ao/original/DP227395.jpg,false,0.29505200,250000,,2026-04-28T14:35:02.290911+00:00
https://images.metmuseum.org/CRDImages/ao/original/DP227399.jpg,false,0.28095600,250000,,2026-04-28T14:35:25.371072+00:00
https://images.metmuseum.org/CRDImages/ao/original/DP229470.jpg,false,0.36990000,250000,,2026-04-28T14:34:33.930249+00:00
https://images.metmuseum.org/CRDImages/ao/original/DP23078.jpg,false,0.14043200,250000,,2026-04-28T14:35:33.292392+00:00
https://images.metmuseum.org/CRDImages/ao/original/DP23079.jpg,false,0.08950800,250000,,2026-04-28T14:35:14.111394+00:00
https://images.metmuseum.org/CRDImages/ao/original/DP23128.jpg,false,0.08263200,250000,,2026-04-28T14:35:22.036726+00:00
https://images.metmuseum.org/CRDImages/ao/original/DP23129.jpg,false,0.15002400,250000,,2026-04-28T14:34:59.118621+00:00
https://images.metmuseum.org/CRDImages/ao/original/DP23137.jpg,false,0.00215200,250000,,2026-04-28T14:35:16.139689+00:00
https://images.metmuseum.org/CRDImages/ao/original/DP234681.jpg,false,0.00925600,250000,,2026-04-28T14:32:57.384587+00:00
https://images.metmuseum.org/CRDImages/ao/original/DP234684.jpg,false,0.27273200,250000,,2026-04-28T14:33:06.622802+00:00
https://images.metmuseum.org/CRDImages/ao/original/DP234685.jpg,false,0.28012800,250000,,2026-04-28T14:33:07.184235+00:00
https://images.metmuseum.org/CRDImages/ao/original/DP242328.jpg,false,0.18661200,250000,,2026-04-28T14:35:41.304733+00:00
https://images.metmuseum.org/CRDImages/ao/original/DP269972.jpg,false,0.48801200,250000,,2026-04-28T14:35:05.538275+00:00
https://images.metmuseum.org/CRDImages/ao/original/DP302441.jpg,false,0.65364800,250000,,2026-04-28T14:35:11.747296+00:00
https://images.metmuseum.org/CRDImages/ao/original/DP348021.jpg,false,0.18778400,250000,,2026-04-28T14:40:22.102961+00:00
https://images.metmuseum.org/CRDImages/ao/original/DP348022.jpg,false,0.06100000,250000,,2026-04-28T14:35:48.124591+00:00
https://images.metmuseum.org/CRDImages/ao/original/DP705382.jpg,false,0.00439200,250000,,2026-04-28T14:35:43.277170+00:00
https://images.metmuseum.org/CRDImages/ao/original/DP705385.jpg,false,0.00224800,250000,,2026-04-28T14:35:43.501224+00:00
https://images.metmuseum.org/CRDImages/ao/original/DP705387.jpg,false,0.03652000,250000,,2026-04-28T14:35:42.447917+00:00
https://images.metmuseum.org/CRDImages/ao/original/DT10182.jpg,false,0.68824000,250000,,2026-04-28T14:35:05.213106+00:00
https://images.metmuseum.org/CRDImages/ao/original/DT11169.jpg,false,0.70948800,250000,,2026-04-28T14:34:46.341398+00:00
https://images.metmuseum.org/CRDImages/ao/original/DT1266.jpg,false,0.18579200,250000,,2026-04-28T14:32:51.834938+00:00
https://images.metmuseum.org/CRDImages/ao/original/DT4512.jpg,false,0.75169600,250000,,2026-04-28T14:35:41.758146+00:00
https://images.metmuseum.org/CRDImages/ao/original/DT4514.jpg,false,0.66237200,250000,,2026-04-28T14:35:47.229138+00:00
https://images.metmuseum.org/CRDImages/ao/original/DT5059.jpg,false,0.71240800,250000,,2026-04-28T14:35:36.718948+00:00
https://images.metmuseum.org/CRDImages/ao/original/DT9917.jpg,false,0.64770000,250000,,2026-04-28T14:35:11.488367+00:00
https://images.metmuseum.org/CRDImages/ao/original/LC-64_228_34_TMS3.jpg,false,0.00003600,250000,,2026-04-28T14:33:20.363082+00:00
https://images.metmuseum.org/CRDImages/ao/original/TR.85.8.2007 b.jpg,,,,URL can't contain control characters. '/CRDImages/ao/original/TR.85.8.2007 b.jpg' (found at least ' '),2026-04-28T14:35:49.643337+00:00
https://images.metmuseum.org/CRDImages/ao/original/VS1980_34_36.jpg,false,0.11882400,250000,,2026-04-28T14:35:21.452640+00:00
https://images.metmuseum.org/CRDImages/ao/original/VS1993_307_4.jpg,false,0.24233600,250000,,2026-04-28T14:35:37.747735+00:00
https://images.metmuseum.org/CRDImages/ao/original/X.2.223.JPG,false,0.01128000,250000,,2026-04-28T14:35:44.327710+00:00
https://images.metmuseum.org/CRDImages/ao/original/X.2.238.JPG,false,0.00369200,250000,,2026-04-28T14:35:44.584869+00:00
https://images.metmuseum.org/CRDImages/ao/original/X.2.273.JPG,false,0.14255600,250000,,2026-04-28T14:35:45.266018+00:00
https://images.metmuseum.org/CRDImages/ao/original/h1_1982.207.7.jpg,false,0.00338800,250000,,2026-04-28T14:35:23.319505+00:00
https://images.metmuseum.org/CRDImages/ao/original/hb_1978.412.104.jpg,false,0.67001200,250000,,2026-04-28T14:35:04.706615+00:00
https://images.metmuseum.org/CRDImages/ao/original/hz1994_35_50.jpg,false,0.00554400,250000,,2026-04-28T14:35:38.181108+00:00
https://images.metmuseum.org/CRDImages/ao/original/hz1998_71.jpg,false,0.00152800,250000,,2026-04-28T14:35:38.600314+00:00
https://images.metmuseum.org/CRDImages/ao/original/rs_X.2.410.JPG,false,0.00000000,250000,,2026-04-28T14:35:41.126367+00:00
https://images.metmuseum.org/CRDImages/ao/original/vs1970_245_25.jpg,false,0.50828000,250000,,2026-04-28T14:34:47.423406+00:00
https://images.metmuseum.org/CRDImages/ao/original/vs1977_394_62.jpg,false,0.05679600,250000,,2026-04-28T14:34:58.180457+00:00
https://images.metmuseum.org/CRDImages/ao/original/vs1978_309_2.jpg,false,0.00645600,250000,,2026-04-28T14:34:56.641371+00:00
https://images.metmuseum.org/CRDImages/ao/original/vs1978_412_272.jpg,false,0.31118000,250000,,2026-04-28T14:35:09.424754+00:00
https://images.metmuseum.org/CRDImages/ao/original/vs1978_412_98.jpg,false,0.28716000,250000,,2026-04-28T14:35:04.527756+00:00
https://images.metmuseum.org/CRDImages/ao/original/vs1979_206_1082.jpg,false,0.21380400,250000,,2026-04-28T14:35:17.256417+00:00
https://images.metmuseum.org/CRDImages/ao/original/vs1985_415.jpg,false,0.20513200,250000,,2026-04-28T14:35:30.068916+00:00
https://images.metmuseum.org/CRDImages/ao/original/vs62_266_71.jpg,false,0.23780800,250000,,2026-04-28T14:32:58.068818+00:00
https://images.metmuseum.org/CRDImages/ao/original/vs63_232_56.jpg,false,0.04545077,192780,,2026-04-28T14:33:08.294023+00:00
https://images.metmuseum.org/CRDImages/ao/original/vs64_228_121.jpg,false,0.21950000,250000,,2026-04-28T14:34:07.275752+00:00
https://images.metmuseum.org/CRDImages/ao/original/vs64_228_132.jpg,false,0.28162000,250000,,2026-04-28T14:34:08.983622+00:00
https://images.metmuseum.org/CRDImages/ao/original/vs64_228_160.jpg,false,0.28207200,250000,,2026-04-28T14:34:11.004806+00:00
https://images.metmuseum.org/CRDImages/ao/original/vs64_228_177.jpg,false,0.55651600,250000,,2026-04-28T14:34:12.570671+00:00
https://images.metmuseum.org/CRDImages/ao/original/vs64_228_181.jpg,false,0.34748400,250000,,2026-04-28T14:34:13.578889+00:00
https://images.metmuseum.org/CRDImages/ao/original/vs64_228_189.jpg,false,0.17494400,250000,,2026-04-28T14:34:14.344803+00:00
https://images.metmuseum.org/CRDImages/ao/original/vs64_228_65.jpg,false,0.02251200,250000,,2026-04-28T14:33:26.649050+00:00
https://images.metmuseum.org/CRDImages/ao/original/vs67_239_1.jpg,false,0.35004000,250000,,2026-04-28T14:34:20.582953+00:00
https://images.metmuseum.org/CRDImages/ao/original/x.2.271.jpg,false,0.00001600,250000,,2026-04-28T14:35:45.027569+00:00
https://images.metmuseum.org/CRDImages/as/original/07_13_O1.jpg,false,0.09598268,200880,,2026-04-28T14:27:56.870985+00:00
https://images.metmuseum.org/CRDImages/as/original/09_194_4_O1_sf.jpg,false,0.00324400,250000,,2026-04-28T14:26:31.658669+00:00
https://images.metmuseum.org/CRDImages/as/original/09_70_65.jpg,true,1.00000000,250000,,2026-04-28T14:26:31.563723+00:00
https://images.metmuseum.org/CRDImages/as/original/09_85_O1_sf.jpg,false,0.00000000,250000,,2026-04-28T14:22:24.494725+00:00
https://images.metmuseum.org/CRDImages/as/original/103490.jpg,true,1.00000000,250000,,2026-04-28T14:24:00.241510+00:00
https://images.metmuseum.org/CRDImages/as/original/103493.jpg,true,1.00000000,250000,,2026-04-28T14:27:02.717094+00:00
https://images.metmuseum.org/CRDImages/as/original/103507.jpg,true,1.00000000,250000,,2026-04-28T14:19:41.127651+00:00
https://images.metmuseum.org/CRDImages/as/original/113563.jpg,true,1.00000000,250000,,2026-04-28T14:20:30.695337+00:00
https://images.metmuseum.org/CRDImages/as/original/116483.jpg,true,1.00000000,250000,,2026-04-28T14:22:08.741688+00:00
https://images.metmuseum.org/CRDImages/as/original/118148.jpg,true,1.00000000,250000,,2026-04-28T14:20:04.520839+00:00
https://images.metmuseum.org/CRDImages/as/original/118149.jpg,true,1.00000000,250000,,2026-04-28T14:20:03.301909+00:00
https://images.metmuseum.org/CRDImages/as/original/11_7_6.JPG,true,1.00000000,129054,,2026-04-28T14:23:39.739675+00:00
https://images.metmuseum.org/CRDImages/as/original/11_7_7.JPG,true,1.00000000,140751,,2026-04-28T14:23:36.612666+00:00
https://images.metmuseum.org/CRDImages/as/original/11_7_8.JPG,true,1.00000000,104622,,2026-04-28T14:23:39.678926+00:00
https://images.metmuseum.org/CRDImages/as/original/11_8_12.JPG,true,1.00000000,99752,,2026-04-28T14:23:50.001622+00:00
https://images.metmuseum.org/CRDImages/as/original/11_8_15_01.JPG,false,0.05144800,250000,,2026-04-28T14:23:49.828396+00:00
https://images.metmuseum.org/CRDImages/as/original/11_8_2.JPG,false,0.00169200,250000,,2026-04-28T14:27:34.345263+00:00
https://images.metmuseum.org/CRDImages/as/original/12_37_124_12310.jpg,true,1.00000000,250000,,2026-04-28T14:22:06.332447+00:00
https://images.metmuseum.org/CRDImages/as/original/12_37_125_12310.jpg,true,1.00000000,250000,,2026-04-28T14:27:56.955220+00:00
https://images.metmuseum.org/CRDImages/as/original/13108.jpg,true,1.00000000,250000,,2026-04-28T14:20:57.912083+00:00
https://images.metmuseum.org/CRDImages/as/original/13187.jpg,true,1.00000000,250000,,2026-04-28T14:22:29.952821+00:00
https://images.metmuseum.org/CRDImages/as/original/13190.jpg,true,1.00000000,250000,,2026-04-28T14:21:34.328808+00:00
https://images.metmuseum.org/CRDImages/as/original/13201.jpg,true,1.00000000,250000,,2026-04-28T14:27:45.827686+00:00
https://images.metmuseum.org/CRDImages/as/original/13220.jpg,true,1.00000000,250000,,2026-04-28T14:23:13.234884+00:00
https://images.metmuseum.org/CRDImages/as/original/13250.jpg,true,1.00000000,250000,,2026-04-28T14:21:49.527269+00:00
https://images.metmuseum.org/CRDImages/as/original/13252.jpg,true,1.00000000,250000,,2026-04-28T14:26:29.147311+00:00
https://images.metmuseum.org/CRDImages/as/original/13307.jpg,true,1.00000000,250000,,2026-04-28T14:24:14.863867+00:00
https://images.metmuseum.org/CRDImages/as/original/13314.jpg,true,1.00000000,250000,,2026-04-28T14:20:19.544258+00:00
https://images.metmuseum.org/CRDImages/as/original/13543.jpg,true,1.00000000,250000,,2026-04-28T14:22:51.968965+00:00
https://images.metmuseum.org/CRDImages/as/original/13551.jpg,true,1.00000000,250000,,2026-04-28T14:21:35.372218+00:00
https://images.metmuseum.org/CRDImages/as/original/13554.jpg,true,1.00000000,250000,,2026-04-28T14:24:16.409226+00:00
https://images.metmuseum.org/CRDImages/as/original/13561.jpg,true,1.00000000,250000,,2026-04-28T14:26:30.835085+00:00
https://images.metmuseum.org/CRDImages/as/original/136064.jpg,true,1.00000000,250000,,2026-04-28T14:28:07.885914+00:00
https://images.metmuseum.org/CRDImages/as/original/136069.jpg,true,1.00000000,250000,,2026-04-28T14:20:55.889885+00:00
https://images.metmuseum.org/CRDImages/as/original/136070.jpg,true,1.00000000,250000,,2026-04-28T14:20:55.938536+00:00
https://images.metmuseum.org/CRDImages/as/original/136073.jpg,true,1.00000000,250000,,2026-04-28T14:21:56.179352+00:00
https://images.metmuseum.org/CRDImages/as/original/136075.jpg,true,1.00000000,250000,,2026-04-28T14:21:58.752782+00:00
https://images.metmuseum.org/CRDImages/as/original/13706.jpg,true,1.00000000,250000,,2026-04-28T14:20:03.455521+00:00
https://images.metmuseum.org/CRDImages/as/original/13711.jpg,true,1.00000000,250000,,2026-04-28T14:21:51.616617+00:00
https://images.metmuseum.org/CRDImages/as/original/13713.jpg,true,1.00000000,250000,,2026-04-28T14:20:20.400918+00:00
https://images.metmuseum.org/CRDImages/as/original/13924.jpg,true,1.00000000,250000,,2026-04-28T14:23:13.556820+00:00
https://images.metmuseum.org/CRDImages/as/original/14624.jpg,true,1.00000000,250000,,2026-04-28T14:27:01.655657+00:00
https://images.metmuseum.org/CRDImages/as/original/147114.jpg,true,1.00000000,250000,,2026-04-28T14:25:08.854383+00:00
https://images.metmuseum.org/CRDImages/as/original/147122.jpg,true,1.00000000,250000,,2026-04-28T14:19:55.524942+00:00
https://images.metmuseum.org/CRDImages/as/original/149551.jpg,true,1.00000000,250000,,2026-04-28T14:27:32.556697+00:00
https://images.metmuseum.org/CRDImages/as/original/14_40_107_O1.jpg,false,0.00000000,250000,,2026-04-28T14:21:01.482311+00:00
https://images.metmuseum.org/CRDImages/as/original/14_40_109_S1_sf.jpg,false,0.00105600,250000,,2026-04-28T14:20:12.911404+00:00
https://images.metmuseum.org/CRDImages/as/original/14_40_10_S_sf.jpg,false,0.00014800,250000,,2026-04-28T14:20:13.081292+00:00
https://images.metmuseum.org/CRDImages/as/original/14_40_110_S_sf.jpg,false,0.00000000,250000,,2026-04-28T14:21:41.638612+00:00
https://images.metmuseum.org/CRDImages/as/original/14_40_119.jpg,false,0.00006000,250000,,2026-04-28T14:24:11.745406+00:00
https://images.metmuseum.org/CRDImages/as/original/14_40_11_O1_sf.jpg,false,0.00010400,250000,,2026-04-28T14:24:18.239082+00:00
https://images.metmuseum.org/CRDImages/as/original/14_40_126_O1.jpg,false,0.00000000,250000,,2026-04-28T14:21:01.165898+00:00
https://images.metmuseum.org/CRDImages/as/original/14_40_12_O1_sf.jpg,false,0.00000000,250000,,2026-04-28T14:21:40.959847+00:00
https://images.metmuseum.org/CRDImages/as/original/14_40_149_S1_sf.jpg,false,0.00057600,250000,,2026-04-28T14:21:45.513874+00:00
https://images.metmuseum.org/CRDImages/as/original/14_40_164_O1.jpg,false,0.00032000,250000,,2026-04-28T14:20:29.501930+00:00
https://images.metmuseum.org/CRDImages/as/original/14_40_167_O1.jpg,false,0.00000000,250000,,2026-04-28T14:20:59.903292+00:00
https://images.metmuseum.org/CRDImages/as/original/14_40_169_S_sf.jpg,false,0.00000000,250000,,2026-04-28T14:21:43.630407+00:00
https://images.metmuseum.org/CRDImages/as/original/14_40_171_S_sf.jpg,false,0.00000400,250000,,2026-04-28T14:21:45.677533+00:00
https://images.metmuseum.org/CRDImages/as/original/14_40_184_O1.jpg,false,0.00252400,250000,,2026-04-28T14:24:23.312511+00:00
https://images.metmuseum.org/CRDImages/as/original/14_40_187_O1_sf.jpg,false,0.36182800,250000,,2026-04-28T14:24:10.442273+00:00
https://images.metmuseum.org/CRDImages/as/original/14_40_18_O1.jpg,false,0.00034400,250000,,2026-04-28T14:21:01.253859+00:00
https://images.metmuseum.org/CRDImages/as/original/14_40_193_23454.jpg,true,1.00000000,250000,,2026-04-28T14:24:27.067632+00:00
https://images.metmuseum.org/CRDImages/as/original/14_40_198ab_O1.jpg,false,0.02397200,250000,,2026-04-28T14:24:34.418689+00:00
https://images.metmuseum.org/CRDImages/as/original/14_40_219_S1_sf.jpg,false,0.00109600,250000,,2026-04-28T14:24:22.532195+00:00
https://images.metmuseum.org/CRDImages/as/original/14_40_221_O1_sf.jpg,false,0.50960400,250000,,2026-04-28T14:24:10.699505+00:00
https://images.metmuseum.org/CRDImages/as/original/14_40_222_O1_sf.jpg,false,0.48245200,250000,,2026-04-28T14:20:08.651163+00:00
https://images.metmuseum.org/CRDImages/as/original/14_40_224_O2_sf.jpg,false,0.07520000,250000,,2026-04-28T14:20:33.748995+00:00
https://images.metmuseum.org/CRDImages/as/original/14_40_225_O1_sf.jpg,false,0.09294000,250000,,2026-04-28T14:24:36.389754+00:00
https://images.metmuseum.org/CRDImages/as/original/14_40_228_O1.jpg,false,0.02908000,250000,,2026-04-28T14:20:42.843368+00:00
https://images.metmuseum.org/CRDImages/as/original/14_40_22_S_sf.jpg,false,0.00002000,250000,,2026-04-28T14:24:41.126473+00:00
https://images.metmuseum.org/CRDImages/as/original/14_40_230_73805.jpg,true,1.00000000,250000,,2026-04-28T14:24:19.662641+00:00
https://images.metmuseum.org/CRDImages/as/original/14_40_237.jpg,true,1.00000000,250000,,2026-04-28T14:26:35.977671+00:00
https://images.metmuseum.org/CRDImages/as/original/14_40_240_S1_sf.jpg,false,0.00055200,250000,,2026-04-28T14:21:42.103329+00:00
https://images.metmuseum.org/CRDImages/as/original/14_40_24_O1_sf.jpg,false,0.00000000,250000,,2026-04-28T14:24:08.912809+00:00
https://images.metmuseum.org/CRDImages/as/original/14_40_257_S_sf.jpg,false,0.00003600,250000,,2026-04-28T14:21:45.213302+00:00
https://images.metmuseum.org/CRDImages/as/original/14_40_259ab_O1.jpg,false,0.00044800,250000,,2026-04-28T14:20:26.886846+00:00
https://images.metmuseum.org/CRDImages/as/original/14_40_264_S1_sf.jpg,false,0.00160000,250000,,2026-04-28T14:24:28.591382+00:00
https://images.metmuseum.org/CRDImages/as/original/14_40_265_S1_sf.jpg,false,0.00108000,250000,,2026-04-28T14:24:28.416675+00:00
https://images.metmuseum.org/CRDImages/as/original/14_40_282_O1.jpg,false,0.00060000,250000,,2026-04-28T14:21:02.353996+00:00
https://images.metmuseum.org/CRDImages/as/original/14_40_286ab_O1.jpg,false,0.00197600,250000,,2026-04-28T14:20:59.187104+00:00
https://images.metmuseum.org/CRDImages/as/original/14_40_28_O1.jpg,false,0.00000000,250000,,2026-04-28T14:21:02.702484+00:00
https://images.metmuseum.org/CRDImages/as/original/14_40_320_O1.jpg,false,0.00000000,250000,,2026-04-28T14:21:02.811602+00:00
https://images.metmuseum.org/CRDImages/as/original/14_40_323_O2.jpg,false,0.00000000,250000,,2026-04-28T14:21:01.036172+00:00
https://images.metmuseum.org/CRDImages/as/original/14_40_325_O1_sf.jpg,false,0.00000000,250000,,2026-04-28T14:21:41.127605+00:00
https://images.metmuseum.org/CRDImages/as/original/14_40_329_O2_sf.jpg,false,0.00020400,250000,,2026-04-28T14:21:50.377543+00:00
https://images.metmuseum.org/CRDImages/as/original/14_40_32_O.jpg,false,0.00805600,250000,,2026-04-28T14:21:06.030150+00:00
https://images.metmuseum.org/CRDImages/as/original/14_40_332_O1.jpg,false,0.47597600,250000,,2026-04-28T14:24:35.786442+00:00
https://images.metmuseum.org/CRDImages/as/original/14_40_344_S_sf.jpg,false,0.00000000,250000,,2026-04-28T14:21:44.773732+00:00
https://images.metmuseum.org/CRDImages/as/original/14_40_346_O1_sf.jpg,false,0.00000000,250000,,2026-04-28T14:21:40.607105+00:00
https://images.metmuseum.org/CRDImages/as/original/14_40_347_O2.jpg,false,0.00000000,250000,,2026-04-28T14:21:00.937817+00:00
https://images.metmuseum.org/CRDImages/as/original/14_40_350_S_sf.jpg,false,0.00023600,250000,,2026-04-28T14:21:44.609282+00:00
https://images.metmuseum.org/CRDImages/as/original/14_40_351_O1.jpg,false,0.00000000,250000,,2026-04-28T14:20:59.527687+00:00
https://images.metmuseum.org/CRDImages/as/original/14_40_354_S1_sf.jpg,false,0.00000000,250000,,2026-04-28T14:21:45.022339+00:00
https://images.metmuseum.org/CRDImages/as/original/14_40_358_S_sf.jpg,false,0.00000000,250000,,2026-04-28T14:21:43.195998+00:00
https://images.metmuseum.org/CRDImages/as/original/14_40_361_sf.jpg,false,0.06336400,250000,,2026-04-28T14:26:37.638798+00:00
https://images.metmuseum.org/CRDImages/as/original/14_40_36_O1_sf.jpg,false,0.00020000,250000,,2026-04-28T14:20:33.320881+00:00
https://images.metmuseum.org/CRDImages/as/original/14_40_373_O2_sf.jpg,false,0.00000000,250000,,2026-04-28T14:20:07.525560+00:00
https://images.metmuseum.org/CRDImages/as/original/14_40_394_O1.jpg,false,0.00550400,250000,,2026-04-28T14:24:39.302487+00:00
https://images.metmuseum.org/CRDImages/as/original/14_40_395_O1_sf.jpg,false,0.03465200,250000,,2026-04-28T14:24:22.239852+00:00
https://images.metmuseum.org/CRDImages/as/original/14_40_3_O1.jpg,false,0.00085600,250000,,2026-04-28T14:20:31.743710+00:00
https://images.metmuseum.org/CRDImages/as/original/14_40_403ab_sf.jpg,false,0.00814000,250000,,2026-04-28T14:26:47.839788+00:00
https://images.metmuseum.org/CRDImages/as/original/14_40_404_O1.jpg,false,0.00222400,250000,,2026-04-28T14:24:25.104240+00:00
https://images.metmuseum.org/CRDImages/as/original/14_40_407ab_sf.jpg,false,0.00010000,250000,,2026-04-28T14:24:38.634928+00:00
https://images.metmuseum.org/CRDImages/as/original/14_40_409_O1_sf.jpg,false,0.00000000,250000,,2026-04-28T14:24:20.073085+00:00
https://images.metmuseum.org/CRDImages/as/original/14_40_411_O2_sf.jpg,false,0.00000000,250000,,2026-04-28T14:24:07.043807+00:00
https://images.metmuseum.org/CRDImages/as/original/14_40_412_O1_sf.jpg,false,0.42505200,250000,,2026-04-28T14:20:51.903921+00:00
https://images.metmuseum.org/CRDImages/as/original/14_40_417_O1_sf.jpg,false,0.07625200,250000,,2026-04-28T14:24:11.549691+00:00
https://images.metmuseum.org/CRDImages/as/original/14_40_418_sf.jpg,false,0.00058800,250000,,2026-04-28T14:01:10.523757+00:00
https://images.metmuseum.org/CRDImages/as/original/14_40_420_O1_sf.jpg,false,0.22919200,250000,,2026-04-28T14:24:11.303377+00:00
https://images.metmuseum.org/CRDImages/as/original/14_40_421_O2_sf.jpg,false,0.08427200,250000,,2026-04-28T14:20:51.110623+00:00
https://images.metmuseum.org/CRDImages/as/original/14_40_428_O2_sf.jpg,false,0.36988000,250000,,2026-04-28T14:20:44.127026+00:00
https://images.metmuseum.org/CRDImages/as/original/14_40_46_O1.jpg,false,0.00000400,250000,,2026-04-28T14:21:01.803635+00:00
https://images.metmuseum.org/CRDImages/as/original/14_40_52_O1.jpg,false,0.00013200,250000,,2026-04-28T14:21:03.138212+00:00
https://images.metmuseum.org/CRDImages/as/original/14_40_57_O1_sf.jpg,false,0.00000000,250000,,2026-04-28T14:21:09.946780+00:00
https://images.metmuseum.org/CRDImages/as/original/14_40_59_O1.jpg,false,0.00349600,250000,,2026-04-28T14:24:24.763339+00:00
https://images.metmuseum.org/CRDImages/as/original/14_40_5_O1.jpg,false,0.00000000,250000,,2026-04-28T14:20:58.588165+00:00
https://images.metmuseum.org/CRDImages/as/original/14_40_64_O1.jpg,false,0.00000800,250000,,2026-04-28T14:21:03.022619+00:00
https://images.metmuseum.org/CRDImages/as/original/14_40_69_O1.jpg,false,0.00000400,250000,,2026-04-28T14:21:01.680686+00:00
https://images.metmuseum.org/CRDImages/as/original/14_40_75_O1.jpg,false,0.00000400,250000,,2026-04-28T14:21:02.018188+00:00
https://images.metmuseum.org/CRDImages/as/original/14_40_7_O1.jpg,false,0.01395200,250000,,2026-04-28T14:20:59.769690+00:00
https://images.metmuseum.org/CRDImages/as/original/14_40_86_23363.jpg,true,1.00000000,250000,,2026-04-28T14:24:25.451278+00:00
https://images.metmuseum.org/CRDImages/as/original/14_40_87_O2.jpg,false,0.00014800,250000,,2026-04-28T14:24:24.547844+00:00
https://images.metmuseum.org/CRDImages/as/original/150349.jpg,true,1.00000000,250000,,2026-04-28T14:23:44.508342+00:00
https://images.metmuseum.org/CRDImages/as/original/158305.jpg,true,1.00000000,250000,,2026-04-28T14:20:43.756102+00:00
https://images.metmuseum.org/CRDImages/as/original/15877.jpg,true,1.00000000,250000,,2026-04-28T14:22:16.542299+00:00
https://images.metmuseum.org/CRDImages/as/original/15878.jpg,true,1.00000000,250000,,2026-04-28T14:20:22.518263+00:00
https://images.metmuseum.org/CRDImages/as/original/15879.jpg,true,1.00000000,250000,,2026-04-28T14:22:47.448499+00:00
https://images.metmuseum.org/CRDImages/as/original/15880.jpg,true,1.00000000,250000,,2026-04-28T14:23:14.231712+00:00
https://images.metmuseum.org/CRDImages/as/original/15883.jpg,true,1.00000000,250000,,2026-04-28T14:23:26.607510+00:00
https://images.metmuseum.org/CRDImages/as/original/15884.jpg,true,1.00000000,250000,,2026-04-28T14:23:10.910698+00:00
https://images.metmuseum.org/CRDImages/as/original/15889.jpg,true,1.00000000,250000,,2026-04-28T14:22:14.778162+00:00
https://images.metmuseum.org/CRDImages/as/original/15902.jpg,true,1.00000000,250000,,2026-04-28T14:22:25.540182+00:00
https://images.metmuseum.org/CRDImages/as/original/15903.jpg,true,1.00000000,250000,,2026-04-28T14:22:27.068446+00:00
https://images.metmuseum.org/CRDImages/as/original/15904.jpg,true,1.00000000,250000,,2026-04-28T14:22:37.449313+00:00
https://images.metmuseum.org/CRDImages/as/original/15905.jpg,true,1.00000000,250000,,2026-04-28T14:22:26.493476+00:00
https://images.metmuseum.org/CRDImages/as/original/15906.jpg,true,1.00000000,250000,,2026-04-28T14:22:46.836246+00:00
https://images.metmuseum.org/CRDImages/as/original/15907.jpg,true,1.00000000,250000,,2026-04-28T14:21:55.045100+00:00
https://images.metmuseum.org/CRDImages/as/original/15912.jpg,true,1.00000000,250000,,2026-04-28T14:22:25.245687+00:00
https://images.metmuseum.org/CRDImages/as/original/15916.jpg,true,1.00000000,250000,,2026-04-28T14:22:36.453684+00:00
https://images.metmuseum.org/CRDImages/as/original/15917.jpg,true,1.00000000,250000,,2026-04-28T14:22:41.256284+00:00
https://images.metmuseum.org/CRDImages/as/original/15919.jpg,true,1.00000000,250000,,2026-04-28T14:22:26.769189+00:00
https://images.metmuseum.org/CRDImages/as/original/15937.jpg,true,1.00000000,250000,,2026-04-28T14:21:53.896847+00:00
https://images.metmuseum.org/CRDImages/as/original/15941.jpg,true,1.00000000,250000,,2026-04-28T14:22:48.818030+00:00
https://images.metmuseum.org/CRDImages/as/original/15942.jpg,true,1.00000000,250000,,2026-04-28T14:22:27.649759+00:00
https://images.metmuseum.org/CRDImages/as/original/15964.jpg,true,1.00000000,250000,,2026-04-28T14:22:40.573585+00:00
https://images.metmuseum.org/CRDImages/as/original/15966.jpg,true,1.00000000,250000,,2026-04-28T14:23:08.489595+00:00
https://images.metmuseum.org/CRDImages/as/original/15967.jpg,true,1.00000000,250000,,2026-04-28T14:22:03.165072+00:00
https://images.metmuseum.org/CRDImages/as/original/15974.jpg,true,1.00000000,250000,,2026-04-28T14:21:51.046839+00:00
https://images.metmuseum.org/CRDImages/as/original/15976.jpg,true,1.00000000,250000,,2026-04-28T14:23:10.539160+00:00
https://images.metmuseum.org/CRDImages/as/original/15985.jpg,true,1.00000000,250000,,2026-04-28T14:22:49.416987+00:00
https://images.metmuseum.org/CRDImages/as/original/15986.jpg,true,1.00000000,250000,,2026-04-28T14:21:56.825279+00:00
https://images.metmuseum.org/CRDImages/as/original/15_124_O1_sf.jpg,false,0.00000000,250000,,2026-04-28T14:23:37.782432+00:00
https://images.metmuseum.org/CRDImages/as/original/15_158_O1.jpg,false,0.18435600,250000,,2026-04-28T14:24:00.625619+00:00
https://images.metmuseum.org/CRDImages/as/original/15_160_1.JPG,false,0.00051200,250000,,2026-04-28T14:27:36.079610+00:00
https://images.metmuseum.org/CRDImages/as/original/15_160_2.JPG,false,0.00358400,250000,,2026-04-28T14:27:36.176463+00:00
https://images.metmuseum.org/CRDImages/as/original/15_160_21.JPG,false,0.00259200,250000,,2026-04-28T14:27:36.680090+00:00
https://images.metmuseum.org/CRDImages/as/original/15_160_3.JPG,false,0.00547200,250000,,2026-04-28T14:27:36.500600+00:00
https://images.metmuseum.org/CRDImages/as/original/15_160_4.JPG,false,0.00000000,250000,,2026-04-28T14:27:36.595875+00:00
https://images.metmuseum.org/CRDImages/as/original/15_162_3_01.JPG,false,0.08915600,250000,,2026-04-28T14:23:55.546789+00:00
https://images.metmuseum.org/CRDImages/as/original/15_162_4_O1_sf.jpg,false,0.08392400,250000,,2026-04-28T14:23:57.614897+00:00
https://images.metmuseum.org/CRDImages/as/original/15_29_10_side.JPG,false,0.00344000,250000,,2026-04-28T14:27:35.244342+00:00
https://images.metmuseum.org/CRDImages/as/original/15_29_11_side.JPG,false,0.00036800,250000,,2026-04-28T14:27:35.440503+00:00
https://images.metmuseum.org/CRDImages/as/original/15_29_12.JPG,false,0.19318400,250000,,2026-04-28T14:19:27.448395+00:00
https://images.metmuseum.org/CRDImages/as/original/15_29_13.JPG,false,0.00000000,250000,,2026-04-28T14:27:35.557802+00:00
https://images.metmuseum.org/CRDImages/as/original/15_29_15.JPG,false,0.28866800,250000,,2026-04-28T14:27:35.657035+00:00
https://images.metmuseum.org/CRDImages/as/original/15_29_16.JPG,false,0.03000800,250000,,2026-04-28T14:27:35.752422+00:00
https://images.metmuseum.org/CRDImages/as/original/15_29_2.JPG,false,0.00218800,250000,,2026-04-28T14:27:34.463184+00:00
https://images.metmuseum.org/CRDImages/as/original/15_29_29.JPG,false,0.00004000,250000,,2026-04-28T14:27:35.969566+00:00
https://images.metmuseum.org/CRDImages/as/original/15_29_3.JPG,false,0.04505600,250000,,2026-04-28T14:27:34.576138+00:00
https://images.metmuseum.org/CRDImages/as/original/15_29_4.JPG,false,0.00146400,250000,,2026-04-28T14:27:34.698093+00:00
https://images.metmuseum.org/CRDImages/as/original/15_29_5.JPG,false,0.00051200,250000,,2026-04-28T14:27:34.892585+00:00
https://images.metmuseum.org/CRDImages/as/original/15_29_8_side.JPG,false,0.17332400,250000,,2026-04-28T14:27:34.984057+00:00
https://images.metmuseum.org/CRDImages/as/original/15_29_9.JPG,false,0.00108800,250000,,2026-04-28T14:27:35.146369+00:00
https://images.metmuseum.org/CRDImages/as/original/16027.jpg,true,1.00000000,250000,,2026-04-28T14:27:52.468296+00:00
https://images.metmuseum.org/CRDImages/as/original/16028.jpg,true,1.00000000,250000,,2026-04-28T14:23:08.927732+00:00
https://images.metmuseum.org/CRDImages/as/original/16029.jpg,true,1.00000000,250000,,2026-04-28T14:21:58.626725+00:00
https://images.metmuseum.org/CRDImages/as/original/16053.jpg,true,1.00000000,250000,,2026-04-28T14:22:27.325058+00:00
https://images.metmuseum.org/CRDImages/as/original/16055.jpg,true,1.00000000,250000,,2026-04-28T14:27:53.016229+00:00
https://images.metmuseum.org/CRDImages/as/original/16056.jpg,true,1.00000000,250000,,2026-04-28T14:23:09.848945+00:00
https://images.metmuseum.org/CRDImages/as/original/16062.jpg,true,1.00000000,250000,,2026-04-28T14:21:18.907516+00:00
https://images.metmuseum.org/CRDImages/as/original/16063.jpg,true,1.00000000,250000,,2026-04-28T14:22:46.545172+00:00
https://images.metmuseum.org/CRDImages/as/original/16064.jpg,true,1.00000000,250000,,2026-04-28T14:21:55.230275+00:00
https://images.metmuseum.org/CRDImages/as/original/16073.jpg,true,1.00000000,250000,,2026-04-28T14:27:48.704907+00:00
https://images.metmuseum.org/CRDImages/as/original/16074.jpg,true,1.00000000,250000,,2026-04-28T14:22:55.986501+00:00
https://images.metmuseum.org/CRDImages/as/original/16075.jpg,true,1.00000000,250000,,2026-04-28T14:27:53.105852+00:00
https://images.metmuseum.org/CRDImages/as/original/16117.jpg,true,1.00000000,250000,,2026-04-28T14:27:50.613571+00:00
https://images.metmuseum.org/CRDImages/as/original/16119.jpg,true,1.00000000,250000,,2026-04-28T14:23:27.726014+00:00
https://images.metmuseum.org/CRDImages/as/original/16120.jpg,true,1.00000000,250000,,2026-04-28T14:22:42.530064+00:00
https://images.metmuseum.org/CRDImages/as/original/16133.jpg,true,1.00000000,250000,,2026-04-28T14:22:31.797615+00:00
https://images.metmuseum.org/CRDImages/as/original/16166.jpg,true,1.00000000,250000,,2026-04-28T14:22:55.662068+00:00
https://images.metmuseum.org/CRDImages/as/original/16169.jpg,true,1.00000000,250000,,2026-04-28T14:22:52.502439+00:00
https://images.metmuseum.org/CRDImages/as/original/16171.jpg,true,1.00000000,250000,,2026-04-28T14:22:00.523572+00:00
https://images.metmuseum.org/CRDImages/as/original/16173.jpg,true,1.00000000,250000,,2026-04-28T14:22:01.270098+00:00
https://images.metmuseum.org/CRDImages/as/original/16178.jpg,true,1.00000000,250000,,2026-04-28T14:22:25.904171+00:00
https://images.metmuseum.org/CRDImages/as/original/16179.jpg,true,1.00000000,250000,,2026-04-28T14:22:05.521756+00:00
https://images.metmuseum.org/CRDImages/as/original/16184.jpg,true,1.00000000,250000,,2026-04-28T14:22:43.027568+00:00
https://images.metmuseum.org/CRDImages/as/original/16185.jpg,true,1.00000000,250000,,2026-04-28T14:22:38.002035+00:00
https://images.metmuseum.org/CRDImages/as/original/16186.jpg,true,1.00000000,250000,,2026-04-28T14:22:16.008819+00:00
https://images.metmuseum.org/CRDImages/as/original/16187.jpg,true,1.00000000,250000,,2026-04-28T14:22:55.354405+00:00
https://images.metmuseum.org/CRDImages/as/original/16188.jpg,true,1.00000000,250000,,2026-04-28T14:21:57.620789+00:00
https://images.metmuseum.org/CRDImages/as/original/16192.jpg,true,1.00000000,250000,,2026-04-28T14:22:46.249057+00:00
https://images.metmuseum.org/CRDImages/as/original/16194.jpg,true,1.00000000,250000,,2026-04-28T14:20:20.221935+00:00
https://images.metmuseum.org/CRDImages/as/original/16197.jpg,true,1.00000000,250000,,2026-04-28T14:22:45.709684+00:00
https://images.metmuseum.org/CRDImages/as/original/16198.jpg,true,1.00000000,250000,,2026-04-28T14:23:27.134169+00:00
https://images.metmuseum.org/CRDImages/as/original/16199.jpg,true,1.00000000,250000,,2026-04-28T14:23:27.314734+00:00
https://images.metmuseum.org/CRDImages/as/original/16229.jpg,true,1.00000000,250000,,2026-04-28T14:23:23.532964+00:00
https://images.metmuseum.org/CRDImages/as/original/16230.jpg,true,1.00000000,250000,,2026-04-28T14:22:18.194399+00:00
https://images.metmuseum.org/CRDImages/as/original/16233.jpg,true,1.00000000,250000,,2026-04-28T14:22:31.550863+00:00
https://images.metmuseum.org/CRDImages/as/original/16265.jpg,true,1.00000000,250000,,2026-04-28T14:22:03.637085+00:00
https://images.metmuseum.org/CRDImages/as/original/16272.jpg,true,1.00000000,250000,,2026-04-28T14:20:18.216249+00:00
https://images.metmuseum.org/CRDImages/as/original/16_139_01.jpg,false,0.00015200,250000,,2026-04-28T14:20:05.087071+00:00
https://images.metmuseum.org/CRDImages/as/original/16_165_O1.jpg,false,0.03025600,250000,,2026-04-28T14:27:02.563292+00:00
https://images.metmuseum.org/CRDImages/as/original/16_20_1_TQ.jpg,false,0.00026000,250000,,2026-04-28T14:25:19.035522+00:00
https://images.metmuseum.org/CRDImages/as/original/16_45_01.JPG,false,0.00443200,250000,,2026-04-28T14:21:31.545170+00:00
https://images.metmuseum.org/CRDImages/as/original/16_50_O1_sf.jpg,false,0.00000000,250000,,2026-04-28T14:23:59.695710+00:00
https://images.metmuseum.org/CRDImages/as/original/16_51_3_S1_sf.jpg,false,0.00004000,250000,,2026-04-28T14:21:23.509144+00:00
https://images.metmuseum.org/CRDImages/as/original/16_51_5_O1_sf.jpg,false,0.17873200,250000,,2026-04-28T14:21:26.961610+00:00
https://images.metmuseum.org/CRDImages/as/original/171137.jpg,true,1.00000000,250000,,2026-04-28T14:20:54.211544+00:00
https://images.metmuseum.org/CRDImages/as/original/172443.jpg,true,1.00000000,250000,,2026-04-28T14:24:30.602222+00:00
https://images.metmuseum.org/CRDImages/as/original/172456.jpg,true,1.00000000,250000,,2026-04-28T14:20:30.544573+00:00
https://images.metmuseum.org/CRDImages/as/original/172457.jpg,true,1.00000000,250000,,2026-04-28T14:24:52.904433+00:00
https://images.metmuseum.org/CRDImages/as/original/172461.jpg,true,1.00000000,250000,,2026-04-28T14:26:33.617486+00:00
https://images.metmuseum.org/CRDImages/as/original/173569.jpg,true,1.00000000,250000,,2026-04-28T14:24:35.511275+00:00
https://images.metmuseum.org/CRDImages/as/original/173571.jpg,true,1.00000000,250000,,2026-04-28T14:25:59.656174+00:00
https://images.metmuseum.org/CRDImages/as/original/173579.jpg,true,1.00000000,250000,,2026-04-28T14:25:43.002565+00:00
https://images.metmuseum.org/CRDImages/as/original/174827.jpg,true,1.00000000,250000,,2026-04-28T14:19:26.090910+00:00
https://images.metmuseum.org/CRDImages/as/original/17_118_26_O1_sf.jpg,false,0.00000000,250000,,2026-04-28T14:22:23.846775+00:00
https://images.metmuseum.org/CRDImages/as/original/17_118_2a_O1_sf.jpg,false,0.00654800,250000,,2026-04-28T14:27:11.414000+00:00
https://images.metmuseum.org/CRDImages/as/original/17_118_33_S1_sf.jpg,false,0.00006400,250000,,2026-04-28T14:24:22.793005+00:00
https://images.metmuseum.org/CRDImages/as/original/17_118_5ab_O1_sf.jpg,false,0.00156400,250000,,2026-04-28T14:23:34.337123+00:00
https://images.metmuseum.org/CRDImages/as/original/17_118_8ab_O1.jpg,false,0.00292000,250000,,2026-04-28T14:22:44.310710+00:00
https://images.metmuseum.org/CRDImages/as/original/17_120_147_O1_sf.jpg,false,0.13982000,250000,,2026-04-28T14:20:25.026938+00:00
https://images.metmuseum.org/CRDImages/as/original/17_120_149_S1_sf.jpg,false,0.00068400,250000,,2026-04-28T14:27:27.463471+00:00
https://images.metmuseum.org/CRDImages/as/original/17_120_154_O1_sf.jpg,false,0.00199600,250000,,2026-04-28T14:20:31.570524+00:00
https://images.metmuseum.org/CRDImages/as/original/17_120_156_O1_sf.jpg,false,0.20062400,250000,,2026-04-28T14:21:31.655988+00:00
https://images.metmuseum.org/CRDImages/as/original/17_120_160_O2_sf.jpg,false,0.24503200,250000,,2026-04-28T14:27:19.760523+00:00
https://images.metmuseum.org/CRDImages/as/original/17_120_161_02.JPG,false,0.04542000,250000,,2026-04-28T14:23:57.867364+00:00
https://images.metmuseum.org/CRDImages/as/original/17_120_164_O1_sf.jpg,false,0.34678400,250000,,2026-04-28T14:23:59.996015+00:00
https://images.metmuseum.org/CRDImages/as/original/17_120_169_O1_sf.jpg,false,0.00000000,250000,,2026-04-28T14:22:24.139876+00:00
https://images.metmuseum.org/CRDImages/as/original/17_120_174_O1_sf.jpg,false,0.15744400,250000,,2026-04-28T14:27:20.320975+00:00
https://images.metmuseum.org/CRDImages/as/original/17_120_178_S1_sf.jpg,false,0.00024800,250000,,2026-04-28T14:27:28.166764+00:00
https://images.metmuseum.org/CRDImages/as/original/17_120_185_O1_sf.jpg,false,0.04302400,250000,,2026-04-28T14:24:37.734256+00:00
https://images.metmuseum.org/CRDImages/as/original/17_120_186ab_O1_sf.jpg,false,0.00133600,250000,,2026-04-28T14:20:06.484344+00:00
https://images.metmuseum.org/CRDImages/as/original/17_120_189_O2_sf.jpg,false,0.02266400,250000,,2026-04-28T14:24:36.641812+00:00
https://images.metmuseum.org/CRDImages/as/original/17_120_190ab_O1_sf.jpg,false,0.00634000,250000,,2026-04-28T14:20:04.678739+00:00
https://images.metmuseum.org/CRDImages/as/original/17_120_191_O1_sf.jpg,false,0.00221600,250000,,2026-04-28T14:20:34.264298+00:00
https://images.metmuseum.org/CRDImages/as/original/17_120_195_O1.jpg,false,0.00011200,250000,,2026-04-28T14:20:42.961200+00:00
https://images.metmuseum.org/CRDImages/as/original/17_120_198_S1_sf.jpg,false,0.00019600,250000,,2026-04-28T14:22:12.657950+00:00
https://images.metmuseum.org/CRDImages/as/original/17_120_199_O1_sf.jpg,false,0.00061600,250000,,2026-04-28T14:20:09.356900+00:00
https://images.metmuseum.org/CRDImages/as/original/17_120_254_O1_sf.jpg,false,0.40843200,250000,,2026-04-28T14:20:08.896138+00:00
https://images.metmuseum.org/CRDImages/as/original/17_120_255_O1_sf.jpg,false,0.19308400,250000,,2026-04-28T14:20:02.572534+00:00
https://images.metmuseum.org/CRDImages/as/original/17_169_O1_sf.jpg,false,0.04857600,250000,,2026-04-28T14:20:23.813431+00:00
https://images.metmuseum.org/CRDImages/as/original/17_175_14ab.JPG,true,1.00000000,250000,,2026-04-28T14:25:26.989007+00:00
https://images.metmuseum.org/CRDImages/as/original/17_175_4ab_S1_sf.jpg,false,0.00000000,250000,,2026-04-28T14:24:42.176281+00:00
https://images.metmuseum.org/CRDImages/as/original/17_175_5_TQ.jpg,false,0.00025600,250000,,2026-04-28T14:25:19.725386+00:00
https://images.metmuseum.org/CRDImages/as/original/17_175_7_S_sf.jpg,false,0.00000000,250000,,2026-04-28T14:23:37.609551+00:00
https://images.metmuseum.org/CRDImages/as/original/17_177_S1_sf.jpg,false,0.00014800,250000,,2026-04-28T14:27:03.341081+00:00
https://images.metmuseum.org/CRDImages/as/original/17_26_3_O1_sf.jpg,false,0.00704400,250000,,2026-04-28T14:26:50.014852+00:00
https://images.metmuseum.org/CRDImages/as/original/17_30_3_O1.jpg,false,0.00027600,250000,,2026-04-28T14:25:19.869004+00:00
https://images.metmuseum.org/CRDImages/as/original/17_61_O1_sf.jpg,false,0.00690400,250000,,2026-04-28T14:27:15.571282+00:00
https://images.metmuseum.org/CRDImages/as/original/17_65_01.jpg,false,0.07767600,250000,,2026-04-28T14:23:55.732012+00:00
https://images.metmuseum.org/CRDImages/as/original/180482.jpg,true,1.00000000,250000,,2026-04-28T14:24:46.120191+00:00
https://images.metmuseum.org/CRDImages/as/original/181176.jpg,true,1.00000000,250000,,2026-04-28T14:19:24.409276+00:00
https://images.metmuseum.org/CRDImages/as/original/181347.jpg,true,1.00000000,250000,,2026-04-28T14:26:57.405767+00:00
https://images.metmuseum.org/CRDImages/as/original/182483.jpg,true,1.00000000,250000,,2026-04-28T14:23:52.108904+00:00
https://images.metmuseum.org/CRDImages/as/original/182484.jpg,true,1.00000000,250000,,2026-04-28T14:25:38.472915+00:00
https://images.metmuseum.org/CRDImages/as/original/182485.jpg,true,1.00000000,250000,,2026-04-28T14:25:37.977299+00:00
https://images.metmuseum.org/CRDImages/as/original/182486.jpg,true,1.00000000,250000,,2026-04-28T14:25:37.705378+00:00
https://images.metmuseum.org/CRDImages/as/original/182488.jpg,true,1.00000000,250000,,2026-04-28T14:23:47.619979+00:00
https://images.metmuseum.org/CRDImages/as/original/182489.jpg,true,1.00000000,250000,,2026-04-28T14:23:52.335115+00:00
https://images.metmuseum.org/CRDImages/as/original/182497.jpg,true,1.00000000,250000,,2026-04-28T14:23:48.754823+00:00
https://images.metmuseum.org/CRDImages/as/original/182520.jpg,true,1.00000000,250000,,2026-04-28T14:23:49.107204+00:00
https://images.metmuseum.org/CRDImages/as/original/183353.jpg,true,1.00000000,250000,,2026-04-28T14:24:00.476250+00:00
https://images.metmuseum.org/CRDImages/as/original/183424.jpg,true,1.00000000,250000,,2026-04-28T14:23:44.701194+00:00
https://images.metmuseum.org/CRDImages/as/original/185587.jpg,true,1.00000000,250000,,2026-04-28T14:24:48.528181+00:00
https://images.metmuseum.org/CRDImages/as/original/185650.jpg,true,1.00000000,250000,,2026-04-28T14:28:01.295207+00:00
https://images.metmuseum.org/CRDImages/as/original/186319.jpg,true,1.00000000,250000,,2026-04-28T14:21:47.790123+00:00
https://images.metmuseum.org/CRDImages/as/original/18738.jpg,true,1.00000000,250000,,2026-04-28T14:20:25.379235+00:00
https://images.metmuseum.org/CRDImages/as/original/187600.jpg,true,1.00000000,250000,,2026-04-28T14:24:16.757694+00:00
https://images.metmuseum.org/CRDImages/as/original/18800.jpg,true,1.00000000,250000,,2026-04-28T14:26:32.204144+00:00
https://images.metmuseum.org/CRDImages/as/original/188267.jpg,true,1.00000000,250000,,2026-04-28T14:21:44.554995+00:00
https://images.metmuseum.org/CRDImages/as/original/188933.jpg,true,1.00000000,250000,,2026-04-28T14:25:14.959648+00:00
https://images.metmuseum.org/CRDImages/as/original/189735.jpg,true,1.00000000,250000,,2026-04-28T14:23:54.711262+00:00
https://images.metmuseum.org/CRDImages/as/original/18_56_16_O1_sf.jpg,false,0.00083200,250000,,2026-04-28T14:20:23.332264+00:00
https://images.metmuseum.org/CRDImages/as/original/18_56_70_O1_sf.jpg,false,0.00347600,250000,,2026-04-28T14:27:13.639668+00:00
https://images.metmuseum.org/CRDImages/as/original/18_56_82_O6.JPG,false,0.46078800,250000,,2026-04-28T14:27:06.279206+00:00
https://images.metmuseum.org/CRDImages/as/original/18_57_1_TQ.jpg,false,0.00004800,250000,,2026-04-28T14:24:52.025911+00:00
https://images.metmuseum.org/CRDImages/as/original/18_57_4_39101.jpg,true,1.00000000,250000,,2026-04-28T14:27:03.048436+00:00
https://images.metmuseum.org/CRDImages/as/original/18_69_2_O1_sf.jpg,false,0.00009200,250000,,2026-04-28T14:24:12.215632+00:00
https://images.metmuseum.org/CRDImages/as/original/18_97_1_O1_sf.jpg,false,0.00000000,250000,,2026-04-28T14:27:29.487121+00:00
https://images.metmuseum.org/CRDImages/as/original/195319.jpg,true,1.00000000,250000,,2026-04-28T14:20:07.021118+00:00
https://images.metmuseum.org/CRDImages/as/original/1970_215_O1_sf.jpg,false,0.00006400,250000,,2026-04-28T14:25:29.927542+00:00
https://images.metmuseum.org/CRDImages/as/original/1970_3ab_O3_sf.jpg,false,0.03224000,250000,,2026-04-28T14:25:29.653218+00:00
https://images.metmuseum.org/CRDImages/as/original/1972_275_2_199237.jpg,true,1.00000000,250000,,2026-04-28T14:25:30.430488+00:00
https://images.metmuseum.org/CRDImages/as/original/1973_334_2.JPG,true,1.00000000,250000,,2026-04-28T14:00:51.070997+00:00
https://images.metmuseum.org/CRDImages/as/original/1974_356_52_O1_sf.jpg,false,0.08954400,250000,,2026-04-28T14:21:26.788563+00:00
https://images.metmuseum.org/CRDImages/as/original/1974_356_53_01.JPG,false,0.00034400,250000,,2026-04-28T14:25:30.621678+00:00
https://images.metmuseum.org/CRDImages/as/original/1974_356_73_01.JPG,false,0.00017200,250000,,2026-04-28T14:21:26.692034+00:00
https://images.metmuseum.org/CRDImages/as/original/1974_369_3_205577.jpg,true,1.00000000,250000,,2026-04-28T14:25:31.559560+00:00
https://images.metmuseum.org/CRDImages/as/original/1974_369_7_O1_sf.jpg,false,0.19610800,250000,,2026-04-28T14:21:14.047376+00:00
https://images.metmuseum.org/CRDImages/as/original/1975_268_432.JPG,true,1.00000000,250000,,2026-04-28T14:28:29.025479+00:00
https://images.metmuseum.org/CRDImages/as/original/1975_268_473_S1_sf.jpg,false,0.00003200,250000,,2026-04-28T14:19:57.047738+00:00
https://images.metmuseum.org/CRDImages/as/original/1975_325_6.jpg,true,1.00000000,250000,,2026-04-28T14:20:00.001859+00:00
https://images.metmuseum.org/CRDImages/as/original/1977_449_10.jpg,false,0.00926000,250000,,2026-04-28T14:25:32.729605+00:00
https://images.metmuseum.org/CRDImages/as/original/1977_449_4.jpg,false,0.00533200,250000,,2026-04-28T14:25:32.202432+00:00
https://images.metmuseum.org/CRDImages/as/original/1977_449_8.jpg,false,0.01388400,250000,,2026-04-28T14:25:32.391436+00:00
https://images.metmuseum.org/CRDImages/as/original/1977_449_9.jpg,false,0.01169200,250000,,2026-04-28T14:25:32.524130+00:00
https://images.metmuseum.org/CRDImages/as/original/197834.jpg,true,1.00000000,250000,,2026-04-28T14:20:11.966455+00:00
https://images.metmuseum.org/CRDImages/as/original/1978_264_2_O1.jpg,false,0.01802400,250000,,2026-04-28T14:25:10.036964+00:00
https://images.metmuseum.org/CRDImages/as/original/198066.jpg,true,1.00000000,250000,,2026-04-28T14:20:00.394301+00:00
https://images.metmuseum.org/CRDImages/as/original/198068.jpg,true,1.00000000,250000,,2026-04-28T14:25:22.135702+00:00
https://images.metmuseum.org/CRDImages/as/original/1980_269.JPG,false,0.00432400,250000,,2026-04-28T14:27:39.138578+00:00
https://images.metmuseum.org/CRDImages/as/original/1981_401.jpg,false,0.00964400,250000,,2026-04-28T14:27:39.246630+00:00
https://images.metmuseum.org/CRDImages/as/original/1984_498_2_237966.jpg,true,1.00000000,250000,,2026-04-28T14:00:47.985727+00:00
https://images.metmuseum.org/CRDImages/as/original/1984_498_3_237967.jpg,true,1.00000000,250000,,2026-04-28T14:00:53.488922+00:00
https://images.metmuseum.org/CRDImages/as/original/1985_220_2_O_sf.jpg,false,0.01409600,250000,,2026-04-28T14:25:31.186628+00:00
https://images.metmuseum.org/CRDImages/as/original/1985_334_2.jpg,false,0.00785200,250000,,2026-04-28T14:25:31.027867+00:00
https://images.metmuseum.org/CRDImages/as/original/1985_400_18_S1.jpg,false,0.00462000,250000,,2026-04-28T14:28:29.992163+00:00
https://images.metmuseum.org/CRDImages/as/original/1986_299ab.jpg,false,0.00011200,250000,,2026-04-28T14:00:48.381376+00:00
https://images.metmuseum.org/CRDImages/as/original/1986_505_1_243160.jpg,true,1.00000000,250000,,2026-04-28T14:00:49.187025+00:00
https://images.metmuseum.org/CRDImages/as/original/1986_506_10ab.jpg,false,0.01100400,250000,,2026-04-28T14:00:48.091639+00:00
https://images.metmuseum.org/CRDImages/as/original/1986_506_1_264829.jpg,true,1.00000000,250000,,2026-04-28T14:00:47.389426+00:00
https://images.metmuseum.org/CRDImages/as/original/1986_506_2.JPG,true,1.00000000,250000,,2026-04-28T14:00:47.657049+00:00
https://images.metmuseum.org/CRDImages/as/original/1986_506_3ab_O1.jpg,true,1.00000000,250000,,2026-04-28T14:00:47.723724+00:00
https://images.metmuseum.org/CRDImages/as/original/1986_506_4ab_O1.jpg,true,1.00000000,250000,,2026-04-28T14:00:48.210879+00:00
https://images.metmuseum.org/CRDImages/as/original/1986_506_5.JPG,true,1.00000000,250000,,2026-04-28T14:00:47.460120+00:00
https://images.metmuseum.org/CRDImages/as/original/1986_506_6.JPG,true,1.00000000,250000,,2026-04-28T14:00:47.527830+00:00
https://images.metmuseum.org/CRDImages/as/original/1986_506_9_264829.jpg,true,1.00000000,250000,,2026-04-28T14:00:53.672277+00:00
https://images.metmuseum.org/CRDImages/as/original/1987_247_1.jpg,false,0.00000000,250000,,2026-04-28T14:19:50.283823+00:00
https://images.metmuseum.org/CRDImages/as/original/1987_409_4.JPG,false,0.00656000,250000,,2026-04-28T14:19:50.374910+00:00
https://images.metmuseum.org/CRDImages/as/original/1987_409_6.JPG,false,0.00037200,250000,,2026-04-28T14:19:50.467071+00:00
https://images.metmuseum.org/CRDImages/as/original/1987_420_1ab_250993.jpg,true,1.00000000,250000,,2026-04-28T14:00:48.776231+00:00
https://images.metmuseum.org/CRDImages/as/original/1987_420_2_250994.jpg,true,1.00000000,250000,,2026-04-28T14:00:49.036182+00:00
https://images.metmuseum.org/CRDImages/as/original/1987_420_3.JPG,true,1.00000000,250000,,2026-04-28T14:00:49.699071+00:00
https://images.metmuseum.org/CRDImages/as/original/1988_224_1_O1.jpg,false,0.00079200,250000,,2026-04-28T14:00:47.211954+00:00
https://images.metmuseum.org/CRDImages/as/original/1989_238_17ab.jpg,false,0.00022400,250000,,2026-04-28T14:00:49.787420+00:00
https://images.metmuseum.org/CRDImages/as/original/1989_238_18ab.jpg,false,0.00008000,250000,,2026-04-28T14:00:49.899956+00:00
https://images.metmuseum.org/CRDImages/as/original/1989_238_19ab.jpg,false,0.00002000,250000,,2026-04-28T14:00:49.996523+00:00
https://images.metmuseum.org/CRDImages/as/original/1989_238_20.JPG,true,1.00000000,250000,,2026-04-28T14:00:50.100747+00:00
https://images.metmuseum.org/CRDImages/as/original/1989_238_21_O1.jpg,false,0.00004400,250000,,2026-04-28T14:00:50.180928+00:00
https://images.metmuseum.org/CRDImages/as/original/1989_238_24ab.jpg,false,0.00025600,250000,,2026-04-28T14:00:50.399348+00:00
https://images.metmuseum.org/CRDImages/as/original/1989_238_38.JPG,true,1.00000000,250000,,2026-04-28T14:00:50.525606+00:00
https://images.metmuseum.org/CRDImages/as/original/1989_238_52.jpg,false,0.00004400,250000,,2026-04-28T14:00:50.704578+00:00
https://images.metmuseum.org/CRDImages/as/original/1989_320ab.jpg,false,0.00115600,250000,,2026-04-28T14:00:51.147542+00:00
https://images.metmuseum.org/CRDImages/as/original/1989_354_O1.jpg,true,1.00000000,250000,,2026-04-28T14:00:48.287345+00:00
https://images.metmuseum.org/CRDImages/as/original/1991_253_21.jpg,false,0.00000000,250000,,2026-04-28T14:19:53.955179+00:00
https://images.metmuseum.org/CRDImages/as/original/1991_253_22.jpg,false,0.00000000,250000,,2026-04-28T14:19:40.415903+00:00
https://images.metmuseum.org/CRDImages/as/original/1991_253_26.jpg,false,0.00002400,250000,,2026-04-28T14:19:54.272117+00:00
https://images.metmuseum.org/CRDImages/as/original/1991_253_29.jpg,false,0.00192800,250000,,2026-04-28T14:19:54.362880+00:00
https://images.metmuseum.org/CRDImages/as/original/1991_253_30.jpg,false,0.00142000,250000,,2026-04-28T14:19:54.445170+00:00
https://images.metmuseum.org/CRDImages/as/original/1991_253_31.jpg,false,0.00291200,250000,,2026-04-28T14:19:54.531948+00:00
https://images.metmuseum.org/CRDImages/as/original/1991_253_32.jpg,false,0.00165200,250000,,2026-04-28T14:19:54.620946+00:00
https://images.metmuseum.org/CRDImages/as/original/1991_253_33.jpg,false,0.00436400,250000,,2026-04-28T14:19:43.529799+00:00
https://images.metmuseum.org/CRDImages/as/original/1991_253_41.jpg,false,0.00000800,250000,,2026-04-28T14:19:44.232342+00:00
https://images.metmuseum.org/CRDImages/as/original/1991_253_45.jpg,false,0.00009600,250000,,2026-04-28T14:19:54.692218+00:00
https://images.metmuseum.org/CRDImages/as/original/1991_253_47.jpg,false,0.00026970,237300,,2026-04-28T14:19:54.871178+00:00
https://images.metmuseum.org/CRDImages/as/original/1991_253_51.jpg,false,0.00066800,250000,,2026-04-28T14:19:54.942959+00:00
https://images.metmuseum.org/CRDImages/as/original/1991_253_55.jpg,false,0.00284000,250000,,2026-04-28T14:19:55.015198+00:00
https://images.metmuseum.org/CRDImages/as/original/1991_253_58.jpg,false,0.00000800,250000,,2026-04-28T14:19:45.479702+00:00
https://images.metmuseum.org/CRDImages/as/original/1991_253_6.jpg,false,0.00001200,250000,,2026-04-28T14:19:35.667056+00:00
https://images.metmuseum.org/CRDImages/as/original/1991_423_1.JPG,true,1.00000000,250000,,2026-04-28T14:00:46.239469+00:00
https://images.metmuseum.org/CRDImages/as/original/1991_423_2.JPG,true,1.00000000,250000,,2026-04-28T14:00:51.243867+00:00
https://images.metmuseum.org/CRDImages/as/original/1991_456_11a.jpg,false,0.01639600,250000,,2026-04-28T14:00:51.346500+00:00
https://images.metmuseum.org/CRDImages/as/original/1991_479_21.JPG,false,0.00670000,250000,,2026-04-28T14:19:57.607173+00:00
https://images.metmuseum.org/CRDImages/as/original/1991_479_22.JPG,false,0.00540400,250000,,2026-04-28T14:19:57.865759+00:00
https://images.metmuseum.org/CRDImages/as/original/1991_479_25.JPG,false,0.00126400,250000,,2026-04-28T14:19:58.033424+00:00
https://images.metmuseum.org/CRDImages/as/original/1991_479_5.JPG,false,0.00837600,250000,,2026-04-28T14:19:57.451909+00:00
https://images.metmuseum.org/CRDImages/as/original/199236.jpg,true,1.00000000,250000,,2026-04-28T14:25:09.419165+00:00
https://images.metmuseum.org/CRDImages/as/original/199238.jpg,true,1.00000000,250000,,2026-04-28T14:24:48.980673+00:00
https://images.metmuseum.org/CRDImages/as/original/1992_165_11_L35752.jpg,true,1.00000000,250000,,2026-04-28T14:19:52.028135+00:00
https://images.metmuseum.org/CRDImages/as/original/1992_165_1_L35736.jpg,true,1.00000000,250000,,2026-04-28T14:01:00.093345+00:00
https://images.metmuseum.org/CRDImages/as/original/1992_165_2_L35745.jpg,true,1.00000000,250000,,2026-04-28T14:01:00.214369+00:00
https://images.metmuseum.org/CRDImages/as/original/1992_297_2.jpg,false,0.00720400,250000,,2026-04-28T14:00:45.754716+00:00
https://images.metmuseum.org/CRDImages/as/original/1992_72_4.jpg,false,0.00211200,250000,,2026-04-28T14:00:53.753287+00:00
https://images.metmuseum.org/CRDImages/as/original/1993_386_19_O1_sf.jpg,false,0.00062800,250000,,2026-04-28T14:25:28.372342+00:00
https://images.metmuseum.org/CRDImages/as/original/1993_386_22_O1_sf.jpg,false,0.17856400,250000,,2026-04-28T14:25:28.090846+00:00
https://images.metmuseum.org/CRDImages/as/original/1993_386_26_O1_sf.jpg,false,0.06761600,250000,,2026-04-28T14:22:43.303774+00:00
https://images.metmuseum.org/CRDImages/as/original/1993_386_7_O1_sf.jpg,false,0.00522800,250000,,2026-04-28T14:25:28.746799+00:00
https://images.metmuseum.org/CRDImages/as/original/1994_286.JPG,false,0.67114400,250000,,2026-04-28T14:00:46.114398+00:00
https://images.metmuseum.org/CRDImages/as/original/1994_605_126_L36662.jpg,true,1.00000000,250000,,2026-04-28T14:19:48.312019+00:00
https://images.metmuseum.org/CRDImages/as/original/1994_605_127_L36663.jpg,true,1.00000000,250000,,2026-04-28T14:19:48.428643+00:00
https://images.metmuseum.org/CRDImages/as/original/1994_605_128_L36664.jpg,true,1.00000000,250000,,2026-04-28T14:19:48.618406+00:00
https://images.metmuseum.org/CRDImages/as/original/1994_605_133_L36669.jpg,true,1.00000000,250000,,2026-04-28T14:19:49.667419+00:00
https://images.metmuseum.org/CRDImages/as/original/1994_605_135_L36671.jpg,true,1.00000000,250000,,2026-04-28T14:19:49.777984+00:00
https://images.metmuseum.org/CRDImages/as/original/1994_605_48_L36017.jpg,true,1.00000000,250000,,2026-04-28T14:19:47.539508+00:00
https://images.metmuseum.org/CRDImages/as/original/199689.jpg,true,1.00000000,250000,,2026-04-28T14:28:08.337271+00:00
https://images.metmuseum.org/CRDImages/as/original/1996_265_1_O2.jpg,false,0.00014800,250000,,2026-04-28T14:00:52.308308+00:00
https://images.metmuseum.org/CRDImages/as/original/1996_476_O1.jpg,false,0.02068000,250000,,2026-04-28T14:00:58.640989+00:00
https://images.metmuseum.org/CRDImages/as/original/1997_1_10.jpg,false,0.00017200,250000,,2026-04-28T14:00:57.298558+00:00
https://images.metmuseum.org/CRDImages/as/original/1997_34_10.JPG,false,0.00000000,250000,,2026-04-28T14:00:54.564752+00:00
https://images.metmuseum.org/CRDImages/as/original/1997_34_15.JPG,false,0.00012800,250000,,2026-04-28T14:00:54.994552+00:00
https://images.metmuseum.org/CRDImages/as/original/1997_34_17.JPG,false,0.00358400,250000,,2026-04-28T14:00:55.633190+00:00
https://images.metmuseum.org/CRDImages/as/original/1997_34_5.JPG,false,0.00000000,250000,,2026-04-28T14:00:54.336423+00:00
https://images.metmuseum.org/CRDImages/as/original/1997_34_6.JPG,false,0.00009600,250000,,2026-04-28T14:00:54.459162+00:00
https://images.metmuseum.org/CRDImages/as/original/19_136_1_O1_sf.jpg,false,0.04583600,250000,,2026-04-28T14:23:36.663981+00:00
https://images.metmuseum.org/CRDImages/as/original/19_136_2_S1_sf.jpg,false,0.04442800,250000,,2026-04-28T14:23:35.592345+00:00
https://images.metmuseum.org/CRDImages/as/original/19_136_3_S1_sf.jpg,false,0.00207600,250000,,2026-04-28T14:23:38.111465+00:00
https://images.metmuseum.org/CRDImages/as/original/19_28_3_O1_sf.jpg,false,0.00000000,250000,,2026-04-28T14:27:13.207624+00:00
https://images.metmuseum.org/CRDImages/as/original/19_28_7_O1_sf.jpg,false,0.00000000,250000,,2026-04-28T14:24:12.731217+00:00
https://images.metmuseum.org/CRDImages/as/original/19_28_8.JPG,false,0.00375600,250000,,2026-04-28T14:27:36.797132+00:00
https://images.metmuseum.org/CRDImages/as/original/19_39_18.JPG,false,0.00128000,250000,,2026-04-28T14:27:37.560046+00:00
https://images.metmuseum.org/CRDImages/as/original/19_39_19.JPG,false,0.00916400,250000,,2026-04-28T14:27:37.658999+00:00
https://images.metmuseum.org/CRDImages/as/original/19_39_7.JPG,false,0.00037200,250000,,2026-04-28T14:27:37.001544+00:00
https://images.metmuseum.org/CRDImages/as/original/19_39_9ab.JPG,false,0.17730400,250000,,2026-04-28T14:25:26.191342+00:00
https://images.metmuseum.org/CRDImages/as/original/19_55_4.jpg,true,1.00000000,250000,,2026-04-28T14:27:57.450276+00:00
https://images.metmuseum.org/CRDImages/as/original/19_80_2_S1_sf.jpg,false,0.00002400,250000,,2026-04-28T14:27:37.759784+00:00
https://images.metmuseum.org/CRDImages/as/original/19_80_5.JPG,false,0.00000000,250000,,2026-04-28T14:27:37.913594+00:00
https://images.metmuseum.org/CRDImages/as/original/19_95_2_O2_sf.jpg,false,0.00000000,250000,,2026-04-28T14:27:08.864322+00:00
https://images.metmuseum.org/CRDImages/as/original/19_95_6_O1.jpg,false,0.00039200,250000,,2026-04-28T14:22:44.104830+00:00
https://images.metmuseum.org/CRDImages/as/original/2001_433_371_O1.jpg,false,0.02349200,250000,,2026-04-28T14:26:32.075918+00:00
https://images.metmuseum.org/CRDImages/as/original/2002_447_125.jpg,false,0.02850000,250000,,2026-04-28T14:25:04.122373+00:00
https://images.metmuseum.org/CRDImages/as/original/2002_447_126.jpg,false,0.27950400,250000,,2026-04-28T14:25:04.223094+00:00
https://images.metmuseum.org/CRDImages/as/original/2002_447_13_Cat14.jpg,true,1.00000000,250000,,2026-04-28T14:24:54.247928+00:00
https://images.metmuseum.org/CRDImages/as/original/2002_447_14.jpg,false,0.00039200,250000,,2026-04-28T14:24:54.458323+00:00
https://images.metmuseum.org/CRDImages/as/original/2002_447_15_Cat16.jpg,true,1.00000000,250000,,2026-04-28T14:24:54.646895+00:00
https://images.metmuseum.org/CRDImages/as/original/2002_447_17.jpg,false,0.00187200,250000,,2026-04-28T14:24:54.779602+00:00
https://images.metmuseum.org/CRDImages/as/original/2002_447_18_O.jpg,false,0.00031200,250000,,2026-04-28T14:24:55.042179+00:00
https://images.metmuseum.org/CRDImages/as/original/2002_447_19.jpg,false,0.00024000,250000,,2026-04-28T14:24:55.299004+00:00
https://images.metmuseum.org/CRDImages/as/original/2002_447_39_O1_sf.jpg,false,0.05186800,250000,,2026-04-28T14:24:56.141536+00:00
https://images.metmuseum.org/CRDImages/as/original/2002_447_41_O2_sf.jpg,false,0.02872400,250000,,2026-04-28T14:24:56.578280+00:00
https://images.metmuseum.org/CRDImages/as/original/2002_447_42_O1_sf.jpg,false,0.01080000,250000,,2026-04-28T14:24:57.083376+00:00
https://images.metmuseum.org/CRDImages/as/original/2002_447_51_Cat41.jpg,false,0.00026800,250000,,2026-04-28T14:24:57.900805+00:00
https://images.metmuseum.org/CRDImages/as/original/2002_447_6.jpg,false,0.00010000,250000,,2026-04-28T14:24:53.134301+00:00
https://images.metmuseum.org/CRDImages/as/original/2002_447_64_Cat52.jpg,true,1.00000000,250000,,2026-04-28T14:24:58.880782+00:00
https://images.metmuseum.org/CRDImages/as/original/2002_447_66.jpg,false,0.00223200,250000,,2026-04-28T14:24:59.024541+00:00
https://images.metmuseum.org/CRDImages/as/original/2002_447_7.jpg,false,0.00000000,250000,,2026-04-28T14:24:53.230105+00:00
https://images.metmuseum.org/CRDImages/as/original/2002_447_71_Cat59.jpg,false,0.00004800,250000,,2026-04-28T14:24:59.469135+00:00
https://images.metmuseum.org/CRDImages/as/original/2002_447_84.jpg,false,0.20114400,250000,,2026-04-28T14:24:59.743338+00:00
https://images.metmuseum.org/CRDImages/as/original/2002_447_9_Cat10.jpg,true,1.00000000,250000,,2026-04-28T14:24:53.437263+00:00
https://images.metmuseum.org/CRDImages/as/original/2003_333_S1.JPG,false,0.00612000,250000,,2026-04-28T14:28:31.149708+00:00
https://images.metmuseum.org/CRDImages/as/original/2003_550_O1_sf.jpg,false,0.21487200,250000,,2026-04-28T14:28:31.233860+00:00
https://images.metmuseum.org/CRDImages/as/original/2007_76_S1_Strm1.JPG,false,0.55535600,250000,,2026-04-28T14:28:34.575264+00:00
https://images.metmuseum.org/CRDImages/as/original/2015_300_260_Burke_website.jpg,false,0.00282000,250000,,2026-04-28T14:27:25.121827+00:00
https://images.metmuseum.org/CRDImages/as/original/2015_300_262_Burke_website.jpg,false,0.00946400,250000,,2026-04-28T14:40:29.782417+00:00
https://images.metmuseum.org/CRDImages/as/original/2015_300_263_Burke_website.jpg,false,0.00073200,250000,,2026-04-28T14:40:29.289063+00:00
https://images.metmuseum.org/CRDImages/as/original/2015_300_265_Burke_website.jpg,false,0.00038800,250000,,2026-04-28T14:40:29.934715+00:00
https://images.metmuseum.org/CRDImages/as/original/2015_300_267ab_Burke_website.jpg,false,0.00052800,250000,,2026-04-28T14:27:25.302015+00:00
https://images.metmuseum.org/CRDImages/as/original/2015_300_268ab_O_Burke.jpg,false,0.13008400,250000,,2026-04-28T14:40:29.089371+00:00
https://images.metmuseum.org/CRDImages/as/original/2015_300_270_Burke_website.jpg,false,0.00563200,250000,,2026-04-28T14:27:24.662514+00:00
https://images.metmuseum.org/CRDImages/as/original/2015_300_273_Burke_website.jpg,false,0.00084000,250000,,2026-04-28T14:40:30.054390+00:00
https://images.metmuseum.org/CRDImages/as/original/2015_300_274_S2_Burke.jpg,false,0.58938800,250000,,2026-04-28T14:40:30.158781+00:00
https://images.metmuseum.org/CRDImages/as/original/201712.jpg,true,1.00000000,250000,,2026-04-28T14:19:25.009865+00:00
https://images.metmuseum.org/CRDImages/as/original/201719.jpg,true,1.00000000,250000,,2026-04-28T14:24:48.226923+00:00
https://images.metmuseum.org/CRDImages/as/original/201860.jpg,true,1.00000000,250000,,2026-04-28T14:24:50.340706+00:00
https://images.metmuseum.org/CRDImages/as/original/202507.jpg,true,1.00000000,250000,,2026-04-28T14:24:48.700413+00:00
https://images.metmuseum.org/CRDImages/as/original/204703.jpg,true,1.00000000,250000,,2026-04-28T14:21:22.812796+00:00
https://images.metmuseum.org/CRDImages/as/original/204704.jpg,true,1.00000000,250000,,2026-04-28T14:21:29.893936+00:00
https://images.metmuseum.org/CRDImages/as/original/204729.jpg,true,1.00000000,250000,,2026-04-28T14:25:30.839188+00:00
https://images.metmuseum.org/CRDImages/as/original/205575.jpg,true,1.00000000,250000,,2026-04-28T14:25:31.678544+00:00
https://images.metmuseum.org/CRDImages/as/original/20593.jpg,true,1.00000000,250000,,2026-04-28T14:20:17.129768+00:00
https://images.metmuseum.org/CRDImages/as/original/20597.jpg,true,1.00000000,250000,,2026-04-28T14:20:51.552105+00:00
https://images.metmuseum.org/CRDImages/as/original/20601.jpg,true,1.00000000,250000,,2026-04-28T14:20:28.276240+00:00
https://images.metmuseum.org/CRDImages/as/original/20603.jpg,true,1.00000000,250000,,2026-04-28T14:24:27.210874+00:00
https://images.metmuseum.org/CRDImages/as/original/20605.jpg,true,1.00000000,250000,,2026-04-28T14:26:36.470247+00:00
https://images.metmuseum.org/CRDImages/as/original/20606.jpg,true,1.00000000,250000,,2026-04-28T14:26:36.724345+00:00
https://images.metmuseum.org/CRDImages/as/original/20607.jpg,true,1.00000000,250000,,2026-04-28T14:22:39.692010+00:00
https://images.metmuseum.org/CRDImages/as/original/206190.jpg,true,1.00000000,250000,,2026-04-28T14:27:26.222209+00:00
https://images.metmuseum.org/CRDImages/as/original/20626.jpg,true,1.00000000,250000,,2026-04-28T14:20:27.688621+00:00
https://images.metmuseum.org/CRDImages/as/original/20627.jpg,true,1.00000000,250000,,2026-04-28T14:26:36.888843+00:00
https://images.metmuseum.org/CRDImages/as/original/20628.jpg,true,1.00000000,250000,,2026-04-28T14:24:23.826025+00:00
https://images.metmuseum.org/CRDImages/as/original/20630.jpg,true,1.00000000,250000,,2026-04-28T14:24:28.070860+00:00
https://images.metmuseum.org/CRDImages/as/original/20632.jpg,true,1.00000000,250000,,2026-04-28T14:21:13.672762+00:00
https://images.metmuseum.org/CRDImages/as/original/20634.jpg,true,1.00000000,250000,,2026-04-28T14:22:42.306171+00:00
https://images.metmuseum.org/CRDImages/as/original/20636.jpg,true,1.00000000,250000,,2026-04-28T14:22:39.139969+00:00
https://images.metmuseum.org/CRDImages/as/original/206724.jpg,true,1.00000000,250000,,2026-04-28T14:19:57.238988+00:00
https://images.metmuseum.org/CRDImages/as/original/206725.jpg,true,1.00000000,250000,,2026-04-28T14:25:20.495348+00:00
https://images.metmuseum.org/CRDImages/as/original/20692.jpg,true,1.00000000,250000,,2026-04-28T14:24:17.408162+00:00
https://images.metmuseum.org/CRDImages/as/original/20694.jpg,true,1.00000000,250000,,2026-04-28T14:24:26.139763+00:00
https://images.metmuseum.org/CRDImages/as/original/20708.jpg,true,1.00000000,250000,,2026-04-28T14:21:08.896521+00:00
https://images.metmuseum.org/CRDImages/as/original/20712.jpg,true,1.00000000,250000,,2026-04-28T14:01:15.291063+00:00
https://images.metmuseum.org/CRDImages/as/original/20713.jpg,true,1.00000000,250000,,2026-04-28T14:26:35.766773+00:00
https://images.metmuseum.org/CRDImages/as/original/20714.jpg,true,1.00000000,250000,,2026-04-28T14:20:44.595019+00:00
https://images.metmuseum.org/CRDImages/as/original/20715.jpg,true,1.00000000,250000,,2026-04-28T14:24:19.826204+00:00
https://images.metmuseum.org/CRDImages/as/original/20718.jpg,true,1.00000000,250000,,2026-04-28T14:22:53.222156+00:00
https://images.metmuseum.org/CRDImages/as/original/20724.jpg,true,1.00000000,250000,,2026-04-28T14:20:32.658806+00:00
https://images.metmuseum.org/CRDImages/as/original/20725.jpg,true,1.00000000,250000,,2026-04-28T14:24:20.593035+00:00
https://images.metmuseum.org/CRDImages/as/original/20726.jpg,true,1.00000000,250000,,2026-04-28T14:20:43.820431+00:00
https://images.metmuseum.org/CRDImages/as/original/20728.jpg,true,1.00000000,250000,,2026-04-28T14:24:25.630216+00:00
https://images.metmuseum.org/CRDImages/as/original/20729.jpg,true,1.00000000,250000,,2026-04-28T14:24:32.160195+00:00
https://images.metmuseum.org/CRDImages/as/original/20734.jpg,true,1.00000000,250000,,2026-04-28T14:22:51.746333+00:00
https://images.metmuseum.org/CRDImages/as/original/20746.jpg,true,1.00000000,250000,,2026-04-28T14:20:29.778322+00:00
https://images.metmuseum.org/CRDImages/as/original/20747.jpg,true,1.00000000,250000,,2026-04-28T14:20:02.822093+00:00
https://images.metmuseum.org/CRDImages/as/original/20748.jpg,true,1.00000000,250000,,2026-04-28T14:24:18.084733+00:00
https://images.metmuseum.org/CRDImages/as/original/207736.jpg,true,1.00000000,250000,,2026-04-28T14:25:24.935527+00:00
https://images.metmuseum.org/CRDImages/as/original/20792.jpg,true,1.00000000,250000,,2026-04-28T14:20:22.801352+00:00
https://images.metmuseum.org/CRDImages/as/original/20793.jpg,true,1.00000000,250000,,2026-04-28T14:20:50.536217+00:00
https://images.metmuseum.org/CRDImages/as/original/20798.jpg,true,1.00000000,250000,,2026-04-28T14:23:15.728930+00:00
https://images.metmuseum.org/CRDImages/as/original/208011.jpg,true,1.00000000,250000,,2026-04-28T14:26:55.428659+00:00
https://images.metmuseum.org/CRDImages/as/original/20807.jpg,true,1.00000000,250000,,2026-04-28T14:22:50.910524+00:00
https://images.metmuseum.org/CRDImages/as/original/20808.jpg,true,1.00000000,250000,,2026-04-28T14:22:53.914385+00:00
https://images.metmuseum.org/CRDImages/as/original/20817.jpg,true,1.00000000,250000,,2026-04-28T14:21:08.061172+00:00
https://images.metmuseum.org/CRDImages/as/original/20823.jpg,true,1.00000000,250000,,2026-04-28T14:21:13.828609+00:00
https://images.metmuseum.org/CRDImages/as/original/20829.jpg,true,1.00000000,250000,,2026-04-28T14:27:26.840088+00:00
https://images.metmuseum.org/CRDImages/as/original/20830.jpg,true,1.00000000,250000,,2026-04-28T14:24:08.744021+00:00
https://images.metmuseum.org/CRDImages/as/original/20843.jpg,true,1.00000000,250000,,2026-04-28T14:26:35.519545+00:00
https://images.metmuseum.org/CRDImages/as/original/20856.jpg,true,1.00000000,250000,,2026-04-28T14:20:07.222441+00:00
https://images.metmuseum.org/CRDImages/as/original/20857.jpg,true,1.00000000,250000,,2026-04-28T14:24:31.604977+00:00
https://images.metmuseum.org/CRDImages/as/original/20859.jpg,true,1.00000000,250000,,2026-04-28T14:24:17.938518+00:00
https://images.metmuseum.org/CRDImages/as/original/20862.jpg,true,1.00000000,250000,,2026-04-28T14:20:34.407851+00:00
https://images.metmuseum.org/CRDImages/as/original/20868.jpg,true,1.00000000,250000,,2026-04-28T14:24:37.175927+00:00
https://images.metmuseum.org/CRDImages/as/original/20871.jpg,true,1.00000000,250000,,2026-04-28T14:26:35.150444+00:00
https://images.metmuseum.org/CRDImages/as/original/20874.jpg,true,1.00000000,250000,,2026-04-28T14:20:45.817888+00:00
https://images.metmuseum.org/CRDImages/as/original/20875.jpg,true,1.00000000,250000,,2026-04-28T14:20:26.512249+00:00
https://images.metmuseum.org/CRDImages/as/original/20876.jpg,true,1.00000000,250000,,2026-04-28T14:24:24.078091+00:00
https://images.metmuseum.org/CRDImages/as/original/20878.jpg,true,1.00000000,250000,,2026-04-28T14:26:34.173827+00:00
https://images.metmuseum.org/CRDImages/as/original/20924.jpg,true,1.00000000,250000,,2026-04-28T14:21:13.196539+00:00
https://images.metmuseum.org/CRDImages/as/original/20932.jpg,true,1.00000000,250000,,2026-04-28T14:21:08.508348+00:00
https://images.metmuseum.org/CRDImages/as/original/20943.jpg,true,1.00000000,250000,,2026-04-28T14:20:50.345563+00:00
https://images.metmuseum.org/CRDImages/as/original/20946.jpg,true,1.00000000,250000,,2026-04-28T14:24:21.685879+00:00
https://images.metmuseum.org/CRDImages/as/original/20950.jpg,true,1.00000000,250000,,2026-04-28T14:20:50.959517+00:00
https://images.metmuseum.org/CRDImages/as/original/20952.jpg,true,1.00000000,250000,,2026-04-28T14:01:16.038716+00:00
https://images.metmuseum.org/CRDImages/as/original/20983.jpg,true,1.00000000,250000,,2026-04-28T14:01:08.611511+00:00
https://images.metmuseum.org/CRDImages/as/original/20987.jpg,true,1.00000000,250000,,2026-04-28T14:26:33.282971+00:00
https://images.metmuseum.org/CRDImages/as/original/20990.jpg,true,1.00000000,250000,,2026-04-28T14:20:31.845641+00:00
https://images.metmuseum.org/CRDImages/as/original/20_18_01.JPG,false,0.08022000,250000,,2026-04-28T14:24:02.145815+00:00
https://images.metmuseum.org/CRDImages/as/original/20_41_6_O1_sf.jpg,false,0.00041200,250000,,2026-04-28T14:24:09.979600+00:00
https://images.metmuseum.org/CRDImages/as/original/20_41_8ab_S1_sf.jpg,false,0.01825200,250000,,2026-04-28T14:20:23.071555+00:00
https://images.metmuseum.org/CRDImages/as/original/210180.jpg,true,1.00000000,250000,,2026-04-28T14:26:55.081400+00:00
https://images.metmuseum.org/CRDImages/as/original/210181.jpg,true,1.00000000,250000,,2026-04-28T14:26:55.135135+00:00
https://images.metmuseum.org/CRDImages/as/original/210437.jpg,true,1.00000000,250000,,2026-04-28T14:26:56.164432+00:00
https://images.metmuseum.org/CRDImages/as/original/212522.jpg,true,1.00000000,250000,,2026-04-28T14:25:10.752552+00:00
https://images.metmuseum.org/CRDImages/as/original/212932.jpg,true,1.00000000,250000,,2026-04-28T14:19:36.114308+00:00
https://images.metmuseum.org/CRDImages/as/original/212942.jpg,true,1.00000000,250000,,2026-04-28T14:26:52.310219+00:00
https://images.metmuseum.org/CRDImages/as/original/213224.jpg,true,1.00000000,250000,,2026-04-28T14:27:34.202531+00:00
https://images.metmuseum.org/CRDImages/as/original/213225.jpg,true,1.00000000,250000,,2026-04-28T14:28:29.763162+00:00
https://images.metmuseum.org/CRDImages/as/original/21_118_01.jpg,false,0.00027600,250000,,2026-04-28T14:21:31.153841+00:00
https://images.metmuseum.org/CRDImages/as/original/21_119_S02.jpg,false,0.00028000,250000,,2026-04-28T14:21:30.677356+00:00
https://images.metmuseum.org/CRDImages/as/original/21_11_1_O5_sf.jpg,false,0.10998000,250000,,2026-04-28T14:20:10.398149+00:00
https://images.metmuseum.org/CRDImages/as/original/21_11_2_O1_sf.jpg,false,0.21565600,250000,,2026-04-28T14:21:33.038219+00:00
https://images.metmuseum.org/CRDImages/as/original/21_11_3_O2_sf.jpg,false,0.22767200,250000,,2026-04-28T14:20:14.520771+00:00
https://images.metmuseum.org/CRDImages/as/original/21_175_14_S1_sf.jpg,false,0.01079200,250000,,2026-04-28T14:20:26.632546+00:00
https://images.metmuseum.org/CRDImages/as/original/21_175_35_O1.jpg,false,0.00000800,250000,,2026-04-28T14:24:27.952830+00:00
https://images.metmuseum.org/CRDImages/as/original/21_175_36_O1.jpg,false,0.00009200,250000,,2026-04-28T14:24:03.337375+00:00
https://images.metmuseum.org/CRDImages/as/original/21_175_38ab_O2_sf.jpg,false,0.00600400,250000,,2026-04-28T14:20:30.814649+00:00
https://images.metmuseum.org/CRDImages/as/original/21_175_6_O1_sf.jpg,false,0.00039200,250000,,2026-04-28T14:24:07.592955+00:00
https://images.metmuseum.org/CRDImages/as/original/225310.jpg,true,1.00000000,250000,,2026-04-28T14:26:57.481492+00:00
https://images.metmuseum.org/CRDImages/as/original/226977.jpg,true,1.00000000,250000,,2026-04-28T14:25:38.730754+00:00
https://images.metmuseum.org/CRDImages/as/original/22982.jpg,true,1.00000000,250000,,2026-04-28T14:26:48.928282+00:00
https://images.metmuseum.org/CRDImages/as/original/22_171_1_51620.jpg,true,1.00000000,250000,,2026-04-28T14:27:17.365004+00:00
https://images.metmuseum.org/CRDImages/as/original/232140.jpg,true,1.00000000,250000,,2026-04-28T14:25:04.404923+00:00
https://images.metmuseum.org/CRDImages/as/original/23291.jpg,true,1.00000000,250000,,2026-04-28T14:26:39.931088+00:00
https://images.metmuseum.org/CRDImages/as/original/23292.jpg,true,1.00000000,250000,,2026-04-28T14:21:42.510106+00:00
https://images.metmuseum.org/CRDImages/as/original/23293.jpg,true,1.00000000,250000,,2026-04-28T14:26:46.820739+00:00
https://images.metmuseum.org/CRDImages/as/original/23294.jpg,true,1.00000000,250000,,2026-04-28T14:26:43.389341+00:00
https://images.metmuseum.org/CRDImages/as/original/23295.jpg,true,1.00000000,250000,,2026-04-28T14:26:37.773228+00:00
https://images.metmuseum.org/CRDImages/as/original/23301.jpg,true,1.00000000,250000,,2026-04-28T14:26:44.453504+00:00
https://images.metmuseum.org/CRDImages/as/original/23303.jpg,true,1.00000000,250000,,2026-04-28T14:26:39.498622+00:00
https://images.metmuseum.org/CRDImages/as/original/23308.jpg,true,1.00000000,250000,,2026-04-28T14:26:38.461156+00:00
https://images.metmuseum.org/CRDImages/as/original/23309.jpg,true,1.00000000,250000,,2026-04-28T14:26:46.580434+00:00
https://images.metmuseum.org/CRDImages/as/original/23342.jpg,true,1.00000000,250000,,2026-04-28T14:26:37.360334+00:00
https://images.metmuseum.org/CRDImages/as/original/23351.JPG,true,1.00000000,250000,,2026-04-28T14:26:40.150198+00:00
https://images.metmuseum.org/CRDImages/as/original/23352.jpg,true,1.00000000,250000,,2026-04-28T14:20:58.172610+00:00
https://images.metmuseum.org/CRDImages/as/original/23354.jpg,true,1.00000000,250000,,2026-04-28T14:26:45.380488+00:00
https://images.metmuseum.org/CRDImages/as/original/23359.jpg,true,1.00000000,250000,,2026-04-28T14:26:44.871031+00:00
https://images.metmuseum.org/CRDImages/as/original/23377.jpg,true,1.00000000,250000,,2026-04-28T14:24:20.997493+00:00
https://images.metmuseum.org/CRDImages/as/original/23378.jpg,true,1.00000000,250000,,2026-04-28T14:01:08.863582+00:00
https://images.metmuseum.org/CRDImages/as/original/23381.jpg,true,1.00000000,250000,,2026-04-28T14:24:09.448527+00:00
https://images.metmuseum.org/CRDImages/as/original/23382.jpg,true,1.00000000,250000,,2026-04-28T14:24:21.439817+00:00
https://images.metmuseum.org/CRDImages/as/original/23383.jpg,true,1.00000000,250000,,2026-04-28T14:24:08.044007+00:00
https://images.metmuseum.org/CRDImages/as/original/23400.jpg,true,1.00000000,250000,,2026-04-28T14:26:32.559401+00:00
https://images.metmuseum.org/CRDImages/as/original/23407.jpg,true,1.00000000,250000,,2026-04-28T14:24:17.162187+00:00
https://images.metmuseum.org/CRDImages/as/original/23411.jpg,true,1.00000000,250000,,2026-04-28T14:24:21.143491+00:00
https://images.metmuseum.org/CRDImages/as/original/23412.jpg,true,1.00000000,250000,,2026-04-28T14:24:21.948681+00:00
https://images.metmuseum.org/CRDImages/as/original/23416.jpg,true,1.00000000,250000,,2026-04-28T14:21:24.738994+00:00
https://images.metmuseum.org/CRDImages/as/original/23419.jpg,true,1.00000000,250000,,2026-04-28T14:26:32.859209+00:00
https://images.metmuseum.org/CRDImages/as/original/23424.jpg,true,1.00000000,250000,,2026-04-28T14:26:33.878769+00:00
https://images.metmuseum.org/CRDImages/as/original/23460.jpg,true,1.00000000,250000,,2026-04-28T14:24:25.903098+00:00
https://images.metmuseum.org/CRDImages/as/original/23461.jpg,true,1.00000000,250000,,2026-04-28T14:24:24.306366+00:00
https://images.metmuseum.org/CRDImages/as/original/23483.jpg,true,1.00000000,250000,,2026-04-28T14:20:07.470522+00:00
https://images.metmuseum.org/CRDImages/as/original/23484.jpg,true,1.00000000,250000,,2026-04-28T14:25:16.177390+00:00
https://images.metmuseum.org/CRDImages/as/original/23489.jpg,true,1.00000000,250000,,2026-04-28T14:01:16.483443+00:00
https://images.metmuseum.org/CRDImages/as/original/23490.jpg,true,1.00000000,250000,,2026-04-28T14:20:50.841905+00:00
https://images.metmuseum.org/CRDImages/as/original/23495.jpg,true,1.00000000,250000,,2026-04-28T14:26:39.034205+00:00
https://images.metmuseum.org/CRDImages/as/original/23498.jpg,true,1.00000000,250000,,2026-04-28T14:21:42.256363+00:00
https://images.metmuseum.org/CRDImages/as/original/23500.jpg,true,1.00000000,250000,,2026-04-28T14:24:46.288300+00:00
https://images.metmuseum.org/CRDImages/as/original/23507.jpg,true,1.00000000,250000,,2026-04-28T14:24:59.956128+00:00
https://images.metmuseum.org/CRDImages/as/original/23509.jpg,true,1.00000000,250000,,2026-04-28T14:24:38.305219+00:00
https://images.metmuseum.org/CRDImages/as/original/23511.jpg,true,1.00000000,250000,,2026-04-28T14:24:39.677660+00:00
https://images.metmuseum.org/CRDImages/as/original/23512.jpg,true,1.00000000,250000,,2026-04-28T14:25:03.240032+00:00
https://images.metmuseum.org/CRDImages/as/original/23513.jpg,true,1.00000000,250000,,2026-04-28T14:20:31.122087+00:00
https://images.metmuseum.org/CRDImages/as/original/23514.jpg,true,1.00000000,250000,,2026-04-28T14:24:39.826791+00:00
https://images.metmuseum.org/CRDImages/as/original/23516.jpg,true,1.00000000,250000,,2026-04-28T14:20:08.778163+00:00
https://images.metmuseum.org/CRDImages/as/original/23522.jpg,true,1.00000000,250000,,2026-04-28T14:20:51.317897+00:00
https://images.metmuseum.org/CRDImages/as/original/23545.jpg,true,1.00000000,250000,,2026-04-28T14:20:50.731417+00:00
https://images.metmuseum.org/CRDImages/as/original/23597.jpg,true,1.00000000,250000,,2026-04-28T14:20:04.386988+00:00
https://images.metmuseum.org/CRDImages/as/original/23612.jpg,true,1.00000000,250000,,2026-04-28T14:20:09.906827+00:00
https://images.metmuseum.org/CRDImages/as/original/236447.jpg,true,1.00000000,250000,,2026-04-28T14:25:39.088205+00:00
https://images.metmuseum.org/CRDImages/as/original/236450.jpg,true,1.00000000,250000,,2026-04-28T14:25:10.380577+00:00
https://images.metmuseum.org/CRDImages/as/original/23719.jpg,true,1.00000000,250000,,2026-04-28T14:26:48.547221+00:00
https://images.metmuseum.org/CRDImages/as/original/237227.jpg,true,1.00000000,250000,,2026-04-28T14:25:11.503273+00:00
https://images.metmuseum.org/CRDImages/as/original/239461.jpg,true,1.00000000,250000,,2026-04-28T14:28:29.830504+00:00
https://images.metmuseum.org/CRDImages/as/original/239603.jpg,true,1.00000000,250000,,2026-04-28T14:25:09.151317+00:00
https://images.metmuseum.org/CRDImages/as/original/239604.jpg,true,1.00000000,250000,,2026-04-28T14:19:41.564631+00:00
https://images.metmuseum.org/CRDImages/as/original/23_15_1_O1_sf.jpg,false,0.04179600,250000,,2026-04-28T14:27:30.821224+00:00
https://images.metmuseum.org/CRDImages/as/original/23_15_4_01.jpg,false,0.00000400,250000,,2026-04-28T14:23:56.510588+00:00
https://images.metmuseum.org/CRDImages/as/original/23_180_1_O1_sf.jpg,false,0.00000000,250000,,2026-04-28T14:24:04.926356+00:00
https://images.metmuseum.org/CRDImages/as/original/23_225_1.JPG,true,1.00000000,250000,,2026-04-28T14:20:42.791333+00:00
https://images.metmuseum.org/CRDImages/as/original/23_225_107_O1_sf.jpg,false,0.00468400,250000,,2026-04-28T14:01:02.626798+00:00
https://images.metmuseum.org/CRDImages/as/original/23_225_109ab_S1_sf.jpg,false,0.00897200,250000,,2026-04-28T14:20:01.450519+00:00
https://images.metmuseum.org/CRDImages/as/original/23_225_11.JPG,true,1.00000000,250000,,2026-04-28T14:27:57.554910+00:00
https://images.metmuseum.org/CRDImages/as/original/23_225_111.JPG,true,1.00000000,250000,,2026-04-28T14:27:00.133033+00:00
https://images.metmuseum.org/CRDImages/as/original/23_225_141ab.jpg,true,1.00000000,250000,,2026-04-28T14:27:58.205884+00:00
https://images.metmuseum.org/CRDImages/as/original/23_225_154.JPG,true,1.00000000,250000,,2026-04-28T14:27:58.310849+00:00
https://images.metmuseum.org/CRDImages/as/original/23_225_165.jpg,true,1.00000000,250000,,2026-04-28T14:27:58.368814+00:00
https://images.metmuseum.org/CRDImages/as/original/23_225_170.JPG,true,1.00000000,250000,,2026-04-28T14:27:58.456235+00:00
https://images.metmuseum.org/CRDImages/as/original/23_225_175.JPG,true,1.00000000,250000,,2026-04-28T14:26:59.785449+00:00
https://images.metmuseum.org/CRDImages/as/original/23_225_176.JPG,true,1.00000000,250000,,2026-04-28T14:19:50.150447+00:00
https://images.metmuseum.org/CRDImages/as/original/23_225_210.jpg,true,1.00000000,250000,,2026-04-28T14:27:58.871270+00:00
https://images.metmuseum.org/CRDImages/as/original/23_225_221_recto.jpg,false,0.01329600,250000,,2026-04-28T14:20:10.696812+00:00
https://images.metmuseum.org/CRDImages/as/original/23_225_246.JPG,true,1.00000000,250000,,2026-04-28T14:27:58.950053+00:00
https://images.metmuseum.org/CRDImages/as/original/23_225_272_O1_sf.jpg,false,0.00000000,250000,,2026-04-28T14:24:06.577669+00:00
https://images.metmuseum.org/CRDImages/as/original/23_225_297.JPG,true,1.00000000,250000,,2026-04-28T14:27:59.013348+00:00
https://images.metmuseum.org/CRDImages/as/original/23_225_2_54890.jpg,true,1.00000000,250000,,2026-04-28T14:23:30.307181+00:00
https://images.metmuseum.org/CRDImages/as/original/23_225_30.JPG,true,1.00000000,250000,,2026-04-28T14:27:57.687849+00:00
https://images.metmuseum.org/CRDImages/as/original/23_225_313.JPG,true,1.00000000,250000,,2026-04-28T14:22:21.342387+00:00
https://images.metmuseum.org/CRDImages/as/original/23_225_333ab_O1.jpg,false,0.00002400,250000,,2026-04-28T14:20:12.491887+00:00
https://images.metmuseum.org/CRDImages/as/original/23_225_351.JPG,true,1.00000000,250000,,2026-04-28T14:27:59.552706+00:00
https://images.metmuseum.org/CRDImages/as/original/23_225_352.JPG,true,1.00000000,250000,,2026-04-28T14:27:59.604737+00:00
https://images.metmuseum.org/CRDImages/as/original/23_225_41.JPG,true,1.00000000,250000,,2026-04-28T14:27:57.767740+00:00
https://images.metmuseum.org/CRDImages/as/original/23_225_54_ab_O1_sf.jpg,false,0.00680400,250000,,2026-04-28T14:01:02.411878+00:00
https://images.metmuseum.org/CRDImages/as/original/23_225_55_S1_sf.jpg,false,0.00030400,250000,,2026-04-28T14:22:14.432675+00:00
https://images.metmuseum.org/CRDImages/as/original/23_225_63.JPG,true,1.00000000,250000,,2026-04-28T14:20:00.900334+00:00
https://images.metmuseum.org/CRDImages/as/original/23_225_65ab_S6_sf.jpg,false,0.00240400,250000,,2026-04-28T14:27:57.866333+00:00
https://images.metmuseum.org/CRDImages/as/original/23_225_82_ab_O1_sf.jpg,false,0.00295600,250000,,2026-04-28T14:20:00.466809+00:00
https://images.metmuseum.org/CRDImages/as/original/23_225_83_O1_sf.jpg,false,0.00430800,250000,,2026-04-28T14:21:52.646788+00:00
https://images.metmuseum.org/CRDImages/as/original/23_225_94.JPG,true,1.00000000,250000,,2026-04-28T14:26:59.872933+00:00
https://images.metmuseum.org/CRDImages/as/original/23_93_3_52794.jpg,true,1.00000000,250000,,2026-04-28T14:27:17.261474+00:00
https://images.metmuseum.org/CRDImages/as/original/240184.jpg,true,1.00000000,250000,,2026-04-28T14:25:12.077323+00:00
https://images.metmuseum.org/CRDImages/as/original/240190.jpg,true,1.00000000,250000,,2026-04-28T14:19:30.586330+00:00
https://images.metmuseum.org/CRDImages/as/original/240191.jpg,true,1.00000000,250000,,2026-04-28T14:25:12.831030+00:00
https://images.metmuseum.org/CRDImages/as/original/240387.jpg,true,1.00000000,250000,,2026-04-28T14:19:29.455133+00:00
https://images.metmuseum.org/CRDImages/as/original/240389.jpg,true,1.00000000,250000,,2026-04-28T14:25:09.741933+00:00
https://images.metmuseum.org/CRDImages/as/original/24_16_O1_sf.jpg,false,0.00011200,250000,,2026-04-28T14:22:22.330296+00:00
https://images.metmuseum.org/CRDImages/as/original/24_170_11_O1_sf.jpg,false,0.00809600,250000,,2026-04-28T14:27:11.119689+00:00
https://images.metmuseum.org/CRDImages/as/original/24_173ab_sf.jpg,false,0.00733200,250000,,2026-04-28T14:27:24.327953+00:00
https://images.metmuseum.org/CRDImages/as/original/24_24_O2_sf.JPG,false,0.00358800,250000,,2026-04-28T14:27:06.959881+00:00
https://images.metmuseum.org/CRDImages/as/original/24_55_2.jpg,true,1.00000000,250000,,2026-04-28T14:27:32.076433+00:00
https://images.metmuseum.org/CRDImages/as/original/24_80_152_O1_sf.jpg,false,0.18387600,250000,,2026-04-28T14:24:10.939255+00:00
https://images.metmuseum.org/CRDImages/as/original/24_80_159.jpg,true,1.00000000,250000,,2026-04-28T14:26:57.674695+00:00
https://images.metmuseum.org/CRDImages/as/original/24_80_161_56768.jpg,true,1.00000000,250000,,2026-04-28T14:27:07.909551+00:00
https://images.metmuseum.org/CRDImages/as/original/24_80_163_O1.jpg,false,0.00768000,250000,,2026-04-28T14:20:43.942854+00:00
https://images.metmuseum.org/CRDImages/as/original/24_80_166_03.jpg,false,0.00216400,250000,,2026-04-28T14:27:15.411277+00:00
https://images.metmuseum.org/CRDImages/as/original/24_80_171_56703.jpg,true,1.00000000,250000,,2026-04-28T14:27:15.837619+00:00
https://images.metmuseum.org/CRDImages/as/original/24_80_172_56619.jpg,true,1.00000000,250000,,2026-04-28T14:27:32.255446+00:00
https://images.metmuseum.org/CRDImages/as/original/24_80_174_56629.jpg,true,1.00000000,250000,,2026-04-28T14:26:57.787171+00:00
https://images.metmuseum.org/CRDImages/as/original/24_80_269.JPG,true,1.00000000,250000,,2026-04-28T14:27:19.974360+00:00
https://images.metmuseum.org/CRDImages/as/original/24_80_271_S1_sf.jpg,false,0.00000400,250000,,2026-04-28T14:21:33.195923+00:00
https://images.metmuseum.org/CRDImages/as/original/24_80_275_O1_sf.jpg,false,0.06822800,250000,,2026-04-28T14:27:17.475985+00:00
https://images.metmuseum.org/CRDImages/as/original/24_80_276_O2_sf.jpg,false,0.00419600,250000,,2026-04-28T14:27:18.246806+00:00
https://images.metmuseum.org/CRDImages/as/original/24_80_282_01.jpg,false,0.00000800,250000,,2026-04-28T14:27:17.960107+00:00
https://images.metmuseum.org/CRDImages/as/original/24_80_296_56924.jpg,true,1.00000000,250000,,2026-04-28T14:27:21.301330+00:00
https://images.metmuseum.org/CRDImages/as/original/24_80_537.jpg,false,0.00005217,249200,,2026-04-28T14:19:31.864604+00:00
https://images.metmuseum.org/CRDImages/as/original/24_80_543_O2_sf.jpg,false,0.01922800,250000,,2026-04-28T14:27:20.802609+00:00
https://images.metmuseum.org/CRDImages/as/original/24_80_544_O1_sf.jpg,false,0.01756000,250000,,2026-04-28T14:27:17.707548+00:00
https://images.metmuseum.org/CRDImages/as/original/24_80_555_O1_sf.jpg,false,0.00463600,250000,,2026-04-28T14:20:45.280860+00:00
https://images.metmuseum.org/CRDImages/as/original/24_80_557_01.jpg,false,0.08147600,250000,,2026-04-28T14:27:20.189343+00:00
https://images.metmuseum.org/CRDImages/as/original/25_215_10ab.jpg,true,1.00000000,250000,,2026-04-28T14:28:02.859166+00:00
https://images.metmuseum.org/CRDImages/as/original/25_215_11ab_S1_sf.jpg,false,0.00080400,250000,,2026-04-28T14:28:02.930913+00:00
https://images.metmuseum.org/CRDImages/as/original/25_215_13_ab_O1.JPG,false,0.00006800,250000,,2026-04-28T14:28:03.123564+00:00
https://images.metmuseum.org/CRDImages/as/original/25_215_14_O1.jpg,false,0.00000000,229738,,2026-04-28T14:28:03.233887+00:00
https://images.metmuseum.org/CRDImages/as/original/25_215_16ab.jpg,true,1.00000000,250000,,2026-04-28T14:28:03.307645+00:00
https://images.metmuseum.org/CRDImages/as/original/25_215_17ab_O_sf.jpg,false,0.00109600,250000,,2026-04-28T14:28:03.360060+00:00
https://images.metmuseum.org/CRDImages/as/original/25_215_19ab_O_sf.jpg,false,0.00149200,250000,,2026-04-28T14:28:03.591773+00:00
https://images.metmuseum.org/CRDImages/as/original/25_215_26.jpg,true,1.00000000,250000,,2026-04-28T14:28:01.949580+00:00
https://images.metmuseum.org/CRDImages/as/original/25_215_27_O1_sf.jpg,false,0.00000000,250000,,2026-04-28T14:27:22.119696+00:00
https://images.metmuseum.org/CRDImages/as/original/25_215_3ab_S1_sf.jpg,false,0.00000800,250000,,2026-04-28T14:23:44.232201+00:00
https://images.metmuseum.org/CRDImages/as/original/25_219_1_O.jpg,false,0.00047600,250000,,2026-04-28T14:24:51.928857+00:00
https://images.metmuseum.org/CRDImages/as/original/25_222_2_O1_sf.jpg,false,0.00000000,250000,,2026-04-28T14:27:07.648869+00:00
https://images.metmuseum.org/CRDImages/as/original/25_33_3_59215.jpg,true,1.00000000,250000,,2026-04-28T14:27:10.654213+00:00
https://images.metmuseum.org/CRDImages/as/original/25_33_4_59212.jpg,true,1.00000000,250000,,2026-04-28T14:27:13.953678+00:00
https://images.metmuseum.org/CRDImages/as/original/25_60_13.JPG,true,1.00000000,250000,,2026-04-28T14:28:01.196524+00:00
https://images.metmuseum.org/CRDImages/as/original/25_60_15.JPG,true,1.00000000,250000,,2026-04-28T14:28:01.549303+00:00
https://images.metmuseum.org/CRDImages/as/original/25_60_16.JPG,false,0.00072000,250000,,2026-04-28T14:28:01.620324+00:00
https://images.metmuseum.org/CRDImages/as/original/25_60_23.JPG,true,1.00000000,250000,,2026-04-28T14:28:01.753813+00:00
https://images.metmuseum.org/CRDImages/as/original/25_60_26ab.jpg,true,1.00000000,250000,,2026-04-28T14:28:02.032907+00:00
https://images.metmuseum.org/CRDImages/as/original/25_60_27ab.jpg,true,1.00000000,250000,,2026-04-28T14:28:02.110831+00:00
https://images.metmuseum.org/CRDImages/as/original/25_60_28ab.JPG,true,1.00000000,250000,,2026-04-28T14:28:02.199776+00:00
https://images.metmuseum.org/CRDImages/as/original/25_60_33ab.jpg,true,1.00000000,250000,,2026-04-28T14:28:02.692783+00:00
https://images.metmuseum.org/CRDImages/as/original/25_60_9.JPG,true,1.00000000,250000,,2026-04-28T14:27:15.121841+00:00
https://images.metmuseum.org/CRDImages/as/original/25_77_O1.jpg,false,0.00000000,187308,,2026-04-28T14:28:02.776570+00:00
https://images.metmuseum.org/CRDImages/as/original/264225_19.39.1.jpg,true,1.00000000,250000,,2026-04-28T14:01:16.806265+00:00
https://images.metmuseum.org/CRDImages/as/original/264267.jpg,true,1.00000000,250000,,2026-04-28T14:19:37.692581+00:00
https://images.metmuseum.org/CRDImages/as/original/264795_botl.jpg,true,1.00000000,185420,,2026-04-28T14:00:47.588719+00:00
https://images.metmuseum.org/CRDImages/as/original/266555.jpg,true,1.00000000,250000,,2026-04-28T14:19:53.086079+00:00
https://images.metmuseum.org/CRDImages/as/original/267833.jpg,true,1.00000000,250000,,2026-04-28T14:25:27.168718+00:00
https://images.metmuseum.org/CRDImages/as/original/267835.jpg,true,1.00000000,250000,,2026-04-28T14:25:04.983291+00:00
https://images.metmuseum.org/CRDImages/as/original/268180.jpg,true,1.00000000,250000,,2026-04-28T14:19:51.357129+00:00
https://images.metmuseum.org/CRDImages/as/original/268181.jpg,true,1.00000000,250000,,2026-04-28T14:19:52.649987+00:00
https://images.metmuseum.org/CRDImages/as/original/268182.jpg,true,1.00000000,250000,,2026-04-28T14:19:50.945535+00:00
https://images.metmuseum.org/CRDImages/as/original/268183.jpg,true,1.00000000,250000,,2026-04-28T14:19:51.506483+00:00
https://images.metmuseum.org/CRDImages/as/original/268185.jpg,true,1.00000000,250000,,2026-04-28T14:19:51.884443+00:00
https://images.metmuseum.org/CRDImages/as/original/268187.jpg,true,1.00000000,250000,,2026-04-28T14:19:52.844206+00:00
https://images.metmuseum.org/CRDImages/as/original/268189.jpg,true,1.00000000,250000,,2026-04-28T14:01:00.594404+00:00
https://images.metmuseum.org/CRDImages/as/original/268190.jpg,true,1.00000000,250000,,2026-04-28T14:01:00.899948+00:00
https://images.metmuseum.org/CRDImages/as/original/268191.jpg,true,1.00000000,250000,,2026-04-28T14:19:51.068119+00:00
https://images.metmuseum.org/CRDImages/as/original/268195.jpg,true,1.00000000,250000,,2026-04-28T14:19:47.309011+00:00
https://images.metmuseum.org/CRDImages/as/original/26_260_3ab_O1_sf.jpg,false,0.00006000,250000,,2026-04-28T14:24:20.278869+00:00
https://images.metmuseum.org/CRDImages/as/original/26_260_5_66008.jpg,true,1.00000000,250000,,2026-04-28T14:27:32.395466+00:00
https://images.metmuseum.org/CRDImages/as/original/26_292_14_O1_sf.jpg,false,0.00000800,250000,,2026-04-28T14:23:58.895440+00:00
https://images.metmuseum.org/CRDImages/as/original/26_292_20_O2_sf.jpg,false,0.00122000,250000,,2026-04-28T14:27:05.595680+00:00
https://images.metmuseum.org/CRDImages/as/original/26_292_25_O1_sf.jpg,false,0.00000000,250000,,2026-04-28T14:27:04.887615+00:00
https://images.metmuseum.org/CRDImages/as/original/26_292_42_O1_sf.jpg,false,0.00003600,250000,,2026-04-28T14:27:05.193766+00:00
https://images.metmuseum.org/CRDImages/as/original/26_292_48_01.JPG,false,0.00028000,250000,,2026-04-28T14:23:56.662564+00:00
https://images.metmuseum.org/CRDImages/as/original/26_292_55_O1.jpg,false,0.00005200,250000,,2026-04-28T14:24:23.556895+00:00
https://images.metmuseum.org/CRDImages/as/original/26_292_60_103518.jpg,true,1.00000000,250000,,2026-04-28T14:27:03.597789+00:00
https://images.metmuseum.org/CRDImages/as/original/26_292_62_O1_sf.jpg,false,0.00000000,250000,,2026-04-28T14:27:03.682892+00:00
https://images.metmuseum.org/CRDImages/as/original/26_292_67_O3_sf.jpg,false,0.00004000,250000,,2026-04-28T14:27:10.182895+00:00
https://images.metmuseum.org/CRDImages/as/original/26_292_71_103532.jpg,true,1.00000000,250000,,2026-04-28T14:27:04.539009+00:00
https://images.metmuseum.org/CRDImages/as/original/26_292_84_O1.jpg,false,0.00013600,250000,,2026-04-28T14:24:27.806390+00:00
https://images.metmuseum.org/CRDImages/as/original/26_292_86_O1.jpg,false,0.00000000,250000,,2026-04-28T14:24:25.327149+00:00
https://images.metmuseum.org/CRDImages/as/original/26_292_8_S2_sf.jpg,false,0.00000800,250000,,2026-04-28T14:23:58.637906+00:00
https://images.metmuseum.org/CRDImages/as/original/26_292_90_S1_sf.jpg,false,0.05610400,250000,,2026-04-28T14:23:58.075498+00:00
https://images.metmuseum.org/CRDImages/as/original/272338.jpg,true,1.00000000,250000,,2026-04-28T14:24:51.168509+00:00
https://images.metmuseum.org/CRDImages/as/original/27755.jpg,true,1.00000000,250000,,2026-04-28T14:23:25.546133+00:00
https://images.metmuseum.org/CRDImages/as/original/27860.jpg,true,1.00000000,250000,,2026-04-28T14:20:57.572470+00:00
https://images.metmuseum.org/CRDImages/as/original/27869.jpg,true,1.00000000,250000,,2026-04-28T14:21:25.753124+00:00
https://images.metmuseum.org/CRDImages/as/original/27934.jpg,true,1.00000000,250000,,2026-04-28T14:23:42.912269+00:00
https://images.metmuseum.org/CRDImages/as/original/27935.jpg,true,1.00000000,250000,,2026-04-28T14:26:02.325358+00:00
https://images.metmuseum.org/CRDImages/as/original/27971.jpg,true,1.00000000,250000,,2026-04-28T14:23:13.392441+00:00
https://images.metmuseum.org/CRDImages/as/original/27975.jpg,true,1.00000000,250000,,2026-04-28T14:20:55.579397+00:00
https://images.metmuseum.org/CRDImages/as/original/27988.jpg,true,1.00000000,250000,,2026-04-28T14:22:56.239452+00:00
https://images.metmuseum.org/CRDImages/as/original/27991.jpg,true,1.00000000,250000,,2026-04-28T14:22:48.183647+00:00
https://images.metmuseum.org/CRDImages/as/original/27998.jpg,true,1.00000000,250000,,2026-04-28T14:24:13.136024+00:00
https://images.metmuseum.org/CRDImages/as/original/27_119_13.JPG,false,0.00000000,250000,,2026-04-28T14:26:31.979951+00:00
https://images.metmuseum.org/CRDImages/as/original/27_119_4.JPG,false,0.00000000,250000,,2026-04-28T14:27:38.069632+00:00
https://images.metmuseum.org/CRDImages/as/original/27_119_5.JPG,false,0.00000000,250000,,2026-04-28T14:27:38.163134+00:00
https://images.metmuseum.org/CRDImages/as/original/27_119_7.JPG,false,0.00000000,250000,,2026-04-28T14:27:38.264744+00:00
https://images.metmuseum.org/CRDImages/as/original/27_131_1_O1_sf.jpg,false,0.22446800,250000,,2026-04-28T14:22:19.162603+00:00
https://images.metmuseum.org/CRDImages/as/original/27_236_O1_sf.jpg,false,0.00000000,250000,,2026-04-28T14:25:18.089633+00:00
https://images.metmuseum.org/CRDImages/as/original/28002.jpg,true,1.00000000,250000,,2026-04-28T14:25:41.505909+00:00
https://images.metmuseum.org/CRDImages/as/original/28010.jpg,true,1.00000000,250000,,2026-04-28T14:22:13.484176+00:00
https://images.metmuseum.org/CRDImages/as/original/28011.jpg,true,1.00000000,250000,,2026-04-28T14:25:05.735515+00:00
https://images.metmuseum.org/CRDImages/as/original/28012.jpg,true,1.00000000,250000,,2026-04-28T14:19:31.533054+00:00
https://images.metmuseum.org/CRDImages/as/original/28063.jpg,true,1.00000000,250000,,2026-04-28T14:22:31.260573+00:00
https://images.metmuseum.org/CRDImages/as/original/28078.jpg,true,1.00000000,250000,,2026-04-28T14:22:12.133132+00:00
https://images.metmuseum.org/CRDImages/as/original/28106.jpg,true,1.00000000,250000,,2026-04-28T14:26:02.120391+00:00
https://images.metmuseum.org/CRDImages/as/original/28107.jpg,true,1.00000000,250000,,2026-04-28T14:19:31.595490+00:00
https://images.metmuseum.org/CRDImages/as/original/28145.jpg,true,1.00000000,250000,,2026-04-28T14:22:06.042379+00:00
https://images.metmuseum.org/CRDImages/as/original/28160.jpg,true,1.00000000,250000,,2026-04-28T14:24:29.112726+00:00
https://images.metmuseum.org/CRDImages/as/original/28161.jpg,true,1.00000000,250000,,2026-04-28T14:26:06.548469+00:00
https://images.metmuseum.org/CRDImages/as/original/28164.jpg,true,1.00000000,250000,,2026-04-28T14:26:05.953234+00:00
https://images.metmuseum.org/CRDImages/as/original/28168.jpg,true,1.00000000,250000,,2026-04-28T14:24:22.339125+00:00
https://images.metmuseum.org/CRDImages/as/original/28175.jpg,true,1.00000000,250000,,2026-04-28T14:20:54.386963+00:00
https://images.metmuseum.org/CRDImages/as/original/28183.jpg,true,1.00000000,250000,,2026-04-28T14:24:13.689722+00:00
https://images.metmuseum.org/CRDImages/as/original/28184.jpg,true,1.00000000,250000,,2026-04-28T14:22:48.413594+00:00
https://images.metmuseum.org/CRDImages/as/original/28191.jpg,true,1.00000000,250000,,2026-04-28T14:25:02.216123+00:00
https://images.metmuseum.org/CRDImages/as/original/28226.jpg,true,1.00000000,250000,,2026-04-28T14:22:02.638462+00:00
https://images.metmuseum.org/CRDImages/as/original/28228.jpg,true,1.00000000,250000,,2026-04-28T14:22:17.680280+00:00
https://images.metmuseum.org/CRDImages/as/original/28229.jpg,true,1.00000000,250000,,2026-04-28T14:20:58.064438+00:00
https://images.metmuseum.org/CRDImages/as/original/28230.jpg,true,1.00000000,250000,,2026-04-28T14:26:07.371571+00:00
https://images.metmuseum.org/CRDImages/as/original/28236.jpg,true,1.00000000,250000,,2026-04-28T14:20:56.913635+00:00
https://images.metmuseum.org/CRDImages/as/original/28237.jpg,true,1.00000000,250000,,2026-04-28T14:22:07.277169+00:00
https://images.metmuseum.org/CRDImages/as/original/28244.jpg,true,1.00000000,250000,,2026-04-28T14:22:28.616651+00:00
https://images.metmuseum.org/CRDImages/as/original/28368.jpg,true,1.00000000,250000,,2026-04-28T14:25:07.817597+00:00
https://images.metmuseum.org/CRDImages/as/original/28387.jpg,true,1.00000000,250000,,2026-04-28T14:20:31.252707+00:00
https://images.metmuseum.org/CRDImages/as/original/28489.jpg,true,1.00000000,250000,,2026-04-28T14:25:41.156264+00:00
https://images.metmuseum.org/CRDImages/as/original/28492.jpg,true,1.00000000,250000,,2026-04-28T14:22:09.874838+00:00
https://images.metmuseum.org/CRDImages/as/original/28493.jpg,true,1.00000000,250000,,2026-04-28T14:22:26.261262+00:00
https://images.metmuseum.org/CRDImages/as/original/28510.jpg,true,1.00000000,250000,,2026-04-28T14:26:23.834962+00:00
https://images.metmuseum.org/CRDImages/as/original/28528.jpg,true,1.00000000,250000,,2026-04-28T14:21:25.587012+00:00
https://images.metmuseum.org/CRDImages/as/original/28535.jpg,true,1.00000000,250000,,2026-04-28T14:21:34.776746+00:00
https://images.metmuseum.org/CRDImages/as/original/28546.jpg,true,1.00000000,250000,,2026-04-28T14:20:19.332022+00:00
https://images.metmuseum.org/CRDImages/as/original/28557.jpg,true,1.00000000,250000,,2026-04-28T14:26:25.040800+00:00
https://images.metmuseum.org/CRDImages/as/original/28654.jpg,true,1.00000000,250000,,2026-04-28T14:20:57.431325+00:00
https://images.metmuseum.org/CRDImages/as/original/28687.jpg,true,1.00000000,250000,,2026-04-28T14:21:54.340978+00:00
https://images.metmuseum.org/CRDImages/as/original/28689.jpg,true,1.00000000,250000,,2026-04-28T14:20:16.463934+00:00
https://images.metmuseum.org/CRDImages/as/original/28693.jpg,true,1.00000000,250000,,2026-04-28T14:21:33.323004+00:00
https://images.metmuseum.org/CRDImages/as/original/28763.jpg,true,1.00000000,250000,,2026-04-28T14:21:27.248722+00:00
https://images.metmuseum.org/CRDImages/as/original/28764.jpg,true,1.00000000,250000,,2026-04-28T14:20:14.357280+00:00
https://images.metmuseum.org/CRDImages/as/original/28894.jpg,true,1.00000000,250000,,2026-04-28T14:25:12.584314+00:00
https://images.metmuseum.org/CRDImages/as/original/28897.jpg,true,1.00000000,250000,,2026-04-28T14:22:19.452573+00:00
https://images.metmuseum.org/CRDImages/as/original/28901.jpg,true,1.00000000,250000,,2026-04-28T14:21:22.591791+00:00
https://images.metmuseum.org/CRDImages/as/original/29378.jpg,true,1.00000000,250000,,2026-04-28T14:27:31.816468+00:00
https://images.metmuseum.org/CRDImages/as/original/29428.jpg,true,1.00000000,250000,,2026-04-28T14:22:14.217026+00:00
https://images.metmuseum.org/CRDImages/as/original/29430.jpg,true,1.00000000,250000,,2026-04-28T14:21:54.483572+00:00
https://images.metmuseum.org/CRDImages/as/original/29447.jpg,true,1.00000000,250000,,2026-04-28T14:21:19.569423+00:00
https://images.metmuseum.org/CRDImages/as/original/29458.jpg,true,1.00000000,250000,,2026-04-28T14:22:07.520194+00:00
https://images.metmuseum.org/CRDImages/as/original/29462.jpg,true,1.00000000,250000,,2026-04-28T14:23:09.680875+00:00
https://images.metmuseum.org/CRDImages/as/original/29464.jpg,true,1.00000000,250000,,2026-04-28T14:26:28.613685+00:00
https://images.metmuseum.org/CRDImages/as/original/29468.jpg,true,1.00000000,250000,,2026-04-28T14:01:01.894981+00:00
https://images.metmuseum.org/CRDImages/as/original/29473.jpg,true,1.00000000,250000,,2026-04-28T14:27:31.405772+00:00
https://images.metmuseum.org/CRDImages/as/original/29488.jpg,true,1.00000000,250000,,2026-04-28T14:20:15.380962+00:00
https://images.metmuseum.org/CRDImages/as/original/29491.jpg,true,1.00000000,250000,,2026-04-28T14:21:35.620941+00:00
https://images.metmuseum.org/CRDImages/as/original/29493.jpg,true,1.00000000,250000,,2026-04-28T14:21:50.880418+00:00
https://images.metmuseum.org/CRDImages/as/original/29545.jpg,true,1.00000000,250000,,2026-04-28T14:26:49.370428+00:00
https://images.metmuseum.org/CRDImages/as/original/29677.jpg,true,1.00000000,250000,,2026-04-28T14:21:11.527195+00:00
https://images.metmuseum.org/CRDImages/as/original/29679.jpg,true,1.00000000,250000,,2026-04-28T14:21:52.406780+00:00
https://images.metmuseum.org/CRDImages/as/original/29692.jpg,true,1.00000000,250000,,2026-04-28T14:26:27.912807+00:00
https://images.metmuseum.org/CRDImages/as/original/29702.jpg,true,1.00000000,250000,,2026-04-28T14:21:57.170082+00:00
https://images.metmuseum.org/CRDImages/as/original/29704.jpg,true,1.00000000,250000,,2026-04-28T14:23:32.008696+00:00
https://images.metmuseum.org/CRDImages/as/original/29722.jpg,true,1.00000000,250000,,2026-04-28T14:21:11.312350+00:00
https://images.metmuseum.org/CRDImages/as/original/29726.jpg,true,1.00000000,250000,,2026-04-28T14:26:26.735752+00:00
https://images.metmuseum.org/CRDImages/as/original/29744.jpg,true,1.00000000,250000,,2026-04-28T14:23:10.205007+00:00
https://images.metmuseum.org/CRDImages/as/original/29759.jpg,true,1.00000000,250000,,2026-04-28T14:25:15.502796+00:00
https://images.metmuseum.org/CRDImages/as/original/29763.jpg,true,1.00000000,250000,,2026-04-28T14:22:30.713566+00:00
https://images.metmuseum.org/CRDImages/as/original/29771.jpg,true,1.00000000,250000,,2026-04-28T14:26:25.553176+00:00
https://images.metmuseum.org/CRDImages/as/original/29875.jpg,true,1.00000000,250000,,2026-04-28T14:26:26.282908+00:00
https://images.metmuseum.org/CRDImages/as/original/29889.jpg,true,1.00000000,250000,,2026-04-28T14:27:31.045568+00:00
https://images.metmuseum.org/CRDImages/as/original/29940.jpg,true,1.00000000,250000,,2026-04-28T14:22:06.578874+00:00
https://images.metmuseum.org/CRDImages/as/original/29941.jpg,true,1.00000000,250000,,2026-04-28T14:22:06.465922+00:00
https://images.metmuseum.org/CRDImages/as/original/29959.jpg,true,1.00000000,250000,,2026-04-28T14:21:55.780135+00:00
https://images.metmuseum.org/CRDImages/as/original/29960.jpg,true,1.00000000,250000,,2026-04-28T14:27:54.928958+00:00
https://images.metmuseum.org/CRDImages/as/original/29962.jpg,true,1.00000000,250000,,2026-04-28T14:24:28.854975+00:00
https://images.metmuseum.org/CRDImages/as/original/29970.jpg,true,1.00000000,250000,,2026-04-28T14:21:55.674936+00:00
https://images.metmuseum.org/CRDImages/as/original/29972.jpg,true,1.00000000,250000,,2026-04-28T14:22:07.032672+00:00
https://images.metmuseum.org/CRDImages/as/original/29_100_217.jpg,false,0.01888400,250000,,2026-04-28T14:25:04.804338+00:00
https://images.metmuseum.org/CRDImages/as/original/29_100_252_O1_sf.jpg,false,0.08630400,250000,,2026-04-28T14:20:25.640966+00:00
https://images.metmuseum.org/CRDImages/as/original/29_100_266_O1.jpg,false,0.01046400,250000,,2026-04-28T14:20:31.373019+00:00
https://images.metmuseum.org/CRDImages/as/original/29_100_268ab_O1_sf.jpg,false,0.07021200,250000,,2026-04-28T14:20:28.121941+00:00
https://images.metmuseum.org/CRDImages/as/original/29_100_270_a_b_O1.jpg,false,0.00001600,250000,,2026-04-28T14:24:29.478306+00:00
https://images.metmuseum.org/CRDImages/as/original/29_100_284_O1.jpg,false,0.49686400,250000,,2026-04-28T14:25:15.251914+00:00
https://images.metmuseum.org/CRDImages/as/original/29_100_293_O1_sf.jpg,false,0.00000000,250000,,2026-04-28T14:20:45.494400+00:00
https://images.metmuseum.org/CRDImages/as/original/29_100_304_O1.jpg,false,0.00525600,250000,,2026-04-28T14:26:15.369222+00:00
https://images.metmuseum.org/CRDImages/as/original/29_100_613.JPG,true,1.00000000,250000,,2026-04-28T14:28:03.980880+00:00
https://images.metmuseum.org/CRDImages/as/original/29_100_622ab_S1_sf.jpg,false,0.00004000,250000,,2026-04-28T14:21:56.408891+00:00
https://images.metmuseum.org/CRDImages/as/original/29_100_640.JPG,false,0.00044800,250000,,2026-04-28T14:27:38.361799+00:00
https://images.metmuseum.org/CRDImages/as/original/29_100_644_O1.jpg,false,0.00021669,212288,,2026-04-28T14:28:04.769138+00:00
https://images.metmuseum.org/CRDImages/as/original/29_100_645.jpg,true,1.00000000,250000,,2026-04-28T14:28:04.860140+00:00
https://images.metmuseum.org/CRDImages/as/original/29_100_647.JPG,true,1.00000000,250000,,2026-04-28T14:28:05.190719+00:00
https://images.metmuseum.org/CRDImages/as/original/29_100_648.jpg,true,1.00000000,250000,,2026-04-28T14:28:05.263531+00:00
https://images.metmuseum.org/CRDImages/as/original/29_100_649.jpg,true,1.00000000,250000,,2026-04-28T14:28:05.393088+00:00
https://images.metmuseum.org/CRDImages/as/original/29_100_650_O4.jpg,false,0.00002061,242544,,2026-04-28T14:28:05.484399+00:00
https://images.metmuseum.org/CRDImages/as/original/29_100_651.jpg,true,1.00000000,250000,,2026-04-28T14:28:05.573712+00:00
https://images.metmuseum.org/CRDImages/as/original/29_100_652_O1.jpg,false,0.00000000,242544,,2026-04-28T14:28:05.656850+00:00
https://images.metmuseum.org/CRDImages/as/original/29_100_653_O1.jpg,false,0.00002474,242544,,2026-04-28T14:28:05.761344+00:00
https://images.metmuseum.org/CRDImages/as/original/29_100_654.jpg,true,1.00000000,250000,,2026-04-28T14:28:05.867084+00:00
https://images.metmuseum.org/CRDImages/as/original/29_100_656.jpg,true,1.00000000,250000,,2026-04-28T14:28:05.948631+00:00
https://images.metmuseum.org/CRDImages/as/original/29_100_657.jpg,true,1.00000000,250000,,2026-04-28T14:28:06.023764+00:00
https://images.metmuseum.org/CRDImages/as/original/29_100_658_F.jpg,false,0.00006184,242544,,2026-04-28T14:28:06.097146+00:00
https://images.metmuseum.org/CRDImages/as/original/29_100_659.jpg,true,1.00000000,250000,,2026-04-28T14:28:06.196164+00:00
https://images.metmuseum.org/CRDImages/as/original/29_100_660_O_sf.jpg,false,0.00119600,250000,,2026-04-28T14:28:06.268176+00:00
https://images.metmuseum.org/CRDImages/as/original/29_100_661.jpg,true,1.00000000,250000,,2026-04-28T14:28:06.416601+00:00
https://images.metmuseum.org/CRDImages/as/original/29_100_662.jpg,true,1.00000000,250000,,2026-04-28T14:28:06.546253+00:00
https://images.metmuseum.org/CRDImages/as/original/29_100_663.jpg,true,1.00000000,250000,,2026-04-28T14:28:06.625649+00:00
https://images.metmuseum.org/CRDImages/as/original/29_100_665.jpg,true,1.00000000,250000,,2026-04-28T14:28:06.720430+00:00
https://images.metmuseum.org/CRDImages/as/original/29_100_666_O1_sf.jpg,false,0.02039600,250000,,2026-04-28T14:28:06.810159+00:00
https://images.metmuseum.org/CRDImages/as/original/29_100_667.jpg,true,1.00000000,250000,,2026-04-28T14:28:07.126232+00:00
https://images.metmuseum.org/CRDImages/as/original/29_149_19ab_O2_sf.jpg,false,0.00465600,250000,,2026-04-28T14:23:41.082101+00:00
https://images.metmuseum.org/CRDImages/as/original/29_149_21ab_O1_sf.jpg,false,0.02818800,250000,,2026-04-28T14:23:37.208245+00:00
https://images.metmuseum.org/CRDImages/as/original/29_149_22ab_O1_sf.jpg,false,0.08604000,250000,,2026-04-28T14:22:37.648922+00:00
https://images.metmuseum.org/CRDImages/as/original/29_149_24_S1_sf.jpg,false,0.00117600,250000,,2026-04-28T14:26:03.420114+00:00
https://images.metmuseum.org/CRDImages/as/original/29_149_26_O1_sf.jpg,false,0.00035200,250000,,2026-04-28T14:22:36.011577+00:00
https://images.metmuseum.org/CRDImages/as/original/29_149_28_S1_sf.jpg,false,0.00289200,250000,,2026-04-28T14:23:35.328415+00:00
https://images.metmuseum.org/CRDImages/as/original/29_149_3_O1_sf.jpg,false,0.18768800,250000,,2026-04-28T14:23:50.175904+00:00
https://images.metmuseum.org/CRDImages/as/original/29_149_47_O2.jpg,false,0.00024000,250000,,2026-04-28T14:23:42.115168+00:00
https://images.metmuseum.org/CRDImages/as/original/29_149_48_O1_sf.jpg,false,0.01480800,250000,,2026-04-28T14:23:16.805267+00:00
https://images.metmuseum.org/CRDImages/as/original/29_149_64_S1_sf.jpg,false,0.00466000,250000,,2026-04-28T14:22:48.549330+00:00
https://images.metmuseum.org/CRDImages/as/original/29_149_8_O1_sf.jpg,false,0.00553200,250000,,2026-04-28T14:23:40.831039+00:00
https://images.metmuseum.org/CRDImages/as/original/30003.jpg,true,1.00000000,250000,,2026-04-28T14:21:53.512577+00:00
https://images.metmuseum.org/CRDImages/as/original/30010.jpg,true,1.00000000,250000,,2026-04-28T14:22:06.800132+00:00
https://images.metmuseum.org/CRDImages/as/original/30012.jpg,true,1.00000000,250000,,2026-04-28T14:21:54.684313+00:00
https://images.metmuseum.org/CRDImages/as/original/30039.jpg,true,1.00000000,250000,,2026-04-28T14:20:12.306912+00:00
https://images.metmuseum.org/CRDImages/as/original/30040.jpg,true,1.00000000,250000,,2026-04-28T14:22:00.879684+00:00
https://images.metmuseum.org/CRDImages/as/original/30044.jpg,true,1.00000000,250000,,2026-04-28T14:22:10.468546+00:00
https://images.metmuseum.org/CRDImages/as/original/30045.jpg,true,1.00000000,250000,,2026-04-28T14:22:10.389407+00:00
https://images.metmuseum.org/CRDImages/as/original/30056.jpg,true,1.00000000,250000,,2026-04-28T14:21:48.403628+00:00
https://images.metmuseum.org/CRDImages/as/original/30057.jpg,true,1.00000000,250000,,2026-04-28T14:21:48.290694+00:00
https://images.metmuseum.org/CRDImages/as/original/30088.jpg,true,1.00000000,250000,,2026-04-28T14:22:32.764690+00:00
https://images.metmuseum.org/CRDImages/as/original/30089.jpg,true,1.00000000,250000,,2026-04-28T14:20:16.110460+00:00
https://images.metmuseum.org/CRDImages/as/original/30090.jpg,true,1.00000000,250000,,2026-04-28T14:21:49.323984+00:00
https://images.metmuseum.org/CRDImages/as/original/30093.jpg,true,1.00000000,250000,,2026-04-28T14:21:48.508602+00:00
https://images.metmuseum.org/CRDImages/as/original/30098.jpg,true,1.00000000,250000,,2026-04-28T14:22:36.791095+00:00
https://images.metmuseum.org/CRDImages/as/original/30129.jpg,true,1.00000000,250000,,2026-04-28T14:27:25.529514+00:00
https://images.metmuseum.org/CRDImages/as/original/30130.jpg,true,1.00000000,250000,,2026-04-28T14:21:51.970611+00:00
https://images.metmuseum.org/CRDImages/as/original/30132.jpg,true,1.00000000,250000,,2026-04-28T14:20:25.853638+00:00
https://images.metmuseum.org/CRDImages/as/original/30163.jpg,true,1.00000000,250000,,2026-04-28T14:26:31.463543+00:00
https://images.metmuseum.org/CRDImages/as/original/30170.jpg,true,1.00000000,250000,,2026-04-28T14:23:29.257112+00:00
https://images.metmuseum.org/CRDImages/as/original/30180.jpg,true,1.00000000,250000,,2026-04-28T14:23:33.421357+00:00
https://images.metmuseum.org/CRDImages/as/original/30194.jpg,true,1.00000000,250000,,2026-04-28T14:23:43.135443+00:00
https://images.metmuseum.org/CRDImages/as/original/30231.jpg,true,1.00000000,250000,,2026-04-28T14:22:05.273340+00:00
https://images.metmuseum.org/CRDImages/as/original/30244.jpg,true,1.00000000,250000,,2026-04-28T14:21:57.912395+00:00
https://images.metmuseum.org/CRDImages/as/original/30250.jpg,true,1.00000000,250000,,2026-04-28T14:23:08.987960+00:00
https://images.metmuseum.org/CRDImages/as/original/30252.jpg,true,1.00000000,250000,,2026-04-28T14:22:39.921134+00:00
https://images.metmuseum.org/CRDImages/as/original/30292.jpg,true,1.00000000,250000,,2026-04-28T14:21:49.862737+00:00
https://images.metmuseum.org/CRDImages/as/original/30405.jpg,true,1.00000000,250000,,2026-04-28T14:23:15.194705+00:00
https://images.metmuseum.org/CRDImages/as/original/30423.jpg,true,1.00000000,250000,,2026-04-28T14:22:21.482494+00:00
https://images.metmuseum.org/CRDImages/as/original/30445.jpg,true,1.00000000,250000,,2026-04-28T14:22:27.991221+00:00
https://images.metmuseum.org/CRDImages/as/original/30446.jpg,true,1.00000000,250000,,2026-04-28T14:21:55.578638+00:00
https://images.metmuseum.org/CRDImages/as/original/30502.jpg,true,1.00000000,250000,,2026-04-28T14:23:30.810636+00:00
https://images.metmuseum.org/CRDImages/as/original/30_76_64_O1.jpg,false,0.00075200,250000,,2026-04-28T14:26:08.081235+00:00
https://images.metmuseum.org/CRDImages/as/original/30_85_1_S1_sf.jpg,false,0.00001200,250000,,2026-04-28T14:25:15.862546+00:00
https://images.metmuseum.org/CRDImages/as/original/30_85_2ab_S1_sf.jpg,false,0.00000000,250000,,2026-04-28T14:26:08.508205+00:00
https://images.metmuseum.org/CRDImages/as/original/31451.jpg,true,1.00000000,250000,,2026-04-28T14:21:54.789492+00:00
https://images.metmuseum.org/CRDImages/as/original/31_67_1_83375.jpg,true,1.00000000,250000,,2026-04-28T14:26:08.736108+00:00
https://images.metmuseum.org/CRDImages/as/original/32_100_414_88163.jpg,true,1.00000000,250000,,2026-04-28T14:26:20.542687+00:00
https://images.metmuseum.org/CRDImages/as/original/32_100_425_88123.jpg,true,1.00000000,142376,,2026-04-28T14:26:20.693047+00:00
https://images.metmuseum.org/CRDImages/as/original/32_100_432_O1_sf.jpg,false,0.15094000,250000,,2026-04-28T14:20:02.237050+00:00
https://images.metmuseum.org/CRDImages/as/original/32_100_434_O1_sf.jpg,false,0.73429200,250000,,2026-04-28T14:19:32.073090+00:00
https://images.metmuseum.org/CRDImages/as/original/33_40_77_O1_sf.jpg,false,0.02393200,250000,,2026-04-28T14:26:20.751575+00:00
https://images.metmuseum.org/CRDImages/as/original/34679.jpg,true,1.00000000,250000,,2026-04-28T14:26:30.586406+00:00
https://images.metmuseum.org/CRDImages/as/original/34683.jpg,true,1.00000000,250000,,2026-04-28T14:22:47.763249+00:00
https://images.metmuseum.org/CRDImages/as/original/34695.jpg,true,1.00000000,250000,,2026-04-28T14:20:23.986292+00:00
https://images.metmuseum.org/CRDImages/as/original/34943.jpg,true,1.00000000,250000,,2026-04-28T14:26:50.387086+00:00
https://images.metmuseum.org/CRDImages/as/original/34_113_15_01.jpg,false,0.00001200,250000,,2026-04-28T14:23:55.938281+00:00
https://images.metmuseum.org/CRDImages/as/original/34_113_5.jpg,true,1.00000000,250000,,2026-04-28T14:26:21.026471+00:00
https://images.metmuseum.org/CRDImages/as/original/36462.jpg,true,1.00000000,250000,,2026-04-28T14:27:10.819876+00:00
https://images.metmuseum.org/CRDImages/as/original/36675.jpg,true,1.00000000,250000,,2026-04-28T14:20:30.007351+00:00
https://images.metmuseum.org/CRDImages/as/original/36680.jpg,true,1.00000000,250000,,2026-04-28T14:21:23.675006+00:00
https://images.metmuseum.org/CRDImages/as/original/36698.jpg,true,1.00000000,250000,,2026-04-28T14:20:57.036890+00:00
https://images.metmuseum.org/CRDImages/as/original/36700.jpg,true,1.00000000,250000,,2026-04-28T14:22:53.708502+00:00
https://images.metmuseum.org/CRDImages/as/original/36705.jpg,true,1.00000000,250000,,2026-04-28T14:21:20.834306+00:00
https://images.metmuseum.org/CRDImages/as/original/36707.jpg,true,1.00000000,250000,,2026-04-28T14:27:27.792498+00:00
https://images.metmuseum.org/CRDImages/as/original/36708.jpg,true,1.00000000,250000,,2026-04-28T14:27:09.549509+00:00
https://images.metmuseum.org/CRDImages/as/original/36721.jpg,true,1.00000000,250000,,2026-04-28T14:20:10.148533+00:00
https://images.metmuseum.org/CRDImages/as/original/36739.jpg,true,1.00000000,250000,,2026-04-28T14:27:28.748747+00:00
https://images.metmuseum.org/CRDImages/as/original/36740.jpg,true,1.00000000,250000,,2026-04-28T14:24:42.525907+00:00
https://images.metmuseum.org/CRDImages/as/original/36743.jpg,true,1.00000000,250000,,2026-04-28T14:20:07.697808+00:00
https://images.metmuseum.org/CRDImages/as/original/37177.jpg,true,1.00000000,250000,,2026-04-28T14:20:05.512606+00:00
https://images.metmuseum.org/CRDImages/as/original/37708.jpg,true,1.00000000,250000,,2026-04-28T14:23:43.922098+00:00
https://images.metmuseum.org/CRDImages/as/original/37_191_4_O2_sf.jpg,false,0.00036400,250000,,2026-04-28T14:24:31.995641+00:00
https://images.metmuseum.org/CRDImages/as/original/37_191_8_S1_sf.jpg,false,0.00026400,250000,,2026-04-28T14:24:09.261632+00:00
https://images.metmuseum.org/CRDImages/as/original/38_50_134_O1_sf.jpg,false,0.00200400,250000,,2026-04-28T14:26:21.818154+00:00
https://images.metmuseum.org/CRDImages/as/original/39031.jpg,true,1.00000000,250000,,2026-04-28T14:27:29.017414+00:00
https://images.metmuseum.org/CRDImages/as/original/39067.jpg,true,1.00000000,250000,,2026-04-28T14:24:50.016367+00:00
https://images.metmuseum.org/CRDImages/as/original/39_177_01.JPG,false,0.03441200,250000,,2026-04-28T14:23:59.500973+00:00
https://images.metmuseum.org/CRDImages/as/original/39_65_15ab.jpg,false,0.00062000,250000,,2026-04-28T14:26:22.079298+00:00
https://images.metmuseum.org/CRDImages/as/original/39_65_16_118154.jpg,true,1.00000000,250000,,2026-04-28T14:26:22.168472+00:00
https://images.metmuseum.org/CRDImages/as/original/40_87_1_03.JPG,false,0.00006800,250000,,2026-04-28T14:23:55.439747+00:00
https://images.metmuseum.org/CRDImages/as/original/40_87_2_O1.jpg,false,0.00000000,250000,,2026-04-28T14:23:40.214055+00:00
https://images.metmuseum.org/CRDImages/as/original/42175.jpg,true,1.00000000,250000,,2026-04-28T14:27:05.784534+00:00
https://images.metmuseum.org/CRDImages/as/original/42_107_129627.jpg,true,1.00000000,250000,,2026-04-28T14:26:22.246590+00:00
https://images.metmuseum.org/CRDImages/as/original/42_84_O1_sf.jpg,false,0.00006800,250000,,2026-04-28T14:24:10.184238+00:00
https://images.metmuseum.org/CRDImages/as/original/43126.jpg,true,1.00000000,250000,,2026-04-28T14:27:18.783356+00:00
https://images.metmuseum.org/CRDImages/as/original/44121.jpg,true,1.00000000,250000,,2026-04-28T14:27:24.074711+00:00
https://images.metmuseum.org/CRDImages/as/original/44570.jpg,true,1.00000000,250000,,2026-04-28T14:20:41.259109+00:00
https://images.metmuseum.org/CRDImages/as/original/45423.jpg,true,1.00000000,250000,,2026-04-28T14:27:11.643213+00:00
https://images.metmuseum.org/CRDImages/as/original/45431.jpg,true,1.00000000,250000,,2026-04-28T14:27:30.029438+00:00
https://images.metmuseum.org/CRDImages/as/original/46_39_14_O1_sf.jpg,false,0.10652400,250000,,2026-04-28T14:27:08.515957+00:00
https://images.metmuseum.org/CRDImages/as/original/46_39_4ab.jpg,true,1.00000000,250000,,2026-04-28T14:28:07.957564+00:00
https://images.metmuseum.org/CRDImages/as/original/46_39_8_S1.jpg,false,0.01460800,250000,,2026-04-28T14:28:07.183324+00:00
https://images.metmuseum.org/CRDImages/as/original/47110.jpg,true,1.00000000,250000,,2026-04-28T14:23:34.029135+00:00
https://images.metmuseum.org/CRDImages/as/original/49161.jpg,true,1.00000000,250000,,2026-04-28T14:21:30.323890+00:00
https://images.metmuseum.org/CRDImages/as/original/49163.jpg,true,1.00000000,250000,,2026-04-28T14:27:14.559016+00:00
https://images.metmuseum.org/CRDImages/as/original/49165.jpg,true,1.00000000,250000,,2026-04-28T14:23:18.849419+00:00
https://images.metmuseum.org/CRDImages/as/original/49168.jpg,true,1.00000000,250000,,2026-04-28T14:24:15.982258+00:00
https://images.metmuseum.org/CRDImages/as/original/49170.jpg,true,1.00000000,250000,,2026-04-28T14:27:16.670979+00:00
https://images.metmuseum.org/CRDImages/as/original/49173.jpg,true,1.00000000,250000,,2026-04-28T14:27:14.799751+00:00
https://images.metmuseum.org/CRDImages/as/original/49196.jpg,true,1.00000000,250000,,2026-04-28T14:27:19.041140+00:00
https://images.metmuseum.org/CRDImages/as/original/49197.jpg,true,1.00000000,250000,,2026-04-28T14:27:19.347284+00:00
https://images.metmuseum.org/CRDImages/as/original/49235.jpg,true,1.00000000,250000,,2026-04-28T14:27:16.300383+00:00
https://images.metmuseum.org/CRDImages/as/original/49246.jpg,true,1.00000000,250000,,2026-04-28T14:27:16.058732+00:00
https://images.metmuseum.org/CRDImages/as/original/49253.jpg,true,1.00000000,250000,,2026-04-28T14:21:51.770046+00:00
https://images.metmuseum.org/CRDImages/as/original/49254.jpg,true,1.00000000,250000,,2026-04-28T14:21:27.407055+00:00
https://images.metmuseum.org/CRDImages/as/original/50544.jpg,true,1.00000000,250000,,2026-04-28T14:23:43.772311+00:00
https://images.metmuseum.org/CRDImages/as/original/50998.jpg,true,1.00000000,250000,,2026-04-28T14:20:27.001746+00:00
https://images.metmuseum.org/CRDImages/as/original/50_145_242_O1_sf.jpg,false,0.12199200,250000,,2026-04-28T14:21:15.300985+00:00
https://images.metmuseum.org/CRDImages/as/original/50_145_245_O1_sf.jpg,false,0.17262400,250000,,2026-04-28T14:20:11.287779+00:00
https://images.metmuseum.org/CRDImages/as/original/50_145_256_149839.jpg,true,1.00000000,250000,,2026-04-28T14:27:21.095831+00:00
https://images.metmuseum.org/CRDImages/as/original/50_145_257ab_O1_sf.jpg,false,0.26296800,250000,,2026-04-28T14:21:28.798390+00:00
https://images.metmuseum.org/CRDImages/as/original/50_145_258_O1.jpg,false,0.00232800,250000,,2026-04-28T14:27:20.975519+00:00
https://images.metmuseum.org/CRDImages/as/original/50_145_259_S1_sf.jpg,false,0.00004000,250000,,2026-04-28T14:21:33.464013+00:00
https://images.metmuseum.org/CRDImages/as/original/50_145_282_149906.jpg,true,1.00000000,250000,,2026-04-28T14:27:18.689269+00:00
https://images.metmuseum.org/CRDImages/as/original/50_145_285_S3_sf.jpg,false,0.00005200,250000,,2026-04-28T14:27:18.405501+00:00
https://images.metmuseum.org/CRDImages/as/original/50_145_287_148388.jpg,true,1.00000000,250000,,2026-04-28T14:27:18.554942+00:00
https://images.metmuseum.org/CRDImages/as/original/50_145_293_148358.jpg,true,1.00000000,250000,,2026-04-28T14:27:18.159171+00:00
https://images.metmuseum.org/CRDImages/as/original/50_145_296_O1_sf.jpg,false,0.09294400,250000,,2026-04-28T14:21:29.294516+00:00
https://images.metmuseum.org/CRDImages/as/original/50_145_305_O1.jpg,false,0.00002400,250000,,2026-04-28T14:23:40.337935+00:00
https://images.metmuseum.org/CRDImages/as/original/50_145_322_O1_sf.jpg,false,0.09587200,250000,,2026-04-28T14:24:43.514370+00:00
https://images.metmuseum.org/CRDImages/as/original/50_221_1_O1_sf.jpg,false,0.11458400,250000,,2026-04-28T14:27:32.853827+00:00
https://images.metmuseum.org/CRDImages/as/original/50_221_36_O1_sf.jpg,false,0.11858000,250000,,2026-04-28T14:21:19.365224+00:00
https://images.metmuseum.org/CRDImages/as/original/50_221_40_O1_sf.jpg,false,0.25061600,250000,,2026-04-28T14:21:50.621823+00:00
https://images.metmuseum.org/CRDImages/as/original/50_221_42.JPG,true,1.00000000,250000,,2026-04-28T14:27:20.042592+00:00
https://images.metmuseum.org/CRDImages/as/original/50_221_48_O1_sf.jpg,false,0.13805600,250000,,2026-04-28T14:21:26.430725+00:00
https://images.metmuseum.org/CRDImages/as/original/50_221_7_O2.jpg,false,0.01686000,250000,,2026-04-28T14:27:10.408610+00:00
https://images.metmuseum.org/CRDImages/as/original/50_221_8_O1_sf.jpg,false,0.00488000,250000,,2026-04-28T14:27:04.216182+00:00
https://images.metmuseum.org/CRDImages/as/original/51002.jpg,true,1.00000000,250000,,2026-04-28T14:26:47.218328+00:00
https://images.metmuseum.org/CRDImages/as/original/53853.jpg,true,1.00000000,250000,,2026-04-28T14:19:35.494287+00:00
https://images.metmuseum.org/CRDImages/as/original/54369.jpg,true,1.00000000,250000,,2026-04-28T14:24:38.908723+00:00
https://images.metmuseum.org/CRDImages/as/original/54370.jpg,true,1.00000000,250000,,2026-04-28T14:24:36.908274+00:00
https://images.metmuseum.org/CRDImages/as/original/54371.jpg,true,1.00000000,250000,,2026-04-28T14:20:05.185657+00:00
https://images.metmuseum.org/CRDImages/as/original/54372.jpg,true,1.00000000,250000,,2026-04-28T14:20:05.995364+00:00
https://images.metmuseum.org/CRDImages/as/original/54373.jpg,true,1.00000000,250000,,2026-04-28T14:20:01.950259+00:00
https://images.metmuseum.org/CRDImages/as/original/54456.jpg,true,1.00000000,250000,,2026-04-28T14:27:59.675012+00:00
https://images.metmuseum.org/CRDImages/as/original/54586.jpg,true,1.00000000,250000,,2026-04-28T14:20:17.982800+00:00
https://images.metmuseum.org/CRDImages/as/original/54624.jpg,true,1.00000000,250000,,2026-04-28T14:21:47.668489+00:00
https://images.metmuseum.org/CRDImages/as/original/54725.jpg,true,1.00000000,250000,,2026-04-28T14:22:06.214060+00:00
https://images.metmuseum.org/CRDImages/as/original/54734.jpg,true,1.00000000,250000,,2026-04-28T14:23:16.247688+00:00
https://images.metmuseum.org/CRDImages/as/original/54739.jpg,true,1.00000000,250000,,2026-04-28T14:22:01.025846+00:00
https://images.metmuseum.org/CRDImages/as/original/54746.jpg,true,1.00000000,250000,,2026-04-28T14:27:58.552631+00:00
https://images.metmuseum.org/CRDImages/as/original/54748.jpg,true,1.00000000,250000,,2026-04-28T14:22:17.902262+00:00
https://images.metmuseum.org/CRDImages/as/original/54750.jpg,true,1.00000000,250000,,2026-04-28T14:23:29.971401+00:00
https://images.metmuseum.org/CRDImages/as/original/54751.jpg,true,1.00000000,250000,,2026-04-28T14:21:33.740215+00:00
https://images.metmuseum.org/CRDImages/as/original/54768.jpg,true,1.00000000,250000,,2026-04-28T14:23:36.451625+00:00
https://images.metmuseum.org/CRDImages/as/original/54770.jpg,true,1.00000000,250000,,2026-04-28T14:23:15.935216+00:00
https://images.metmuseum.org/CRDImages/as/original/54787.jpg,true,1.00000000,250000,,2026-04-28T14:24:42.110475+00:00
https://images.metmuseum.org/CRDImages/as/original/54789.jpg,true,1.00000000,250000,,2026-04-28T14:21:56.048109+00:00
https://images.metmuseum.org/CRDImages/as/original/54895.jpg,true,1.00000000,250000,,2026-04-28T14:22:12.881009+00:00
https://images.metmuseum.org/CRDImages/as/original/54923.jpg,true,1.00000000,250000,,2026-04-28T14:20:18.759867+00:00
https://images.metmuseum.org/CRDImages/as/original/54933.jpg,true,1.00000000,250000,,2026-04-28T14:22:42.015718+00:00
https://images.metmuseum.org/CRDImages/as/original/54940.jpg,true,1.00000000,250000,,2026-04-28T14:22:54.974875+00:00
https://images.metmuseum.org/CRDImages/as/original/54941.jpg,true,1.00000000,250000,,2026-04-28T14:22:54.736381+00:00
https://images.metmuseum.org/CRDImages/as/original/54944.jpg,true,1.00000000,250000,,2026-04-28T14:23:21.555208+00:00
https://images.metmuseum.org/CRDImages/as/original/54_150_2_O1_sf.jpg,false,0.10196800,250000,,2026-04-28T14:27:33.468163+00:00
https://images.metmuseum.org/CRDImages/as/original/55003.jpg,true,1.00000000,250000,,2026-04-28T14:22:00.219086+00:00
https://images.metmuseum.org/CRDImages/as/original/55007.jpg,true,1.00000000,250000,,2026-04-28T14:22:03.899310+00:00
https://images.metmuseum.org/CRDImages/as/original/55008.jpg,true,1.00000000,250000,,2026-04-28T14:19:49.948397+00:00
https://images.metmuseum.org/CRDImages/as/original/55010.jpg,true,1.00000000,250000,,2026-04-28T14:21:59.499613+00:00
https://images.metmuseum.org/CRDImages/as/original/55012.jpg,true,1.00000000,250000,,2026-04-28T14:22:49.086456+00:00
https://images.metmuseum.org/CRDImages/as/original/55013.jpg,true,1.00000000,250000,,2026-04-28T14:22:02.941479+00:00
https://images.metmuseum.org/CRDImages/as/original/55021.jpg,true,1.00000000,250000,,2026-04-28T14:23:26.159004+00:00
https://images.metmuseum.org/CRDImages/as/original/55155.jpg,true,1.00000000,250000,,2026-04-28T14:20:15.599346+00:00
https://images.metmuseum.org/CRDImages/as/original/55157.jpg,true,1.00000000,250000,,2026-04-28T14:22:01.904518+00:00
https://images.metmuseum.org/CRDImages/as/original/55175.jpg,true,1.00000000,250000,,2026-04-28T14:22:13.099997+00:00
https://images.metmuseum.org/CRDImages/as/original/55263.jpg,true,1.00000000,250000,,2026-04-28T14:23:28.840276+00:00
https://images.metmuseum.org/CRDImages/as/original/55264.jpg,true,1.00000000,250000,,2026-04-28T14:20:22.255753+00:00
https://images.metmuseum.org/CRDImages/as/original/55268.jpg,true,1.00000000,250000,,2026-04-28T14:21:22.217402+00:00
https://images.metmuseum.org/CRDImages/as/original/55270.jpg,true,1.00000000,250000,,2026-04-28T14:20:43.398699+00:00
https://images.metmuseum.org/CRDImages/as/original/55274.jpg,true,1.00000000,250000,,2026-04-28T14:22:33.375989+00:00
https://images.metmuseum.org/CRDImages/as/original/55489.jpg,true,1.00000000,250000,,2026-04-28T14:22:17.110343+00:00
https://images.metmuseum.org/CRDImages/as/original/55587.jpg,true,1.00000000,250000,,2026-04-28T14:20:40.961643+00:00
https://images.metmuseum.org/CRDImages/as/original/55588.jpg,true,1.00000000,250000,,2026-04-28T14:20:03.701081+00:00
https://images.metmuseum.org/CRDImages/as/original/55589.jpg,true,1.00000000,250000,,2026-04-28T14:20:03.896605+00:00
https://images.metmuseum.org/CRDImages/as/original/55591.jpg,true,1.00000000,250000,,2026-04-28T14:20:07.087501+00:00
https://images.metmuseum.org/CRDImages/as/original/56307.jpg,true,1.00000000,250000,,2026-04-28T14:21:31.391554+00:00
https://images.metmuseum.org/CRDImages/as/original/56686.jpg,true,1.00000000,250000,,2026-04-28T14:24:05.489945+00:00
https://images.metmuseum.org/CRDImages/as/original/57125.jpg,true,1.00000000,250000,,2026-04-28T14:27:12.281084+00:00
https://images.metmuseum.org/CRDImages/as/original/59517.jpg,true,1.00000000,250000,,2026-04-28T14:23:09.895701+00:00
https://images.metmuseum.org/CRDImages/as/original/59542.jpg,true,1.00000000,250000,,2026-04-28T14:22:30.173715+00:00
https://images.metmuseum.org/CRDImages/as/original/61_200_10ab_O2_sf.jpg,false,0.45120400,250000,,2026-04-28T14:24:14.391942+00:00
https://images.metmuseum.org/CRDImages/as/original/61_200_14_O1_sf.jpg,false,0.20686000,250000,,2026-04-28T14:20:26.362473+00:00
https://images.metmuseum.org/CRDImages/as/original/61_200_15ab_O1_sf.jpg,false,0.14409200,250000,,2026-04-28T14:20:32.269580+00:00
https://images.metmuseum.org/CRDImages/as/original/61_200_17_O2_sf.jpg,false,0.07532000,250000,,2026-04-28T14:20:20.728146+00:00
https://images.metmuseum.org/CRDImages/as/original/61_200_22_tms.JPG,true,1.00000000,250000,,2026-04-28T14:26:00.720300+00:00
https://images.metmuseum.org/CRDImages/as/original/61_200_29_O1_sf.jpg,false,0.21110800,250000,,2026-04-28T14:25:59.490399+00:00
https://images.metmuseum.org/CRDImages/as/original/61_200_30_O1_sf.jpg,false,0.38070800,250000,,2026-04-28T14:25:43.319983+00:00
https://images.metmuseum.org/CRDImages/as/original/61_200_32_O1_sf.jpg,false,0.00022800,250000,,2026-04-28T14:19:25.409072+00:00
https://images.metmuseum.org/CRDImages/as/original/61_200_33_O1.jpg,false,0.00186400,250000,,2026-04-28T14:25:00.567915+00:00
https://images.metmuseum.org/CRDImages/as/original/61_200_3_O1_sf.jpg,false,0.03862000,250000,,2026-04-28T14:24:13.320171+00:00
https://images.metmuseum.org/CRDImages/as/original/61_200_43_01.jpg,false,0.00057200,250000,,2026-04-28T14:25:42.876507+00:00
https://images.metmuseum.org/CRDImages/as/original/61_200_49ab_O2_sf.jpg,false,0.02186400,250000,,2026-04-28T14:20:06.854120+00:00
https://images.metmuseum.org/CRDImages/as/original/61_200_53_O1_sf.jpg,false,0.10349200,250000,,2026-04-28T14:25:42.437225+00:00
https://images.metmuseum.org/CRDImages/as/original/61_200_55_O1_sf.jpg,false,0.05972800,250000,,2026-04-28T14:20:27.267935+00:00
https://images.metmuseum.org/CRDImages/as/original/61_200_68_O1_sf.jpg,false,0.00000000,250000,,2026-04-28T14:20:04.122069+00:00
https://images.metmuseum.org/CRDImages/as/original/61_200_9_O3_sf.jpg,false,0.42748000,250000,,2026-04-28T14:20:32.435455+00:00
https://images.metmuseum.org/CRDImages/as/original/62547.jpg,true,1.00000000,250000,,2026-04-28T14:20:10.853822+00:00
https://images.metmuseum.org/CRDImages/as/original/62562.jpg,true,1.00000000,250000,,2026-04-28T14:21:25.090699+00:00
https://images.metmuseum.org/CRDImages/as/original/62687.jpg,true,1.00000000,250000,,2026-04-28T14:28:03.503425+00:00
https://images.metmuseum.org/CRDImages/as/original/62775.jpg,true,1.00000000,250000,,2026-04-28T14:24:00.303492+00:00
https://images.metmuseum.org/CRDImages/as/original/62_222_3.jpg,true,1.00000000,192941,,2026-04-28T14:25:41.103268+00:00
https://images.metmuseum.org/CRDImages/as/original/63_165_1.JPG,false,0.00018800,250000,,2026-04-28T14:27:38.595243+00:00
https://images.metmuseum.org/CRDImages/as/original/63_177ab.JPG,false,0.03422800,250000,,2026-04-28T14:19:28.705939+00:00
https://images.metmuseum.org/CRDImages/as/original/63_213_17ab_O1.jpg,false,0.00068800,250000,,2026-04-28T14:23:20.543438+00:00
https://images.metmuseum.org/CRDImages/as/original/63_79_02.jpg,false,0.00053600,250000,,2026-04-28T14:25:40.879818+00:00
https://images.metmuseum.org/CRDImages/as/original/65_147.JPG,true,1.00000000,250000,,2026-04-28T14:28:08.038363+00:00
https://images.metmuseum.org/CRDImages/as/original/65_155_63_02.jpg,false,0.00004400,250000,,2026-04-28T14:25:33.554228+00:00
https://images.metmuseum.org/CRDImages/as/original/65_155_68_O1_sf.jpg,false,0.13914000,250000,,2026-04-28T14:24:02.399067+00:00
https://images.metmuseum.org/CRDImages/as/original/65_1_2.JPG,false,0.00051200,250000,,2026-04-28T14:25:08.734300+00:00
https://images.metmuseum.org/CRDImages/as/original/65_225_4.jpg,true,1.00000000,229964,,2026-04-28T14:19:39.646928+00:00
https://images.metmuseum.org/CRDImages/as/original/65_60_1ab_182117.jpg,true,1.00000000,250000,,2026-04-28T14:00:50.860245+00:00
https://images.metmuseum.org/CRDImages/as/original/65_82_3_O1_sf.jpg,false,0.00000000,250000,,2026-04-28T14:25:40.091543+00:00
https://images.metmuseum.org/CRDImages/as/original/65_86_31_S1_sf.jpg,false,0.00002800,250000,,2026-04-28T14:25:34.681727+00:00
https://images.metmuseum.org/CRDImages/as/original/65_86_34_182491.jpg,true,1.00000000,250000,,2026-04-28T14:25:34.597898+00:00
https://images.metmuseum.org/CRDImages/as/original/65_86_48_182517.jpg,true,1.00000000,250000,,2026-04-28T14:25:33.754222+00:00
https://images.metmuseum.org/CRDImages/as/original/65_86_4_182482.jpg,true,1.00000000,250000,,2026-04-28T14:25:39.884287+00:00
https://images.metmuseum.org/CRDImages/as/original/66007.jpg,true,1.00000000,250000,,2026-04-28T14:23:38.941257+00:00
https://images.metmuseum.org/CRDImages/as/original/66658.jpg,true,1.00000000,250000,,2026-04-28T14:27:01.314718+00:00
https://images.metmuseum.org/CRDImages/as/original/66_156_1_S1_sf.jpg,false,0.00035200,250000,,2026-04-28T14:24:33.752359+00:00
https://images.metmuseum.org/CRDImages/as/original/66_182_2_O2_sf.jpg,false,0.00000000,250000,,2026-04-28T14:25:33.258336+00:00
https://images.metmuseum.org/CRDImages/as/original/66_206_10.jpg,true,1.00000000,238500,,2026-04-28T14:25:32.913170+00:00
https://images.metmuseum.org/CRDImages/as/original/66_206_11_186317.jpg,false,0.04650400,250000,,2026-04-28T14:19:39.285100+00:00
https://images.metmuseum.org/CRDImages/as/original/66_206_14_O2_sf.jpg,false,0.00251200,250000,,2026-04-28T14:19:38.510238+00:00
https://images.metmuseum.org/CRDImages/as/original/66_206_1_O1.jpg,false,0.04007200,250000,,2026-04-28T14:24:07.862079+00:00
https://images.metmuseum.org/CRDImages/as/original/66_206_6.jpg,true,1.00000000,250000,,2026-04-28T14:19:38.948187+00:00
https://images.metmuseum.org/CRDImages/as/original/66_206_7_186313.jpg,false,0.06901600,250000,,2026-04-28T14:19:39.888053+00:00
https://images.metmuseum.org/CRDImages/as/original/66_206_8.jpg,true,1.00000000,147888,,2026-04-28T14:19:39.549835+00:00
https://images.metmuseum.org/CRDImages/as/original/66_206_9.jpg,true,1.00000000,237490,,2026-04-28T14:25:33.196683+00:00
https://images.metmuseum.org/CRDImages/as/original/67828.jpg,true,1.00000000,250000,,2026-04-28T14:19:41.986475+00:00
https://images.metmuseum.org/CRDImages/as/original/67_43_3_S1_sf.jpg,false,0.01596400,250000,,2026-04-28T14:25:27.680163+00:00
https://images.metmuseum.org/CRDImages/as/original/67_55_32_O1_sf.jpg,false,0.20291600,250000,,2026-04-28T14:21:29.434944+00:00
https://images.metmuseum.org/CRDImages/as/original/68_25_1_O1_sf.jpg,false,0.08952800,250000,,2026-04-28T14:23:32.361637+00:00
https://images.metmuseum.org/CRDImages/as/original/68_25_4.JPG,true,1.00000000,250000,,2026-04-28T14:23:15.138174+00:00
https://images.metmuseum.org/CRDImages/as/original/68_25_5_O1.jpg,false,0.54592400,250000,,2026-04-28T14:25:27.908934+00:00
https://images.metmuseum.org/CRDImages/as/original/69_229_192219.jpg,true,1.00000000,250000,,2026-04-28T14:25:29.098148+00:00
https://images.metmuseum.org/CRDImages/as/original/71567.jpg,true,1.00000000,250000,,2026-04-28T14:25:05.348568+00:00
https://images.metmuseum.org/CRDImages/as/original/72028.jpg,true,1.00000000,250000,,2026-04-28T14:23:24.762124+00:00
https://images.metmuseum.org/CRDImages/as/original/72029.jpg,true,1.00000000,250000,,2026-04-28T14:23:25.137451+00:00
https://images.metmuseum.org/CRDImages/as/original/73133.jpg,true,1.00000000,250000,,2026-04-28T14:27:03.136266+00:00
https://images.metmuseum.org/CRDImages/as/original/74078.jpg,true,1.00000000,250000,,2026-04-28T14:24:29.900425+00:00
https://images.metmuseum.org/CRDImages/as/original/74079.jpg,true,1.00000000,250000,,2026-04-28T14:19:33.808142+00:00
https://images.metmuseum.org/CRDImages/as/original/74081.jpg,true,1.00000000,250000,,2026-04-28T14:20:02.867321+00:00
https://images.metmuseum.org/CRDImages/as/original/74082.jpg,true,1.00000000,250000,,2026-04-28T14:27:02.187366+00:00
https://images.metmuseum.org/CRDImages/as/original/74089.jpg,true,1.00000000,250000,,2026-04-28T14:23:56.835705+00:00
https://images.metmuseum.org/CRDImages/as/original/74090.jpg,true,1.00000000,250000,,2026-04-28T14:24:01.377077+00:00
https://images.metmuseum.org/CRDImages/as/original/74237.jpg,true,1.00000000,250000,,2026-04-28T14:20:27.965240+00:00
https://images.metmuseum.org/CRDImages/as/original/75497.jpg,true,1.00000000,250000,,2026-04-28T14:23:17.522262+00:00
https://images.metmuseum.org/CRDImages/as/original/75840.jpg,true,1.00000000,250000,,2026-04-28T14:24:23.503004+00:00
https://images.metmuseum.org/CRDImages/as/original/75842.jpg,true,1.00000000,250000,,2026-04-28T14:24:14.803398+00:00
https://images.metmuseum.org/CRDImages/as/original/75844.jpg,true,1.00000000,250000,,2026-04-28T14:26:19.959484+00:00
https://images.metmuseum.org/CRDImages/as/original/75848.jpg,true,1.00000000,250000,,2026-04-28T14:26:22.632579+00:00
https://images.metmuseum.org/CRDImages/as/original/75849.jpg,true,1.00000000,250000,,2026-04-28T14:25:03.652683+00:00
https://images.metmuseum.org/CRDImages/as/original/75851.jpg,true,1.00000000,250000,,2026-04-28T14:24:00.870792+00:00
https://images.metmuseum.org/CRDImages/as/original/75954.jpg,true,1.00000000,250000,,2026-04-28T14:24:01.173785+00:00
https://images.metmuseum.org/CRDImages/as/original/75957.jpg,true,1.00000000,250000,,2026-04-28T14:26:19.500465+00:00
https://images.metmuseum.org/CRDImages/as/original/75965.jpg,true,1.00000000,250000,,2026-04-28T14:27:06.384516+00:00
https://images.metmuseum.org/CRDImages/as/original/75973.jpg,true,1.00000000,250000,,2026-04-28T14:22:23.176012+00:00
https://images.metmuseum.org/CRDImages/as/original/75975.jpg,true,1.00000000,250000,,2026-04-28T14:23:14.619017+00:00
https://images.metmuseum.org/CRDImages/as/original/75979.jpg,true,1.00000000,250000,,2026-04-28T14:26:18.580569+00:00
https://images.metmuseum.org/CRDImages/as/original/75984.jpg,true,1.00000000,250000,,2026-04-28T14:26:16.633246+00:00
https://images.metmuseum.org/CRDImages/as/original/75986.jpg,true,1.00000000,250000,,2026-04-28T14:26:16.389459+00:00
https://images.metmuseum.org/CRDImages/as/original/75991.jpg,true,1.00000000,250000,,2026-04-28T14:26:16.166795+00:00
https://images.metmuseum.org/CRDImages/as/original/75992.jpg,true,1.00000000,250000,,2026-04-28T14:26:15.820182+00:00
https://images.metmuseum.org/CRDImages/as/original/75993.jpg,true,1.00000000,250000,,2026-04-28T14:26:15.480235+00:00
https://images.metmuseum.org/CRDImages/as/original/75998.jpg,true,1.00000000,250000,,2026-04-28T14:20:55.266172+00:00
https://images.metmuseum.org/CRDImages/as/original/76002.jpg,true,1.00000000,250000,,2026-04-28T14:23:55.138994+00:00
https://images.metmuseum.org/CRDImages/as/original/76004.jpg,true,1.00000000,250000,,2026-04-28T14:26:10.768137+00:00
https://images.metmuseum.org/CRDImages/as/original/76005.jpg,true,1.00000000,250000,,2026-04-28T14:26:10.548471+00:00
https://images.metmuseum.org/CRDImages/as/original/76006.jpg,true,1.00000000,250000,,2026-04-28T14:21:20.733028+00:00
https://images.metmuseum.org/CRDImages/as/original/76007.jpg,true,1.00000000,250000,,2026-04-28T14:26:10.068311+00:00
https://images.metmuseum.org/CRDImages/as/original/76008.jpg,true,1.00000000,250000,,2026-04-28T14:26:08.929872+00:00
https://images.metmuseum.org/CRDImages/as/original/76013.jpg,true,1.00000000,250000,,2026-04-28T14:21:25.289851+00:00
https://images.metmuseum.org/CRDImages/as/original/76093.jpg,true,1.00000000,250000,,2026-04-28T14:26:12.801590+00:00
https://images.metmuseum.org/CRDImages/as/original/76097.jpg,true,1.00000000,250000,,2026-04-28T14:26:18.966801+00:00
https://images.metmuseum.org/CRDImages/as/original/76098.jpg,true,1.00000000,250000,,2026-04-28T14:21:35.779061+00:00
https://images.metmuseum.org/CRDImages/as/original/76099.jpg,true,1.00000000,250000,,2026-04-28T14:20:21.914922+00:00
https://images.metmuseum.org/CRDImages/as/original/76102.jpg,true,1.00000000,250000,,2026-04-28T14:26:17.894525+00:00
https://images.metmuseum.org/CRDImages/as/original/76104.jpg,true,1.00000000,250000,,2026-04-28T14:26:17.114349+00:00
https://images.metmuseum.org/CRDImages/as/original/76105.jpg,true,1.00000000,250000,,2026-04-28T14:22:48.050039+00:00
https://images.metmuseum.org/CRDImages/as/original/76110.jpg,true,1.00000000,250000,,2026-04-28T14:26:14.376484+00:00
https://images.metmuseum.org/CRDImages/as/original/76114.jpg,true,1.00000000,250000,,2026-04-28T14:26:13.135850+00:00
https://images.metmuseum.org/CRDImages/as/original/76143.jpg,true,1.00000000,250000,,2026-04-28T14:26:19.212913+00:00
https://images.metmuseum.org/CRDImages/as/original/76333.jpg,true,1.00000000,250000,,2026-04-28T14:24:44.301926+00:00
https://images.metmuseum.org/CRDImages/as/original/76334.jpg,true,1.00000000,250000,,2026-04-28T14:22:45.941591+00:00
https://images.metmuseum.org/CRDImages/as/original/76335.jpg,true,1.00000000,250000,,2026-04-28T14:21:59.839888+00:00
https://images.metmuseum.org/CRDImages/as/original/76336.jpg,true,1.00000000,250000,,2026-04-28T14:22:18.560907+00:00
https://images.metmuseum.org/CRDImages/as/original/76337.jpg,true,1.00000000,250000,,2026-04-28T14:24:47.639111+00:00
https://images.metmuseum.org/CRDImages/as/original/76341.jpg,true,1.00000000,250000,,2026-04-28T14:22:28.905997+00:00
https://images.metmuseum.org/CRDImages/as/original/76342.jpg,true,1.00000000,250000,,2026-04-28T14:21:14.441301+00:00
https://images.metmuseum.org/CRDImages/as/original/76343.jpg,true,1.00000000,250000,,2026-04-28T14:22:38.904286+00:00
https://images.metmuseum.org/CRDImages/as/original/76345.jpg,true,1.00000000,250000,,2026-04-28T14:23:22.985165+00:00
https://images.metmuseum.org/CRDImages/as/original/76346.jpg,true,1.00000000,250000,,2026-04-28T14:23:32.774691+00:00
https://images.metmuseum.org/CRDImages/as/original/76348.jpg,true,1.00000000,250000,,2026-04-28T14:22:50.619745+00:00
https://images.metmuseum.org/CRDImages/as/original/76352.jpg,true,1.00000000,250000,,2026-04-28T14:22:40.174034+00:00
https://images.metmuseum.org/CRDImages/as/original/76354.jpg,true,1.00000000,250000,,2026-04-28T14:22:24.879180+00:00
https://images.metmuseum.org/CRDImages/as/original/76368.jpg,true,1.00000000,250000,,2026-04-28T14:01:00.031062+00:00
https://images.metmuseum.org/CRDImages/as/original/76635.jpg,true,1.00000000,250000,,2026-04-28T14:26:17.579420+00:00
https://images.metmuseum.org/CRDImages/as/original/78400.jpg,true,1.00000000,250000,,2026-04-28T14:23:35.856560+00:00
https://images.metmuseum.org/CRDImages/as/original/78403.jpg,true,1.00000000,250000,,2026-04-28T14:26:04.223257+00:00
https://images.metmuseum.org/CRDImages/as/original/78404.jpg,true,1.00000000,250000,,2026-04-28T14:26:03.675950+00:00
https://images.metmuseum.org/CRDImages/as/original/78417.jpg,true,1.00000000,250000,,2026-04-28T14:22:36.394543+00:00
https://images.metmuseum.org/CRDImages/as/original/78421.jpg,true,1.00000000,250000,,2026-04-28T14:22:31.208865+00:00
https://images.metmuseum.org/CRDImages/as/original/78422.jpg,true,1.00000000,250000,,2026-04-28T14:23:46.381915+00:00
https://images.metmuseum.org/CRDImages/as/original/78444.jpg,true,1.00000000,250000,,2026-04-28T14:22:28.534178+00:00
https://images.metmuseum.org/CRDImages/as/original/79_2_1003_O1_sf.jpg,false,0.06069200,250000,,2026-04-28T14:22:13.959967+00:00
https://images.metmuseum.org/CRDImages/as/original/79_2_1026_O1_sf.jpg,false,0.43401200,250000,,2026-04-28T14:21:21.191203+00:00
https://images.metmuseum.org/CRDImages/as/original/79_2_1028_O1_sf.jpg,false,0.07564000,250000,,2026-04-28T14:21:35.823270+00:00
https://images.metmuseum.org/CRDImages/as/original/79_2_1030_O.JPG,true,1.00000000,164538,,2026-04-28T14:27:40.257299+00:00
https://images.metmuseum.org/CRDImages/as/original/79_2_1079_O1_sf.jpg,false,0.00005600,250000,,2026-04-28T14:22:22.611027+00:00
https://images.metmuseum.org/CRDImages/as/original/79_2_107_O1_sf.jpg,false,0.16887200,250000,,2026-04-28T14:26:00.916489+00:00
https://images.metmuseum.org/CRDImages/as/original/79_2_1081_O1_sf.jpg,false,0.00004400,250000,,2026-04-28T14:22:23.236709+00:00
https://images.metmuseum.org/CRDImages/as/original/79_2_108_S1_sf.jpg,false,0.37896800,250000,,2026-04-28T14:22:30.960505+00:00
https://images.metmuseum.org/CRDImages/as/original/79_2_1138_O1_sf.jpg,false,0.00747600,250000,,2026-04-28T14:22:09.179012+00:00
https://images.metmuseum.org/CRDImages/as/original/79_2_1146_O.JPG,true,1.00000000,121705,,2026-04-28T14:26:59.260872+00:00
https://images.metmuseum.org/CRDImages/as/original/79_2_1153_01.jpg,false,0.00012800,250000,,2026-04-28T14:26:26.623182+00:00
https://images.metmuseum.org/CRDImages/as/original/79_2_115_O1_sf.jpg,false,0.16497200,250000,,2026-04-28T14:26:01.208893+00:00
https://images.metmuseum.org/CRDImages/as/original/79_2_117_S2_sf.jpg,false,0.00000000,250000,,2026-04-28T14:22:15.292701+00:00
https://images.metmuseum.org/CRDImages/as/original/79_2_118_S2_sf.jpg,false,0.00000000,250000,,2026-04-28T14:22:15.030665+00:00
https://images.metmuseum.org/CRDImages/as/original/79_2_1197_O1_sf.jpg,false,0.17442000,250000,,2026-04-28T14:21:35.033356+00:00
https://images.metmuseum.org/CRDImages/as/original/79_2_1198_O.JPG,true,1.00000000,153296,,2026-04-28T14:27:40.330485+00:00
https://images.metmuseum.org/CRDImages/as/original/79_2_1200_O1_sf.jpg,false,0.00000000,250000,,2026-04-28T14:22:21.835340+00:00
https://images.metmuseum.org/CRDImages/as/original/79_2_1203_O.JPG,true,1.00000000,169234,,2026-04-28T14:26:58.798473+00:00
https://images.metmuseum.org/CRDImages/as/original/79_2_1205_O1_sf.jpg,false,0.18118400,250000,,2026-04-28T14:21:35.218093+00:00
https://images.metmuseum.org/CRDImages/as/original/79_2_120_01.jpg,false,0.00015600,250000,,2026-04-28T14:26:01.436597+00:00
https://images.metmuseum.org/CRDImages/as/original/79_2_121_O1_sf.jpg,false,0.28345600,250000,,2026-04-28T14:26:01.832868+00:00
https://images.metmuseum.org/CRDImages/as/original/79_2_1221_O1_sf.jpg,false,0.00340800,250000,,2026-04-28T14:23:21.807862+00:00
https://images.metmuseum.org/CRDImages/as/original/79_2_1223_O1_sf.jpg,false,0.11200400,250000,,2026-04-28T14:20:16.590319+00:00
https://images.metmuseum.org/CRDImages/as/original/79_2_1224_O1_sf.jpg,false,0.25741200,250000,,2026-04-28T14:20:12.017091+00:00
https://images.metmuseum.org/CRDImages/as/original/79_2_1228_O1_sf.jpg,false,0.08382000,250000,,2026-04-28T14:26:28.427492+00:00
https://images.metmuseum.org/CRDImages/as/original/79_2_1237_O1_sf.jpg,false,0.00000800,250000,,2026-04-28T14:22:23.410387+00:00
https://images.metmuseum.org/CRDImages/as/original/79_2_1238_S2_sf.jpg,false,0.00000000,250000,,2026-04-28T14:22:15.785919+00:00
https://images.metmuseum.org/CRDImages/as/original/79_2_124_S3_sf.jpg,false,0.00000400,250000,,2026-04-28T14:20:55.754678+00:00
https://images.metmuseum.org/CRDImages/as/original/79_2_125_O1_sf.jpg,false,0.12347200,250000,,2026-04-28T14:24:20.732142+00:00
https://images.metmuseum.org/CRDImages/as/original/79_2_126_O1_sf.jpg,false,0.00000400,250000,,2026-04-28T14:24:09.689502+00:00
https://images.metmuseum.org/CRDImages/as/original/79_2_1337_O1_sf.jpg,false,0.00157600,250000,,2026-04-28T14:21:16.732168+00:00
https://images.metmuseum.org/CRDImages/as/original/79_2_1348_S1_sf.jpg,false,0.00039600,250000,,2026-04-28T14:22:04.192510+00:00
https://images.metmuseum.org/CRDImages/as/original/79_2_1349_S1_sf.jpg,false,0.00042000,250000,,2026-04-28T14:22:12.322830+00:00
https://images.metmuseum.org/CRDImages/as/original/79_2_134_O1.jpg,false,0.00016400,250000,,2026-04-28T14:20:44.689948+00:00
https://images.metmuseum.org/CRDImages/as/original/79_2_1352_O1_sf.jpg,false,0.14278400,250000,,2026-04-28T14:20:55.344658+00:00
https://images.metmuseum.org/CRDImages/as/original/79_2_1375_S1_sf.jpg,false,0.00069600,250000,,2026-04-28T14:21:36.796010+00:00
https://images.metmuseum.org/CRDImages/as/original/79_2_165ab_O1_sf.jpg,false,0.03201200,250000,,2026-04-28T14:23:39.225157+00:00
https://images.metmuseum.org/CRDImages/as/original/79_2_168_O1_sf.jpg,false,0.10116000,250000,,2026-04-28T14:23:34.980638+00:00
https://images.metmuseum.org/CRDImages/as/original/79_2_169_O1_sf.jpg,false,0.02528800,250000,,2026-04-28T14:23:46.155357+00:00
https://images.metmuseum.org/CRDImages/as/original/79_2_170_O1_sf.jpg,false,0.01067600,250000,,2026-04-28T14:23:17.426843+00:00
https://images.metmuseum.org/CRDImages/as/original/79_2_187_O1.jpg,false,0.00027600,250000,,2026-04-28T14:23:39.791112+00:00
https://images.metmuseum.org/CRDImages/as/original/79_2_190ab_O1_sf.jpg,false,0.00626800,250000,,2026-04-28T14:23:22.704683+00:00
https://images.metmuseum.org/CRDImages/as/original/79_2_207ab_O1_sf.jpg,false,0.00229600,250000,,2026-04-28T14:24:06.852018+00:00
https://images.metmuseum.org/CRDImages/as/original/79_2_222_O.JPG,true,1.00000000,157044,,2026-04-28T14:27:39.820555+00:00
https://images.metmuseum.org/CRDImages/as/original/79_2_229ab_O3_sf.jpg,false,0.00336000,250000,,2026-04-28T14:23:36.934175+00:00
https://images.metmuseum.org/CRDImages/as/original/79_2_230_S1_sf.jpg,false,0.00000400,250000,,2026-04-28T14:22:32.516114+00:00
https://images.metmuseum.org/CRDImages/as/original/79_2_236_O1.jpg,false,0.00025600,250000,,2026-04-28T14:22:44.577538+00:00
https://images.metmuseum.org/CRDImages/as/original/79_2_237ab_O3_sf.jpg,false,0.00818000,250000,,2026-04-28T14:23:17.821780+00:00
https://images.metmuseum.org/CRDImages/as/original/79_2_257_O1_sf.jpg,false,0.00857600,250000,,2026-04-28T14:23:16.514751+00:00
https://images.metmuseum.org/CRDImages/as/original/79_2_260ab_O4_sf.jpg,false,0.01131600,250000,,2026-04-28T14:23:34.625981+00:00
https://images.metmuseum.org/CRDImages/as/original/79_2_261_O1_sf.jpg,false,0.00028000,250000,,2026-04-28T14:24:07.347216+00:00
https://images.metmuseum.org/CRDImages/as/original/79_2_269ab_O1_sf.jpg,false,0.00789600,250000,,2026-04-28T14:23:18.008127+00:00
https://images.metmuseum.org/CRDImages/as/original/79_2_277_O1_sf.jpg,false,0.05428800,250000,,2026-04-28T14:26:04.778696+00:00
https://images.metmuseum.org/CRDImages/as/original/79_2_287_O1_sf.jpg,false,0.21780800,250000,,2026-04-28T14:23:45.120313+00:00
https://images.metmuseum.org/CRDImages/as/original/79_2_294_ab_S03.jpg,false,0.21045200,250000,,2026-04-28T14:22:19.658738+00:00
https://images.metmuseum.org/CRDImages/as/original/79_2_295_O1_sf.jpg,false,0.00012800,250000,,2026-04-28T14:22:22.102830+00:00
https://images.metmuseum.org/CRDImages/as/original/79_2_300_O1_sf.jpg,false,0.04229200,250000,,2026-04-28T14:21:16.940321+00:00
https://images.metmuseum.org/CRDImages/as/original/79_2_301_O1.jpg,false,0.00053200,250000,,2026-04-28T14:23:41.901410+00:00
https://images.metmuseum.org/CRDImages/as/original/79_2_323_O1_sf.jpg,false,0.04543600,250000,,2026-04-28T14:23:45.353861+00:00
https://images.metmuseum.org/CRDImages/as/original/79_2_324_O1_sf.jpg,false,0.00016400,250000,,2026-04-28T14:26:05.332018+00:00
https://images.metmuseum.org/CRDImages/as/original/79_2_342_S1_sf.jpg,false,0.00255200,250000,,2026-04-28T14:22:11.367480+00:00
https://images.metmuseum.org/CRDImages/as/original/79_2_346_O1_sf.jpg,false,0.11103600,250000,,2026-04-28T14:26:05.511508+00:00
https://images.metmuseum.org/CRDImages/as/original/79_2_347_O1_sf.jpg,false,0.22484400,250000,,2026-04-28T14:22:08.958209+00:00
https://images.metmuseum.org/CRDImages/as/original/79_2_364_O1_sf.jpg,false,0.11967200,250000,,2026-04-28T14:20:24.631418+00:00
https://images.metmuseum.org/CRDImages/as/original/79_2_385_O1_sf.jpg,false,0.01056000,250000,,2026-04-28T14:23:17.260524+00:00
https://images.metmuseum.org/CRDImages/as/original/79_2_399_S1_sf.jpg,false,0.20208400,250000,,2026-04-28T14:23:58.409453+00:00
https://images.metmuseum.org/CRDImages/as/original/79_2_412_O1_sf.jpg,false,0.39812000,250000,,2026-04-28T14:24:05.744340+00:00
https://images.metmuseum.org/CRDImages/as/original/79_2_422_O1_sf.jpg,false,0.03783600,250000,,2026-04-28T14:26:06.915246+00:00
https://images.metmuseum.org/CRDImages/as/original/79_2_42_O1.jpg,false,0.00045200,250000,,2026-04-28T14:24:02.878651+00:00
https://images.metmuseum.org/CRDImages/as/original/79_2_435_O1.jpg,false,0.00010000,250000,,2026-04-28T14:23:40.007677+00:00
https://images.metmuseum.org/CRDImages/as/original/79_2_437_S1_sf.jpg,false,0.00367200,250000,,2026-04-28T14:25:02.894299+00:00
https://images.metmuseum.org/CRDImages/as/original/79_2_450_S1_sf.jpg,false,0.00078000,250000,,2026-04-28T14:23:35.986919+00:00
https://images.metmuseum.org/CRDImages/as/original/79_2_453_S6.jpg,false,0.00394000,250000,,2026-04-28T14:19:30.524969+00:00
https://images.metmuseum.org/CRDImages/as/original/79_2_46_27857.jpg,true,1.00000000,250000,,2026-04-28T14:20:57.317491+00:00
https://images.metmuseum.org/CRDImages/as/original/79_2_492_S1_sf.jpg,false,0.00173200,250000,,2026-04-28T14:21:33.599295+00:00
https://images.metmuseum.org/CRDImages/as/original/79_2_496_O1_sf.jpg,false,0.11244000,250000,,2026-04-28T14:26:07.879265+00:00
https://images.metmuseum.org/CRDImages/as/original/79_2_515_O3_sf.jpg,false,0.01020000,250000,,2026-04-28T14:23:17.066014+00:00
https://images.metmuseum.org/CRDImages/as/original/79_2_528_O1_sf.jpg,false,0.00707600,250000,,2026-04-28T14:23:38.506049+00:00
https://images.metmuseum.org/CRDImages/as/original/79_2_529_O1.jpg,false,0.00000000,250000,,2026-04-28T14:24:03.462548+00:00
https://images.metmuseum.org/CRDImages/as/original/79_2_530_O1_sf.jpg,false,0.26948000,250000,,2026-04-28T14:20:14.912000+00:00
https://images.metmuseum.org/CRDImages/as/original/79_2_57_O2_sf.jpg,false,0.02215200,250000,,2026-04-28T14:25:06.091170+00:00
https://images.metmuseum.org/CRDImages/as/original/79_2_585_O1_sf.jpg,false,0.04546400,250000,,2026-04-28T14:20:56.321925+00:00
https://images.metmuseum.org/CRDImages/as/original/79_2_624_O1_sf.jpg,false,0.19973200,250000,,2026-04-28T14:21:36.076700+00:00
https://images.metmuseum.org/CRDImages/as/original/79_2_638_O1_sf.jpg,false,0.05856000,250000,,2026-04-28T14:22:18.973697+00:00
https://images.metmuseum.org/CRDImages/as/original/79_2_63_S1_sf.jpg,false,0.00004400,250000,,2026-04-28T14:25:06.313134+00:00
https://images.metmuseum.org/CRDImages/as/original/79_2_642ab_O4_sf.jpg,false,0.08920000,250000,,2026-04-28T14:21:36.633793+00:00
https://images.metmuseum.org/CRDImages/as/original/79_2_677_O1_sf.jpg,false,0.00221200,250000,,2026-04-28T14:21:19.116482+00:00
https://images.metmuseum.org/CRDImages/as/original/79_2_678ab_O2_sf.jpg,false,0.00070400,250000,,2026-04-28T14:26:23.256254+00:00
https://images.metmuseum.org/CRDImages/as/original/79_2_68_O1_sf.jpg,false,0.25890800,250000,,2026-04-28T14:25:06.876778+00:00
https://images.metmuseum.org/CRDImages/as/original/79_2_70_O1_sf.jpg,false,0.19487200,250000,,2026-04-28T14:25:39.544871+00:00
https://images.metmuseum.org/CRDImages/as/original/79_2_720_O1_sf.jpg,false,0.05420400,250000,,2026-04-28T14:26:23.649848+00:00
https://images.metmuseum.org/CRDImages/as/original/79_2_740_S1_sf.jpg,false,0.00184400,250000,,2026-04-28T14:22:11.044954+00:00
https://images.metmuseum.org/CRDImages/as/original/79_2_741_O1.jpg,false,0.00013200,250000,,2026-04-28T14:22:43.878851+00:00
https://images.metmuseum.org/CRDImages/as/original/79_2_74_S1_sf.jpg,false,0.00009600,250000,,2026-04-28T14:22:10.669420+00:00
https://images.metmuseum.org/CRDImages/as/original/79_2_768_O1_sf.jpg,false,0.00008800,250000,,2026-04-28T14:22:22.856458+00:00
https://images.metmuseum.org/CRDImages/as/original/79_2_769_O3_sf.jpg,false,0.00929200,250000,,2026-04-28T14:26:24.675219+00:00
https://images.metmuseum.org/CRDImages/as/original/79_2_770_O1_sf.jpg,false,0.00094000,250000,,2026-04-28T14:26:23.102678+00:00
https://images.metmuseum.org/CRDImages/as/original/79_2_780_O1_sf.jpg,false,0.00213600,250000,,2026-04-28T14:24:29.586869+00:00
https://images.metmuseum.org/CRDImages/as/original/79_2_781_O1_sf.jpg,false,0.00020800,250000,,2026-04-28T14:24:05.187202+00:00
https://images.metmuseum.org/CRDImages/as/original/79_2_784ab_O1_sf.jpg,false,0.12610000,250000,,2026-04-28T14:20:32.076210+00:00
https://images.metmuseum.org/CRDImages/as/original/79_2_786_O1_sf.jpg,false,0.06360000,250000,,2026-04-28T14:20:33.173473+00:00
https://images.metmuseum.org/CRDImages/as/original/79_2_794_O1_sf.jpg,false,0.00019200,250000,,2026-04-28T14:24:12.419263+00:00
https://images.metmuseum.org/CRDImages/as/original/79_2_808_O1_sf.jpg,false,0.42776400,250000,,2026-04-28T14:24:43.034431+00:00
https://images.metmuseum.org/CRDImages/as/original/79_2_80_S1_sf.jpg,false,0.00703600,250000,,2026-04-28T14:22:20.882029+00:00
https://images.metmuseum.org/CRDImages/as/original/79_2_815_O1_sf.jpg,false,0.04829600,250000,,2026-04-28T14:01:01.567163+00:00
https://images.metmuseum.org/CRDImages/as/original/79_2_81_O1_sf.jpg,false,0.11813200,250000,,2026-04-28T14:22:08.881819+00:00
https://images.metmuseum.org/CRDImages/as/original/79_2_84_O1_sf.jpg,false,0.02053200,250000,,2026-04-28T14:22:30.511244+00:00
https://images.metmuseum.org/CRDImages/as/original/79_2_852_S1_sf.jpg,false,0.00000000,250000,,2026-04-28T14:22:32.251629+00:00
https://images.metmuseum.org/CRDImages/as/original/79_2_864_O.JPG,true,1.00000000,141815,,2026-04-28T14:26:58.853247+00:00
https://images.metmuseum.org/CRDImages/as/original/79_2_86_O1_sf.jpg,false,0.06587200,250000,,2026-04-28T14:23:55.204575+00:00
https://images.metmuseum.org/CRDImages/as/original/79_2_885_S1_sf.jpg,false,0.17248800,250000,,2026-04-28T14:20:24.863284+00:00
https://images.metmuseum.org/CRDImages/as/original/79_2_887_O1_sf.jpg,false,0.24239600,250000,,2026-04-28T14:24:47.214087+00:00
https://images.metmuseum.org/CRDImages/as/original/79_2_888_O1_sf.jpg,false,0.31023600,250000,,2026-04-28T14:23:18.575037+00:00
https://images.metmuseum.org/CRDImages/as/original/79_2_892_O5_sf.jpg,false,0.00032000,250000,,2026-04-28T14:20:22.929383+00:00
https://images.metmuseum.org/CRDImages/as/original/79_2_89_O1_sf.jpg,false,0.02201600,250000,,2026-04-28T14:25:40.389678+00:00
https://images.metmuseum.org/CRDImages/as/original/79_2_92_O1_sf.jpg,false,0.16507600,250000,,2026-04-28T14:22:17.547950+00:00
https://images.metmuseum.org/CRDImages/as/original/79_2_93_O1_sf.jpg,false,0.37737600,250000,,2026-04-28T14:22:15.484720+00:00
https://images.metmuseum.org/CRDImages/as/original/79_2_942_O1_sf.jpg,false,0.50024800,250000,,2026-04-28T14:21:25.338602+00:00
https://images.metmuseum.org/CRDImages/as/original/79_2_950_O1_sf.jpg,false,0.04112400,250000,,2026-04-28T14:22:53.399654+00:00
https://images.metmuseum.org/CRDImages/as/original/79_2_953_O1_sf.jpg,false,0.25856800,250000,,2026-04-28T14:26:25.926287+00:00
https://images.metmuseum.org/CRDImages/as/original/79_2_975_O.JPG,true,1.00000000,140602,,2026-04-28T14:27:40.207353+00:00
https://images.metmuseum.org/CRDImages/as/original/79_2_996_O1_sf.jpg,false,0.04942400,250000,,2026-04-28T14:22:07.824953+00:00
https://images.metmuseum.org/CRDImages/as/original/79_2_998_O3_sf.jpg,false,0.21144400,250000,,2026-04-28T14:26:26.098348+00:00
https://images.metmuseum.org/CRDImages/as/original/79_2_99_O1_sf.jpg,false,0.27773600,250000,,2026-04-28T14:25:40.646589+00:00
https://images.metmuseum.org/CRDImages/as/original/79_4_O1_sf.jpg,false,0.00408800,250000,,2026-04-28T14:26:28.969759+00:00
https://images.metmuseum.org/CRDImages/as/original/79_5_2_O1_sf.jpg,false,0.00223600,250000,,2026-04-28T14:20:27.120447+00:00
https://images.metmuseum.org/CRDImages/as/original/81_1_498_O.JPG,true,1.00000000,105434,,2026-04-28T14:27:40.454754+00:00
https://images.metmuseum.org/CRDImages/as/original/82_5ab_O1_sf.jpg,false,0.21298400,250000,,2026-04-28T14:24:06.020533+00:00
https://images.metmuseum.org/CRDImages/as/original/86658.jpg,true,1.00000000,250000,,2026-04-28T14:20:52.656330+00:00
https://images.metmuseum.org/CRDImages/as/original/86659.jpg,true,1.00000000,250000,,2026-04-28T14:20:52.817332+00:00
https://images.metmuseum.org/CRDImages/as/original/86661.jpg,true,1.00000000,250000,,2026-04-28T14:20:53.644944+00:00
https://images.metmuseum.org/CRDImages/as/original/86670.jpg,true,1.00000000,250000,,2026-04-28T14:20:53.815780+00:00
https://images.metmuseum.org/CRDImages/as/original/86671.jpg,true,1.00000000,250000,,2026-04-28T14:20:53.210827+00:00
https://images.metmuseum.org/CRDImages/as/original/86728.jpg,true,1.00000000,250000,,2026-04-28T14:20:52.265081+00:00
https://images.metmuseum.org/CRDImages/as/original/86743.jpg,true,1.00000000,250000,,2026-04-28T14:20:53.363548+00:00
https://images.metmuseum.org/CRDImages/as/original/86746.jpg,true,1.00000000,250000,,2026-04-28T14:20:52.427842+00:00
https://images.metmuseum.org/CRDImages/as/original/86999.jpg,true,1.00000000,250000,,2026-04-28T14:20:52.912848+00:00
https://images.metmuseum.org/CRDImages/as/original/88125.jpg,true,1.00000000,250000,,2026-04-28T14:23:44.763218+00:00
https://images.metmuseum.org/CRDImages/as/original/88167.jpg,true,1.00000000,250000,,2026-04-28T14:24:30.130374+00:00
https://images.metmuseum.org/CRDImages/as/original/91_1_322_O.JPG,true,1.00000000,123984,,2026-04-28T14:27:46.154870+00:00
https://images.metmuseum.org/CRDImages/as/original/91_1_333_O.JPG,true,1.00000000,97650,,2026-04-28T14:27:46.652803+00:00
https://images.metmuseum.org/CRDImages/as/original/91_1_344_O.JPG,true,1.00000000,105000,,2026-04-28T14:27:47.427324+00:00
https://images.metmuseum.org/CRDImages/as/original/91_1_351_O.JPG,true,1.00000000,119635,,2026-04-28T14:27:47.507076+00:00
https://images.metmuseum.org/CRDImages/as/original/91_1_358_O1.jpg,false,0.00000000,134589,,2026-04-28T14:27:47.579876+00:00
https://images.metmuseum.org/CRDImages/as/original/91_1_363_O.JPG,true,1.00000000,145070,,2026-04-28T14:27:47.670918+00:00
https://images.metmuseum.org/CRDImages/as/original/91_1_365_B.jpg,false,0.00000000,219952,,2026-04-28T14:27:47.732147+00:00
https://images.metmuseum.org/CRDImages/as/original/91_1_374_O1_sf.jpg,false,0.05782000,250000,,2026-04-28T14:21:17.747477+00:00
https://images.metmuseum.org/CRDImages/as/original/91_1_378_O1_sf.jpg,false,0.00037200,250000,,2026-04-28T14:26:29.552818+00:00
https://images.metmuseum.org/CRDImages/as/original/91_1_399_O2.jpg,false,0.00080800,250000,,2026-04-28T14:22:44.774591+00:00
https://images.metmuseum.org/CRDImages/as/original/91_1_402_S1_sf.jpg,false,0.00357600,250000,,2026-04-28T14:21:28.128035+00:00
https://images.metmuseum.org/CRDImages/as/original/91_1_406_O1_sf.jpg,false,0.20066000,250000,,2026-04-28T14:21:17.464739+00:00
https://images.metmuseum.org/CRDImages/as/original/91_1_413_O1_sf.jpg,false,0.07282400,250000,,2026-04-28T14:26:30.243272+00:00
https://images.metmuseum.org/CRDImages/as/original/91_1_416_O1_sf.jpg,false,0.22828000,250000,,2026-04-28T14:21:18.088726+00:00
https://images.metmuseum.org/CRDImages/as/original/91_1_425_S1_sf.jpg,false,0.00056000,250000,,2026-04-28T14:20:15.143681+00:00
https://images.metmuseum.org/CRDImages/as/original/91_1_426_S2_sf.jpg,false,0.00125200,250000,,2026-04-28T14:21:27.753232+00:00
https://images.metmuseum.org/CRDImages/as/original/91_1_432_O1_sf.jpg,false,0.33501600,250000,,2026-04-28T14:21:17.924145+00:00
https://images.metmuseum.org/CRDImages/as/original/93_1_10.jpg,true,1.00000000,250000,,2026-04-28T14:27:48.233005+00:00
https://images.metmuseum.org/CRDImages/as/original/93_1_106_O.JPG,true,1.00000000,164430,,2026-04-28T14:27:49.876120+00:00
https://images.metmuseum.org/CRDImages/as/original/93_1_129_O.JPG,true,1.00000000,175099,,2026-04-28T14:27:50.158339+00:00
https://images.metmuseum.org/CRDImages/as/original/93_1_132.jpg,true,1.00000000,250000,,2026-04-28T14:27:50.230441+00:00
https://images.metmuseum.org/CRDImages/as/original/93_1_13_O.JPG,true,1.00000000,185250,,2026-04-28T14:27:48.335597+00:00
https://images.metmuseum.org/CRDImages/as/original/93_1_142.JPG,true,1.00000000,193440,,2026-04-28T14:27:50.304159+00:00
https://images.metmuseum.org/CRDImages/as/original/93_1_154.JPG,true,1.00000000,165385,,2026-04-28T14:27:50.539465+00:00
https://images.metmuseum.org/CRDImages/as/original/93_1_164.JPG,true,1.00000000,206190,,2026-04-28T14:27:50.951672+00:00
https://images.metmuseum.org/CRDImages/as/original/93_1_16_O.JPG,true,1.00000000,167618,,2026-04-28T14:27:48.392317+00:00
https://images.metmuseum.org/CRDImages/as/original/93_1_17ab_O.JPG,true,1.00000000,186576,,2026-04-28T14:27:48.471198+00:00
https://images.metmuseum.org/CRDImages/as/original/93_1_185_O1.jpg,false,0.00000000,217799,,2026-04-28T14:27:51.464907+00:00
https://images.metmuseum.org/CRDImages/as/original/93_1_191.JPG,true,1.00000000,196320,,2026-04-28T14:27:51.543762+00:00
https://images.metmuseum.org/CRDImages/as/original/93_1_19_O1.jpg,false,0.00004510,155200,,2026-04-28T14:27:48.531507+00:00
https://images.metmuseum.org/CRDImages/as/original/93_1_211ab_O_sf.jpg,false,0.00004800,250000,,2026-04-28T14:27:52.847816+00:00
https://images.metmuseum.org/CRDImages/as/original/93_1_215_O1.jpg,false,0.01321600,250000,,2026-04-28T14:27:53.503992+00:00
https://images.metmuseum.org/CRDImages/as/original/93_1_217.JPG,true,1.00000000,188496,,2026-04-28T14:27:53.673737+00:00
https://images.metmuseum.org/CRDImages/as/original/93_1_219_O1.jpg,false,0.00007698,220830,,2026-04-28T14:27:53.838487+00:00
https://images.metmuseum.org/CRDImages/as/original/93_1_220_B_sf.JPG,false,0.00000505,197960,,2026-04-28T14:27:53.932746+00:00
https://images.metmuseum.org/CRDImages/as/original/93_1_221ab.JPG,true,1.00000000,187680,,2026-04-28T14:27:54.014514+00:00
https://images.metmuseum.org/CRDImages/as/original/93_1_222ab.JPG,true,1.00000000,218440,,2026-04-28T14:27:54.067444+00:00
https://images.metmuseum.org/CRDImages/as/original/93_1_225_O1.jpg,false,0.00126400,250000,,2026-04-28T14:23:20.723829+00:00
https://images.metmuseum.org/CRDImages/as/original/93_1_227_O1.jpg,false,0.00000000,220830,,2026-04-28T14:27:54.131395+00:00
https://images.metmuseum.org/CRDImages/as/original/93_1_228ab.JPG,true,1.00000000,191760,,2026-04-28T14:27:54.389177+00:00
https://images.metmuseum.org/CRDImages/as/original/93_1_233.jpg,true,1.00000000,250000,,2026-04-28T14:27:54.450442+00:00
https://images.metmuseum.org/CRDImages/as/original/93_1_234_O2_sf.jpg,false,0.15897200,250000,,2026-04-28T14:20:25.185398+00:00
https://images.metmuseum.org/CRDImages/as/original/93_1_235_S1_sf.jpg,false,0.00894000,250000,,2026-04-28T14:20:44.797256+00:00
https://images.metmuseum.org/CRDImages/as/original/93_1_35_O.JPG,true,1.00000000,155769,,2026-04-28T14:27:48.598600+00:00
https://images.metmuseum.org/CRDImages/as/original/93_1_36_O.JPG,true,1.00000000,175812,,2026-04-28T14:27:48.647338+00:00
https://images.metmuseum.org/CRDImages/as/original/93_1_48_S1_sf.jpg,false,0.00002400,250000,,2026-04-28T14:20:52.120769+00:00
https://images.metmuseum.org/CRDImages/as/original/93_1_5.JPG,true,1.00000000,250000,,2026-04-28T14:27:48.151014+00:00
https://images.metmuseum.org/CRDImages/as/original/93_1_53_B.jpg,false,0.00002172,138128,,2026-04-28T14:27:49.024685+00:00
https://images.metmuseum.org/CRDImages/as/original/93_1_54_O.JPG,true,1.00000000,150850,,2026-04-28T14:27:49.260442+00:00
https://images.metmuseum.org/CRDImages/as/original/93_1_55_O.JPG,true,1.00000000,164828,,2026-04-28T14:27:49.358555+00:00
https://images.metmuseum.org/CRDImages/as/original/93_1_56_ab.JPG,false,0.00006400,250000,,2026-04-28T14:27:49.459382+00:00
https://images.metmuseum.org/CRDImages/as/original/93_1_59_O.JPG,true,1.00000000,176144,,2026-04-28T14:27:49.648278+00:00
https://images.metmuseum.org/CRDImages/as/original/93_1_65_O.JPG,true,1.00000000,188071,,2026-04-28T14:27:49.704829+00:00
https://images.metmuseum.org/CRDImages/as/original/93_1_68_O.JPG,true,1.00000000,244392,,2026-04-28T14:27:49.762724+00:00
https://images.metmuseum.org/CRDImages/as/original/93_3_109.jpg,false,0.00023200,250000,,2026-04-28T14:25:16.865494+00:00
https://images.metmuseum.org/CRDImages/as/original/93_3_113.JPG,true,1.00000000,250000,,2026-04-28T14:27:00.923957+00:00
https://images.metmuseum.org/CRDImages/as/original/93_3_12.JPG,true,1.00000000,250000,,2026-04-28T14:26:58.914088+00:00
https://images.metmuseum.org/CRDImages/as/original/93_3_133_O1.jpg,false,0.00000000,201778,,2026-04-28T14:27:55.155773+00:00
https://images.metmuseum.org/CRDImages/as/original/93_3_136_B.jpg,false,0.00010423,182293,,2026-04-28T14:27:55.252490+00:00
https://images.metmuseum.org/CRDImages/as/original/93_3_142.JPG,true,1.00000000,250000,,2026-04-28T14:27:55.325723+00:00
https://images.metmuseum.org/CRDImages/as/original/93_3_144_B.jpg,false,0.00001646,182293,,2026-04-28T14:27:55.397519+00:00
https://images.metmuseum.org/CRDImages/as/original/93_3_145.JPG,true,1.00000000,250000,,2026-04-28T14:27:55.491566+00:00
https://images.metmuseum.org/CRDImages/as/original/93_3_146_B.jpg,false,0.00017554,182293,,2026-04-28T14:27:55.575108+00:00
https://images.metmuseum.org/CRDImages/as/original/93_3_147.JPG,true,1.00000000,250000,,2026-04-28T14:27:55.656687+00:00
https://images.metmuseum.org/CRDImages/as/original/93_3_148_O1.jpg,false,0.00000499,200479,,2026-04-28T14:27:55.774244+00:00
https://images.metmuseum.org/CRDImages/as/original/93_3_149.JPG,true,1.00000000,250000,,2026-04-28T14:27:55.862449+00:00
https://images.metmuseum.org/CRDImages/as/original/93_3_153_O1.jpg,false,0.00001078,185536,,2026-04-28T14:27:55.925756+00:00
https://images.metmuseum.org/CRDImages/as/original/93_3_154.JPG,true,1.00000000,250000,,2026-04-28T14:27:56.026827+00:00
https://images.metmuseum.org/CRDImages/as/original/93_3_155.JPG,true,1.00000000,250000,,2026-04-28T14:27:56.089790+00:00
https://images.metmuseum.org/CRDImages/as/original/93_3_167_B.jpg,false,0.00000845,236593,,2026-04-28T14:27:56.196924+00:00
https://images.metmuseum.org/CRDImages/as/original/93_3_168_O1.jpg,false,0.00000000,236593,,2026-04-28T14:27:56.310850+00:00
https://images.metmuseum.org/CRDImages/as/original/93_3_176_B.jpg,false,0.00000000,202444,,2026-04-28T14:26:51.770987+00:00
https://images.metmuseum.org/CRDImages/as/original/93_3_186.JPG,true,1.00000000,250000,,2026-04-28T14:19:49.879753+00:00
https://images.metmuseum.org/CRDImages/as/original/93_3_18ab_O1sf.jpg,false,0.00296400,250000,,2026-04-28T14:27:54.570482+00:00
https://images.metmuseum.org/CRDImages/as/original/93_3_191.JPG,true,1.00000000,250000,,2026-04-28T14:19:50.213385+00:00
https://images.metmuseum.org/CRDImages/as/original/93_3_214.JPG,true,1.00000000,250000,,2026-04-28T14:27:56.381434+00:00
https://images.metmuseum.org/CRDImages/as/original/93_3_22.JPG,true,1.00000000,203580,,2026-04-28T14:27:01.141866+00:00
https://images.metmuseum.org/CRDImages/as/original/93_3_231_O2.jpg,false,0.00182800,250000,,2026-04-28T14:24:34.854657+00:00
https://images.metmuseum.org/CRDImages/as/original/93_3_23ab_sf.jpg,false,0.00227200,250000,,2026-04-28T14:21:58.439914+00:00
https://images.metmuseum.org/CRDImages/as/original/93_3_244_ab_O1_sf.jpg,false,0.00000000,250000,,2026-04-28T14:26:59.467899+00:00
https://images.metmuseum.org/CRDImages/as/original/93_3_3ab_S1_sf.jpg,false,0.00792400,250000,,2026-04-28T14:21:58.229319+00:00
https://images.metmuseum.org/CRDImages/as/original/93_3_488_O1_sf.jpg,false,0.00067600,250000,,2026-04-28T14:27:56.542408+00:00
https://images.metmuseum.org/CRDImages/as/original/93_3_518.JPG,true,1.00000000,250000,,2026-04-28T14:27:56.804736+00:00
https://images.metmuseum.org/CRDImages/as/original/93_3_58ab_O2_sf.JPG,false,0.00288800,250000,,2026-04-28T14:26:59.966327+00:00
https://images.metmuseum.org/CRDImages/as/original/93_3_61ab.JPG,true,1.00000000,188795,,2026-04-28T14:26:57.987817+00:00
https://images.metmuseum.org/CRDImages/as/original/93_3_76.JPG,true,1.00000000,250000,,2026-04-28T14:26:57.892904+00:00
https://images.metmuseum.org/CRDImages/as/original/93_3_91.JPG,true,1.00000000,250000,,2026-04-28T14:21:49.943521+00:00
https://images.metmuseum.org/CRDImages/as/original/93_3_97.JPG,true,1.00000000,250000,,2026-04-28T14:19:49.998313+00:00
https://images.metmuseum.org/CRDImages/as/original/9680.jpg,true,1.00000000,250000,,2026-04-28T14:24:43.744318+00:00
https://images.metmuseum.org/CRDImages/as/original/ASA106.jpg,false,0.01221239,237300,,2026-04-28T14:01:00.322425+00:00
https://images.metmuseum.org/CRDImages/as/original/ASA212.jpg,false,0.00000000,250000,,2026-04-28T14:19:43.364796+00:00
https://images.metmuseum.org/CRDImages/as/original/ASA223.jpg,false,0.00056800,250000,,2026-04-28T14:19:43.429692+00:00
https://images.metmuseum.org/CRDImages/as/original/CT_41574.jpg,false,0.66798800,250000,,2026-04-28T14:27:24.776976+00:00
https://images.metmuseum.org/CRDImages/as/original/Cowles_71_01.jpg,false,0.00428171,49980,,2026-04-28T14:41:24.551261+00:00
https://images.metmuseum.org/CRDImages/as/original/DP-12231-006.jpg,false,0.41731600,250000,,2026-04-28T14:19:46.782454+00:00
https://images.metmuseum.org/CRDImages/as/original/DP-13773-001.jpg,false,0.44014000,250000,,2026-04-28T14:19:30.077805+00:00
https://images.metmuseum.org/CRDImages/as/original/DP-13915-001.jpg,false,0.46724000,250000,,2026-04-28T14:23:31.343856+00:00
https://images.metmuseum.org/CRDImages/as/original/DP-13918-001.jpg,false,0.07835200,250000,,2026-04-28T14:23:09.402317+00:00
https://images.metmuseum.org/CRDImages/as/original/DP-13919-001.jpg,false,0.79574000,250000,,2026-04-28T14:20:21.742272+00:00
https://images.metmuseum.org/CRDImages/as/original/DP-14359-001.jpg,false,0.68968000,250000,,2026-04-28T14:24:18.541430+00:00
https://images.metmuseum.org/CRDImages/as/original/DP-14605-004.jpg,false,0.00440000,250000,,2026-04-28T14:01:14.440666+00:00
https://images.metmuseum.org/CRDImages/as/original/DP-14605-010.jpg,false,0.47932800,250000,,2026-04-28T14:01:06.892739+00:00
https://images.metmuseum.org/CRDImages/as/original/DP-14605-013.jpg,false,0.43746800,250000,,2026-04-28T14:01:07.851702+00:00
https://images.metmuseum.org/CRDImages/as/original/DP-14605-017.jpg,false,0.00089200,250000,,2026-04-28T14:01:11.967926+00:00
https://images.metmuseum.org/CRDImages/as/original/DP-14605-022.jpg,false,0.00088400,250000,,2026-04-28T14:01:13.033503+00:00
https://images.metmuseum.org/CRDImages/as/original/DP-14605-025.jpg,false,0.07114400,250000,,2026-04-28T14:01:06.414492+00:00
https://images.metmuseum.org/CRDImages/as/original/DP-14605-030.jpg,false,0.14122400,250000,,2026-04-28T14:01:05.829564+00:00
https://images.metmuseum.org/CRDImages/as/original/DP-14605-035.jpg,false,0.12272400,250000,,2026-04-28T14:01:06.103619+00:00
https://images.metmuseum.org/CRDImages/as/original/DP-14605-040.jpg,false,0.09630400,250000,,2026-04-28T14:01:08.126003+00:00
https://images.metmuseum.org/CRDImages/as/original/DP-14605-043.jpg,false,0.02362800,250000,,2026-04-28T14:01:15.509582+00:00
https://images.metmuseum.org/CRDImages/as/original/DP-14605-049.jpg,false,0.48150800,250000,,2026-04-28T14:01:15.076819+00:00
https://images.metmuseum.org/CRDImages/as/original/DP-14605-053.jpg,false,0.47136000,250000,,2026-04-28T14:01:14.785834+00:00
https://images.metmuseum.org/CRDImages/as/original/DP-14605-057.jpg,false,0.51045600,250000,,2026-04-28T14:24:19.093095+00:00
https://images.metmuseum.org/CRDImages/as/original/DP-14605-061.jpg,false,0.58484000,250000,,2026-04-28T14:01:11.341223+00:00
https://images.metmuseum.org/CRDImages/as/original/DP-14605-063.jpg,false,0.23962400,250000,,2026-04-28T14:01:07.451659+00:00
https://images.metmuseum.org/CRDImages/as/original/DP-14605-066.jpg,false,0.51100800,250000,,2026-04-28T14:01:04.342748+00:00
https://images.metmuseum.org/CRDImages/as/original/DP-14605-070.jpg,false,0.61972800,250000,,2026-04-28T14:01:05.505251+00:00
https://images.metmuseum.org/CRDImages/as/original/DP-14605-075.jpg,false,0.45289200,250000,,2026-04-28T14:01:04.552185+00:00
https://images.metmuseum.org/CRDImages/as/original/DP-14605-080.jpg,false,0.73674400,250000,,2026-04-28T14:01:05.063487+00:00
https://images.metmuseum.org/CRDImages/as/original/DP-14605-084.jpg,false,0.07205200,250000,,2026-04-28T14:01:07.670510+00:00
https://images.metmuseum.org/CRDImages/as/original/DP-14605-087.jpg,false,0.59295200,250000,,2026-04-28T14:01:12.174169+00:00
https://images.metmuseum.org/CRDImages/as/original/DP-14605-089.jpg,false,0.08182000,250000,,2026-04-28T14:01:13.232756+00:00
https://images.metmuseum.org/CRDImages/as/original/DP-14605-091.jpg,false,0.46803200,250000,,2026-04-28T14:01:04.800799+00:00
https://images.metmuseum.org/CRDImages/as/original/DP-14605-096.jpg,false,0.05658000,250000,,2026-04-28T14:01:07.094048+00:00
https://images.metmuseum.org/CRDImages/as/original/DP-14605-099.jpg,false,0.05956400,250000,,2026-04-28T14:01:06.609972+00:00
https://images.metmuseum.org/CRDImages/as/original/DP-14605-105.jpg,false,0.69393600,250000,,2026-04-28T14:01:11.077916+00:00
https://images.metmuseum.org/CRDImages/as/original/DP-14605-109.jpg,false,0.44538800,250000,,2026-04-28T14:01:13.628165+00:00
https://images.metmuseum.org/CRDImages/as/original/DP-14605-118.jpg,false,0.60646400,250000,,2026-04-28T14:01:11.755089+00:00
https://images.metmuseum.org/CRDImages/as/original/DP-14605-132.jpg,false,0.33737200,250000,,2026-04-28T14:01:12.439293+00:00
https://images.metmuseum.org/CRDImages/as/original/DP-14605-136.jpg,false,0.50368800,250000,,2026-04-28T14:01:09.408005+00:00
https://images.metmuseum.org/CRDImages/as/original/DP-14605-141.jpg,false,0.39669600,250000,,2026-04-28T14:01:10.309454+00:00
https://images.metmuseum.org/CRDImages/as/original/DP-14605-146.jpg,false,0.65938000,250000,,2026-04-28T14:01:05.304447+00:00
https://images.metmuseum.org/CRDImages/as/original/DP-14605-152.jpg,false,0.00344400,250000,,2026-04-28T14:01:14.135601+00:00
https://images.metmuseum.org/CRDImages/as/original/DP-14605-155.jpg,false,0.46456000,250000,,2026-04-28T14:01:10.814551+00:00
https://images.metmuseum.org/CRDImages/as/original/DP-14605-158.jpg,false,0.08356400,250000,,2026-04-28T14:24:27.442128+00:00
https://images.metmuseum.org/CRDImages/as/original/DP-14605-163.jpg,false,0.63289600,250000,,2026-04-28T14:24:11.813394+00:00
https://images.metmuseum.org/CRDImages/as/original/DP-14605-170.jpg,false,0.75682000,250000,,2026-04-28T14:01:13.831345+00:00
https://images.metmuseum.org/CRDImages/as/original/DP-14605-175.jpg,false,0.00994800,250000,,2026-04-28T14:26:25.314224+00:00
https://images.metmuseum.org/CRDImages/as/original/DP-14606-001.jpg,false,0.00782800,250000,,2026-04-28T14:26:44.195069+00:00
https://images.metmuseum.org/CRDImages/as/original/DP-14606-004.jpg,false,0.00002400,250000,,2026-04-28T14:27:21.617821+00:00
https://images.metmuseum.org/CRDImages/as/original/DP-14606-016.jpg,false,0.33012400,250000,,2026-04-28T14:24:57.324632+00:00
https://images.metmuseum.org/CRDImages/as/original/DP-14606-022.jpg,false,0.56638000,250000,,2026-04-28T14:24:34.590620+00:00
https://images.metmuseum.org/CRDImages/as/original/DP-14607-001.jpg,false,0.07036400,250000,,2026-04-28T14:01:04.109326+00:00
https://images.metmuseum.org/CRDImages/as/original/DP-14607-005.jpg,false,0.49118000,250000,,2026-04-28T14:19:33.513143+00:00
https://images.metmuseum.org/CRDImages/as/original/DP-14607-013.jpg,false,0.73401600,250000,,2026-04-28T14:21:38.753270+00:00
https://images.metmuseum.org/CRDImages/as/original/DP-14607-027.jpg,false,0.69046400,250000,,2026-04-28T14:24:55.510560+00:00
https://images.metmuseum.org/CRDImages/as/original/DP-14607-036.jpg,false,0.76256000,250000,,2026-04-28T14:19:32.310849+00:00
https://images.metmuseum.org/CRDImages/as/original/DP-14607-043.jpg,false,0.73870000,250000,,2026-04-28T14:25:17.400972+00:00
https://images.metmuseum.org/CRDImages/as/original/DP-14607-045.jpg,false,0.58922400,250000,,2026-04-28T14:26:13.416032+00:00
https://images.metmuseum.org/CRDImages/as/original/DP-14607-050.jpg,false,0.80879600,250000,,2026-04-28T14:19:35.066183+00:00
https://images.metmuseum.org/CRDImages/as/original/DP-14607-059.jpg,false,0.59084000,250000,,2026-04-28T14:19:38.302260+00:00
https://images.metmuseum.org/CRDImages/as/original/DP-14607-061.jpg,false,0.52490000,250000,,2026-04-28T14:25:00.971696+00:00
https://images.metmuseum.org/CRDImages/as/original/DP-14607-063.jpg,false,0.33742800,250000,,2026-04-28T14:19:39.383013+00:00
https://images.metmuseum.org/CRDImages/as/original/DP-14607-070.jpg,false,0.02633200,250000,,2026-04-28T14:26:00.120233+00:00
https://images.metmuseum.org/CRDImages/as/original/DP-14607-075.jpg,false,0.02022400,250000,,2026-04-28T14:25:41.890665+00:00
https://images.metmuseum.org/CRDImages/as/original/DP-14607-080.jpg,false,0.37284800,250000,,2026-04-28T14:19:37.752469+00:00
https://images.metmuseum.org/CRDImages/as/original/DP-14607-096.jpg,false,0.79102800,250000,,2026-04-28T14:19:39.696225+00:00
https://images.metmuseum.org/CRDImages/as/original/DP-14607-104.jpg,false,0.24978000,250000,,2026-04-28T14:19:37.941194+00:00
https://images.metmuseum.org/CRDImages/as/original/DP-14607-108.jpg,false,0.74303600,250000,,2026-04-28T14:27:52.038083+00:00
https://images.metmuseum.org/CRDImages/as/original/DP-14608-001.jpg,false,0.71578400,250000,,2026-04-28T14:19:30.328143+00:00
https://images.metmuseum.org/CRDImages/as/original/DP-14608-005.jpg,false,0.06482400,250000,,2026-04-28T14:25:08.101167+00:00
https://images.metmuseum.org/CRDImages/as/original/DP-14608-016.jpg,false,0.46072400,250000,,2026-04-28T14:27:14.149020+00:00
https://images.metmuseum.org/CRDImages/as/original/DP-14608-021.jpg,false,0.03957600,250000,,2026-04-28T14:25:22.584159+00:00
https://images.metmuseum.org/CRDImages/as/original/DP-14608-026.jpg,false,0.07900400,250000,,2026-04-28T14:25:08.418164+00:00
https://images.metmuseum.org/CRDImages/as/original/DP-14608-031.jpg,false,0.06965200,250000,,2026-04-28T14:24:57.681612+00:00
https://images.metmuseum.org/CRDImages/as/original/DP-14608-036.jpg,false,0.00797600,250000,,2026-04-28T14:24:58.141579+00:00
https://images.metmuseum.org/CRDImages/as/original/DP-14608-041.jpg,false,0.28792000,250000,,2026-04-28T14:27:12.017464+00:00
https://images.metmuseum.org/CRDImages/as/original/DP-14608-046.jpg,false,0.31341200,250000,,2026-04-28T14:19:36.310341+00:00
https://images.metmuseum.org/CRDImages/as/original/DP-14608-053.jpg,false,0.20186800,250000,,2026-04-28T14:27:33.052500+00:00
https://images.metmuseum.org/CRDImages/as/original/DP-14608-059.jpg,false,0.08779600,250000,,2026-04-28T14:26:04.960052+00:00
https://images.metmuseum.org/CRDImages/as/original/DP-14609-003.jpg,false,0.78185200,250000,,2026-04-28T14:19:45.179402+00:00
https://images.metmuseum.org/CRDImages/as/original/DP-14609-013.jpg,false,0.65188800,250000,,2026-04-28T14:24:52.106520+00:00
https://images.metmuseum.org/CRDImages/as/original/DP-14609-017.jpg,false,0.79404400,250000,,2026-04-28T14:00:48.491847+00:00
https://images.metmuseum.org/CRDImages/as/original/DP-14609-022.jpg,false,0.65357600,250000,,2026-04-28T14:19:37.144400+00:00
https://images.metmuseum.org/CRDImages/as/original/DP-14609-030.jpg,false,0.22308800,250000,,2026-04-28T14:19:30.942191+00:00
https://images.metmuseum.org/CRDImages/as/original/DP-14609-032.jpg,false,0.50433200,250000,,2026-04-28T14:19:40.224044+00:00
https://images.metmuseum.org/CRDImages/as/original/DP-14609-056.jpg,false,0.52720000,250000,,2026-04-28T14:28:30.628991+00:00
https://images.metmuseum.org/CRDImages/as/original/DP-14609-068.jpg,false,0.28998800,250000,,2026-04-28T14:28:37.765567+00:00
https://images.metmuseum.org/CRDImages/as/original/DP-14609-072.jpg,false,0.35414000,250000,,2026-04-28T14:19:39.960686+00:00
https://images.metmuseum.org/CRDImages/as/original/DP-14609-089.jpg,false,0.69958000,250000,,2026-04-28T14:25:25.793893+00:00
https://images.metmuseum.org/CRDImages/as/original/DP-14609-095.jpg,false,0.39214400,250000,,2026-04-28T14:19:44.992494+00:00
https://images.metmuseum.org/CRDImages/as/original/DP-14609-141.jpg,false,0.70924800,250000,,2026-04-28T14:25:11.767022+00:00
https://images.metmuseum.org/CRDImages/as/original/DP-14609-153.jpg,false,0.67800000,250000,,2026-04-28T14:19:44.471083+00:00
https://images.metmuseum.org/CRDImages/as/original/DP-14609-160.jpg,false,0.60292800,250000,,2026-04-28T14:19:42.158198+00:00
https://images.metmuseum.org/CRDImages/as/original/DP-14609-180.jpg,false,0.60472400,250000,,2026-04-28T14:19:46.146384+00:00
https://images.metmuseum.org/CRDImages/as/original/DP-14610-001.jpg,false,0.61480400,250000,,2026-04-28T14:19:42.640593+00:00
https://images.metmuseum.org/CRDImages/as/original/DP-14610-005.jpg,false,0.30842800,250000,,2026-04-28T14:19:40.937902+00:00
https://images.metmuseum.org/CRDImages/as/original/DP-14610-038.jpg,false,0.13786800,250000,,2026-04-28T14:19:47.640872+00:00
https://images.metmuseum.org/CRDImages/as/original/DP-14610-043.jpg,false,0.71323200,250000,,2026-04-28T14:00:57.027659+00:00
https://images.metmuseum.org/CRDImages/as/original/DP-14610-047.jpg,false,0.36794400,250000,,2026-04-28T14:27:39.354685+00:00
https://images.metmuseum.org/CRDImages/as/original/DP-14610-051.jpg,false,0.16037600,250000,,2026-04-28T14:25:19.143556+00:00
https://images.metmuseum.org/CRDImages/as/original/DP-14610-053.jpg,false,0.66288800,250000,,2026-04-28T14:24:51.514149+00:00
https://images.metmuseum.org/CRDImages/as/original/DP-14610-060.jpg,false,0.62492800,250000,,2026-04-28T14:20:06.168942+00:00
https://images.metmuseum.org/CRDImages/as/original/DP-14610-063.jpg,false,0.63754400,250000,,2026-04-28T14:19:29.570746+00:00
https://images.metmuseum.org/CRDImages/as/original/DP-14959-001.jpg,false,0.35530800,250000,,2026-04-28T14:27:59.119720+00:00
https://images.metmuseum.org/CRDImages/as/original/DP-14961-001.jpg,false,0.73819200,250000,,2026-04-28T14:27:45.240538+00:00
https://images.metmuseum.org/CRDImages/as/original/DP-15284-001.jpg,false,0.00084400,250000,,2026-04-28T14:24:08.566643+00:00
https://images.metmuseum.org/CRDImages/as/original/DP-15452-019.jpg,false,0.84208800,250000,,2026-04-28T14:22:16.845207+00:00
https://images.metmuseum.org/CRDImages/as/original/DP-15452-029.jpg,false,0.06612400,250000,,2026-04-28T14:21:18.553796+00:00
https://images.metmuseum.org/CRDImages/as/original/DP-15452-031.jpg,false,0.03304000,250000,,2026-04-28T14:24:06.309871+00:00
https://images.metmuseum.org/CRDImages/as/original/DP-15452-039.jpg,false,0.00041200,250000,,2026-04-28T14:19:46.336548+00:00
https://images.metmuseum.org/CRDImages/as/original/DP-15452-100.jpg,false,0.00010000,250000,,2026-04-28T14:27:25.892804+00:00
https://images.metmuseum.org/CRDImages/as/original/DP-15452-225.jpg,false,0.82146400,250000,,2026-04-28T14:22:45.448561+00:00
https://images.metmuseum.org/CRDImages/as/original/DP-15944-039.jpg,false,0.63490000,250000,,2026-04-28T14:25:11.057352+00:00
https://images.metmuseum.org/CRDImages/as/original/DP-16797-001.jpg,false,0.18088800,250000,,2026-04-28T14:20:44.968607+00:00
https://images.metmuseum.org/CRDImages/as/original/DP-16798-001.jpg,false,0.47307600,250000,,2026-04-28T14:26:34.504638+00:00
https://images.metmuseum.org/CRDImages/as/original/DP-17416-001.jpg,false,0.01172800,250000,,2026-04-28T14:24:34.058664+00:00
https://images.metmuseum.org/CRDImages/as/original/DP-17578-001.jpg,false,0.21339600,250000,,2026-04-28T14:25:02.542318+00:00
https://images.metmuseum.org/CRDImages/as/original/DP-17989-020.jpg,false,0.64674800,250000,,2026-04-28T14:28:02.395339+00:00
https://images.metmuseum.org/CRDImages/as/original/DP-17989-033.jpg,false,0.33945600,250000,,2026-04-28T14:28:08.458275+00:00
https://images.metmuseum.org/CRDImages/as/original/DP-18151-001.jpg,false,0.47830000,250000,,2026-04-28T14:26:21.651463+00:00
https://images.metmuseum.org/CRDImages/as/original/DP-18791-001.jpg,false,0.32895200,250000,,2026-04-28T14:41:08.986388+00:00
https://images.metmuseum.org/CRDImages/as/original/DP-19218-001.jpg,false,0.00208800,250000,,2026-04-28T14:23:45.796332+00:00
https://images.metmuseum.org/CRDImages/as/original/DP-19331-001.jpg,false,0.34986000,250000,,2026-04-28T14:24:30.877123+00:00
https://images.metmuseum.org/CRDImages/as/original/DP-19670-001.jpg,false,0.18221600,250000,,2026-04-28T14:40:33.233944+00:00
https://images.metmuseum.org/CRDImages/as/original/DP-21651-001.jpg,false,0.67311200,250000,,2026-04-28T14:41:16.888038+00:00
https://images.metmuseum.org/CRDImages/as/original/DP-21652-001.jpg,false,0.59380400,250000,,2026-04-28T14:41:16.587054+00:00
https://images.metmuseum.org/CRDImages/as/original/DP-21653-003.jpg,false,0.50350800,250000,,2026-04-28T14:41:17.138949+00:00
https://images.metmuseum.org/CRDImages/as/original/DP-23374-002.jpg,false,0.61934400,250000,,2026-04-28T14:40:29.415588+00:00
https://images.metmuseum.org/CRDImages/as/original/DP-23793-001.jpg,false,0.14940000,250000,,2026-04-28T14:19:54.052311+00:00
https://images.metmuseum.org/CRDImages/as/original/DP-23919-001.jpg,false,0.37255600,250000,,2026-04-28T14:01:03.630463+00:00
https://images.metmuseum.org/CRDImages/as/original/DP-24002-001.jpg,false,0.08216800,250000,,2026-04-28T14:41:14.160192+00:00
https://images.metmuseum.org/CRDImages/as/original/DP-24017-001.jpg,false,0.00876000,250000,,2026-04-28T14:41:09.300997+00:00
https://images.metmuseum.org/CRDImages/as/original/DP-24018-001.jpg,false,0.76010400,250000,,2026-04-28T14:28:38.068238+00:00
https://images.metmuseum.org/CRDImages/as/original/DP-24020-001.jpg,false,0.32174000,250000,,2026-04-28T14:40:18.242132+00:00
https://images.metmuseum.org/CRDImages/as/original/DP-24022-001.jpg,false,0.00037600,250000,,2026-04-28T14:41:17.864959+00:00
https://images.metmuseum.org/CRDImages/as/original/DP-24023-001.jpg,false,0.00000000,250000,,2026-04-28T14:41:18.163252+00:00
https://images.metmuseum.org/CRDImages/as/original/DP-24478-001.jpg,false,0.12104400,250000,,2026-04-28T14:26:34.762797+00:00
https://images.metmuseum.org/CRDImages/as/original/DP-24601-001.jpg,false,0.09488800,250000,,2026-04-28T14:19:42.420539+00:00
https://images.metmuseum.org/CRDImages/as/original/DP-24603-001.jpg,false,0.01056800,250000,,2026-04-28T14:24:40.507984+00:00
https://images.metmuseum.org/CRDImages/as/original/DP-24604-001.jpg,false,0.04369600,250000,,2026-04-28T14:24:13.856864+00:00
https://images.metmuseum.org/CRDImages/as/original/DP-25302-001.jpg,false,0.60537200,250000,,2026-04-28T14:22:13.689157+00:00
https://images.metmuseum.org/CRDImages/as/original/DP-26033-001.jpg,false,0.30354800,250000,,2026-04-28T14:25:07.245278+00:00
https://images.metmuseum.org/CRDImages/as/original/DP-26131-001.jpg,false,0.10583600,250000,,2026-04-28T14:41:18.538286+00:00
https://images.metmuseum.org/CRDImages/as/original/DP-26134-001.jpg,false,0.72740800,250000,,2026-04-28T14:40:35.512736+00:00
https://images.metmuseum.org/CRDImages/as/original/DP-26666-001.jpg,false,0.05897200,250000,,2026-04-28T14:40:35.006588+00:00
https://images.metmuseum.org/CRDImages/as/original/DP-26669-001.jpg,false,0.59947200,250000,,2026-04-28T14:40:35.269470+00:00
https://images.metmuseum.org/CRDImages/as/original/DP-28519-001.jpg,false,0.00066000,250000,,2026-04-28T14:41:19.234858+00:00
https://images.metmuseum.org/CRDImages/as/original/DP-28521-001.jpg,false,0.67832000,250000,,2026-04-28T14:41:24.150255+00:00
https://images.metmuseum.org/CRDImages/as/original/DP-29406-001.jpg,false,0.44175600,250000,,2026-04-28T14:23:20.834913+00:00
https://images.metmuseum.org/CRDImages/as/original/DP-29408-001.jpg,false,0.60485200,250000,,2026-04-28T14:23:28.178676+00:00
https://images.metmuseum.org/CRDImages/as/original/DP-29789-001.jpg,false,0.18761600,250000,,2026-04-28T14:41:23.811260+00:00
https://images.metmuseum.org/CRDImages/as/original/DP-32068-001.jpg,false,0.02690400,250000,,2026-04-28T14:26:00.399499+00:00
https://images.metmuseum.org/CRDImages/as/original/DP-32070-001.jpg,false,0.02682800,250000,,2026-04-28T14:19:55.107982+00:00
https://images.metmuseum.org/CRDImages/as/original/DP-32251-001.jpg,false,0.62498400,250000,,2026-04-28T14:00:59.260726+00:00
https://images.metmuseum.org/CRDImages/as/original/DP-33030-001.jpg,false,0.51118400,250000,,2026-04-28T14:22:40.755958+00:00
https://images.metmuseum.org/CRDImages/as/original/DP-34197-001.jpg,false,0.51671200,250000,,2026-04-28T14:27:00.301829+00:00
https://images.metmuseum.org/CRDImages/as/original/DP-34201-002.jpg,false,0.61343600,250000,,2026-04-28T14:27:45.564885+00:00
https://images.metmuseum.org/CRDImages/as/original/DP-34202-001.jpg,false,0.54836400,250000,,2026-04-28T14:00:57.614344+00:00
https://images.metmuseum.org/CRDImages/as/original/DP-34203-001.jpg,false,0.78297600,250000,,2026-04-28T14:27:46.729304+00:00
https://images.metmuseum.org/CRDImages/as/original/DP-34204-001.jpg,false,0.59657200,250000,,2026-04-28T14:21:52.989727+00:00
https://images.metmuseum.org/CRDImages/as/original/DP-34207-001.jpg,false,0.68465200,250000,,2026-04-28T14:27:42.334812+00:00
https://images.metmuseum.org/CRDImages/as/original/DP-34208-001.jpg,false,0.67302000,250000,,2026-04-28T14:21:34.110275+00:00
https://images.metmuseum.org/CRDImages/as/original/DP-34209-001.jpg,false,0.60775200,250000,,2026-04-28T14:20:21.957132+00:00
https://images.metmuseum.org/CRDImages/as/original/DP-34236-001.jpg,false,0.42252000,250000,,2026-04-28T14:41:24.650594+00:00
https://images.metmuseum.org/CRDImages/as/original/DP-34318-001.jpg,false,0.46628400,250000,,2026-04-28T14:21:50.018098+00:00
https://images.metmuseum.org/CRDImages/as/original/DP-34319-002.jpg,false,0.64317600,250000,,2026-04-28T14:27:44.935373+00:00
https://images.metmuseum.org/CRDImages/as/original/DP-34320-003.jpg,false,0.73309200,250000,,2026-04-28T14:22:05.055193+00:00
https://images.metmuseum.org/CRDImages/as/original/DP-34327-001.jpg,false,0.56335600,250000,,2026-04-28T14:22:04.571398+00:00
https://images.metmuseum.org/CRDImages/as/original/DP-34449-002.jpg,false,0.03836800,250000,,2026-04-28T14:41:17.528985+00:00
https://images.metmuseum.org/CRDImages/as/original/DP-34533-001.jpg,false,0.68698400,250000,,2026-04-28T14:22:43.587740+00:00
https://images.metmuseum.org/CRDImages/as/original/DP-34534-001.jpg,false,0.59855600,250000,,2026-04-28T14:23:32.572760+00:00
https://images.metmuseum.org/CRDImages/as/original/DP-34535-001.jpg,false,0.59206400,250000,,2026-04-28T14:23:24.332113+00:00
https://images.metmuseum.org/CRDImages/as/original/DP-34537-001.jpg,false,0.73696000,250000,,2026-04-28T14:21:19.799860+00:00
https://images.metmuseum.org/CRDImages/as/original/DP-34538-001.jpg,false,0.60398000,250000,,2026-04-28T14:22:33.068696+00:00
https://images.metmuseum.org/CRDImages/as/original/DP-34539-001.jpg,false,0.65630800,250000,,2026-04-28T14:22:51.559000+00:00
https://images.metmuseum.org/CRDImages/as/original/DP-34540-001.jpg,false,0.78471200,250000,,2026-04-28T14:21:57.390157+00:00
https://images.metmuseum.org/CRDImages/as/original/DP-34541-001.jpg,false,0.65044800,250000,,2026-04-28T14:23:36.156835+00:00
https://images.metmuseum.org/CRDImages/as/original/DP-34542-001.jpg,false,0.64009600,250000,,2026-04-28T14:23:30.382570+00:00
https://images.metmuseum.org/CRDImages/as/original/DP-34642-001.jpg,false,0.45370400,250000,,2026-04-28T14:20:16.736017+00:00
https://images.metmuseum.org/CRDImages/as/original/DP-34645-001.jpg,false,0.61549600,250000,,2026-04-28T14:23:21.171016+00:00
https://images.metmuseum.org/CRDImages/as/original/DP-34646-001.jpg,false,0.58981600,250000,,2026-04-28T14:22:52.180912+00:00
https://images.metmuseum.org/CRDImages/as/original/DP-34647-001.jpg,false,0.55330800,250000,,2026-04-28T14:23:23.873924+00:00
https://images.metmuseum.org/CRDImages/as/original/DP-34649-002.jpg,false,0.67036400,250000,,2026-04-28T14:22:41.653413+00:00
https://images.metmuseum.org/CRDImages/as/original/DP-34650-002.jpg,false,0.58055200,250000,,2026-04-28T14:27:47.817913+00:00
https://images.metmuseum.org/CRDImages/as/original/DP-34730-001.jpg,false,0.70699600,250000,,2026-04-28T14:27:40.533670+00:00
https://images.metmuseum.org/CRDImages/as/original/DP-34731-001.jpg,false,0.65654800,250000,,2026-04-28T14:27:41.089701+00:00
https://images.metmuseum.org/CRDImages/as/original/DP-34732-002.jpg,false,0.65106800,250000,,2026-04-28T14:27:40.841068+00:00
https://images.metmuseum.org/CRDImages/as/original/DP-34734-001.jpg,false,0.73183200,250000,,2026-04-28T14:27:41.485810+00:00
https://images.metmuseum.org/CRDImages/as/original/DP-34735-001.jpg,false,0.64976000,250000,,2026-04-28T14:27:42.011521+00:00
https://images.metmuseum.org/CRDImages/as/original/DP-34736-001.jpg,false,0.64282800,250000,,2026-04-28T14:27:42.669979+00:00
https://images.metmuseum.org/CRDImages/as/original/DP-34737-002.jpg,false,0.68416400,250000,,2026-04-28T14:27:43.076473+00:00
https://images.metmuseum.org/CRDImages/as/original/DP-34738-001.jpg,false,0.65574400,250000,,2026-04-28T14:27:43.423614+00:00
https://images.metmuseum.org/CRDImages/as/original/DP-34739-002.jpg,false,0.66886000,250000,,2026-04-28T14:27:43.666966+00:00
https://images.metmuseum.org/CRDImages/as/original/DP-34740-001.jpg,false,0.73783200,250000,,2026-04-28T14:27:44.214313+00:00
https://images.metmuseum.org/CRDImages/as/original/DP-34741-001.jpg,false,0.65771600,250000,,2026-04-28T14:27:44.608795+00:00
https://images.metmuseum.org/CRDImages/as/original/DP-34742-001.jpg,false,0.71297600,250000,,2026-04-28T14:27:46.208351+00:00
https://images.metmuseum.org/CRDImages/as/original/DP-34744-001.jpg,false,0.69792800,250000,,2026-04-28T14:27:47.050563+00:00
https://images.metmuseum.org/CRDImages/as/original/DP-34895-001.jpg,false,0.41789600,250000,,2026-04-28T14:23:13.863706+00:00
https://images.metmuseum.org/CRDImages/as/original/DP-34897-001.jpg,false,0.26414800,250000,,2026-04-28T14:21:53.284438+00:00
https://images.metmuseum.org/CRDImages/as/original/DP-34899-001.jpg,false,0.72499200,250000,,2026-04-28T14:28:28.668538+00:00
https://images.metmuseum.org/CRDImages/as/original/DP-34948-001.jpg,false,0.58170400,250000,,2026-04-28T14:19:43.652035+00:00
https://images.metmuseum.org/CRDImages/as/original/DP-34963-001.jpg,false,0.59562800,250000,,2026-04-28T14:26:29.692368+00:00
https://images.metmuseum.org/CRDImages/as/original/DP-35133-001.jpg,false,0.88964000,250000,,2026-04-28T14:25:12.387856+00:00
https://images.metmuseum.org/CRDImages/as/original/DP-35135-002.jpg,false,0.70613200,250000,,2026-04-28T14:26:58.154041+00:00
https://images.metmuseum.org/CRDImages/as/original/DP-35139-001.jpg,false,0.83219200,250000,,2026-04-28T14:20:12.742387+00:00
https://images.metmuseum.org/CRDImages/as/original/DP-35306-002.jpg,false,0.35852400,250000,,2026-04-28T14:26:07.611767+00:00
https://images.metmuseum.org/CRDImages/as/original/DP-35750-001.jpg,false,0.71425200,250000,,2026-04-28T14:19:31.357180+00:00
https://images.metmuseum.org/CRDImages/as/original/DP-40645-001.jpg,false,0.49007600,250000,,2026-04-28T14:41:09.624615+00:00
https://images.metmuseum.org/CRDImages/as/original/DP-42155-001.jpg,false,0.08562000,250000,,2026-04-28T14:25:21.037535+00:00
https://images.metmuseum.org/CRDImages/as/original/DP-42156-001.jpg,false,0.30000800,250000,,2026-04-28T14:19:50.709856+00:00
https://images.metmuseum.org/CRDImages/as/original/DP-42382-001.jpg,false,0.10699200,250000,,2026-04-28T14:19:55.689400+00:00
https://images.metmuseum.org/CRDImages/as/original/DP-42383-001.jpg,false,0.09241200,250000,,2026-04-28T14:26:52.072758+00:00
https://images.metmuseum.org/CRDImages/as/original/DP-42389-001.jpg,false,0.04484400,250000,,2026-04-28T14:19:59.804297+00:00
https://images.metmuseum.org/CRDImages/as/original/DP-43072-001.jpg,false,0.41841600,250000,,2026-04-28T14:40:35.814001+00:00
https://images.metmuseum.org/CRDImages/as/original/DP-43519-001.jpg,false,0.63398800,250000,,2026-04-28T14:27:33.945439+00:00
https://images.metmuseum.org/CRDImages/as/original/DP-43520-001.jpg,false,0.31306000,250000,,2026-04-28T14:20:00.715759+00:00
https://images.metmuseum.org/CRDImages/as/original/DP-43521-001.jpg,false,0.39909600,250000,,2026-04-28T14:20:01.120843+00:00
https://images.metmuseum.org/CRDImages/as/original/DP-43522-002.jpg,false,0.69246400,250000,,2026-04-28T14:23:31.671360+00:00
https://images.metmuseum.org/CRDImages/as/original/DP-43523-001.jpg,false,0.07514800,250000,,2026-04-28T14:22:05.717729+00:00
https://images.metmuseum.org/CRDImages/as/original/DP-43524-001.jpg,false,0.17312800,250000,,2026-04-28T14:27:39.878066+00:00
https://images.metmuseum.org/CRDImages/as/original/DP-43529-001.jpg,false,0.73824800,250000,,2026-04-28T14:21:15.462278+00:00
https://images.metmuseum.org/CRDImages/as/original/DP-43531-001.jpg,false,0.58074000,250000,,2026-04-28T14:28:08.722545+00:00
https://images.metmuseum.org/CRDImages/as/original/DP-43532-001.jpg,false,0.31904800,250000,,2026-04-28T14:25:23.911102+00:00
https://images.metmuseum.org/CRDImages/as/original/DP-43726-001.jpg,false,0.71252800,250000,,2026-04-28T14:26:52.508550+00:00
https://images.metmuseum.org/CRDImages/as/original/DP-43728-001.jpg,false,0.70979600,250000,,2026-04-28T14:26:52.988949+00:00
https://images.metmuseum.org/CRDImages/as/original/DP-43729-005.jpg,false,0.01643200,250000,,2026-04-28T14:25:16.546092+00:00
https://images.metmuseum.org/CRDImages/as/original/DP-43747-001.jpg,false,0.66388000,250000,,2026-04-28T14:26:55.803672+00:00
https://images.metmuseum.org/CRDImages/as/original/DP-43748-001.jpg,false,0.77198800,250000,,2026-04-28T14:26:56.257841+00:00
https://images.metmuseum.org/CRDImages/as/original/DP-43749-002.jpg,false,0.00636000,250000,,2026-04-28T14:26:56.554888+00:00
https://images.metmuseum.org/CRDImages/as/original/DP-43750-001.jpg,false,0.00714000,250000,,2026-04-28T14:26:57.056401+00:00
https://images.metmuseum.org/CRDImages/as/original/DP-453-001.jpg,false,0.37485600,250000,,2026-04-28T14:22:52.818248+00:00
https://images.metmuseum.org/CRDImages/as/original/DP-455-001.jpg,false,0.43854400,250000,,2026-04-28T14:20:25.442875+00:00
https://images.metmuseum.org/CRDImages/as/original/DP-901-001.jpg,false,0.45310000,250000,,2026-04-28T14:19:45.567013+00:00
https://images.metmuseum.org/CRDImages/as/original/DP100680.jpg,false,0.08244400,250000,,2026-04-28T14:25:21.593622+00:00
https://images.metmuseum.org/CRDImages/as/original/DP101383.jpg,false,0.12892400,250000,,2026-04-28T14:25:20.711786+00:00
https://images.metmuseum.org/CRDImages/as/original/DP102268.jpg,false,0.00546400,250000,,2026-04-28T14:19:35.288423+00:00
https://images.metmuseum.org/CRDImages/as/original/DP102312.jpg,false,0.00605600,250000,,2026-04-28T14:19:27.858807+00:00
https://images.metmuseum.org/CRDImages/as/original/DP102593.jpg,false,0.51557600,250000,,2026-04-28T14:00:46.307075+00:00
https://images.metmuseum.org/CRDImages/as/original/DP104715.jpg,false,0.00218800,250000,,2026-04-28T14:24:54.059805+00:00
https://images.metmuseum.org/CRDImages/as/original/DP105143.jpg,false,0.00567200,250000,,2026-04-28T14:19:28.384858+00:00
https://images.metmuseum.org/CRDImages/as/original/DP107116.jpg,false,0.00212400,250000,,2026-04-28T14:28:31.602900+00:00
https://images.metmuseum.org/CRDImages/as/original/DP109334.jpg,false,0.05168400,250000,,2026-04-28T14:19:28.284731+00:00
https://images.metmuseum.org/CRDImages/as/original/DP109337.jpg,false,0.04014400,250000,,2026-04-28T14:19:28.785468+00:00
https://images.metmuseum.org/CRDImages/as/original/DP120735.jpg,false,0.50489600,250000,,2026-04-28T14:24:52.630107+00:00
https://images.metmuseum.org/CRDImages/as/original/DP133072.jpg,false,0.29838000,250000,,2026-04-28T14:28:33.206734+00:00
https://images.metmuseum.org/CRDImages/as/original/DP143297.jpg,false,0.49838800,250000,,2026-04-28T14:28:34.340113+00:00
https://images.metmuseum.org/CRDImages/as/original/DP146430.jpg,false,0.78464800,250000,,2026-04-28T14:28:30.362025+00:00
https://images.metmuseum.org/CRDImages/as/original/DP148285.jpg,false,0.72693200,250000,,2026-04-28T14:28:34.779464+00:00
https://images.metmuseum.org/CRDImages/as/original/DP153214.jpg,false,0.00001200,250000,,2026-04-28T14:28:35.106920+00:00
https://images.metmuseum.org/CRDImages/as/original/DP156663.jpg,false,0.02043200,250000,,2026-04-28T14:27:33.656347+00:00
https://images.metmuseum.org/CRDImages/as/original/DP156669.jpg,false,0.80909200,250000,,2026-04-28T14:25:31.828626+00:00
https://images.metmuseum.org/CRDImages/as/original/DP158745.jpg,false,0.07414800,250000,,2026-04-28T14:00:57.388217+00:00
https://images.metmuseum.org/CRDImages/as/original/DP200408.jpg,false,0.48973200,250000,,2026-04-28T14:01:15.757610+00:00
https://images.metmuseum.org/CRDImages/as/original/DP219025.jpg,false,0.00058800,250000,,2026-04-28T14:24:37.442214+00:00
https://images.metmuseum.org/CRDImages/as/original/DP220696.jpg,false,0.56798800,250000,,2026-04-28T14:25:01.900507+00:00
https://images.metmuseum.org/CRDImages/as/original/DP220697.jpg,false,0.68053200,250000,,2026-04-28T14:25:21.952178+00:00
https://images.metmuseum.org/CRDImages/as/original/DP220700.jpg,false,0.43500000,250000,,2026-04-28T14:25:17.042148+00:00
https://images.metmuseum.org/CRDImages/as/original/DP220720.jpg,false,0.46524000,250000,,2026-04-28T14:27:20.510543+00:00
https://images.metmuseum.org/CRDImages/as/original/DP22194.jpg,false,0.04036000,250000,,2026-04-28T14:19:50.547156+00:00
https://images.metmuseum.org/CRDImages/as/original/DP222014.jpg,false,0.07146800,250000,,2026-04-28T14:00:56.790385+00:00
https://images.metmuseum.org/CRDImages/as/original/DP222015.jpg,false,0.07066400,250000,,2026-04-28T14:19:41.820793+00:00
https://images.metmuseum.org/CRDImages/as/original/DP222234.jpg,false,0.00445600,250000,,2026-04-28T14:24:49.236432+00:00
https://images.metmuseum.org/CRDImages/as/original/DP223489.jpg,false,0.00002000,250000,,2026-04-28T14:19:52.230165+00:00
https://images.metmuseum.org/CRDImages/as/original/DP225236.jpg,false,0.00047600,250000,,2026-04-28T14:27:28.370158+00:00
https://images.metmuseum.org/CRDImages/as/original/DP225243.jpg,false,0.00070000,250000,,2026-04-28T14:24:31.202037+00:00
https://images.metmuseum.org/CRDImages/as/original/DP225248.jpg,false,0.07580800,250000,,2026-04-28T14:22:35.511416+00:00
https://images.metmuseum.org/CRDImages/as/original/DP225254.jpg,false,0.46441600,250000,,2026-04-28T14:27:30.454095+00:00
https://images.metmuseum.org/CRDImages/as/original/DP225269.jpg,false,0.13028800,250000,,2026-04-28T14:23:40.549730+00:00
https://images.metmuseum.org/CRDImages/as/original/DP225276_CRD.jpg,false,0.02336800,250000,,2026-04-28T14:26:00.797269+00:00
https://images.metmuseum.org/CRDImages/as/original/DP225462.jpg,false,0.37127600,250000,,2026-04-28T14:27:09.307559+00:00
https://images.metmuseum.org/CRDImages/as/original/DP225475.jpg,false,0.28179600,250000,,2026-04-28T14:19:44.635420+00:00
https://images.metmuseum.org/CRDImages/as/original/DP227256.jpg,false,0.58227200,250000,,2026-04-28T14:25:25.035380+00:00
https://images.metmuseum.org/CRDImages/as/original/DP229722.jpg,false,0.64270000,250000,,2026-04-28T14:25:22.227467+00:00
https://images.metmuseum.org/CRDImages/as/original/DP230333.jpg,false,0.47785600,250000,,2026-04-28T14:25:24.667357+00:00
https://images.metmuseum.org/CRDImages/as/original/DP23087.jpg,false,0.00104400,250000,,2026-04-28T14:01:00.429752+00:00
"https://images.metmuseum.org/CRDImages/as/original/DP23117_93.3.42,a.jpg",false,0.00244800,250000,,2026-04-28T14:26:58.996868+00:00
https://images.metmuseum.org/CRDImages/as/original/DP231900.jpg,false,0.00630000,250000,,2026-04-28T14:19:58.744554+00:00
https://images.metmuseum.org/CRDImages/as/original/DP231902.jpg,false,0.00004800,250000,,2026-04-28T14:00:59.776151+00:00
https://images.metmuseum.org/CRDImages/as/original/DP233937.jpg,false,0.00288400,250000,,2026-04-28T14:25:17.765133+00:00
https://images.metmuseum.org/CRDImages/as/original/DP234653.jpg,false,0.71228800,250000,,2026-04-28T14:26:04.500686+00:00
https://images.metmuseum.org/CRDImages/as/original/DP240189.jpg,false,0.00255600,250000,,2026-04-28T14:19:26.661104+00:00
https://images.metmuseum.org/CRDImages/as/original/DP240202.jpg,false,0.00034800,250000,,2026-04-28T14:25:26.276501+00:00
https://images.metmuseum.org/CRDImages/as/original/DP240219.jpg,false,0.00092000,250000,,2026-04-28T14:23:33.073418+00:00
https://images.metmuseum.org/CRDImages/as/original/DP240232.jpg,false,0.73224000,250000,,2026-04-28T14:25:25.243531+00:00
https://images.metmuseum.org/CRDImages/as/original/DP240246.jpg,false,0.14214800,250000,,2026-04-28T14:23:33.745638+00:00
https://images.metmuseum.org/CRDImages/as/original/DP246426.jpg,false,0.00017200,250000,,2026-04-28T14:01:11.554789+00:00
https://images.metmuseum.org/CRDImages/as/original/DP246427.jpg,false,0.45555600,250000,,2026-04-28T14:20:33.497420+00:00
https://images.metmuseum.org/CRDImages/as/original/DP246451.jpg,false,0.32916800,250000,,2026-04-28T14:22:09.448241+00:00
https://images.metmuseum.org/CRDImages/as/original/DP246474.jpg,false,0.51691600,250000,,2026-04-28T14:26:18.374347+00:00
https://images.metmuseum.org/CRDImages/as/original/DP247424.jpg,false,0.03612800,250000,,2026-04-28T14:27:00.642701+00:00
https://images.metmuseum.org/CRDImages/as/original/DP247434.jpg,false,0.02710000,250000,,2026-04-28T14:28:03.775604+00:00
https://images.metmuseum.org/CRDImages/as/original/DP248235.jpg,false,0.19472000,250000,,2026-04-28T14:28:36.422242+00:00
https://images.metmuseum.org/CRDImages/as/original/DP249036.jpg,false,0.26118400,250000,,2026-04-28T14:19:29.046696+00:00
https://images.metmuseum.org/CRDImages/as/original/DP251158.jpg,false,0.51029200,250000,,2026-04-28T14:26:55.578415+00:00
https://images.metmuseum.org/CRDImages/as/original/DP251191.jpg,false,0.44093600,250000,,2026-04-28T14:28:36.916958+00:00
https://images.metmuseum.org/CRDImages/as/original/DP252962.jpg,false,0.65915600,250000,,2026-04-28T14:19:26.422704+00:00
https://images.metmuseum.org/CRDImages/as/original/DP252971.jpg,false,0.17184800,250000,,2026-04-28T14:00:54.662144+00:00
https://images.metmuseum.org/CRDImages/as/original/DP253253.jpg,false,0.21602800,250000,,2026-04-28T14:00:55.120656+00:00
https://images.metmuseum.org/CRDImages/as/original/DP253556.jpg,false,0.53342400,250000,,2026-04-28T14:28:35.661922+00:00
https://images.metmuseum.org/CRDImages/as/original/DP253558.jpg,false,0.32990000,250000,,2026-04-28T14:00:55.810587+00:00
https://images.metmuseum.org/CRDImages/as/original/DP253562.jpg,false,0.35151600,250000,,2026-04-28T14:00:56.188201+00:00
https://images.metmuseum.org/CRDImages/as/original/DP253897.jpg,false,0.15948400,250000,,2026-04-28T14:26:51.064215+00:00
https://images.metmuseum.org/CRDImages/as/original/DP253899.jpg,false,0.23369600,250000,,2026-04-28T14:26:50.706774+00:00
https://images.metmuseum.org/CRDImages/as/original/DP253906.jpg,false,0.28711600,250000,,2026-04-28T14:19:25.626647+00:00
https://images.metmuseum.org/CRDImages/as/original/DP253909.jpg,false,0.26646000,250000,,2026-04-28T14:19:25.832142+00:00
https://images.metmuseum.org/CRDImages/as/original/DP253912.jpg,false,0.29817600,250000,,2026-04-28T14:27:37.091281+00:00
https://images.metmuseum.org/CRDImages/as/original/DP254500.jpg,false,0.35088000,250000,,2026-04-28T14:19:27.262580+00:00
https://images.metmuseum.org/CRDImages/as/original/DP254506.jpg,false,0.17110800,250000,,2026-04-28T14:19:25.219925+00:00
https://images.metmuseum.org/CRDImages/as/original/DP254514.jpg,false,0.21526400,250000,,2026-04-28T14:00:57.834790+00:00
https://images.metmuseum.org/CRDImages/as/original/DP257918.jpg,false,0.00044000,250000,,2026-04-28T14:28:32.852333+00:00
https://images.metmuseum.org/CRDImages/as/original/DP257919.jpg,false,0.00000400,250000,,2026-04-28T14:28:33.767422+00:00
https://images.metmuseum.org/CRDImages/as/original/DP257928.jpg,false,0.03945600,250000,,2026-04-28T14:28:34.048801+00:00
https://images.metmuseum.org/CRDImages/as/original/DP257950.jpg,false,0.00062400,250000,,2026-04-28T14:28:04.116112+00:00
https://images.metmuseum.org/CRDImages/as/original/DP258087.jpg,false,0.00926800,250000,,2026-04-28T14:27:51.030545+00:00
https://images.metmuseum.org/CRDImages/as/original/DP260415.jpg,false,0.12211200,250000,,2026-04-28T14:28:07.298270+00:00
https://images.metmuseum.org/CRDImages/as/original/DP261017.jpg,false,0.08016000,250000,,2026-04-28T14:28:37.500463+00:00
https://images.metmuseum.org/CRDImages/as/original/DP264290.jpg,false,0.31580800,250000,,2026-04-28T14:27:12.931389+00:00
https://images.metmuseum.org/CRDImages/as/original/DP264293.jpg,false,0.38591600,250000,,2026-04-28T14:24:03.083646+00:00
https://images.metmuseum.org/CRDImages/as/original/DP264294.jpg,false,0.24484000,250000,,2026-04-28T14:19:35.742943+00:00
https://images.metmuseum.org/CRDImages/as/original/DP264302.jpg,false,0.16255200,250000,,2026-04-28T14:26:05.759740+00:00
https://images.metmuseum.org/CRDImages/as/original/DP264316.jpg,false,0.28603600,250000,,2026-04-28T14:20:01.786799+00:00
https://images.metmuseum.org/CRDImages/as/original/DP264328.jpg,false,0.31084800,250000,,2026-04-28T14:27:15.198008+00:00
https://images.metmuseum.org/CRDImages/as/original/DP268796.jpg,false,0.42300000,250000,,2026-04-28T14:19:59.635796+00:00
https://images.metmuseum.org/CRDImages/as/original/DP271348.jpg,false,0.25107600,250000,,2026-04-28T14:01:03.279279+00:00
https://images.metmuseum.org/CRDImages/as/original/DP271362.jpg,false,0.37058000,250000,,2026-04-28T14:28:37.211679+00:00
https://images.metmuseum.org/CRDImages/as/original/DP272497.jpg,false,0.01526000,250000,,2026-04-28T14:28:01.845676+00:00
https://images.metmuseum.org/CRDImages/as/original/DP272506.jpg,false,0.00879600,250000,,2026-04-28T14:27:49.939713+00:00
https://images.metmuseum.org/CRDImages/as/original/DP272538.jpg,false,0.37795200,250000,,2026-04-28T14:26:53.376561+00:00
https://images.metmuseum.org/CRDImages/as/original/DP272543.jpg,false,0.36859200,250000,,2026-04-28T14:28:29.087837+00:00
https://images.metmuseum.org/CRDImages/as/original/DP272550.jpg,false,0.54152000,250000,,2026-04-28T14:25:23.011141+00:00
https://images.metmuseum.org/CRDImages/as/original/DP272557.jpg,false,0.35030000,250000,,2026-04-28T14:26:53.739275+00:00
https://images.metmuseum.org/CRDImages/as/original/DP272560.jpg,false,0.24818800,250000,,2026-04-28T14:26:54.750541+00:00
https://images.metmuseum.org/CRDImages/as/original/DP272565.jpg,false,0.40353600,250000,,2026-04-28T14:25:23.391981+00:00
https://images.metmuseum.org/CRDImages/as/original/DP272568.jpg,false,0.31771200,250000,,2026-04-28T14:26:54.271062+00:00
https://images.metmuseum.org/CRDImages/as/original/DP272577.jpg,false,0.55863200,250000,,2026-04-28T14:25:24.173974+00:00
https://images.metmuseum.org/CRDImages/as/original/DP274692.jpg,false,0.46148000,250000,,2026-04-28T14:19:40.793274+00:00
https://images.metmuseum.org/CRDImages/as/original/DP274702.jpg,false,0.45604400,250000,,2026-04-28T14:24:52.390766+00:00
https://images.metmuseum.org/CRDImages/as/original/DP274734.jpg,false,0.61087200,250000,,2026-04-28T14:27:54.681030+00:00
https://images.metmuseum.org/CRDImages/as/original/DP275590.jpg,false,0.30509600,250000,,2026-04-28T14:24:01.704735+00:00
https://images.metmuseum.org/CRDImages/as/original/DP284021.jpg,false,0.34427200,250000,,2026-04-28T14:24:59.223446+00:00
https://images.metmuseum.org/CRDImages/as/original/DP294390.jpg,false,0.24172800,250000,,2026-04-28T14:01:02.192976+00:00
https://images.metmuseum.org/CRDImages/as/original/DP297292.jpg,false,0.50586400,250000,,2026-04-28T14:26:08.184374+00:00
https://images.metmuseum.org/CRDImages/as/original/DP304676.jpg,false,0.19166400,250000,,2026-04-28T14:27:57.098896+00:00
https://images.metmuseum.org/CRDImages/as/original/DP307600.jpg,false,0.36229200,250000,,2026-04-28T14:25:01.179708+00:00
https://images.metmuseum.org/CRDImages/as/original/DP307773.jpg,false,0.73776800,250000,,2026-04-28T14:26:38.840755+00:00
https://images.metmuseum.org/CRDImages/as/original/DP310103.jpg,false,0.24284400,250000,,2026-04-28T14:20:53.876836+00:00
https://images.metmuseum.org/CRDImages/as/original/DP318741.jpg,false,0.00034000,250000,,2026-04-28T14:20:49.502146+00:00
https://images.metmuseum.org/CRDImages/as/original/DP323433.jpg,false,0.12146800,250000,,2026-04-28T14:19:38.741220+00:00
https://images.metmuseum.org/CRDImages/as/original/DP323448.jpg,false,0.39931600,250000,,2026-04-28T14:26:55.200715+00:00
https://images.metmuseum.org/CRDImages/as/original/DP323464.jpg,false,0.29892800,250000,,2026-04-28T14:19:29.302885+00:00
https://images.metmuseum.org/CRDImages/as/original/DP323753.jpg,false,0.15810400,250000,,2026-04-28T14:27:38.723242+00:00
https://images.metmuseum.org/CRDImages/as/original/DP323754.jpg,false,0.62661200,250000,,2026-04-28T14:20:00.156465+00:00
https://images.metmuseum.org/CRDImages/as/original/DP335583.jpg,false,0.23179200,250000,,2026-04-28T14:25:19.517574+00:00
https://images.metmuseum.org/CRDImages/as/original/DP335586.jpg,false,0.18587200,250000,,2026-04-28T14:27:06.766324+00:00
https://images.metmuseum.org/CRDImages/as/original/DP335588.jpg,false,0.45662400,250000,,2026-04-28T14:26:21.349403+00:00
https://images.metmuseum.org/CRDImages/as/original/DP335589.jpg,false,0.30012400,250000,,2026-04-28T14:26:21.126842+00:00
https://images.metmuseum.org/CRDImages/as/original/DP335590.jpg,false,0.29404000,250000,,2026-04-28T14:19:40.498490+00:00
https://images.metmuseum.org/CRDImages/as/original/DP335595.jpg,false,0.28394800,250000,,2026-04-28T14:27:03.988283+00:00
https://images.metmuseum.org/CRDImages/as/original/DP341142.jpg,false,0.70600400,250000,,2026-04-28T14:19:52.449718+00:00
https://images.metmuseum.org/CRDImages/as/original/DP341154.jpg,false,0.70337200,250000,,2026-04-28T14:19:51.554739+00:00
https://images.metmuseum.org/CRDImages/as/original/DP341420.jpg,false,0.71597200,250000,,2026-04-28T14:19:26.801778+00:00
https://images.metmuseum.org/CRDImages/as/original/DP342271.jpg,false,0.45577200,250000,,2026-04-28T14:19:42.926614+00:00
https://images.metmuseum.org/CRDImages/as/original/DP342530.jpg,false,0.54311600,250000,,2026-04-28T14:25:06.572068+00:00
https://images.metmuseum.org/CRDImages/as/original/DP342532.jpg,false,0.00417200,250000,,2026-04-28T14:28:31.773470+00:00
https://images.metmuseum.org/CRDImages/as/original/DP342585.jpg,false,0.60711200,250000,,2026-04-28T14:19:43.119865+00:00
https://images.metmuseum.org/CRDImages/as/original/DP342593.jpg,false,0.50858800,250000,,2026-04-28T14:27:21.416906+00:00
https://images.metmuseum.org/CRDImages/as/original/DP342621.jpg,false,0.51543200,250000,,2026-04-28T14:19:36.843080+00:00
https://images.metmuseum.org/CRDImages/as/original/DP342648.jpg,false,0.66172000,250000,,2026-04-28T14:19:44.054854+00:00
https://images.metmuseum.org/CRDImages/as/original/DP342655.jpg,false,0.39591600,250000,,2026-04-28T14:01:13.449131+00:00
https://images.metmuseum.org/CRDImages/as/original/DP342694.jpg,false,0.02190800,250000,,2026-04-28T14:28:35.915128+00:00
https://images.metmuseum.org/CRDImages/as/original/DP342697.jpg,false,0.00190400,250000,,2026-04-28T14:19:45.772551+00:00
https://images.metmuseum.org/CRDImages/as/original/DP342716.jpg,false,0.22970400,250000,,2026-04-28T14:01:08.400340+00:00
https://images.metmuseum.org/CRDImages/as/original/DP342728.jpg,false,0.09458000,250000,,2026-04-28T14:19:38.998998+00:00
https://images.metmuseum.org/CRDImages/as/original/DP342730.jpg,false,0.21375200,250000,,2026-04-28T14:19:31.925718+00:00
https://images.metmuseum.org/CRDImages/as/original/DP343077.jpg,false,0.45450800,250000,,2026-04-28T14:19:43.921646+00:00
https://images.metmuseum.org/CRDImages/as/original/DP348342.jpg,false,0.47347200,250000,,2026-04-28T14:27:12.517337+00:00
https://images.metmuseum.org/CRDImages/as/original/DP350151.jpg,false,0.41178800,250000,,2026-04-28T14:19:41.381173+00:00
https://images.metmuseum.org/CRDImages/as/original/DP350410.jpg,false,0.22932400,250000,,2026-04-28T14:01:09.153144+00:00
https://images.metmuseum.org/CRDImages/as/original/DP368008.jpg,false,0.70693600,250000,,2026-04-28T14:20:26.096676+00:00
https://images.metmuseum.org/CRDImages/as/original/DP703013.jpg,false,0.52774800,250000,,2026-04-28T14:40:22.381966+00:00
https://images.metmuseum.org/CRDImages/as/original/DP703020.jpg,false,0.59263600,250000,,2026-04-28T14:40:23.010455+00:00
https://images.metmuseum.org/CRDImages/as/original/DP703022.jpg,false,0.00074400,250000,,2026-04-28T14:28:38.305464+00:00
https://images.metmuseum.org/CRDImages/as/original/DP703026.jpg,false,0.55830000,250000,,2026-04-28T14:01:02.871700+00:00
https://images.metmuseum.org/CRDImages/as/original/DP703032.jpg,false,0.53251200,250000,,2026-04-28T14:40:23.335282+00:00
https://images.metmuseum.org/CRDImages/as/original/DP703048.jpg,false,0.49893600,250000,,2026-04-28T14:40:32.369401+00:00
https://images.metmuseum.org/CRDImages/as/original/DP703053.jpg,false,0.44347600,250000,,2026-04-28T14:40:25.247163+00:00
https://images.metmuseum.org/CRDImages/as/original/DP703059.jpg,false,0.54892000,250000,,2026-04-28T14:40:24.933524+00:00
https://images.metmuseum.org/CRDImages/as/original/DP703061.jpg,false,0.50585600,250000,,2026-04-28T14:40:24.685717+00:00
https://images.metmuseum.org/CRDImages/as/original/DP703063.jpg,false,0.54988000,250000,,2026-04-28T14:40:22.807502+00:00
https://images.metmuseum.org/CRDImages/as/original/DP703065.jpg,false,0.47888400,250000,,2026-04-28T14:40:24.316107+00:00
https://images.metmuseum.org/CRDImages/as/original/DP703072.jpg,false,0.37125200,250000,,2026-04-28T14:40:23.887771+00:00
https://images.metmuseum.org/CRDImages/as/original/DP703074.jpg,false,0.53950400,250000,,2026-04-28T14:40:19.599045+00:00
https://images.metmuseum.org/CRDImages/as/original/DT10515.jpg,false,0.65439600,250000,,2026-04-28T14:25:16.235832+00:00
https://images.metmuseum.org/CRDImages/as/original/DT10522.jpg,false,0.55816000,250000,,2026-04-28T14:19:56.216606+00:00
https://images.metmuseum.org/CRDImages/as/original/DT11750.jpg,false,0.82686400,250000,,2026-04-28T14:24:50.642510+00:00
https://images.metmuseum.org/CRDImages/as/original/DT11754.jpg,false,0.73184800,250000,,2026-04-28T14:25:26.653491+00:00
https://images.metmuseum.org/CRDImages/as/original/DT11845.jpg,false,0.64868000,250000,,2026-04-28T14:25:20.034381+00:00
https://images.metmuseum.org/CRDImages/as/original/DT11846.jpg,false,0.64841200,250000,,2026-04-28T14:27:26.377948+00:00
https://images.metmuseum.org/CRDImages/as/original/DT218.jpg,false,0.79161200,250000,,2026-04-28T14:19:37.426260+00:00
https://images.metmuseum.org/CRDImages/as/original/DT258465.jpg,false,0.79818000,250000,,2026-04-28T14:19:35.880294+00:00
https://images.metmuseum.org/CRDImages/as/original/DT3702.jpg,false,0.73572000,250000,,2026-04-28T14:00:45.836687+00:00
https://images.metmuseum.org/CRDImages/as/original/DT4131.jpg,false,0.80960400,250000,,2026-04-28T14:00:54.087299+00:00
https://images.metmuseum.org/CRDImages/as/original/DT4134.jpg,false,0.77766000,250000,,2026-04-28T14:00:56.540092+00:00
https://images.metmuseum.org/CRDImages/as/original/DT4188.jpg,false,0.00684800,250000,,2026-04-28T14:00:53.840818+00:00
https://images.metmuseum.org/CRDImages/as/original/DT4857.jpg,false,0.63660000,250000,,2026-04-28T14:00:58.224727+00:00
https://images.metmuseum.org/CRDImages/as/original/DT5077.jpg,false,0.81146800,250000,,2026-04-28T14:00:51.742827+00:00
https://images.metmuseum.org/CRDImages/as/original/DT5080.jpg,false,0.68916000,250000,,2026-04-28T14:19:53.345622+00:00
https://images.metmuseum.org/CRDImages/as/original/DT6789.jpg,false,0.58620000,250000,,2026-04-28T14:00:51.451174+00:00
https://images.metmuseum.org/CRDImages/as/original/DT6866.jpg,false,0.05672000,250000,,2026-04-28T14:00:51.949563+00:00
https://images.metmuseum.org/CRDImages/as/original/DT8155.jpg,false,0.78954800,250000,,2026-04-28T14:19:31.206291+00:00
https://images.metmuseum.org/CRDImages/as/original/DT8291.jpg,false,0.00976000,250000,,2026-04-28T14:19:29.879830+00:00
https://images.metmuseum.org/CRDImages/as/original/DT8314.jpg,false,0.00374400,250000,,2026-04-28T14:19:33.225854+00:00
https://images.metmuseum.org/CRDImages/as/original/DT8455.jpg,false,0.71581600,250000,,2026-04-28T14:19:27.660899+00:00
https://images.metmuseum.org/CRDImages/as/original/FLW Vase 91.1.275  Ret.jpg,,,,URL can't contain control characters. '/CRDImages/as/original/FLW Vase 91.1.275  Ret.jpg' (found at least ' '),2026-04-28T14:27:26.216067+00:00
https://images.metmuseum.org/CRDImages/as/original/LC-00_7-001.jpg,false,0.00550400,250000,,2026-04-28T14:24:39.504897+00:00
https://images.metmuseum.org/CRDImages/as/original/LC-14_40_101ab_whs-003.jpg,false,0.00006000,250000,,2026-04-28T14:24:08.170492+00:00
https://images.metmuseum.org/CRDImages/as/original/LC-14_40_103ab_whs-002.jpg,false,0.00000000,250000,,2026-04-28T14:20:42.270091+00:00
https://images.metmuseum.org/CRDImages/as/original/LC-14_40_105_whs-002.jpg,false,0.05910800,250000,,2026-04-28T14:21:09.616625+00:00
https://images.metmuseum.org/CRDImages/as/original/LC-14_40_106_whs-001.jpg,false,0.00368400,250000,,2026-04-28T14:20:58.376678+00:00
https://images.metmuseum.org/CRDImages/as/original/LC-14_40_111_whs-003.jpg,false,0.00002800,250000,,2026-04-28T14:24:03.635222+00:00
https://images.metmuseum.org/CRDImages/as/original/LC-14_40_112_whs-001.jpg,false,0.00008400,250000,,2026-04-28T14:20:09.651134+00:00
https://images.metmuseum.org/CRDImages/as/original/LC-14_40_116_whs-002.jpg,false,0.00005600,250000,,2026-04-28T14:20:45.983323+00:00
https://images.metmuseum.org/CRDImages/as/original/LC-14_40_123_whs-001.jpg,false,0.00116800,250000,,2026-04-28T14:20:49.934992+00:00
https://images.metmuseum.org/CRDImages/as/original/LC-14_40_124_whs-003.jpg,false,0.00264800,250000,,2026-04-28T14:20:49.671527+00:00
https://images.metmuseum.org/CRDImages/as/original/LC-14_40_125_whs-002.jpg,false,0.00256800,250000,,2026-04-28T14:21:09.424701+00:00
https://images.metmuseum.org/CRDImages/as/original/LC-14_40_127_whs-002.jpg,false,0.00090400,250000,,2026-04-28T14:21:09.082426+00:00
https://images.metmuseum.org/CRDImages/as/original/LC-14_40_128_whs-002.jpg,false,0.00213600,250000,,2026-04-28T14:21:03.594533+00:00
https://images.metmuseum.org/CRDImages/as/original/LC-14_40_130ab-2023-06-15-01.jpg,false,0.00100400,250000,,2026-04-28T14:24:49.528547+00:00
https://images.metmuseum.org/CRDImages/as/original/LC-14_40_132_whs-001.jpg,false,0.10209200,250000,,2026-04-28T14:20:46.984856+00:00
https://images.metmuseum.org/CRDImages/as/original/LC-14_40_135_whs-003.jpg,false,0.10706000,250000,,2026-04-28T14:21:00.209303+00:00
https://images.metmuseum.org/CRDImages/as/original/LC-14_40_136_whs-002.jpg,false,0.00722000,250000,,2026-04-28T14:22:41.026697+00:00
https://images.metmuseum.org/CRDImages/as/original/LC-14_40_142_whs-001.jpg,false,0.07611600,250000,,2026-04-28T14:22:37.051270+00:00
https://images.metmuseum.org/CRDImages/as/original/LC-14_40_147_whs-001.jpg,false,0.00034800,250000,,2026-04-28T14:20:47.217354+00:00
https://images.metmuseum.org/CRDImages/as/original/LC-14_40_154_whs-001.jpg,false,0.08509600,250000,,2026-04-28T14:21:39.886898+00:00
https://images.metmuseum.org/CRDImages/as/original/LC-14_40_168_whs-001.jpg,false,0.04214800,250000,,2026-04-28T14:21:46.150333+00:00
https://images.metmuseum.org/CRDImages/as/original/LC-14_40_170_whs-001.jpg,false,0.00016000,250000,,2026-04-28T14:21:38.446909+00:00
https://images.metmuseum.org/CRDImages/as/original/LC-14_40_172_whs-001.jpg,false,0.02492800,250000,,2026-04-28T14:20:48.618436+00:00
https://images.metmuseum.org/CRDImages/as/original/LC-14_40_174_whs-001.jpg,false,0.00000800,250000,,2026-04-28T14:23:21.354937+00:00
https://images.metmuseum.org/CRDImages/as/original/LC-14_40_175_whs-002.jpg,false,0.20055200,250000,,2026-04-28T14:21:05.774000+00:00
https://images.metmuseum.org/CRDImages/as/original/LC-14_40_176_whs-001.jpg,false,0.08298000,250000,,2026-04-28T14:21:07.044105+00:00
https://images.metmuseum.org/CRDImages/as/original/LC-14_40_178_whs-002.jpg,false,0.00009200,250000,,2026-04-28T14:20:19.783898+00:00
https://images.metmuseum.org/CRDImages/as/original/LC-14_40_179_whs-001.jpg,false,0.00022800,250000,,2026-04-28T14:20:44.387157+00:00
https://images.metmuseum.org/CRDImages/as/original/LC-14_40_17_whs-002.jpg,false,0.01208000,250000,,2026-04-28T14:21:39.568237+00:00
https://images.metmuseum.org/CRDImages/as/original/LC-14_40_183_whs-001.jpg,false,0.09508800,250000,,2026-04-28T14:24:47.920633+00:00
https://images.metmuseum.org/CRDImages/as/original/LC-14_40_19_whs-001.jpg,false,0.00030800,250000,,2026-04-28T14:21:39.066913+00:00
https://images.metmuseum.org/CRDImages/as/original/LC-14_40_200-001.jpg,false,0.00132400,250000,,2026-04-28T14:25:01.512643+00:00
https://images.metmuseum.org/CRDImages/as/original/LC-14_40_211ab_whs-002.jpg,false,0.07459200,250000,,2026-04-28T14:22:51.208024+00:00
https://images.metmuseum.org/CRDImages/as/original/LC-14_40_23_whs-002.jpg,false,0.01437600,250000,,2026-04-28T14:24:15.159200+00:00
https://images.metmuseum.org/CRDImages/as/original/LC-14_40_243_whs-002.jpg,false,0.00000400,250000,,2026-04-28T14:26:36.146609+00:00
https://images.metmuseum.org/CRDImages/as/original/LC-14_40_244_whs-004.jpg,false,0.05750800,250000,,2026-04-28T14:21:37.753947+00:00
https://images.metmuseum.org/CRDImages/as/original/LC-14_40_246_whs-002.jpg,false,0.00000000,250000,,2026-04-28T14:21:43.444654+00:00
https://images.metmuseum.org/CRDImages/as/original/LC-14_40_248_whs-001.jpg,false,0.07943600,250000,,2026-04-28T14:21:36.930963+00:00
https://images.metmuseum.org/CRDImages/as/original/LC-14_40_249_trans-002.jpg,false,0.00089200,250000,,2026-04-28T14:21:02.130936+00:00
https://images.metmuseum.org/CRDImages/as/original/LC-14_40_256_whs-001.jpg,false,0.00408400,250000,,2026-04-28T14:21:04.408500+00:00
https://images.metmuseum.org/CRDImages/as/original/LC-14_40_258ab_whs-002.jpg,false,0.00154800,250000,,2026-04-28T14:24:35.914665+00:00
https://images.metmuseum.org/CRDImages/as/original/LC-14_40_261ab_whs-002.jpg,false,0.00322400,250000,,2026-04-28T14:20:41.844758+00:00
https://images.metmuseum.org/CRDImages/as/original/LC-14_40_262ab_whs-002.jpg,false,0.00154000,250000,,2026-04-28T14:24:35.281336+00:00
https://images.metmuseum.org/CRDImages/as/original/LC-14_40_269_whs-001.jpg,false,0.00105200,250000,,2026-04-28T14:21:12.846705+00:00
https://images.metmuseum.org/CRDImages/as/original/LC-14_40_26_whs-002.jpg,false,0.04517200,250000,,2026-04-28T14:20:51.709380+00:00
https://images.metmuseum.org/CRDImages/as/original/LC-14_40_270_whs-002.jpg,false,0.00115600,250000,,2026-04-28T14:22:39.376215+00:00
https://images.metmuseum.org/CRDImages/as/original/LC-14_40_271_whs-002.jpg,false,0.05872000,250000,,2026-04-28T14:20:10.993496+00:00
https://images.metmuseum.org/CRDImages/as/original/LC-14_40_272_whs-001.jpg,false,0.00020400,250000,,2026-04-28T14:21:06.533703+00:00
https://images.metmuseum.org/CRDImages/as/original/LC-14_40_273_whs-001.jpg,false,0.04452000,250000,,2026-04-28T14:20:11.437227+00:00
https://images.metmuseum.org/CRDImages/as/original/LC-14_40_277_whs-001.jpg,false,0.00059200,250000,,2026-04-28T14:22:45.218697+00:00
https://images.metmuseum.org/CRDImages/as/original/LC-14_40_278_whs-001.jpg,false,0.00010400,250000,,2026-04-28T14:22:44.885459+00:00
https://images.metmuseum.org/CRDImages/as/original/LC-14_40_294_whs-002.jpg,false,0.00798800,250000,,2026-04-28T14:21:00.007921+00:00
https://images.metmuseum.org/CRDImages/as/original/LC-14_40_295_whs-001.jpg,false,0.00016400,250000,,2026-04-28T14:22:33.776993+00:00
https://images.metmuseum.org/CRDImages/as/original/LC-14_40_296_whs-002.jpg,false,0.01378800,250000,,2026-04-28T14:21:06.847236+00:00
https://images.metmuseum.org/CRDImages/as/original/LC-14_40_297_whs-002.jpg,false,0.07692400,250000,,2026-04-28T14:26:37.139234+00:00
https://images.metmuseum.org/CRDImages/as/original/LC-14_40_30-003.jpg,false,0.00317200,250000,,2026-04-28T14:21:07.579344+00:00
https://images.metmuseum.org/CRDImages/as/original/LC-14_40_304_whs-002.jpg,false,0.00016000,250000,,2026-04-28T14:22:34.440551+00:00
https://images.metmuseum.org/CRDImages/as/original/LC-14_40_305_whs-003.jpg,false,0.03789200,250000,,2026-04-28T14:22:34.190797+00:00
https://images.metmuseum.org/CRDImages/as/original/LC-14_40_307ab_whs-003.jpg,false,0.08042400,250000,,2026-04-28T14:21:13.343782+00:00
https://images.metmuseum.org/CRDImages/as/original/LC-14_40_310_whs-001.jpg,false,0.00014800,250000,,2026-04-28T14:22:34.838947+00:00
https://images.metmuseum.org/CRDImages/as/original/LC-14_40_319_whs-003.jpg,false,0.00007600,250000,,2026-04-28T14:21:08.297710+00:00
https://images.metmuseum.org/CRDImages/as/original/LC-14_40_324_whs-002.jpg,false,0.00001600,250000,,2026-04-28T14:22:56.799861+00:00
https://images.metmuseum.org/CRDImages/as/original/LC-14_40_326_whs-002.jpg,false,0.00000000,250000,,2026-04-28T14:20:47.886579+00:00
https://images.metmuseum.org/CRDImages/as/original/LC-14_40_333_whs-002.jpg,false,0.00242000,250000,,2026-04-28T14:24:38.017856+00:00
https://images.metmuseum.org/CRDImages/as/original/LC-14_40_338_whs-002.jpg,false,0.00002000,250000,,2026-04-28T14:20:08.332462+00:00
https://images.metmuseum.org/CRDImages/as/original/LC-14_40_341_whs-002.jpg,false,0.08947600,250000,,2026-04-28T14:21:37.248512+00:00
https://images.metmuseum.org/CRDImages/as/original/LC-14_40_342_whs-001.jpg,false,0.02982400,250000,,2026-04-28T14:21:40.322217+00:00
https://images.metmuseum.org/CRDImages/as/original/LC-14_40_345_whs-002.jpg,false,0.00010000,250000,,2026-04-28T14:21:38.215337+00:00
https://images.metmuseum.org/CRDImages/as/original/LC-14_40_349_whs-002.jpg,false,0.00008800,250000,,2026-04-28T14:21:47.326923+00:00
https://images.metmuseum.org/CRDImages/as/original/LC-14_40_352_whs-003.jpg,false,0.00194400,250000,,2026-04-28T14:21:03.851906+00:00
https://images.metmuseum.org/CRDImages/as/original/LC-14_40_353_whs-003.jpg,false,0.09712800,250000,,2026-04-28T14:21:45.823931+00:00
https://images.metmuseum.org/CRDImages/as/original/LC-14_40_355_whs-002.jpg,false,0.00012400,250000,,2026-04-28T14:21:42.881409+00:00
https://images.metmuseum.org/CRDImages/as/original/LC-14_40_405ab_whs-001.jpg,false,0.00098000,250000,,2026-04-28T14:20:43.156477+00:00
https://images.metmuseum.org/CRDImages/as/original/LC-14_40_41_whs-002.jpg,false,0.00015600,250000,,2026-04-28T14:21:06.253744+00:00
https://images.metmuseum.org/CRDImages/as/original/LC-14_40_424-20230217-01.jpg,false,0.00111200,250000,,2026-04-28T14:20:41.692432+00:00
https://images.metmuseum.org/CRDImages/as/original/LC-14_40_429_whs-001.jpg,false,0.08553200,250000,,2026-04-28T14:26:48.068923+00:00
https://images.metmuseum.org/CRDImages/as/original/LC-14_40_42_whs-002.jpg,false,0.02658400,250000,,2026-04-28T14:20:59.642014+00:00
https://images.metmuseum.org/CRDImages/as/original/LC-14_40_45_whs-003.jpg,false,0.05128400,250000,,2026-04-28T14:21:10.901564+00:00
https://images.metmuseum.org/CRDImages/as/original/LC-14_40_47_whs-002.jpg,false,0.00016000,250000,,2026-04-28T14:20:46.405678+00:00
https://images.metmuseum.org/CRDImages/as/original/LC-14_40_48_whs-001.jpg,false,0.00268400,250000,,2026-04-28T14:21:39.340120+00:00
https://images.metmuseum.org/CRDImages/as/original/LC-14_40_49_whs-001.jpg,false,0.00051600,250000,,2026-04-28T14:21:10.418933+00:00
https://images.metmuseum.org/CRDImages/as/original/LC-14_40_53_whs-002.jpg,false,0.00032400,250000,,2026-04-28T14:21:10.103635+00:00
https://images.metmuseum.org/CRDImages/as/original/LC-14_40_54_whs-002.jpg,false,0.00016400,250000,,2026-04-28T14:20:47.571029+00:00
https://images.metmuseum.org/CRDImages/as/original/LC-14_40_55_whs-002.jpg,false,0.08891600,250000,,2026-04-28T14:21:07.826526+00:00
https://images.metmuseum.org/CRDImages/as/original/LC-14_40_56_whs-002.jpg,false,0.00246400,250000,,2026-04-28T14:20:50.138672+00:00
https://images.metmuseum.org/CRDImages/as/original/LC-14_40_65_whs-002.jpg,false,0.08118800,250000,,2026-04-28T14:21:11.146674+00:00
https://images.metmuseum.org/CRDImages/as/original/LC-14_40_66ab_whs-004.jpg,false,0.02724000,250000,,2026-04-28T14:21:00.515407+00:00
https://images.metmuseum.org/CRDImages/as/original/LC-14_40_67_whs-002.jpg,false,0.07942400,250000,,2026-04-28T14:21:41.885741+00:00
https://images.metmuseum.org/CRDImages/as/original/LC-14_40_68_whs-002.jpg,false,0.00132800,250000,,2026-04-28T14:21:10.653450+00:00
https://images.metmuseum.org/CRDImages/as/original/LC-14_40_6_whs-004.jpg,false,0.03024800,250000,,2026-04-28T14:21:41.435345+00:00
https://images.metmuseum.org/CRDImages/as/original/LC-14_40_71_whs-001.jpg,false,0.04681200,250000,,2026-04-28T14:21:04.180055+00:00
https://images.metmuseum.org/CRDImages/as/original/LC-14_40_73_whs-002.jpg,false,0.00016800,250000,,2026-04-28T14:21:07.376622+00:00
https://images.metmuseum.org/CRDImages/as/original/LC-14_40_74ab_whs-001.jpg,false,0.00000800,250000,,2026-04-28T14:20:49.044919+00:00
https://images.metmuseum.org/CRDImages/as/original/LC-14_40_76_whs-002.jpg,false,0.11206400,250000,,2026-04-28T14:20:46.676870+00:00
https://images.metmuseum.org/CRDImages/as/original/LC-14_40_80_whs-002.jpg,false,0.03643600,250000,,2026-04-28T14:20:49.254238+00:00
https://images.metmuseum.org/CRDImages/as/original/LC-14_40_81_whs-001.jpg,false,0.00000400,250000,,2026-04-28T14:21:03.253871+00:00
https://images.metmuseum.org/CRDImages/as/original/LC-14_40_9_whs-001.jpg,false,0.03608000,250000,,2026-04-28T14:20:11.729867+00:00
https://images.metmuseum.org/CRDImages/as/original/LC-1975_268_427_003.jpg,false,0.24672000,250000,,2026-04-28T14:19:58.108530+00:00
https://images.metmuseum.org/CRDImages/as/original/LC-1977_261-001.jpg,false,0.00020400,250000,,2026-04-28T14:19:58.346758+00:00
https://images.metmuseum.org/CRDImages/as/original/LC-1994_605_125_001.jpg,false,0.01073200,250000,,2026-04-28T14:19:47.861842+00:00
https://images.metmuseum.org/CRDImages/as/original/LC-1994_605_130_001.jpg,false,0.06149200,250000,,2026-04-28T14:19:48.724108+00:00
https://images.metmuseum.org/CRDImages/as/original/LC-1994_605_131_005.jpg,false,0.01314400,250000,,2026-04-28T14:19:48.959975+00:00
https://images.metmuseum.org/CRDImages/as/original/LC-1994_605_132_003.jpg,false,0.00145200,250000,,2026-04-28T14:19:49.360116+00:00
https://images.metmuseum.org/CRDImages/as/original/LC-2002_447_11-001.jpg,false,0.00004800,250000,,2026-04-28T14:24:53.669956+00:00
https://images.metmuseum.org/CRDImages/as/original/LC-20_41_1-20230217-01.jpg,false,0.00313600,250000,,2026-04-28T14:27:29.760662+00:00
https://images.metmuseum.org/CRDImages/as/original/LC-21_175_10_whs-001.jpg,false,0.00001600,250000,,2026-04-28T14:24:04.362304+00:00
https://images.metmuseum.org/CRDImages/as/original/LC-21_175_1_whs-002.jpg,false,0.00136000,250000,,2026-04-28T14:20:09.115549+00:00
https://images.metmuseum.org/CRDImages/as/original/LC-21_175_21ab_whs-002.jpg,false,0.18474000,250000,,2026-04-28T14:21:30.448681+00:00
https://images.metmuseum.org/CRDImages/as/original/LC-21_175_23_whs-002.jpg,false,0.04576400,250000,,2026-04-28T14:21:29.939352+00:00
https://images.metmuseum.org/CRDImages/as/original/LC-21_175_25ab_whs-002.jpg,false,0.27748400,250000,,2026-04-28T14:21:28.265566+00:00
https://images.metmuseum.org/CRDImages/as/original/LC-21_175_5-20230217-01.jpg,false,0.00032800,250000,,2026-04-28T14:27:16.895723+00:00
https://images.metmuseum.org/CRDImages/as/original/LC-23_225_224-001.jpg,false,0.00145200,250000,,2026-04-28T14:23:18.978908+00:00
https://images.metmuseum.org/CRDImages/as/original/LC-23_225_360-001.jpg,false,0.00187200,250000,,2026-04-28T14:27:59.759037+00:00
https://images.metmuseum.org/CRDImages/as/original/LC-23_225_383-001.jpg,false,0.01084400,250000,,2026-04-28T14:24:33.124002+00:00
https://images.metmuseum.org/CRDImages/as/original/LC-24_80_272-003.jpg,false,0.00000800,250000,,2026-04-28T14:21:14.985084+00:00
https://images.metmuseum.org/CRDImages/as/original/LC-25_13-001.jpg,false,0.00008400,250000,,2026-04-28T14:19:47.123485+00:00
https://images.metmuseum.org/CRDImages/as/original/LC-29_100_160_whs-002.jpg,false,0.08529200,250000,,2026-04-28T14:00:58.738827+00:00
https://images.metmuseum.org/CRDImages/as/original/LC-29_100_173_whs-003.jpg,false,0.00000400,250000,,2026-04-28T14:20:28.815721+00:00
https://images.metmuseum.org/CRDImages/as/original/LC-29_100_175_whs-003.jpg,false,0.06836000,250000,,2026-04-28T14:20:05.662808+00:00
https://images.metmuseum.org/CRDImages/as/original/LC-29_100_211_whs-003.jpg,false,0.00085600,250000,,2026-04-28T14:23:57.430977+00:00
https://images.metmuseum.org/CRDImages/as/original/LC-29_100_212_whs-001.jpg,false,0.00290400,250000,,2026-04-28T14:23:56.114897+00:00
https://images.metmuseum.org/CRDImages/as/original/LC-29_100_213_whs-001.jpg,false,0.07741600,250000,,2026-04-28T14:23:57.088014+00:00
https://images.metmuseum.org/CRDImages/as/original/LC-29_100_249_whs-002.jpg,false,0.00024000,250000,,2026-04-28T14:24:02.252077+00:00
https://images.metmuseum.org/CRDImages/as/original/LC-29_100_250_whs-002.jpg,false,0.00007200,250000,,2026-04-28T14:20:27.470181+00:00
https://images.metmuseum.org/CRDImages/as/original/LC-29_100_255_whs-002.jpg,false,0.00271600,250000,,2026-04-28T14:24:26.387670+00:00
https://images.metmuseum.org/CRDImages/as/original/LC-29_100_257_whs-002.jpg,false,0.00008400,250000,,2026-04-28T14:24:16.884291+00:00
https://images.metmuseum.org/CRDImages/as/original/LC-29_100_260_whs-002.jpg,false,0.00484800,250000,,2026-04-28T14:23:42.329396+00:00
https://images.metmuseum.org/CRDImages/as/original/LC-29_100_263_whs-003.jpg,false,0.00564800,250000,,2026-04-28T14:21:28.495449+00:00
https://images.metmuseum.org/CRDImages/as/original/LC-29_100_267_whs-001.jpg,false,0.10278400,250000,,2026-04-28T14:24:04.028631+00:00
https://images.metmuseum.org/CRDImages/as/original/LC-29_100_271_whs-001.jpg,false,0.01960800,250000,,2026-04-28T14:20:19.097827+00:00
https://images.metmuseum.org/CRDImages/as/original/LC-29_100_276_whs-003.jpg,false,0.05154800,250000,,2026-04-28T14:21:54.146636+00:00
https://images.metmuseum.org/CRDImages/as/original/LC-29_100_277_whs-001.jpg,false,0.00548400,250000,,2026-04-28T14:24:15.569856+00:00
https://images.metmuseum.org/CRDImages/as/original/LC-29_100_281_whs-002.jpg,false,0.00015200,250000,,2026-04-28T14:20:21.197478+00:00
https://images.metmuseum.org/CRDImages/as/original/LC-29_100_285_whs-003.jpg,false,0.06498400,250000,,2026-04-28T14:21:36.301487+00:00
https://images.metmuseum.org/CRDImages/as/original/LC-29_100_289_whs-002.jpg,false,0.00009600,250000,,2026-04-28T14:22:21.070040+00:00
https://images.metmuseum.org/CRDImages/as/original/LC-29_100_291_whs-002.jpg,false,0.05265200,250000,,2026-04-28T14:20:56.478248+00:00
https://images.metmuseum.org/CRDImages/as/original/LC-29_100_292_whs-002.jpg,false,0.00004400,250000,,2026-04-28T14:22:19.931229+00:00
https://images.metmuseum.org/CRDImages/as/original/LC-29_100_294_whs-001.jpg,false,0.03035600,250000,,2026-04-28T14:24:46.752656+00:00
https://images.metmuseum.org/CRDImages/as/original/LC-29_100_295_whs-001.jpg,false,0.07715200,250000,,2026-04-28T14:21:31.939657+00:00
https://images.metmuseum.org/CRDImages/as/original/LC-29_100_299-002.jpg,false,0.00008400,250000,,2026-04-28T14:21:34.549279+00:00
https://images.metmuseum.org/CRDImages/as/original/LC-29_100_319-001.jpg,false,0.00856800,250000,,2026-04-28T14:26:12.275524+00:00
https://images.metmuseum.org/CRDImages/as/original/LC-29_100_320-001.jpg,false,0.00529600,250000,,2026-04-28T14:26:12.080877+00:00
https://images.metmuseum.org/CRDImages/as/original/LC-29_100_321_whs-002.jpg,false,0.00010400,250000,,2026-04-28T14:20:24.421530+00:00
https://images.metmuseum.org/CRDImages/as/original/LC-29_100_619-001.jpg,false,0.00060400,250000,,2026-04-28T14:24:01.848061+00:00
https://images.metmuseum.org/CRDImages/as/original/LC-42_198-001.jpg,false,0.00029200,250000,,2026-04-28T14:26:22.329861+00:00
https://images.metmuseum.org/CRDImages/as/original/LC-63_213_2ab_whs-002.jpg,false,0.00142000,250000,,2026-04-28T14:23:18.353804+00:00
https://images.metmuseum.org/CRDImages/as/original/LC-65_86_10_whs-002.jpg,false,0.00836800,250000,,2026-04-28T14:23:50.407994+00:00
https://images.metmuseum.org/CRDImages/as/original/LC-65_86_27_whs-002.jpg,false,0.13318800,250000,,2026-04-28T14:25:35.006735+00:00
https://images.metmuseum.org/CRDImages/as/original/LC-65_86_28_whs-003.jpg,false,0.03487600,250000,,2026-04-28T14:25:36.629887+00:00
https://images.metmuseum.org/CRDImages/as/original/LC-65_86_29_whs-001.jpg,false,0.00003600,250000,,2026-04-28T14:25:37.325239+00:00
https://images.metmuseum.org/CRDImages/as/original/LC-65_86_30_whs-002.jpg,false,0.00006400,250000,,2026-04-28T14:23:52.636774+00:00
https://images.metmuseum.org/CRDImages/as/original/LC-65_86_35_whs-002.jpg,false,0.00240800,250000,,2026-04-28T14:23:50.596672+00:00
https://images.metmuseum.org/CRDImages/as/original/LC-65_86_36_whs-002.jpg,false,0.00000800,250000,,2026-04-28T14:23:48.427479+00:00
https://images.metmuseum.org/CRDImages/as/original/LC-65_86_37_whs-002.jpg,false,0.05875600,250000,,2026-04-28T14:23:48.063722+00:00
https://images.metmuseum.org/CRDImages/as/original/LC-65_86_38_whs-002.jpg,false,0.00127600,250000,,2026-04-28T14:25:34.362493+00:00
https://images.metmuseum.org/CRDImages/as/original/LC-65_86_39_whs-002.jpg,false,0.00062000,250000,,2026-04-28T14:25:33.964002+00:00
https://images.metmuseum.org/CRDImages/as/original/LC-65_86_40_whs-002.jpg,false,0.00043200,250000,,2026-04-28T14:23:51.602305+00:00
https://images.metmuseum.org/CRDImages/as/original/LC-65_86_41_whs-002.jpg,false,0.00011200,250000,,2026-04-28T14:23:53.488215+00:00
https://images.metmuseum.org/CRDImages/as/original/LC-65_86_42_whs-002.jpg,false,0.00442400,250000,,2026-04-28T14:23:51.854725+00:00
https://images.metmuseum.org/CRDImages/as/original/LC-65_86_43_whs-002.jpg,false,0.00051200,250000,,2026-04-28T14:23:51.445291+00:00
https://images.metmuseum.org/CRDImages/as/original/LC-65_86_47_whs-002.jpg,false,0.11852400,250000,,2026-04-28T14:23:53.161051+00:00
https://images.metmuseum.org/CRDImages/as/original/LC-65_86_49_whs-002.jpg,false,0.00005600,250000,,2026-04-28T14:23:52.871229+00:00
https://images.metmuseum.org/CRDImages/as/original/LC-65_86_50_whs-002.jpg,false,0.00011200,250000,,2026-04-28T14:23:46.727220+00:00
https://images.metmuseum.org/CRDImages/as/original/LC-65_86_52_whs-002.jpg,false,0.00700400,250000,,2026-04-28T14:22:28.080250+00:00
https://images.metmuseum.org/CRDImages/as/original/LC-65_86_54_whs-001.jpg,false,0.00000000,250000,,2026-04-28T14:23:47.043948+00:00
https://images.metmuseum.org/CRDImages/as/original/LC-65_86_55_whs-002.jpg,false,0.07802000,250000,,2026-04-28T14:23:47.281997+00:00
https://images.metmuseum.org/CRDImages/as/original/LC-65_86_56_whs-002.jpg,false,0.11292400,250000,,2026-04-28T14:23:46.470924+00:00
https://images.metmuseum.org/CRDImages/as/original/LC-65_86_57_whs-002.jpg,false,0.00006000,250000,,2026-04-28T14:23:49.321352+00:00
https://images.metmuseum.org/CRDImages/as/original/LC-65_86_58_whs-002.jpg,false,0.00062000,250000,,2026-04-28T14:23:50.786142+00:00
https://images.metmuseum.org/CRDImages/as/original/LC-66_206_12_whs-002.jpg,false,0.00000000,250000,,2026-04-28T14:21:49.041287+00:00
https://images.metmuseum.org/CRDImages/as/original/LC-66_206_18_whs-003.jpg,false,0.03304400,250000,,2026-04-28T14:21:43.783902+00:00
https://images.metmuseum.org/CRDImages/as/original/LC-66_206_5_whs-002.jpg,false,0.00004400,250000,,2026-04-28T14:21:47.963673+00:00
https://images.metmuseum.org/CRDImages/as/original/LC-67_245_1_whs-002.jpg,false,0.10564400,250000,,2026-04-28T14:21:32.330823+00:00
https://images.metmuseum.org/CRDImages/as/original/LC-67_245_6_whs-001.jpg,false,0.11689200,250000,,2026-04-28T14:21:44.075168+00:00
https://images.metmuseum.org/CRDImages/as/original/LC-67_245_7_whs-003.jpg,false,0.02208800,250000,,2026-04-28T14:21:30.979814+00:00
https://images.metmuseum.org/CRDImages/as/original/LC-68_86_59_whs-002.jpg,false,0.07878400,250000,,2026-04-28T14:20:55.991298+00:00
https://images.metmuseum.org/CRDImages/as/original/LC-79_2_1025-001.jpg,false,0.00471200,250000,,2026-04-28T14:21:51.094768+00:00
https://images.metmuseum.org/CRDImages/as/original/LC-79_2_1193-001.jpg,false,0.00419600,250000,,2026-04-28T14:22:09.989995+00:00
https://images.metmuseum.org/CRDImages/as/original/LC-79_2_184_001.jpg,false,0.12330400,250000,,2026-04-28T14:26:02.786167+00:00
https://images.metmuseum.org/CRDImages/as/original/LC-91_1_234_whs-002.jpg,false,0.00234000,250000,,2026-04-28T14:21:20.015833+00:00
https://images.metmuseum.org/CRDImages/as/original/LC-91_1_282_whs-002.jpg,false,0.00000800,250000,,2026-04-28T14:21:20.223984+00:00
https://images.metmuseum.org/CRDImages/as/original/LC-91_1_328_whs-002.jpg,false,0.02596000,250000,,2026-04-28T14:21:28.986100+00:00
https://images.metmuseum.org/CRDImages/as/original/LC-91_1_346_whs-001.jpg,false,0.00678000,250000,,2026-04-28T14:21:21.844179+00:00
https://images.metmuseum.org/CRDImages/as/original/LC-91_1_352_whs-002.jpg,false,0.19684000,250000,,2026-04-28T14:23:54.862426+00:00
https://images.metmuseum.org/CRDImages/as/original/LC-91_1_364_whs-002.jpg,false,0.05117200,250000,,2026-04-28T14:20:21.452830+00:00
https://images.metmuseum.org/CRDImages/as/original/LC-91_1_369_whs-001.jpg,false,0.00034400,250000,,2026-04-28T14:24:14.167539+00:00
https://images.metmuseum.org/CRDImages/as/original/LC-91_1_370_whs-003.jpg,false,0.05245200,250000,,2026-04-28T14:20:54.638755+00:00
https://images.metmuseum.org/CRDImages/as/original/LC-91_1_372_whs-002.jpg,false,0.00038800,250000,,2026-04-28T14:21:14.742257+00:00
https://images.metmuseum.org/CRDImages/as/original/LC-91_1_384_whs-002.jpg,false,0.00209600,250000,,2026-04-28T14:20:23.513758+00:00
https://images.metmuseum.org/CRDImages/as/original/LC-91_1_392_whs-002.jpg,false,0.01229600,250000,,2026-04-28T14:20:54.822213+00:00
https://images.metmuseum.org/CRDImages/as/original/LC-91_1_393_whs-002.jpg,false,0.10357600,250000,,2026-04-28T14:23:51.239304+00:00
https://images.metmuseum.org/CRDImages/as/original/LC-91_1_394_whs-002.jpg,false,0.01256800,250000,,2026-04-28T14:20:55.014378+00:00
https://images.metmuseum.org/CRDImages/as/original/LC-91_1_397_whs-001.jpg,false,0.01853200,250000,,2026-04-28T14:21:26.194164+00:00
https://images.metmuseum.org/CRDImages/as/original/LC-91_1_398_whs-001.jpg,false,0.01027600,250000,,2026-04-28T14:23:43.422856+00:00
https://images.metmuseum.org/CRDImages/as/original/LC-91_1_412_whs-003.jpg,false,0.04246800,250000,,2026-04-28T14:21:20.474144+00:00
https://images.metmuseum.org/CRDImages/as/original/LC-91_1_414_whs-001.jpg,false,0.00007200,250000,,2026-04-28T14:20:13.334430+00:00
https://images.metmuseum.org/CRDImages/as/original/LC-91_1_415_whs-001.jpg,false,0.13720400,250000,,2026-04-28T14:21:20.982723+00:00
https://images.metmuseum.org/CRDImages/as/original/LC-91_1_419_whs-002.jpg,false,0.00678000,250000,,2026-04-28T14:21:21.464469+00:00
https://images.metmuseum.org/CRDImages/as/original/LC-91_1_421_whs-002.jpg,false,0.00013200,250000,,2026-04-28T14:21:25.883462+00:00
https://images.metmuseum.org/CRDImages/as/original/LC-93_1_109-001.jpg,false,0.00202000,250000,,2026-04-28T14:23:14.409546+00:00
https://images.metmuseum.org/CRDImages/as/original/LC-93_1_148ab_trans-003.jpg,false,0.00655200,250000,,2026-04-28T14:22:56.405828+00:00
https://images.metmuseum.org/CRDImages/as/original/LC-93_1_193-001.jpg,false,0.00003600,250000,,2026-04-28T14:21:22.929655+00:00
https://images.metmuseum.org/CRDImages/as/original/LC-93_1_198-001.jpg,false,0.00117600,250000,,2026-04-28T14:27:51.597676+00:00
https://images.metmuseum.org/CRDImages/as/original/LC-93_1_231-20230605_01.jpg,false,0.03126400,250000,,2026-04-28T14:22:38.342025+00:00
https://images.metmuseum.org/CRDImages/as/original/LC-93_1_60-001.jpg,false,0.01336800,250000,,2026-04-28T14:22:50.018886+00:00
https://images.metmuseum.org/CRDImages/as/original/LC-93_3_229-001.jpg,false,0.00316000,250000,,2026-04-28T14:24:32.432543+00:00
https://images.metmuseum.org/CRDImages/as/original/LC-93_3_489-001.jpg,false,0.00505200,250000,,2026-04-28T14:21:32.759141+00:00
https://images.metmuseum.org/CRDImages/as/original/LC-93_3_55-001.jpg,false,0.00498400,250000,,2026-04-28T14:21:32.539487+00:00
https://images.metmuseum.org/CRDImages/as/original/LC-93_3_81-001.jpg,false,0.00411600,250000,,2026-04-28T14:21:48.796367+00:00
https://images.metmuseum.org/CRDImages/as/original/h1_1987.424.4.2.jpg,false,0.37590400,250000,,2026-04-28T14:00:47.000290+00:00
https://images.metmuseum.org/CRDImages/as/original/h1_1996.471.jpg,false,0.32520800,250000,,2026-04-28T14:19:24.805436+00:00
https://images.metmuseum.org/CRDImages/cl/original/DP-140-001.jpg,false,0.43045200,250000,,2026-04-28T14:38:46.708647+00:00
https://images.metmuseum.org/CRDImages/cl/original/DP157713.jpg,false,0.68934800,250000,,2026-04-28T14:38:52.682820+00:00
https://images.metmuseum.org/CRDImages/cl/original/DP161570.jpg,false,0.44415600,250000,,2026-04-28T14:39:07.886391+00:00
https://images.metmuseum.org/CRDImages/cl/original/DP244587.jpg,false,0.61227200,250000,,2026-04-28T14:39:12.372967+00:00
https://images.metmuseum.org/CRDImages/cl/original/DP248436.jpg,false,0.14166800,250000,,2026-04-28T14:38:45.586264+00:00
https://images.metmuseum.org/CRDImages/cl/original/DP248440.jpg,false,0.02656800,250000,,2026-04-28T14:38:45.930722+00:00
https://images.metmuseum.org/CRDImages/cl/original/DP252629.jpg,false,0.09589600,250000,,2026-04-28T14:38:46.249728+00:00
https://images.metmuseum.org/CRDImages/cl/original/DP267888.jpg,false,0.21509200,250000,,2026-04-28T14:39:12.722780+00:00
https://images.metmuseum.org/CRDImages/cl/original/DP267889.jpg,false,0.25409600,250000,,2026-04-28T14:39:13.094199+00:00
https://images.metmuseum.org/CRDImages/cl/original/DP332091.jpg,false,0.57860000,250000,,2026-04-28T14:40:20.359944+00:00
https://images.metmuseum.org/CRDImages/cl/original/DP338365.jpg,false,0.04130400,250000,,2026-04-28T14:40:20.166688+00:00
https://images.metmuseum.org/CRDImages/cl/original/DP338367.jpg,false,0.00362400,250000,,2026-04-28T14:40:18.529480+00:00
https://images.metmuseum.org/CRDImages/cl/original/DP338369.jpg,false,0.28082000,250000,,2026-04-28T14:40:21.037150+00:00
https://images.metmuseum.org/CRDImages/cl/original/DP339531.jpg,false,0.00214400,250000,,2026-04-28T14:40:20.736050+00:00
https://images.metmuseum.org/CRDImages/cl/original/DP342089.jpg,false,0.22789200,250000,,2026-04-28T14:40:30.529792+00:00
https://images.metmuseum.org/CRDImages/cl/original/DP351728.jpg,false,0.20535200,250000,,2026-04-28T14:40:25.460896+00:00
https://images.metmuseum.org/CRDImages/cl/original/DT6793.jpg,false,0.02278000,250000,,2026-04-28T14:38:34.534965+00:00
https://images.metmuseum.org/CRDImages/cl/original/MED10.jpg,false,0.00011200,250000,,2026-04-28T14:38:35.301001+00:00
https://images.metmuseum.org/CRDImages/cl/original/MED8.jpg,false,0.00108400,250000,,2026-04-28T14:38:34.917437+00:00
https://images.metmuseum.org/CRDImages/cl/original/cdi56-171-147s1.jpg,false,0.14180000,250000,,2026-04-28T14:38:53.351881+00:00
https://images.metmuseum.org/CRDImages/cl/original/cdi56-171-79.jpg,false,0.35458400,250000,,2026-04-28T14:38:47.445153+00:00
https://images.metmuseum.org/CRDImages/cl/original/cdi56-171-81s1.jpg,false,0.53250400,250000,,2026-04-28T14:38:48.757215+00:00
https://images.metmuseum.org/CRDImages/cl/original/cdi56-171-84s1.jpg,false,0.00250800,250000,,2026-04-28T14:38:49.052077+00:00
https://images.metmuseum.org/CRDImages/cl/original/cdi56-171-88s1.jpg,false,0.18412800,250000,,2026-04-28T14:38:50.039211+00:00
https://images.metmuseum.org/CRDImages/cl/original/cdi56-171-89s1.jpg,false,0.25150400,250000,,2026-04-28T14:38:50.384981+00:00
https://images.metmuseum.org/CRDImages/cl/original/cdi56-171-90s1.jpg,false,0.10109600,250000,,2026-04-28T14:38:50.822670+00:00
https://images.metmuseum.org/CRDImages/cl/original/cdi56-171-93s1.jpg,false,0.29041200,250000,,2026-04-28T14:38:51.801340+00:00
https://images.metmuseum.org/CRDImages/cl/original/cdi56-171-94.jpg,false,0.01032800,250000,,2026-04-28T14:38:52.040902+00:00
https://images.metmuseum.org/CRDImages/cl/original/cdi56-171-95.jpg,false,0.00979600,250000,,2026-04-28T14:38:52.393190+00:00
https://images.metmuseum.org/CRDImages/cl/original/sf1991-471-3s1.jpg,false,0.08256800,250000,,2026-04-28T14:38:35.056335+00:00
https://images.metmuseum.org/CRDImages/cl/original/sf1995-325s7.jpg,false,0.08908400,250000,,2026-04-28T14:38:35.529511+00:00
https://images.metmuseum.org/CRDImages/cl/original/sf56-171-85s1.jpg,false,0.02195200,250000,,2026-04-28T14:38:49.590999+00:00
https://images.metmuseum.org/CRDImages/cl/original/sf56-171-91s1.jpg,false,0.01553600,250000,,2026-04-28T14:38:51.513981+00:00
https://images.metmuseum.org/CRDImages/cl/original/sf57-169s7.jpg,false,0.00292800,250000,,2026-04-28T14:38:54.030930+00:00
https://images.metmuseum.org/CRDImages/eg/original/02.4.33_EGDP012056.jpg,false,0.00004800,250000,,2026-04-28T14:39:19.513561+00:00
https://images.metmuseum.org/CRDImages/eg/original/07.228.177_EGDP011348.jpg,false,0.00079200,250000,,2026-04-28T14:39:21.157974+00:00
https://images.metmuseum.org/CRDImages/eg/original/07.228.55_EGDP010437.jpg,false,0.00000000,250000,,2026-04-28T14:39:19.379046+00:00
https://images.metmuseum.org/CRDImages/eg/original/07.228.56_EGDP010241.jpg,false,0.00000800,250000,,2026-04-28T14:39:23.208270+00:00
https://images.metmuseum.org/CRDImages/eg/original/10.130.1173_005.jpg,false,0.00000000,250000,,2026-04-28T14:39:22.144723+00:00
https://images.metmuseum.org/CRDImages/eg/original/12.181.272a_EGDP015385.jpg,false,0.00017600,250000,,2026-04-28T14:39:23.381356+00:00
https://images.metmuseum.org/CRDImages/eg/original/12.181.340_view_3.jpg,false,0.20937200,250000,,2026-04-28T14:39:23.656884+00:00
https://images.metmuseum.org/CRDImages/eg/original/15.2.16_EGDP010266.jpg,false,0.00236400,250000,,2026-04-28T14:39:21.800868+00:00
https://images.metmuseum.org/CRDImages/eg/original/15.2.23_EGDP010508.jpg,false,0.00113200,250000,,2026-04-28T14:39:23.061888+00:00
https://images.metmuseum.org/CRDImages/eg/original/15.2.25_EGDP010262.jpg,false,0.00403200,250000,,2026-04-28T14:39:21.547379+00:00
https://images.metmuseum.org/CRDImages/eg/original/15.3.1367.jpg,false,0.00000400,250000,,2026-04-28T14:39:17.357054+00:00
https://images.metmuseum.org/CRDImages/eg/original/2008.32a-b_front.jpg,false,0.01333200,250000,,2026-04-28T14:40:16.124097+00:00
https://images.metmuseum.org/CRDImages/eg/original/22.1.211.jpg,false,0.00894800,250000,,2026-04-28T14:39:16.023828+00:00
https://images.metmuseum.org/CRDImages/eg/original/27.4.2_EGDP010264.jpg,false,0.00122000,250000,,2026-04-28T14:39:22.012959+00:00
https://images.metmuseum.org/CRDImages/eg/original/32.3.320_EGDP014943.jpg,false,0.00000000,250000,,2026-04-28T14:40:15.950616+00:00
https://images.metmuseum.org/CRDImages/eg/original/35.3.34a-b_EGDP015610.jpg,false,0.00021600,250000,,2026-04-28T14:39:20.185138+00:00
https://images.metmuseum.org/CRDImages/eg/original/36.1.104_EGDP010461.jpg,false,0.00025200,250000,,2026-04-28T14:40:15.801327+00:00
https://images.metmuseum.org/CRDImages/eg/original/50.19.8_EGDP010244.jpg,false,0.00055200,250000,,2026-04-28T14:39:16.793216+00:00
https://images.metmuseum.org/CRDImages/eg/original/99.4.111_EGDP011240.jpg,false,0.00300400,250000,,2026-04-28T14:40:15.600447+00:00
https://images.metmuseum.org/CRDImages/eg/original/99.4.117_EGDP011229.jpg,false,0.00000000,250000,,2026-04-28T14:39:19.237806+00:00
https://images.metmuseum.org/CRDImages/eg/original/99.4.95_EGDP011303.jpg,false,0.00015600,250000,,2026-04-28T14:39:21.432834+00:00
https://images.metmuseum.org/CRDImages/eg/original/DP-44469-003.jpg,false,0.21276400,250000,,2026-04-28T14:39:17.846787+00:00
https://images.metmuseum.org/CRDImages/eg/original/DP237640.jpg,false,0.04740400,250000,,2026-04-28T14:39:18.349699+00:00
https://images.metmuseum.org/CRDImages/eg/original/DP237651.jpg,false,0.79916000,250000,,2026-04-28T14:39:18.840920+00:00
https://images.metmuseum.org/CRDImages/eg/original/DP237652.jpg,false,0.00053600,250000,,2026-04-28T14:39:18.515786+00:00
https://images.metmuseum.org/CRDImages/eg/original/DP259601.jpg,false,0.77001200,250000,,2026-04-28T14:39:17.599455+00:00
https://images.metmuseum.org/CRDImages/eg/original/DP354726.jpg,false,0.70336800,250000,,2026-04-28T14:39:16.331872+00:00
https://images.metmuseum.org/CRDImages/eg/original/LC-13_125_33_EGDP037937.jpg,false,0.00178000,250000,,2026-04-28T14:40:16.403145+00:00
https://images.metmuseum.org/CRDImages/eg/original/LC-35_3_41_EGDP025915.jpg,false,0.14359200,250000,,2026-04-28T14:39:20.543934+00:00
https://images.metmuseum.org/CRDImages/eg/original/MMA07.228.142.jpg,false,0.00177600,250000,,2026-04-28T14:40:15.439159+00:00
https://images.metmuseum.org/CRDImages/eg/original/MMA15.2.27.jpg,false,0.00075200,250000,,2026-04-28T14:40:14.998596+00:00
https://images.metmuseum.org/CRDImages/eg/original/MMA60.38.jpg,false,0.19859600,250000,,2026-04-28T14:39:16.610223+00:00
https://images.metmuseum.org/CRDImages/es/original/10084.jpg,true,1.00000000,250000,,2026-04-28T14:28:54.404767+00:00
https://images.metmuseum.org/CRDImages/es/original/110581.jpg,true,1.00000000,250000,,2026-04-28T14:29:30.712329+00:00
https://images.metmuseum.org/CRDImages/es/original/111089.jpg,true,1.00000000,250000,,2026-04-28T14:28:49.780089+00:00
https://images.metmuseum.org/CRDImages/es/original/111092.jpg,true,1.00000000,250000,,2026-04-28T14:28:46.850310+00:00
https://images.metmuseum.org/CRDImages/es/original/117352.jpg,true,1.00000000,250000,,2026-04-28T14:29:31.231843+00:00
https://images.metmuseum.org/CRDImages/es/original/119218.jpg,true,1.00000000,250000,,2026-04-28T14:28:49.857556+00:00
https://images.metmuseum.org/CRDImages/es/original/119221.jpg,true,1.00000000,250000,,2026-04-28T14:28:51.939560+00:00
https://images.metmuseum.org/CRDImages/es/original/122116.jpg,true,1.00000000,250000,,2026-04-28T14:29:34.157391+00:00
https://images.metmuseum.org/CRDImages/es/original/123619.jpg,true,1.00000000,250000,,2026-04-28T14:28:51.527364+00:00
https://images.metmuseum.org/CRDImages/es/original/128051.jpg,true,1.00000000,250000,,2026-04-28T14:29:40.630894+00:00
https://images.metmuseum.org/CRDImages/es/original/130771.jpg,true,1.00000000,250000,,2026-04-28T14:29:42.804893+00:00
https://images.metmuseum.org/CRDImages/es/original/132702.jpg,true,1.00000000,250000,,2026-04-28T14:29:43.823360+00:00
https://images.metmuseum.org/CRDImages/es/original/132809.jpg,true,1.00000000,250000,,2026-04-28T14:29:43.772305+00:00
https://images.metmuseum.org/CRDImages/es/original/132812.jpg,true,1.00000000,250000,,2026-04-28T14:29:43.896818+00:00
https://images.metmuseum.org/CRDImages/es/original/133456.jpg,true,1.00000000,250000,,2026-04-28T14:29:45.042054+00:00
https://images.metmuseum.org/CRDImages/es/original/133464.jpg,true,1.00000000,250000,,2026-04-28T14:29:45.100375+00:00
https://images.metmuseum.org/CRDImages/es/original/133472.jpg,true,1.00000000,250000,,2026-04-28T14:29:45.161763+00:00
https://images.metmuseum.org/CRDImages/es/original/133473.jpg,true,1.00000000,250000,,2026-04-28T14:29:45.226180+00:00
https://images.metmuseum.org/CRDImages/es/original/133474.jpg,true,1.00000000,250000,,2026-04-28T14:29:45.285167+00:00
https://images.metmuseum.org/CRDImages/es/original/133482.jpg,true,1.00000000,250000,,2026-04-28T14:29:45.366185+00:00
https://images.metmuseum.org/CRDImages/es/original/133543.jpg,true,1.00000000,250000,,2026-04-28T14:29:40.776619+00:00
https://images.metmuseum.org/CRDImages/es/original/133545.jpg,true,1.00000000,250000,,2026-04-28T14:29:40.859880+00:00
https://images.metmuseum.org/CRDImages/es/original/133621.jpg,true,1.00000000,250000,,2026-04-28T14:29:41.122726+00:00
https://images.metmuseum.org/CRDImages/es/original/133636.jpg,true,1.00000000,250000,,2026-04-28T14:29:41.183087+00:00
https://images.metmuseum.org/CRDImages/es/original/133691.jpg,true,1.00000000,250000,,2026-04-28T14:29:41.257282+00:00
https://images.metmuseum.org/CRDImages/es/original/133947.jpg,true,1.00000000,250000,,2026-04-28T14:29:41.423236+00:00
https://images.metmuseum.org/CRDImages/es/original/134031.jpg,true,1.00000000,250000,,2026-04-28T14:29:41.320206+00:00
https://images.metmuseum.org/CRDImages/es/original/134184.jpg,true,1.00000000,250000,,2026-04-28T14:29:41.842000+00:00
https://images.metmuseum.org/CRDImages/es/original/134266.jpg,true,1.00000000,250000,,2026-04-28T14:29:45.427491+00:00
https://images.metmuseum.org/CRDImages/es/original/135335.jpg,true,1.00000000,250000,,2026-04-28T14:00:30.823350+00:00
https://images.metmuseum.org/CRDImages/es/original/135363.jpg,true,1.00000000,250000,,2026-04-28T14:29:45.861497+00:00
https://images.metmuseum.org/CRDImages/es/original/137952.jpg,true,1.00000000,250000,,2026-04-28T14:29:50.251622+00:00
https://images.metmuseum.org/CRDImages/es/original/138360.jpg,true,1.00000000,250000,,2026-04-28T14:28:46.783470+00:00
https://images.metmuseum.org/CRDImages/es/original/138361.jpg,true,1.00000000,250000,,2026-04-28T14:28:49.553351+00:00
https://images.metmuseum.org/CRDImages/es/original/148313.jpg,true,1.00000000,250000,,2026-04-28T14:29:22.023530+00:00
https://images.metmuseum.org/CRDImages/es/original/148638.jpg,true,1.00000000,250000,,2026-04-28T14:29:52.271243+00:00
https://images.metmuseum.org/CRDImages/es/original/148643.jpg,true,1.00000000,250000,,2026-04-28T14:29:52.541826+00:00
https://images.metmuseum.org/CRDImages/es/original/148734.jpg,true,1.00000000,250000,,2026-04-28T14:29:54.709968+00:00
https://images.metmuseum.org/CRDImages/es/original/149471.jpg,true,1.00000000,250000,,2026-04-28T14:29:52.789506+00:00
https://images.metmuseum.org/CRDImages/es/original/149525.jpg,true,1.00000000,250000,,2026-04-28T14:29:54.108779+00:00
https://images.metmuseum.org/CRDImages/es/original/149533.jpg,true,1.00000000,250000,,2026-04-28T14:29:54.627320+00:00
https://images.metmuseum.org/CRDImages/es/original/149773.jpg,true,1.00000000,250000,,2026-04-28T14:29:50.939366+00:00
https://images.metmuseum.org/CRDImages/es/original/150868.jpg,true,1.00000000,250000,,2026-04-28T14:29:55.275785+00:00
https://images.metmuseum.org/CRDImages/es/original/151454.jpg,true,1.00000000,250000,,2026-04-28T14:29:55.355151+00:00
https://images.metmuseum.org/CRDImages/es/original/151456.jpg,true,1.00000000,250000,,2026-04-28T14:29:55.488526+00:00
https://images.metmuseum.org/CRDImages/es/original/151471.jpg,true,1.00000000,250000,,2026-04-28T14:29:55.414310+00:00
https://images.metmuseum.org/CRDImages/es/original/153719.jpg,true,1.00000000,250000,,2026-04-28T14:29:55.570971+00:00
https://images.metmuseum.org/CRDImages/es/original/15574.jpg,true,1.00000000,250000,,2026-04-28T14:28:57.561378+00:00
https://images.metmuseum.org/CRDImages/es/original/156516.jpg,true,1.00000000,250000,,2026-04-28T14:00:26.886983+00:00
https://images.metmuseum.org/CRDImages/es/original/158273.jpg,true,1.00000000,250000,,2026-04-28T14:29:56.436592+00:00
https://images.metmuseum.org/CRDImages/es/original/158274.jpg,true,1.00000000,250000,,2026-04-28T14:29:56.514050+00:00
https://images.metmuseum.org/CRDImages/es/original/158904.jpg,true,1.00000000,250000,,2026-04-28T14:29:56.048807+00:00
https://images.metmuseum.org/CRDImages/es/original/159691.jpg,true,1.00000000,250000,,2026-04-28T14:29:57.271272+00:00
https://images.metmuseum.org/CRDImages/es/original/160296.jpg,true,1.00000000,250000,,2026-04-28T14:29:57.540277+00:00
https://images.metmuseum.org/CRDImages/es/original/171528.jpg,true,1.00000000,250000,,2026-04-28T14:30:00.683842+00:00
https://images.metmuseum.org/CRDImages/es/original/184049.jpg,true,1.00000000,250000,,2026-04-28T14:30:01.987791+00:00
https://images.metmuseum.org/CRDImages/es/original/185001.jpg,true,1.00000000,250000,,2026-04-28T14:30:19.273262+00:00
https://images.metmuseum.org/CRDImages/es/original/189816.jpg,true,1.00000000,250000,,2026-04-28T14:30:19.682781+00:00
https://images.metmuseum.org/CRDImages/es/original/190416.jpg,true,1.00000000,250000,,2026-04-28T14:00:35.536310+00:00
https://images.metmuseum.org/CRDImages/es/original/190417.jpg,true,1.00000000,250000,,2026-04-28T14:00:35.661903+00:00
https://images.metmuseum.org/CRDImages/es/original/195060.jpg,true,1.00000000,250000,,2026-04-28T14:29:18.761165+00:00
https://images.metmuseum.org/CRDImages/es/original/201851.jpg,true,1.00000000,250000,,2026-04-28T14:29:43.080790+00:00
https://images.metmuseum.org/CRDImages/es/original/205016.jpg,true,1.00000000,250000,,2026-04-28T14:30:27.529562+00:00
https://images.metmuseum.org/CRDImages/es/original/205019.jpg,true,1.00000000,250000,,2026-04-28T14:30:27.592458+00:00
https://images.metmuseum.org/CRDImages/es/original/205029.jpg,true,1.00000000,250000,,2026-04-28T14:30:27.676893+00:00
https://images.metmuseum.org/CRDImages/es/original/205108.jpg,true,1.00000000,250000,,2026-04-28T14:30:28.335873+00:00
https://images.metmuseum.org/CRDImages/es/original/205139.jpg,true,1.00000000,250000,,2026-04-28T14:30:28.425478+00:00
https://images.metmuseum.org/CRDImages/es/original/207863.jpg,true,1.00000000,250000,,2026-04-28T14:30:31.005866+00:00
https://images.metmuseum.org/CRDImages/es/original/208605.jpg,true,1.00000000,250000,,2026-04-28T14:30:31.467707+00:00
https://images.metmuseum.org/CRDImages/es/original/210764.jpg,true,1.00000000,250000,,2026-04-28T14:30:32.607981+00:00
https://images.metmuseum.org/CRDImages/es/original/211631.jpg,true,1.00000000,245700,,2026-04-28T14:30:32.689966+00:00
https://images.metmuseum.org/CRDImages/es/original/211643.jpg,true,1.00000000,250000,,2026-04-28T14:30:32.752733+00:00
https://images.metmuseum.org/CRDImages/es/original/211661.jpg,true,1.00000000,250000,,2026-04-28T14:30:32.872128+00:00
https://images.metmuseum.org/CRDImages/es/original/219712.jpg,true,1.00000000,250000,,2026-04-28T14:30:00.984155+00:00
https://images.metmuseum.org/CRDImages/es/original/219715.jpg,true,1.00000000,250000,,2026-04-28T14:30:08.635762+00:00
https://images.metmuseum.org/CRDImages/es/original/24469.jpg,true,1.00000000,250000,,2026-04-28T14:29:01.598393+00:00
https://images.metmuseum.org/CRDImages/es/original/247088.jpg,true,1.00000000,250000,,2026-04-28T14:31:14.406575+00:00
https://images.metmuseum.org/CRDImages/es/original/25126.jpg,true,1.00000000,250000,,2026-04-28T14:28:42.187851+00:00
https://images.metmuseum.org/CRDImages/es/original/25177.jpg,true,1.00000000,250000,,2026-04-28T14:28:46.618287+00:00
https://images.metmuseum.org/CRDImages/es/original/254410.jpg,true,1.00000000,250000,,2026-04-28T14:31:07.559071+00:00
https://images.metmuseum.org/CRDImages/es/original/254899.jpg,true,1.00000000,250000,,2026-04-28T14:31:05.839375+00:00
https://images.metmuseum.org/CRDImages/es/original/254911.jpg,true,1.00000000,250000,,2026-04-28T14:31:06.854356+00:00
https://images.metmuseum.org/CRDImages/es/original/260545.jpg,true,1.00000000,250000,,2026-04-28T14:31:12.976303+00:00
https://images.metmuseum.org/CRDImages/es/original/265702.jpg,true,1.00000000,250000,,2026-04-28T14:31:15.029660+00:00
https://images.metmuseum.org/CRDImages/es/original/27593.jpg,true,1.00000000,250000,,2026-04-28T14:28:42.800431+00:00
https://images.metmuseum.org/CRDImages/es/original/27594.jpg,true,1.00000000,250000,,2026-04-28T14:28:42.711466+00:00
https://images.metmuseum.org/CRDImages/es/original/27734.jpg,true,1.00000000,250000,,2026-04-28T14:28:43.126839+00:00
https://images.metmuseum.org/CRDImages/es/original/28288.jpg,true,1.00000000,250000,,2026-04-28T14:28:39.782298+00:00
https://images.metmuseum.org/CRDImages/es/original/3631.jpg,true,1.00000000,250000,,2026-04-28T14:28:50.210254+00:00
https://images.metmuseum.org/CRDImages/es/original/37728.jpg,true,1.00000000,250000,,2026-04-28T14:29:13.019423+00:00
https://images.metmuseum.org/CRDImages/es/original/37746.jpg,true,1.00000000,250000,,2026-04-28T14:29:13.309144+00:00
https://images.metmuseum.org/CRDImages/es/original/37992.jpg,true,1.00000000,250000,,2026-04-28T14:29:13.715721+00:00
https://images.metmuseum.org/CRDImages/es/original/38981.jpg,true,1.00000000,250000,,2026-04-28T14:29:06.066565+00:00
https://images.metmuseum.org/CRDImages/es/original/38982.jpg,true,1.00000000,250000,,2026-04-28T14:29:05.727106+00:00
https://images.metmuseum.org/CRDImages/es/original/38984.jpg,true,1.00000000,250000,,2026-04-28T14:29:05.463573+00:00
https://images.metmuseum.org/CRDImages/es/original/38988.jpg,true,1.00000000,250000,,2026-04-28T14:29:05.381875+00:00
https://images.metmuseum.org/CRDImages/es/original/38989.jpg,true,1.00000000,250000,,2026-04-28T14:29:06.196419+00:00
https://images.metmuseum.org/CRDImages/es/original/38990.jpg,true,1.00000000,250000,,2026-04-28T14:29:06.259360+00:00
https://images.metmuseum.org/CRDImages/es/original/38991.jpg,true,1.00000000,250000,,2026-04-28T14:29:05.593498+00:00
https://images.metmuseum.org/CRDImages/es/original/38992.jpg,true,1.00000000,250000,,2026-04-28T14:29:06.131309+00:00
https://images.metmuseum.org/CRDImages/es/original/39016.jpg,true,1.00000000,250000,,2026-04-28T14:29:05.654048+00:00
https://images.metmuseum.org/CRDImages/es/original/40792.jpg,true,1.00000000,250000,,2026-04-28T14:29:10.085452+00:00
https://images.metmuseum.org/CRDImages/es/original/40803.jpg,true,1.00000000,250000,,2026-04-28T14:29:05.273697+00:00
https://images.metmuseum.org/CRDImages/es/original/40854.jpg,true,1.00000000,250000,,2026-04-28T14:29:10.271212+00:00
https://images.metmuseum.org/CRDImages/es/original/40858.jpg,true,1.00000000,250000,,2026-04-28T14:29:07.014476+00:00
https://images.metmuseum.org/CRDImages/es/original/40886.jpg,true,1.00000000,250000,,2026-04-28T14:29:09.919027+00:00
https://images.metmuseum.org/CRDImages/es/original/40887.jpg,true,1.00000000,250000,,2026-04-28T14:29:09.851667+00:00
https://images.metmuseum.org/CRDImages/es/original/43145.jpg,true,1.00000000,250000,,2026-04-28T14:28:49.708512+00:00
https://images.metmuseum.org/CRDImages/es/original/4464.jpg,true,1.00000000,250000,,2026-04-28T14:28:51.581663+00:00
https://images.metmuseum.org/CRDImages/es/original/45648.jpg,true,1.00000000,250000,,2026-04-28T14:29:14.125209+00:00
https://images.metmuseum.org/CRDImages/es/original/45650.jpg,true,1.00000000,250000,,2026-04-28T14:29:14.214938+00:00
https://images.metmuseum.org/CRDImages/es/original/45672.jpg,true,1.00000000,250000,,2026-04-28T14:29:14.030270+00:00
https://images.metmuseum.org/CRDImages/es/original/45675.jpg,true,1.00000000,250000,,2026-04-28T14:29:13.790822+00:00
https://images.metmuseum.org/CRDImages/es/original/45697.jpg,true,1.00000000,250000,,2026-04-28T14:29:13.856900+00:00
https://images.metmuseum.org/CRDImages/es/original/47245.jpg,true,1.00000000,250000,,2026-04-28T14:29:15.333712+00:00
https://images.metmuseum.org/CRDImages/es/original/49994.jpg,true,1.00000000,250000,,2026-04-28T14:29:17.034622+00:00
https://images.metmuseum.org/CRDImages/es/original/52487.jpg,true,1.00000000,250000,,2026-04-28T14:29:17.171178+00:00
https://images.metmuseum.org/CRDImages/es/original/52488.jpg,true,1.00000000,250000,,2026-04-28T14:29:17.091724+00:00
https://images.metmuseum.org/CRDImages/es/original/52523.jpg,true,1.00000000,250000,,2026-04-28T14:29:18.087066+00:00
https://images.metmuseum.org/CRDImages/es/original/56880.jpg,true,1.00000000,250000,,2026-04-28T14:29:18.700915+00:00
https://images.metmuseum.org/CRDImages/es/original/58444.jpg,true,1.00000000,250000,,2026-04-28T14:28:46.929625+00:00
https://images.metmuseum.org/CRDImages/es/original/58675.jpg,true,1.00000000,250000,,2026-04-28T14:29:18.815706+00:00
https://images.metmuseum.org/CRDImages/es/original/58706.jpg,true,1.00000000,250000,,2026-04-28T14:29:18.875932+00:00
https://images.metmuseum.org/CRDImages/es/original/59117.jpg,true,1.00000000,250000,,2026-04-28T14:29:19.078938+00:00
https://images.metmuseum.org/CRDImages/es/original/59119.jpg,true,1.00000000,250000,,2026-04-28T14:29:18.947111+00:00
https://images.metmuseum.org/CRDImages/es/original/59419.jpg,true,1.00000000,250000,,2026-04-28T14:29:19.138089+00:00
https://images.metmuseum.org/CRDImages/es/original/65403.jpg,true,1.00000000,250000,,2026-04-28T14:29:19.499997+00:00
https://images.metmuseum.org/CRDImages/es/original/65404.jpg,true,1.00000000,250000,,2026-04-28T14:29:19.580436+00:00
https://images.metmuseum.org/CRDImages/es/original/65405.jpg,true,1.00000000,250000,,2026-04-28T14:29:19.650472+00:00
https://images.metmuseum.org/CRDImages/es/original/6842.jpg,true,1.00000000,243600,,2026-04-28T14:28:52.515863+00:00
https://images.metmuseum.org/CRDImages/es/original/69124.jpg,true,1.00000000,250000,,2026-04-28T14:28:41.437054+00:00
https://images.metmuseum.org/CRDImages/es/original/69926.jpg,true,1.00000000,250000,,2026-04-28T14:29:21.564173+00:00
https://images.metmuseum.org/CRDImages/es/original/69927.jpg,true,1.00000000,250000,,2026-04-28T14:29:21.624302+00:00
https://images.metmuseum.org/CRDImages/es/original/71276.jpg,true,1.00000000,250000,,2026-04-28T14:29:21.684409+00:00
https://images.metmuseum.org/CRDImages/es/original/71277.jpg,true,1.00000000,250000,,2026-04-28T14:29:21.770622+00:00
https://images.metmuseum.org/CRDImages/es/original/71278.jpg,true,1.00000000,250000,,2026-04-28T14:29:21.832806+00:00
https://images.metmuseum.org/CRDImages/es/original/7481.jpg,true,1.00000000,250000,,2026-04-28T14:28:42.128487+00:00
https://images.metmuseum.org/CRDImages/es/original/7709.jpg,true,1.00000000,250000,,2026-04-28T14:28:53.360591+00:00
https://images.metmuseum.org/CRDImages/es/original/8030.jpg,true,1.00000000,250000,,2026-04-28T14:28:40.563150+00:00
https://images.metmuseum.org/CRDImages/es/original/8491.jpg,true,1.00000000,250000,,2026-04-28T14:28:54.165984+00:00
https://images.metmuseum.org/CRDImages/es/original/91637.jpg,true,1.00000000,250000,,2026-04-28T14:29:24.337068+00:00
https://images.metmuseum.org/CRDImages/es/original/99629.jpg,true,1.00000000,250000,,2026-04-28T14:29:27.894784+00:00
https://images.metmuseum.org/CRDImages/es/original/99635.jpg,true,1.00000000,250000,,2026-04-28T14:29:27.975190+00:00
https://images.metmuseum.org/CRDImages/es/original/99639.jpg,true,1.00000000,250000,,2026-04-28T14:29:28.037177+00:00
https://images.metmuseum.org/CRDImages/es/original/99640.jpg,true,1.00000000,250000,,2026-04-28T14:29:28.108510+00:00
https://images.metmuseum.org/CRDImages/es/original/99705.jpg,true,1.00000000,250000,,2026-04-28T14:29:28.387721+00:00
https://images.metmuseum.org/CRDImages/es/original/99727.jpg,true,1.00000000,250000,,2026-04-28T14:29:28.469464+00:00
https://images.metmuseum.org/CRDImages/es/original/99926.jpg,true,1.00000000,250000,,2026-04-28T14:29:28.172581+00:00
https://images.metmuseum.org/CRDImages/es/original/99938.jpg,true,1.00000000,250000,,2026-04-28T14:29:28.236805+00:00
https://images.metmuseum.org/CRDImages/es/original/99946.jpg,true,1.00000000,250000,,2026-04-28T14:29:28.313532+00:00
https://images.metmuseum.org/CRDImages/es/original/DP-1006-002.jpg,false,0.83433200,250000,,2026-04-28T14:30:04.641145+00:00
https://images.metmuseum.org/CRDImages/es/original/DP-1006-013.jpg,false,0.72188800,250000,,2026-04-28T14:30:04.886523+00:00
https://images.metmuseum.org/CRDImages/es/original/DP-1006-015.jpg,false,0.54232000,250000,,2026-04-28T14:30:05.231645+00:00
https://images.metmuseum.org/CRDImages/es/original/DP-1006-028.jpg,false,0.67135200,250000,,2026-04-28T14:30:05.451894+00:00
https://images.metmuseum.org/CRDImages/es/original/DP-1006-030.jpg,false,0.73529200,250000,,2026-04-28T14:30:05.996872+00:00
https://images.metmuseum.org/CRDImages/es/original/DP-1006-038.jpg,false,0.78890800,250000,,2026-04-28T14:30:06.443673+00:00
https://images.metmuseum.org/CRDImages/es/original/DP-1006-044.jpg,false,0.77764800,250000,,2026-04-28T14:30:06.706013+00:00
https://images.metmuseum.org/CRDImages/es/original/DP-1006-046.jpg,false,0.62768800,250000,,2026-04-28T14:30:06.985621+00:00
https://images.metmuseum.org/CRDImages/es/original/DP-1006-047.jpg,false,0.67786000,250000,,2026-04-28T14:30:07.360920+00:00
https://images.metmuseum.org/CRDImages/es/original/DP-1006-065.jpg,false,0.86770000,250000,,2026-04-28T14:30:08.364498+00:00
https://images.metmuseum.org/CRDImages/es/original/DP-1134-026.jpg,false,0.00790800,250000,,2026-04-28T14:29:33.450790+00:00
https://images.metmuseum.org/CRDImages/es/original/DP-1135-023.jpg,false,0.80748800,250000,,2026-04-28T14:29:27.680142+00:00
https://images.metmuseum.org/CRDImages/es/original/DP-1135-037.jpg,false,0.19359200,250000,,2026-04-28T14:29:44.825033+00:00
https://images.metmuseum.org/CRDImages/es/original/DP-1143-008.jpg,false,0.77786000,250000,,2026-04-28T14:29:33.966405+00:00
https://images.metmuseum.org/CRDImages/es/original/DP-1143-014.jpg,false,0.54487600,250000,,2026-04-28T14:30:11.003772+00:00
https://images.metmuseum.org/CRDImages/es/original/DP-1143-023.jpg,false,0.49328800,250000,,2026-04-28T14:30:25.782644+00:00
https://images.metmuseum.org/CRDImages/es/original/DP-1174-030.jpg,false,0.67234000,250000,,2026-04-28T14:29:44.240181+00:00
https://images.metmuseum.org/CRDImages/es/original/DP-1174-032.jpg,false,0.73964400,250000,,2026-04-28T14:29:44.523572+00:00
https://images.metmuseum.org/CRDImages/es/original/DP-1175-001.jpg,false,0.15269600,250000,,2026-04-28T14:28:55.865091+00:00
https://images.metmuseum.org/CRDImages/es/original/DP-1175-007.jpg,false,0.67225200,250000,,2026-04-28T14:29:02.866138+00:00
https://images.metmuseum.org/CRDImages/es/original/DP-1175-008.jpg,false,0.60661200,250000,,2026-04-28T14:29:03.139970+00:00
https://images.metmuseum.org/CRDImages/es/original/DP-1175-012.jpg,false,0.52592000,250000,,2026-04-28T14:30:12.369120+00:00
https://images.metmuseum.org/CRDImages/es/original/DP-1175-015.jpg,false,0.13686800,250000,,2026-04-28T14:30:15.627528+00:00
https://images.metmuseum.org/CRDImages/es/original/DP-1175-018.jpg,false,0.58684000,250000,,2026-04-28T14:30:15.886956+00:00
https://images.metmuseum.org/CRDImages/es/original/DP-1175-021.jpg,false,0.52018000,250000,,2026-04-28T14:30:16.184241+00:00
https://images.metmuseum.org/CRDImages/es/original/DP-1175-024.jpg,false,0.41489200,250000,,2026-04-28T14:30:14.284551+00:00
https://images.metmuseum.org/CRDImages/es/original/DP-1175-025.jpg,false,0.47139200,250000,,2026-04-28T14:30:09.500213+00:00
https://images.metmuseum.org/CRDImages/es/original/DP-1175-026.jpg,false,0.74041600,250000,,2026-04-28T14:31:14.679093+00:00
https://images.metmuseum.org/CRDImages/es/original/DP-1175-027.jpg,false,0.37464400,250000,,2026-04-28T14:30:10.544424+00:00
https://images.metmuseum.org/CRDImages/es/original/DP-1175-028.jpg,false,0.07128000,250000,,2026-04-28T14:30:12.725197+00:00
https://images.metmuseum.org/CRDImages/es/original/DP-12301-001.jpg,false,0.36019200,250000,,2026-04-28T14:29:20.094766+00:00
https://images.metmuseum.org/CRDImages/es/original/DP-12374-005.jpg,false,0.59076400,250000,,2026-04-28T14:28:59.911573+00:00
https://images.metmuseum.org/CRDImages/es/original/DP-12374-006.jpg,false,0.30789600,250000,,2026-04-28T14:29:00.248078+00:00
https://images.metmuseum.org/CRDImages/es/original/DP-12374-012.jpg,false,0.12906800,250000,,2026-04-28T14:29:00.963937+00:00
https://images.metmuseum.org/CRDImages/es/original/DP-12374-013.jpg,false,0.61884800,250000,,2026-04-28T14:29:04.991683+00:00
https://images.metmuseum.org/CRDImages/es/original/DP-12374-015.jpg,false,0.44958400,250000,,2026-04-28T14:29:32.133690+00:00
https://images.metmuseum.org/CRDImages/es/original/DP-12374-025.jpg,false,0.62441600,250000,,2026-04-28T14:29:33.760310+00:00
https://images.metmuseum.org/CRDImages/es/original/DP-12374-045.jpg,false,0.75454800,250000,,2026-04-28T14:30:03.196009+00:00
https://images.metmuseum.org/CRDImages/es/original/DP-12374-054.jpg,false,0.39245200,250000,,2026-04-28T14:30:03.713139+00:00
https://images.metmuseum.org/CRDImages/es/original/DP-1239-007.jpg,false,0.37556800,250000,,2026-04-28T14:29:01.679458+00:00
https://images.metmuseum.org/CRDImages/es/original/DP-1239-008.jpg,false,0.44094400,250000,,2026-04-28T14:29:01.919310+00:00
https://images.metmuseum.org/CRDImages/es/original/DP-1239-009.jpg,false,0.53049200,250000,,2026-04-28T14:29:02.240576+00:00
https://images.metmuseum.org/CRDImages/es/original/DP-1239-010.jpg,false,0.38178400,250000,,2026-04-28T14:29:02.629957+00:00
https://images.metmuseum.org/CRDImages/es/original/DP-1239-012.jpg,false,0.26196800,250000,,2026-04-28T14:29:15.393749+00:00
https://images.metmuseum.org/CRDImages/es/original/DP-1239-015.jpg,false,0.58149600,250000,,2026-04-28T14:29:15.666158+00:00
https://images.metmuseum.org/CRDImages/es/original/DP-1239-016.jpg,false,0.48157600,250000,,2026-04-28T14:29:16.021463+00:00
https://images.metmuseum.org/CRDImages/es/original/DP-1239-017.jpg,false,0.35949200,250000,,2026-04-28T14:29:16.393701+00:00
https://images.metmuseum.org/CRDImages/es/original/DP-1239-021.jpg,false,0.21865600,250000,,2026-04-28T14:29:31.325008+00:00
https://images.metmuseum.org/CRDImages/es/original/DP-1239-026.jpg,false,0.51856800,250000,,2026-04-28T14:29:50.040756+00:00
https://images.metmuseum.org/CRDImages/es/original/DP-1239-030.jpg,false,0.50312800,250000,,2026-04-28T14:30:14.625489+00:00
https://images.metmuseum.org/CRDImages/es/original/DP-1239-049.jpg,false,0.32358000,250000,,2026-04-28T14:30:26.172466+00:00
https://images.metmuseum.org/CRDImages/es/original/DP-1239-050.jpg,false,0.53207600,250000,,2026-04-28T14:30:26.566284+00:00
https://images.metmuseum.org/CRDImages/es/original/DP-12496-023.jpg,false,0.25688800,250000,,2026-04-28T14:30:07.987390+00:00
https://images.metmuseum.org/CRDImages/es/original/DP-12497-013.jpg,false,0.77188000,250000,,2026-04-28T14:28:47.770113+00:00
https://images.metmuseum.org/CRDImages/es/original/DP-12529-003.jpg,false,0.05100800,250000,,2026-04-28T14:29:27.144104+00:00
https://images.metmuseum.org/CRDImages/es/original/DP-13079-009.jpg,false,0.25712400,250000,,2026-04-28T14:31:00.508550+00:00
https://images.metmuseum.org/CRDImages/es/original/DP-13079-017.jpg,false,0.11106400,250000,,2026-04-28T14:30:28.762549+00:00
https://images.metmuseum.org/CRDImages/es/original/DP-13273-001.jpg,false,0.24262400,250000,,2026-04-28T14:29:40.920930+00:00
https://images.metmuseum.org/CRDImages/es/original/DP-13486-030.jpg,false,0.28240800,250000,,2026-04-28T14:31:02.977815+00:00
https://images.metmuseum.org/CRDImages/es/original/DP-13486-031.jpg,false,0.67260000,250000,,2026-04-28T14:31:03.763893+00:00
https://images.metmuseum.org/CRDImages/es/original/DP-13486-033.jpg,false,0.21258400,250000,,2026-04-28T14:31:03.990220+00:00
https://images.metmuseum.org/CRDImages/es/original/DP-13486-045.jpg,false,0.61046800,250000,,2026-04-28T14:31:14.061804+00:00
https://images.metmuseum.org/CRDImages/es/original/DP-13486-049.jpg,false,0.51088800,250000,,2026-04-28T14:31:16.870267+00:00
https://images.metmuseum.org/CRDImages/es/original/DP-13486-053.jpg,false,0.48111600,250000,,2026-04-28T14:31:17.205655+00:00
https://images.metmuseum.org/CRDImages/es/original/DP-13486-059.jpg,false,0.58096400,250000,,2026-04-28T14:40:26.777093+00:00
https://images.metmuseum.org/CRDImages/es/original/DP-13486-061.jpg,false,0.52316400,250000,,2026-04-28T14:40:27.104909+00:00
https://images.metmuseum.org/CRDImages/es/original/DP-13486-063.jpg,false,0.57496800,250000,,2026-04-28T14:40:27.508392+00:00
https://images.metmuseum.org/CRDImages/es/original/DP-13486-065.jpg,false,0.58642400,250000,,2026-04-28T14:40:27.871123+00:00
https://images.metmuseum.org/CRDImages/es/original/DP-13486-069.jpg,false,0.18842000,250000,,2026-04-28T14:31:15.711287+00:00
https://images.metmuseum.org/CRDImages/es/original/DP-13600-028.jpg,false,0.04660000,250000,,2026-04-28T14:30:24.562915+00:00
https://images.metmuseum.org/CRDImages/es/original/DP-13615-007.jpg,false,0.52859600,250000,,2026-04-28T14:28:54.669075+00:00
https://images.metmuseum.org/CRDImages/es/original/DP-13615-031.jpg,false,0.66650400,250000,,2026-04-28T14:29:12.600029+00:00
https://images.metmuseum.org/CRDImages/es/original/DP-13615-033.jpg,false,0.29687600,250000,,2026-04-28T14:29:12.804532+00:00
https://images.metmuseum.org/CRDImages/es/original/DP-1372-028.jpg,false,0.70042000,250000,,2026-04-28T14:29:42.587490+00:00
https://images.metmuseum.org/CRDImages/es/original/DP-1372-081.jpg,false,0.63792400,250000,,2026-04-28T14:29:45.485922+00:00
https://images.metmuseum.org/CRDImages/es/original/DP-13837-01.jpg,false,0.82696400,250000,,2026-04-28T14:29:52.334946+00:00
https://images.metmuseum.org/CRDImages/es/original/DP-13911-014.jpg,false,0.34258000,250000,,2026-04-28T14:30:31.532797+00:00
https://images.metmuseum.org/CRDImages/es/original/DP-14531-002.jpg,false,0.01237600,250000,,2026-04-28T14:40:30.721009+00:00
https://images.metmuseum.org/CRDImages/es/original/DP-14531-003.jpg,false,0.59062800,250000,,2026-04-28T14:40:31.034638+00:00
https://images.metmuseum.org/CRDImages/es/original/DP-14531-008.jpg,false,0.44266000,250000,,2026-04-28T14:40:31.445468+00:00
https://images.metmuseum.org/CRDImages/es/original/DP-14531-009.jpg,false,0.59880800,250000,,2026-04-28T14:40:31.896440+00:00
https://images.metmuseum.org/CRDImages/es/original/DP-14531-013.jpg,false,0.10046800,250000,,2026-04-28T14:40:32.180372+00:00
https://images.metmuseum.org/CRDImages/es/original/DP-14531-021.jpg,false,0.65070800,250000,,2026-04-28T14:40:34.005660+00:00
https://images.metmuseum.org/CRDImages/es/original/DP-14759-053.jpg,false,0.00209200,250000,,2026-04-28T14:30:07.759943+00:00
https://images.metmuseum.org/CRDImages/es/original/DP-148-001.jpg,false,0.14885600,250000,,2026-04-28T14:29:38.981065+00:00
https://images.metmuseum.org/CRDImages/es/original/DP-15122-007.jpg,false,0.43849600,250000,,2026-04-28T14:29:19.210442+00:00
https://images.metmuseum.org/CRDImages/es/original/DP-15122-031.jpg,false,0.61682400,250000,,2026-04-28T14:28:43.562699+00:00
https://images.metmuseum.org/CRDImages/es/original/DP-15122-057.jpg,false,0.46214000,250000,,2026-04-28T14:31:06.563571+00:00
https://images.metmuseum.org/CRDImages/es/original/DP-15209-026.jpg,false,0.27015600,250000,,2026-04-28T14:30:02.089797+00:00
https://images.metmuseum.org/CRDImages/es/original/DP-15211-001.jpg,false,0.03458800,250000,,2026-04-28T14:28:49.949927+00:00
https://images.metmuseum.org/CRDImages/es/original/DP-15212-001.jpg,false,0.00815600,250000,,2026-04-28T14:31:05.330476+00:00
https://images.metmuseum.org/CRDImages/es/original/DP-15275-005.jpg,false,0.64459600,250000,,2026-04-28T14:28:47.392875+00:00
https://images.metmuseum.org/CRDImages/es/original/DP-15275-007.jpg,false,0.43730800,250000,,2026-04-28T14:28:59.074959+00:00
https://images.metmuseum.org/CRDImages/es/original/DP-15275-036.jpg,false,0.47435200,250000,,2026-04-28T14:30:02.580272+00:00
https://images.metmuseum.org/CRDImages/es/original/DP-15275-039.jpg,false,0.49482000,250000,,2026-04-28T14:30:02.824562+00:00
https://images.metmuseum.org/CRDImages/es/original/DP-15518-033.jpg,false,0.37877600,250000,,2026-04-28T14:29:50.663039+00:00
https://images.metmuseum.org/CRDImages/es/original/DP-15518-058.jpg,false,0.59540000,250000,,2026-04-28T14:30:20.060388+00:00
https://images.metmuseum.org/CRDImages/es/original/DP-15624-094.jpg,false,0.00796000,250000,,2026-04-28T14:29:41.905279+00:00
https://images.metmuseum.org/CRDImages/es/original/DP-15624-095.jpg,false,0.03476400,250000,,2026-04-28T14:29:42.155993+00:00
https://images.metmuseum.org/CRDImages/es/original/DP-15624-099.jpg,false,0.00806000,250000,,2026-04-28T14:29:42.343771+00:00
https://images.metmuseum.org/CRDImages/es/original/DP-15624-101.jpg,false,0.01947200,250000,,2026-04-28T14:29:43.227037+00:00
https://images.metmuseum.org/CRDImages/es/original/DP-15624-149.jpg,false,0.00454400,250000,,2026-04-28T14:29:50.999787+00:00
https://images.metmuseum.org/CRDImages/es/original/DP-15679-007.jpg,false,0.25895200,250000,,2026-04-28T14:28:51.998088+00:00
https://images.metmuseum.org/CRDImages/es/original/DP-15679-011.jpg,false,0.30752800,250000,,2026-04-28T14:28:52.826045+00:00
https://images.metmuseum.org/CRDImages/es/original/DP-15679-090.jpg,false,0.50807200,250000,,2026-04-28T14:29:21.116529+00:00
https://images.metmuseum.org/CRDImages/es/original/DP-15679-101.jpg,false,0.84340000,250000,,2026-04-28T14:29:24.674428+00:00
https://images.metmuseum.org/CRDImages/es/original/DP-15679-163.jpg,false,0.38017600,250000,,2026-04-28T14:31:05.003424+00:00
https://images.metmuseum.org/CRDImages/es/original/DP-15679-166.jpg,false,0.18359200,250000,,2026-04-28T14:31:15.118885+00:00
https://images.metmuseum.org/CRDImages/es/original/DP-15679-168.jpg,false,0.56161200,250000,,2026-04-28T14:31:16.056731+00:00
https://images.metmuseum.org/CRDImages/es/original/DP-15704-010.jpg,false,0.67926000,250000,,2026-04-28T14:40:36.463471+00:00
https://images.metmuseum.org/CRDImages/es/original/DP-15704-013.jpg,false,0.71754800,250000,,2026-04-28T14:40:36.704293+00:00
https://images.metmuseum.org/CRDImages/es/original/DP-15822-007.jpg,,,,HTTP Error 404: Not Found,2026-04-28T14:28:50.584940+00:00
https://images.metmuseum.org/CRDImages/es/original/DP-16078-051.jpg,false,0.08956800,250000,,2026-04-28T14:40:17.081448+00:00
https://images.metmuseum.org/CRDImages/es/original/DP-16078-055.jpg,false,0.06000000,250000,,2026-04-28T14:40:48.998837+00:00
https://images.metmuseum.org/CRDImages/es/original/DP-16078-059.jpg,false,0.16892000,250000,,2026-04-28T14:40:50.068419+00:00
https://images.metmuseum.org/CRDImages/es/original/DP-16385-069.jpg,false,0.00892400,250000,,2026-04-28T14:41:08.111198+00:00
https://images.metmuseum.org/CRDImages/es/original/DP-16489-001.jpg,false,0.62252000,250000,,2026-04-28T14:40:43.062870+00:00
https://images.metmuseum.org/CRDImages/es/original/DP-16489-004.jpg,false,0.01524000,250000,,2026-04-28T14:41:05.646007+00:00
https://images.metmuseum.org/CRDImages/es/original/DP-16489-005.jpg,false,0.62108400,250000,,2026-04-28T14:40:44.699950+00:00
https://images.metmuseum.org/CRDImages/es/original/DP-16489-007.jpg,false,0.06708000,250000,,2026-04-28T14:40:38.065175+00:00
https://images.metmuseum.org/CRDImages/es/original/DP-16489-010.jpg,false,0.05557200,250000,,2026-04-28T14:40:55.782443+00:00
https://images.metmuseum.org/CRDImages/es/original/DP-16489-011.jpg,false,0.54970800,250000,,2026-04-28T14:40:37.609286+00:00
https://images.metmuseum.org/CRDImages/es/original/DP-16489-013.jpg,false,0.13552400,250000,,2026-04-28T14:40:55.140311+00:00
https://images.metmuseum.org/CRDImages/es/original/DP-16489-015.jpg,false,0.14704400,250000,,2026-04-28T14:40:55.437410+00:00
https://images.metmuseum.org/CRDImages/es/original/DP-16489-017.jpg,false,0.00535600,250000,,2026-04-28T14:40:46.730787+00:00
https://images.metmuseum.org/CRDImages/es/original/DP-16489-019.jpg,false,0.00141600,250000,,2026-04-28T14:40:42.453079+00:00
https://images.metmuseum.org/CRDImages/es/original/DP-16489-021.jpg,false,0.57380800,250000,,2026-04-28T14:40:44.352252+00:00
https://images.metmuseum.org/CRDImages/es/original/DP-16489-023.jpg,false,0.49548400,250000,,2026-04-28T14:40:54.328329+00:00
https://images.metmuseum.org/CRDImages/es/original/DP-16489-025.jpg,false,0.64073200,250000,,2026-04-28T14:40:43.406185+00:00
https://images.metmuseum.org/CRDImages/es/original/DP-16489-028.jpg,false,0.63239200,250000,,2026-04-28T14:40:49.646330+00:00
https://images.metmuseum.org/CRDImages/es/original/DP-16489-029.jpg,false,0.03434000,250000,,2026-04-28T14:40:44.087902+00:00
https://images.metmuseum.org/CRDImages/es/original/DP-16489-031.jpg,false,0.64298400,250000,,2026-04-28T14:40:48.268869+00:00
https://images.metmuseum.org/CRDImages/es/original/DP-16489-033.jpg,false,0.60958400,250000,,2026-04-28T14:40:45.060255+00:00
https://images.metmuseum.org/CRDImages/es/original/DP-16489-035.jpg,false,0.03433200,250000,,2026-04-28T14:40:38.473264+00:00
https://images.metmuseum.org/CRDImages/es/original/DP-16489-037.jpg,false,0.64008800,250000,,2026-04-28T14:40:41.467139+00:00
https://images.metmuseum.org/CRDImages/es/original/DP-16489-061.jpg,false,0.51517200,250000,,2026-04-28T14:41:07.473221+00:00
https://images.metmuseum.org/CRDImages/es/original/DP-16489-073.jpg,false,0.00518400,250000,,2026-04-28T14:40:49.266432+00:00
https://images.metmuseum.org/CRDImages/es/original/DP-16489-075.jpg,false,0.02279600,250000,,2026-04-28T14:40:48.610389+00:00
https://images.metmuseum.org/CRDImages/es/original/DP-16489-077.jpg,false,0.56888800,250000,,2026-04-28T14:40:47.975271+00:00
https://images.metmuseum.org/CRDImages/es/original/DP-16489-082.jpg,false,0.54649600,250000,,2026-04-28T14:40:40.270467+00:00
https://images.metmuseum.org/CRDImages/es/original/DP-16489-089.jpg,false,0.58320000,250000,,2026-04-28T14:40:43.649638+00:00
https://images.metmuseum.org/CRDImages/es/original/DP-16489-091.jpg,false,0.56160000,250000,,2026-04-28T14:41:05.169075+00:00
https://images.metmuseum.org/CRDImages/es/original/DP-16489-094.jpg,false,0.45198800,250000,,2026-04-28T14:40:57.746846+00:00
https://images.metmuseum.org/CRDImages/es/original/DP-16489-116.jpg,false,0.34519200,250000,,2026-04-28T14:41:02.271294+00:00
https://images.metmuseum.org/CRDImages/es/original/DP-16489-120.jpg,false,0.62512400,250000,,2026-04-28T14:40:40.688674+00:00
https://images.metmuseum.org/CRDImages/es/original/DP-16489-123.jpg,false,0.73141200,250000,,2026-04-28T14:40:56.063751+00:00
https://images.metmuseum.org/CRDImages/es/original/DP-16489-125.jpg,false,0.01724800,250000,,2026-04-28T14:40:56.373056+00:00
https://images.metmuseum.org/CRDImages/es/original/DP-16489-133.jpg,false,0.49915200,250000,,2026-04-28T14:40:52.056379+00:00
https://images.metmuseum.org/CRDImages/es/original/DP-16489-143.jpg,false,0.48698000,250000,,2026-04-28T14:40:51.706030+00:00
https://images.metmuseum.org/CRDImages/es/original/DP-16489-157.jpg,false,0.46746000,250000,,2026-04-28T14:40:50.776617+00:00
https://images.metmuseum.org/CRDImages/es/original/DP-16489-159.jpg,false,0.41582000,250000,,2026-04-28T14:40:50.457052+00:00
https://images.metmuseum.org/CRDImages/es/original/DP-16489-171.jpg,false,0.44612400,250000,,2026-04-28T14:41:06.216636+00:00
https://images.metmuseum.org/CRDImages/es/original/DP-16489-183.jpg,false,0.00381200,250000,,2026-04-28T14:40:59.909372+00:00
https://images.metmuseum.org/CRDImages/es/original/DP-16489-185.jpg,false,0.00604800,250000,,2026-04-28T14:40:53.547959+00:00
https://images.metmuseum.org/CRDImages/es/original/DP-16489-187.jpg,false,0.38938000,250000,,2026-04-28T14:40:39.500985+00:00
https://images.metmuseum.org/CRDImages/es/original/DP-16489-189.jpg,false,0.00034800,250000,,2026-04-28T14:40:39.693567+00:00
https://images.metmuseum.org/CRDImages/es/original/DP-16489-195.jpg,false,0.26912000,250000,,2026-04-28T14:40:39.979410+00:00
https://images.metmuseum.org/CRDImages/es/original/DP-16489-205.jpg,false,0.52431200,250000,,2026-04-28T14:41:06.719104+00:00
https://images.metmuseum.org/CRDImages/es/original/DP-16489-207.jpg,false,0.30540000,250000,,2026-04-28T14:41:07.022473+00:00
https://images.metmuseum.org/CRDImages/es/original/DP-16489-209.jpg,false,0.58270800,250000,,2026-04-28T14:40:41.918039+00:00
https://images.metmuseum.org/CRDImages/es/original/DP-16489-213.jpg,false,0.00237200,250000,,2026-04-28T14:40:58.388288+00:00
https://images.metmuseum.org/CRDImages/es/original/DP-16489-215.jpg,false,0.54374800,250000,,2026-04-28T14:41:00.982070+00:00
https://images.metmuseum.org/CRDImages/es/original/DP-16489-217.jpg,false,0.09060000,250000,,2026-04-28T14:41:04.416505+00:00
https://images.metmuseum.org/CRDImages/es/original/DP-16489-219.jpg,false,0.62526800,250000,,2026-04-28T14:40:52.806672+00:00
https://images.metmuseum.org/CRDImages/es/original/DP-16489-221.jpg,false,0.00440000,250000,,2026-04-28T14:40:52.474723+00:00
https://images.metmuseum.org/CRDImages/es/original/DP-16489-233.jpg,false,0.04075600,250000,,2026-04-28T14:40:47.374151+00:00
https://images.metmuseum.org/CRDImages/es/original/DP-16489-237.jpg,false,0.03519600,250000,,2026-04-28T14:40:59.477938+00:00
https://images.metmuseum.org/CRDImages/es/original/DP-16489-239.jpg,false,0.11684800,250000,,2026-04-28T14:40:58.623940+00:00
https://images.metmuseum.org/CRDImages/es/original/DP-16489-241.jpg,false,0.08261200,250000,,2026-04-28T14:41:03.938042+00:00
https://images.metmuseum.org/CRDImages/es/original/DP-16489-243.jpg,false,0.01014800,250000,,2026-04-28T14:40:56.717538+00:00
https://images.metmuseum.org/CRDImages/es/original/DP-16489-245.jpg,false,0.00845600,250000,,2026-04-28T14:40:42.718235+00:00
https://images.metmuseum.org/CRDImages/es/original/DP-16489-247.jpg,false,0.62416000,250000,,2026-04-28T14:40:57.989439+00:00
https://images.metmuseum.org/CRDImages/es/original/DP-16489-250.jpg,false,0.02490800,250000,,2026-04-28T14:40:39.262649+00:00
https://images.metmuseum.org/CRDImages/es/original/DP-16489-255.jpg,false,0.00677600,250000,,2026-04-28T14:40:57.122860+00:00
https://images.metmuseum.org/CRDImages/es/original/DP-16489-257.jpg,false,0.18085600,250000,,2026-04-28T14:41:03.383813+00:00
https://images.metmuseum.org/CRDImages/es/original/DP-16489-259.jpg,false,0.27190000,250000,,2026-04-28T14:40:54.877283+00:00
https://images.metmuseum.org/CRDImages/es/original/DP-16489-261.jpg,false,0.08894000,250000,,2026-04-28T14:40:40.973473+00:00
https://images.metmuseum.org/CRDImages/es/original/DP-16489-263.jpg,false,0.01655200,250000,,2026-04-28T14:41:04.830265+00:00
https://images.metmuseum.org/CRDImages/es/original/DP-16489-265.jpg,false,0.01597600,250000,,2026-04-28T14:40:54.647633+00:00
https://images.metmuseum.org/CRDImages/es/original/DP-16489-267.jpg,false,0.50262400,250000,,2026-04-28T14:40:47.178683+00:00
https://images.metmuseum.org/CRDImages/es/original/DP-16489-269.jpg,false,0.11213600,250000,,2026-04-28T14:41:02.530889+00:00
https://images.metmuseum.org/CRDImages/es/original/DP-16489-273.jpg,false,0.19254800,250000,,2026-04-28T14:40:57.481988+00:00
https://images.metmuseum.org/CRDImages/es/original/DP-16489-293.jpg,false,0.00198400,250000,,2026-04-28T14:40:51.088948+00:00
https://images.metmuseum.org/CRDImages/es/original/DP-16489-295.jpg,false,0.00266400,250000,,2026-04-28T14:40:54.008363+00:00
https://images.metmuseum.org/CRDImages/es/original/DP-16489-297.jpg,false,0.00091200,250000,,2026-04-28T14:40:53.260258+00:00
https://images.metmuseum.org/CRDImages/es/original/DP-16489-305.jpg,false,0.49708800,250000,,2026-04-28T14:40:47.669807+00:00
https://images.metmuseum.org/CRDImages/es/original/DP-16489-311.jpg,false,0.07086400,250000,,2026-04-28T14:40:45.357869+00:00
https://images.metmuseum.org/CRDImages/es/original/DP-16489-313.jpg,false,0.00188800,250000,,2026-04-28T14:40:46.236192+00:00
https://images.metmuseum.org/CRDImages/es/original/DP-16489-315.jpg,false,0.08038400,250000,,2026-04-28T14:40:39.003163+00:00
https://images.metmuseum.org/CRDImages/es/original/DP-16489-321.jpg,false,0.65067600,250000,,2026-04-28T14:41:01.593839+00:00
https://images.metmuseum.org/CRDImages/es/original/DP-16489-325.jpg,false,0.00797200,250000,,2026-04-28T14:41:01.220468+00:00
https://images.metmuseum.org/CRDImages/es/original/DP-16489-331.jpg,false,0.00572800,250000,,2026-04-28T14:41:00.433581+00:00
https://images.metmuseum.org/CRDImages/es/original/DP-16489-370.jpg,false,0.00523600,250000,,2026-04-28T14:41:02.033934+00:00
https://images.metmuseum.org/CRDImages/es/original/DP-16489-372.jpg,false,0.30139200,250000,,2026-04-28T14:40:41.697082+00:00
https://images.metmuseum.org/CRDImages/es/original/DP-16489-499.jpg,false,0.02509600,250000,,2026-04-28T14:40:51.413451+00:00
https://images.metmuseum.org/CRDImages/es/original/DP-1687-017.jpg,false,0.00710800,250000,,2026-04-28T14:40:21.803114+00:00
https://images.metmuseum.org/CRDImages/es/original/DP-1687-023.jpg,false,0.08078000,250000,,2026-04-28T14:40:25.803706+00:00
https://images.metmuseum.org/CRDImages/es/original/DP-1687-027.jpg,false,0.17001200,250000,,2026-04-28T14:40:26.268202+00:00
https://images.metmuseum.org/CRDImages/es/original/DP-1687-029.jpg,false,0.07179200,250000,,2026-04-28T14:40:26.472602+00:00
https://images.metmuseum.org/CRDImages/es/original/DP-1687-031.jpg,false,0.15769200,250000,,2026-04-28T14:40:33.010057+00:00
https://images.metmuseum.org/CRDImages/es/original/DP-1725-013.jpg,false,0.00207200,250000,,2026-04-28T14:31:22.715893+00:00
https://images.metmuseum.org/CRDImages/es/original/DP-17550-015.jpg,false,0.01513600,250000,,2026-04-28T14:29:14.302449+00:00
https://images.metmuseum.org/CRDImages/es/original/DP-17634-007.jpg,false,0.15443200,250000,,2026-04-28T14:40:33.532081+00:00
https://images.metmuseum.org/CRDImages/es/original/DP-17634-017.jpg,false,0.48548400,250000,,2026-04-28T14:41:08.457092+00:00
https://images.metmuseum.org/CRDImages/es/original/DP-17634-019.jpg,false,0.37448800,250000,,2026-04-28T14:41:08.647519+00:00
https://images.metmuseum.org/CRDImages/es/original/DP-17728-023.jpg,false,0.13889600,250000,,2026-04-28T14:31:04.772971+00:00
https://images.metmuseum.org/CRDImages/es/original/DP-17961-009.jpg,false,0.36180400,250000,,2026-04-28T14:29:07.947894+00:00
https://images.metmuseum.org/CRDImages/es/original/DP-17961-013.jpg,false,0.43387200,250000,,2026-04-28T14:29:29.191532+00:00
https://images.metmuseum.org/CRDImages/es/original/DP-17961-050.jpg,false,0.15022800,250000,,2026-04-28T14:30:19.337325+00:00
https://images.metmuseum.org/CRDImages/es/original/DP-17961-061.jpg,false,0.47798400,250000,,2026-04-28T14:30:30.684090+00:00
https://images.metmuseum.org/CRDImages/es/original/DP-18258-068.jpg,false,0.55316800,250000,,2026-04-28T14:40:16.875630+00:00
https://images.metmuseum.org/CRDImages/es/original/DP-19544-037.jpg,false,0.28950000,250000,,2026-04-28T14:41:14.591410+00:00
https://images.metmuseum.org/CRDImages/es/original/DP-19686-037.jpg,false,0.74787200,250000,,2026-04-28T14:41:13.818740+00:00
https://images.metmuseum.org/CRDImages/es/original/DP-22351-036.jpg,false,0.23036800,250000,,2026-04-28T14:41:14.815151+00:00
https://images.metmuseum.org/CRDImages/es/original/DP-22351-038.jpg,false,0.56539200,250000,,2026-04-28T14:41:15.226715+00:00
https://images.metmuseum.org/CRDImages/es/original/DP-22351-042.jpg,false,0.65714400,250000,,2026-04-28T14:41:15.910320+00:00
https://images.metmuseum.org/CRDImages/es/original/DP-22351-049.jpg,false,0.52617600,250000,,2026-04-28T14:41:15.559326+00:00
https://images.metmuseum.org/CRDImages/es/original/DP-23634-008.jpg,false,0.02438800,250000,,2026-04-28T14:28:57.252410+00:00
https://images.metmuseum.org/CRDImages/es/original/DP-23634-033.jpg,false,0.69904400,250000,,2026-04-28T14:29:22.084128+00:00
https://images.metmuseum.org/CRDImages/es/original/DP-23634-035.jpg,false,0.82744000,250000,,2026-04-28T14:29:24.107391+00:00
https://images.metmuseum.org/CRDImages/es/original/DP-23634-045.jpg,false,0.70170400,250000,,2026-04-28T14:29:30.386527+00:00
https://images.metmuseum.org/CRDImages/es/original/DP-23634-051.jpg,false,0.51573200,250000,,2026-04-28T14:29:30.771530+00:00
https://images.metmuseum.org/CRDImages/es/original/DP-23634-082.jpg,false,0.64592800,250000,,2026-04-28T14:29:43.960857+00:00
https://images.metmuseum.org/CRDImages/es/original/DP-247-117.jpg,false,0.83898400,250000,,2026-04-28T14:30:20.800341+00:00
https://images.metmuseum.org/CRDImages/es/original/DP-247-122.jpg,false,0.80828400,250000,,2026-04-28T14:30:23.450862+00:00
https://images.metmuseum.org/CRDImages/es/original/DP-247-124.jpg,false,0.62562800,250000,,2026-04-28T14:30:29.708309+00:00
https://images.metmuseum.org/CRDImages/es/original/DP-247-125.jpg,false,0.62236800,250000,,2026-04-28T14:30:23.812649+00:00
https://images.metmuseum.org/CRDImages/es/original/DP-25553-001.jpg,false,0.26497200,250000,,2026-04-28T14:28:59.549366+00:00
https://images.metmuseum.org/CRDImages/es/original/DP-25554-001.jpg,false,0.35098000,250000,,2026-04-28T14:28:59.309006+00:00
https://images.metmuseum.org/CRDImages/es/original/DP-28345-026.jpg,false,0.06032000,250000,,2026-04-28T14:28:57.950441+00:00
https://images.metmuseum.org/CRDImages/es/original/DP-28345-027.jpg,false,0.06323600,250000,,2026-04-28T14:28:57.613773+00:00
https://images.metmuseum.org/CRDImages/es/original/DP-28345-028.jpg,false,0.05558800,250000,,2026-04-28T14:28:58.636607+00:00
https://images.metmuseum.org/CRDImages/es/original/DP-28561-0006.jpg,false,0.32777600,250000,,2026-04-28T14:41:21.076041+00:00
https://images.metmuseum.org/CRDImages/es/original/DP-28561-0023.jpg,false,0.41690400,250000,,2026-04-28T14:41:20.093641+00:00
https://images.metmuseum.org/CRDImages/es/original/DP-28561_0001.jpg,false,0.24098000,250000,,2026-04-28T14:41:21.362611+00:00
https://images.metmuseum.org/CRDImages/es/original/DP-29986-014.jpg,false,0.15268000,250000,,2026-04-28T14:41:21.612892+00:00
https://images.metmuseum.org/CRDImages/es/original/DP-300-001.jpg,false,0.70599200,250000,,2026-04-28T14:29:06.328479+00:00
https://images.metmuseum.org/CRDImages/es/original/DP-300-098.jpg,false,0.66380800,250000,,2026-04-28T14:30:20.346907+00:00
https://images.metmuseum.org/CRDImages/es/original/DP-300-099.jpg,false,0.74401600,250000,,2026-04-28T14:30:21.246242+00:00
https://images.metmuseum.org/CRDImages/es/original/DP-300-101.jpg,false,0.79262800,250000,,2026-04-28T14:30:22.789402+00:00
https://images.metmuseum.org/CRDImages/es/original/DP-300-103.jpg,false,0.59514000,250000,,2026-04-28T14:30:23.131412+00:00
https://images.metmuseum.org/CRDImages/es/original/DP-30257-001.jpg,false,0.78676000,250000,,2026-04-28T14:41:22.164045+00:00
https://images.metmuseum.org/CRDImages/es/original/DP-30257-020.jpg,false,0.07016000,250000,,2026-04-28T14:41:22.428034+00:00
https://images.metmuseum.org/CRDImages/es/original/DP-31281-001.jpg,false,0.79979200,250000,,2026-04-28T14:41:19.776590+00:00
https://images.metmuseum.org/CRDImages/es/original/DP-317-001.jpg,false,0.18180800,250000,,2026-04-28T14:29:07.357375+00:00
https://images.metmuseum.org/CRDImages/es/original/DP-318-001.jpg,false,0.29190000,250000,,2026-04-28T14:29:08.820496+00:00
https://images.metmuseum.org/CRDImages/es/original/DP-319-001.jpg,false,0.19650000,250000,,2026-04-28T14:29:09.287059+00:00
https://images.metmuseum.org/CRDImages/es/original/DP-320-001.jpg,false,0.14507600,250000,,2026-04-28T14:29:09.621457+00:00
https://images.metmuseum.org/CRDImages/es/original/DP-327-001.jpg,false,0.32642400,250000,,2026-04-28T14:29:19.723799+00:00
https://images.metmuseum.org/CRDImages/es/original/DP-34573-001.jpg,false,0.01018800,250000,,2026-04-28T14:41:19.505306+00:00
https://images.metmuseum.org/CRDImages/es/original/DP-35812-001.jpg,false,0.56340000,250000,,2026-04-28T14:30:00.765854+00:00
https://images.metmuseum.org/CRDImages/es/original/DP-39188-001.jpg,false,0.09345600,250000,,2026-04-28T14:29:00.677764+00:00
https://images.metmuseum.org/CRDImages/es/original/DP-39192-001.jpg,false,0.23473200,250000,,2026-04-28T14:29:32.520331+00:00
https://images.metmuseum.org/CRDImages/es/original/DP-39198-001.jpg,false,0.06638400,250000,,2026-04-28T14:40:34.778964+00:00
https://images.metmuseum.org/CRDImages/es/original/DP-39513-001.jpg,false,0.16942000,250000,,2026-04-28T14:30:19.741873+00:00
https://images.metmuseum.org/CRDImages/es/original/DP-39648-001.jpg,false,0.15007200,250000,,2026-04-28T14:29:31.753975+00:00
https://images.metmuseum.org/CRDImages/es/original/DP-39657-001.jpg,false,0.20535600,250000,,2026-04-28T14:29:39.723661+00:00
https://images.metmuseum.org/CRDImages/es/original/DP-39798-001.jpg,false,0.17986800,250000,,2026-04-28T14:29:39.216583+00:00
https://images.metmuseum.org/CRDImages/es/original/DP-40443-001.jpg,false,0.01421200,250000,,2026-04-28T14:29:32.997462+00:00
https://images.metmuseum.org/CRDImages/es/original/DP-40447-003.jpg,false,0.00224000,250000,,2026-04-28T14:29:51.660150+00:00
https://images.metmuseum.org/CRDImages/es/original/DP-40450-001.jpg,false,0.00618000,250000,,2026-04-28T14:29:50.332211+00:00
https://images.metmuseum.org/CRDImages/es/original/DP-40459-001.jpg,false,0.01169600,250000,,2026-04-28T14:29:40.185419+00:00
https://images.metmuseum.org/CRDImages/es/original/DP-42189-001.jpg,false,0.74424400,250000,,2026-04-28T14:31:13.886931+00:00
https://images.metmuseum.org/CRDImages/es/original/DP-42318-002.jpg,false,0.03348800,250000,,2026-04-28T14:41:26.376225+00:00
https://images.metmuseum.org/CRDImages/es/original/DP-43554-003.jpg,false,0.17121200,250000,,2026-04-28T14:29:51.226696+00:00
https://images.metmuseum.org/CRDImages/es/original/DP-43556-001.jpg,false,0.12327600,250000,,2026-04-28T14:29:53.472587+00:00
https://images.metmuseum.org/CRDImages/es/original/DP-43573-001.jpg,false,0.13696400,250000,,2026-04-28T14:30:27.114774+00:00
https://images.metmuseum.org/CRDImages/es/original/DP-43578-001.jpg,false,0.28906400,250000,,2026-04-28T14:30:28.955165+00:00
https://images.metmuseum.org/CRDImages/es/original/DP-43579-001.jpg,false,0.76518800,250000,,2026-04-28T14:31:06.147664+00:00
https://images.metmuseum.org/CRDImages/es/original/DP-43587-001.jpg,false,0.02116000,250000,,2026-04-28T14:30:28.501261+00:00
https://images.metmuseum.org/CRDImages/es/original/DP-470-002.jpg,false,0.76830800,250000,,2026-04-28T14:29:05.791490+00:00
https://images.metmuseum.org/CRDImages/es/original/DP-470-097.jpg,false,0.44713600,250000,,2026-04-28T14:30:21.654651+00:00
https://images.metmuseum.org/CRDImages/es/original/DP-470-099.jpg,false,0.48238800,250000,,2026-04-28T14:30:21.994192+00:00
https://images.metmuseum.org/CRDImages/es/original/DP-470-101.jpg,false,0.36972400,250000,,2026-04-28T14:30:22.253798+00:00
https://images.metmuseum.org/CRDImages/es/original/DP-470-103.jpg,false,0.37421200,250000,,2026-04-28T14:30:22.612090+00:00
https://images.metmuseum.org/CRDImages/es/original/DP-470-105.jpg,false,0.50705600,250000,,2026-04-28T14:30:29.187491+00:00
https://images.metmuseum.org/CRDImages/es/original/DP-975-003.jpg,false,0.00275200,250000,,2026-04-28T14:29:16.749215+00:00
https://images.metmuseum.org/CRDImages/es/original/DP-975-006.jpg,false,0.00061200,250000,,2026-04-28T14:29:27.385912+00:00
https://images.metmuseum.org/CRDImages/es/original/DP-975-015.jpg,false,0.82461200,250000,,2026-04-28T14:29:28.622836+00:00
https://images.metmuseum.org/CRDImages/es/original/DP-975-016.jpg,false,0.00866000,250000,,2026-04-28T14:29:28.988452+00:00
https://images.metmuseum.org/CRDImages/es/original/DP-975-021.jpg,false,0.00005200,250000,,2026-04-28T14:29:43.500647+00:00
https://images.metmuseum.org/CRDImages/es/original/DP102625.jpg,false,0.49625200,250000,,2026-04-28T14:29:58.707254+00:00
https://images.metmuseum.org/CRDImages/es/original/DP102629.jpg,false,0.74042800,250000,,2026-04-28T14:29:58.006506+00:00
https://images.metmuseum.org/CRDImages/es/original/DP102635.jpg,false,0.04708800,250000,,2026-04-28T14:29:57.696397+00:00
https://images.metmuseum.org/CRDImages/es/original/DP102637.jpg,false,0.01180400,250000,,2026-04-28T14:30:31.066890+00:00
https://images.metmuseum.org/CRDImages/es/original/DP102643.jpg,false,0.00167200,250000,,2026-04-28T14:29:58.931430+00:00
https://images.metmuseum.org/CRDImages/es/original/DP104602.jpg,false,0.62915600,250000,,2026-04-28T14:29:34.301351+00:00
https://images.metmuseum.org/CRDImages/es/original/DP104606.jpg,false,0.91891600,250000,,2026-04-28T14:28:53.534495+00:00
https://images.metmuseum.org/CRDImages/es/original/DP104609.jpg,,,,HTTP Error 404: Not Found,2026-04-28T14:29:43.186778+00:00
https://images.metmuseum.org/CRDImages/es/original/DP119879.jpg,false,0.38606400,250000,,2026-04-28T14:28:48.028887+00:00
https://images.metmuseum.org/CRDImages/es/original/DP136548.jpg,false,0.73266000,250000,,2026-04-28T14:31:16.534810+00:00
https://images.metmuseum.org/CRDImages/es/original/DP143668.jpg,false,0.82844400,250000,,2026-04-28T14:30:00.363133+00:00
https://images.metmuseum.org/CRDImages/es/original/DP148594.jpg,false,0.64445600,250000,,2026-04-28T14:31:13.693834+00:00
https://images.metmuseum.org/CRDImages/es/original/DP149947.jpg,false,0.16106400,250000,,2026-04-28T14:29:56.109497+00:00
https://images.metmuseum.org/CRDImages/es/original/DP149951.jpg,false,0.00859600,250000,,2026-04-28T14:29:59.361021+00:00
https://images.metmuseum.org/CRDImages/es/original/DP149959.jpg,false,0.00137600,250000,,2026-04-28T14:29:59.849108+00:00
https://images.metmuseum.org/CRDImages/es/original/DP155353.jpg,false,0.36339600,250000,,2026-04-28T14:30:29.527960+00:00
https://images.metmuseum.org/CRDImages/es/original/DP156482.jpg,false,0.31788000,250000,,2026-04-28T14:29:10.379202+00:00
https://images.metmuseum.org/CRDImages/es/original/DP156491.jpg,false,0.77808800,250000,,2026-04-28T14:29:53.278083+00:00
https://images.metmuseum.org/CRDImages/es/original/DP156496.jpg,false,0.00696800,250000,,2026-04-28T14:31:08.686332+00:00
https://images.metmuseum.org/CRDImages/es/original/DP156522.jpg,false,0.51705200,250000,,2026-04-28T14:29:59.557295+00:00
https://images.metmuseum.org/CRDImages/es/original/DP166684.jpg,false,0.84402400,250000,,2026-04-28T14:30:33.806855+00:00
https://images.metmuseum.org/CRDImages/es/original/DP166905.jpg,false,0.86615200,250000,,2026-04-28T14:30:33.508278+00:00
https://images.metmuseum.org/CRDImages/es/original/DP167159.jpg,false,0.67893200,250000,,2026-04-28T14:31:13.220870+00:00
https://images.metmuseum.org/CRDImages/es/original/DP167996.jpg,false,0.18104800,250000,,2026-04-28T14:29:11.915120+00:00
https://images.metmuseum.org/CRDImages/es/original/DP168387.jpg,false,0.82305600,250000,,2026-04-28T14:30:28.022270+00:00
https://images.metmuseum.org/CRDImages/es/original/DP169163.jpg,false,0.67237200,250000,,2026-04-28T14:29:12.126976+00:00
https://images.metmuseum.org/CRDImages/es/original/DP169174.jpg,false,0.04922400,250000,,2026-04-28T14:29:52.609372+00:00
https://images.metmuseum.org/CRDImages/es/original/DP200559.jpg,false,0.38882800,250000,,2026-04-28T14:29:37.973822+00:00
https://images.metmuseum.org/CRDImages/es/original/DP22256.jpg,false,0.14727200,250000,,2026-04-28T14:30:08.699033+00:00
https://images.metmuseum.org/CRDImages/es/original/DP22257.jpg,false,0.32125200,250000,,2026-04-28T14:30:09.964401+00:00
https://images.metmuseum.org/CRDImages/es/original/DP22260.jpg,false,0.17632000,250000,,2026-04-28T14:30:10.351918+00:00
https://images.metmuseum.org/CRDImages/es/original/DP22261.jpg,false,0.30523200,250000,,2026-04-28T14:30:08.980422+00:00
https://images.metmuseum.org/CRDImages/es/original/DP22263.jpg,false,0.14196400,250000,,2026-04-28T14:30:13.472390+00:00
https://images.metmuseum.org/CRDImages/es/original/DP22264.jpg,false,0.29802000,250000,,2026-04-28T14:30:13.746877+00:00
https://images.metmuseum.org/CRDImages/es/original/DP22266.jpg,false,0.20640800,250000,,2026-04-28T14:30:15.461408+00:00
https://images.metmuseum.org/CRDImages/es/original/DP22267.jpg,false,0.21628400,250000,,2026-04-28T14:30:09.354376+00:00
https://images.metmuseum.org/CRDImages/es/original/DP22270.jpg,false,0.30743200,250000,,2026-04-28T14:30:09.824251+00:00
https://images.metmuseum.org/CRDImages/es/original/DP22273.jpg,false,0.12969600,250000,,2026-04-28T14:30:10.147545+00:00
https://images.metmuseum.org/CRDImages/es/original/DP22274.jpg,false,0.26491600,250000,,2026-04-28T14:30:10.851963+00:00
https://images.metmuseum.org/CRDImages/es/original/DP22275.jpg,false,0.22746000,250000,,2026-04-28T14:30:13.085939+00:00
https://images.metmuseum.org/CRDImages/es/original/DP22276.jpg,false,0.27459600,250000,,2026-04-28T14:30:09.139566+00:00
https://images.metmuseum.org/CRDImages/es/original/DP22277.jpg,false,0.20284000,250000,,2026-04-28T14:30:15.307940+00:00
https://images.metmuseum.org/CRDImages/es/original/DP22280.jpg,false,0.26800400,250000,,2026-04-28T14:30:13.303795+00:00
https://images.metmuseum.org/CRDImages/es/original/DP22282.jpg,false,0.06180000,250000,,2026-04-28T14:30:15.147280+00:00
https://images.metmuseum.org/CRDImages/es/original/DP22283.jpg,false,0.22684800,250000,,2026-04-28T14:30:16.734546+00:00
https://images.metmuseum.org/CRDImages/es/original/DP22291.jpg,false,0.14339200,250000,,2026-04-28T14:30:13.953812+00:00
https://images.metmuseum.org/CRDImages/es/original/DP22292.jpg,false,0.23395200,250000,,2026-04-28T14:30:14.934129+00:00
https://images.metmuseum.org/CRDImages/es/original/DP22302.jpg,false,0.14444400,250000,,2026-04-28T14:30:16.530506+00:00
https://images.metmuseum.org/CRDImages/es/original/DP229668.jpg,false,0.82722800,250000,,2026-04-28T14:29:53.013674+00:00
https://images.metmuseum.org/CRDImages/es/original/DP229673.jpg,false,0.00529600,250000,,2026-04-28T14:29:56.577772+00:00
https://images.metmuseum.org/CRDImages/es/original/DP229687.jpg,false,0.84701200,250000,,2026-04-28T14:29:42.909527+00:00
https://images.metmuseum.org/CRDImages/es/original/DP23010.jpg,false,0.04827200,250000,,2026-04-28T14:31:12.226887+00:00
https://images.metmuseum.org/CRDImages/es/original/DP23025_1995.268.193AB.jpg,false,0.10816400,250000,,2026-04-28T14:31:11.328963+00:00
https://images.metmuseum.org/CRDImages/es/original/DP231076.jpg,false,0.34450400,250000,,2026-04-28T14:29:56.978166+00:00
https://images.metmuseum.org/CRDImages/es/original/DP238536.jpg,false,0.65786000,250000,,2026-04-28T14:29:10.827827+00:00
https://images.metmuseum.org/CRDImages/es/original/DP239042.jpg,false,0.14863200,250000,,2026-04-28T14:31:07.911566+00:00
https://images.metmuseum.org/CRDImages/es/original/DP239043.jpg,false,0.25443600,250000,,2026-04-28T14:31:08.247392+00:00
https://images.metmuseum.org/CRDImages/es/original/DP240193.jpg,false,0.12939200,250000,,2026-04-28T14:29:13.071615+00:00
https://images.metmuseum.org/CRDImages/es/original/DP243957.jpg,false,0.80959600,250000,,2026-04-28T14:30:27.735288+00:00
https://images.metmuseum.org/CRDImages/es/original/DP252731.jpg,false,0.38540800,250000,,2026-04-28T14:29:06.571365+00:00
https://images.metmuseum.org/CRDImages/es/original/DP252740.jpg,false,0.13363600,250000,,2026-04-28T14:30:04.290676+00:00
https://images.metmuseum.org/CRDImages/es/original/DP260821.jpg,false,0.17310800,250000,,2026-04-28T14:30:04.019746+00:00
https://images.metmuseum.org/CRDImages/es/original/DP264584.jpg,false,0.53815600,250000,,2026-04-28T14:29:54.828316+00:00
https://images.metmuseum.org/CRDImages/es/original/DP264877.jpg,false,0.27362400,250000,,2026-04-28T14:30:00.140101+00:00
https://images.metmuseum.org/CRDImages/es/original/DP269835.jpg,false,0.40142000,250000,,2026-04-28T14:29:46.181364+00:00
https://images.metmuseum.org/CRDImages/es/original/DP269836.jpg,false,0.40899600,250000,,2026-04-28T14:29:46.505340+00:00
https://images.metmuseum.org/CRDImages/es/original/DP278208.jpg,false,0.74324000,250000,,2026-04-28T14:31:17.986299+00:00
https://images.metmuseum.org/CRDImages/es/original/DP285423.jpg,false,0.09446800,250000,,2026-04-28T14:30:03.420542+00:00
https://images.metmuseum.org/CRDImages/es/original/DP302967.jpg,false,0.17809200,250000,,2026-04-28T14:29:46.848736+00:00
https://images.metmuseum.org/CRDImages/es/original/DP310139.jpg,false,0.10602800,250000,,2026-04-28T14:29:47.946411+00:00
https://images.metmuseum.org/CRDImages/es/original/DP314796.jpg,false,0.62514800,250000,,2026-04-28T14:28:48.729128+00:00
https://images.metmuseum.org/CRDImages/es/original/DP314800.jpg,false,0.65254400,250000,,2026-04-28T14:29:20.726335+00:00
https://images.metmuseum.org/CRDImages/es/original/DP314802.jpg,false,0.65062000,250000,,2026-04-28T14:29:49.390894+00:00
https://images.metmuseum.org/CRDImages/es/original/DP315666.jpg,false,0.33135600,250000,,2026-04-28T14:31:20.086347+00:00
https://images.metmuseum.org/CRDImages/es/original/DP315669.jpg,false,0.00308400,250000,,2026-04-28T14:31:18.768361+00:00
https://images.metmuseum.org/CRDImages/es/original/DP315674.jpg,false,0.71831600,250000,,2026-04-28T14:31:24.031259+00:00
https://images.metmuseum.org/CRDImages/es/original/DP317303.jpg,false,0.71982400,250000,,2026-04-28T14:29:37.004305+00:00
https://images.metmuseum.org/CRDImages/es/original/DP317305.jpg,false,0.74736400,250000,,2026-04-28T14:29:26.484729+00:00
https://images.metmuseum.org/CRDImages/es/original/DP318377.jpg,false,0.00626000,250000,,2026-04-28T14:31:19.829844+00:00
https://images.metmuseum.org/CRDImages/es/original/DP318378.jpg,false,0.05594400,250000,,2026-04-28T14:31:23.718310+00:00
https://images.metmuseum.org/CRDImages/es/original/DP319063.jpg,false,0.23972400,250000,,2026-04-28T14:29:37.393857+00:00
https://images.metmuseum.org/CRDImages/es/original/DP319064.jpg,false,0.30242800,250000,,2026-04-28T14:29:15.013246+00:00
https://images.metmuseum.org/CRDImages/es/original/DP319065.jpg,false,0.31748400,250000,,2026-04-28T14:30:18.213951+00:00
https://images.metmuseum.org/CRDImages/es/original/DP319068.jpg,false,0.38320000,250000,,2026-04-28T14:29:18.163828+00:00
https://images.metmuseum.org/CRDImages/es/original/DP319070.jpg,false,0.54802400,250000,,2026-04-28T14:29:35.227391+00:00
https://images.metmuseum.org/CRDImages/es/original/DP319072.jpg,false,0.56848800,250000,,2026-04-28T14:29:34.932490+00:00
https://images.metmuseum.org/CRDImages/es/original/DP319083.jpg,false,0.37274400,250000,,2026-04-28T14:29:49.119672+00:00
https://images.metmuseum.org/CRDImages/es/original/DP319643.jpg,false,0.68557200,250000,,2026-04-28T14:29:49.709276+00:00
https://images.metmuseum.org/CRDImages/es/original/DP320158.jpg,false,0.37244000,250000,,2026-04-28T14:28:43.828285+00:00
https://images.metmuseum.org/CRDImages/es/original/DP320548.jpg,false,0.05270400,250000,,2026-04-28T14:30:18.493488+00:00
https://images.metmuseum.org/CRDImages/es/original/DP320549.jpg,false,0.07104400,250000,,2026-04-28T14:29:48.281921+00:00
https://images.metmuseum.org/CRDImages/es/original/DP320555.jpg,false,0.05321200,250000,,2026-04-28T14:29:35.551178+00:00
https://images.metmuseum.org/CRDImages/es/original/DP320556.jpg,false,0.03198400,250000,,2026-04-28T14:29:36.249061+00:00
https://images.metmuseum.org/CRDImages/es/original/DP320557.jpg,false,0.10316800,250000,,2026-04-28T14:29:48.559069+00:00
https://images.metmuseum.org/CRDImages/es/original/DP320566.jpg,false,0.11080000,250000,,2026-04-28T14:29:12.305385+00:00
https://images.metmuseum.org/CRDImages/es/original/DP323217.jpg,false,0.13124400,250000,,2026-04-28T14:29:20.407962+00:00
https://images.metmuseum.org/CRDImages/es/original/DP325380.jpg,false,0.02817600,250000,,2026-04-28T14:29:47.432094+00:00
https://images.metmuseum.org/CRDImages/es/original/DP325389.jpg,false,0.01411600,250000,,2026-04-28T14:29:36.652163+00:00
https://images.metmuseum.org/CRDImages/es/original/DP326935.jpg,false,0.19018000,250000,,2026-04-28T14:30:17.189745+00:00
https://images.metmuseum.org/CRDImages/es/original/DP326937.jpg,false,0.23958000,250000,,2026-04-28T14:30:17.440320+00:00
https://images.metmuseum.org/CRDImages/es/original/DP326940.jpg,false,0.07939200,250000,,2026-04-28T14:30:18.956256+00:00
https://images.metmuseum.org/CRDImages/es/original/DP326946.jpg,false,0.33191200,250000,,2026-04-28T14:30:29.950541+00:00
https://images.metmuseum.org/CRDImages/es/original/DP326952.jpg,false,0.38508000,250000,,2026-04-28T14:30:30.421453+00:00
https://images.metmuseum.org/CRDImages/es/original/DP331287.jpg,false,0.68512000,250000,,2026-04-28T14:31:21.129733+00:00
https://images.metmuseum.org/CRDImages/es/original/DP332480.jpg,false,0.04981200,250000,,2026-04-28T14:31:22.372818+00:00
https://images.metmuseum.org/CRDImages/es/original/DP335261.jpg,false,0.81189200,250000,,2026-04-28T14:40:19.203731+00:00
https://images.metmuseum.org/CRDImages/es/original/DP335264.jpg,false,0.78393200,250000,,2026-04-28T14:40:18.927236+00:00
https://images.metmuseum.org/CRDImages/es/original/DP363700.jpg,false,0.27438400,250000,,2026-04-28T14:30:32.019391+00:00
https://images.metmuseum.org/CRDImages/es/original/DP704000.jpg,false,0.22767600,250000,,2026-04-28T14:31:20.389273+00:00
https://images.metmuseum.org/CRDImages/es/original/DP704002.jpg,false,0.00138000,250000,,2026-04-28T14:31:21.785907+00:00
https://images.metmuseum.org/CRDImages/es/original/DP704010.jpg,false,0.00054800,250000,,2026-04-28T14:31:21.457293+00:00
https://images.metmuseum.org/CRDImages/es/original/DP704012.jpg,false,0.00429200,250000,,2026-04-28T14:31:23.154279+00:00
https://images.metmuseum.org/CRDImages/es/original/DP704018.jpg,false,0.03773600,250000,,2026-04-28T14:31:18.985666+00:00
https://images.metmuseum.org/CRDImages/es/original/DP704021.jpg,false,0.36304400,250000,,2026-04-28T14:31:19.341445+00:00
https://images.metmuseum.org/CRDImages/es/original/DP704028.jpg,false,0.00386000,250000,,2026-04-28T14:31:18.164849+00:00
https://images.metmuseum.org/CRDImages/es/original/DP704030.jpg,false,0.00082400,250000,,2026-04-28T14:31:18.549476+00:00
https://images.metmuseum.org/CRDImages/es/original/DP704396.jpg,false,0.09305600,250000,,2026-04-28T14:31:20.606286+00:00
https://images.metmuseum.org/CRDImages/es/original/DP704398.jpg,false,0.16866400,250000,,2026-04-28T14:31:22.096541+00:00
https://images.metmuseum.org/CRDImages/es/original/DP704400.jpg,false,0.01656800,250000,,2026-04-28T14:40:21.216521+00:00
https://images.metmuseum.org/CRDImages/es/original/DP704404.jpg,false,0.01685600,250000,,2026-04-28T14:40:21.611345+00:00
https://images.metmuseum.org/CRDImages/es/original/DP704407.jpg,false,0.01638400,250000,,2026-04-28T14:40:28.727409+00:00
https://images.metmuseum.org/CRDImages/es/original/DP704414.jpg,false,0.02148000,250000,,2026-04-28T14:40:28.125736+00:00
https://images.metmuseum.org/CRDImages/es/original/DT11877.jpg,false,0.73476400,250000,,2026-04-28T14:29:34.646333+00:00
https://images.metmuseum.org/CRDImages/es/original/DT202039.jpg,false,0.52952000,250000,,2026-04-28T14:28:43.243137+00:00
https://images.metmuseum.org/CRDImages/es/original/DT214723.jpg,false,0.03722000,250000,,2026-04-28T14:29:08.294301+00:00
https://images.metmuseum.org/CRDImages/es/original/DT245478.jpg,false,0.69450000,250000,,2026-04-28T14:31:10.562272+00:00
https://images.metmuseum.org/CRDImages/es/original/DT252443.jpg,false,0.70647600,250000,,2026-04-28T14:31:10.997417+00:00
https://images.metmuseum.org/CRDImages/es/original/DT3700.jpg,false,0.67541600,250000,,2026-04-28T14:31:09.544306+00:00
https://images.metmuseum.org/CRDImages/es/original/DT4843.jpg,false,0.69062800,250000,,2026-04-28T14:29:17.872904+00:00
https://images.metmuseum.org/CRDImages/es/original/DT5885.jpg,false,0.58990800,250000,,2026-04-28T14:31:02.706195+00:00
https://images.metmuseum.org/CRDImages/es/original/DT6044.jpg,false,0.00110400,250000,,2026-04-28T14:31:04.542661+00:00
https://images.metmuseum.org/CRDImages/es/original/DT6741.jpg,false,0.75094400,250000,,2026-04-28T14:31:07.074546+00:00
https://images.metmuseum.org/CRDImages/es/original/DT7573.jpg,false,0.00071200,250000,,2026-04-28T14:31:00.874726+00:00
https://images.metmuseum.org/CRDImages/es/original/DT7585.jpg,false,0.12125600,250000,,2026-04-28T14:31:01.350921+00:00
https://images.metmuseum.org/CRDImages/es/original/DT8809.jpg,false,0.04288800,250000,,2026-04-28T14:30:33.172300+00:00
https://images.metmuseum.org/CRDImages/es/original/ES10073.jpg,false,0.13007600,250000,,2026-04-28T14:31:07.759722+00:00
https://images.metmuseum.org/CRDImages/es/original/ES1392.jpg,false,0.02040800,250000,,2026-04-28T14:31:15.923055+00:00
https://images.metmuseum.org/CRDImages/es/original/ES1522.jpg,false,0.00681600,250000,,2026-04-28T14:29:52.871883+00:00
https://images.metmuseum.org/CRDImages/es/original/ES1526.jpg,false,0.00442000,250000,,2026-04-28T14:29:54.021062+00:00
https://images.metmuseum.org/CRDImages/es/original/ES1532.jpg,false,0.00059200,250000,,2026-04-28T14:29:54.472650+00:00
https://images.metmuseum.org/CRDImages/es/original/ES1574.jpg,false,0.00796400,250000,,2026-04-28T14:29:55.169427+00:00
https://images.metmuseum.org/CRDImages/es/original/ES1663.jpg,false,0.00039200,250000,,2026-04-28T14:29:55.664239+00:00
https://images.metmuseum.org/CRDImages/es/original/ES1778.jpg,false,0.01407600,250000,,2026-04-28T14:29:57.607029+00:00
https://images.metmuseum.org/CRDImages/es/original/ES183.jpg,false,0.00058400,250000,,2026-04-28T14:28:49.288639+00:00
https://images.metmuseum.org/CRDImages/es/original/ES184.jpg,false,0.00126000,250000,,2026-04-28T14:28:49.384874+00:00
https://images.metmuseum.org/CRDImages/es/original/ES1976.jpg,false,0.00436000,250000,,2026-04-28T14:30:01.035051+00:00
https://images.metmuseum.org/CRDImages/es/original/ES2231.jpg,false,0.04178800,250000,,2026-04-28T14:30:19.950728+00:00
https://images.metmuseum.org/CRDImages/es/original/ES2422.jpg,false,0.00031600,250000,,2026-04-28T14:30:27.429249+00:00
https://images.metmuseum.org/CRDImages/es/original/ES2447.jpg,false,0.00795600,250000,,2026-04-28T14:30:27.940058+00:00
https://images.metmuseum.org/CRDImages/es/original/ES2852.jpg,false,0.00104800,250000,,2026-04-28T14:30:32.934255+00:00
https://images.metmuseum.org/CRDImages/es/original/ES29.jpg,false,0.00160800,250000,,2026-04-28T14:28:39.315185+00:00
https://images.metmuseum.org/CRDImages/es/original/ES30.jpg,false,0.00206800,250000,,2026-04-28T14:28:39.507681+00:00
https://images.metmuseum.org/CRDImages/es/original/ES3454.jpg,false,0.01544800,250000,,2026-04-28T14:31:02.906879+00:00
https://images.metmuseum.org/CRDImages/es/original/ES3738.jpg,false,0.00406000,250000,,2026-04-28T14:31:06.453003+00:00
https://images.metmuseum.org/CRDImages/es/original/ES3777.jpg,false,0.00006400,250000,,2026-04-28T14:31:07.303046+00:00
https://images.metmuseum.org/CRDImages/es/original/ES3813.jpg,false,0.00007600,250000,,2026-04-28T14:31:07.637098+00:00
https://images.metmuseum.org/CRDImages/es/original/ES3968.jpg,false,0.00064000,250000,,2026-04-28T14:31:10.145671+00:00
https://images.metmuseum.org/CRDImages/es/original/ES4003.jpg,false,0.00431600,250000,,2026-04-28T14:31:11.248727+00:00
https://images.metmuseum.org/CRDImages/es/original/ES4229.jpg,false,0.01551200,250000,,2026-04-28T14:29:07.225426+00:00
https://images.metmuseum.org/CRDImages/es/original/ES4273.jpg,false,0.00091600,250000,,2026-04-28T14:29:17.233630+00:00
https://images.metmuseum.org/CRDImages/es/original/ES4426.jpg,false,0.00000000,250000,,2026-04-28T14:28:53.841415+00:00
https://images.metmuseum.org/CRDImages/es/original/ES4431.jpg,false,0.00014800,250000,,2026-04-28T14:29:54.176654+00:00
https://images.metmuseum.org/CRDImages/es/original/ES4432.jpg,false,0.00199600,250000,,2026-04-28T14:29:54.321758+00:00
https://images.metmuseum.org/CRDImages/es/original/ES5445.jpg,false,0.00008800,250000,,2026-04-28T14:31:06.963185+00:00
https://images.metmuseum.org/CRDImages/es/original/ES5471.jpg,false,0.00002400,250000,,2026-04-28T14:31:08.576741+00:00
https://images.metmuseum.org/CRDImages/es/original/ES5569.jpg,false,0.00126400,250000,,2026-04-28T14:29:41.671334+00:00
https://images.metmuseum.org/CRDImages/es/original/ES5862.jpg,false,0.00109200,250000,,2026-04-28T14:28:39.610577+00:00
https://images.metmuseum.org/CRDImages/es/original/ES5908.jpg,false,0.00000000,250000,,2026-04-28T14:30:01.348682+00:00
https://images.metmuseum.org/CRDImages/es/original/ES5942.jpg,false,0.01544800,250000,,2026-04-28T14:30:26.834180+00:00
https://images.metmuseum.org/CRDImages/es/original/ES615.jpg,false,0.03823200,250000,,2026-04-28T14:29:06.928699+00:00
https://images.metmuseum.org/CRDImages/es/original/ES6167.jpg,false,0.03488800,250000,,2026-04-28T14:30:34.028353+00:00
https://images.metmuseum.org/CRDImages/es/original/ES6170.jpg,false,0.00036400,250000,,2026-04-28T14:29:07.112129+00:00
https://images.metmuseum.org/CRDImages/es/original/ES6188.jpg,false,0.00142800,250000,,2026-04-28T14:29:40.687014+00:00
https://images.metmuseum.org/CRDImages/es/original/ES6198.jpg,false,0.01058800,250000,,2026-04-28T14:29:09.997239+00:00
https://images.metmuseum.org/CRDImages/es/original/ES6200.jpg,false,0.00450400,250000,,2026-04-28T14:29:59.225373+00:00
https://images.metmuseum.org/CRDImages/es/original/ES6210.jpg,false,0.00270000,250000,,2026-04-28T14:29:59.746314+00:00
https://images.metmuseum.org/CRDImages/es/original/ES627.jpg,false,0.00250400,250000,,2026-04-28T14:29:08.528028+00:00
https://images.metmuseum.org/CRDImages/es/original/ES640.jpg,false,0.01083600,250000,,2026-04-28T14:29:09.520757+00:00
https://images.metmuseum.org/CRDImages/es/original/ES750.jpg,false,0.00697200,250000,,2026-04-28T14:29:18.607792+00:00
https://images.metmuseum.org/CRDImages/es/original/ES7966.jpg,false,0.00654000,250000,,2026-04-28T14:30:33.016159+00:00
https://images.metmuseum.org/CRDImages/es/original/ES8043.jpg,false,0.03976400,250000,,2026-04-28T14:29:06.826709+00:00
https://images.metmuseum.org/CRDImages/es/original/ES8045.jpg,false,0.00001600,250000,,2026-04-28T14:29:56.855938+00:00
https://images.metmuseum.org/CRDImages/es/original/LC-02_5_14-001.jpg,false,0.06374800,250000,,2026-04-28T14:28:44.267037+00:00
https://images.metmuseum.org/CRDImages/es/original/LC-02_5_15-001.jpg,false,0.06241200,250000,,2026-04-28T14:28:44.559546+00:00
https://images.metmuseum.org/CRDImages/es/original/LC-02_5_18-001.jpg,false,0.06907600,250000,,2026-04-28T14:28:44.839648+00:00
https://images.metmuseum.org/CRDImages/es/original/LC-02_5_19-001.jpg,false,0.06990400,250000,,2026-04-28T14:28:45.306323+00:00
https://images.metmuseum.org/CRDImages/es/original/LC-02_5_20.jpg,false,0.06967200,250000,,2026-04-28T14:28:45.603904+00:00
https://images.metmuseum.org/CRDImages/es/original/LC-02_5_21.jpg,false,0.07231600,250000,,2026-04-28T14:28:45.994139+00:00
https://images.metmuseum.org/CRDImages/es/original/LC-02_5_23-001.jpg,false,0.06768000,250000,,2026-04-28T14:28:46.331205+00:00
https://images.metmuseum.org/CRDImages/es/original/LC-04_9_24.jpg,false,0.07643600,250000,,2026-04-28T14:28:48.979648+00:00
https://images.metmuseum.org/CRDImages/es/original/LC-08_56_3.jpg,false,0.06220000,250000,,2026-04-28T14:28:50.998032+00:00
https://images.metmuseum.org/CRDImages/es/original/LC-08_67_1-002.jpg,false,0.07499600,250000,,2026-04-28T14:28:51.315284+00:00
https://images.metmuseum.org/CRDImages/es/original/LC-11_130_2.jpg,false,0.09650400,250000,,2026-04-28T14:28:55.003019+00:00
https://images.metmuseum.org/CRDImages/es/original/LC-11_130_3.jpg,false,0.09395600,250000,,2026-04-28T14:28:55.234911+00:00
https://images.metmuseum.org/CRDImages/es/original/LC-11_130_4.jpg,false,0.07144400,250000,,2026-04-28T14:28:55.521766+00:00
https://images.metmuseum.org/CRDImages/es/original/LC-1983_576_2.jpg,false,0.07439600,250000,,2026-04-28T14:31:01.821153+00:00
https://images.metmuseum.org/CRDImages/es/original/LC-1983_576_3.jpg,false,0.03048800,250000,,2026-04-28T14:31:02.094106+00:00
https://images.metmuseum.org/CRDImages/es/original/LC-1986_96.jpg,false,0.09204800,250000,,2026-04-28T14:31:02.444038+00:00
https://images.metmuseum.org/CRDImages/es/original/LC-20_62_11-001.jpg,false,0.07689600,250000,,2026-04-28T14:29:14.670445+00:00
https://images.metmuseum.org/CRDImages/es/original/LC-27_97_40.jpg,false,0.08845600,250000,,2026-04-28T14:29:20.897947+00:00
https://images.metmuseum.org/CRDImages/es/original/LC-31_33_5-001.jpg,false,0.07762000,250000,,2026-04-28T14:29:24.468977+00:00
https://images.metmuseum.org/CRDImages/es/original/LC-32_100_371-001.jpg,false,0.07599600,250000,,2026-04-28T14:29:24.984764+00:00
https://images.metmuseum.org/CRDImages/es/original/LC-32_100_372-001.jpg,false,0.06930000,250000,,2026-04-28T14:29:25.270745+00:00
https://images.metmuseum.org/CRDImages/es/original/LC-32_100_374-001.jpg,false,0.09683600,250000,,2026-04-28T14:29:25.512592+00:00
https://images.metmuseum.org/CRDImages/es/original/LC-32_100_375-001.jpg,false,0.10667200,250000,,2026-04-28T14:29:25.909956+00:00
https://images.metmuseum.org/CRDImages/es/original/LC-32_100_376-001.jpg,false,0.09854400,250000,,2026-04-28T14:29:26.227976+00:00
https://images.metmuseum.org/CRDImages/es/original/LC-32_100_384-001.jpg,false,0.05920800,250000,,2026-04-28T14:29:26.688245+00:00
https://images.metmuseum.org/CRDImages/es/original/LC-32_100_385-001.jpg,false,0.06257200,250000,,2026-04-28T14:29:26.899390+00:00
https://images.metmuseum.org/CRDImages/es/original/LC-37_13_2-001.jpg,false,0.06888800,250000,,2026-04-28T14:29:29.694495+00:00
https://images.metmuseum.org/CRDImages/es/original/LC-41_100_272.jpg,false,0.05894800,250000,,2026-04-28T14:29:35.950561+00:00
https://images.metmuseum.org/CRDImages/es/original/LC-41_190_111.jpg,false,0.10112800,250000,,2026-04-28T14:29:37.677499+00:00
https://images.metmuseum.org/CRDImages/es/original/LC-41_190_343ab-001.jpg,false,0.04200000,250000,,2026-04-28T14:29:38.544044+00:00
https://images.metmuseum.org/CRDImages/es/original/LC-41_190_344ab-001.jpg,false,0.04224000,250000,,2026-04-28T14:29:38.775749+00:00
https://images.metmuseum.org/CRDImages/es/original/LC-46_85_12-001.jpg,false,0.06836400,250000,,2026-04-28T14:29:45.941180+00:00
https://images.metmuseum.org/CRDImages/es/original/LC-46_85_19-001.jpg,false,0.06478400,250000,,2026-04-28T14:29:47.033699+00:00
https://images.metmuseum.org/CRDImages/es/original/LC-46_85_20-001.jpg,false,0.07021200,250000,,2026-04-28T14:29:47.190255+00:00
https://images.metmuseum.org/CRDImages/es/original/LC-46_85_37-001.jpg,false,0.07127200,250000,,2026-04-28T14:29:48.864899+00:00
https://images.metmuseum.org/CRDImages/es/original/LC-54_147_104ab-001.jpg,false,0.05514800,250000,,2026-04-28T14:29:57.339251+00:00
https://images.metmuseum.org/CRDImages/es/original/LC-64_101_349ab.jpg,false,0.08085200,250000,,2026-04-28T14:30:01.121797+00:00
https://images.metmuseum.org/CRDImages/es/original/LC-64_101_380ab-002.jpg,false,0.06693600,250000,,2026-04-28T14:30:01.513109+00:00
https://images.metmuseum.org/CRDImages/es/original/LC-65_6_1.jpg,false,0.04398400,250000,,2026-04-28T14:30:16.882992+00:00
https://images.metmuseum.org/CRDImages/es/original/LC-84_2_13-001.jpg,false,0.08912400,250000,,2026-04-28T14:28:40.180259+00:00
https://images.metmuseum.org/CRDImages/es/original/LC-84_2_9.jpg,false,0.08217600,250000,,2026-04-28T14:28:39.940416+00:00
https://images.metmuseum.org/CRDImages/es/original/LC-94_4_232.jpg,false,0.07354400,250000,,2026-04-28T14:28:41.682620+00:00
https://images.metmuseum.org/CRDImages/es/original/LC-X_709_1ab.jpg,false,0.12664800,250000,,2026-04-28T14:31:14.491833+00:00
https://images.metmuseum.org/CRDImages/es/original/SF08_56_1_img1.jpg,false,0.04934800,250000,,2026-04-28T14:28:50.635044+00:00
https://images.metmuseum.org/CRDImages/es/original/SF08_56_2_img1.jpg,false,0.00170800,250000,,2026-04-28T14:28:50.856305+00:00
https://images.metmuseum.org/CRDImages/es/original/SF10_141_4_img1.jpg,false,0.00178000,250000,,2026-04-28T14:28:54.238274+00:00
https://images.metmuseum.org/CRDImages/es/original/SF11_93_3_img1.jpg,false,0.01662000,250000,,2026-04-28T14:28:54.494150+00:00
https://images.metmuseum.org/CRDImages/es/original/SF17_190_1799_img2.jpg,false,0.00876800,250000,,2026-04-28T14:29:08.618988+00:00
https://images.metmuseum.org/CRDImages/es/original/SF1972_190_1_img1.jpg,false,0.00026400,250000,,2026-04-28T14:30:26.938609+00:00
https://images.metmuseum.org/CRDImages/es/original/SF1993_353_4.jpg,false,0.00423600,250000,,2026-04-28T14:31:09.054499+00:00
https://images.metmuseum.org/CRDImages/es/original/SF1995_268_194ab.jpg,false,0.40959200,250000,,2026-04-28T14:31:11.511149+00:00
https://images.metmuseum.org/CRDImages/es/original/SF1995_268_195.jpg,false,0.32866000,250000,,2026-04-28T14:31:11.693766+00:00
https://images.metmuseum.org/CRDImages/es/original/SF1995_268_206.jpg,false,0.41772400,250000,,2026-04-28T14:31:11.856967+00:00
https://images.metmuseum.org/CRDImages/es/original/SF1995_268_207.jpg,false,0.39374800,250000,,2026-04-28T14:31:12.003686+00:00
https://images.metmuseum.org/CRDImages/es/original/SF1995_268_219ab.jpg,false,0.29288400,250000,,2026-04-28T14:31:12.507090+00:00
https://images.metmuseum.org/CRDImages/es/original/SF1995_268_236.jpg,false,0.03409200,250000,,2026-04-28T14:31:12.652198+00:00
https://images.metmuseum.org/CRDImages/es/original/SF1995_268_237.jpg,false,0.38966800,250000,,2026-04-28T14:31:12.797469+00:00
https://images.metmuseum.org/CRDImages/es/original/SF1995_268_264.jpg,false,0.36097600,250000,,2026-04-28T14:31:13.067358+00:00
https://images.metmuseum.org/CRDImages/es/original/SF1995_268_28.jpg,false,0.52782800,250000,,2026-04-28T14:31:10.014640+00:00
https://images.metmuseum.org/CRDImages/es/original/SF1995_268_316ab.jpg,false,0.00722000,250000,,2026-04-28T14:31:13.531994+00:00
https://images.metmuseum.org/CRDImages/es/original/SF1995_268_33.jpg,false,0.25982400,250000,,2026-04-28T14:31:10.394906+00:00
https://images.metmuseum.org/CRDImages/es/original/SF1995_43ab.jpg,false,0.01323600,250000,,2026-04-28T14:31:09.833467+00:00
https://images.metmuseum.org/CRDImages/es/original/SF1999_398_1.jpg,false,0.00045600,250000,,2026-04-28T14:31:15.500442+00:00
https://images.metmuseum.org/CRDImages/es/original/SF2007_243_4_img1.jpg,false,0.00168800,250000,,2026-04-28T14:31:17.585722+00:00
"https://images.metmuseum.org/CRDImages/es/original/SF2007_90_8a, b_img1.jpg",,,,"URL can't contain control characters. '/CRDImages/es/original/SF2007_90_8a, b_img1.jpg' (found at least ' ')",2026-04-28T14:31:17.579456+00:00
https://images.metmuseum.org/CRDImages/es/original/SF20_62_17_img1.jpg,false,0.00106400,250000,,2026-04-28T14:29:14.877380+00:00
https://images.metmuseum.org/CRDImages/es/original/SF30_58_8.jpg,false,0.44163200,250000,,2026-04-28T14:29:21.899215+00:00
https://images.metmuseum.org/CRDImages/es/original/SF38_166_1_img1.jpg,false,0.02281600,250000,,2026-04-28T14:29:31.046528+00:00
https://images.metmuseum.org/CRDImages/es/original/SF42_205_249ab.jpg,false,0.00929600,250000,,2026-04-28T14:29:41.510654+00:00
https://images.metmuseum.org/CRDImages/es/original/SF50_211_190_img1.jpg,false,0.01517600,250000,,2026-04-28T14:29:53.878743+00:00
https://images.metmuseum.org/CRDImages/es/original/SF53_225_116_img1.jpg,false,0.09585600,250000,,2026-04-28T14:29:55.756770+00:00
https://images.metmuseum.org/CRDImages/es/original/SF64_101_371.jpg,false,0.33478400,250000,,2026-04-28T14:31:16.279425+00:00
https://images.metmuseum.org/CRDImages/es/original/SF64_101_383_img1.jpg,false,0.12002000,250000,,2026-04-28T14:30:01.835821+00:00
https://images.metmuseum.org/CRDImages/es/original/SF94_4_227_img1.jpg,false,0.00397200,250000,,2026-04-28T14:28:41.554292+00:00
https://images.metmuseum.org/CRDImages/es/original/SF94_4_61_img1.jpg,false,0.00612800,250000,,2026-04-28T14:28:40.631116+00:00
https://images.metmuseum.org/CRDImages/es/original/SF94_4_97_img1.jpg,false,0.00833200,250000,,2026-04-28T14:28:41.284869+00:00
https://images.metmuseum.org/CRDImages/es/original/sf94_4_62.jpg,false,0.00237200,250000,,2026-04-28T14:28:40.875778+00:00
https://images.metmuseum.org/CRDImages/gr/original/12045.jpg,true,1.00000000,250000,,2026-04-28T14:31:47.703262+00:00
https://images.metmuseum.org/CRDImages/gr/original/181805.jpg,true,1.00000000,250000,,2026-04-28T14:32:13.089856+00:00
https://images.metmuseum.org/CRDImages/gr/original/197700.jpg,true,1.00000000,250000,,2026-04-28T14:32:11.833677+00:00
https://images.metmuseum.org/CRDImages/gr/original/23731.jpg,false,0.00736800,250000,,2026-04-28T14:32:24.663271+00:00
https://images.metmuseum.org/CRDImages/gr/original/33547.jpg,true,1.00000000,250000,,2026-04-28T14:32:17.914653+00:00
https://images.metmuseum.org/CRDImages/gr/original/41162140a.jpg,false,0.02144000,250000,,2026-04-28T14:32:35.413252+00:00
https://images.metmuseum.org/CRDImages/gr/original/41162251.jpg,false,0.01446400,250000,,2026-04-28T14:32:36.985061+00:00
https://images.metmuseum.org/CRDImages/gr/original/51511.jpg,true,1.00000000,250000,,2026-04-28T14:32:19.348543+00:00
https://images.metmuseum.org/CRDImages/gr/original/56255.jpg,,,,HTTP Error 404: Not Found,2026-04-28T14:31:44.663536+00:00
https://images.metmuseum.org/CRDImages/gr/original/969150.jpg,false,0.01148000,250000,,2026-04-28T14:32:03.736413+00:00
https://images.metmuseum.org/CRDImages/gr/original/DP-12967-001.jpg,false,0.63116000,250000,,2026-04-28T14:32:31.301317+00:00
https://images.metmuseum.org/CRDImages/gr/original/DP-13030-001.jpg,false,0.03634000,250000,,2026-04-28T14:32:13.900443+00:00
https://images.metmuseum.org/CRDImages/gr/original/DP-1689-001.jpg,false,0.23229600,250000,,2026-04-28T14:32:27.290147+00:00
https://images.metmuseum.org/CRDImages/gr/original/DP-16975-005.jpg,false,0.06354800,250000,,2026-04-28T14:32:09.195608+00:00
https://images.metmuseum.org/CRDImages/gr/original/DP-16975-057.jpg,false,0.10617600,250000,,2026-04-28T14:32:32.582170+00:00
https://images.metmuseum.org/CRDImages/gr/original/DP-16975-101.jpg,false,0.50414000,250000,,2026-04-28T14:32:42.771074+00:00
https://images.metmuseum.org/CRDImages/gr/original/DP-17549-001.jpg,false,0.00010800,250000,,2026-04-28T14:32:27.619954+00:00
https://images.metmuseum.org/CRDImages/gr/original/DP-18442-001.jpg,false,0.23825200,250000,,2026-04-28T14:32:11.421786+00:00
https://images.metmuseum.org/CRDImages/gr/original/DP-18447-001.jpg,false,0.09918800,250000,,2026-04-28T14:32:39.132275+00:00
https://images.metmuseum.org/CRDImages/gr/original/DP-18921-001.jpg,false,0.48868400,250000,,2026-04-28T14:32:29.834556+00:00
https://images.metmuseum.org/CRDImages/gr/original/DP-19157-001.jpg,,,,HTTP Error 404: Not Found,2026-04-28T14:32:21.122110+00:00
https://images.metmuseum.org/CRDImages/gr/original/DP-19161-001.jpg,,,,HTTP Error 404: Not Found,2026-04-28T14:32:48.006608+00:00
https://images.metmuseum.org/CRDImages/gr/original/DP-19163-001.jpg,false,0.62506800,250000,,2026-04-28T14:32:50.313003+00:00
https://images.metmuseum.org/CRDImages/gr/original/DP-19435-001.jpg,false,0.09935600,250000,,2026-04-28T14:32:13.371869+00:00
https://images.metmuseum.org/CRDImages/gr/original/DP-19536-004.jpg,false,0.29788000,250000,,2026-04-28T14:32:26.005286+00:00
https://images.metmuseum.org/CRDImages/gr/original/DP-19656-001.jpg,false,0.00711600,250000,,2026-04-28T14:32:14.334495+00:00
https://images.metmuseum.org/CRDImages/gr/original/DP-19791-001.jpg,false,0.21031600,250000,,2026-04-28T14:31:58.933895+00:00
https://images.metmuseum.org/CRDImages/gr/original/DP-19792-001.jpg,false,0.00007600,250000,,2026-04-28T14:32:12.720556+00:00
https://images.metmuseum.org/CRDImages/gr/original/DP-23277-001.jpg,false,0.65183600,250000,,2026-04-28T14:32:40.503505+00:00
https://images.metmuseum.org/CRDImages/gr/original/DP-27963-001.jpg,false,0.66852400,250000,,2026-04-28T14:31:46.212492+00:00
https://images.metmuseum.org/CRDImages/gr/original/DP-30844-001.jpg,false,0.01319600,250000,,2026-04-28T14:31:41.093768+00:00
https://images.metmuseum.org/CRDImages/gr/original/DP-31294-001.jpg,false,0.59661600,250000,,2026-04-28T14:31:40.377621+00:00
https://images.metmuseum.org/CRDImages/gr/original/DP-31513-001.jpg,false,0.74136400,250000,,2026-04-28T14:32:24.321779+00:00
https://images.metmuseum.org/CRDImages/gr/original/DP-31580-001.jpg,false,0.56464800,250000,,2026-04-28T14:32:00.671614+00:00
https://images.metmuseum.org/CRDImages/gr/original/DP-33011-001.jpg,false,0.65344400,250000,,2026-04-28T14:32:43.377938+00:00
https://images.metmuseum.org/CRDImages/gr/original/DP-34229-001.jpg,false,0.31246400,250000,,2026-04-28T14:32:43.103151+00:00
https://images.metmuseum.org/CRDImages/gr/original/DP-35254-001.jpg,false,0.15074800,250000,,2026-04-28T14:31:39.260082+00:00
https://images.metmuseum.org/CRDImages/gr/original/DP-35499-001.jpg,false,0.17707200,250000,,2026-04-28T14:31:51.716316+00:00
https://images.metmuseum.org/CRDImages/gr/original/DP-35504-001.jpg,false,0.18887600,250000,,2026-04-28T14:31:52.076190+00:00
https://images.metmuseum.org/CRDImages/gr/original/DP-35773-001.jpg,false,0.08290800,250000,,2026-04-28T14:31:30.111242+00:00
https://images.metmuseum.org/CRDImages/gr/original/DP-35866-002.jpg,false,0.74323200,250000,,2026-04-28T14:41:25.525490+00:00
https://images.metmuseum.org/CRDImages/gr/original/DP-35976-003.jpg,false,0.08854400,250000,,2026-04-28T14:31:30.790112+00:00
https://images.metmuseum.org/CRDImages/gr/original/DP-36702-002.jpg,false,0.85496000,250000,,2026-04-28T14:31:48.177316+00:00
https://images.metmuseum.org/CRDImages/gr/original/DP-36885-001.jpg,false,0.71444000,250000,,2026-04-28T14:41:25.249265+00:00
https://images.metmuseum.org/CRDImages/gr/original/DP-36886-001.jpg,false,0.52839200,250000,,2026-04-28T14:41:25.876826+00:00
https://images.metmuseum.org/CRDImages/gr/original/DP-37120-004.jpg,false,0.77608800,250000,,2026-04-28T14:31:32.080026+00:00
https://images.metmuseum.org/CRDImages/gr/original/DP-37415-001.jpg,false,0.25822400,250000,,2026-04-28T14:31:33.187138+00:00
https://images.metmuseum.org/CRDImages/gr/original/DP-38380-001.jpg,false,0.21962800,250000,,2026-04-28T14:31:37.108145+00:00
https://images.metmuseum.org/CRDImages/gr/original/DP-40077-001.jpg,false,0.77926400,250000,,2026-04-28T14:32:29.559375+00:00
https://images.metmuseum.org/CRDImages/gr/original/DP-40101-001.jpg,false,0.47328800,250000,,2026-04-28T14:31:48.482754+00:00
https://images.metmuseum.org/CRDImages/gr/original/DP-40109-002.jpg,false,0.82160400,250000,,2026-04-28T14:31:49.470464+00:00
https://images.metmuseum.org/CRDImages/gr/original/DP-40396-002.jpg,false,0.00028400,250000,,2026-04-28T14:31:54.475528+00:00
https://images.metmuseum.org/CRDImages/gr/original/DP-41225-001.jpg,false,0.62183200,250000,,2026-04-28T14:32:50.890918+00:00
https://images.metmuseum.org/CRDImages/gr/original/DP1044.jpg,false,0.04080000,250000,,2026-04-28T14:32:36.510251+00:00
https://images.metmuseum.org/CRDImages/gr/original/DP1046.jpg,false,0.03715600,250000,,2026-04-28T14:32:47.340096+00:00
https://images.metmuseum.org/CRDImages/gr/original/DP1050.jpg,false,0.04072000,250000,,2026-04-28T14:32:11.283047+00:00
https://images.metmuseum.org/CRDImages/gr/original/DP1059.jpg,false,0.03872000,250000,,2026-04-28T14:32:37.335314+00:00
https://images.metmuseum.org/CRDImages/gr/original/DP1061.jpg,false,0.04809200,250000,,2026-04-28T14:32:09.678983+00:00
https://images.metmuseum.org/CRDImages/gr/original/DP1064.jpg,false,0.03834000,250000,,2026-04-28T14:32:38.643880+00:00
https://images.metmuseum.org/CRDImages/gr/original/DP106986.jpg,false,0.31082800,250000,,2026-04-28T14:32:37.716469+00:00
https://images.metmuseum.org/CRDImages/gr/original/DP1071.jpg,false,0.03578400,250000,,2026-04-28T14:32:34.314646+00:00
https://images.metmuseum.org/CRDImages/gr/original/DP1074.jpg,false,0.03948800,250000,,2026-04-28T14:32:36.637764+00:00
https://images.metmuseum.org/CRDImages/gr/original/DP109236.jpg,false,0.01480800,250000,,2026-04-28T14:32:07.037331+00:00
https://images.metmuseum.org/CRDImages/gr/original/DP1098.jpg,false,0.05386000,250000,,2026-04-28T14:32:09.518985+00:00
https://images.metmuseum.org/CRDImages/gr/original/DP110785.jpg,false,0.62848800,250000,,2026-04-28T14:32:13.690170+00:00
https://images.metmuseum.org/CRDImages/gr/original/DP111816.jpg,false,0.02584000,250000,,2026-04-28T14:32:42.220944+00:00
https://images.metmuseum.org/CRDImages/gr/original/DP111834.jpg,false,0.35579200,250000,,2026-04-28T14:32:42.027462+00:00
https://images.metmuseum.org/CRDImages/gr/original/DP112906.jpg,false,0.82198000,250000,,2026-04-28T14:32:25.608925+00:00
https://images.metmuseum.org/CRDImages/gr/original/DP114227.jpg,false,0.01793600,250000,,2026-04-28T14:32:01.866981+00:00
https://images.metmuseum.org/CRDImages/gr/original/DP114232.jpg,false,0.17514000,250000,,2026-04-28T14:32:20.844693+00:00
https://images.metmuseum.org/CRDImages/gr/original/DP114237.jpg,false,0.00296000,250000,,2026-04-28T14:32:49.945915+00:00
https://images.metmuseum.org/CRDImages/gr/original/DP114293.jpg,false,0.67427600,250000,,2026-04-28T14:31:26.653846+00:00
https://images.metmuseum.org/CRDImages/gr/original/DP114391.jpg,false,0.57431600,250000,,2026-04-28T14:32:09.862830+00:00
https://images.metmuseum.org/CRDImages/gr/original/DP114421.jpg,false,0.56840800,250000,,2026-04-28T14:32:05.954960+00:00
https://images.metmuseum.org/CRDImages/gr/original/DP114684.jpg,false,0.05602800,250000,,2026-04-28T14:32:08.056417+00:00
https://images.metmuseum.org/CRDImages/gr/original/DP114813.jpg,false,0.30271200,250000,,2026-04-28T14:32:22.122198+00:00
https://images.metmuseum.org/CRDImages/gr/original/DP115268.jpg,false,0.34240400,250000,,2026-04-28T14:32:31.616915+00:00
https://images.metmuseum.org/CRDImages/gr/original/DP115270.jpg,false,0.37968000,250000,,2026-04-28T14:32:38.844602+00:00
https://images.metmuseum.org/CRDImages/gr/original/DP115342.jpg,false,0.21271600,250000,,2026-04-28T14:32:25.195360+00:00
https://images.metmuseum.org/CRDImages/gr/original/DP115345.jpg,false,0.15620000,250000,,2026-04-28T14:32:40.971793+00:00
https://images.metmuseum.org/CRDImages/gr/original/DP115350.jpg,false,0.17808000,250000,,2026-04-28T14:32:36.006681+00:00
https://images.metmuseum.org/CRDImages/gr/original/DP116325.jpg,false,0.66917200,250000,,2026-04-28T14:32:49.360243+00:00
https://images.metmuseum.org/CRDImages/gr/original/DP116948.jpg,false,0.23038400,250000,,2026-04-28T14:32:45.373537+00:00
https://images.metmuseum.org/CRDImages/gr/original/DP116949.jpg,false,0.78125200,250000,,2026-04-28T14:32:10.221404+00:00
https://images.metmuseum.org/CRDImages/gr/original/DP117042.jpg,false,0.09175200,250000,,2026-04-28T14:32:41.778227+00:00
https://images.metmuseum.org/CRDImages/gr/original/DP117049.jpg,false,0.10550800,250000,,2026-04-28T14:32:10.892718+00:00
https://images.metmuseum.org/CRDImages/gr/original/DP117156.jpg,false,0.63250400,250000,,2026-04-28T14:32:35.161987+00:00
https://images.metmuseum.org/CRDImages/gr/original/DP117172.jpg,false,0.69287200,250000,,2026-04-28T14:31:57.142414+00:00
https://images.metmuseum.org/CRDImages/gr/original/DP117228.jpg,false,0.78739200,250000,,2026-04-28T14:32:33.992480+00:00
https://images.metmuseum.org/CRDImages/gr/original/DP117231.jpg,false,0.08061600,250000,,2026-04-28T14:32:42.559514+00:00
https://images.metmuseum.org/CRDImages/gr/original/DP119261.jpg,false,0.55660000,250000,,2026-04-28T14:32:27.978313+00:00
https://images.metmuseum.org/CRDImages/gr/original/DP119661.jpg,false,0.59104400,250000,,2026-04-28T14:32:20.653260+00:00
https://images.metmuseum.org/CRDImages/gr/original/DP119904.jpg,false,0.43675200,250000,,2026-04-28T14:32:06.543773+00:00
https://images.metmuseum.org/CRDImages/gr/original/DP119906.jpg,false,0.16006000,250000,,2026-04-28T14:32:07.278474+00:00
https://images.metmuseum.org/CRDImages/gr/original/DP119915.jpg,false,0.24546400,250000,,2026-04-28T14:32:23.938467+00:00
https://images.metmuseum.org/CRDImages/gr/original/DP119925.jpg,false,0.48973200,250000,,2026-04-28T14:32:31.999878+00:00
https://images.metmuseum.org/CRDImages/gr/original/DP119942.jpg,false,0.36124800,250000,,2026-04-28T14:31:56.196793+00:00
https://images.metmuseum.org/CRDImages/gr/original/DP1203.jpg,false,0.03853600,250000,,2026-04-28T14:31:57.525293+00:00
https://images.metmuseum.org/CRDImages/gr/original/DP120798.jpg,false,0.16232400,250000,,2026-04-28T14:32:35.691712+00:00
https://images.metmuseum.org/CRDImages/gr/original/DP120800.jpg,false,0.28073600,250000,,2026-04-28T14:32:46.837708+00:00
https://images.metmuseum.org/CRDImages/gr/original/DP120942.jpg,false,0.17553200,250000,,2026-04-28T14:31:57.913222+00:00
https://images.metmuseum.org/CRDImages/gr/original/DP1211.jpg,false,0.03558000,250000,,2026-04-28T14:32:27.096750+00:00
https://images.metmuseum.org/CRDImages/gr/original/DP121133.jpg,false,0.39357600,250000,,2026-04-28T14:31:38.795692+00:00
https://images.metmuseum.org/CRDImages/gr/original/DP121134.jpg,false,0.17739200,250000,,2026-04-28T14:31:39.498992+00:00
https://images.metmuseum.org/CRDImages/gr/original/DP121140.jpg,false,0.15216400,250000,,2026-04-28T14:31:39.870185+00:00
https://images.metmuseum.org/CRDImages/gr/original/DP121158.jpg,false,0.09882000,250000,,2026-04-28T14:31:54.966571+00:00
https://images.metmuseum.org/CRDImages/gr/original/DP121160.jpg,false,0.47875200,250000,,2026-04-28T14:31:55.193764+00:00
https://images.metmuseum.org/CRDImages/gr/original/DP121164.jpg,false,0.48908000,250000,,2026-04-28T14:31:55.617962+00:00
https://images.metmuseum.org/CRDImages/gr/original/DP121186.jpg,false,0.14275200,250000,,2026-04-28T14:31:56.456723+00:00
https://images.metmuseum.org/CRDImages/gr/original/DP121199.jpg,false,0.00134800,250000,,2026-04-28T14:31:42.748780+00:00
https://images.metmuseum.org/CRDImages/gr/original/DP121215.jpg,false,0.47714800,250000,,2026-04-28T14:31:49.332219+00:00
https://images.metmuseum.org/CRDImages/gr/original/DP121224.jpg,false,0.00794800,250000,,2026-04-28T14:31:51.005399+00:00
https://images.metmuseum.org/CRDImages/gr/original/DP121227.jpg,false,0.60711200,250000,,2026-04-28T14:31:51.545502+00:00
https://images.metmuseum.org/CRDImages/gr/original/DP121233.jpg,false,0.71349600,250000,,2026-04-28T14:31:52.513119+00:00
https://images.metmuseum.org/CRDImages/gr/original/DP121310.jpg,false,0.00147200,250000,,2026-04-28T14:31:53.643773+00:00
https://images.metmuseum.org/CRDImages/gr/original/DP121685.jpg,false,0.79153200,250000,,2026-04-28T14:32:26.553051+00:00
https://images.metmuseum.org/CRDImages/gr/original/DP121732.jpg,false,0.61294400,250000,,2026-04-28T14:31:29.823011+00:00
https://images.metmuseum.org/CRDImages/gr/original/DP121741.jpg,false,0.37496000,250000,,2026-04-28T14:31:33.504276+00:00
https://images.metmuseum.org/CRDImages/gr/original/DP121873.jpg,false,0.02795200,250000,,2026-04-28T14:31:59.844098+00:00
https://images.metmuseum.org/CRDImages/gr/original/DP121976.jpg,false,0.05738800,250000,,2026-04-28T14:32:41.307655+00:00
https://images.metmuseum.org/CRDImages/gr/original/DP1224.jpg,false,0.06847600,250000,,2026-04-28T14:32:13.250371+00:00
https://images.metmuseum.org/CRDImages/gr/original/DP1232.jpg,false,0.03974400,250000,,2026-04-28T14:32:47.834655+00:00
https://images.metmuseum.org/CRDImages/gr/original/DP1295.jpg,false,0.03579200,250000,,2026-04-28T14:32:20.050074+00:00
https://images.metmuseum.org/CRDImages/gr/original/DP130706.jpg,false,0.67596000,250000,,2026-04-28T14:32:17.027166+00:00
https://images.metmuseum.org/CRDImages/gr/original/DP130711.jpg,false,0.00114000,250000,,2026-04-28T14:32:17.510627+00:00
https://images.metmuseum.org/CRDImages/gr/original/DP130723.jpg,false,0.51768000,250000,,2026-04-28T14:32:28.530173+00:00
https://images.metmuseum.org/CRDImages/gr/original/DP132167.jpg,false,0.51676400,250000,,2026-04-28T14:32:08.826252+00:00
https://images.metmuseum.org/CRDImages/gr/original/DP132176.jpg,false,0.45423600,250000,,2026-04-28T14:32:38.091824+00:00
https://images.metmuseum.org/CRDImages/gr/original/DP132181.jpg,false,0.75512000,250000,,2026-04-28T14:31:57.662033+00:00
https://images.metmuseum.org/CRDImages/gr/original/DP132196.jpg,false,0.61972000,250000,,2026-04-28T14:32:04.210394+00:00
https://images.metmuseum.org/CRDImages/gr/original/DP132281.jpg,false,0.04560800,250000,,2026-04-28T14:32:00.348230+00:00
https://images.metmuseum.org/CRDImages/gr/original/DP132608.jpg,false,0.73598400,250000,,2026-04-28T14:31:29.013573+00:00
https://images.metmuseum.org/CRDImages/gr/original/DP132622.jpg,false,0.76739600,250000,,2026-04-28T14:31:43.001608+00:00
https://images.metmuseum.org/CRDImages/gr/original/DP132624.jpg,false,0.77310000,250000,,2026-04-28T14:31:45.921442+00:00
https://images.metmuseum.org/CRDImages/gr/original/DP132625.jpg,false,0.84660000,250000,,2026-04-28T14:31:48.953304+00:00
https://images.metmuseum.org/CRDImages/gr/original/DP132652.jpg,false,0.37894000,250000,,2026-04-28T14:32:30.204343+00:00
https://images.metmuseum.org/CRDImages/gr/original/DP132665.jpg,false,0.72350000,250000,,2026-04-28T14:32:31.012324+00:00
https://images.metmuseum.org/CRDImages/gr/original/DP134951.jpg,false,0.53246800,250000,,2026-04-28T14:32:34.493182+00:00
https://images.metmuseum.org/CRDImages/gr/original/DP138643.jpg,false,0.25252800,250000,,2026-04-28T14:32:21.186243+00:00
https://images.metmuseum.org/CRDImages/gr/original/DP138657.jpg,false,0.78503600,250000,,2026-04-28T14:32:02.129141+00:00
https://images.metmuseum.org/CRDImages/gr/original/DP140103.jpg,false,0.01722800,250000,,2026-04-28T14:32:05.562211+00:00
https://images.metmuseum.org/CRDImages/gr/original/DP1409.jpg,false,0.03575200,250000,,2026-04-28T14:32:40.349624+00:00
https://images.metmuseum.org/CRDImages/gr/original/DP141207.jpg,false,0.78854400,250000,,2026-04-28T14:32:29.078349+00:00
https://images.metmuseum.org/CRDImages/gr/original/DP141209.jpg,false,0.76651200,250000,,2026-04-28T14:32:28.833545+00:00
https://images.metmuseum.org/CRDImages/gr/original/DP1430.jpg,false,0.03620400,250000,,2026-04-28T14:32:20.488900+00:00
https://images.metmuseum.org/CRDImages/gr/original/DP145550.jpg,false,0.84188800,250000,,2026-04-28T14:32:36.769632+00:00
https://images.metmuseum.org/CRDImages/gr/original/DP1479.jpg,false,0.04280800,250000,,2026-04-28T14:32:44.177158+00:00
https://images.metmuseum.org/CRDImages/gr/original/DP1480.jpg,false,0.03815200,250000,,2026-04-28T14:32:44.858126+00:00
https://images.metmuseum.org/CRDImages/gr/original/DP1482.jpg,false,0.04000400,250000,,2026-04-28T14:32:45.021794+00:00
https://images.metmuseum.org/CRDImages/gr/original/DP1606.jpg,false,0.10642400,250000,,2026-04-28T14:32:46.662155+00:00
https://images.metmuseum.org/CRDImages/gr/original/DP160860.jpg,false,0.71444400,250000,,2026-04-28T14:32:20.197993+00:00
https://images.metmuseum.org/CRDImages/gr/original/DP1610.jpg,false,0.04014000,250000,,2026-04-28T14:32:45.170955+00:00
https://images.metmuseum.org/CRDImages/gr/original/DP161808.jpg,false,0.65542400,250000,,2026-04-28T14:32:10.488549+00:00
https://images.metmuseum.org/CRDImages/gr/original/DP161818.jpg,false,0.07102800,250000,,2026-04-28T14:32:16.354289+00:00
https://images.metmuseum.org/CRDImages/gr/original/DP1630.jpg,false,0.04924000,250000,,2026-04-28T14:32:46.050779+00:00
https://images.metmuseum.org/CRDImages/gr/original/DP1649.jpg,false,0.03550800,250000,,2026-04-28T14:31:58.123162+00:00
https://images.metmuseum.org/CRDImages/gr/original/DP1669.jpg,false,0.12109600,250000,,2026-04-28T14:32:46.221640+00:00
https://images.metmuseum.org/CRDImages/gr/original/DP1675.jpg,false,0.03621600,250000,,2026-04-28T14:32:05.012113+00:00
https://images.metmuseum.org/CRDImages/gr/original/DP1691.jpg,false,0.08092000,250000,,2026-04-28T14:32:15.318881+00:00
https://images.metmuseum.org/CRDImages/gr/original/DP1813.jpg,false,0.03626400,250000,,2026-04-28T14:31:58.255665+00:00
https://images.metmuseum.org/CRDImages/gr/original/DP1814.jpg,false,0.03622400,250000,,2026-04-28T14:32:39.751727+00:00
https://images.metmuseum.org/CRDImages/gr/original/DP1815.jpg,false,0.03905200,250000,,2026-04-28T14:32:36.385449+00:00
https://images.metmuseum.org/CRDImages/gr/original/DP1817.jpg,false,0.03517600,250000,,2026-04-28T14:32:05.138105+00:00
https://images.metmuseum.org/CRDImages/gr/original/DP1853.jpg,false,0.03543600,250000,,2026-04-28T14:32:44.731666+00:00
https://images.metmuseum.org/CRDImages/gr/original/DP1855.jpg,false,0.03464400,250000,,2026-04-28T14:32:01.714885+00:00
https://images.metmuseum.org/CRDImages/gr/original/DP1894.jpg,false,0.03514800,250000,,2026-04-28T14:32:29.328934+00:00
https://images.metmuseum.org/CRDImages/gr/original/DP220230.jpg,false,0.86894800,250000,,2026-04-28T14:32:15.776119+00:00
https://images.metmuseum.org/CRDImages/gr/original/DP226930.jpg,false,0.51232800,250000,,2026-04-28T14:32:30.617485+00:00
https://images.metmuseum.org/CRDImages/gr/original/DP232627.jpg,false,0.61924000,250000,,2026-04-28T14:32:14.888433+00:00
https://images.metmuseum.org/CRDImages/gr/original/DP232633.jpg,false,0.60802400,250000,,2026-04-28T14:32:38.302971+00:00
https://images.metmuseum.org/CRDImages/gr/original/DP232670.jpg,false,0.71692400,250000,,2026-04-28T14:32:33.720481+00:00
https://images.metmuseum.org/CRDImages/gr/original/DP245700.jpg,false,0.80979200,250000,,2026-04-28T14:32:28.227181+00:00
https://images.metmuseum.org/CRDImages/gr/original/DP245703.jpg,false,0.68390400,250000,,2026-04-28T14:32:32.251577+00:00
https://images.metmuseum.org/CRDImages/gr/original/DP245706.jpg,false,0.76514800,250000,,2026-04-28T14:32:44.414382+00:00
https://images.metmuseum.org/CRDImages/gr/original/DP245790.jpg,false,0.86684800,250000,,2026-04-28T14:32:02.551913+00:00
https://images.metmuseum.org/CRDImages/gr/original/DP247516.jpg,false,0.72930800,250000,,2026-04-28T14:32:08.421895+00:00
https://images.metmuseum.org/CRDImages/gr/original/DP252094.jpg,false,0.36547200,250000,,2026-04-28T14:32:06.184251+00:00
https://images.metmuseum.org/CRDImages/gr/original/DP252928.jpg,false,0.13212585,196608,,2026-04-28T14:32:04.138763+00:00
https://images.metmuseum.org/CRDImages/gr/original/DP256400.jpg,false,0.66392400,250000,,2026-04-28T14:32:15.591968+00:00
https://images.metmuseum.org/CRDImages/gr/original/DP257901.jpg,false,0.11448800,250000,,2026-04-28T14:31:47.405974+00:00
https://images.metmuseum.org/CRDImages/gr/original/DP260393.jpg,false,0.56407200,250000,,2026-04-28T14:32:50.132064+00:00
https://images.metmuseum.org/CRDImages/gr/original/DP260414.jpg,false,0.13682400,250000,,2026-04-28T14:32:48.305952+00:00
https://images.metmuseum.org/CRDImages/gr/original/DP260689.jpg,false,0.54036000,250000,,2026-04-28T14:32:43.759258+00:00
https://images.metmuseum.org/CRDImages/gr/original/DP271289.jpg,false,0.73078000,250000,,2026-04-28T14:32:47.479699+00:00
https://images.metmuseum.org/CRDImages/gr/original/DP277925.jpg,false,0.20272400,250000,,2026-04-28T14:32:16.121910+00:00
https://images.metmuseum.org/CRDImages/gr/original/DP278547.jpg,false,0.08173600,250000,,2026-04-28T14:32:49.688926+00:00
https://images.metmuseum.org/CRDImages/gr/original/DP291193.jpg,false,0.39055600,250000,,2026-04-28T14:32:33.127615+00:00
https://images.metmuseum.org/CRDImages/gr/original/DP356604.jpg,false,0.75198400,250000,,2026-04-28T14:32:31.834103+00:00
https://images.metmuseum.org/CRDImages/gr/original/DT10092.jpg,false,0.51672800,250000,,2026-04-28T14:32:46.336555+00:00
https://images.metmuseum.org/CRDImages/gr/original/DT201072.jpg,false,0.71133600,250000,,2026-04-28T14:31:56.716536+00:00
https://images.metmuseum.org/CRDImages/gr/original/DT201343.jpg,false,0.16428000,250000,,2026-04-28T14:31:54.696260+00:00
https://images.metmuseum.org/CRDImages/gr/original/DT244067.jpg,false,0.84057600,250000,,2026-04-28T14:32:14.688858+00:00
https://images.metmuseum.org/CRDImages/gr/original/DT255056.jpg,false,0.07714000,250000,,2026-04-28T14:32:14.097328+00:00
https://images.metmuseum.org/CRDImages/gr/original/DT260165.jpg,false,0.60611200,250000,,2026-04-28T14:32:21.472232+00:00
https://images.metmuseum.org/CRDImages/gr/original/DT3846.jpg,false,0.76714400,250000,,2026-04-28T14:32:48.525198+00:00
https://images.metmuseum.org/CRDImages/gr/original/DT5870.jpg,false,0.00809600,250000,,2026-04-28T14:32:48.045158+00:00
https://images.metmuseum.org/CRDImages/gr/original/GR1036.jpg,false,0.13050000,250000,,2026-04-28T14:32:32.897554+00:00
https://images.metmuseum.org/CRDImages/gr/original/GR1055.jpg,false,0.02152800,250000,,2026-04-28T14:32:16.755974+00:00
https://images.metmuseum.org/CRDImages/gr/original/GR177.jpg,false,0.01253200,250000,,2026-04-28T14:32:25.897840+00:00
https://images.metmuseum.org/CRDImages/gr/original/GR247_74.51.429.jpg,false,0.02506400,250000,,2026-04-28T14:31:26.446240+00:00
https://images.metmuseum.org/CRDImages/gr/original/GR377_74.51.541.jpg,false,0.00347200,250000,,2026-04-28T14:31:31.307198+00:00
https://images.metmuseum.org/CRDImages/gr/original/KN231f.jpg,false,0.01257600,250000,,2026-04-28T14:35:50.406947+00:00
https://images.metmuseum.org/CRDImages/gr/original/KN232.jpg,false,0.00808800,250000,,2026-04-28T14:35:50.556670+00:00
https://images.metmuseum.org/CRDImages/gr/original/LC-17_194_1819.jpg,false,0.04388400,250000,,2026-04-28T14:32:19.720691+00:00
https://images.metmuseum.org/CRDImages/gr/original/LC-17_194_850a.jpg,false,0.00062000,250000,,2026-04-28T14:32:17.995640+00:00
https://images.metmuseum.org/CRDImages/gr/original/LC-17_194_851a.jpg,false,0.04797200,250000,,2026-04-28T14:32:18.434315+00:00
https://images.metmuseum.org/CRDImages/gr/original/LC-74_51378.jpg,false,0.00525600,250000,,2026-04-28T14:31:24.305700+00:00
https://images.metmuseum.org/CRDImages/gr/original/LC-74_51401.jpg,false,0.00003600,250000,,2026-04-28T14:31:24.610814+00:00
https://images.metmuseum.org/CRDImages/gr/original/LC-74_51404.jpg,false,0.21647200,250000,,2026-04-28T14:31:25.236124+00:00
https://images.metmuseum.org/CRDImages/gr/original/LC-74_51411.jpg,false,0.01176000,250000,,2026-04-28T14:31:25.518962+00:00
https://images.metmuseum.org/CRDImages/gr/original/LC-74_51414.jpg,false,0.00008000,250000,,2026-04-28T14:31:25.889044+00:00
https://images.metmuseum.org/CRDImages/gr/original/LC-74_51_1013.jpg,false,0.08025600,250000,,2026-04-28T14:31:47.802991+00:00
https://images.metmuseum.org/CRDImages/gr/original/LC-74_51_1176.jpg,false,0.00024800,250000,,2026-04-28T14:31:50.408680+00:00
https://images.metmuseum.org/CRDImages/gr/original/LC-74_51_1203.jpg,false,0.37061200,250000,,2026-04-28T14:31:51.284444+00:00
https://images.metmuseum.org/CRDImages/gr/original/LC-74_51_423.jpg,false,0.00011200,250000,,2026-04-28T14:31:26.152018+00:00
https://images.metmuseum.org/CRDImages/gr/original/LC-74_51_462a.jpg,false,0.06344800,250000,,2026-04-28T14:31:27.048198+00:00
https://images.metmuseum.org/CRDImages/gr/original/LC-74_51_477a.jpg,false,0.14202800,250000,,2026-04-28T14:31:27.574616+00:00
https://images.metmuseum.org/CRDImages/gr/original/LC-74_51_479.jpg,false,0.28592000,250000,,2026-04-28T14:31:27.738878+00:00
https://images.metmuseum.org/CRDImages/gr/original/LC-74_51_484.jpg,false,0.34570800,250000,,2026-04-28T14:31:28.120822+00:00
https://images.metmuseum.org/CRDImages/gr/original/LC-74_51_486.jpg,false,0.14675200,250000,,2026-04-28T14:31:28.661021+00:00
https://images.metmuseum.org/CRDImages/gr/original/LC-74_51_522.jpg,false,0.26576800,250000,,2026-04-28T14:31:29.261729+00:00
https://images.metmuseum.org/CRDImages/gr/original/LC-74_51_535.jpg,false,0.36590800,250000,,2026-04-28T14:31:30.466610+00:00
https://images.metmuseum.org/CRDImages/gr/original/LC-74_51_542.jpg,false,0.02395600,250000,,2026-04-28T14:31:31.556353+00:00
https://images.metmuseum.org/CRDImages/gr/original/LC-74_51_558.jpg,false,0.08134000,250000,,2026-04-28T14:31:32.496404+00:00
https://images.metmuseum.org/CRDImages/gr/original/LC-74_51_669.jpg,false,0.18142400,250000,,2026-04-28T14:31:33.725050+00:00
https://images.metmuseum.org/CRDImages/gr/original/LC-74_51_6718-1.jpg,false,0.44472400,250000,,2026-04-28T14:41:18.900294+00:00
https://images.metmuseum.org/CRDImages/gr/original/LC-74_51_687.jpg,false,0.32451200,250000,,2026-04-28T14:31:34.042594+00:00
https://images.metmuseum.org/CRDImages/gr/original/LC-74_51_690.jpg,false,0.00184000,250000,,2026-04-28T14:31:34.376635+00:00
https://images.metmuseum.org/CRDImages/gr/original/LC-74_51_700.jpg,false,0.35550400,250000,,2026-04-28T14:31:34.624288+00:00
https://images.metmuseum.org/CRDImages/gr/original/LC-74_51_704.jpg,false,0.00391200,250000,,2026-04-28T14:31:35.974736+00:00
https://images.metmuseum.org/CRDImages/gr/original/LC-74_51_720.jpg,false,0.01545600,250000,,2026-04-28T14:31:37.485559+00:00
https://images.metmuseum.org/CRDImages/gr/original/LC-74_51_725.jpg,false,0.04792000,250000,,2026-04-28T14:31:37.821732+00:00
https://images.metmuseum.org/CRDImages/gr/original/LC-74_51_741.jpg,false,0.03946800,250000,,2026-04-28T14:31:38.297609+00:00
https://images.metmuseum.org/CRDImages/gr/original/LC-74_51_807.jpg,false,0.34972800,250000,,2026-04-28T14:31:41.589423+00:00
https://images.metmuseum.org/CRDImages/gr/original/LC-74_51_816.jpg,false,0.47622400,250000,,2026-04-28T14:31:42.310557+00:00
https://images.metmuseum.org/CRDImages/gr/original/LC-74_51_844.jpg,false,0.07301200,250000,,2026-04-28T14:31:43.248989+00:00
https://images.metmuseum.org/CRDImages/gr/original/LC-74_51_848.jpg,false,0.00041600,250000,,2026-04-28T14:31:43.763118+00:00
https://images.metmuseum.org/CRDImages/gr/original/LC-74_51_854.jpg,false,0.00151200,250000,,2026-04-28T14:31:44.704849+00:00
https://images.metmuseum.org/CRDImages/gr/original/LC-74_51_885-4.jpg,false,0.31134800,250000,,2026-04-28T14:31:45.498620+00:00
https://images.metmuseum.org/CRDImages/gr/original/LC-74_51_889.jpg,false,0.02172400,250000,,2026-04-28T14:31:45.719209+00:00
https://images.metmuseum.org/CRDImages/gr/original/LC-74_51_900.jpg,false,0.56475600,250000,,2026-04-28T14:31:46.721451+00:00
https://images.metmuseum.org/CRDImages/gr/original/LC-74_51_950.jpg,false,0.37605200,250000,,2026-04-28T14:31:46.932900+00:00
https://images.metmuseum.org/CRDImages/gr/original/LC-90_9_11.jpg,false,0.04994000,250000,,2026-04-28T14:31:58.425229+00:00
https://images.metmuseum.org/CRDImages/gr/original/LC-90_9_27.jpg,false,0.00047200,250000,,2026-04-28T14:31:58.682958+00:00
https://images.metmuseum.org/CRDImages/gr/original/LC-90_9_44.jpg,false,0.00012400,250000,,2026-04-28T14:31:59.160565+00:00
https://images.metmuseum.org/CRDImages/gr/original/LC-90_9_47d.jpg,false,0.00002400,250000,,2026-04-28T14:31:59.583183+00:00
https://images.metmuseum.org/CRDImages/gr/original/PHOTS-947-002.jpg,false,0.01848400,250000,,2026-04-28T14:32:33.387805+00:00
https://images.metmuseum.org/CRDImages/gr/original/SF06102125.jpg,false,0.03058800,250000,,2026-04-28T14:32:07.794256+00:00
https://images.metmuseum.org/CRDImages/gr/original/SF9618120.jpg,false,0.05136400,250000,,2026-04-28T14:32:05.261977+00:00
https://images.metmuseum.org/CRDImages/gr/original/sf061021201.jpg,false,0.02746000,250000,,2026-04-28T14:32:12.273344+00:00
https://images.metmuseum.org/CRDImages/gr/original/sf2188149.jpg,false,0.03548800,250000,,2026-04-28T14:32:21.628097+00:00
https://images.metmuseum.org/CRDImages/gr/original/sf249782.jpg,false,0.13492800,250000,,2026-04-28T14:32:26.312979+00:00
https://images.metmuseum.org/CRDImages/gr/original/sf41162131r.jpg,false,0.12147200,250000,,2026-04-28T14:32:34.752141+00:00
https://images.metmuseum.org/CRDImages/gr/original/sf41162257.jpg,false,0.03410800,250000,,2026-04-28T14:32:37.483176+00:00
https://images.metmuseum.org/CRDImages/gr/original/sf49944.jpg,false,0.14155200,250000,,2026-04-28T14:32:39.886237+00:00
https://images.metmuseum.org/CRDImages/gr/original/sf969121.jpg,false,0.03927600,250000,,2026-04-28T14:32:03.540213+00:00
https://images.metmuseum.org/CRDImages/gr/original/sf96996a.jpg,false,0.03531600,250000,,2026-04-28T14:32:02.840911+00:00
https://images.metmuseum.org/CRDImages/gr/original/sf96997.jpg,false,0.10167200,250000,,2026-04-28T14:32:03.238679+00:00
https://images.metmuseum.org/CRDImages/is/original/12.150.jpg,false,0.00558800,250000,,2026-04-28T14:36:00.428354+00:00
https://images.metmuseum.org/CRDImages/is/original/28705.jpg,true,1.00000000,250000,,2026-04-28T14:37:58.755934+00:00
https://images.metmuseum.org/CRDImages/is/original/29549.jpg,true,1.00000000,250000,,2026-04-28T14:36:03.330111+00:00
https://images.metmuseum.org/CRDImages/is/original/38.140.216.JPG,false,0.00000000,250000,,2026-04-28T14:37:17.668003+00:00
https://images.metmuseum.org/CRDImages/is/original/38.84.1.jpg,false,0.01001200,250000,,2026-04-28T14:37:21.043119+00:00
https://images.metmuseum.org/CRDImages/is/original/40.170.19.jpg,true,1.00000000,250000,,2026-04-28T14:37:25.863689+00:00
https://images.metmuseum.org/CRDImages/is/original/41.190.258.JPG,false,0.00967600,250000,,2026-04-28T14:37:58.899227+00:00
https://images.metmuseum.org/CRDImages/is/original/42.152.2.jpg,false,0.00977600,250000,,2026-04-28T14:37:38.221081+00:00
https://images.metmuseum.org/CRDImages/is/original/4471.jpg,true,1.00000000,250000,,2026-04-28T14:35:59.540451+00:00
https://images.metmuseum.org/CRDImages/is/original/68.223.11.JPG,false,0.00286000,250000,,2026-04-28T14:37:53.084107+00:00
https://images.metmuseum.org/CRDImages/is/original/91.1.139.JPG,false,0.00000000,250000,,2026-04-28T14:35:53.243906+00:00
https://images.metmuseum.org/CRDImages/is/original/AD-36-20.32.JPG,false,0.04774000,250000,,2026-04-28T14:37:08.682411+00:00
https://images.metmuseum.org/CRDImages/is/original/Cbasin1970.37.jpg,false,0.00209200,250000,,2026-04-28T14:37:53.677852+00:00
https://images.metmuseum.org/CRDImages/is/original/Cbottle20.120.102.jpg,false,0.00846800,250000,,2026-04-28T14:36:10.903162+00:00
https://images.metmuseum.org/CRDImages/is/original/Cbottle57.61.6.jpg,false,0.01319200,250000,,2026-04-28T14:37:48.294938+00:00
https://images.metmuseum.org/CRDImages/is/original/Cbottle67.178.4.jpg,false,0.00289600,250000,,2026-04-28T14:37:52.238836+00:00
https://images.metmuseum.org/CRDImages/is/original/Cjar61.14.jpg,false,0.00202800,250000,,2026-04-28T14:37:49.313245+00:00
https://images.metmuseum.org/CRDImages/is/original/Cjug19.105.1.jpg,false,0.00171600,250000,,2026-04-28T14:36:08.315261+00:00
https://images.metmuseum.org/CRDImages/is/original/Cjug19.68.2.jpg,false,0.00227600,250000,,2026-04-28T14:36:08.068149+00:00
https://images.metmuseum.org/CRDImages/is/original/Cjug41.165.45.jpg,false,0.00177600,250000,,2026-04-28T14:37:37.650944+00:00
https://images.metmuseum.org/CRDImages/is/original/Cjug57.51.16.jpg,false,0.00130800,250000,,2026-04-28T14:37:47.849758+00:00
https://images.metmuseum.org/CRDImages/is/original/Cjug63.157.1.jpg,false,0.00008000,250000,,2026-04-28T14:37:49.786459+00:00
https://images.metmuseum.org/CRDImages/is/original/Cvase12.72.4.jpg,false,0.01262800,250000,,2026-04-28T14:36:00.208313+00:00
https://images.metmuseum.org/CRDImages/is/original/DP-16473-011.jpg,false,0.22888000,250000,,2026-04-28T14:40:37.431925+00:00
https://images.metmuseum.org/CRDImages/is/original/DP-16473-021.jpg,false,0.66181600,250000,,2026-04-28T14:36:12.078891+00:00
https://images.metmuseum.org/CRDImages/is/original/DP-16473-031.jpg,false,0.00998800,250000,,2026-04-28T14:37:51.232480+00:00
https://images.metmuseum.org/CRDImages/is/original/DP-17251-001.jpg,false,0.00421200,250000,,2026-04-28T14:35:56.574952+00:00
https://images.metmuseum.org/CRDImages/is/original/DP-20808-001.jpg,false,0.77616400,250000,,2026-04-28T14:37:55.004773+00:00
https://images.metmuseum.org/CRDImages/is/original/DP-23433-001.jpg,false,0.11119600,250000,,2026-04-28T14:37:56.988612+00:00
https://images.metmuseum.org/CRDImages/is/original/DP-23434-001.jpg,false,0.59844000,250000,,2026-04-28T14:37:03.086814+00:00
https://images.metmuseum.org/CRDImages/is/original/DP-27502-001.jpg,false,0.14996400,250000,,2026-04-28T14:37:35.606381+00:00
https://images.metmuseum.org/CRDImages/is/original/DP-27503-001.jpg,false,0.26946800,250000,,2026-04-28T14:37:36.128332+00:00
https://images.metmuseum.org/CRDImages/is/original/DP-33621-001.jpg,false,0.00699600,250000,,2026-04-28T14:35:52.822496+00:00
https://images.metmuseum.org/CRDImages/is/original/DP-33623-001.jpg,false,0.71474800,250000,,2026-04-28T14:35:53.336867+00:00
https://images.metmuseum.org/CRDImages/is/original/DP-33628-001.jpg,false,0.78356800,250000,,2026-04-28T14:35:54.395151+00:00
https://images.metmuseum.org/CRDImages/is/original/DP-33629-001.jpg,false,0.76517600,250000,,2026-04-28T14:35:55.035292+00:00
https://images.metmuseum.org/CRDImages/is/original/DP-33636-001.jpg,false,0.24362400,250000,,2026-04-28T14:35:56.881557+00:00
https://images.metmuseum.org/CRDImages/is/original/DP-33963-001.jpg,false,0.02334800,250000,,2026-04-28T14:35:53.689272+00:00
https://images.metmuseum.org/CRDImages/is/original/DP-33965-001.jpg,false,0.82911600,250000,,2026-04-28T14:35:53.998398+00:00
https://images.metmuseum.org/CRDImages/is/original/DP-33968-002.jpg,false,0.00340000,250000,,2026-04-28T14:35:55.367854+00:00
https://images.metmuseum.org/CRDImages/is/original/DP-33972-001.jpg,false,0.00987600,250000,,2026-04-28T14:35:55.619815+00:00
https://images.metmuseum.org/CRDImages/is/original/DP-33973-001.jpg,false,0.79048000,250000,,2026-04-28T14:35:55.914490+00:00
https://images.metmuseum.org/CRDImages/is/original/DP-33976-001.jpg,false,0.36410800,250000,,2026-04-28T14:35:56.155699+00:00
https://images.metmuseum.org/CRDImages/is/original/DP-33977-001.jpg,false,0.79657600,250000,,2026-04-28T14:35:56.388141+00:00
https://images.metmuseum.org/CRDImages/is/original/DP-34210-001.jpg,false,0.00205200,250000,,2026-04-28T14:35:51.581856+00:00
https://images.metmuseum.org/CRDImages/is/original/DP-34224-001.jpg,false,0.58652000,250000,,2026-04-28T14:35:52.399017+00:00
https://images.metmuseum.org/CRDImages/is/original/DP-42067-001.jpg,false,0.17484000,250000,,2026-04-28T14:37:43.113176+00:00
https://images.metmuseum.org/CRDImages/is/original/DP105321.jpg,false,0.16706000,250000,,2026-04-28T14:36:17.877056+00:00
https://images.metmuseum.org/CRDImages/is/original/DP164443.jpg,false,0.74376400,250000,,2026-04-28T14:35:51.166257+00:00
https://images.metmuseum.org/CRDImages/is/original/DP170372.jpg,false,0.12887200,250000,,2026-04-28T14:37:00.801525+00:00
https://images.metmuseum.org/CRDImages/is/original/DP170384.jpg,false,0.15502000,250000,,2026-04-28T14:37:50.292472+00:00
https://images.metmuseum.org/CRDImages/is/original/DP195.jpg,false,0.03742800,250000,,2026-04-28T14:37:48.418780+00:00
https://images.metmuseum.org/CRDImages/is/original/DP212287.jpg,false,0.08636000,250000,,2026-04-28T14:36:14.339307+00:00
https://images.metmuseum.org/CRDImages/is/original/DP212293.jpg,false,0.04598000,250000,,2026-04-28T14:35:52.225624+00:00
https://images.metmuseum.org/CRDImages/is/original/DP214319.jpg,false,0.01318800,250000,,2026-04-28T14:37:55.705104+00:00
https://images.metmuseum.org/CRDImages/is/original/DP216060.jpg,false,0.22541600,250000,,2026-04-28T14:37:52.457114+00:00
https://images.metmuseum.org/CRDImages/is/original/DP221327.jpg,false,0.31667200,250000,,2026-04-28T14:36:02.719463+00:00
https://images.metmuseum.org/CRDImages/is/original/DP236783.JPG,false,0.18713200,250000,,2026-04-28T14:35:54.714225+00:00
https://images.metmuseum.org/CRDImages/is/original/DP247330.jpg,false,0.41830400,250000,,2026-04-28T14:37:13.998035+00:00
https://images.metmuseum.org/CRDImages/is/original/DP247336.jpg,false,0.00174000,250000,,2026-04-28T14:37:57.750084+00:00
https://images.metmuseum.org/CRDImages/is/original/DP247337.jpg,false,0.00006000,250000,,2026-04-28T14:37:46.952528+00:00
https://images.metmuseum.org/CRDImages/is/original/DP247338.jpg,false,0.76884400,250000,,2026-04-28T14:37:43.981481+00:00
https://images.metmuseum.org/CRDImages/is/original/DP247341.jpg,false,0.00182000,250000,,2026-04-28T14:37:47.563098+00:00
https://images.metmuseum.org/CRDImages/is/original/DP251979.jpg,false,0.39793200,250000,,2026-04-28T14:37:56.577578+00:00
https://images.metmuseum.org/CRDImages/is/original/DP251996.jpg,false,0.18176800,250000,,2026-04-28T14:35:51.933166+00:00
https://images.metmuseum.org/CRDImages/is/original/DP252031.jpg,false,0.63994800,250000,,2026-04-28T14:37:38.925926+00:00
https://images.metmuseum.org/CRDImages/is/original/DP258369.jpg,false,0.00000000,250000,,2026-04-28T14:36:15.398814+00:00
https://images.metmuseum.org/CRDImages/is/original/DP262921.jpg,false,0.35797200,250000,,2026-04-28T14:36:05.457128+00:00
https://images.metmuseum.org/CRDImages/is/original/DP262922.jpg,false,0.17936000,250000,,2026-04-28T14:36:06.206683+00:00
https://images.metmuseum.org/CRDImages/is/original/DP291635.jpg,false,0.23610000,250000,,2026-04-28T14:37:57.233338+00:00
https://images.metmuseum.org/CRDImages/is/original/DP299961.jpg,false,0.17813200,250000,,2026-04-28T14:37:53.358834+00:00
https://images.metmuseum.org/CRDImages/is/original/DP331843.jpg,false,0.00358000,250000,,2026-04-28T14:36:02.975121+00:00
https://images.metmuseum.org/CRDImages/is/original/DP353096.jpg,false,0.64165200,250000,,2026-04-28T14:37:59.050092+00:00
https://images.metmuseum.org/CRDImages/is/original/DP359735.jpg,false,0.04940000,250000,,2026-04-28T14:37:45.984931+00:00
https://images.metmuseum.org/CRDImages/is/original/DP370487.jpg,false,0.00847200,250000,,2026-04-28T14:37:33.825791+00:00
https://images.metmuseum.org/CRDImages/is/original/DT12010.jpg,false,0.55266800,250000,,2026-04-28T14:37:41.582481+00:00
https://images.metmuseum.org/CRDImages/is/original/DT12016.jpg,false,0.64685200,250000,,2026-04-28T14:37:42.362685+00:00
https://images.metmuseum.org/CRDImages/is/original/DT200602.jpg,false,0.59256400,250000,,2026-04-28T14:37:46.652919+00:00
https://images.metmuseum.org/CRDImages/is/original/DT5107.jpg,false,0.73030000,250000,,2026-04-28T14:37:19.249206+00:00
https://images.metmuseum.org/CRDImages/is/original/DT5920.jpg,false,0.11730800,250000,,2026-04-28T14:37:55.458779+00:00
https://images.metmuseum.org/CRDImages/is/original/ISL101.jpg,false,0.00086800,250000,,2026-04-28T14:37:42.917349+00:00
https://images.metmuseum.org/CRDImages/is/original/ISL503.jpg,false,0.00250000,250000,,2026-04-28T14:37:21.304779+00:00
https://images.metmuseum.org/CRDImages/is/original/ISL509.jpg,false,0.00016000,250000,,2026-04-28T14:37:47.172921+00:00
https://images.metmuseum.org/CRDImages/is/original/ISL510.jpg,false,0.00009200,250000,,2026-04-28T14:37:47.275481+00:00
https://images.metmuseum.org/CRDImages/is/original/ISL511.jpg,false,0.00024000,250000,,2026-04-28T14:37:47.387371+00:00
https://images.metmuseum.org/CRDImages/is/original/LC-02_5_96 side view2.jpg,,,,URL can't contain control characters. '/CRDImages/is/original/LC-02_5_96 side view2.jpg' (found at least ' '),2026-04-28T14:35:58.389803+00:00
https://images.metmuseum.org/CRDImages/is/original/LC-13_93_3.jpg,false,0.00065600,250000,,2026-04-28T14:36:00.942810+00:00
https://images.metmuseum.org/CRDImages/is/original/LC-17_120_36 photo6.jpg,,,,URL can't contain control characters. '/CRDImages/is/original/LC-17_120_36 photo6.jpg' (found at least ' '),2026-04-28T14:36:05.960460+00:00
https://images.metmuseum.org/CRDImages/is/original/LC-17_75.jpg,false,0.00023200,250000,,2026-04-28T14:36:04.895485+00:00
https://images.metmuseum.org/CRDImages/is/original/LC-2019_298d.jpg,false,0.00000000,250000,,2026-04-28T14:40:34.190766+00:00
https://images.metmuseum.org/CRDImages/is/original/LC-20_120_77.jpg,false,0.00001600,250000,,2026-04-28T14:36:09.706420+00:00
https://images.metmuseum.org/CRDImages/is/original/LC-20_120_87-view2.jpg,false,0.00000000,250000,,2026-04-28T14:36:10.295185+00:00
https://images.metmuseum.org/CRDImages/is/original/LC-22_49_2.jpg,false,0.00000000,250000,,2026-04-28T14:36:13.764587+00:00
https://images.metmuseum.org/CRDImages/is/original/LC-30_95_186.jpg,false,0.00010000,250000,,2026-04-28T14:37:58.421461+00:00
https://images.metmuseum.org/CRDImages/is/original/LC-30_95_29.jpg,false,0.00002400,250000,,2026-04-28T14:36:16.942462+00:00
https://images.metmuseum.org/CRDImages/is/original/LC-32_149.jpg,false,0.00009600,250000,,2026-04-28T14:37:01.187339+00:00
https://images.metmuseum.org/CRDImages/is/original/LC-36_20_50.jpg,false,0.00000000,250000,,2026-04-28T14:37:10.876110+00:00
https://images.metmuseum.org/CRDImages/is/original/LC-37_40_6overall.jpg,false,0.00033200,250000,,2026-04-28T14:37:12.463101+00:00
https://images.metmuseum.org/CRDImages/is/original/LC-38_40_123overall.jpg,false,0.00011200,250000,,2026-04-28T14:37:13.377569+00:00
https://images.metmuseum.org/CRDImages/is/original/LC-38_40_209.jpg,false,0.00000000,250000,,2026-04-28T14:37:15.829373+00:00
https://images.metmuseum.org/CRDImages/is/original/LC-38_40_254.jpg,false,0.00000000,250000,,2026-04-28T14:37:19.547631+00:00
https://images.metmuseum.org/CRDImages/is/original/LC-39_40_102overall.jpg,false,0.00000800,250000,,2026-04-28T14:37:23.438053+00:00
https://images.metmuseum.org/CRDImages/is/original/LC-39_40_106overalld.jpg,false,0.00011200,250000,,2026-04-28T14:37:23.994155+00:00
https://images.metmuseum.org/CRDImages/is/original/LC-39_40_25.jpg,false,0.00069600,250000,,2026-04-28T14:37:21.901017+00:00
https://images.metmuseum.org/CRDImages/is/original/LC-39_40_26.jpg,false,0.00018800,250000,,2026-04-28T14:37:22.375168+00:00
https://images.metmuseum.org/CRDImages/is/original/LC-40_170_12.jpg,false,0.00015200,250000,,2026-04-28T14:37:25.578423+00:00
https://images.metmuseum.org/CRDImages/is/original/LC-40_170_184overall.jpg,false,0.00000800,250000,,2026-04-28T14:37:28.100124+00:00
https://images.metmuseum.org/CRDImages/is/original/LC-40_170_189overall.jpg,false,0.00000000,250000,,2026-04-28T14:37:29.509762+00:00
https://images.metmuseum.org/CRDImages/is/original/LC-40_170_190overall.jpg,false,0.00000000,250000,,2026-04-28T14:37:29.846360+00:00
https://images.metmuseum.org/CRDImages/is/original/LC-40_170_194overall.jpg,false,0.00000400,250000,,2026-04-28T14:37:30.673092+00:00
https://images.metmuseum.org/CRDImages/is/original/LC-40_170_199overalle.jpg,false,0.00003200,250000,,2026-04-28T14:37:31.262292+00:00
https://images.metmuseum.org/CRDImages/is/original/LC-40_170_222overalle.jpg,false,0.00001600,250000,,2026-04-28T14:37:32.271368+00:00
https://images.metmuseum.org/CRDImages/is/original/LC-40_170_229overalld.jpg,false,0.00002800,250000,,2026-04-28T14:37:32.963427+00:00
https://images.metmuseum.org/CRDImages/is/original/LC-40_170_234-view5.jpg,false,0.00000000,250000,,2026-04-28T14:37:34.405943+00:00
https://images.metmuseum.org/CRDImages/is/original/LC-40_170_529_view2.jpg,false,0.00000000,250000,,2026-04-28T14:37:36.560313+00:00
https://images.metmuseum.org/CRDImages/is/original/LC-40_170_78.jpg,false,0.00011200,250000,,2026-04-28T14:37:27.044272+00:00
https://images.metmuseum.org/CRDImages/is/original/LC-41_165_44.jpg,false,0.00008800,250000,,2026-04-28T14:37:37.108240+00:00
https://images.metmuseum.org/CRDImages/is/original/LC-48_101_14overalld.jpg,false,0.00016000,250000,,2026-04-28T14:37:39.232299+00:00
https://images.metmuseum.org/CRDImages/is/original/LC-48_113_2.jpg,false,0.00010800,250000,,2026-04-28T14:37:39.948698+00:00
https://images.metmuseum.org/CRDImages/is/original/LC-48_113_24.jpg,false,0.00000000,250000,,2026-04-28T14:37:56.069820+00:00
https://images.metmuseum.org/CRDImages/is/original/LC-48_113_3-view2.jpg,false,0.00045200,250000,,2026-04-28T14:37:40.880628+00:00
https://images.metmuseum.org/CRDImages/is/original/LC-50_207.jpg,false,0.00004800,250000,,2026-04-28T14:37:44.649842+00:00
https://images.metmuseum.org/CRDImages/is/original/LC-53_170_1.jpg,false,0.00027600,250000,,2026-04-28T14:37:45.663685+00:00
https://images.metmuseum.org/CRDImages/is/original/LC-56_141e.jpg,false,0.01897200,250000,,2026-04-28T14:37:46.444354+00:00
https://images.metmuseum.org/CRDImages/is/original/TR.379.2013_photo_0001.jpg,false,0.08240000,250000,,2026-04-28T14:40:17.658398+00:00
https://images.metmuseum.org/CRDImages/is/original/dg-36.20.37_1.jpg,false,0.00148800,250000,,2026-04-28T14:37:09.215781+00:00
https://images.metmuseum.org/CRDImages/is/original/dg-38.40.293_1.jpg,false,0.12770000,250000,,2026-04-28T14:37:20.535719+00:00
https://images.metmuseum.org/CRDImages/is/original/dg-48.101.1_1.jpg,false,0.01268000,250000,,2026-04-28T14:37:38.601691+00:00
https://images.metmuseum.org/CRDImages/is/original/jh-38.40.218.JPG,false,0.00018400,250000,,2026-04-28T14:37:18.150998+00:00
https://images.metmuseum.org/CRDImages/is/original/sf-x-115a.jpg,false,0.02460800,250000,,2026-04-28T14:35:51.050508+00:00
https://images.metmuseum.org/CRDImages/is/original/sf02-5-16a.jpg,false,0.01468800,250000,,2026-04-28T14:35:57.562282+00:00
https://images.metmuseum.org/CRDImages/is/original/sf02-5-40a.jpg,false,0.02071200,250000,,2026-04-28T14:35:57.804803+00:00
https://images.metmuseum.org/CRDImages/is/original/sf02-5-52a.jpg,false,0.02848400,250000,,2026-04-28T14:35:57.922932+00:00
https://images.metmuseum.org/CRDImages/is/original/sf02-5-94a.jpg,false,0.09330400,250000,,2026-04-28T14:35:58.160998+00:00
https://images.metmuseum.org/CRDImages/is/original/sf08-102-6b.jpg,false,0.01470000,250000,,2026-04-28T14:35:58.721286+00:00
https://images.metmuseum.org/CRDImages/is/original/sf08-110-10a.jpg,false,0.03265200,250000,,2026-04-28T14:35:59.181243+00:00
https://images.metmuseum.org/CRDImages/is/original/sf08-110-3a.jpg,false,0.02140400,250000,,2026-04-28T14:35:58.903076+00:00
https://images.metmuseum.org/CRDImages/is/original/sf08-110-6b.jpg,false,0.00029600,250000,,2026-04-28T14:35:59.008332+00:00
https://images.metmuseum.org/CRDImages/is/original/sf08-157-1c.jpg,false,0.00052400,250000,,2026-04-28T14:35:59.406464+00:00
https://images.metmuseum.org/CRDImages/is/original/sf08-57-3a.jpg,false,0.01904400,250000,,2026-04-28T14:35:58.601172+00:00
https://images.metmuseum.org/CRDImages/is/original/sf12-222-1a.jpg,false,0.00221200,250000,,2026-04-28T14:36:00.624915+00:00
https://images.metmuseum.org/CRDImages/is/original/sf12-224-2a.jpg,false,0.11292400,250000,,2026-04-28T14:36:00.737729+00:00
https://images.metmuseum.org/CRDImages/is/original/sf12-33-2b.jpg,false,0.00622800,250000,,2026-04-28T14:36:00.084779+00:00
https://images.metmuseum.org/CRDImages/is/original/sf14-55a.jpg,false,0.00050000,250000,,2026-04-28T14:36:02.364837+00:00
https://images.metmuseum.org/CRDImages/is/original/sf15-41a.jpg,false,0.00012400,250000,,2026-04-28T14:36:03.224860+00:00
https://images.metmuseum.org/CRDImages/is/original/sf15-84-1a.jpg,false,0.00204800,250000,,2026-04-28T14:36:03.594837+00:00
https://images.metmuseum.org/CRDImages/is/original/sf16-67-1a.jpg,false,0.00197200,250000,,2026-04-28T14:36:03.694093+00:00
https://images.metmuseum.org/CRDImages/is/original/sf16-67-2a.jpg,false,0.01274000,250000,,2026-04-28T14:36:03.822055+00:00
https://images.metmuseum.org/CRDImages/is/original/sf16-67-3a.jpg,false,0.01899200,250000,,2026-04-28T14:36:03.913082+00:00
https://images.metmuseum.org/CRDImages/is/original/sf16-67-4a.jpg,false,0.07490000,250000,,2026-04-28T14:36:04.102101+00:00
https://images.metmuseum.org/CRDImages/is/original/sf16-67-5a.jpg,false,0.02226000,250000,,2026-04-28T14:36:04.210296+00:00
https://images.metmuseum.org/CRDImages/is/original/sf16-67-6a.jpg,false,0.03226000,250000,,2026-04-28T14:36:04.322300+00:00
https://images.metmuseum.org/CRDImages/is/original/sf17-120-102a.jpg,false,0.01522400,250000,,2026-04-28T14:36:07.048080+00:00
https://images.metmuseum.org/CRDImages/is/original/sf17-120-105a.jpg,false,0.08544000,250000,,2026-04-28T14:36:07.365473+00:00
https://images.metmuseum.org/CRDImages/is/original/sf17-120-183c.jpg,false,0.00324800,250000,,2026-04-28T14:36:07.491500+00:00
https://images.metmuseum.org/CRDImages/is/original/sf17-120-27a.jpg,false,0.01939200,250000,,2026-04-28T14:36:05.721145+00:00
https://images.metmuseum.org/CRDImages/is/original/sf17-120-29a.jpg,false,0.00924000,250000,,2026-04-28T14:36:07.595285+00:00
https://images.metmuseum.org/CRDImages/is/original/sf17-120-30a.jpg,false,0.00362000,250000,,2026-04-28T14:36:05.844825+00:00
https://images.metmuseum.org/CRDImages/is/original/sf17-120-44b.jpg,false,0.00178000,250000,,2026-04-28T14:36:05.967510+00:00
https://images.metmuseum.org/CRDImages/is/original/sf17-120-48a.jpg,false,0.01562400,250000,,2026-04-28T14:36:06.480548+00:00
https://images.metmuseum.org/CRDImages/is/original/sf17-120-85a.jpg,false,0.01012400,250000,,2026-04-28T14:36:06.948546+00:00
https://images.metmuseum.org/CRDImages/is/original/sf17-190-824a.jpg,false,0.00553200,250000,,2026-04-28T14:37:57.657059+00:00
https://images.metmuseum.org/CRDImages/is/original/sf17-43-3.jpg,false,0.01791600,250000,,2026-04-28T14:36:04.432497+00:00
https://images.metmuseum.org/CRDImages/is/original/sf17-43-4.jpg,false,0.00082400,250000,,2026-04-28T14:36:04.657705+00:00
https://images.metmuseum.org/CRDImages/is/original/sf17-74-1a.jpg,false,0.02905200,250000,,2026-04-28T14:36:04.795454+00:00
https://images.metmuseum.org/CRDImages/is/original/sf1971-105-2a.jpg,false,0.00724000,250000,,2026-04-28T14:37:54.066511+00:00
https://images.metmuseum.org/CRDImages/is/original/sf1974-161-4a.jpg,false,0.00108000,250000,,2026-04-28T14:37:54.260644+00:00
https://images.metmuseum.org/CRDImages/is/original/sf1974-161-9b.jpg,false,0.00632400,250000,,2026-04-28T14:37:54.400184+00:00
https://images.metmuseum.org/CRDImages/is/original/sf1974-370-13.jpg,false,0.05097600,250000,,2026-04-28T14:37:54.588334+00:00
https://images.metmuseum.org/CRDImages/is/original/sf1975-71a.jpg,false,0.01889600,250000,,2026-04-28T14:37:54.670810+00:00
https://images.metmuseum.org/CRDImages/is/original/sf1979-520a.jpg,false,0.01083600,250000,,2026-04-28T14:37:55.259751+00:00
https://images.metmuseum.org/CRDImages/is/original/sf20-102a.jpg,false,0.00048800,250000,,2026-04-28T14:36:08.514580+00:00
https://images.metmuseum.org/CRDImages/is/original/sf20-120-210a.jpg,false,0.00202000,250000,,2026-04-28T14:36:11.342520+00:00
https://images.metmuseum.org/CRDImages/is/original/sf20-120-214a.jpg,false,0.13610800,250000,,2026-04-28T14:36:11.976096+00:00
https://images.metmuseum.org/CRDImages/is/original/sf20-120-21a.jpg,false,0.00518400,250000,,2026-04-28T14:36:09.178746+00:00
https://images.metmuseum.org/CRDImages/is/original/sf20-120-225a.jpg,false,0.00785600,250000,,2026-04-28T14:36:12.878839+00:00
https://images.metmuseum.org/CRDImages/is/original/sf20-120-226a.jpg,false,0.02098400,250000,,2026-04-28T14:36:13.119619+00:00
https://images.metmuseum.org/CRDImages/is/original/sf20-120-227a.jpg,false,0.05610800,250000,,2026-04-28T14:36:13.219527+00:00
https://images.metmuseum.org/CRDImages/is/original/sf20-120-228a.jpg,false,0.02867600,250000,,2026-04-28T14:36:13.335860+00:00
https://images.metmuseum.org/CRDImages/is/original/sf20-120-229a.jpg,false,0.27895600,250000,,2026-04-28T14:36:13.529557+00:00
https://images.metmuseum.org/CRDImages/is/original/sf20-120-230a.jpg,false,0.05686000,250000,,2026-04-28T14:36:13.648448+00:00
https://images.metmuseum.org/CRDImages/is/original/sf20-120-31a.jpg,false,0.00286400,250000,,2026-04-28T14:36:09.386335+00:00
https://images.metmuseum.org/CRDImages/is/original/sf20-120-4a.jpg,false,0.00084400,250000,,2026-04-28T14:36:08.627278+00:00
https://images.metmuseum.org/CRDImages/is/original/sf20-120-68c.jpg,false,0.00461600,250000,,2026-04-28T14:36:09.595043+00:00
https://images.metmuseum.org/CRDImages/is/original/sf23-162-1a.jpg,false,0.00530400,250000,,2026-04-28T14:36:14.861900+00:00
https://images.metmuseum.org/CRDImages/is/original/sf23-98-1a.jpg,false,0.00030000,250000,,2026-04-28T14:36:14.684943+00:00
https://images.metmuseum.org/CRDImages/is/original/sf24-199a.jpg,false,0.00068800,250000,,2026-04-28T14:36:15.268571+00:00
https://images.metmuseum.org/CRDImages/is/original/sf24-85a.jpg,false,0.00963200,250000,,2026-04-28T14:36:15.167928+00:00
https://images.metmuseum.org/CRDImages/is/original/sf27-111a.jpg,false,0.01067600,250000,,2026-04-28T14:36:15.983136+00:00
https://images.metmuseum.org/CRDImages/is/original/sf27-94-27s1.JPG,false,0.00798800,250000,,2026-04-28T14:36:15.741108+00:00
https://images.metmuseum.org/CRDImages/is/original/sf28-51-1a.jpg,false,0.00606800,250000,,2026-04-28T14:36:16.217073+00:00
https://images.metmuseum.org/CRDImages/is/original/sf28-51-2a.jpg,false,0.01346000,250000,,2026-04-28T14:36:16.319740+00:00
https://images.metmuseum.org/CRDImages/is/original/sf28-66a.jpg,false,0.00464400,250000,,2026-04-28T14:36:16.420829+00:00
https://images.metmuseum.org/CRDImages/is/original/sf29-160-2a.jpg,false,0.00299600,250000,,2026-04-28T14:36:16.546008+00:00
https://images.metmuseum.org/CRDImages/is/original/sf29-160-3a.jpg,false,0.00050800,250000,,2026-04-28T14:36:16.720117+00:00
https://images.metmuseum.org/CRDImages/is/original/sf30-112-51a.jpg,false,0.00002800,250000,,2026-04-28T14:36:18.651286+00:00
https://images.metmuseum.org/CRDImages/is/original/sf30-95-151a.jpg,false,0.00502400,250000,,2026-04-28T14:36:17.554516+00:00
https://images.metmuseum.org/CRDImages/is/original/sf30-95-171a.jpg,false,0.00015600,250000,,2026-04-28T14:36:18.129997+00:00
https://images.metmuseum.org/CRDImages/is/original/sf30-95-188a.jpg,false,0.03388000,250000,,2026-04-28T14:36:18.291164+00:00
https://images.metmuseum.org/CRDImages/is/original/sf30-95-190b.jpg,false,0.02284400,250000,,2026-04-28T14:36:18.423993+00:00
https://images.metmuseum.org/CRDImages/is/original/sf30-95-28a.jpg,false,0.01335600,250000,,2026-04-28T14:36:16.818118+00:00
https://images.metmuseum.org/CRDImages/is/original/sf30-95-31c.jpg,false,0.02378000,250000,,2026-04-28T14:36:17.442586+00:00
https://images.metmuseum.org/CRDImages/is/original/sf31-15a.jpg,false,0.00290000,250000,,2026-04-28T14:37:00.583143+00:00
https://images.metmuseum.org/CRDImages/is/original/sf32-100-467a.jpg,false,0.04897200,250000,,2026-04-28T14:37:01.046509+00:00
https://images.metmuseum.org/CRDImages/is/original/sf32-150-109a.jpg,false,0.00041200,250000,,2026-04-28T14:37:03.765503+00:00
https://images.metmuseum.org/CRDImages/is/original/sf32-150-164a.jpg,false,0.01916400,250000,,2026-04-28T14:37:03.971447+00:00
https://images.metmuseum.org/CRDImages/is/original/sf32-150-82a.jpg,false,0.00035600,250000,,2026-04-28T14:37:03.596070+00:00
https://images.metmuseum.org/CRDImages/is/original/sf32-150-857a.jpg,false,0.00000000,250000,,2026-04-28T14:37:04.280535+00:00
https://images.metmuseum.org/CRDImages/is/original/sf33-175-177a.jpg,false,0.01692800,250000,,2026-04-28T14:37:06.616981+00:00
https://images.metmuseum.org/CRDImages/is/original/sf33-175-178a.jpg,false,0.02209600,250000,,2026-04-28T14:37:07.172827+00:00
https://images.metmuseum.org/CRDImages/is/original/sf33-175-2a.jpg,false,0.00018400,250000,,2026-04-28T14:37:04.495329+00:00
https://images.metmuseum.org/CRDImages/is/original/sf33-175-4a.jpg,false,0.00295200,250000,,2026-04-28T14:37:04.591837+00:00
https://images.metmuseum.org/CRDImages/is/original/sf33-175-61a.jpg,false,0.00143200,250000,,2026-04-28T14:37:04.998775+00:00
https://images.metmuseum.org/CRDImages/is/original/sf33-175-62a.jpg,false,0.00111600,250000,,2026-04-28T14:37:05.096686+00:00
https://images.metmuseum.org/CRDImages/is/original/sf33-175-68a.jpg,false,0.00213200,250000,,2026-04-28T14:37:05.308342+00:00
https://images.metmuseum.org/CRDImages/is/original/sf33-175-71a.jpg,false,0.00038400,250000,,2026-04-28T14:37:05.508905+00:00
https://images.metmuseum.org/CRDImages/is/original/sf33-175-74a.jpg,false,0.00082800,250000,,2026-04-28T14:37:05.838620+00:00
https://images.metmuseum.org/CRDImages/is/original/sf33-175-75a.jpg,false,0.01238800,250000,,2026-04-28T14:37:06.032031+00:00
https://images.metmuseum.org/CRDImages/is/original/sf33-175-76a.jpg,false,0.00932400,250000,,2026-04-28T14:37:06.132943+00:00
https://images.metmuseum.org/CRDImages/is/original/sf33-175-79a.jpg,false,0.00252000,250000,,2026-04-28T14:37:06.233767+00:00
https://images.metmuseum.org/CRDImages/is/original/sf33-175-82a.jpg,false,0.02186800,250000,,2026-04-28T14:37:06.390640+00:00
https://images.metmuseum.org/CRDImages/is/original/sf33-175-8a.jpg,false,0.00059600,250000,,2026-04-28T14:37:04.787552+00:00
https://images.metmuseum.org/CRDImages/is/original/sf34-107-46a.jpg,false,0.22950000,250000,,2026-04-28T14:37:07.407831+00:00
https://images.metmuseum.org/CRDImages/is/original/sf36-20-23a.jpg,false,0.01217600,250000,,2026-04-28T14:37:08.254111+00:00
https://images.metmuseum.org/CRDImages/is/original/sf36-20-35a.jpg,false,0.00743200,250000,,2026-04-28T14:37:08.910893+00:00
https://images.metmuseum.org/CRDImages/is/original/sf36-20-36a.jpg,false,0.00772800,250000,,2026-04-28T14:37:09.033951+00:00
https://images.metmuseum.org/CRDImages/is/original/sf36-20-39a.jpg,false,0.03042800,250000,,2026-04-28T14:37:09.356567+00:00
https://images.metmuseum.org/CRDImages/is/original/sf36-20-40a.jpg,false,0.01560000,250000,,2026-04-28T14:37:09.576370+00:00
https://images.metmuseum.org/CRDImages/is/original/sf36-20-41a.jpg,false,0.02222800,250000,,2026-04-28T14:37:10.212598+00:00
https://images.metmuseum.org/CRDImages/is/original/sf36-20-42a.jpg,false,0.00136000,250000,,2026-04-28T14:37:10.335109+00:00
https://images.metmuseum.org/CRDImages/is/original/sf36-20-48a.jpg,false,0.01196800,250000,,2026-04-28T14:37:10.781247+00:00
https://images.metmuseum.org/CRDImages/is/original/sf36-20-55a.jpg,false,0.05768400,250000,,2026-04-28T14:37:11.665603+00:00
https://images.metmuseum.org/CRDImages/is/original/sf36-20-58a.jpg,false,0.00153200,250000,,2026-04-28T14:37:11.832586+00:00
https://images.metmuseum.org/CRDImages/is/original/sf36-30-42a.jpg,false,0.00202000,250000,,2026-04-28T14:37:11.934355+00:00
https://images.metmuseum.org/CRDImages/is/original/sf37-40-5a.jpg,false,0.00512400,250000,,2026-04-28T14:37:12.347609+00:00
https://images.metmuseum.org/CRDImages/is/original/sf38-40-101a.jpg,false,0.00292400,250000,,2026-04-28T14:37:13.160330+00:00
https://images.metmuseum.org/CRDImages/is/original/sf38-40-150a.jpg,false,0.01880000,250000,,2026-04-28T14:37:14.372388+00:00
https://images.metmuseum.org/CRDImages/is/original/sf38-40-151a.jpg,false,0.06329600,250000,,2026-04-28T14:37:14.464508+00:00
https://images.metmuseum.org/CRDImages/is/original/sf38-40-152a.jpg,false,0.01591200,250000,,2026-04-28T14:37:14.546009+00:00
https://images.metmuseum.org/CRDImages/is/original/sf38-40-160a.jpg,false,0.00082400,250000,,2026-04-28T14:37:14.757743+00:00
https://images.metmuseum.org/CRDImages/is/original/sf38-40-189a.jpg,false,0.00855600,250000,,2026-04-28T14:37:14.953879+00:00
https://images.metmuseum.org/CRDImages/is/original/sf38-40-190a.jpg,false,0.03379600,250000,,2026-04-28T14:37:15.056249+00:00
https://images.metmuseum.org/CRDImages/is/original/sf38-40-192a.jpg,false,0.00156000,250000,,2026-04-28T14:37:15.261709+00:00
https://images.metmuseum.org/CRDImages/is/original/sf38-40-193a.jpg,false,0.00458400,250000,,2026-04-28T14:37:15.474756+00:00
https://images.metmuseum.org/CRDImages/is/original/sf38-40-194a.jpg,false,0.00069600,250000,,2026-04-28T14:37:15.569230+00:00
https://images.metmuseum.org/CRDImages/is/original/sf38-40-208a.jpg,false,0.00171600,250000,,2026-04-28T14:37:15.665554+00:00
https://images.metmuseum.org/CRDImages/is/original/sf38-40-210a.jpg,false,0.01213200,250000,,2026-04-28T14:37:16.377632+00:00
https://images.metmuseum.org/CRDImages/is/original/sf38-40-211a.jpg,false,0.00072000,250000,,2026-04-28T14:37:16.597523+00:00
https://images.metmuseum.org/CRDImages/is/original/sf38-40-212a.jpg,false,0.01084400,250000,,2026-04-28T14:37:16.703348+00:00
https://images.metmuseum.org/CRDImages/is/original/sf38-40-219a.jpg,false,0.01003600,250000,,2026-04-28T14:37:18.251342+00:00
https://images.metmuseum.org/CRDImages/is/original/sf38-40-220a.jpg,false,0.00108400,250000,,2026-04-28T14:37:18.433044+00:00
https://images.metmuseum.org/CRDImages/is/original/sf38-40-225a.jpg,false,0.00437600,250000,,2026-04-28T14:37:18.614271+00:00
https://images.metmuseum.org/CRDImages/is/original/sf38-40-226a.jpg,false,0.03808800,250000,,2026-04-28T14:37:18.707007+00:00
https://images.metmuseum.org/CRDImages/is/original/sf38-40-245a.jpg,false,0.00034400,250000,,2026-04-28T14:37:19.144778+00:00
https://images.metmuseum.org/CRDImages/is/original/sf38-40-276a.jpg,false,0.02050400,250000,,2026-04-28T14:37:19.769333+00:00
https://images.metmuseum.org/CRDImages/is/original/sf38-40-292a.jpg,false,0.00137600,250000,,2026-04-28T14:37:20.296001+00:00
https://images.metmuseum.org/CRDImages/is/original/sf38-40-302a.jpg,false,0.01334800,250000,,2026-04-28T14:37:20.847170+00:00
https://images.metmuseum.org/CRDImages/is/original/sf39-40-103a.jpg,false,0.02206400,250000,,2026-04-28T14:37:23.792152+00:00
https://images.metmuseum.org/CRDImages/is/original/sf39-40-105a.jpg,false,0.00487200,250000,,2026-04-28T14:37:23.904807+00:00
https://images.metmuseum.org/CRDImages/is/original/sf39-40-109a.jpg,false,0.03170400,250000,,2026-04-28T14:37:24.600115+00:00
https://images.metmuseum.org/CRDImages/is/original/sf39-40-118a.jpg,false,0.00119200,250000,,2026-04-28T14:37:24.733346+00:00
https://images.metmuseum.org/CRDImages/is/original/sf39-40-121a.jpg,false,0.06168000,250000,,2026-04-28T14:37:24.931416+00:00
https://images.metmuseum.org/CRDImages/is/original/sf39-40-128a.jpg,false,0.00746400,250000,,2026-04-28T14:37:25.093408+00:00
https://images.metmuseum.org/CRDImages/is/original/sf39-40-146a.jpg,false,0.00197600,250000,,2026-04-28T14:37:25.271726+00:00
https://images.metmuseum.org/CRDImages/is/original/sf39-40-23a.jpg,false,0.00727600,250000,,2026-04-28T14:37:21.805502+00:00
https://images.metmuseum.org/CRDImages/is/original/sf39-40-76a.jpg,false,0.00256800,250000,,2026-04-28T14:37:22.899853+00:00
https://images.metmuseum.org/CRDImages/is/original/sf39-40-90a.jpg,false,0.00822000,250000,,2026-04-28T14:37:23.136292+00:00
https://images.metmuseum.org/CRDImages/is/original/sf39-40-91a.jpg,false,0.00125200,250000,,2026-04-28T14:37:23.338060+00:00
https://images.metmuseum.org/CRDImages/is/original/sf40-170-185a.jpg,false,0.04293200,250000,,2026-04-28T14:37:29.009319+00:00
https://images.metmuseum.org/CRDImages/is/original/sf40-170-187a.jpg,false,0.00168800,250000,,2026-04-28T14:37:29.199211+00:00
https://images.metmuseum.org/CRDImages/is/original/sf40-170-188a.jpg,false,0.00053200,250000,,2026-04-28T14:37:29.280704+00:00
https://images.metmuseum.org/CRDImages/is/original/sf40-170-191a.jpg,false,0.00794800,250000,,2026-04-28T14:37:30.261771+00:00
https://images.metmuseum.org/CRDImages/is/original/sf40-170-193a.jpg,false,0.00215200,250000,,2026-04-28T14:37:30.486544+00:00
https://images.metmuseum.org/CRDImages/is/original/sf40-170-195a.jpg,false,0.00556800,250000,,2026-04-28T14:37:30.935711+00:00
https://images.metmuseum.org/CRDImages/is/original/sf40-170-198a.jpg,false,0.00372400,250000,,2026-04-28T14:37:31.027522+00:00
https://images.metmuseum.org/CRDImages/is/original/sf40-170-217a.jpg,false,0.00988000,250000,,2026-04-28T14:37:31.632556+00:00
https://images.metmuseum.org/CRDImages/is/original/sf40-170-219a.jpg,false,0.00636000,250000,,2026-04-28T14:37:31.750245+00:00
https://images.metmuseum.org/CRDImages/is/original/sf40-170-220a.jpg,false,0.01390000,250000,,2026-04-28T14:37:31.904073+00:00
https://images.metmuseum.org/CRDImages/is/original/sf40-170-221a.jpg,false,0.00141200,250000,,2026-04-28T14:37:32.073297+00:00
https://images.metmuseum.org/CRDImages/is/original/sf40-170-230.jpg,false,0.01411200,250000,,2026-04-28T14:37:33.398268+00:00
https://images.metmuseum.org/CRDImages/is/original/sf40-170-231.jpg,false,0.00000400,250000,,2026-04-28T14:37:33.623162+00:00
https://images.metmuseum.org/CRDImages/is/original/sf40-170-233.jpg,false,0.04608400,250000,,2026-04-28T14:37:34.210695+00:00
https://images.metmuseum.org/CRDImages/is/original/sf40-170-235.jpg,false,0.01508800,250000,,2026-04-28T14:37:34.958469+00:00
https://images.metmuseum.org/CRDImages/is/original/sf40-170-236.jpg,false,0.03316800,250000,,2026-04-28T14:37:35.179022+00:00
https://images.metmuseum.org/CRDImages/is/original/sf40-170-237.jpg,false,0.01307200,250000,,2026-04-28T14:37:35.379646+00:00
https://images.metmuseum.org/CRDImages/is/original/sf40-170-239.jpg,false,0.02571200,250000,,2026-04-28T14:37:35.494355+00:00
https://images.metmuseum.org/CRDImages/is/original/sf40-170-40a.jpg,false,0.11758800,250000,,2026-04-28T14:37:25.992504+00:00
https://images.metmuseum.org/CRDImages/is/original/sf40-170-48a.jpg,false,0.00162000,250000,,2026-04-28T14:37:26.097334+00:00
https://images.metmuseum.org/CRDImages/is/original/sf40-170-49a.jpg,false,0.00584800,250000,,2026-04-28T14:37:26.285233+00:00
https://images.metmuseum.org/CRDImages/is/original/sf40-170-52a.jpg,false,0.00027200,250000,,2026-04-28T14:37:26.492780+00:00
https://images.metmuseum.org/CRDImages/is/original/sf40-170-77a.jpg,false,0.01028400,250000,,2026-04-28T14:37:26.866655+00:00
https://images.metmuseum.org/CRDImages/is/original/sf40-170-79a.jpg,false,0.04547600,250000,,2026-04-28T14:37:27.611883+00:00
https://images.metmuseum.org/CRDImages/is/original/sf40-170-81a.jpg,false,0.03286000,250000,,2026-04-28T14:37:27.708078+00:00
https://images.metmuseum.org/CRDImages/is/original/sf47-85-3a.jpg,false,0.00315200,250000,,2026-04-28T14:37:38.450050+00:00
https://images.metmuseum.org/CRDImages/is/original/sf48-031a.jpg,false,0.02329200,250000,,2026-04-28T14:37:39.723971+00:00
https://images.metmuseum.org/CRDImages/is/original/sf48-113-13a.jpg,false,0.00408800,250000,,2026-04-28T14:37:42.764940+00:00
https://images.metmuseum.org/CRDImages/is/original/sf48-113-16a.jpg,false,0.02676800,250000,,2026-04-28T14:37:43.662616+00:00
https://images.metmuseum.org/CRDImages/is/original/sf48-113-17a.jpg,false,0.02821200,250000,,2026-04-28T14:37:43.818083+00:00
https://images.metmuseum.org/CRDImages/is/original/sf48-113-19a.jpg,false,0.03739600,250000,,2026-04-28T14:37:44.453335+00:00
https://images.metmuseum.org/CRDImages/is/original/sf56-185-19a.jpg,false,0.00290400,250000,,2026-04-28T14:37:47.475000+00:00
https://images.metmuseum.org/CRDImages/is/original/sf56-96a.jpg,false,0.00123200,250000,,2026-04-28T14:37:46.290520+00:00
https://images.metmuseum.org/CRDImages/is/original/sf57-61-1b.jpg,false,0.00033200,250000,,2026-04-28T14:37:47.985550+00:00
https://images.metmuseum.org/CRDImages/is/original/sf57-61-3a.jpg,false,0.02764400,250000,,2026-04-28T14:37:48.091601+00:00
https://images.metmuseum.org/CRDImages/is/original/sf60-99-2a.jpg,false,0.00154000,250000,,2026-04-28T14:37:48.692905+00:00
https://images.metmuseum.org/CRDImages/is/original/sf60-99-3a.jpg,false,0.09424400,250000,,2026-04-28T14:37:48.862725+00:00
https://images.metmuseum.org/CRDImages/is/original/sf60-99-4a.jpg,false,0.00134800,250000,,2026-04-28T14:37:48.992430+00:00
https://images.metmuseum.org/CRDImages/is/original/sf60-99-5a.jpg,false,0.02594000,250000,,2026-04-28T14:37:49.095325+00:00
https://images.metmuseum.org/CRDImages/is/original/sf60-99-6b.jpg,false,0.00092000,250000,,2026-04-28T14:37:49.188337+00:00
https://images.metmuseum.org/CRDImages/is/original/sf62-227-1a.jpg,false,0.02842800,250000,,2026-04-28T14:37:49.611965+00:00
https://images.metmuseum.org/CRDImages/is/original/sf62-227-2a.jpg,false,0.00768000,250000,,2026-04-28T14:37:49.703118+00:00
https://images.metmuseum.org/CRDImages/is/original/sf65-79a.jpg,false,0.00045600,250000,,2026-04-28T14:37:50.183212+00:00
https://images.metmuseum.org/CRDImages/is/original/sf66-107-1a.jpg,false,0.01431600,250000,,2026-04-28T14:37:50.885353+00:00
https://images.metmuseum.org/CRDImages/is/original/sf66-175-3a.jpg,false,0.00442000,250000,,2026-04-28T14:37:52.007739+00:00
https://images.metmuseum.org/CRDImages/is/original/sf66-4-5a.jpg,false,0.05736400,250000,,2026-04-28T14:37:50.683985+00:00
https://images.metmuseum.org/CRDImages/is/original/sf68-215-18a.jpg,false,0.02069600,250000,,2026-04-28T14:37:52.774131+00:00
https://images.metmuseum.org/CRDImages/is/original/sf68-29a.jpg,false,0.07899200,250000,,2026-04-28T14:37:52.360109+00:00
https://images.metmuseum.org/CRDImages/is/original/sf69-13a.jpg,false,0.00110400,250000,,2026-04-28T14:37:53.266500+00:00
https://images.metmuseum.org/CRDImages/is/original/sf74-51-5840.jpg,false,0.00956800,250000,,2026-04-28T14:35:50.832958+00:00
https://images.metmuseum.org/CRDImages/is/original/sf83-3-151.jpg,false,0.00388400,250000,,2026-04-28T14:35:51.464977+00:00
https://images.metmuseum.org/CRDImages/is/original/wb-02.5.57b.jpg,false,0.00045600,250000,,2026-04-28T14:37:56.873331+00:00
https://images.metmuseum.org/CRDImages/is/original/wb-02.5.62c.JPG,false,0.00914400,250000,,2026-04-28T14:35:58.051248+00:00
https://images.metmuseum.org/CRDImages/is/original/wb-03.8d.JPG,false,0.00116400,250000,,2026-04-28T14:35:58.397670+00:00
https://images.metmuseum.org/CRDImages/is/original/wb-17.102.81.JPG,false,0.15302400,250000,,2026-04-28T14:36:06.800257+00:00
https://images.metmuseum.org/CRDImages/is/original/wb-17.120.104.JPG,false,0.13510800,250000,,2026-04-28T14:36:07.227423+00:00
https://images.metmuseum.org/CRDImages/is/original/wb-17.120.74.JPG,false,0.09901600,250000,,2026-04-28T14:36:06.576566+00:00
https://images.metmuseum.org/CRDImages/is/original/wb-17.190.830.JPG,false,0.00236000,250000,,2026-04-28T14:36:07.839384+00:00
https://images.metmuseum.org/CRDImages/is/original/wb-19.67.JPG,false,0.00329600,250000,,2026-04-28T14:36:07.968698+00:00
https://images.metmuseum.org/CRDImages/is/original/wb-1970.38.JPG,false,0.18171200,250000,,2026-04-28T14:37:53.915090+00:00
https://images.metmuseum.org/CRDImages/is/original/wb-1978.349.JPG,false,0.00322800,250000,,2026-04-28T14:37:54.832038+00:00
https://images.metmuseum.org/CRDImages/is/original/wb-1981.88aa.JPG,false,0.00164400,250000,,2026-04-28T14:37:55.354154+00:00
https://images.metmuseum.org/CRDImages/is/original/wb-1993.434.JPG,false,0.05142000,250000,,2026-04-28T14:37:55.923637+00:00
https://images.metmuseum.org/CRDImages/is/original/wb-20.120.155.JPG,false,0.00018000,250000,,2026-04-28T14:36:11.177194+00:00
https://images.metmuseum.org/CRDImages/is/original/wb-20.120.19.JPG,false,0.02715600,250000,,2026-04-28T14:36:08.828819+00:00
https://images.metmuseum.org/CRDImages/is/original/wb-20.120.20.JPG,false,0.05402800,250000,,2026-04-28T14:36:08.990440+00:00
https://images.metmuseum.org/CRDImages/is/original/wb-20.120.211.JPG,false,0.23917200,250000,,2026-04-28T14:36:11.505610+00:00
https://images.metmuseum.org/CRDImages/is/original/wb-20.120.212.JPG,false,0.06024400,250000,,2026-04-28T14:36:11.741921+00:00
https://images.metmuseum.org/CRDImages/is/original/wb-20.120.223.JPG,false,0.14232400,250000,,2026-04-28T14:36:12.621235+00:00
https://images.metmuseum.org/CRDImages/is/original/wb-20.120.224.JPG,false,0.32434400,250000,,2026-04-28T14:36:12.753526+00:00
https://images.metmuseum.org/CRDImages/is/original/wb-20.120.55.JPG,false,0.02485200,250000,,2026-04-28T14:36:09.482102+00:00
https://images.metmuseum.org/CRDImages/is/original/wb-20.120.88.JPG,false,0.03395600,250000,,2026-04-28T14:36:10.675997+00:00
https://images.metmuseum.org/CRDImages/is/original/wb-24.47.1.JPG,false,0.01578800,250000,,2026-04-28T14:36:14.968122+00:00
https://images.metmuseum.org/CRDImages/is/original/wb-25.14.JPG,false,0.00094000,250000,,2026-04-28T14:37:58.251644+00:00
https://images.metmuseum.org/CRDImages/is/original/wb-30.112.48.JPG,false,0.15104400,250000,,2026-04-28T14:36:18.533140+00:00
https://images.metmuseum.org/CRDImages/is/original/wb-30.95.157.JPG,false,0.00032000,250000,,2026-04-28T14:36:17.728983+00:00
https://images.metmuseum.org/CRDImages/is/original/wb-30.95.161.JPG,false,0.06431600,250000,,2026-04-28T14:36:18.012891+00:00
https://images.metmuseum.org/CRDImages/is/original/wb-36.20.25.JPG,false,0.00000000,250000,,2026-04-28T14:37:08.454043+00:00
https://images.metmuseum.org/CRDImages/is/original/wb-36.20.47b.JPG,false,0.24728800,250000,,2026-04-28T14:37:10.541146+00:00
https://images.metmuseum.org/CRDImages/is/original/wb-36.20.7b.JPG,false,0.00000000,250000,,2026-04-28T14:37:07.626760+00:00
https://images.metmuseum.org/CRDImages/is/original/wb-37.40.18d.JPG,false,0.01940000,250000,,2026-04-28T14:37:12.959817+00:00
https://images.metmuseum.org/CRDImages/is/original/wb-37.40.4.JPG,false,0.00002800,250000,,2026-04-28T14:37:12.129731+00:00
https://images.metmuseum.org/CRDImages/is/original/wb-38.40.214.JPG,false,0.00371600,250000,,2026-04-28T14:37:16.876324+00:00
https://images.metmuseum.org/CRDImages/is/original/wb-38.40.236.JPG,false,0.00000000,250000,,2026-04-28T14:37:18.812401+00:00
https://images.metmuseum.org/CRDImages/is/original/wb-38.40.277.JPG,false,0.00000000,250000,,2026-04-28T14:37:19.866351+00:00
https://images.metmuseum.org/CRDImages/is/original/wb-38.40.278.JPG,false,0.00006800,250000,,2026-04-28T14:37:20.190352+00:00
https://images.metmuseum.org/CRDImages/is/original/wb-38.84.3c.JPG,false,0.26985200,250000,,2026-04-28T14:37:21.426117+00:00
https://images.metmuseum.org/CRDImages/is/original/wb-39.189.JPG,false,0.00011600,250000,,2026-04-28T14:37:25.472480+00:00
https://images.metmuseum.org/CRDImages/is/original/wb-39.40.21.JPG,false,0.00066000,250000,,2026-04-28T14:37:21.645847+00:00
https://images.metmuseum.org/CRDImages/is/original/wb-40.170.163.JPG,false,0.00649600,250000,,2026-04-28T14:37:27.874539+00:00
https://images.metmuseum.org/CRDImages/is/original/wb-40.170.53.JPG,false,0.00002800,250000,,2026-04-28T14:37:26.702699+00:00
https://images.metmuseum.org/CRDImages/is/original/wb-41.190.341.JPG,false,0.00512000,250000,,2026-04-28T14:37:58.125901+00:00
https://images.metmuseum.org/CRDImages/is/original/wb-41.199.4a.JPG,false,0.04151600,250000,,2026-04-28T14:37:38.025648+00:00
https://images.metmuseum.org/CRDImages/is/original/wb-60.39c.JPG,false,0.02367200,250000,,2026-04-28T14:37:48.575338+00:00
https://images.metmuseum.org/CRDImages/is/original/wb-64.241.1.JPG,false,0.03678400,250000,,2026-04-28T14:37:50.094674+00:00
https://images.metmuseum.org/CRDImages/is/original/wb-64.58.JPG,false,0.00327600,250000,,2026-04-28T14:37:49.969578+00:00
https://images.metmuseum.org/CRDImages/is/original/wb-66.107.7b.JPG,false,0.01171600,250000,,2026-04-28T14:37:50.965681+00:00
https://images.metmuseum.org/CRDImages/is/original/wb-66.107.9.JPG,false,0.00541600,250000,,2026-04-28T14:37:51.096199+00:00
https://images.metmuseum.org/CRDImages/is/original/wb-66.175.2c.JPG,false,0.17165200,250000,,2026-04-28T14:37:51.820201+00:00
https://images.metmuseum.org/CRDImages/is/original/wb-66.175.4cc.JPG,false,0.09811200,250000,,2026-04-28T14:37:52.091447+00:00
https://images.metmuseum.org/CRDImages/is/original/wb-66.4.9.JPG,false,0.06344400,250000,,2026-04-28T14:37:50.789089+00:00
https://images.metmuseum.org/CRDImages/is/original/wb-68.223.1.JPG,false,0.01626400,250000,,2026-04-28T14:37:52.880885+00:00
https://images.metmuseum.org/CRDImages/ma/original/22.183.1.jpg,false,0.72006400,250000,,2026-04-28T14:39:13.900938+00:00
https://images.metmuseum.org/CRDImages/ma/original/69577.jpg,true,1.00000000,250000,,2026-04-28T14:39:15.316355+00:00
https://images.metmuseum.org/CRDImages/ma/original/DP-42010-001.jpg,false,0.47298400,250000,,2026-04-28T14:39:14.147014+00:00
https://images.metmuseum.org/CRDImages/ma/original/DP-675-015.jpg,false,0.16326800,250000,,2026-04-28T14:39:15.719004+00:00
https://images.metmuseum.org/CRDImages/ma/original/DP252074.jpg,false,0.74248000,250000,,2026-04-28T14:00:39.374725+00:00
https://images.metmuseum.org/CRDImages/ma/original/DT1096.jpg,false,0.61626000,250000,,2026-04-28T14:39:14.520275+00:00
https://images.metmuseum.org/CRDImages/ma/original/DT233890.jpg,false,0.00088400,250000,,2026-04-28T14:39:15.085274+00:00
https://images.metmuseum.org/CRDImages/ma/original/sf07.110.2.jpg,true,1.00000000,250000,,2026-04-28T14:39:13.751239+00:00
https://images.metmuseum.org/CRDImages/ma/original/sf22.228.3.jpg,true,1.00000000,250000,,2026-04-28T14:39:14.073481+00:00
https://images.metmuseum.org/CRDImages/ma/original/sf23.31.4.jpg,true,1.00000000,250000,,2026-04-28T14:39:14.854134+00:00
https://images.metmuseum.org/CRDImages/ma/original/sf23.31.6.jpg,true,1.00000000,250000,,2026-04-28T14:39:14.937572+00:00
https://images.metmuseum.org/CRDImages/md/original/Cop0155s1.jpg,false,0.00753200,250000,,2026-04-28T14:39:02.195093+00:00
https://images.metmuseum.org/CRDImages/md/original/Cop0156s1.jpg,false,0.01195600,250000,,2026-04-28T14:39:02.357384+00:00
https://images.metmuseum.org/CRDImages/md/original/Cop0161s1.jpg,false,0.00765600,250000,,2026-04-28T14:39:02.587463+00:00
https://images.metmuseum.org/CRDImages/md/original/Cop0162s1.jpg,false,0.01174400,250000,,2026-04-28T14:39:02.711547+00:00
https://images.metmuseum.org/CRDImages/md/original/Cop0163s1.jpg,false,0.00782800,250000,,2026-04-28T14:39:02.968854+00:00
https://images.metmuseum.org/CRDImages/md/original/Cop0164s1.jpg,false,0.00854400,250000,,2026-04-28T14:39:03.588137+00:00
https://images.metmuseum.org/CRDImages/md/original/Cop0165s1.jpg,false,0.00845200,250000,,2026-04-28T14:39:03.725527+00:00
https://images.metmuseum.org/CRDImages/md/original/Cop0166s1.jpg,false,0.00587600,250000,,2026-04-28T14:39:04.129100+00:00
https://images.metmuseum.org/CRDImages/md/original/Cop0169s1.jpg,false,0.00616000,250000,,2026-04-28T14:39:05.443500+00:00
https://images.metmuseum.org/CRDImages/md/original/Cop0175s1.jpg,false,0.00191200,250000,,2026-04-28T14:39:05.716570+00:00
https://images.metmuseum.org/CRDImages/md/original/Cop0177s1.jpg,false,0.00313200,250000,,2026-04-28T14:39:05.862000+00:00
https://images.metmuseum.org/CRDImages/md/original/DP-139-002.jpg,false,0.57312400,250000,,2026-04-28T14:38:26.078036+00:00
https://images.metmuseum.org/CRDImages/md/original/DP-19076-001.jpg,false,0.50313600,250000,,2026-04-28T14:39:11.787791+00:00
https://images.metmuseum.org/CRDImages/md/original/DP-19080-001.jpg,false,0.43226000,250000,,2026-04-28T14:39:04.772864+00:00
https://images.metmuseum.org/CRDImages/md/original/DP-25595-002.jpg,false,0.84920400,250000,,2026-04-28T14:38:55.021909+00:00
https://images.metmuseum.org/CRDImages/md/original/DP305997.jpg,false,0.60461200,250000,,2026-04-28T14:38:38.776173+00:00
https://images.metmuseum.org/CRDImages/md/original/DP306000.jpg,false,0.74884000,250000,,2026-04-28T14:38:38.027788+00:00
https://images.metmuseum.org/CRDImages/md/original/DP306005.jpg,false,0.26802800,250000,,2026-04-28T14:38:27.332363+00:00
https://images.metmuseum.org/CRDImages/md/original/DP319612.jpg,false,0.72948400,250000,,2026-04-28T14:38:38.436953+00:00
https://images.metmuseum.org/CRDImages/md/original/DP319662.jpg,false,0.30669600,250000,,2026-04-28T14:38:36.284466+00:00
https://images.metmuseum.org/CRDImages/md/original/DP326902.jpg,false,0.24464400,250000,,2026-04-28T14:38:37.011181+00:00
https://images.metmuseum.org/CRDImages/md/original/DT217855.jpg,false,0.61445200,250000,,2026-04-28T14:38:40.110043+00:00
https://images.metmuseum.org/CRDImages/md/original/LC_tr_333_2017-s_05.jpg,false,0.00168800,250000,,2026-04-28T14:40:37.076978+00:00
https://images.metmuseum.org/CRDImages/md/original/cop0002s1.jpg,false,0.01557600,250000,,2026-04-28T14:38:55.859223+00:00
https://images.metmuseum.org/CRDImages/md/original/cop0003s1.jpg,false,0.04314000,250000,,2026-04-28T14:38:55.990223+00:00
https://images.metmuseum.org/CRDImages/md/original/cop0004s1.jpg,false,0.00487200,250000,,2026-04-28T14:38:56.139469+00:00
https://images.metmuseum.org/CRDImages/md/original/cop0005s1.jpg,false,0.00432400,250000,,2026-04-28T14:38:57.276405+00:00
https://images.metmuseum.org/CRDImages/md/original/cop0006s1.jpg,false,0.00484800,250000,,2026-04-28T14:38:57.433615+00:00
https://images.metmuseum.org/CRDImages/md/original/cop0007s1.jpg,false,0.00000000,250000,,2026-04-28T14:38:57.584881+00:00
https://images.metmuseum.org/CRDImages/md/original/cop0008s1.jpg,false,0.00007600,250000,,2026-04-28T14:38:57.810087+00:00
https://images.metmuseum.org/CRDImages/md/original/cop0009s1.jpg,false,0.00007600,250000,,2026-04-28T14:38:57.946700+00:00
https://images.metmuseum.org/CRDImages/md/original/cop0010s1.jpg,false,0.00000000,250000,,2026-04-28T14:38:58.082329+00:00
https://images.metmuseum.org/CRDImages/md/original/cop0011s1.jpg,false,0.00074000,250000,,2026-04-28T14:38:58.241301+00:00
https://images.metmuseum.org/CRDImages/md/original/cop0013s1.jpg,false,0.00000000,250000,,2026-04-28T14:38:58.436227+00:00
https://images.metmuseum.org/CRDImages/md/original/cop0014s1.jpg,false,0.00000000,250000,,2026-04-28T14:38:58.669722+00:00
https://images.metmuseum.org/CRDImages/md/original/cop0015s1.jpg,false,0.00000000,250000,,2026-04-28T14:38:58.805381+00:00
https://images.metmuseum.org/CRDImages/md/original/cop0016s1.jpg,false,0.00000800,250000,,2026-04-28T14:38:59.026194+00:00
https://images.metmuseum.org/CRDImages/md/original/cop0018s1.jpg,false,0.00979600,250000,,2026-04-28T14:38:59.161673+00:00
https://images.metmuseum.org/CRDImages/md/original/cop0019s1.jpg,false,0.00958000,250000,,2026-04-28T14:38:59.328983+00:00
https://images.metmuseum.org/CRDImages/md/original/cop0020s1.jpg,false,0.00737600,250000,,2026-04-28T14:38:59.486022+00:00
https://images.metmuseum.org/CRDImages/md/original/cop0021s1.jpg,false,0.02176400,250000,,2026-04-28T14:38:59.668664+00:00
https://images.metmuseum.org/CRDImages/md/original/cop0023s1.jpg,false,0.02487600,250000,,2026-04-28T14:38:59.804936+00:00
https://images.metmuseum.org/CRDImages/md/original/cop0024s1.jpg,false,0.03242800,250000,,2026-04-28T14:38:59.958511+00:00
https://images.metmuseum.org/CRDImages/md/original/cop0025s1.jpg,false,0.01720400,250000,,2026-04-28T14:39:00.097901+00:00
https://images.metmuseum.org/CRDImages/md/original/cop0027s1.jpg,false,0.03358800,250000,,2026-04-28T14:39:00.256063+00:00
https://images.metmuseum.org/CRDImages/md/original/cop0029s1.jpg,false,0.00990000,250000,,2026-04-28T14:39:00.444441+00:00
https://images.metmuseum.org/CRDImages/md/original/cop0034s1.jpg,false,0.02582400,250000,,2026-04-28T14:39:00.589445+00:00
https://images.metmuseum.org/CRDImages/md/original/cop0039s1.jpg,false,0.01510000,250000,,2026-04-28T14:39:00.708878+00:00
https://images.metmuseum.org/CRDImages/md/original/cop0043s1.jpg,false,0.01586800,250000,,2026-04-28T14:39:00.841793+00:00
https://images.metmuseum.org/CRDImages/md/original/cop0045s1.jpg,false,0.01778000,250000,,2026-04-28T14:39:01.015038+00:00
https://images.metmuseum.org/CRDImages/md/original/cop0048s1.jpg,false,0.02240400,250000,,2026-04-28T14:39:01.269977+00:00
https://images.metmuseum.org/CRDImages/md/original/cop0050s1.jpg,false,0.05190000,250000,,2026-04-28T14:39:01.384409+00:00
https://images.metmuseum.org/CRDImages/md/original/cop0059s1.jpg,false,0.02673600,250000,,2026-04-28T14:39:01.635790+00:00
https://images.metmuseum.org/CRDImages/md/original/cop0063s1.jpg,false,0.02036800,250000,,2026-04-28T14:39:01.792949+00:00
https://images.metmuseum.org/CRDImages/md/original/cop0067s1.jpg,false,0.13542800,250000,,2026-04-28T14:39:02.003306+00:00
https://images.metmuseum.org/CRDImages/md/original/cop0160s1.jpg,false,0.01218400,250000,,2026-04-28T14:39:03.318040+00:00
https://images.metmuseum.org/CRDImages/md/original/cop0188s1.jpg,false,0.00093600,250000,,2026-04-28T14:39:06.229834+00:00
https://images.metmuseum.org/CRDImages/md/original/cop0190s1.jpg,false,0.00053200,250000,,2026-04-28T14:39:06.575853+00:00
https://images.metmuseum.org/CRDImages/md/original/cop0191s1.jpg,false,0.00060400,250000,,2026-04-28T14:39:06.837915+00:00
https://images.metmuseum.org/CRDImages/md/original/cop0215s1.jpg,false,0.00274800,250000,,2026-04-28T14:39:07.128890+00:00
https://images.metmuseum.org/CRDImages/md/original/cop0222s1.jpg,false,0.00248400,250000,,2026-04-28T14:39:07.373482+00:00
https://images.metmuseum.org/CRDImages/md/original/cop0223s1.jpg,false,0.00353600,250000,,2026-04-28T14:39:07.624295+00:00
https://images.metmuseum.org/CRDImages/md/original/cop0244.jpg,false,0.00096000,250000,,2026-04-28T14:39:08.205494+00:00
https://images.metmuseum.org/CRDImages/md/original/cop0245.jpg,false,0.00083600,250000,,2026-04-28T14:39:08.446254+00:00
https://images.metmuseum.org/CRDImages/md/original/cop0246.jpg,false,0.00069600,250000,,2026-04-28T14:39:08.702551+00:00
https://images.metmuseum.org/CRDImages/md/original/cop0247.jpg,false,0.00148400,250000,,2026-04-28T14:39:08.910403+00:00
https://images.metmuseum.org/CRDImages/md/original/cop0388s1.jpg,false,0.02862400,250000,,2026-04-28T14:39:09.213002+00:00
https://images.metmuseum.org/CRDImages/md/original/cop0389s1.jpg,false,0.04712400,250000,,2026-04-28T14:39:10.285987+00:00
https://images.metmuseum.org/CRDImages/md/original/cop0390s1.jpg,false,0.02353200,250000,,2026-04-28T14:39:10.598797+00:00
https://images.metmuseum.org/CRDImages/md/original/cop0429s1.jpg,false,0.08098800,250000,,2026-04-28T14:39:11.062782+00:00
https://images.metmuseum.org/CRDImages/md/original/cop0442s1.jpg,false,0.04406000,250000,,2026-04-28T14:39:11.527841+00:00
https://images.metmuseum.org/CRDImages/md/original/kn323.jpg,false,0.01586400,250000,,2026-04-28T14:35:50.649558+00:00
https://images.metmuseum.org/CRDImages/md/original/sf08-110-21s1.jpg,false,0.00890400,250000,,2026-04-28T14:38:24.866492+00:00
https://images.metmuseum.org/CRDImages/md/original/sf08-110-22s1.jpg,false,0.00360400,250000,,2026-04-28T14:38:25.167270+00:00
https://images.metmuseum.org/CRDImages/md/original/sf09-194-3s4.jpg,false,0.02376000,250000,,2026-04-28T14:38:25.327927+00:00
https://images.metmuseum.org/CRDImages/md/original/sf11-163-2s7.jpg,false,0.00883600,250000,,2026-04-28T14:38:25.530935+00:00
https://images.metmuseum.org/CRDImages/md/original/sf11-163-3s7.jpg,false,0.00393600,250000,,2026-04-28T14:38:25.668683+00:00
https://images.metmuseum.org/CRDImages/md/original/sf11-163-5s4.jpg,false,0.00436000,250000,,2026-04-28T14:38:25.865257+00:00
https://images.metmuseum.org/CRDImages/md/original/sf11-76-1s1.jpg,false,0.07574400,250000,,2026-04-28T14:38:26.302270+00:00
https://images.metmuseum.org/CRDImages/md/original/sf12-129-3s7.jpg,false,0.02194800,250000,,2026-04-28T14:38:26.519443+00:00
https://images.metmuseum.org/CRDImages/md/original/sf12-135-4s1.jpg,false,0.00314000,250000,,2026-04-28T14:38:26.874718+00:00
https://images.metmuseum.org/CRDImages/md/original/sf14-1-293s1.jpg,false,0.00879600,250000,,2026-04-28T14:38:54.552156+00:00
https://images.metmuseum.org/CRDImages/md/original/sf16-154-6s7.jpg,false,0.03014800,250000,,2026-04-28T14:38:27.590720+00:00
https://images.metmuseum.org/CRDImages/md/original/sf16-154-7s1.jpg,false,0.05194000,250000,,2026-04-28T14:38:28.045997+00:00
https://images.metmuseum.org/CRDImages/md/original/sf17-190-826s1.jpg,false,0.04859200,250000,,2026-04-28T14:38:28.328540+00:00
https://images.metmuseum.org/CRDImages/md/original/sf17-194-1735s3.jpg,false,0.02666400,250000,,2026-04-28T14:38:28.935779+00:00
https://images.metmuseum.org/CRDImages/md/original/sf17-194-2183s7.jpg,false,0.03668400,250000,,2026-04-28T14:38:29.155123+00:00
https://images.metmuseum.org/CRDImages/md/original/sf17-194-2184s7.jpg,false,0.02691200,250000,,2026-04-28T14:38:29.370078+00:00
https://images.metmuseum.org/CRDImages/md/original/sf17-194-2185s7.jpg,false,0.02188400,250000,,2026-04-28T14:38:29.673927+00:00
https://images.metmuseum.org/CRDImages/md/original/sf17-194-2186s4.jpg,false,0.02170800,250000,,2026-04-28T14:38:30.023734+00:00
https://images.metmuseum.org/CRDImages/md/original/sf17-194-2187s1.jpg,false,0.03756400,250000,,2026-04-28T14:38:30.329011+00:00
https://images.metmuseum.org/CRDImages/md/original/sf17-194-2188s1.jpg,false,0.04653200,250000,,2026-04-28T14:38:30.652875+00:00
https://images.metmuseum.org/CRDImages/md/original/sf17-194-2189s1.jpg,false,0.07193200,250000,,2026-04-28T14:38:30.899054+00:00
https://images.metmuseum.org/CRDImages/md/original/sf17-194-2190s1.jpg,false,0.02370400,250000,,2026-04-28T14:38:31.250942+00:00
https://images.metmuseum.org/CRDImages/md/original/sf17-194-2191s7.jpg,false,0.02158400,250000,,2026-04-28T14:38:31.396692+00:00
https://images.metmuseum.org/CRDImages/md/original/sf17-194-2192s7.jpg,false,0.01592400,250000,,2026-04-28T14:38:31.628631+00:00
https://images.metmuseum.org/CRDImages/md/original/sf17-194-2193s7.jpg,false,0.03002400,250000,,2026-04-28T14:38:31.883472+00:00
https://images.metmuseum.org/CRDImages/md/original/sf17-194-2194s1.jpg,false,0.04453600,250000,,2026-04-28T14:38:32.196125+00:00
https://images.metmuseum.org/CRDImages/md/original/sf17-194-2195s7.jpg,false,0.02121600,250000,,2026-04-28T14:38:32.478873+00:00
https://images.metmuseum.org/CRDImages/md/original/sf17-194-2196s7.jpg,false,0.03310400,250000,,2026-04-28T14:38:32.733314+00:00
https://images.metmuseum.org/CRDImages/md/original/sf17-194-2197s3.jpg,false,0.04148000,250000,,2026-04-28T14:38:33.178325+00:00
https://images.metmuseum.org/CRDImages/md/original/sf17-194-2198s7.jpg,false,0.02072400,250000,,2026-04-28T14:38:33.464277+00:00
https://images.metmuseum.org/CRDImages/md/original/sf17-194-2199s1.jpg,false,0.02444400,250000,,2026-04-28T14:38:33.756897+00:00
https://images.metmuseum.org/CRDImages/md/original/sf17-194-2201s1.jpg,false,0.04140400,250000,,2026-04-28T14:38:33.997760+00:00
https://images.metmuseum.org/CRDImages/md/original/sf17-194-2202s1.jpg,false,0.02325600,250000,,2026-04-28T14:38:34.173369+00:00
https://images.metmuseum.org/CRDImages/md/original/sf17-194-2208s1.jpg,false,0.02434800,250000,,2026-04-28T14:38:34.368225+00:00
https://images.metmuseum.org/CRDImages/md/original/sf24-159-2s1.jpg,false,0.00142400,250000,,2026-04-28T14:38:35.811591+00:00
https://images.metmuseum.org/CRDImages/md/original/sf25-17-11s6at.jpg,false,0.02518400,250000,,2026-04-28T14:38:36.000158+00:00
https://images.metmuseum.org/CRDImages/md/original/sf41-190-113s1.jpg,false,0.00518800,250000,,2026-04-28T14:38:37.311817+00:00
https://images.metmuseum.org/CRDImages/md/original/sf41-190-225s1.jpg,false,0.00339200,250000,,2026-04-28T14:38:37.522737+00:00
https://images.metmuseum.org/CRDImages/md/original/sf41-190-226s1.jpg,false,0.00570800,250000,,2026-04-28T14:38:37.737670+00:00
https://images.metmuseum.org/CRDImages/md/original/sf46-85-6s1.jpg,false,0.01205600,250000,,2026-04-28T14:38:39.304314+00:00
https://images.metmuseum.org/CRDImages/md/original/sf46-85-7s1.jpg,false,0.01173200,250000,,2026-04-28T14:38:39.651266+00:00
https://images.metmuseum.org/CRDImages/md/original/sf46-85-8s1.jpg,false,0.05221600,250000,,2026-04-28T14:38:39.862276+00:00
https://images.metmuseum.org/CRDImages/md/original/sf49-101-6s1.jpg,false,0.05066800,250000,,2026-04-28T14:38:40.730437+00:00
https://images.metmuseum.org/CRDImages/md/original/sf52-21-1s3at.jpg,false,0.02247200,250000,,2026-04-28T14:38:47.186897+00:00
https://images.metmuseum.org/CRDImages/md/original/sf52-21-2s3.jpg,false,0.03446800,250000,,2026-04-28T14:38:40.992773+00:00
https://images.metmuseum.org/CRDImages/md/original/sf52-21-3s7.jpg,false,0.01136400,250000,,2026-04-28T14:38:41.428022+00:00
https://images.metmuseum.org/CRDImages/md/original/sf52-46-10s1.jpg,false,0.09199600,250000,,2026-04-28T14:38:42.061025+00:00
https://images.metmuseum.org/CRDImages/md/original/sf52-46-1s1.jpg,false,0.14973600,250000,,2026-04-28T14:38:41.738739+00:00
https://images.metmuseum.org/CRDImages/md/original/sf52-46-2s1.jpg,false,0.09199600,250000,,2026-04-28T14:38:42.416997+00:00
https://images.metmuseum.org/CRDImages/md/original/sf52-46-3s1.jpg,false,0.06528800,250000,,2026-04-28T14:38:42.718421+00:00
https://images.metmuseum.org/CRDImages/md/original/sf52-46-4s1.jpg,false,0.02775200,250000,,2026-04-28T14:38:43.288910+00:00
https://images.metmuseum.org/CRDImages/md/original/sf52-46-5s1.jpg,false,0.04144800,250000,,2026-04-28T14:38:43.541386+00:00
https://images.metmuseum.org/CRDImages/md/original/sf52-46-6s1.jpg,false,0.00263200,250000,,2026-04-28T14:38:44.292017+00:00
https://images.metmuseum.org/CRDImages/md/original/sf52-46-7s3.jpg,false,0.00958000,250000,,2026-04-28T14:38:44.710561+00:00
https://images.metmuseum.org/CRDImages/md/original/sf52-46-8s1.jpg,false,0.01042800,250000,,2026-04-28T14:38:45.006328+00:00
https://images.metmuseum.org/CRDImages/md/original/sf52-46-9s3.jpg,false,0.04804000,250000,,2026-04-28T14:38:45.180618+00:00
https://images.metmuseum.org/CRDImages/rl/original/1648-1.jpg,false,0.00500400,250000,,2026-04-28T14:38:10.960548+00:00
https://images.metmuseum.org/CRDImages/rl/original/1663-1.jpg,false,0.00024400,250000,,2026-04-28T14:38:22.569262+00:00
https://images.metmuseum.org/CRDImages/rl/original/1664_15.jpg,false,0.00042400,250000,,2026-04-28T14:38:12.503567+00:00
https://images.metmuseum.org/CRDImages/rl/original/1665-1.jpg,false,0.00058000,250000,,2026-04-28T14:38:11.550262+00:00
https://images.metmuseum.org/CRDImages/rl/original/1666-1.jpg,false,0.00063200,250000,,2026-04-28T14:38:11.266934+00:00
https://images.metmuseum.org/CRDImages/rl/original/1667-1.jpg,false,0.00060400,250000,,2026-04-28T14:38:11.798051+00:00
https://images.metmuseum.org/CRDImages/rl/original/1668-1.jpg,false,0.00056800,250000,,2026-04-28T14:38:20.880371+00:00
https://images.metmuseum.org/CRDImages/rl/original/1677-1.jpg,false,0.00406000,250000,,2026-04-28T14:38:22.301922+00:00
https://images.metmuseum.org/CRDImages/rl/original/1683_18.jpg,false,0.00000400,250000,,2026-04-28T14:38:19.128654+00:00
https://images.metmuseum.org/CRDImages/rl/original/1684-1.jpg,false,0.00001200,250000,,2026-04-28T14:38:21.998757+00:00
https://images.metmuseum.org/CRDImages/rl/original/1686-1.jpg,false,0.00002000,250000,,2026-04-28T14:38:16.138016+00:00
https://images.metmuseum.org/CRDImages/rl/original/1687-1.jpg,false,0.00032400,250000,,2026-04-28T14:38:23.304885+00:00
https://images.metmuseum.org/CRDImages/rl/original/1690_20 composite retouch_Original.jpg,,,,URL can't contain control characters. '/CRDImages/rl/original/1690_20 composite retouch_Original.jpg' (found at least ' '),2026-04-28T14:38:15.089917+00:00
https://images.metmuseum.org/CRDImages/rl/original/1691-1.jpg,false,0.00254400,250000,,2026-04-28T14:38:22.906984+00:00
https://images.metmuseum.org/CRDImages/rl/original/1692-1.jpg,false,0.00003600,250000,,2026-04-28T14:38:21.553523+00:00
https://images.metmuseum.org/CRDImages/rl/original/1693_24.jpg,false,0.00007200,250000,,2026-04-28T14:38:14.899039+00:00
https://images.metmuseum.org/CRDImages/rl/original/1694-1.jpg,false,0.03328000,250000,,2026-04-28T14:38:15.095978+00:00
https://images.metmuseum.org/CRDImages/rl/original/1695-1.jpg,false,0.03570400,250000,,2026-04-28T14:38:15.364254+00:00
https://images.metmuseum.org/CRDImages/rl/original/1723-1.jpg,false,0.00001200,250000,,2026-04-28T14:38:23.621697+00:00
https://images.metmuseum.org/CRDImages/rl/original/1726-1.jpg,false,0.00308000,250000,,2026-04-28T14:38:14.273385+00:00
https://images.metmuseum.org/CRDImages/rl/original/1736-1.jpg,false,0.00174800,250000,,2026-04-28T14:38:14.066821+00:00
https://images.metmuseum.org/CRDImages/rl/original/1738-1.jpg,false,0.00108800,250000,,2026-04-28T14:38:14.563193+00:00
https://images.metmuseum.org/CRDImages/rl/original/1742-1.jpg,false,0.00144000,250000,,2026-04-28T14:38:13.645059+00:00
https://images.metmuseum.org/CRDImages/rl/original/1746-1.jpg,false,0.00052000,250000,,2026-04-28T14:38:12.209128+00:00
https://images.metmuseum.org/CRDImages/rl/original/1748-1.jpg,false,0.02856400,250000,,2026-04-28T14:38:21.211751+00:00
https://images.metmuseum.org/CRDImages/rl/original/DT3435.jpg,false,0.13527200,250000,,2026-04-28T14:38:09.257507+00:00
https://images.metmuseum.org/CRDImages/rl/original/DT3446.jpg,false,0.57207600,250000,,2026-04-28T14:38:01.866217+00:00
https://images.metmuseum.org/CRDImages/rl/original/DT3452.jpg,false,0.02167600,250000,,2026-04-28T14:38:04.379147+00:00
https://images.metmuseum.org/CRDImages/rl/original/DT3460.jpg,false,0.04980800,250000,,2026-04-28T14:38:06.339428+00:00
https://images.metmuseum.org/CRDImages/rl/original/DT3461.jpg,false,0.08086000,250000,,2026-04-28T14:38:06.805099+00:00
https://images.metmuseum.org/CRDImages/rl/original/DT3470.jpg,false,0.01135200,250000,,2026-04-28T14:38:05.348910+00:00
https://images.metmuseum.org/CRDImages/rl/original/DT3471.jpg,false,0.00239600,250000,,2026-04-28T14:38:04.689566+00:00
https://images.metmuseum.org/CRDImages/rl/original/DT3472.jpg,false,0.02438000,250000,,2026-04-28T14:38:05.047000+00:00
https://images.metmuseum.org/CRDImages/rl/original/DT3473.jpg,false,0.18164400,250000,,2026-04-28T14:38:05.655280+00:00
https://images.metmuseum.org/CRDImages/rl/original/DT3474.jpg,false,0.21821600,250000,,2026-04-28T14:38:05.991492+00:00
https://images.metmuseum.org/CRDImages/rl/original/DT3475.jpg,false,0.18927600,250000,,2026-04-28T14:38:02.831730+00:00
https://images.metmuseum.org/CRDImages/rl/original/DT3476.jpg,false,0.03512000,250000,,2026-04-28T14:38:10.293997+00:00
https://images.metmuseum.org/CRDImages/rl/original/DT3477.jpg,false,0.14298800,250000,,2026-04-28T14:38:03.722718+00:00
https://images.metmuseum.org/CRDImages/rl/original/DT3484.jpg,false,0.03021600,250000,,2026-04-28T14:38:02.178198+00:00
https://images.metmuseum.org/CRDImages/rl/original/DT3486.jpg,false,0.04659200,250000,,2026-04-28T14:38:00.579859+00:00
https://images.metmuseum.org/CRDImages/rl/original/DT3488.jpg,false,0.01995600,250000,,2026-04-28T14:38:03.398769+00:00
https://images.metmuseum.org/CRDImages/rl/original/DT3491.jpg,false,0.13795200,250000,,2026-04-28T14:38:00.929743+00:00
https://images.metmuseum.org/CRDImages/rl/original/DT3493.jpg,false,0.02427600,250000,,2026-04-28T14:38:01.581366+00:00
https://images.metmuseum.org/CRDImages/rl/original/DT3494.jpg,false,0.18590800,250000,,2026-04-28T14:38:03.132781+00:00
https://images.metmuseum.org/CRDImages/rl/original/DT3496.jpg,false,0.54812800,250000,,2026-04-28T14:38:10.690364+00:00
https://images.metmuseum.org/CRDImages/rl/original/DT3499.jpg,false,0.00928400,250000,,2026-04-28T14:38:00.030357+00:00
https://images.metmuseum.org/CRDImages/rl/original/DT3500.jpg,false,0.06268800,250000,,2026-04-28T14:37:59.679722+00:00
https://images.metmuseum.org/CRDImages/rl/original/DT3502.jpg,false,0.67043200,250000,,2026-04-28T14:38:07.785689+00:00
https://images.metmuseum.org/CRDImages/rl/original/DT3548.jpg,false,0.00080800,250000,,2026-04-28T14:38:07.034882+00:00
https://images.metmuseum.org/CRDImages/rl/original/DT3550.jpg,false,0.48586000,250000,,2026-04-28T14:38:09.648362+00:00
https://images.metmuseum.org/CRDImages/rl/original/DT3552.jpg,false,0.57037200,250000,,2026-04-28T14:38:09.896271+00:00
https://images.metmuseum.org/CRDImages/rl/original/SF-1975-1-1026.jpg,false,0.15330400,250000,,2026-04-28T14:38:03.994069+00:00
https://images.metmuseum.org/CRDImages/rl/original/SF-1975-1-1029.jpg,false,0.66914800,250000,,2026-04-28T14:38:04.103693+00:00
https://images.metmuseum.org/CRDImages/rl/original/SF-1975-1-1030.jpg,false,0.53413200,250000,,2026-04-28T14:38:04.209078+00:00
https://images.metmuseum.org/CRDImages/rl/original/SF-1975-1-1050.jpg,false,0.80207600,250000,,2026-04-28T14:38:02.724065+00:00
https://images.metmuseum.org/CRDImages/rl/original/SF-1975-1-1065.jpg,false,0.07274400,250000,,2026-04-28T14:38:01.373365+00:00
https://images.metmuseum.org/CRDImages/rl/original/SF-1975-1-1069.jpg,false,0.49342800,250000,,2026-04-28T14:38:01.172608+00:00
https://images.metmuseum.org/CRDImages/rl/original/SF-1975-1-1114.jpg,false,0.02553200,250000,,2026-04-28T14:38:07.273634+00:00
https://images.metmuseum.org/CRDImages/rl/original/SF-1975-1-1138.jpg,false,0.67414800,250000,,2026-04-28T14:38:10.567500+00:00
https://images.metmuseum.org/CRDImages/rl/original/SF-1975-1-1139.jpg,true,1.00000000,250000,,2026-04-28T14:38:08.978209+00:00
https://images.metmuseum.org/CRDImages/rl/original/SF-1975-1-1140.jpg,true,1.00000000,250000,,2026-04-28T14:38:08.651091+00:00
https://images.metmuseum.org/CRDImages/rl/original/SF-1975-1-985.jpg,false,0.16425200,250000,,2026-04-28T14:38:02.603208+00:00
https://images.metmuseum.org/CRDImages/rl/original/SF-1975-1-986.jpg,false,0.20913600,250000,,2026-04-28T14:38:02.478731+00:00
https://images.metmuseum.org/CRDImages/rl/original/SF-1975-1-987.jpg,true,1.00000000,250000,,2026-04-28T14:38:08.478520+00:00
https://images.metmuseum.org/CRDImages/rl/original/SF-1975-1-991.jpg,false,0.68563600,250000,,2026-04-28T14:38:08.193931+00:00
https://images.metmuseum.org/CRDImages/rl/original/SF-1975-1-992.jpg,false,0.60739600,250000,,2026-04-28T14:38:08.323219+00:00
https://images.metmuseum.org/CRDImages/rl/original/SF-1975-1-995.jpg,false,0.05707600,250000,,2026-04-28T14:38:07.642303+00:00
https://images.metmuseum.org/CRDImages/rl/original/SF-1975-1-996.jpg,false,0.27013200,250000,,2026-04-28T14:38:07.526701+00:00
https://images.metmuseum.org/CRDImages/rl/original/SLP1616.jpg,false,0.00680000,250000,,2026-04-28T14:38:20.014621+00:00
https://images.metmuseum.org/CRDImages/rl/original/SLP1619.jpg,false,0.00186400,250000,,2026-04-28T14:38:19.410462+00:00
https://images.metmuseum.org/CRDImages/rl/original/SLP1620-1.jpg,false,0.00236800,250000,,2026-04-28T14:38:19.728265+00:00
https://images.metmuseum.org/CRDImages/rl/original/SLP1725-1.jpg,false,0.00101600,250000,,2026-04-28T14:38:13.810113+00:00
https://images.metmuseum.org/CRDImages/rl/original/SLP1737-1.jpg,false,0.06484400,250000,,2026-04-28T14:38:13.471381+00:00
https://images.metmuseum.org/CRDImages/rl/original/SLP1739-2.jpg,false,0.00652800,250000,,2026-04-28T14:38:16.690231+00:00
https://images.metmuseum.org/CRDImages/rl/original/SLP1747-1.jpg,false,0.04412000,250000,,2026-04-28T14:38:24.226953+00:00
https://images.metmuseum.org/CRDImages/rl/original/SLP1749-1.jpg,false,0.00094400,250000,,2026-04-28T14:38:23.951313+00:00
