objectID,color_kmeans_cluster,color_kmeans_k,color_kmeans_feature_version
2292,1,10,lab_slots_ab_hist_rel_v2_exclude_manual_k10
2432,1,10,lab_slots_ab_hist_rel_v2_exclude_manual_k10
2473,4,10,lab_slots_ab_hist_rel_v2_exclude_manual_k10
2539,-1,10,lab_slots_ab_hist_rel_v2_exclude_manual_k10
2635,-1,10,lab_slots_ab_hist_rel_v2_exclude_manual_k10
2636,1,10,lab_slots_ab_hist_rel_v2_exclude_manual_k10
2646,-1,10,lab_slots_ab_hist_rel_v2_exclude_manual_k10
2647,-1,10,lab_slots_ab_hist_rel_v2_exclude_manual_k10
2737,4,10,lab_slots_ab_hist_rel_v2_exclude_manual_k10
3463,-1,10,lab_slots_ab_hist_rel_v2_exclude_manual_k10
3469,-1,10,lab_slots_ab_hist_rel_v2_exclude_manual_k10
3561,-1,10,lab_slots_ab_hist_rel_v2_exclude_manual_k10
3563,-1,10,lab_slots_ab_hist_rel_v2_exclude_manual_k10
3761,-1,10,lab_slots_ab_hist_rel_v2_exclude_manual_k10
4480,-1,10,lab_slots_ab_hist_rel_v2_exclude_manual_k10
4508,-1,10,lab_slots_ab_hist_rel_v2_exclude_manual_k10
4585,3,10,lab_slots_ab_hist_rel_v2_exclude_manual_k10
4895,1,10,lab_slots_ab_hist_rel_v2_exclude_manual_k10
5397,1,10,lab_slots_ab_hist_rel_v2_exclude_manual_k10
5667,0,10,lab_slots_ab_hist_rel_v2_exclude_manual_k10
5698,1,10,lab_slots_ab_hist_rel_v2_exclude_manual_k10
5713,-1,10,lab_slots_ab_hist_rel_v2_exclude_manual_k10
5726,1,10,lab_slots_ab_hist_rel_v2_exclude_manual_k10
5732,-1,10,lab_slots_ab_hist_rel_v2_exclude_manual_k10
5737,-1,10,lab_slots_ab_hist_rel_v2_exclude_manual_k10
5762,1,10,lab_slots_ab_hist_rel_v2_exclude_manual_k10
5769,1,10,lab_slots_ab_hist_rel_v2_exclude_manual_k10
5783,1,10,lab_slots_ab_hist_rel_v2_exclude_manual_k10
5848,1,10,lab_slots_ab_hist_rel_v2_exclude_manual_k10
5850,1,10,lab_slots_ab_hist_rel_v2_exclude_manual_k10
5853,-1,10,lab_slots_ab_hist_rel_v2_exclude_manual_k10
5860,5,10,lab_slots_ab_hist_rel_v2_exclude_manual_k10
7740,-1,10,lab_slots_ab_hist_rel_v2_exclude_manual_k10
7742,-1,10,lab_slots_ab_hist_rel_v2_exclude_manual_k10
8048,1,10,lab_slots_ab_hist_rel_v2_exclude_manual_k10
8681,7,10,lab_slots_ab_hist_rel_v2_exclude_manual_k10
9179,-1,10,lab_slots_ab_hist_rel_v2_exclude_manual_k10
9180,-1,10,lab_slots_ab_hist_rel_v2_exclude_manual_k10
9199,-1,10,lab_slots_ab_hist_rel_v2_exclude_manual_k10
9202,1,10,lab_slots_ab_hist_rel_v2_exclude_manual_k10
9214,8,10,lab_slots_ab_hist_rel_v2_exclude_manual_k10
9242,-1,10,lab_slots_ab_hist_rel_v2_exclude_manual_k10
9246,-1,10,lab_slots_ab_hist_rel_v2_exclude_manual_k10
9248,-1,10,lab_slots_ab_hist_rel_v2_exclude_manual_k10
9257,-1,10,lab_slots_ab_hist_rel_v2_exclude_manual_k10
9284,-1,10,lab_slots_ab_hist_rel_v2_exclude_manual_k10
9286,-1,10,lab_slots_ab_hist_rel_v2_exclude_manual_k10
9336,-1,10,lab_slots_ab_hist_rel_v2_exclude_manual_k10
9353,4,10,lab_slots_ab_hist_rel_v2_exclude_manual_k10
9367,3,10,lab_slots_ab_hist_rel_v2_exclude_manual_k10
9386,1,10,lab_slots_ab_hist_rel_v2_exclude_manual_k10
9506,1,10,lab_slots_ab_hist_rel_v2_exclude_manual_k10
9582,1,10,lab_slots_ab_hist_rel_v2_exclude_manual_k10
9584,1,10,lab_slots_ab_hist_rel_v2_exclude_manual_k10
9752,-1,10,lab_slots_ab_hist_rel_v2_exclude_manual_k10
13455,0,10,lab_slots_ab_hist_rel_v2_exclude_manual_k10
14371,-1,10,lab_slots_ab_hist_rel_v2_exclude_manual_k10
14828,-1,10,lab_slots_ab_hist_rel_v2_exclude_manual_k10
15595,-1,10,lab_slots_ab_hist_rel_v2_exclude_manual_k10
16298,1,10,lab_slots_ab_hist_rel_v2_exclude_manual_k10
16544,5,10,lab_slots_ab_hist_rel_v2_exclude_manual_k10
17732,-1,10,lab_slots_ab_hist_rel_v2_exclude_manual_k10
18861,1,10,lab_slots_ab_hist_rel_v2_exclude_manual_k10
19001,1,10,lab_slots_ab_hist_rel_v2_exclude_manual_k10
19071,4,10,lab_slots_ab_hist_rel_v2_exclude_manual_k10
20076,-1,10,lab_slots_ab_hist_rel_v2_exclude_manual_k10
20637,4,10,lab_slots_ab_hist_rel_v2_exclude_manual_k10
20730,1,10,lab_slots_ab_hist_rel_v2_exclude_manual_k10
36446,7,10,lab_slots_ab_hist_rel_v2_exclude_manual_k10
36452,7,10,lab_slots_ab_hist_rel_v2_exclude_manual_k10
36454,5,10,lab_slots_ab_hist_rel_v2_exclude_manual_k10
37398,-1,10,lab_slots_ab_hist_rel_v2_exclude_manual_k10
37404,1,10,lab_slots_ab_hist_rel_v2_exclude_manual_k10
37407,3,10,lab_slots_ab_hist_rel_v2_exclude_manual_k10
37425,2,10,lab_slots_ab_hist_rel_v2_exclude_manual_k10
37431,-1,10,lab_slots_ab_hist_rel_v2_exclude_manual_k10
37432,-1,10,lab_slots_ab_hist_rel_v2_exclude_manual_k10
37433,-1,10,lab_slots_ab_hist_rel_v2_exclude_manual_k10
37434,-1,10,lab_slots_ab_hist_rel_v2_exclude_manual_k10
37435,-1,10,lab_slots_ab_hist_rel_v2_exclude_manual_k10
37436,-1,10,lab_slots_ab_hist_rel_v2_exclude_manual_k10
37438,-1,10,lab_slots_ab_hist_rel_v2_exclude_manual_k10
37439,5,10,lab_slots_ab_hist_rel_v2_exclude_manual_k10
37442,-1,10,lab_slots_ab_hist_rel_v2_exclude_manual_k10
37443,-1,10,lab_slots_ab_hist_rel_v2_exclude_manual_k10
37449,4,10,lab_slots_ab_hist_rel_v2_exclude_manual_k10
37450,-1,10,lab_slots_ab_hist_rel_v2_exclude_manual_k10
37454,-1,10,lab_slots_ab_hist_rel_v2_exclude_manual_k10
37455,-1,10,lab_slots_ab_hist_rel_v2_exclude_manual_k10
37457,-1,10,lab_slots_ab_hist_rel_v2_exclude_manual_k10
37458,-1,10,lab_slots_ab_hist_rel_v2_exclude_manual_k10
37475,0,10,lab_slots_ab_hist_rel_v2_exclude_manual_k10
37476,0,10,lab_slots_ab_hist_rel_v2_exclude_manual_k10
37477,0,10,lab_slots_ab_hist_rel_v2_exclude_manual_k10
37478,-1,10,lab_slots_ab_hist_rel_v2_exclude_manual_k10
37479,0,10,lab_slots_ab_hist_rel_v2_exclude_manual_k10
37482,0,10,lab_slots_ab_hist_rel_v2_exclude_manual_k10
37496,-1,10,lab_slots_ab_hist_rel_v2_exclude_manual_k10
37510,7,10,lab_slots_ab_hist_rel_v2_exclude_manual_k10
37524,-1,10,lab_slots_ab_hist_rel_v2_exclude_manual_k10
37537,-1,10,lab_slots_ab_hist_rel_v2_exclude_manual_k10
37540,-1,10,lab_slots_ab_hist_rel_v2_exclude_manual_k10
37543,-1,10,lab_slots_ab_hist_rel_v2_exclude_manual_k10
37555,5,10,lab_slots_ab_hist_rel_v2_exclude_manual_k10
37557,-1,10,lab_slots_ab_hist_rel_v2_exclude_manual_k10
37558,5,10,lab_slots_ab_hist_rel_v2_exclude_manual_k10
37563,4,10,lab_slots_ab_hist_rel_v2_exclude_manual_k10
37649,3,10,lab_slots_ab_hist_rel_v2_exclude_manual_k10
37657,-1,10,lab_slots_ab_hist_rel_v2_exclude_manual_k10
38308,-1,10,lab_slots_ab_hist_rel_v2_exclude_manual_k10
38546,0,10,lab_slots_ab_hist_rel_v2_exclude_manual_k10
39484,-1,10,lab_slots_ab_hist_rel_v2_exclude_manual_k10
39496,0,10,lab_slots_ab_hist_rel_v2_exclude_manual_k10
39500,1,10,lab_slots_ab_hist_rel_v2_exclude_manual_k10
39501,1,10,lab_slots_ab_hist_rel_v2_exclude_manual_k10
39505,1,10,lab_slots_ab_hist_rel_v2_exclude_manual_k10
39506,0,10,lab_slots_ab_hist_rel_v2_exclude_manual_k10
39510,1,10,lab_slots_ab_hist_rel_v2_exclude_manual_k10
39511,7,10,lab_slots_ab_hist_rel_v2_exclude_manual_k10
39512,1,10,lab_slots_ab_hist_rel_v2_exclude_manual_k10
39513,1,10,lab_slots_ab_hist_rel_v2_exclude_manual_k10
39520,7,10,lab_slots_ab_hist_rel_v2_exclude_manual_k10
39521,1,10,lab_slots_ab_hist_rel_v2_exclude_manual_k10
39524,-1,10,lab_slots_ab_hist_rel_v2_exclude_manual_k10
39528,5,10,lab_slots_ab_hist_rel_v2_exclude_manual_k10
39531,0,10,lab_slots_ab_hist_rel_v2_exclude_manual_k10
39559,1,10,lab_slots_ab_hist_rel_v2_exclude_manual_k10
39576,0,10,lab_slots_ab_hist_rel_v2_exclude_manual_k10
39589,1,10,lab_slots_ab_hist_rel_v2_exclude_manual_k10
39590,-1,10,lab_slots_ab_hist_rel_v2_exclude_manual_k10
39609,-1,10,lab_slots_ab_hist_rel_v2_exclude_manual_k10
39631,7,10,lab_slots_ab_hist_rel_v2_exclude_manual_k10
39666,-1,10,lab_slots_ab_hist_rel_v2_exclude_manual_k10
39885,1,10,lab_slots_ab_hist_rel_v2_exclude_manual_k10
40074,-1,10,lab_slots_ab_hist_rel_v2_exclude_manual_k10
40082,-1,10,lab_slots_ab_hist_rel_v2_exclude_manual_k10
40083,-1,10,lab_slots_ab_hist_rel_v2_exclude_manual_k10
40084,-1,10,lab_slots_ab_hist_rel_v2_exclude_manual_k10
40095,-1,10,lab_slots_ab_hist_rel_v2_exclude_manual_k10
40206,-1,10,lab_slots_ab_hist_rel_v2_exclude_manual_k10
40207,-1,10,lab_slots_ab_hist_rel_v2_exclude_manual_k10
40959,-1,10,lab_slots_ab_hist_rel_v2_exclude_manual_k10
40960,-1,10,lab_slots_ab_hist_rel_v2_exclude_manual_k10
41076,-1,10,lab_slots_ab_hist_rel_v2_exclude_manual_k10
41749,-1,10,lab_slots_ab_hist_rel_v2_exclude_manual_k10
41753,-1,10,lab_slots_ab_hist_rel_v2_exclude_manual_k10
42011,0,10,lab_slots_ab_hist_rel_v2_exclude_manual_k10
42190,-1,10,lab_slots_ab_hist_rel_v2_exclude_manual_k10
42191,-1,10,lab_slots_ab_hist_rel_v2_exclude_manual_k10
42192,-1,10,lab_slots_ab_hist_rel_v2_exclude_manual_k10
42199,-1,10,lab_slots_ab_hist_rel_v2_exclude_manual_k10
42200,-1,10,lab_slots_ab_hist_rel_v2_exclude_manual_k10
42201,-1,10,lab_slots_ab_hist_rel_v2_exclude_manual_k10
42202,-1,10,lab_slots_ab_hist_rel_v2_exclude_manual_k10
42203,-1,10,lab_slots_ab_hist_rel_v2_exclude_manual_k10
42204,-1,10,lab_slots_ab_hist_rel_v2_exclude_manual_k10
42205,-1,10,lab_slots_ab_hist_rel_v2_exclude_manual_k10
42206,-1,10,lab_slots_ab_hist_rel_v2_exclude_manual_k10
42207,-1,10,lab_slots_ab_hist_rel_v2_exclude_manual_k10
42208,1,10,lab_slots_ab_hist_rel_v2_exclude_manual_k10
42209,1,10,lab_slots_ab_hist_rel_v2_exclude_manual_k10
42211,1,10,lab_slots_ab_hist_rel_v2_exclude_manual_k10
42212,-1,10,lab_slots_ab_hist_rel_v2_exclude_manual_k10
42213,-1,10,lab_slots_ab_hist_rel_v2_exclude_manual_k10
42215,1,10,lab_slots_ab_hist_rel_v2_exclude_manual_k10
42216,-1,10,lab_slots_ab_hist_rel_v2_exclude_manual_k10
42217,-1,10,lab_slots_ab_hist_rel_v2_exclude_manual_k10
42218,-1,10,lab_slots_ab_hist_rel_v2_exclude_manual_k10
42220,-1,10,lab_slots_ab_hist_rel_v2_exclude_manual_k10
42221,-1,10,lab_slots_ab_hist_rel_v2_exclude_manual_k10
42222,-1,10,lab_slots_ab_hist_rel_v2_exclude_manual_k10
42223,-1,10,lab_slots_ab_hist_rel_v2_exclude_manual_k10
42224,-1,10,lab_slots_ab_hist_rel_v2_exclude_manual_k10
42226,5,10,lab_slots_ab_hist_rel_v2_exclude_manual_k10
42227,-1,10,lab_slots_ab_hist_rel_v2_exclude_manual_k10
42228,-1,10,lab_slots_ab_hist_rel_v2_exclude_manual_k10
42229,-1,10,lab_slots_ab_hist_rel_v2_exclude_manual_k10
42232,-1,10,lab_slots_ab_hist_rel_v2_exclude_manual_k10
42237,-1,10,lab_slots_ab_hist_rel_v2_exclude_manual_k10
42238,-1,10,lab_slots_ab_hist_rel_v2_exclude_manual_k10
42240,0,10,lab_slots_ab_hist_rel_v2_exclude_manual_k10
42241,-1,10,lab_slots_ab_hist_rel_v2_exclude_manual_k10
42242,-1,10,lab_slots_ab_hist_rel_v2_exclude_manual_k10
42243,-1,10,lab_slots_ab_hist_rel_v2_exclude_manual_k10
42246,-1,10,lab_slots_ab_hist_rel_v2_exclude_manual_k10
42247,-1,10,lab_slots_ab_hist_rel_v2_exclude_manual_k10
42248,-1,10,lab_slots_ab_hist_rel_v2_exclude_manual_k10
42249,-1,10,lab_slots_ab_hist_rel_v2_exclude_manual_k10
42250,-1,10,lab_slots_ab_hist_rel_v2_exclude_manual_k10
42251,-1,10,lab_slots_ab_hist_rel_v2_exclude_manual_k10
42253,-1,10,lab_slots_ab_hist_rel_v2_exclude_manual_k10
42254,-1,10,lab_slots_ab_hist_rel_v2_exclude_manual_k10
42255,-1,10,lab_slots_ab_hist_rel_v2_exclude_manual_k10
42256,-1,10,lab_slots_ab_hist_rel_v2_exclude_manual_k10
42257,-1,10,lab_slots_ab_hist_rel_v2_exclude_manual_k10
42265,-1,10,lab_slots_ab_hist_rel_v2_exclude_manual_k10
42267,-1,10,lab_slots_ab_hist_rel_v2_exclude_manual_k10
42268,-1,10,lab_slots_ab_hist_rel_v2_exclude_manual_k10
42272,-1,10,lab_slots_ab_hist_rel_v2_exclude_manual_k10
42278,5,10,lab_slots_ab_hist_rel_v2_exclude_manual_k10
42279,-1,10,lab_slots_ab_hist_rel_v2_exclude_manual_k10
42282,-1,10,lab_slots_ab_hist_rel_v2_exclude_manual_k10
42285,-1,10,lab_slots_ab_hist_rel_v2_exclude_manual_k10
42290,-1,10,lab_slots_ab_hist_rel_v2_exclude_manual_k10
42293,-1,10,lab_slots_ab_hist_rel_v2_exclude_manual_k10
42301,-1,10,lab_slots_ab_hist_rel_v2_exclude_manual_k10
42305,1,10,lab_slots_ab_hist_rel_v2_exclude_manual_k10
42306,1,10,lab_slots_ab_hist_rel_v2_exclude_manual_k10
42307,5,10,lab_slots_ab_hist_rel_v2_exclude_manual_k10
42308,1,10,lab_slots_ab_hist_rel_v2_exclude_manual_k10
42309,0,10,lab_slots_ab_hist_rel_v2_exclude_manual_k10
42310,1,10,lab_slots_ab_hist_rel_v2_exclude_manual_k10
42311,1,10,lab_slots_ab_hist_rel_v2_exclude_manual_k10
42312,1,10,lab_slots_ab_hist_rel_v2_exclude_manual_k10
42313,-1,10,lab_slots_ab_hist_rel_v2_exclude_manual_k10
42317,-1,10,lab_slots_ab_hist_rel_v2_exclude_manual_k10
42324,3,10,lab_slots_ab_hist_rel_v2_exclude_manual_k10
42326,-1,10,lab_slots_ab_hist_rel_v2_exclude_manual_k10
42331,0,10,lab_slots_ab_hist_rel_v2_exclude_manual_k10
42333,7,10,lab_slots_ab_hist_rel_v2_exclude_manual_k10
42336,-1,10,lab_slots_ab_hist_rel_v2_exclude_manual_k10
42337,-1,10,lab_slots_ab_hist_rel_v2_exclude_manual_k10
42338,-1,10,lab_slots_ab_hist_rel_v2_exclude_manual_k10
42341,-1,10,lab_slots_ab_hist_rel_v2_exclude_manual_k10
42350,0,10,lab_slots_ab_hist_rel_v2_exclude_manual_k10
42353,4,10,lab_slots_ab_hist_rel_v2_exclude_manual_k10
42354,-1,10,lab_slots_ab_hist_rel_v2_exclude_manual_k10
42355,-1,10,lab_slots_ab_hist_rel_v2_exclude_manual_k10
42358,-1,10,lab_slots_ab_hist_rel_v2_exclude_manual_k10
42360,-1,10,lab_slots_ab_hist_rel_v2_exclude_manual_k10
42363,-1,10,lab_slots_ab_hist_rel_v2_exclude_manual_k10
42364,-1,10,lab_slots_ab_hist_rel_v2_exclude_manual_k10
42366,5,10,lab_slots_ab_hist_rel_v2_exclude_manual_k10
42367,0,10,lab_slots_ab_hist_rel_v2_exclude_manual_k10
42368,-1,10,lab_slots_ab_hist_rel_v2_exclude_manual_k10
42369,-1,10,lab_slots_ab_hist_rel_v2_exclude_manual_k10
42370,-1,10,lab_slots_ab_hist_rel_v2_exclude_manual_k10
42376,-1,10,lab_slots_ab_hist_rel_v2_exclude_manual_k10
42377,-1,10,lab_slots_ab_hist_rel_v2_exclude_manual_k10
42378,-1,10,lab_slots_ab_hist_rel_v2_exclude_manual_k10
42389,-1,10,lab_slots_ab_hist_rel_v2_exclude_manual_k10
42391,-1,10,lab_slots_ab_hist_rel_v2_exclude_manual_k10
42393,-1,10,lab_slots_ab_hist_rel_v2_exclude_manual_k10
42394,-1,10,lab_slots_ab_hist_rel_v2_exclude_manual_k10
42397,-1,10,lab_slots_ab_hist_rel_v2_exclude_manual_k10
42400,5,10,lab_slots_ab_hist_rel_v2_exclude_manual_k10
42403,-1,10,lab_slots_ab_hist_rel_v2_exclude_manual_k10
42406,-1,10,lab_slots_ab_hist_rel_v2_exclude_manual_k10
42409,-1,10,lab_slots_ab_hist_rel_v2_exclude_manual_k10
42413,-1,10,lab_slots_ab_hist_rel_v2_exclude_manual_k10
42414,-1,10,lab_slots_ab_hist_rel_v2_exclude_manual_k10
42415,1,10,lab_slots_ab_hist_rel_v2_exclude_manual_k10
42416,-1,10,lab_slots_ab_hist_rel_v2_exclude_manual_k10
42417,-1,10,lab_slots_ab_hist_rel_v2_exclude_manual_k10
42421,4,10,lab_slots_ab_hist_rel_v2_exclude_manual_k10
42422,1,10,lab_slots_ab_hist_rel_v2_exclude_manual_k10
42424,5,10,lab_slots_ab_hist_rel_v2_exclude_manual_k10
42425,-1,10,lab_slots_ab_hist_rel_v2_exclude_manual_k10
42426,-1,10,lab_slots_ab_hist_rel_v2_exclude_manual_k10
42427,-1,10,lab_slots_ab_hist_rel_v2_exclude_manual_k10
42428,1,10,lab_slots_ab_hist_rel_v2_exclude_manual_k10
42432,-1,10,lab_slots_ab_hist_rel_v2_exclude_manual_k10
42434,7,10,lab_slots_ab_hist_rel_v2_exclude_manual_k10
42436,4,10,lab_slots_ab_hist_rel_v2_exclude_manual_k10
42438,0,10,lab_slots_ab_hist_rel_v2_exclude_manual_k10
42439,7,10,lab_slots_ab_hist_rel_v2_exclude_manual_k10
42440,0,10,lab_slots_ab_hist_rel_v2_exclude_manual_k10
42443,-1,10,lab_slots_ab_hist_rel_v2_exclude_manual_k10
42447,-1,10,lab_slots_ab_hist_rel_v2_exclude_manual_k10
42448,-1,10,lab_slots_ab_hist_rel_v2_exclude_manual_k10
42450,1,10,lab_slots_ab_hist_rel_v2_exclude_manual_k10
42464,-1,10,lab_slots_ab_hist_rel_v2_exclude_manual_k10
42468,-1,10,lab_slots_ab_hist_rel_v2_exclude_manual_k10
42469,0,10,lab_slots_ab_hist_rel_v2_exclude_manual_k10
42474,1,10,lab_slots_ab_hist_rel_v2_exclude_manual_k10
42476,-1,10,lab_slots_ab_hist_rel_v2_exclude_manual_k10
42477,-1,10,lab_slots_ab_hist_rel_v2_exclude_manual_k10
42479,7,10,lab_slots_ab_hist_rel_v2_exclude_manual_k10
42486,-1,10,lab_slots_ab_hist_rel_v2_exclude_manual_k10
42490,-1,10,lab_slots_ab_hist_rel_v2_exclude_manual_k10
42491,-1,10,lab_slots_ab_hist_rel_v2_exclude_manual_k10
42498,5,10,lab_slots_ab_hist_rel_v2_exclude_manual_k10
42505,-1,10,lab_slots_ab_hist_rel_v2_exclude_manual_k10
42506,-1,10,lab_slots_ab_hist_rel_v2_exclude_manual_k10
42510,-1,10,lab_slots_ab_hist_rel_v2_exclude_manual_k10
42511,-1,10,lab_slots_ab_hist_rel_v2_exclude_manual_k10
42522,-1,10,lab_slots_ab_hist_rel_v2_exclude_manual_k10
42537,-1,10,lab_slots_ab_hist_rel_v2_exclude_manual_k10
42540,2,10,lab_slots_ab_hist_rel_v2_exclude_manual_k10
42541,-1,10,lab_slots_ab_hist_rel_v2_exclude_manual_k10
42549,-1,10,lab_slots_ab_hist_rel_v2_exclude_manual_k10
42550,-1,10,lab_slots_ab_hist_rel_v2_exclude_manual_k10
42551,-1,10,lab_slots_ab_hist_rel_v2_exclude_manual_k10
42694,3,10,lab_slots_ab_hist_rel_v2_exclude_manual_k10
42740,-1,10,lab_slots_ab_hist_rel_v2_exclude_manual_k10
44332,-1,10,lab_slots_ab_hist_rel_v2_exclude_manual_k10
44349,-1,10,lab_slots_ab_hist_rel_v2_exclude_manual_k10
44419,2,10,lab_slots_ab_hist_rel_v2_exclude_manual_k10
44421,7,10,lab_slots_ab_hist_rel_v2_exclude_manual_k10
44422,-1,10,lab_slots_ab_hist_rel_v2_exclude_manual_k10
44423,-1,10,lab_slots_ab_hist_rel_v2_exclude_manual_k10
44424,-1,10,lab_slots_ab_hist_rel_v2_exclude_manual_k10
44426,8,10,lab_slots_ab_hist_rel_v2_exclude_manual_k10
44427,3,10,lab_slots_ab_hist_rel_v2_exclude_manual_k10
44428,3,10,lab_slots_ab_hist_rel_v2_exclude_manual_k10
44429,-1,10,lab_slots_ab_hist_rel_v2_exclude_manual_k10
44431,-1,10,lab_slots_ab_hist_rel_v2_exclude_manual_k10
44439,-1,10,lab_slots_ab_hist_rel_v2_exclude_manual_k10
44441,-1,10,lab_slots_ab_hist_rel_v2_exclude_manual_k10
44447,-1,10,lab_slots_ab_hist_rel_v2_exclude_manual_k10
44448,-1,10,lab_slots_ab_hist_rel_v2_exclude_manual_k10
44450,-1,10,lab_slots_ab_hist_rel_v2_exclude_manual_k10
44454,-1,10,lab_slots_ab_hist_rel_v2_exclude_manual_k10
44465,4,10,lab_slots_ab_hist_rel_v2_exclude_manual_k10
44467,7,10,lab_slots_ab_hist_rel_v2_exclude_manual_k10
44528,0,10,lab_slots_ab_hist_rel_v2_exclude_manual_k10
44637,4,10,lab_slots_ab_hist_rel_v2_exclude_manual_k10
44688,-1,10,lab_slots_ab_hist_rel_v2_exclude_manual_k10
44689,-1,10,lab_slots_ab_hist_rel_v2_exclude_manual_k10
44690,-1,10,lab_slots_ab_hist_rel_v2_exclude_manual_k10
44721,-1,10,lab_slots_ab_hist_rel_v2_exclude_manual_k10
44722,3,10,lab_slots_ab_hist_rel_v2_exclude_manual_k10
44724,-1,10,lab_slots_ab_hist_rel_v2_exclude_manual_k10
44725,-1,10,lab_slots_ab_hist_rel_v2_exclude_manual_k10
44726,7,10,lab_slots_ab_hist_rel_v2_exclude_manual_k10
44727,0,10,lab_slots_ab_hist_rel_v2_exclude_manual_k10
44728,-1,10,lab_slots_ab_hist_rel_v2_exclude_manual_k10
44729,-1,10,lab_slots_ab_hist_rel_v2_exclude_manual_k10
44730,-1,10,lab_slots_ab_hist_rel_v2_exclude_manual_k10
44733,0,10,lab_slots_ab_hist_rel_v2_exclude_manual_k10
44737,0,10,lab_slots_ab_hist_rel_v2_exclude_manual_k10
44738,0,10,lab_slots_ab_hist_rel_v2_exclude_manual_k10
44739,0,10,lab_slots_ab_hist_rel_v2_exclude_manual_k10
44740,-1,10,lab_slots_ab_hist_rel_v2_exclude_manual_k10
44741,-1,10,lab_slots_ab_hist_rel_v2_exclude_manual_k10
44742,-1,10,lab_slots_ab_hist_rel_v2_exclude_manual_k10
44743,-1,10,lab_slots_ab_hist_rel_v2_exclude_manual_k10
44747,-1,10,lab_slots_ab_hist_rel_v2_exclude_manual_k10
44749,-1,10,lab_slots_ab_hist_rel_v2_exclude_manual_k10
44752,-1,10,lab_slots_ab_hist_rel_v2_exclude_manual_k10
44755,-1,10,lab_slots_ab_hist_rel_v2_exclude_manual_k10
44756,-1,10,lab_slots_ab_hist_rel_v2_exclude_manual_k10
44793,-1,10,lab_slots_ab_hist_rel_v2_exclude_manual_k10
44817,7,10,lab_slots_ab_hist_rel_v2_exclude_manual_k10
44830,2,10,lab_slots_ab_hist_rel_v2_exclude_manual_k10
44862,-1,10,lab_slots_ab_hist_rel_v2_exclude_manual_k10
44907,-1,10,lab_slots_ab_hist_rel_v2_exclude_manual_k10
44953,4,10,lab_slots_ab_hist_rel_v2_exclude_manual_k10
44973,4,10,lab_slots_ab_hist_rel_v2_exclude_manual_k10
44974,0,10,lab_slots_ab_hist_rel_v2_exclude_manual_k10
44977,0,10,lab_slots_ab_hist_rel_v2_exclude_manual_k10
45205,8,10,lab_slots_ab_hist_rel_v2_exclude_manual_k10
45365,7,10,lab_slots_ab_hist_rel_v2_exclude_manual_k10
45432,1,10,lab_slots_ab_hist_rel_v2_exclude_manual_k10
45482,7,10,lab_slots_ab_hist_rel_v2_exclude_manual_k10
45484,-1,10,lab_slots_ab_hist_rel_v2_exclude_manual_k10
45527,-1,10,lab_slots_ab_hist_rel_v2_exclude_manual_k10
45529,3,10,lab_slots_ab_hist_rel_v2_exclude_manual_k10
45550,-1,10,lab_slots_ab_hist_rel_v2_exclude_manual_k10
45552,-1,10,lab_slots_ab_hist_rel_v2_exclude_manual_k10
45553,-1,10,lab_slots_ab_hist_rel_v2_exclude_manual_k10
45554,-1,10,lab_slots_ab_hist_rel_v2_exclude_manual_k10
45555,-1,10,lab_slots_ab_hist_rel_v2_exclude_manual_k10
45556,-1,10,lab_slots_ab_hist_rel_v2_exclude_manual_k10
45732,-1,10,lab_slots_ab_hist_rel_v2_exclude_manual_k10
45828,-1,10,lab_slots_ab_hist_rel_v2_exclude_manual_k10
45829,-1,10,lab_slots_ab_hist_rel_v2_exclude_manual_k10
45830,-1,10,lab_slots_ab_hist_rel_v2_exclude_manual_k10
45832,-1,10,lab_slots_ab_hist_rel_v2_exclude_manual_k10
45833,-1,10,lab_slots_ab_hist_rel_v2_exclude_manual_k10
45834,-1,10,lab_slots_ab_hist_rel_v2_exclude_manual_k10
45837,-1,10,lab_slots_ab_hist_rel_v2_exclude_manual_k10
45838,-1,10,lab_slots_ab_hist_rel_v2_exclude_manual_k10
45839,-1,10,lab_slots_ab_hist_rel_v2_exclude_manual_k10
45844,-1,10,lab_slots_ab_hist_rel_v2_exclude_manual_k10
45845,-1,10,lab_slots_ab_hist_rel_v2_exclude_manual_k10
45847,-1,10,lab_slots_ab_hist_rel_v2_exclude_manual_k10
45848,-1,10,lab_slots_ab_hist_rel_v2_exclude_manual_k10
45849,4,10,lab_slots_ab_hist_rel_v2_exclude_manual_k10
45853,-1,10,lab_slots_ab_hist_rel_v2_exclude_manual_k10
45856,-1,10,lab_slots_ab_hist_rel_v2_exclude_manual_k10
45857,0,10,lab_slots_ab_hist_rel_v2_exclude_manual_k10
45861,-1,10,lab_slots_ab_hist_rel_v2_exclude_manual_k10
45862,7,10,lab_slots_ab_hist_rel_v2_exclude_manual_k10
45863,-1,10,lab_slots_ab_hist_rel_v2_exclude_manual_k10
45864,-1,10,lab_slots_ab_hist_rel_v2_exclude_manual_k10
45868,-1,10,lab_slots_ab_hist_rel_v2_exclude_manual_k10
45871,-1,10,lab_slots_ab_hist_rel_v2_exclude_manual_k10
45872,-1,10,lab_slots_ab_hist_rel_v2_exclude_manual_k10
45873,-1,10,lab_slots_ab_hist_rel_v2_exclude_manual_k10
45879,-1,10,lab_slots_ab_hist_rel_v2_exclude_manual_k10
45880,-1,10,lab_slots_ab_hist_rel_v2_exclude_manual_k10
45882,-1,10,lab_slots_ab_hist_rel_v2_exclude_manual_k10
45883,-1,10,lab_slots_ab_hist_rel_v2_exclude_manual_k10
45886,-1,10,lab_slots_ab_hist_rel_v2_exclude_manual_k10
45889,-1,10,lab_slots_ab_hist_rel_v2_exclude_manual_k10
45891,-1,10,lab_slots_ab_hist_rel_v2_exclude_manual_k10
45893,-1,10,lab_slots_ab_hist_rel_v2_exclude_manual_k10
45894,-1,10,lab_slots_ab_hist_rel_v2_exclude_manual_k10
45895,-1,10,lab_slots_ab_hist_rel_v2_exclude_manual_k10
45896,-1,10,lab_slots_ab_hist_rel_v2_exclude_manual_k10
45900,-1,10,lab_slots_ab_hist_rel_v2_exclude_manual_k10
45904,-1,10,lab_slots_ab_hist_rel_v2_exclude_manual_k10
45907,-1,10,lab_slots_ab_hist_rel_v2_exclude_manual_k10
45908,-1,10,lab_slots_ab_hist_rel_v2_exclude_manual_k10
45909,-1,10,lab_slots_ab_hist_rel_v2_exclude_manual_k10
45912,-1,10,lab_slots_ab_hist_rel_v2_exclude_manual_k10
45913,5,10,lab_slots_ab_hist_rel_v2_exclude_manual_k10
45914,-1,10,lab_slots_ab_hist_rel_v2_exclude_manual_k10
45915,-1,10,lab_slots_ab_hist_rel_v2_exclude_manual_k10
45917,-1,10,lab_slots_ab_hist_rel_v2_exclude_manual_k10
45918,3,10,lab_slots_ab_hist_rel_v2_exclude_manual_k10
45919,-1,10,lab_slots_ab_hist_rel_v2_exclude_manual_k10
45923,-1,10,lab_slots_ab_hist_rel_v2_exclude_manual_k10
45929,-1,10,lab_slots_ab_hist_rel_v2_exclude_manual_k10
45930,-1,10,lab_slots_ab_hist_rel_v2_exclude_manual_k10
45932,-1,10,lab_slots_ab_hist_rel_v2_exclude_manual_k10
45934,-1,10,lab_slots_ab_hist_rel_v2_exclude_manual_k10
45937,-1,10,lab_slots_ab_hist_rel_v2_exclude_manual_k10
45938,-1,10,lab_slots_ab_hist_rel_v2_exclude_manual_k10
45939,-1,10,lab_slots_ab_hist_rel_v2_exclude_manual_k10
45959,-1,10,lab_slots_ab_hist_rel_v2_exclude_manual_k10
45962,-1,10,lab_slots_ab_hist_rel_v2_exclude_manual_k10
45964,-1,10,lab_slots_ab_hist_rel_v2_exclude_manual_k10
45965,-1,10,lab_slots_ab_hist_rel_v2_exclude_manual_k10
45967,7,10,lab_slots_ab_hist_rel_v2_exclude_manual_k10
45970,-1,10,lab_slots_ab_hist_rel_v2_exclude_manual_k10
45972,-1,10,lab_slots_ab_hist_rel_v2_exclude_manual_k10
45974,-1,10,lab_slots_ab_hist_rel_v2_exclude_manual_k10
45977,-1,10,lab_slots_ab_hist_rel_v2_exclude_manual_k10
45979,7,10,lab_slots_ab_hist_rel_v2_exclude_manual_k10
45984,-1,10,lab_slots_ab_hist_rel_v2_exclude_manual_k10
45985,-1,10,lab_slots_ab_hist_rel_v2_exclude_manual_k10
45986,-1,10,lab_slots_ab_hist_rel_v2_exclude_manual_k10
45987,-1,10,lab_slots_ab_hist_rel_v2_exclude_manual_k10
45989,-1,10,lab_slots_ab_hist_rel_v2_exclude_manual_k10
45990,-1,10,lab_slots_ab_hist_rel_v2_exclude_manual_k10
45992,-1,10,lab_slots_ab_hist_rel_v2_exclude_manual_k10
45994,-1,10,lab_slots_ab_hist_rel_v2_exclude_manual_k10
45997,-1,10,lab_slots_ab_hist_rel_v2_exclude_manual_k10
45998,-1,10,lab_slots_ab_hist_rel_v2_exclude_manual_k10
45999,-1,10,lab_slots_ab_hist_rel_v2_exclude_manual_k10
46000,-1,10,lab_slots_ab_hist_rel_v2_exclude_manual_k10
46001,-1,10,lab_slots_ab_hist_rel_v2_exclude_manual_k10
46003,-1,10,lab_slots_ab_hist_rel_v2_exclude_manual_k10
46004,-1,10,lab_slots_ab_hist_rel_v2_exclude_manual_k10
46008,-1,10,lab_slots_ab_hist_rel_v2_exclude_manual_k10
46011,8,10,lab_slots_ab_hist_rel_v2_exclude_manual_k10
46016,-1,10,lab_slots_ab_hist_rel_v2_exclude_manual_k10
46017,1,10,lab_slots_ab_hist_rel_v2_exclude_manual_k10
46021,-1,10,lab_slots_ab_hist_rel_v2_exclude_manual_k10
46022,-1,10,lab_slots_ab_hist_rel_v2_exclude_manual_k10
46024,-1,10,lab_slots_ab_hist_rel_v2_exclude_manual_k10
46025,-1,10,lab_slots_ab_hist_rel_v2_exclude_manual_k10
46029,-1,10,lab_slots_ab_hist_rel_v2_exclude_manual_k10
46030,1,10,lab_slots_ab_hist_rel_v2_exclude_manual_k10
46032,-1,10,lab_slots_ab_hist_rel_v2_exclude_manual_k10
46033,3,10,lab_slots_ab_hist_rel_v2_exclude_manual_k10
46040,8,10,lab_slots_ab_hist_rel_v2_exclude_manual_k10
46042,-1,10,lab_slots_ab_hist_rel_v2_exclude_manual_k10
46043,-1,10,lab_slots_ab_hist_rel_v2_exclude_manual_k10
46044,-1,10,lab_slots_ab_hist_rel_v2_exclude_manual_k10
46045,-1,10,lab_slots_ab_hist_rel_v2_exclude_manual_k10
46046,-1,10,lab_slots_ab_hist_rel_v2_exclude_manual_k10
46047,-1,10,lab_slots_ab_hist_rel_v2_exclude_manual_k10
46048,-1,10,lab_slots_ab_hist_rel_v2_exclude_manual_k10
46049,7,10,lab_slots_ab_hist_rel_v2_exclude_manual_k10
46050,-1,10,lab_slots_ab_hist_rel_v2_exclude_manual_k10
46051,1,10,lab_slots_ab_hist_rel_v2_exclude_manual_k10
46053,-1,10,lab_slots_ab_hist_rel_v2_exclude_manual_k10
46054,-1,10,lab_slots_ab_hist_rel_v2_exclude_manual_k10
46055,-1,10,lab_slots_ab_hist_rel_v2_exclude_manual_k10
46057,-1,10,lab_slots_ab_hist_rel_v2_exclude_manual_k10
46058,7,10,lab_slots_ab_hist_rel_v2_exclude_manual_k10
46059,-1,10,lab_slots_ab_hist_rel_v2_exclude_manual_k10
46060,-1,10,lab_slots_ab_hist_rel_v2_exclude_manual_k10
46061,-1,10,lab_slots_ab_hist_rel_v2_exclude_manual_k10
46062,-1,10,lab_slots_ab_hist_rel_v2_exclude_manual_k10
46063,-1,10,lab_slots_ab_hist_rel_v2_exclude_manual_k10
46064,-1,10,lab_slots_ab_hist_rel_v2_exclude_manual_k10
46066,-1,10,lab_slots_ab_hist_rel_v2_exclude_manual_k10
46067,-1,10,lab_slots_ab_hist_rel_v2_exclude_manual_k10
46068,-1,10,lab_slots_ab_hist_rel_v2_exclude_manual_k10
46071,-1,10,lab_slots_ab_hist_rel_v2_exclude_manual_k10
46074,1,10,lab_slots_ab_hist_rel_v2_exclude_manual_k10
46075,-1,10,lab_slots_ab_hist_rel_v2_exclude_manual_k10
46076,-1,10,lab_slots_ab_hist_rel_v2_exclude_manual_k10
46077,-1,10,lab_slots_ab_hist_rel_v2_exclude_manual_k10
46078,-1,10,lab_slots_ab_hist_rel_v2_exclude_manual_k10
46080,-1,10,lab_slots_ab_hist_rel_v2_exclude_manual_k10
46081,-1,10,lab_slots_ab_hist_rel_v2_exclude_manual_k10
46082,-1,10,lab_slots_ab_hist_rel_v2_exclude_manual_k10
46083,-1,10,lab_slots_ab_hist_rel_v2_exclude_manual_k10
46084,-1,10,lab_slots_ab_hist_rel_v2_exclude_manual_k10
46086,-1,10,lab_slots_ab_hist_rel_v2_exclude_manual_k10
46087,-1,10,lab_slots_ab_hist_rel_v2_exclude_manual_k10
46090,-1,10,lab_slots_ab_hist_rel_v2_exclude_manual_k10
46092,-1,10,lab_slots_ab_hist_rel_v2_exclude_manual_k10
46094,-1,10,lab_slots_ab_hist_rel_v2_exclude_manual_k10
46097,-1,10,lab_slots_ab_hist_rel_v2_exclude_manual_k10
46099,-1,10,lab_slots_ab_hist_rel_v2_exclude_manual_k10
46103,-1,10,lab_slots_ab_hist_rel_v2_exclude_manual_k10
46104,5,10,lab_slots_ab_hist_rel_v2_exclude_manual_k10
46105,-1,10,lab_slots_ab_hist_rel_v2_exclude_manual_k10
46106,-1,10,lab_slots_ab_hist_rel_v2_exclude_manual_k10
46114,-1,10,lab_slots_ab_hist_rel_v2_exclude_manual_k10
46116,-1,10,lab_slots_ab_hist_rel_v2_exclude_manual_k10
46120,-1,10,lab_slots_ab_hist_rel_v2_exclude_manual_k10
46121,-1,10,lab_slots_ab_hist_rel_v2_exclude_manual_k10
46123,-1,10,lab_slots_ab_hist_rel_v2_exclude_manual_k10
46124,-1,10,lab_slots_ab_hist_rel_v2_exclude_manual_k10
46125,-1,10,lab_slots_ab_hist_rel_v2_exclude_manual_k10
46126,-1,10,lab_slots_ab_hist_rel_v2_exclude_manual_k10
46129,8,10,lab_slots_ab_hist_rel_v2_exclude_manual_k10
46130,-1,10,lab_slots_ab_hist_rel_v2_exclude_manual_k10
46131,-1,10,lab_slots_ab_hist_rel_v2_exclude_manual_k10
46137,8,10,lab_slots_ab_hist_rel_v2_exclude_manual_k10
46138,-1,10,lab_slots_ab_hist_rel_v2_exclude_manual_k10
46139,-1,10,lab_slots_ab_hist_rel_v2_exclude_manual_k10
46140,-1,10,lab_slots_ab_hist_rel_v2_exclude_manual_k10
46141,-1,10,lab_slots_ab_hist_rel_v2_exclude_manual_k10
46142,7,10,lab_slots_ab_hist_rel_v2_exclude_manual_k10
46143,1,10,lab_slots_ab_hist_rel_v2_exclude_manual_k10
46144,-1,10,lab_slots_ab_hist_rel_v2_exclude_manual_k10
46146,4,10,lab_slots_ab_hist_rel_v2_exclude_manual_k10
46147,4,10,lab_slots_ab_hist_rel_v2_exclude_manual_k10
46148,-1,10,lab_slots_ab_hist_rel_v2_exclude_manual_k10
46149,-1,10,lab_slots_ab_hist_rel_v2_exclude_manual_k10
46150,-1,10,lab_slots_ab_hist_rel_v2_exclude_manual_k10
46151,-1,10,lab_slots_ab_hist_rel_v2_exclude_manual_k10
46152,-1,10,lab_slots_ab_hist_rel_v2_exclude_manual_k10
46153,-1,10,lab_slots_ab_hist_rel_v2_exclude_manual_k10
46154,-1,10,lab_slots_ab_hist_rel_v2_exclude_manual_k10
46155,-1,10,lab_slots_ab_hist_rel_v2_exclude_manual_k10
46156,-1,10,lab_slots_ab_hist_rel_v2_exclude_manual_k10
46157,-1,10,lab_slots_ab_hist_rel_v2_exclude_manual_k10
46158,-1,10,lab_slots_ab_hist_rel_v2_exclude_manual_k10
46159,-1,10,lab_slots_ab_hist_rel_v2_exclude_manual_k10
46160,-1,10,lab_slots_ab_hist_rel_v2_exclude_manual_k10
46161,-1,10,lab_slots_ab_hist_rel_v2_exclude_manual_k10
46162,5,10,lab_slots_ab_hist_rel_v2_exclude_manual_k10
46163,-1,10,lab_slots_ab_hist_rel_v2_exclude_manual_k10
46165,-1,10,lab_slots_ab_hist_rel_v2_exclude_manual_k10
46192,-1,10,lab_slots_ab_hist_rel_v2_exclude_manual_k10
46205,-1,10,lab_slots_ab_hist_rel_v2_exclude_manual_k10
46209,-1,10,lab_slots_ab_hist_rel_v2_exclude_manual_k10
46212,-1,10,lab_slots_ab_hist_rel_v2_exclude_manual_k10
46223,-1,10,lab_slots_ab_hist_rel_v2_exclude_manual_k10
46233,-1,10,lab_slots_ab_hist_rel_v2_exclude_manual_k10
46235,-1,10,lab_slots_ab_hist_rel_v2_exclude_manual_k10
46249,-1,10,lab_slots_ab_hist_rel_v2_exclude_manual_k10
46250,-1,10,lab_slots_ab_hist_rel_v2_exclude_manual_k10
46268,0,10,lab_slots_ab_hist_rel_v2_exclude_manual_k10
46269,-1,10,lab_slots_ab_hist_rel_v2_exclude_manual_k10
46276,-1,10,lab_slots_ab_hist_rel_v2_exclude_manual_k10
46306,4,10,lab_slots_ab_hist_rel_v2_exclude_manual_k10
46315,5,10,lab_slots_ab_hist_rel_v2_exclude_manual_k10
46317,1,10,lab_slots_ab_hist_rel_v2_exclude_manual_k10
46330,-1,10,lab_slots_ab_hist_rel_v2_exclude_manual_k10
46331,-1,10,lab_slots_ab_hist_rel_v2_exclude_manual_k10
46333,-1,10,lab_slots_ab_hist_rel_v2_exclude_manual_k10
46353,-1,10,lab_slots_ab_hist_rel_v2_exclude_manual_k10
46378,-1,10,lab_slots_ab_hist_rel_v2_exclude_manual_k10
46379,-1,10,lab_slots_ab_hist_rel_v2_exclude_manual_k10
46380,5,10,lab_slots_ab_hist_rel_v2_exclude_manual_k10
46422,-1,10,lab_slots_ab_hist_rel_v2_exclude_manual_k10
46425,4,10,lab_slots_ab_hist_rel_v2_exclude_manual_k10
46434,-1,10,lab_slots_ab_hist_rel_v2_exclude_manual_k10
46435,-1,10,lab_slots_ab_hist_rel_v2_exclude_manual_k10
46436,-1,10,lab_slots_ab_hist_rel_v2_exclude_manual_k10
46462,-1,10,lab_slots_ab_hist_rel_v2_exclude_manual_k10
46478,-1,10,lab_slots_ab_hist_rel_v2_exclude_manual_k10
46481,-1,10,lab_slots_ab_hist_rel_v2_exclude_manual_k10
46501,-1,10,lab_slots_ab_hist_rel_v2_exclude_manual_k10
46507,-1,10,lab_slots_ab_hist_rel_v2_exclude_manual_k10
46508,-1,10,lab_slots_ab_hist_rel_v2_exclude_manual_k10
46515,1,10,lab_slots_ab_hist_rel_v2_exclude_manual_k10
46516,-1,10,lab_slots_ab_hist_rel_v2_exclude_manual_k10
46517,-1,10,lab_slots_ab_hist_rel_v2_exclude_manual_k10
46518,7,10,lab_slots_ab_hist_rel_v2_exclude_manual_k10
46519,-1,10,lab_slots_ab_hist_rel_v2_exclude_manual_k10
46521,4,10,lab_slots_ab_hist_rel_v2_exclude_manual_k10
46522,-1,10,lab_slots_ab_hist_rel_v2_exclude_manual_k10
46523,1,10,lab_slots_ab_hist_rel_v2_exclude_manual_k10
46525,2,10,lab_slots_ab_hist_rel_v2_exclude_manual_k10
46527,-1,10,lab_slots_ab_hist_rel_v2_exclude_manual_k10
46528,4,10,lab_slots_ab_hist_rel_v2_exclude_manual_k10
46529,-1,10,lab_slots_ab_hist_rel_v2_exclude_manual_k10
46530,-1,10,lab_slots_ab_hist_rel_v2_exclude_manual_k10
46531,-1,10,lab_slots_ab_hist_rel_v2_exclude_manual_k10
46532,-1,10,lab_slots_ab_hist_rel_v2_exclude_manual_k10
46533,-1,10,lab_slots_ab_hist_rel_v2_exclude_manual_k10
46534,-1,10,lab_slots_ab_hist_rel_v2_exclude_manual_k10
46535,-1,10,lab_slots_ab_hist_rel_v2_exclude_manual_k10
46536,-1,10,lab_slots_ab_hist_rel_v2_exclude_manual_k10
46537,-1,10,lab_slots_ab_hist_rel_v2_exclude_manual_k10
46538,-1,10,lab_slots_ab_hist_rel_v2_exclude_manual_k10
46539,8,10,lab_slots_ab_hist_rel_v2_exclude_manual_k10
46541,-1,10,lab_slots_ab_hist_rel_v2_exclude_manual_k10
46542,-1,10,lab_slots_ab_hist_rel_v2_exclude_manual_k10
46543,-1,10,lab_slots_ab_hist_rel_v2_exclude_manual_k10
46544,-1,10,lab_slots_ab_hist_rel_v2_exclude_manual_k10
46545,-1,10,lab_slots_ab_hist_rel_v2_exclude_manual_k10
46546,-1,10,lab_slots_ab_hist_rel_v2_exclude_manual_k10
46547,3,10,lab_slots_ab_hist_rel_v2_exclude_manual_k10
46548,-1,10,lab_slots_ab_hist_rel_v2_exclude_manual_k10
46550,-1,10,lab_slots_ab_hist_rel_v2_exclude_manual_k10
46553,-1,10,lab_slots_ab_hist_rel_v2_exclude_manual_k10
46554,-1,10,lab_slots_ab_hist_rel_v2_exclude_manual_k10
46555,4,10,lab_slots_ab_hist_rel_v2_exclude_manual_k10
46556,-1,10,lab_slots_ab_hist_rel_v2_exclude_manual_k10
46557,-1,10,lab_slots_ab_hist_rel_v2_exclude_manual_k10
46558,-1,10,lab_slots_ab_hist_rel_v2_exclude_manual_k10
46559,-1,10,lab_slots_ab_hist_rel_v2_exclude_manual_k10
46560,-1,10,lab_slots_ab_hist_rel_v2_exclude_manual_k10
46561,-1,10,lab_slots_ab_hist_rel_v2_exclude_manual_k10
46562,-1,10,lab_slots_ab_hist_rel_v2_exclude_manual_k10
46563,1,10,lab_slots_ab_hist_rel_v2_exclude_manual_k10
46564,-1,10,lab_slots_ab_hist_rel_v2_exclude_manual_k10
46565,-1,10,lab_slots_ab_hist_rel_v2_exclude_manual_k10
46566,-1,10,lab_slots_ab_hist_rel_v2_exclude_manual_k10
46567,-1,10,lab_slots_ab_hist_rel_v2_exclude_manual_k10
46568,-1,10,lab_slots_ab_hist_rel_v2_exclude_manual_k10
46569,-1,10,lab_slots_ab_hist_rel_v2_exclude_manual_k10
46570,-1,10,lab_slots_ab_hist_rel_v2_exclude_manual_k10
46571,-1,10,lab_slots_ab_hist_rel_v2_exclude_manual_k10
46575,-1,10,lab_slots_ab_hist_rel_v2_exclude_manual_k10
46580,-1,10,lab_slots_ab_hist_rel_v2_exclude_manual_k10
46586,-1,10,lab_slots_ab_hist_rel_v2_exclude_manual_k10
46587,-1,10,lab_slots_ab_hist_rel_v2_exclude_manual_k10
46588,-1,10,lab_slots_ab_hist_rel_v2_exclude_manual_k10
46589,-1,10,lab_slots_ab_hist_rel_v2_exclude_manual_k10
46590,-1,10,lab_slots_ab_hist_rel_v2_exclude_manual_k10
46614,-1,10,lab_slots_ab_hist_rel_v2_exclude_manual_k10
46619,-1,10,lab_slots_ab_hist_rel_v2_exclude_manual_k10
46620,-1,10,lab_slots_ab_hist_rel_v2_exclude_manual_k10
46623,-1,10,lab_slots_ab_hist_rel_v2_exclude_manual_k10
46624,-1,10,lab_slots_ab_hist_rel_v2_exclude_manual_k10
46627,-1,10,lab_slots_ab_hist_rel_v2_exclude_manual_k10
46628,-1,10,lab_slots_ab_hist_rel_v2_exclude_manual_k10
46631,-1,10,lab_slots_ab_hist_rel_v2_exclude_manual_k10
46633,-1,10,lab_slots_ab_hist_rel_v2_exclude_manual_k10
46634,-1,10,lab_slots_ab_hist_rel_v2_exclude_manual_k10
46635,1,10,lab_slots_ab_hist_rel_v2_exclude_manual_k10
46636,-1,10,lab_slots_ab_hist_rel_v2_exclude_manual_k10
46637,-1,10,lab_slots_ab_hist_rel_v2_exclude_manual_k10
46638,-1,10,lab_slots_ab_hist_rel_v2_exclude_manual_k10
46639,1,10,lab_slots_ab_hist_rel_v2_exclude_manual_k10
46640,2,10,lab_slots_ab_hist_rel_v2_exclude_manual_k10
46642,-1,10,lab_slots_ab_hist_rel_v2_exclude_manual_k10
46654,-1,10,lab_slots_ab_hist_rel_v2_exclude_manual_k10
46665,7,10,lab_slots_ab_hist_rel_v2_exclude_manual_k10
46666,4,10,lab_slots_ab_hist_rel_v2_exclude_manual_k10
46667,-1,10,lab_slots_ab_hist_rel_v2_exclude_manual_k10
46673,-1,10,lab_slots_ab_hist_rel_v2_exclude_manual_k10
46674,-1,10,lab_slots_ab_hist_rel_v2_exclude_manual_k10
46675,7,10,lab_slots_ab_hist_rel_v2_exclude_manual_k10
46676,5,10,lab_slots_ab_hist_rel_v2_exclude_manual_k10
46679,1,10,lab_slots_ab_hist_rel_v2_exclude_manual_k10
46680,5,10,lab_slots_ab_hist_rel_v2_exclude_manual_k10
46686,-1,10,lab_slots_ab_hist_rel_v2_exclude_manual_k10
46687,-1,10,lab_slots_ab_hist_rel_v2_exclude_manual_k10
46690,-1,10,lab_slots_ab_hist_rel_v2_exclude_manual_k10
46693,0,10,lab_slots_ab_hist_rel_v2_exclude_manual_k10
46695,-1,10,lab_slots_ab_hist_rel_v2_exclude_manual_k10
46704,-1,10,lab_slots_ab_hist_rel_v2_exclude_manual_k10
46705,-1,10,lab_slots_ab_hist_rel_v2_exclude_manual_k10
46710,-1,10,lab_slots_ab_hist_rel_v2_exclude_manual_k10
46711,-1,10,lab_slots_ab_hist_rel_v2_exclude_manual_k10
46712,-1,10,lab_slots_ab_hist_rel_v2_exclude_manual_k10
46713,-1,10,lab_slots_ab_hist_rel_v2_exclude_manual_k10
46714,-1,10,lab_slots_ab_hist_rel_v2_exclude_manual_k10
46718,-1,10,lab_slots_ab_hist_rel_v2_exclude_manual_k10
46719,5,10,lab_slots_ab_hist_rel_v2_exclude_manual_k10
46720,-1,10,lab_slots_ab_hist_rel_v2_exclude_manual_k10
46725,7,10,lab_slots_ab_hist_rel_v2_exclude_manual_k10
46726,7,10,lab_slots_ab_hist_rel_v2_exclude_manual_k10
46727,-1,10,lab_slots_ab_hist_rel_v2_exclude_manual_k10
46730,-1,10,lab_slots_ab_hist_rel_v2_exclude_manual_k10
46739,-1,10,lab_slots_ab_hist_rel_v2_exclude_manual_k10
46746,0,10,lab_slots_ab_hist_rel_v2_exclude_manual_k10
46748,5,10,lab_slots_ab_hist_rel_v2_exclude_manual_k10
46755,-1,10,lab_slots_ab_hist_rel_v2_exclude_manual_k10
46757,5,10,lab_slots_ab_hist_rel_v2_exclude_manual_k10
46760,-1,10,lab_slots_ab_hist_rel_v2_exclude_manual_k10
46762,5,10,lab_slots_ab_hist_rel_v2_exclude_manual_k10
46770,8,10,lab_slots_ab_hist_rel_v2_exclude_manual_k10
46773,0,10,lab_slots_ab_hist_rel_v2_exclude_manual_k10
46778,-1,10,lab_slots_ab_hist_rel_v2_exclude_manual_k10
46779,-1,10,lab_slots_ab_hist_rel_v2_exclude_manual_k10
46781,-1,10,lab_slots_ab_hist_rel_v2_exclude_manual_k10
46782,-1,10,lab_slots_ab_hist_rel_v2_exclude_manual_k10
46783,-1,10,lab_slots_ab_hist_rel_v2_exclude_manual_k10
46791,-1,10,lab_slots_ab_hist_rel_v2_exclude_manual_k10
46796,7,10,lab_slots_ab_hist_rel_v2_exclude_manual_k10
46797,-1,10,lab_slots_ab_hist_rel_v2_exclude_manual_k10
46799,0,10,lab_slots_ab_hist_rel_v2_exclude_manual_k10
46809,-1,10,lab_slots_ab_hist_rel_v2_exclude_manual_k10
46815,5,10,lab_slots_ab_hist_rel_v2_exclude_manual_k10
46816,-1,10,lab_slots_ab_hist_rel_v2_exclude_manual_k10
46817,-1,10,lab_slots_ab_hist_rel_v2_exclude_manual_k10
46818,-1,10,lab_slots_ab_hist_rel_v2_exclude_manual_k10
46827,1,10,lab_slots_ab_hist_rel_v2_exclude_manual_k10
46830,-1,10,lab_slots_ab_hist_rel_v2_exclude_manual_k10
46831,-1,10,lab_slots_ab_hist_rel_v2_exclude_manual_k10
46836,8,10,lab_slots_ab_hist_rel_v2_exclude_manual_k10
46840,8,10,lab_slots_ab_hist_rel_v2_exclude_manual_k10
46848,-1,10,lab_slots_ab_hist_rel_v2_exclude_manual_k10
46849,4,10,lab_slots_ab_hist_rel_v2_exclude_manual_k10
46863,-1,10,lab_slots_ab_hist_rel_v2_exclude_manual_k10
46865,-1,10,lab_slots_ab_hist_rel_v2_exclude_manual_k10
46868,-1,10,lab_slots_ab_hist_rel_v2_exclude_manual_k10
46869,-1,10,lab_slots_ab_hist_rel_v2_exclude_manual_k10
46871,-1,10,lab_slots_ab_hist_rel_v2_exclude_manual_k10
46872,-1,10,lab_slots_ab_hist_rel_v2_exclude_manual_k10
46887,-1,10,lab_slots_ab_hist_rel_v2_exclude_manual_k10
46893,-1,10,lab_slots_ab_hist_rel_v2_exclude_manual_k10
46897,-1,10,lab_slots_ab_hist_rel_v2_exclude_manual_k10
46898,-1,10,lab_slots_ab_hist_rel_v2_exclude_manual_k10
46913,-1,10,lab_slots_ab_hist_rel_v2_exclude_manual_k10
46914,-1,10,lab_slots_ab_hist_rel_v2_exclude_manual_k10
46915,-1,10,lab_slots_ab_hist_rel_v2_exclude_manual_k10
46916,-1,10,lab_slots_ab_hist_rel_v2_exclude_manual_k10
46918,-1,10,lab_slots_ab_hist_rel_v2_exclude_manual_k10
46919,-1,10,lab_slots_ab_hist_rel_v2_exclude_manual_k10
46920,-1,10,lab_slots_ab_hist_rel_v2_exclude_manual_k10
46921,-1,10,lab_slots_ab_hist_rel_v2_exclude_manual_k10
46922,-1,10,lab_slots_ab_hist_rel_v2_exclude_manual_k10
46923,-1,10,lab_slots_ab_hist_rel_v2_exclude_manual_k10
46924,-1,10,lab_slots_ab_hist_rel_v2_exclude_manual_k10
46927,-1,10,lab_slots_ab_hist_rel_v2_exclude_manual_k10
46928,1,10,lab_slots_ab_hist_rel_v2_exclude_manual_k10
46929,-1,10,lab_slots_ab_hist_rel_v2_exclude_manual_k10
46930,-1,10,lab_slots_ab_hist_rel_v2_exclude_manual_k10
46932,-1,10,lab_slots_ab_hist_rel_v2_exclude_manual_k10
46933,-1,10,lab_slots_ab_hist_rel_v2_exclude_manual_k10
46934,7,10,lab_slots_ab_hist_rel_v2_exclude_manual_k10
46935,-1,10,lab_slots_ab_hist_rel_v2_exclude_manual_k10
46937,-1,10,lab_slots_ab_hist_rel_v2_exclude_manual_k10
46938,-1,10,lab_slots_ab_hist_rel_v2_exclude_manual_k10
46939,-1,10,lab_slots_ab_hist_rel_v2_exclude_manual_k10
46940,-1,10,lab_slots_ab_hist_rel_v2_exclude_manual_k10
46941,-1,10,lab_slots_ab_hist_rel_v2_exclude_manual_k10
46942,-1,10,lab_slots_ab_hist_rel_v2_exclude_manual_k10
46943,-1,10,lab_slots_ab_hist_rel_v2_exclude_manual_k10
46946,-1,10,lab_slots_ab_hist_rel_v2_exclude_manual_k10
46947,-1,10,lab_slots_ab_hist_rel_v2_exclude_manual_k10
46948,-1,10,lab_slots_ab_hist_rel_v2_exclude_manual_k10
46950,-1,10,lab_slots_ab_hist_rel_v2_exclude_manual_k10
46953,-1,10,lab_slots_ab_hist_rel_v2_exclude_manual_k10
46955,-1,10,lab_slots_ab_hist_rel_v2_exclude_manual_k10
46956,-1,10,lab_slots_ab_hist_rel_v2_exclude_manual_k10
46957,-1,10,lab_slots_ab_hist_rel_v2_exclude_manual_k10
46958,1,10,lab_slots_ab_hist_rel_v2_exclude_manual_k10
46959,-1,10,lab_slots_ab_hist_rel_v2_exclude_manual_k10
46961,-1,10,lab_slots_ab_hist_rel_v2_exclude_manual_k10
46962,-1,10,lab_slots_ab_hist_rel_v2_exclude_manual_k10
46965,-1,10,lab_slots_ab_hist_rel_v2_exclude_manual_k10
46968,-1,10,lab_slots_ab_hist_rel_v2_exclude_manual_k10
46978,-1,10,lab_slots_ab_hist_rel_v2_exclude_manual_k10
46979,-1,10,lab_slots_ab_hist_rel_v2_exclude_manual_k10
46985,-1,10,lab_slots_ab_hist_rel_v2_exclude_manual_k10
46986,-1,10,lab_slots_ab_hist_rel_v2_exclude_manual_k10
46987,-1,10,lab_slots_ab_hist_rel_v2_exclude_manual_k10
46988,-1,10,lab_slots_ab_hist_rel_v2_exclude_manual_k10
46989,-1,10,lab_slots_ab_hist_rel_v2_exclude_manual_k10
46991,-1,10,lab_slots_ab_hist_rel_v2_exclude_manual_k10
47006,-1,10,lab_slots_ab_hist_rel_v2_exclude_manual_k10
47019,-1,10,lab_slots_ab_hist_rel_v2_exclude_manual_k10
47029,-1,10,lab_slots_ab_hist_rel_v2_exclude_manual_k10
47043,3,10,lab_slots_ab_hist_rel_v2_exclude_manual_k10
47049,-1,10,lab_slots_ab_hist_rel_v2_exclude_manual_k10
47050,5,10,lab_slots_ab_hist_rel_v2_exclude_manual_k10
47053,-1,10,lab_slots_ab_hist_rel_v2_exclude_manual_k10
47056,-1,10,lab_slots_ab_hist_rel_v2_exclude_manual_k10
47060,-1,10,lab_slots_ab_hist_rel_v2_exclude_manual_k10
47061,-1,10,lab_slots_ab_hist_rel_v2_exclude_manual_k10
47062,-1,10,lab_slots_ab_hist_rel_v2_exclude_manual_k10
47064,-1,10,lab_slots_ab_hist_rel_v2_exclude_manual_k10
47065,-1,10,lab_slots_ab_hist_rel_v2_exclude_manual_k10
47066,-1,10,lab_slots_ab_hist_rel_v2_exclude_manual_k10
47072,-1,10,lab_slots_ab_hist_rel_v2_exclude_manual_k10
47074,-1,10,lab_slots_ab_hist_rel_v2_exclude_manual_k10
47075,-1,10,lab_slots_ab_hist_rel_v2_exclude_manual_k10
47077,-1,10,lab_slots_ab_hist_rel_v2_exclude_manual_k10
47088,1,10,lab_slots_ab_hist_rel_v2_exclude_manual_k10
47089,-1,10,lab_slots_ab_hist_rel_v2_exclude_manual_k10
47091,-1,10,lab_slots_ab_hist_rel_v2_exclude_manual_k10
47092,-1,10,lab_slots_ab_hist_rel_v2_exclude_manual_k10
47102,-1,10,lab_slots_ab_hist_rel_v2_exclude_manual_k10
47103,-1,10,lab_slots_ab_hist_rel_v2_exclude_manual_k10
47106,-1,10,lab_slots_ab_hist_rel_v2_exclude_manual_k10
47108,-1,10,lab_slots_ab_hist_rel_v2_exclude_manual_k10
47117,-1,10,lab_slots_ab_hist_rel_v2_exclude_manual_k10
47118,-1,10,lab_slots_ab_hist_rel_v2_exclude_manual_k10
47119,-1,10,lab_slots_ab_hist_rel_v2_exclude_manual_k10
47122,-1,10,lab_slots_ab_hist_rel_v2_exclude_manual_k10
47132,0,10,lab_slots_ab_hist_rel_v2_exclude_manual_k10
47137,-1,10,lab_slots_ab_hist_rel_v2_exclude_manual_k10
47149,-1,10,lab_slots_ab_hist_rel_v2_exclude_manual_k10
47157,-1,10,lab_slots_ab_hist_rel_v2_exclude_manual_k10
47158,-1,10,lab_slots_ab_hist_rel_v2_exclude_manual_k10
47167,-1,10,lab_slots_ab_hist_rel_v2_exclude_manual_k10
47169,-1,10,lab_slots_ab_hist_rel_v2_exclude_manual_k10
47171,-1,10,lab_slots_ab_hist_rel_v2_exclude_manual_k10
47173,-1,10,lab_slots_ab_hist_rel_v2_exclude_manual_k10
47174,-1,10,lab_slots_ab_hist_rel_v2_exclude_manual_k10
47183,-1,10,lab_slots_ab_hist_rel_v2_exclude_manual_k10
47185,-1,10,lab_slots_ab_hist_rel_v2_exclude_manual_k10
47186,-1,10,lab_slots_ab_hist_rel_v2_exclude_manual_k10
47196,-1,10,lab_slots_ab_hist_rel_v2_exclude_manual_k10
47203,-1,10,lab_slots_ab_hist_rel_v2_exclude_manual_k10
47214,-1,10,lab_slots_ab_hist_rel_v2_exclude_manual_k10
47215,-1,10,lab_slots_ab_hist_rel_v2_exclude_manual_k10
47216,-1,10,lab_slots_ab_hist_rel_v2_exclude_manual_k10
47218,-1,10,lab_slots_ab_hist_rel_v2_exclude_manual_k10
47222,-1,10,lab_slots_ab_hist_rel_v2_exclude_manual_k10
47223,-1,10,lab_slots_ab_hist_rel_v2_exclude_manual_k10
47226,-1,10,lab_slots_ab_hist_rel_v2_exclude_manual_k10
47228,-1,10,lab_slots_ab_hist_rel_v2_exclude_manual_k10
47234,0,10,lab_slots_ab_hist_rel_v2_exclude_manual_k10
47253,4,10,lab_slots_ab_hist_rel_v2_exclude_manual_k10
47254,8,10,lab_slots_ab_hist_rel_v2_exclude_manual_k10
47256,-1,10,lab_slots_ab_hist_rel_v2_exclude_manual_k10
47257,-1,10,lab_slots_ab_hist_rel_v2_exclude_manual_k10
47258,-1,10,lab_slots_ab_hist_rel_v2_exclude_manual_k10
47259,-1,10,lab_slots_ab_hist_rel_v2_exclude_manual_k10
47260,-1,10,lab_slots_ab_hist_rel_v2_exclude_manual_k10
47270,-1,10,lab_slots_ab_hist_rel_v2_exclude_manual_k10
47280,-1,10,lab_slots_ab_hist_rel_v2_exclude_manual_k10
47281,-1,10,lab_slots_ab_hist_rel_v2_exclude_manual_k10
47282,-1,10,lab_slots_ab_hist_rel_v2_exclude_manual_k10
47283,-1,10,lab_slots_ab_hist_rel_v2_exclude_manual_k10
47286,-1,10,lab_slots_ab_hist_rel_v2_exclude_manual_k10
47287,-1,10,lab_slots_ab_hist_rel_v2_exclude_manual_k10
47290,-1,10,lab_slots_ab_hist_rel_v2_exclude_manual_k10
47292,-1,10,lab_slots_ab_hist_rel_v2_exclude_manual_k10
47294,-1,10,lab_slots_ab_hist_rel_v2_exclude_manual_k10
47295,-1,10,lab_slots_ab_hist_rel_v2_exclude_manual_k10
47299,-1,10,lab_slots_ab_hist_rel_v2_exclude_manual_k10
47305,-1,10,lab_slots_ab_hist_rel_v2_exclude_manual_k10
47306,-1,10,lab_slots_ab_hist_rel_v2_exclude_manual_k10
47307,-1,10,lab_slots_ab_hist_rel_v2_exclude_manual_k10
47308,-1,10,lab_slots_ab_hist_rel_v2_exclude_manual_k10
47309,-1,10,lab_slots_ab_hist_rel_v2_exclude_manual_k10
47313,-1,10,lab_slots_ab_hist_rel_v2_exclude_manual_k10
47315,1,10,lab_slots_ab_hist_rel_v2_exclude_manual_k10
47316,-1,10,lab_slots_ab_hist_rel_v2_exclude_manual_k10
47317,-1,10,lab_slots_ab_hist_rel_v2_exclude_manual_k10
47319,-1,10,lab_slots_ab_hist_rel_v2_exclude_manual_k10
47320,-1,10,lab_slots_ab_hist_rel_v2_exclude_manual_k10
47327,-1,10,lab_slots_ab_hist_rel_v2_exclude_manual_k10
47332,-1,10,lab_slots_ab_hist_rel_v2_exclude_manual_k10
47334,-1,10,lab_slots_ab_hist_rel_v2_exclude_manual_k10
47336,-1,10,lab_slots_ab_hist_rel_v2_exclude_manual_k10
47347,8,10,lab_slots_ab_hist_rel_v2_exclude_manual_k10
47350,-1,10,lab_slots_ab_hist_rel_v2_exclude_manual_k10
47353,1,10,lab_slots_ab_hist_rel_v2_exclude_manual_k10
47364,-1,10,lab_slots_ab_hist_rel_v2_exclude_manual_k10
47367,-1,10,lab_slots_ab_hist_rel_v2_exclude_manual_k10
47370,-1,10,lab_slots_ab_hist_rel_v2_exclude_manual_k10
47373,-1,10,lab_slots_ab_hist_rel_v2_exclude_manual_k10
47375,-1,10,lab_slots_ab_hist_rel_v2_exclude_manual_k10
47380,-1,10,lab_slots_ab_hist_rel_v2_exclude_manual_k10
47382,-1,10,lab_slots_ab_hist_rel_v2_exclude_manual_k10
47384,3,10,lab_slots_ab_hist_rel_v2_exclude_manual_k10
47385,-1,10,lab_slots_ab_hist_rel_v2_exclude_manual_k10
47388,3,10,lab_slots_ab_hist_rel_v2_exclude_manual_k10
47389,-1,10,lab_slots_ab_hist_rel_v2_exclude_manual_k10
47391,-1,10,lab_slots_ab_hist_rel_v2_exclude_manual_k10
47394,-1,10,lab_slots_ab_hist_rel_v2_exclude_manual_k10
47395,-1,10,lab_slots_ab_hist_rel_v2_exclude_manual_k10
47398,-1,10,lab_slots_ab_hist_rel_v2_exclude_manual_k10
47401,-1,10,lab_slots_ab_hist_rel_v2_exclude_manual_k10
47402,-1,10,lab_slots_ab_hist_rel_v2_exclude_manual_k10
47404,-1,10,lab_slots_ab_hist_rel_v2_exclude_manual_k10
47407,7,10,lab_slots_ab_hist_rel_v2_exclude_manual_k10
47409,1,10,lab_slots_ab_hist_rel_v2_exclude_manual_k10
47412,-1,10,lab_slots_ab_hist_rel_v2_exclude_manual_k10
47414,-1,10,lab_slots_ab_hist_rel_v2_exclude_manual_k10
47420,-1,10,lab_slots_ab_hist_rel_v2_exclude_manual_k10
47427,7,10,lab_slots_ab_hist_rel_v2_exclude_manual_k10
47429,-1,10,lab_slots_ab_hist_rel_v2_exclude_manual_k10
47432,1,10,lab_slots_ab_hist_rel_v2_exclude_manual_k10
47433,-1,10,lab_slots_ab_hist_rel_v2_exclude_manual_k10
47434,-1,10,lab_slots_ab_hist_rel_v2_exclude_manual_k10
47435,-1,10,lab_slots_ab_hist_rel_v2_exclude_manual_k10
47438,-1,10,lab_slots_ab_hist_rel_v2_exclude_manual_k10
47439,-1,10,lab_slots_ab_hist_rel_v2_exclude_manual_k10
47440,7,10,lab_slots_ab_hist_rel_v2_exclude_manual_k10
47441,-1,10,lab_slots_ab_hist_rel_v2_exclude_manual_k10
47443,-1,10,lab_slots_ab_hist_rel_v2_exclude_manual_k10
47447,-1,10,lab_slots_ab_hist_rel_v2_exclude_manual_k10
47448,-1,10,lab_slots_ab_hist_rel_v2_exclude_manual_k10
47449,-1,10,lab_slots_ab_hist_rel_v2_exclude_manual_k10
47453,-1,10,lab_slots_ab_hist_rel_v2_exclude_manual_k10
47455,-1,10,lab_slots_ab_hist_rel_v2_exclude_manual_k10
47470,-1,10,lab_slots_ab_hist_rel_v2_exclude_manual_k10
47472,-1,10,lab_slots_ab_hist_rel_v2_exclude_manual_k10
47473,-1,10,lab_slots_ab_hist_rel_v2_exclude_manual_k10
47481,-1,10,lab_slots_ab_hist_rel_v2_exclude_manual_k10
47482,-1,10,lab_slots_ab_hist_rel_v2_exclude_manual_k10
47483,-1,10,lab_slots_ab_hist_rel_v2_exclude_manual_k10
47490,5,10,lab_slots_ab_hist_rel_v2_exclude_manual_k10
47495,-1,10,lab_slots_ab_hist_rel_v2_exclude_manual_k10
47497,-1,10,lab_slots_ab_hist_rel_v2_exclude_manual_k10
47501,-1,10,lab_slots_ab_hist_rel_v2_exclude_manual_k10
47505,-1,10,lab_slots_ab_hist_rel_v2_exclude_manual_k10
47506,-1,10,lab_slots_ab_hist_rel_v2_exclude_manual_k10
47510,-1,10,lab_slots_ab_hist_rel_v2_exclude_manual_k10
47527,-1,10,lab_slots_ab_hist_rel_v2_exclude_manual_k10
47530,3,10,lab_slots_ab_hist_rel_v2_exclude_manual_k10
47531,-1,10,lab_slots_ab_hist_rel_v2_exclude_manual_k10
47534,-1,10,lab_slots_ab_hist_rel_v2_exclude_manual_k10
47536,-1,10,lab_slots_ab_hist_rel_v2_exclude_manual_k10
47540,-1,10,lab_slots_ab_hist_rel_v2_exclude_manual_k10
47556,-1,10,lab_slots_ab_hist_rel_v2_exclude_manual_k10
47558,0,10,lab_slots_ab_hist_rel_v2_exclude_manual_k10
47565,-1,10,lab_slots_ab_hist_rel_v2_exclude_manual_k10
47566,-1,10,lab_slots_ab_hist_rel_v2_exclude_manual_k10
47568,-1,10,lab_slots_ab_hist_rel_v2_exclude_manual_k10
47573,-1,10,lab_slots_ab_hist_rel_v2_exclude_manual_k10
47574,-1,10,lab_slots_ab_hist_rel_v2_exclude_manual_k10
47575,-1,10,lab_slots_ab_hist_rel_v2_exclude_manual_k10
47577,-1,10,lab_slots_ab_hist_rel_v2_exclude_manual_k10
47582,-1,10,lab_slots_ab_hist_rel_v2_exclude_manual_k10
47587,-1,10,lab_slots_ab_hist_rel_v2_exclude_manual_k10
47589,-1,10,lab_slots_ab_hist_rel_v2_exclude_manual_k10
47591,-1,10,lab_slots_ab_hist_rel_v2_exclude_manual_k10
47599,-1,10,lab_slots_ab_hist_rel_v2_exclude_manual_k10
47600,1,10,lab_slots_ab_hist_rel_v2_exclude_manual_k10
47603,-1,10,lab_slots_ab_hist_rel_v2_exclude_manual_k10
47609,-1,10,lab_slots_ab_hist_rel_v2_exclude_manual_k10
47615,-1,10,lab_slots_ab_hist_rel_v2_exclude_manual_k10
47616,1,10,lab_slots_ab_hist_rel_v2_exclude_manual_k10
47619,-1,10,lab_slots_ab_hist_rel_v2_exclude_manual_k10
47620,-1,10,lab_slots_ab_hist_rel_v2_exclude_manual_k10
47621,-1,10,lab_slots_ab_hist_rel_v2_exclude_manual_k10
47622,-1,10,lab_slots_ab_hist_rel_v2_exclude_manual_k10
47623,-1,10,lab_slots_ab_hist_rel_v2_exclude_manual_k10
47624,-1,10,lab_slots_ab_hist_rel_v2_exclude_manual_k10
47625,-1,10,lab_slots_ab_hist_rel_v2_exclude_manual_k10
47626,-1,10,lab_slots_ab_hist_rel_v2_exclude_manual_k10
47633,1,10,lab_slots_ab_hist_rel_v2_exclude_manual_k10
47634,-1,10,lab_slots_ab_hist_rel_v2_exclude_manual_k10
47635,3,10,lab_slots_ab_hist_rel_v2_exclude_manual_k10
47637,-1,10,lab_slots_ab_hist_rel_v2_exclude_manual_k10
47638,-1,10,lab_slots_ab_hist_rel_v2_exclude_manual_k10
47640,-1,10,lab_slots_ab_hist_rel_v2_exclude_manual_k10
47641,-1,10,lab_slots_ab_hist_rel_v2_exclude_manual_k10
47642,1,10,lab_slots_ab_hist_rel_v2_exclude_manual_k10
47644,-1,10,lab_slots_ab_hist_rel_v2_exclude_manual_k10
47647,-1,10,lab_slots_ab_hist_rel_v2_exclude_manual_k10
47648,-1,10,lab_slots_ab_hist_rel_v2_exclude_manual_k10
47649,-1,10,lab_slots_ab_hist_rel_v2_exclude_manual_k10
47656,-1,10,lab_slots_ab_hist_rel_v2_exclude_manual_k10
47657,-1,10,lab_slots_ab_hist_rel_v2_exclude_manual_k10
47659,-1,10,lab_slots_ab_hist_rel_v2_exclude_manual_k10
47660,-1,10,lab_slots_ab_hist_rel_v2_exclude_manual_k10
47665,3,10,lab_slots_ab_hist_rel_v2_exclude_manual_k10
47676,-1,10,lab_slots_ab_hist_rel_v2_exclude_manual_k10
47677,-1,10,lab_slots_ab_hist_rel_v2_exclude_manual_k10
47678,-1,10,lab_slots_ab_hist_rel_v2_exclude_manual_k10
47679,-1,10,lab_slots_ab_hist_rel_v2_exclude_manual_k10
47680,-1,10,lab_slots_ab_hist_rel_v2_exclude_manual_k10
47681,-1,10,lab_slots_ab_hist_rel_v2_exclude_manual_k10
47682,-1,10,lab_slots_ab_hist_rel_v2_exclude_manual_k10
47686,-1,10,lab_slots_ab_hist_rel_v2_exclude_manual_k10
47687,-1,10,lab_slots_ab_hist_rel_v2_exclude_manual_k10
47688,-1,10,lab_slots_ab_hist_rel_v2_exclude_manual_k10
47691,-1,10,lab_slots_ab_hist_rel_v2_exclude_manual_k10
47693,-1,10,lab_slots_ab_hist_rel_v2_exclude_manual_k10
47695,-1,10,lab_slots_ab_hist_rel_v2_exclude_manual_k10
47696,-1,10,lab_slots_ab_hist_rel_v2_exclude_manual_k10
47720,5,10,lab_slots_ab_hist_rel_v2_exclude_manual_k10
47722,-1,10,lab_slots_ab_hist_rel_v2_exclude_manual_k10
47723,-1,10,lab_slots_ab_hist_rel_v2_exclude_manual_k10
47724,-1,10,lab_slots_ab_hist_rel_v2_exclude_manual_k10
47725,3,10,lab_slots_ab_hist_rel_v2_exclude_manual_k10
47754,-1,10,lab_slots_ab_hist_rel_v2_exclude_manual_k10
47755,-1,10,lab_slots_ab_hist_rel_v2_exclude_manual_k10
47757,4,10,lab_slots_ab_hist_rel_v2_exclude_manual_k10
47758,-1,10,lab_slots_ab_hist_rel_v2_exclude_manual_k10
47759,3,10,lab_slots_ab_hist_rel_v2_exclude_manual_k10
47762,-1,10,lab_slots_ab_hist_rel_v2_exclude_manual_k10
47770,-1,10,lab_slots_ab_hist_rel_v2_exclude_manual_k10
47780,-1,10,lab_slots_ab_hist_rel_v2_exclude_manual_k10
47783,-1,10,lab_slots_ab_hist_rel_v2_exclude_manual_k10
47784,-1,10,lab_slots_ab_hist_rel_v2_exclude_manual_k10
47785,-1,10,lab_slots_ab_hist_rel_v2_exclude_manual_k10
47786,-1,10,lab_slots_ab_hist_rel_v2_exclude_manual_k10
47787,-1,10,lab_slots_ab_hist_rel_v2_exclude_manual_k10
47788,-1,10,lab_slots_ab_hist_rel_v2_exclude_manual_k10
47792,-1,10,lab_slots_ab_hist_rel_v2_exclude_manual_k10
47803,1,10,lab_slots_ab_hist_rel_v2_exclude_manual_k10
47804,-1,10,lab_slots_ab_hist_rel_v2_exclude_manual_k10
47805,-1,10,lab_slots_ab_hist_rel_v2_exclude_manual_k10
47806,-1,10,lab_slots_ab_hist_rel_v2_exclude_manual_k10
47807,-1,10,lab_slots_ab_hist_rel_v2_exclude_manual_k10
47808,-1,10,lab_slots_ab_hist_rel_v2_exclude_manual_k10
47809,-1,10,lab_slots_ab_hist_rel_v2_exclude_manual_k10
47810,-1,10,lab_slots_ab_hist_rel_v2_exclude_manual_k10
47811,-1,10,lab_slots_ab_hist_rel_v2_exclude_manual_k10
47813,-1,10,lab_slots_ab_hist_rel_v2_exclude_manual_k10
47820,-1,10,lab_slots_ab_hist_rel_v2_exclude_manual_k10
47821,-1,10,lab_slots_ab_hist_rel_v2_exclude_manual_k10
47822,-1,10,lab_slots_ab_hist_rel_v2_exclude_manual_k10
47828,-1,10,lab_slots_ab_hist_rel_v2_exclude_manual_k10
47845,-1,10,lab_slots_ab_hist_rel_v2_exclude_manual_k10
47846,4,10,lab_slots_ab_hist_rel_v2_exclude_manual_k10
47850,-1,10,lab_slots_ab_hist_rel_v2_exclude_manual_k10
47853,0,10,lab_slots_ab_hist_rel_v2_exclude_manual_k10
47854,-1,10,lab_slots_ab_hist_rel_v2_exclude_manual_k10
47857,-1,10,lab_slots_ab_hist_rel_v2_exclude_manual_k10
47858,-1,10,lab_slots_ab_hist_rel_v2_exclude_manual_k10
47866,-1,10,lab_slots_ab_hist_rel_v2_exclude_manual_k10
47869,-1,10,lab_slots_ab_hist_rel_v2_exclude_manual_k10
47870,-1,10,lab_slots_ab_hist_rel_v2_exclude_manual_k10
47872,-1,10,lab_slots_ab_hist_rel_v2_exclude_manual_k10
47873,-1,10,lab_slots_ab_hist_rel_v2_exclude_manual_k10
47883,-1,10,lab_slots_ab_hist_rel_v2_exclude_manual_k10
47888,-1,10,lab_slots_ab_hist_rel_v2_exclude_manual_k10
47890,-1,10,lab_slots_ab_hist_rel_v2_exclude_manual_k10
47892,-1,10,lab_slots_ab_hist_rel_v2_exclude_manual_k10
47896,-1,10,lab_slots_ab_hist_rel_v2_exclude_manual_k10
47897,-1,10,lab_slots_ab_hist_rel_v2_exclude_manual_k10
47908,-1,10,lab_slots_ab_hist_rel_v2_exclude_manual_k10
47911,1,10,lab_slots_ab_hist_rel_v2_exclude_manual_k10
47914,-1,10,lab_slots_ab_hist_rel_v2_exclude_manual_k10
47915,-1,10,lab_slots_ab_hist_rel_v2_exclude_manual_k10
47920,-1,10,lab_slots_ab_hist_rel_v2_exclude_manual_k10
47921,1,10,lab_slots_ab_hist_rel_v2_exclude_manual_k10
47922,-1,10,lab_slots_ab_hist_rel_v2_exclude_manual_k10
47923,8,10,lab_slots_ab_hist_rel_v2_exclude_manual_k10
47927,4,10,lab_slots_ab_hist_rel_v2_exclude_manual_k10
47929,-1,10,lab_slots_ab_hist_rel_v2_exclude_manual_k10
47935,-1,10,lab_slots_ab_hist_rel_v2_exclude_manual_k10
47938,-1,10,lab_slots_ab_hist_rel_v2_exclude_manual_k10
47939,-1,10,lab_slots_ab_hist_rel_v2_exclude_manual_k10
47941,-1,10,lab_slots_ab_hist_rel_v2_exclude_manual_k10
47942,1,10,lab_slots_ab_hist_rel_v2_exclude_manual_k10
47944,-1,10,lab_slots_ab_hist_rel_v2_exclude_manual_k10
47945,-1,10,lab_slots_ab_hist_rel_v2_exclude_manual_k10
47946,-1,10,lab_slots_ab_hist_rel_v2_exclude_manual_k10
47947,-1,10,lab_slots_ab_hist_rel_v2_exclude_manual_k10
47948,-1,10,lab_slots_ab_hist_rel_v2_exclude_manual_k10
47949,-1,10,lab_slots_ab_hist_rel_v2_exclude_manual_k10
47950,-1,10,lab_slots_ab_hist_rel_v2_exclude_manual_k10
47951,-1,10,lab_slots_ab_hist_rel_v2_exclude_manual_k10
47953,-1,10,lab_slots_ab_hist_rel_v2_exclude_manual_k10
47958,-1,10,lab_slots_ab_hist_rel_v2_exclude_manual_k10
47959,-1,10,lab_slots_ab_hist_rel_v2_exclude_manual_k10
47970,-1,10,lab_slots_ab_hist_rel_v2_exclude_manual_k10
47972,-1,10,lab_slots_ab_hist_rel_v2_exclude_manual_k10
47973,-1,10,lab_slots_ab_hist_rel_v2_exclude_manual_k10
47977,5,10,lab_slots_ab_hist_rel_v2_exclude_manual_k10
47982,-1,10,lab_slots_ab_hist_rel_v2_exclude_manual_k10
47983,5,10,lab_slots_ab_hist_rel_v2_exclude_manual_k10
47985,2,10,lab_slots_ab_hist_rel_v2_exclude_manual_k10
47988,-1,10,lab_slots_ab_hist_rel_v2_exclude_manual_k10
47989,-1,10,lab_slots_ab_hist_rel_v2_exclude_manual_k10
47990,-1,10,lab_slots_ab_hist_rel_v2_exclude_manual_k10
48012,-1,10,lab_slots_ab_hist_rel_v2_exclude_manual_k10
48013,7,10,lab_slots_ab_hist_rel_v2_exclude_manual_k10
48015,-1,10,lab_slots_ab_hist_rel_v2_exclude_manual_k10
48017,7,10,lab_slots_ab_hist_rel_v2_exclude_manual_k10
48027,-1,10,lab_slots_ab_hist_rel_v2_exclude_manual_k10
48051,-1,10,lab_slots_ab_hist_rel_v2_exclude_manual_k10
48052,-1,10,lab_slots_ab_hist_rel_v2_exclude_manual_k10
48058,-1,10,lab_slots_ab_hist_rel_v2_exclude_manual_k10
48084,-1,10,lab_slots_ab_hist_rel_v2_exclude_manual_k10
48085,-1,10,lab_slots_ab_hist_rel_v2_exclude_manual_k10
48086,-1,10,lab_slots_ab_hist_rel_v2_exclude_manual_k10
48088,-1,10,lab_slots_ab_hist_rel_v2_exclude_manual_k10
48096,5,10,lab_slots_ab_hist_rel_v2_exclude_manual_k10
48099,-1,10,lab_slots_ab_hist_rel_v2_exclude_manual_k10
48124,-1,10,lab_slots_ab_hist_rel_v2_exclude_manual_k10
48126,-1,10,lab_slots_ab_hist_rel_v2_exclude_manual_k10
48128,-1,10,lab_slots_ab_hist_rel_v2_exclude_manual_k10
48129,-1,10,lab_slots_ab_hist_rel_v2_exclude_manual_k10
48148,8,10,lab_slots_ab_hist_rel_v2_exclude_manual_k10
48156,-1,10,lab_slots_ab_hist_rel_v2_exclude_manual_k10
48172,7,10,lab_slots_ab_hist_rel_v2_exclude_manual_k10
48173,-1,10,lab_slots_ab_hist_rel_v2_exclude_manual_k10
48174,-1,10,lab_slots_ab_hist_rel_v2_exclude_manual_k10
48175,-1,10,lab_slots_ab_hist_rel_v2_exclude_manual_k10
48187,-1,10,lab_slots_ab_hist_rel_v2_exclude_manual_k10
48189,-1,10,lab_slots_ab_hist_rel_v2_exclude_manual_k10
48202,-1,10,lab_slots_ab_hist_rel_v2_exclude_manual_k10
48203,-1,10,lab_slots_ab_hist_rel_v2_exclude_manual_k10
48204,7,10,lab_slots_ab_hist_rel_v2_exclude_manual_k10
48211,1,10,lab_slots_ab_hist_rel_v2_exclude_manual_k10
48216,-1,10,lab_slots_ab_hist_rel_v2_exclude_manual_k10
48222,-1,10,lab_slots_ab_hist_rel_v2_exclude_manual_k10
48223,-1,10,lab_slots_ab_hist_rel_v2_exclude_manual_k10
48224,-1,10,lab_slots_ab_hist_rel_v2_exclude_manual_k10
48228,-1,10,lab_slots_ab_hist_rel_v2_exclude_manual_k10
48244,5,10,lab_slots_ab_hist_rel_v2_exclude_manual_k10
48246,-1,10,lab_slots_ab_hist_rel_v2_exclude_manual_k10
48251,-1,10,lab_slots_ab_hist_rel_v2_exclude_manual_k10
48254,-1,10,lab_slots_ab_hist_rel_v2_exclude_manual_k10
48267,-1,10,lab_slots_ab_hist_rel_v2_exclude_manual_k10
48271,-1,10,lab_slots_ab_hist_rel_v2_exclude_manual_k10
48272,2,10,lab_slots_ab_hist_rel_v2_exclude_manual_k10
48275,-1,10,lab_slots_ab_hist_rel_v2_exclude_manual_k10
48276,-1,10,lab_slots_ab_hist_rel_v2_exclude_manual_k10
48278,-1,10,lab_slots_ab_hist_rel_v2_exclude_manual_k10
48280,-1,10,lab_slots_ab_hist_rel_v2_exclude_manual_k10
48281,-1,10,lab_slots_ab_hist_rel_v2_exclude_manual_k10
48284,-1,10,lab_slots_ab_hist_rel_v2_exclude_manual_k10
48285,-1,10,lab_slots_ab_hist_rel_v2_exclude_manual_k10
48286,-1,10,lab_slots_ab_hist_rel_v2_exclude_manual_k10
48304,1,10,lab_slots_ab_hist_rel_v2_exclude_manual_k10
48305,1,10,lab_slots_ab_hist_rel_v2_exclude_manual_k10
48306,-1,10,lab_slots_ab_hist_rel_v2_exclude_manual_k10
48307,-1,10,lab_slots_ab_hist_rel_v2_exclude_manual_k10
48308,-1,10,lab_slots_ab_hist_rel_v2_exclude_manual_k10
48309,-1,10,lab_slots_ab_hist_rel_v2_exclude_manual_k10
48310,-1,10,lab_slots_ab_hist_rel_v2_exclude_manual_k10
48311,-1,10,lab_slots_ab_hist_rel_v2_exclude_manual_k10
48312,-1,10,lab_slots_ab_hist_rel_v2_exclude_manual_k10
48314,-1,10,lab_slots_ab_hist_rel_v2_exclude_manual_k10
48316,4,10,lab_slots_ab_hist_rel_v2_exclude_manual_k10
48318,-1,10,lab_slots_ab_hist_rel_v2_exclude_manual_k10
48324,-1,10,lab_slots_ab_hist_rel_v2_exclude_manual_k10
48329,-1,10,lab_slots_ab_hist_rel_v2_exclude_manual_k10
48330,5,10,lab_slots_ab_hist_rel_v2_exclude_manual_k10
48331,-1,10,lab_slots_ab_hist_rel_v2_exclude_manual_k10
48332,5,10,lab_slots_ab_hist_rel_v2_exclude_manual_k10
48333,-1,10,lab_slots_ab_hist_rel_v2_exclude_manual_k10
48334,-1,10,lab_slots_ab_hist_rel_v2_exclude_manual_k10
48335,5,10,lab_slots_ab_hist_rel_v2_exclude_manual_k10
48337,-1,10,lab_slots_ab_hist_rel_v2_exclude_manual_k10
48338,-1,10,lab_slots_ab_hist_rel_v2_exclude_manual_k10
48339,-1,10,lab_slots_ab_hist_rel_v2_exclude_manual_k10
48340,2,10,lab_slots_ab_hist_rel_v2_exclude_manual_k10
48343,-1,10,lab_slots_ab_hist_rel_v2_exclude_manual_k10
48346,-1,10,lab_slots_ab_hist_rel_v2_exclude_manual_k10
48351,-1,10,lab_slots_ab_hist_rel_v2_exclude_manual_k10
48357,8,10,lab_slots_ab_hist_rel_v2_exclude_manual_k10
48359,-1,10,lab_slots_ab_hist_rel_v2_exclude_manual_k10
48369,-1,10,lab_slots_ab_hist_rel_v2_exclude_manual_k10
48387,7,10,lab_slots_ab_hist_rel_v2_exclude_manual_k10
48390,7,10,lab_slots_ab_hist_rel_v2_exclude_manual_k10
48391,4,10,lab_slots_ab_hist_rel_v2_exclude_manual_k10
48395,1,10,lab_slots_ab_hist_rel_v2_exclude_manual_k10
48411,5,10,lab_slots_ab_hist_rel_v2_exclude_manual_k10
48424,8,10,lab_slots_ab_hist_rel_v2_exclude_manual_k10
48425,7,10,lab_slots_ab_hist_rel_v2_exclude_manual_k10
48432,-1,10,lab_slots_ab_hist_rel_v2_exclude_manual_k10
48451,0,10,lab_slots_ab_hist_rel_v2_exclude_manual_k10
48456,7,10,lab_slots_ab_hist_rel_v2_exclude_manual_k10
48461,-1,10,lab_slots_ab_hist_rel_v2_exclude_manual_k10
48462,-1,10,lab_slots_ab_hist_rel_v2_exclude_manual_k10
48466,1,10,lab_slots_ab_hist_rel_v2_exclude_manual_k10
48467,-1,10,lab_slots_ab_hist_rel_v2_exclude_manual_k10
48480,-1,10,lab_slots_ab_hist_rel_v2_exclude_manual_k10
48481,7,10,lab_slots_ab_hist_rel_v2_exclude_manual_k10
48482,5,10,lab_slots_ab_hist_rel_v2_exclude_manual_k10
48483,8,10,lab_slots_ab_hist_rel_v2_exclude_manual_k10
48489,-1,10,lab_slots_ab_hist_rel_v2_exclude_manual_k10
48504,-1,10,lab_slots_ab_hist_rel_v2_exclude_manual_k10
48506,-1,10,lab_slots_ab_hist_rel_v2_exclude_manual_k10
48507,-1,10,lab_slots_ab_hist_rel_v2_exclude_manual_k10
48509,1,10,lab_slots_ab_hist_rel_v2_exclude_manual_k10
48516,-1,10,lab_slots_ab_hist_rel_v2_exclude_manual_k10
48527,-1,10,lab_slots_ab_hist_rel_v2_exclude_manual_k10
48532,-1,10,lab_slots_ab_hist_rel_v2_exclude_manual_k10
48544,-1,10,lab_slots_ab_hist_rel_v2_exclude_manual_k10
48546,-1,10,lab_slots_ab_hist_rel_v2_exclude_manual_k10
48550,0,10,lab_slots_ab_hist_rel_v2_exclude_manual_k10
48551,7,10,lab_slots_ab_hist_rel_v2_exclude_manual_k10
48552,-1,10,lab_slots_ab_hist_rel_v2_exclude_manual_k10
48558,-1,10,lab_slots_ab_hist_rel_v2_exclude_manual_k10
48559,-1,10,lab_slots_ab_hist_rel_v2_exclude_manual_k10
48560,-1,10,lab_slots_ab_hist_rel_v2_exclude_manual_k10
48562,-1,10,lab_slots_ab_hist_rel_v2_exclude_manual_k10
48564,-1,10,lab_slots_ab_hist_rel_v2_exclude_manual_k10
48565,-1,10,lab_slots_ab_hist_rel_v2_exclude_manual_k10
48566,-1,10,lab_slots_ab_hist_rel_v2_exclude_manual_k10
48569,4,10,lab_slots_ab_hist_rel_v2_exclude_manual_k10
48570,-1,10,lab_slots_ab_hist_rel_v2_exclude_manual_k10
48571,-1,10,lab_slots_ab_hist_rel_v2_exclude_manual_k10
48572,-1,10,lab_slots_ab_hist_rel_v2_exclude_manual_k10
48573,-1,10,lab_slots_ab_hist_rel_v2_exclude_manual_k10
48575,-1,10,lab_slots_ab_hist_rel_v2_exclude_manual_k10
48577,-1,10,lab_slots_ab_hist_rel_v2_exclude_manual_k10
48579,-1,10,lab_slots_ab_hist_rel_v2_exclude_manual_k10
48580,-1,10,lab_slots_ab_hist_rel_v2_exclude_manual_k10
48581,-1,10,lab_slots_ab_hist_rel_v2_exclude_manual_k10
48590,0,10,lab_slots_ab_hist_rel_v2_exclude_manual_k10
48591,7,10,lab_slots_ab_hist_rel_v2_exclude_manual_k10
48592,-1,10,lab_slots_ab_hist_rel_v2_exclude_manual_k10
48593,-1,10,lab_slots_ab_hist_rel_v2_exclude_manual_k10
48594,-1,10,lab_slots_ab_hist_rel_v2_exclude_manual_k10
48595,-1,10,lab_slots_ab_hist_rel_v2_exclude_manual_k10
48596,7,10,lab_slots_ab_hist_rel_v2_exclude_manual_k10
48597,-1,10,lab_slots_ab_hist_rel_v2_exclude_manual_k10
48598,-1,10,lab_slots_ab_hist_rel_v2_exclude_manual_k10
48602,-1,10,lab_slots_ab_hist_rel_v2_exclude_manual_k10
48603,-1,10,lab_slots_ab_hist_rel_v2_exclude_manual_k10
48604,-1,10,lab_slots_ab_hist_rel_v2_exclude_manual_k10
48608,-1,10,lab_slots_ab_hist_rel_v2_exclude_manual_k10
48609,-1,10,lab_slots_ab_hist_rel_v2_exclude_manual_k10
48610,5,10,lab_slots_ab_hist_rel_v2_exclude_manual_k10
48611,-1,10,lab_slots_ab_hist_rel_v2_exclude_manual_k10
48612,-1,10,lab_slots_ab_hist_rel_v2_exclude_manual_k10
48613,-1,10,lab_slots_ab_hist_rel_v2_exclude_manual_k10
48616,-1,10,lab_slots_ab_hist_rel_v2_exclude_manual_k10
48620,-1,10,lab_slots_ab_hist_rel_v2_exclude_manual_k10
48621,1,10,lab_slots_ab_hist_rel_v2_exclude_manual_k10
48625,8,10,lab_slots_ab_hist_rel_v2_exclude_manual_k10
48626,-1,10,lab_slots_ab_hist_rel_v2_exclude_manual_k10
48627,-1,10,lab_slots_ab_hist_rel_v2_exclude_manual_k10
48628,-1,10,lab_slots_ab_hist_rel_v2_exclude_manual_k10
48629,-1,10,lab_slots_ab_hist_rel_v2_exclude_manual_k10
48631,-1,10,lab_slots_ab_hist_rel_v2_exclude_manual_k10
48632,-1,10,lab_slots_ab_hist_rel_v2_exclude_manual_k10
48633,-1,10,lab_slots_ab_hist_rel_v2_exclude_manual_k10
48634,-1,10,lab_slots_ab_hist_rel_v2_exclude_manual_k10
48635,5,10,lab_slots_ab_hist_rel_v2_exclude_manual_k10
48636,5,10,lab_slots_ab_hist_rel_v2_exclude_manual_k10
48637,-1,10,lab_slots_ab_hist_rel_v2_exclude_manual_k10
48639,-1,10,lab_slots_ab_hist_rel_v2_exclude_manual_k10
48640,-1,10,lab_slots_ab_hist_rel_v2_exclude_manual_k10
48641,7,10,lab_slots_ab_hist_rel_v2_exclude_manual_k10
48643,-1,10,lab_slots_ab_hist_rel_v2_exclude_manual_k10
48644,-1,10,lab_slots_ab_hist_rel_v2_exclude_manual_k10
48645,-1,10,lab_slots_ab_hist_rel_v2_exclude_manual_k10
48646,-1,10,lab_slots_ab_hist_rel_v2_exclude_manual_k10
48647,-1,10,lab_slots_ab_hist_rel_v2_exclude_manual_k10
48648,-1,10,lab_slots_ab_hist_rel_v2_exclude_manual_k10
48649,-1,10,lab_slots_ab_hist_rel_v2_exclude_manual_k10
48650,-1,10,lab_slots_ab_hist_rel_v2_exclude_manual_k10
48653,-1,10,lab_slots_ab_hist_rel_v2_exclude_manual_k10
48654,-1,10,lab_slots_ab_hist_rel_v2_exclude_manual_k10
48655,-1,10,lab_slots_ab_hist_rel_v2_exclude_manual_k10
48660,-1,10,lab_slots_ab_hist_rel_v2_exclude_manual_k10
48661,-1,10,lab_slots_ab_hist_rel_v2_exclude_manual_k10
48662,-1,10,lab_slots_ab_hist_rel_v2_exclude_manual_k10
48663,-1,10,lab_slots_ab_hist_rel_v2_exclude_manual_k10
48664,-1,10,lab_slots_ab_hist_rel_v2_exclude_manual_k10
48665,-1,10,lab_slots_ab_hist_rel_v2_exclude_manual_k10
48666,-1,10,lab_slots_ab_hist_rel_v2_exclude_manual_k10
48669,-1,10,lab_slots_ab_hist_rel_v2_exclude_manual_k10
48676,-1,10,lab_slots_ab_hist_rel_v2_exclude_manual_k10
48677,-1,10,lab_slots_ab_hist_rel_v2_exclude_manual_k10
48679,0,10,lab_slots_ab_hist_rel_v2_exclude_manual_k10
48682,-1,10,lab_slots_ab_hist_rel_v2_exclude_manual_k10
48686,-1,10,lab_slots_ab_hist_rel_v2_exclude_manual_k10
48689,0,10,lab_slots_ab_hist_rel_v2_exclude_manual_k10
48690,-1,10,lab_slots_ab_hist_rel_v2_exclude_manual_k10
48691,-1,10,lab_slots_ab_hist_rel_v2_exclude_manual_k10
48694,-1,10,lab_slots_ab_hist_rel_v2_exclude_manual_k10
48695,-1,10,lab_slots_ab_hist_rel_v2_exclude_manual_k10
48696,-1,10,lab_slots_ab_hist_rel_v2_exclude_manual_k10
48697,-1,10,lab_slots_ab_hist_rel_v2_exclude_manual_k10
48698,8,10,lab_slots_ab_hist_rel_v2_exclude_manual_k10
48699,-1,10,lab_slots_ab_hist_rel_v2_exclude_manual_k10
48700,-1,10,lab_slots_ab_hist_rel_v2_exclude_manual_k10
48701,-1,10,lab_slots_ab_hist_rel_v2_exclude_manual_k10
48702,-1,10,lab_slots_ab_hist_rel_v2_exclude_manual_k10
48703,1,10,lab_slots_ab_hist_rel_v2_exclude_manual_k10
48704,-1,10,lab_slots_ab_hist_rel_v2_exclude_manual_k10
48706,-1,10,lab_slots_ab_hist_rel_v2_exclude_manual_k10
48711,-1,10,lab_slots_ab_hist_rel_v2_exclude_manual_k10
48712,-1,10,lab_slots_ab_hist_rel_v2_exclude_manual_k10
48713,1,10,lab_slots_ab_hist_rel_v2_exclude_manual_k10
48714,-1,10,lab_slots_ab_hist_rel_v2_exclude_manual_k10
48716,-1,10,lab_slots_ab_hist_rel_v2_exclude_manual_k10
48717,-1,10,lab_slots_ab_hist_rel_v2_exclude_manual_k10
48720,-1,10,lab_slots_ab_hist_rel_v2_exclude_manual_k10
48725,-1,10,lab_slots_ab_hist_rel_v2_exclude_manual_k10
48726,-1,10,lab_slots_ab_hist_rel_v2_exclude_manual_k10
48727,-1,10,lab_slots_ab_hist_rel_v2_exclude_manual_k10
48734,-1,10,lab_slots_ab_hist_rel_v2_exclude_manual_k10
48735,-1,10,lab_slots_ab_hist_rel_v2_exclude_manual_k10
48736,-1,10,lab_slots_ab_hist_rel_v2_exclude_manual_k10
48740,-1,10,lab_slots_ab_hist_rel_v2_exclude_manual_k10
48741,-1,10,lab_slots_ab_hist_rel_v2_exclude_manual_k10
48742,-1,10,lab_slots_ab_hist_rel_v2_exclude_manual_k10
48745,-1,10,lab_slots_ab_hist_rel_v2_exclude_manual_k10
48746,-1,10,lab_slots_ab_hist_rel_v2_exclude_manual_k10
48747,0,10,lab_slots_ab_hist_rel_v2_exclude_manual_k10
48748,-1,10,lab_slots_ab_hist_rel_v2_exclude_manual_k10
48749,-1,10,lab_slots_ab_hist_rel_v2_exclude_manual_k10
48750,4,10,lab_slots_ab_hist_rel_v2_exclude_manual_k10
48751,-1,10,lab_slots_ab_hist_rel_v2_exclude_manual_k10
48754,-1,10,lab_slots_ab_hist_rel_v2_exclude_manual_k10
48755,5,10,lab_slots_ab_hist_rel_v2_exclude_manual_k10
48757,-1,10,lab_slots_ab_hist_rel_v2_exclude_manual_k10
48758,-1,10,lab_slots_ab_hist_rel_v2_exclude_manual_k10
48759,-1,10,lab_slots_ab_hist_rel_v2_exclude_manual_k10
48761,-1,10,lab_slots_ab_hist_rel_v2_exclude_manual_k10
48762,-1,10,lab_slots_ab_hist_rel_v2_exclude_manual_k10
48764,-1,10,lab_slots_ab_hist_rel_v2_exclude_manual_k10
48765,-1,10,lab_slots_ab_hist_rel_v2_exclude_manual_k10
48766,-1,10,lab_slots_ab_hist_rel_v2_exclude_manual_k10
48767,-1,10,lab_slots_ab_hist_rel_v2_exclude_manual_k10
48768,-1,10,lab_slots_ab_hist_rel_v2_exclude_manual_k10
48769,-1,10,lab_slots_ab_hist_rel_v2_exclude_manual_k10
48771,-1,10,lab_slots_ab_hist_rel_v2_exclude_manual_k10
48772,-1,10,lab_slots_ab_hist_rel_v2_exclude_manual_k10
48773,-1,10,lab_slots_ab_hist_rel_v2_exclude_manual_k10
48774,1,10,lab_slots_ab_hist_rel_v2_exclude_manual_k10
48775,9,10,lab_slots_ab_hist_rel_v2_exclude_manual_k10
48776,-1,10,lab_slots_ab_hist_rel_v2_exclude_manual_k10
48777,-1,10,lab_slots_ab_hist_rel_v2_exclude_manual_k10
48781,-1,10,lab_slots_ab_hist_rel_v2_exclude_manual_k10
48800,-1,10,lab_slots_ab_hist_rel_v2_exclude_manual_k10
48801,-1,10,lab_slots_ab_hist_rel_v2_exclude_manual_k10
48809,7,10,lab_slots_ab_hist_rel_v2_exclude_manual_k10
48840,-1,10,lab_slots_ab_hist_rel_v2_exclude_manual_k10
48841,5,10,lab_slots_ab_hist_rel_v2_exclude_manual_k10
48842,1,10,lab_slots_ab_hist_rel_v2_exclude_manual_k10
48844,-1,10,lab_slots_ab_hist_rel_v2_exclude_manual_k10
48846,-1,10,lab_slots_ab_hist_rel_v2_exclude_manual_k10
48850,-1,10,lab_slots_ab_hist_rel_v2_exclude_manual_k10
48852,-1,10,lab_slots_ab_hist_rel_v2_exclude_manual_k10
48854,5,10,lab_slots_ab_hist_rel_v2_exclude_manual_k10
48855,-1,10,lab_slots_ab_hist_rel_v2_exclude_manual_k10
48857,-1,10,lab_slots_ab_hist_rel_v2_exclude_manual_k10
48859,-1,10,lab_slots_ab_hist_rel_v2_exclude_manual_k10
49135,-1,10,lab_slots_ab_hist_rel_v2_exclude_manual_k10
49136,-1,10,lab_slots_ab_hist_rel_v2_exclude_manual_k10
49139,-1,10,lab_slots_ab_hist_rel_v2_exclude_manual_k10
49142,-1,10,lab_slots_ab_hist_rel_v2_exclude_manual_k10
49189,-1,10,lab_slots_ab_hist_rel_v2_exclude_manual_k10
49191,-1,10,lab_slots_ab_hist_rel_v2_exclude_manual_k10
49201,-1,10,lab_slots_ab_hist_rel_v2_exclude_manual_k10
49203,-1,10,lab_slots_ab_hist_rel_v2_exclude_manual_k10
49204,-1,10,lab_slots_ab_hist_rel_v2_exclude_manual_k10
49206,-1,10,lab_slots_ab_hist_rel_v2_exclude_manual_k10
49207,1,10,lab_slots_ab_hist_rel_v2_exclude_manual_k10
49208,3,10,lab_slots_ab_hist_rel_v2_exclude_manual_k10
49214,7,10,lab_slots_ab_hist_rel_v2_exclude_manual_k10
49215,-1,10,lab_slots_ab_hist_rel_v2_exclude_manual_k10
49216,-1,10,lab_slots_ab_hist_rel_v2_exclude_manual_k10
49222,-1,10,lab_slots_ab_hist_rel_v2_exclude_manual_k10
49248,-1,10,lab_slots_ab_hist_rel_v2_exclude_manual_k10
49261,5,10,lab_slots_ab_hist_rel_v2_exclude_manual_k10
49262,5,10,lab_slots_ab_hist_rel_v2_exclude_manual_k10
49264,-1,10,lab_slots_ab_hist_rel_v2_exclude_manual_k10
49266,4,10,lab_slots_ab_hist_rel_v2_exclude_manual_k10
49267,1,10,lab_slots_ab_hist_rel_v2_exclude_manual_k10
49268,-1,10,lab_slots_ab_hist_rel_v2_exclude_manual_k10
49269,5,10,lab_slots_ab_hist_rel_v2_exclude_manual_k10
49270,-1,10,lab_slots_ab_hist_rel_v2_exclude_manual_k10
49272,0,10,lab_slots_ab_hist_rel_v2_exclude_manual_k10
49273,0,10,lab_slots_ab_hist_rel_v2_exclude_manual_k10
49274,7,10,lab_slots_ab_hist_rel_v2_exclude_manual_k10
49280,4,10,lab_slots_ab_hist_rel_v2_exclude_manual_k10
49293,-1,10,lab_slots_ab_hist_rel_v2_exclude_manual_k10
49295,-1,10,lab_slots_ab_hist_rel_v2_exclude_manual_k10
49296,2,10,lab_slots_ab_hist_rel_v2_exclude_manual_k10
49298,-1,10,lab_slots_ab_hist_rel_v2_exclude_manual_k10
49299,-1,10,lab_slots_ab_hist_rel_v2_exclude_manual_k10
49305,1,10,lab_slots_ab_hist_rel_v2_exclude_manual_k10
49308,-1,10,lab_slots_ab_hist_rel_v2_exclude_manual_k10
49316,-1,10,lab_slots_ab_hist_rel_v2_exclude_manual_k10
49318,-1,10,lab_slots_ab_hist_rel_v2_exclude_manual_k10
49319,-1,10,lab_slots_ab_hist_rel_v2_exclude_manual_k10
49323,1,10,lab_slots_ab_hist_rel_v2_exclude_manual_k10
49335,5,10,lab_slots_ab_hist_rel_v2_exclude_manual_k10
49344,-1,10,lab_slots_ab_hist_rel_v2_exclude_manual_k10
49346,1,10,lab_slots_ab_hist_rel_v2_exclude_manual_k10
49351,-1,10,lab_slots_ab_hist_rel_v2_exclude_manual_k10
49352,-1,10,lab_slots_ab_hist_rel_v2_exclude_manual_k10
49356,-1,10,lab_slots_ab_hist_rel_v2_exclude_manual_k10
49359,-1,10,lab_slots_ab_hist_rel_v2_exclude_manual_k10
49360,-1,10,lab_slots_ab_hist_rel_v2_exclude_manual_k10
49362,-1,10,lab_slots_ab_hist_rel_v2_exclude_manual_k10
49363,-1,10,lab_slots_ab_hist_rel_v2_exclude_manual_k10
49364,-1,10,lab_slots_ab_hist_rel_v2_exclude_manual_k10
49366,-1,10,lab_slots_ab_hist_rel_v2_exclude_manual_k10
49425,-1,10,lab_slots_ab_hist_rel_v2_exclude_manual_k10
49426,5,10,lab_slots_ab_hist_rel_v2_exclude_manual_k10
49533,-1,10,lab_slots_ab_hist_rel_v2_exclude_manual_k10
49553,0,10,lab_slots_ab_hist_rel_v2_exclude_manual_k10
49559,-1,10,lab_slots_ab_hist_rel_v2_exclude_manual_k10
49825,-1,10,lab_slots_ab_hist_rel_v2_exclude_manual_k10
49833,-1,10,lab_slots_ab_hist_rel_v2_exclude_manual_k10
49850,-1,10,lab_slots_ab_hist_rel_v2_exclude_manual_k10
49852,7,10,lab_slots_ab_hist_rel_v2_exclude_manual_k10
49855,-1,10,lab_slots_ab_hist_rel_v2_exclude_manual_k10
49856,-1,10,lab_slots_ab_hist_rel_v2_exclude_manual_k10
49857,-1,10,lab_slots_ab_hist_rel_v2_exclude_manual_k10
49859,-1,10,lab_slots_ab_hist_rel_v2_exclude_manual_k10
49861,-1,10,lab_slots_ab_hist_rel_v2_exclude_manual_k10
49862,-1,10,lab_slots_ab_hist_rel_v2_exclude_manual_k10
49864,1,10,lab_slots_ab_hist_rel_v2_exclude_manual_k10
49896,-1,10,lab_slots_ab_hist_rel_v2_exclude_manual_k10
49898,-1,10,lab_slots_ab_hist_rel_v2_exclude_manual_k10
49899,-1,10,lab_slots_ab_hist_rel_v2_exclude_manual_k10
49900,-1,10,lab_slots_ab_hist_rel_v2_exclude_manual_k10
49903,7,10,lab_slots_ab_hist_rel_v2_exclude_manual_k10
49905,-1,10,lab_slots_ab_hist_rel_v2_exclude_manual_k10
49909,-1,10,lab_slots_ab_hist_rel_v2_exclude_manual_k10
49914,1,10,lab_slots_ab_hist_rel_v2_exclude_manual_k10
49915,-1,10,lab_slots_ab_hist_rel_v2_exclude_manual_k10
49920,-1,10,lab_slots_ab_hist_rel_v2_exclude_manual_k10
49924,-1,10,lab_slots_ab_hist_rel_v2_exclude_manual_k10
50020,-1,10,lab_slots_ab_hist_rel_v2_exclude_manual_k10
50026,-1,10,lab_slots_ab_hist_rel_v2_exclude_manual_k10
50027,-1,10,lab_slots_ab_hist_rel_v2_exclude_manual_k10
50033,-1,10,lab_slots_ab_hist_rel_v2_exclude_manual_k10
50036,-1,10,lab_slots_ab_hist_rel_v2_exclude_manual_k10
50037,-1,10,lab_slots_ab_hist_rel_v2_exclude_manual_k10
50043,-1,10,lab_slots_ab_hist_rel_v2_exclude_manual_k10
50143,-1,10,lab_slots_ab_hist_rel_v2_exclude_manual_k10
50165,3,10,lab_slots_ab_hist_rel_v2_exclude_manual_k10
50186,-1,10,lab_slots_ab_hist_rel_v2_exclude_manual_k10
50187,-1,10,lab_slots_ab_hist_rel_v2_exclude_manual_k10
50192,-1,10,lab_slots_ab_hist_rel_v2_exclude_manual_k10
50211,5,10,lab_slots_ab_hist_rel_v2_exclude_manual_k10
50213,7,10,lab_slots_ab_hist_rel_v2_exclude_manual_k10
50226,8,10,lab_slots_ab_hist_rel_v2_exclude_manual_k10
50229,7,10,lab_slots_ab_hist_rel_v2_exclude_manual_k10
50230,1,10,lab_slots_ab_hist_rel_v2_exclude_manual_k10
50235,-1,10,lab_slots_ab_hist_rel_v2_exclude_manual_k10
50236,7,10,lab_slots_ab_hist_rel_v2_exclude_manual_k10
50247,-1,10,lab_slots_ab_hist_rel_v2_exclude_manual_k10
50305,4,10,lab_slots_ab_hist_rel_v2_exclude_manual_k10
50311,-1,10,lab_slots_ab_hist_rel_v2_exclude_manual_k10
50313,7,10,lab_slots_ab_hist_rel_v2_exclude_manual_k10
50314,7,10,lab_slots_ab_hist_rel_v2_exclude_manual_k10
50315,1,10,lab_slots_ab_hist_rel_v2_exclude_manual_k10
50316,7,10,lab_slots_ab_hist_rel_v2_exclude_manual_k10
50317,-1,10,lab_slots_ab_hist_rel_v2_exclude_manual_k10
50328,1,10,lab_slots_ab_hist_rel_v2_exclude_manual_k10
50329,-1,10,lab_slots_ab_hist_rel_v2_exclude_manual_k10
50331,-1,10,lab_slots_ab_hist_rel_v2_exclude_manual_k10
50332,-1,10,lab_slots_ab_hist_rel_v2_exclude_manual_k10
50333,-1,10,lab_slots_ab_hist_rel_v2_exclude_manual_k10
50334,-1,10,lab_slots_ab_hist_rel_v2_exclude_manual_k10
50335,-1,10,lab_slots_ab_hist_rel_v2_exclude_manual_k10
50338,-1,10,lab_slots_ab_hist_rel_v2_exclude_manual_k10
50349,-1,10,lab_slots_ab_hist_rel_v2_exclude_manual_k10
50350,-1,10,lab_slots_ab_hist_rel_v2_exclude_manual_k10
50354,-1,10,lab_slots_ab_hist_rel_v2_exclude_manual_k10
50355,1,10,lab_slots_ab_hist_rel_v2_exclude_manual_k10
50356,-1,10,lab_slots_ab_hist_rel_v2_exclude_manual_k10
50357,-1,10,lab_slots_ab_hist_rel_v2_exclude_manual_k10
50359,-1,10,lab_slots_ab_hist_rel_v2_exclude_manual_k10
50362,-1,10,lab_slots_ab_hist_rel_v2_exclude_manual_k10
50463,-1,10,lab_slots_ab_hist_rel_v2_exclude_manual_k10
50473,-1,10,lab_slots_ab_hist_rel_v2_exclude_manual_k10
50502,-1,10,lab_slots_ab_hist_rel_v2_exclude_manual_k10
50506,-1,10,lab_slots_ab_hist_rel_v2_exclude_manual_k10
50524,7,10,lab_slots_ab_hist_rel_v2_exclude_manual_k10
50536,-1,10,lab_slots_ab_hist_rel_v2_exclude_manual_k10
50547,1,10,lab_slots_ab_hist_rel_v2_exclude_manual_k10
50548,7,10,lab_slots_ab_hist_rel_v2_exclude_manual_k10
50563,-1,10,lab_slots_ab_hist_rel_v2_exclude_manual_k10
50567,4,10,lab_slots_ab_hist_rel_v2_exclude_manual_k10
50568,-1,10,lab_slots_ab_hist_rel_v2_exclude_manual_k10
50655,-1,10,lab_slots_ab_hist_rel_v2_exclude_manual_k10
50659,5,10,lab_slots_ab_hist_rel_v2_exclude_manual_k10
50692,-1,10,lab_slots_ab_hist_rel_v2_exclude_manual_k10
50694,-1,10,lab_slots_ab_hist_rel_v2_exclude_manual_k10
50700,5,10,lab_slots_ab_hist_rel_v2_exclude_manual_k10
50702,7,10,lab_slots_ab_hist_rel_v2_exclude_manual_k10
50707,7,10,lab_slots_ab_hist_rel_v2_exclude_manual_k10
50708,1,10,lab_slots_ab_hist_rel_v2_exclude_manual_k10
50709,8,10,lab_slots_ab_hist_rel_v2_exclude_manual_k10
50713,-1,10,lab_slots_ab_hist_rel_v2_exclude_manual_k10
50714,-1,10,lab_slots_ab_hist_rel_v2_exclude_manual_k10
50722,0,10,lab_slots_ab_hist_rel_v2_exclude_manual_k10
50726,-1,10,lab_slots_ab_hist_rel_v2_exclude_manual_k10
50735,-1,10,lab_slots_ab_hist_rel_v2_exclude_manual_k10
50737,3,10,lab_slots_ab_hist_rel_v2_exclude_manual_k10
50738,-1,10,lab_slots_ab_hist_rel_v2_exclude_manual_k10
50739,-1,10,lab_slots_ab_hist_rel_v2_exclude_manual_k10
50740,-1,10,lab_slots_ab_hist_rel_v2_exclude_manual_k10
50741,-1,10,lab_slots_ab_hist_rel_v2_exclude_manual_k10
50742,-1,10,lab_slots_ab_hist_rel_v2_exclude_manual_k10
50743,3,10,lab_slots_ab_hist_rel_v2_exclude_manual_k10
50747,-1,10,lab_slots_ab_hist_rel_v2_exclude_manual_k10
50748,-1,10,lab_slots_ab_hist_rel_v2_exclude_manual_k10
50749,-1,10,lab_slots_ab_hist_rel_v2_exclude_manual_k10
50765,-1,10,lab_slots_ab_hist_rel_v2_exclude_manual_k10
50770,-1,10,lab_slots_ab_hist_rel_v2_exclude_manual_k10
50773,-1,10,lab_slots_ab_hist_rel_v2_exclude_manual_k10
50777,-1,10,lab_slots_ab_hist_rel_v2_exclude_manual_k10
50783,-1,10,lab_slots_ab_hist_rel_v2_exclude_manual_k10
50813,-1,10,lab_slots_ab_hist_rel_v2_exclude_manual_k10
50815,5,10,lab_slots_ab_hist_rel_v2_exclude_manual_k10
50816,-1,10,lab_slots_ab_hist_rel_v2_exclude_manual_k10
50817,-1,10,lab_slots_ab_hist_rel_v2_exclude_manual_k10
50819,-1,10,lab_slots_ab_hist_rel_v2_exclude_manual_k10
50820,-1,10,lab_slots_ab_hist_rel_v2_exclude_manual_k10
50824,-1,10,lab_slots_ab_hist_rel_v2_exclude_manual_k10
50830,5,10,lab_slots_ab_hist_rel_v2_exclude_manual_k10
50834,-1,10,lab_slots_ab_hist_rel_v2_exclude_manual_k10
50837,-1,10,lab_slots_ab_hist_rel_v2_exclude_manual_k10
50839,-1,10,lab_slots_ab_hist_rel_v2_exclude_manual_k10
50840,-1,10,lab_slots_ab_hist_rel_v2_exclude_manual_k10
50841,-1,10,lab_slots_ab_hist_rel_v2_exclude_manual_k10
50842,-1,10,lab_slots_ab_hist_rel_v2_exclude_manual_k10
50844,-1,10,lab_slots_ab_hist_rel_v2_exclude_manual_k10
50846,-1,10,lab_slots_ab_hist_rel_v2_exclude_manual_k10
50848,-1,10,lab_slots_ab_hist_rel_v2_exclude_manual_k10
50880,5,10,lab_slots_ab_hist_rel_v2_exclude_manual_k10
50881,-1,10,lab_slots_ab_hist_rel_v2_exclude_manual_k10
50883,-1,10,lab_slots_ab_hist_rel_v2_exclude_manual_k10
50884,-1,10,lab_slots_ab_hist_rel_v2_exclude_manual_k10
50885,-1,10,lab_slots_ab_hist_rel_v2_exclude_manual_k10
50886,-1,10,lab_slots_ab_hist_rel_v2_exclude_manual_k10
50891,-1,10,lab_slots_ab_hist_rel_v2_exclude_manual_k10
50906,-1,10,lab_slots_ab_hist_rel_v2_exclude_manual_k10
50907,-1,10,lab_slots_ab_hist_rel_v2_exclude_manual_k10
50908,-1,10,lab_slots_ab_hist_rel_v2_exclude_manual_k10
50919,-1,10,lab_slots_ab_hist_rel_v2_exclude_manual_k10
50921,-1,10,lab_slots_ab_hist_rel_v2_exclude_manual_k10
50935,-1,10,lab_slots_ab_hist_rel_v2_exclude_manual_k10
50938,1,10,lab_slots_ab_hist_rel_v2_exclude_manual_k10
50942,-1,10,lab_slots_ab_hist_rel_v2_exclude_manual_k10
50943,-1,10,lab_slots_ab_hist_rel_v2_exclude_manual_k10
50944,-1,10,lab_slots_ab_hist_rel_v2_exclude_manual_k10
50948,-1,10,lab_slots_ab_hist_rel_v2_exclude_manual_k10
50950,-1,10,lab_slots_ab_hist_rel_v2_exclude_manual_k10
50952,-1,10,lab_slots_ab_hist_rel_v2_exclude_manual_k10
50960,1,10,lab_slots_ab_hist_rel_v2_exclude_manual_k10
50963,1,10,lab_slots_ab_hist_rel_v2_exclude_manual_k10
50971,-1,10,lab_slots_ab_hist_rel_v2_exclude_manual_k10
50973,-1,10,lab_slots_ab_hist_rel_v2_exclude_manual_k10
50975,-1,10,lab_slots_ab_hist_rel_v2_exclude_manual_k10
50981,-1,10,lab_slots_ab_hist_rel_v2_exclude_manual_k10
50998,-1,10,lab_slots_ab_hist_rel_v2_exclude_manual_k10
50999,-1,10,lab_slots_ab_hist_rel_v2_exclude_manual_k10
51000,-1,10,lab_slots_ab_hist_rel_v2_exclude_manual_k10
51001,-1,10,lab_slots_ab_hist_rel_v2_exclude_manual_k10
51002,-1,10,lab_slots_ab_hist_rel_v2_exclude_manual_k10
51003,-1,10,lab_slots_ab_hist_rel_v2_exclude_manual_k10
51005,-1,10,lab_slots_ab_hist_rel_v2_exclude_manual_k10
51007,-1,10,lab_slots_ab_hist_rel_v2_exclude_manual_k10
51008,-1,10,lab_slots_ab_hist_rel_v2_exclude_manual_k10
51009,-1,10,lab_slots_ab_hist_rel_v2_exclude_manual_k10
51010,-1,10,lab_slots_ab_hist_rel_v2_exclude_manual_k10
51011,-1,10,lab_slots_ab_hist_rel_v2_exclude_manual_k10
51012,-1,10,lab_slots_ab_hist_rel_v2_exclude_manual_k10
51013,-1,10,lab_slots_ab_hist_rel_v2_exclude_manual_k10
51014,-1,10,lab_slots_ab_hist_rel_v2_exclude_manual_k10
51015,-1,10,lab_slots_ab_hist_rel_v2_exclude_manual_k10
51017,-1,10,lab_slots_ab_hist_rel_v2_exclude_manual_k10
51018,-1,10,lab_slots_ab_hist_rel_v2_exclude_manual_k10
51019,-1,10,lab_slots_ab_hist_rel_v2_exclude_manual_k10
51020,1,10,lab_slots_ab_hist_rel_v2_exclude_manual_k10
51021,-1,10,lab_slots_ab_hist_rel_v2_exclude_manual_k10
51023,-1,10,lab_slots_ab_hist_rel_v2_exclude_manual_k10
51024,-1,10,lab_slots_ab_hist_rel_v2_exclude_manual_k10
51025,-1,10,lab_slots_ab_hist_rel_v2_exclude_manual_k10
51026,-1,10,lab_slots_ab_hist_rel_v2_exclude_manual_k10
51027,-1,10,lab_slots_ab_hist_rel_v2_exclude_manual_k10
51032,-1,10,lab_slots_ab_hist_rel_v2_exclude_manual_k10
51041,-1,10,lab_slots_ab_hist_rel_v2_exclude_manual_k10
51044,-1,10,lab_slots_ab_hist_rel_v2_exclude_manual_k10
51045,-1,10,lab_slots_ab_hist_rel_v2_exclude_manual_k10
51049,-1,10,lab_slots_ab_hist_rel_v2_exclude_manual_k10
51050,-1,10,lab_slots_ab_hist_rel_v2_exclude_manual_k10
51056,1,10,lab_slots_ab_hist_rel_v2_exclude_manual_k10
51063,-1,10,lab_slots_ab_hist_rel_v2_exclude_manual_k10
51064,-1,10,lab_slots_ab_hist_rel_v2_exclude_manual_k10
51066,-1,10,lab_slots_ab_hist_rel_v2_exclude_manual_k10
51067,-1,10,lab_slots_ab_hist_rel_v2_exclude_manual_k10
51080,-1,10,lab_slots_ab_hist_rel_v2_exclude_manual_k10
51106,-1,10,lab_slots_ab_hist_rel_v2_exclude_manual_k10
51124,-1,10,lab_slots_ab_hist_rel_v2_exclude_manual_k10
51130,-1,10,lab_slots_ab_hist_rel_v2_exclude_manual_k10
51133,-1,10,lab_slots_ab_hist_rel_v2_exclude_manual_k10
51134,-1,10,lab_slots_ab_hist_rel_v2_exclude_manual_k10
51138,-1,10,lab_slots_ab_hist_rel_v2_exclude_manual_k10
51142,-1,10,lab_slots_ab_hist_rel_v2_exclude_manual_k10
51160,-1,10,lab_slots_ab_hist_rel_v2_exclude_manual_k10
51161,-1,10,lab_slots_ab_hist_rel_v2_exclude_manual_k10
51168,-1,10,lab_slots_ab_hist_rel_v2_exclude_manual_k10
51173,-1,10,lab_slots_ab_hist_rel_v2_exclude_manual_k10
51179,-1,10,lab_slots_ab_hist_rel_v2_exclude_manual_k10
51183,-1,10,lab_slots_ab_hist_rel_v2_exclude_manual_k10
51187,-1,10,lab_slots_ab_hist_rel_v2_exclude_manual_k10
51192,8,10,lab_slots_ab_hist_rel_v2_exclude_manual_k10
51206,-1,10,lab_slots_ab_hist_rel_v2_exclude_manual_k10
51210,-1,10,lab_slots_ab_hist_rel_v2_exclude_manual_k10
51213,-1,10,lab_slots_ab_hist_rel_v2_exclude_manual_k10
51217,-1,10,lab_slots_ab_hist_rel_v2_exclude_manual_k10
51218,-1,10,lab_slots_ab_hist_rel_v2_exclude_manual_k10
51222,-1,10,lab_slots_ab_hist_rel_v2_exclude_manual_k10
51223,-1,10,lab_slots_ab_hist_rel_v2_exclude_manual_k10
51224,-1,10,lab_slots_ab_hist_rel_v2_exclude_manual_k10
51232,-1,10,lab_slots_ab_hist_rel_v2_exclude_manual_k10
51245,-1,10,lab_slots_ab_hist_rel_v2_exclude_manual_k10
51247,-1,10,lab_slots_ab_hist_rel_v2_exclude_manual_k10
51359,1,10,lab_slots_ab_hist_rel_v2_exclude_manual_k10
51946,1,10,lab_slots_ab_hist_rel_v2_exclude_manual_k10
52014,-1,10,lab_slots_ab_hist_rel_v2_exclude_manual_k10
52017,-1,10,lab_slots_ab_hist_rel_v2_exclude_manual_k10
52018,-1,10,lab_slots_ab_hist_rel_v2_exclude_manual_k10
52019,-1,10,lab_slots_ab_hist_rel_v2_exclude_manual_k10
52020,-1,10,lab_slots_ab_hist_rel_v2_exclude_manual_k10
52021,-1,10,lab_slots_ab_hist_rel_v2_exclude_manual_k10
52022,-1,10,lab_slots_ab_hist_rel_v2_exclude_manual_k10
52023,-1,10,lab_slots_ab_hist_rel_v2_exclude_manual_k10
52024,-1,10,lab_slots_ab_hist_rel_v2_exclude_manual_k10
52026,-1,10,lab_slots_ab_hist_rel_v2_exclude_manual_k10
52029,-1,10,lab_slots_ab_hist_rel_v2_exclude_manual_k10
52033,-1,10,lab_slots_ab_hist_rel_v2_exclude_manual_k10
52034,-1,10,lab_slots_ab_hist_rel_v2_exclude_manual_k10
52036,-1,10,lab_slots_ab_hist_rel_v2_exclude_manual_k10
52038,-1,10,lab_slots_ab_hist_rel_v2_exclude_manual_k10
52039,-1,10,lab_slots_ab_hist_rel_v2_exclude_manual_k10
52040,-1,10,lab_slots_ab_hist_rel_v2_exclude_manual_k10
52041,-1,10,lab_slots_ab_hist_rel_v2_exclude_manual_k10
52043,-1,10,lab_slots_ab_hist_rel_v2_exclude_manual_k10
52044,7,10,lab_slots_ab_hist_rel_v2_exclude_manual_k10
52046,-1,10,lab_slots_ab_hist_rel_v2_exclude_manual_k10
52047,-1,10,lab_slots_ab_hist_rel_v2_exclude_manual_k10
52049,-1,10,lab_slots_ab_hist_rel_v2_exclude_manual_k10
52050,-1,10,lab_slots_ab_hist_rel_v2_exclude_manual_k10
52052,-1,10,lab_slots_ab_hist_rel_v2_exclude_manual_k10
52053,-1,10,lab_slots_ab_hist_rel_v2_exclude_manual_k10
52054,-1,10,lab_slots_ab_hist_rel_v2_exclude_manual_k10
52055,-1,10,lab_slots_ab_hist_rel_v2_exclude_manual_k10
52056,-1,10,lab_slots_ab_hist_rel_v2_exclude_manual_k10
52057,-1,10,lab_slots_ab_hist_rel_v2_exclude_manual_k10
52058,-1,10,lab_slots_ab_hist_rel_v2_exclude_manual_k10
52059,-1,10,lab_slots_ab_hist_rel_v2_exclude_manual_k10
52060,-1,10,lab_slots_ab_hist_rel_v2_exclude_manual_k10
52061,-1,10,lab_slots_ab_hist_rel_v2_exclude_manual_k10
52063,-1,10,lab_slots_ab_hist_rel_v2_exclude_manual_k10
52064,-1,10,lab_slots_ab_hist_rel_v2_exclude_manual_k10
52065,-1,10,lab_slots_ab_hist_rel_v2_exclude_manual_k10
52066,-1,10,lab_slots_ab_hist_rel_v2_exclude_manual_k10
52067,-1,10,lab_slots_ab_hist_rel_v2_exclude_manual_k10
52069,-1,10,lab_slots_ab_hist_rel_v2_exclude_manual_k10
52075,-1,10,lab_slots_ab_hist_rel_v2_exclude_manual_k10
52076,-1,10,lab_slots_ab_hist_rel_v2_exclude_manual_k10
52081,-1,10,lab_slots_ab_hist_rel_v2_exclude_manual_k10
52085,-1,10,lab_slots_ab_hist_rel_v2_exclude_manual_k10
52089,8,10,lab_slots_ab_hist_rel_v2_exclude_manual_k10
52208,7,10,lab_slots_ab_hist_rel_v2_exclude_manual_k10
52214,-1,10,lab_slots_ab_hist_rel_v2_exclude_manual_k10
52215,1,10,lab_slots_ab_hist_rel_v2_exclude_manual_k10
52216,1,10,lab_slots_ab_hist_rel_v2_exclude_manual_k10
52217,-1,10,lab_slots_ab_hist_rel_v2_exclude_manual_k10
52218,-1,10,lab_slots_ab_hist_rel_v2_exclude_manual_k10
52219,-1,10,lab_slots_ab_hist_rel_v2_exclude_manual_k10
52220,-1,10,lab_slots_ab_hist_rel_v2_exclude_manual_k10
52222,-1,10,lab_slots_ab_hist_rel_v2_exclude_manual_k10
52224,-1,10,lab_slots_ab_hist_rel_v2_exclude_manual_k10
52252,-1,10,lab_slots_ab_hist_rel_v2_exclude_manual_k10
52259,-1,10,lab_slots_ab_hist_rel_v2_exclude_manual_k10
52260,-1,10,lab_slots_ab_hist_rel_v2_exclude_manual_k10
52261,-1,10,lab_slots_ab_hist_rel_v2_exclude_manual_k10
52298,-1,10,lab_slots_ab_hist_rel_v2_exclude_manual_k10
52300,-1,10,lab_slots_ab_hist_rel_v2_exclude_manual_k10
52304,-1,10,lab_slots_ab_hist_rel_v2_exclude_manual_k10
52305,-1,10,lab_slots_ab_hist_rel_v2_exclude_manual_k10
52377,-1,10,lab_slots_ab_hist_rel_v2_exclude_manual_k10
52383,-1,10,lab_slots_ab_hist_rel_v2_exclude_manual_k10
52390,-1,10,lab_slots_ab_hist_rel_v2_exclude_manual_k10
52391,-1,10,lab_slots_ab_hist_rel_v2_exclude_manual_k10
52397,-1,10,lab_slots_ab_hist_rel_v2_exclude_manual_k10
52398,-1,10,lab_slots_ab_hist_rel_v2_exclude_manual_k10
52399,-1,10,lab_slots_ab_hist_rel_v2_exclude_manual_k10
52400,-1,10,lab_slots_ab_hist_rel_v2_exclude_manual_k10
52401,-1,10,lab_slots_ab_hist_rel_v2_exclude_manual_k10
52436,-1,10,lab_slots_ab_hist_rel_v2_exclude_manual_k10
52442,-1,10,lab_slots_ab_hist_rel_v2_exclude_manual_k10
52461,-1,10,lab_slots_ab_hist_rel_v2_exclude_manual_k10
52470,7,10,lab_slots_ab_hist_rel_v2_exclude_manual_k10
52479,-1,10,lab_slots_ab_hist_rel_v2_exclude_manual_k10
52491,-1,10,lab_slots_ab_hist_rel_v2_exclude_manual_k10
52492,-1,10,lab_slots_ab_hist_rel_v2_exclude_manual_k10
52506,-1,10,lab_slots_ab_hist_rel_v2_exclude_manual_k10
52513,-1,10,lab_slots_ab_hist_rel_v2_exclude_manual_k10
52514,0,10,lab_slots_ab_hist_rel_v2_exclude_manual_k10
52517,-1,10,lab_slots_ab_hist_rel_v2_exclude_manual_k10
52518,-1,10,lab_slots_ab_hist_rel_v2_exclude_manual_k10
52524,-1,10,lab_slots_ab_hist_rel_v2_exclude_manual_k10
52546,-1,10,lab_slots_ab_hist_rel_v2_exclude_manual_k10
52547,-1,10,lab_slots_ab_hist_rel_v2_exclude_manual_k10
52562,4,10,lab_slots_ab_hist_rel_v2_exclude_manual_k10
52563,-1,10,lab_slots_ab_hist_rel_v2_exclude_manual_k10
52568,-1,10,lab_slots_ab_hist_rel_v2_exclude_manual_k10
52569,-1,10,lab_slots_ab_hist_rel_v2_exclude_manual_k10
52605,-1,10,lab_slots_ab_hist_rel_v2_exclude_manual_k10
52609,-1,10,lab_slots_ab_hist_rel_v2_exclude_manual_k10
52610,-1,10,lab_slots_ab_hist_rel_v2_exclude_manual_k10
52611,-1,10,lab_slots_ab_hist_rel_v2_exclude_manual_k10
52624,7,10,lab_slots_ab_hist_rel_v2_exclude_manual_k10
52626,-1,10,lab_slots_ab_hist_rel_v2_exclude_manual_k10
52638,7,10,lab_slots_ab_hist_rel_v2_exclude_manual_k10
52639,8,10,lab_slots_ab_hist_rel_v2_exclude_manual_k10
52656,-1,10,lab_slots_ab_hist_rel_v2_exclude_manual_k10
52658,-1,10,lab_slots_ab_hist_rel_v2_exclude_manual_k10
52659,-1,10,lab_slots_ab_hist_rel_v2_exclude_manual_k10
52662,-1,10,lab_slots_ab_hist_rel_v2_exclude_manual_k10
52679,-1,10,lab_slots_ab_hist_rel_v2_exclude_manual_k10
52681,5,10,lab_slots_ab_hist_rel_v2_exclude_manual_k10
52682,8,10,lab_slots_ab_hist_rel_v2_exclude_manual_k10
52685,-1,10,lab_slots_ab_hist_rel_v2_exclude_manual_k10
52709,-1,10,lab_slots_ab_hist_rel_v2_exclude_manual_k10
52711,3,10,lab_slots_ab_hist_rel_v2_exclude_manual_k10
52712,-1,10,lab_slots_ab_hist_rel_v2_exclude_manual_k10
52719,-1,10,lab_slots_ab_hist_rel_v2_exclude_manual_k10
52720,7,10,lab_slots_ab_hist_rel_v2_exclude_manual_k10
52732,-1,10,lab_slots_ab_hist_rel_v2_exclude_manual_k10
52735,-1,10,lab_slots_ab_hist_rel_v2_exclude_manual_k10
52736,-1,10,lab_slots_ab_hist_rel_v2_exclude_manual_k10
52739,-1,10,lab_slots_ab_hist_rel_v2_exclude_manual_k10
52753,-1,10,lab_slots_ab_hist_rel_v2_exclude_manual_k10
52755,-1,10,lab_slots_ab_hist_rel_v2_exclude_manual_k10
52765,-1,10,lab_slots_ab_hist_rel_v2_exclude_manual_k10
52767,-1,10,lab_slots_ab_hist_rel_v2_exclude_manual_k10
52777,-1,10,lab_slots_ab_hist_rel_v2_exclude_manual_k10
52778,-1,10,lab_slots_ab_hist_rel_v2_exclude_manual_k10
52780,7,10,lab_slots_ab_hist_rel_v2_exclude_manual_k10
52794,-1,10,lab_slots_ab_hist_rel_v2_exclude_manual_k10
52797,-1,10,lab_slots_ab_hist_rel_v2_exclude_manual_k10
52798,-1,10,lab_slots_ab_hist_rel_v2_exclude_manual_k10
52801,-1,10,lab_slots_ab_hist_rel_v2_exclude_manual_k10
52802,-1,10,lab_slots_ab_hist_rel_v2_exclude_manual_k10
52803,-1,10,lab_slots_ab_hist_rel_v2_exclude_manual_k10
52804,-1,10,lab_slots_ab_hist_rel_v2_exclude_manual_k10
52806,1,10,lab_slots_ab_hist_rel_v2_exclude_manual_k10
52807,-1,10,lab_slots_ab_hist_rel_v2_exclude_manual_k10
52808,-1,10,lab_slots_ab_hist_rel_v2_exclude_manual_k10
52809,-1,10,lab_slots_ab_hist_rel_v2_exclude_manual_k10
52810,-1,10,lab_slots_ab_hist_rel_v2_exclude_manual_k10
52811,-1,10,lab_slots_ab_hist_rel_v2_exclude_manual_k10
52812,2,10,lab_slots_ab_hist_rel_v2_exclude_manual_k10
52813,-1,10,lab_slots_ab_hist_rel_v2_exclude_manual_k10
52834,-1,10,lab_slots_ab_hist_rel_v2_exclude_manual_k10
52906,1,10,lab_slots_ab_hist_rel_v2_exclude_manual_k10
52907,-1,10,lab_slots_ab_hist_rel_v2_exclude_manual_k10
52908,-1,10,lab_slots_ab_hist_rel_v2_exclude_manual_k10
52914,-1,10,lab_slots_ab_hist_rel_v2_exclude_manual_k10
52916,-1,10,lab_slots_ab_hist_rel_v2_exclude_manual_k10
52921,-1,10,lab_slots_ab_hist_rel_v2_exclude_manual_k10
52922,-1,10,lab_slots_ab_hist_rel_v2_exclude_manual_k10
52923,-1,10,lab_slots_ab_hist_rel_v2_exclude_manual_k10
52930,-1,10,lab_slots_ab_hist_rel_v2_exclude_manual_k10
52932,-1,10,lab_slots_ab_hist_rel_v2_exclude_manual_k10
52933,-1,10,lab_slots_ab_hist_rel_v2_exclude_manual_k10
52936,-1,10,lab_slots_ab_hist_rel_v2_exclude_manual_k10
52939,-1,10,lab_slots_ab_hist_rel_v2_exclude_manual_k10
52941,-1,10,lab_slots_ab_hist_rel_v2_exclude_manual_k10
52942,1,10,lab_slots_ab_hist_rel_v2_exclude_manual_k10
52943,5,10,lab_slots_ab_hist_rel_v2_exclude_manual_k10
52945,-1,10,lab_slots_ab_hist_rel_v2_exclude_manual_k10
52960,-1,10,lab_slots_ab_hist_rel_v2_exclude_manual_k10
52971,1,10,lab_slots_ab_hist_rel_v2_exclude_manual_k10
52972,-1,10,lab_slots_ab_hist_rel_v2_exclude_manual_k10
52975,-1,10,lab_slots_ab_hist_rel_v2_exclude_manual_k10
52976,-1,10,lab_slots_ab_hist_rel_v2_exclude_manual_k10
52978,1,10,lab_slots_ab_hist_rel_v2_exclude_manual_k10
52979,-1,10,lab_slots_ab_hist_rel_v2_exclude_manual_k10
52983,-1,10,lab_slots_ab_hist_rel_v2_exclude_manual_k10
52984,-1,10,lab_slots_ab_hist_rel_v2_exclude_manual_k10
53006,-1,10,lab_slots_ab_hist_rel_v2_exclude_manual_k10
53157,0,10,lab_slots_ab_hist_rel_v2_exclude_manual_k10
53203,4,10,lab_slots_ab_hist_rel_v2_exclude_manual_k10
53419,-1,10,lab_slots_ab_hist_rel_v2_exclude_manual_k10
53468,-1,10,lab_slots_ab_hist_rel_v2_exclude_manual_k10
53613,-1,10,lab_slots_ab_hist_rel_v2_exclude_manual_k10
53618,-1,10,lab_slots_ab_hist_rel_v2_exclude_manual_k10
53627,-1,10,lab_slots_ab_hist_rel_v2_exclude_manual_k10
53628,2,10,lab_slots_ab_hist_rel_v2_exclude_manual_k10
53663,-1,10,lab_slots_ab_hist_rel_v2_exclude_manual_k10
53765,-1,10,lab_slots_ab_hist_rel_v2_exclude_manual_k10
53767,-1,10,lab_slots_ab_hist_rel_v2_exclude_manual_k10
53773,5,10,lab_slots_ab_hist_rel_v2_exclude_manual_k10
53774,-1,10,lab_slots_ab_hist_rel_v2_exclude_manual_k10
53775,-1,10,lab_slots_ab_hist_rel_v2_exclude_manual_k10
53777,-1,10,lab_slots_ab_hist_rel_v2_exclude_manual_k10
53798,-1,10,lab_slots_ab_hist_rel_v2_exclude_manual_k10
53825,-1,10,lab_slots_ab_hist_rel_v2_exclude_manual_k10
53826,-1,10,lab_slots_ab_hist_rel_v2_exclude_manual_k10
53828,-1,10,lab_slots_ab_hist_rel_v2_exclude_manual_k10
53846,-1,10,lab_slots_ab_hist_rel_v2_exclude_manual_k10
53853,-1,10,lab_slots_ab_hist_rel_v2_exclude_manual_k10
53855,-1,10,lab_slots_ab_hist_rel_v2_exclude_manual_k10
53856,-1,10,lab_slots_ab_hist_rel_v2_exclude_manual_k10
53891,-1,10,lab_slots_ab_hist_rel_v2_exclude_manual_k10
53901,-1,10,lab_slots_ab_hist_rel_v2_exclude_manual_k10
53930,-1,10,lab_slots_ab_hist_rel_v2_exclude_manual_k10
53944,-1,10,lab_slots_ab_hist_rel_v2_exclude_manual_k10
53956,-1,10,lab_slots_ab_hist_rel_v2_exclude_manual_k10
53961,-1,10,lab_slots_ab_hist_rel_v2_exclude_manual_k10
53964,1,10,lab_slots_ab_hist_rel_v2_exclude_manual_k10
54084,1,10,lab_slots_ab_hist_rel_v2_exclude_manual_k10
56164,4,10,lab_slots_ab_hist_rel_v2_exclude_manual_k10
56587,-1,10,lab_slots_ab_hist_rel_v2_exclude_manual_k10
57355,1,10,lab_slots_ab_hist_rel_v2_exclude_manual_k10
57356,1,10,lab_slots_ab_hist_rel_v2_exclude_manual_k10
57357,5,10,lab_slots_ab_hist_rel_v2_exclude_manual_k10
57358,1,10,lab_slots_ab_hist_rel_v2_exclude_manual_k10
57359,1,10,lab_slots_ab_hist_rel_v2_exclude_manual_k10
57362,5,10,lab_slots_ab_hist_rel_v2_exclude_manual_k10
57365,5,10,lab_slots_ab_hist_rel_v2_exclude_manual_k10
57366,5,10,lab_slots_ab_hist_rel_v2_exclude_manual_k10
57367,1,10,lab_slots_ab_hist_rel_v2_exclude_manual_k10
57368,1,10,lab_slots_ab_hist_rel_v2_exclude_manual_k10
57369,5,10,lab_slots_ab_hist_rel_v2_exclude_manual_k10
57370,5,10,lab_slots_ab_hist_rel_v2_exclude_manual_k10
57400,1,10,lab_slots_ab_hist_rel_v2_exclude_manual_k10
57403,1,10,lab_slots_ab_hist_rel_v2_exclude_manual_k10
57404,5,10,lab_slots_ab_hist_rel_v2_exclude_manual_k10
57405,1,10,lab_slots_ab_hist_rel_v2_exclude_manual_k10
57406,1,10,lab_slots_ab_hist_rel_v2_exclude_manual_k10
57417,1,10,lab_slots_ab_hist_rel_v2_exclude_manual_k10
57422,1,10,lab_slots_ab_hist_rel_v2_exclude_manual_k10
57425,1,10,lab_slots_ab_hist_rel_v2_exclude_manual_k10
57434,-1,10,lab_slots_ab_hist_rel_v2_exclude_manual_k10
57435,1,10,lab_slots_ab_hist_rel_v2_exclude_manual_k10
57436,1,10,lab_slots_ab_hist_rel_v2_exclude_manual_k10
57438,1,10,lab_slots_ab_hist_rel_v2_exclude_manual_k10
57441,1,10,lab_slots_ab_hist_rel_v2_exclude_manual_k10
57488,1,10,lab_slots_ab_hist_rel_v2_exclude_manual_k10
57489,1,10,lab_slots_ab_hist_rel_v2_exclude_manual_k10
57492,1,10,lab_slots_ab_hist_rel_v2_exclude_manual_k10
57502,1,10,lab_slots_ab_hist_rel_v2_exclude_manual_k10
57515,1,10,lab_slots_ab_hist_rel_v2_exclude_manual_k10
57517,-1,10,lab_slots_ab_hist_rel_v2_exclude_manual_k10
57520,1,10,lab_slots_ab_hist_rel_v2_exclude_manual_k10
57522,5,10,lab_slots_ab_hist_rel_v2_exclude_manual_k10
61634,1,10,lab_slots_ab_hist_rel_v2_exclude_manual_k10
62527,-1,10,lab_slots_ab_hist_rel_v2_exclude_manual_k10
62528,-1,10,lab_slots_ab_hist_rel_v2_exclude_manual_k10
62529,-1,10,lab_slots_ab_hist_rel_v2_exclude_manual_k10
62530,-1,10,lab_slots_ab_hist_rel_v2_exclude_manual_k10
62533,-1,10,lab_slots_ab_hist_rel_v2_exclude_manual_k10
62541,-1,10,lab_slots_ab_hist_rel_v2_exclude_manual_k10
62545,7,10,lab_slots_ab_hist_rel_v2_exclude_manual_k10
62546,3,10,lab_slots_ab_hist_rel_v2_exclude_manual_k10
62547,7,10,lab_slots_ab_hist_rel_v2_exclude_manual_k10
62549,5,10,lab_slots_ab_hist_rel_v2_exclude_manual_k10
62550,8,10,lab_slots_ab_hist_rel_v2_exclude_manual_k10
62551,0,10,lab_slots_ab_hist_rel_v2_exclude_manual_k10
62552,3,10,lab_slots_ab_hist_rel_v2_exclude_manual_k10
62553,8,10,lab_slots_ab_hist_rel_v2_exclude_manual_k10
62555,8,10,lab_slots_ab_hist_rel_v2_exclude_manual_k10
62556,8,10,lab_slots_ab_hist_rel_v2_exclude_manual_k10
62557,8,10,lab_slots_ab_hist_rel_v2_exclude_manual_k10
62558,8,10,lab_slots_ab_hist_rel_v2_exclude_manual_k10
62559,-1,10,lab_slots_ab_hist_rel_v2_exclude_manual_k10
62563,0,10,lab_slots_ab_hist_rel_v2_exclude_manual_k10
62571,-1,10,lab_slots_ab_hist_rel_v2_exclude_manual_k10
62573,-1,10,lab_slots_ab_hist_rel_v2_exclude_manual_k10
62587,-1,10,lab_slots_ab_hist_rel_v2_exclude_manual_k10
62588,8,10,lab_slots_ab_hist_rel_v2_exclude_manual_k10
62589,-1,10,lab_slots_ab_hist_rel_v2_exclude_manual_k10
62590,1,10,lab_slots_ab_hist_rel_v2_exclude_manual_k10
62591,-1,10,lab_slots_ab_hist_rel_v2_exclude_manual_k10
62595,-1,10,lab_slots_ab_hist_rel_v2_exclude_manual_k10
62597,-1,10,lab_slots_ab_hist_rel_v2_exclude_manual_k10
62598,8,10,lab_slots_ab_hist_rel_v2_exclude_manual_k10
62601,-1,10,lab_slots_ab_hist_rel_v2_exclude_manual_k10
62602,8,10,lab_slots_ab_hist_rel_v2_exclude_manual_k10
62606,4,10,lab_slots_ab_hist_rel_v2_exclude_manual_k10
62609,-1,10,lab_slots_ab_hist_rel_v2_exclude_manual_k10
62611,-1,10,lab_slots_ab_hist_rel_v2_exclude_manual_k10
62613,-1,10,lab_slots_ab_hist_rel_v2_exclude_manual_k10
62614,-1,10,lab_slots_ab_hist_rel_v2_exclude_manual_k10
62615,-1,10,lab_slots_ab_hist_rel_v2_exclude_manual_k10
62616,8,10,lab_slots_ab_hist_rel_v2_exclude_manual_k10
62626,-1,10,lab_slots_ab_hist_rel_v2_exclude_manual_k10
62627,-1,10,lab_slots_ab_hist_rel_v2_exclude_manual_k10
62630,-1,10,lab_slots_ab_hist_rel_v2_exclude_manual_k10
62633,8,10,lab_slots_ab_hist_rel_v2_exclude_manual_k10
62634,-1,10,lab_slots_ab_hist_rel_v2_exclude_manual_k10
62635,-1,10,lab_slots_ab_hist_rel_v2_exclude_manual_k10
62636,8,10,lab_slots_ab_hist_rel_v2_exclude_manual_k10
62638,-1,10,lab_slots_ab_hist_rel_v2_exclude_manual_k10
62640,-1,10,lab_slots_ab_hist_rel_v2_exclude_manual_k10
62642,-1,10,lab_slots_ab_hist_rel_v2_exclude_manual_k10
62656,-1,10,lab_slots_ab_hist_rel_v2_exclude_manual_k10
62658,0,10,lab_slots_ab_hist_rel_v2_exclude_manual_k10
62666,-1,10,lab_slots_ab_hist_rel_v2_exclude_manual_k10
62668,-1,10,lab_slots_ab_hist_rel_v2_exclude_manual_k10
62677,-1,10,lab_slots_ab_hist_rel_v2_exclude_manual_k10
62681,-1,10,lab_slots_ab_hist_rel_v2_exclude_manual_k10
62684,-1,10,lab_slots_ab_hist_rel_v2_exclude_manual_k10
62686,-1,10,lab_slots_ab_hist_rel_v2_exclude_manual_k10
62690,0,10,lab_slots_ab_hist_rel_v2_exclude_manual_k10
62692,8,10,lab_slots_ab_hist_rel_v2_exclude_manual_k10
62694,-1,10,lab_slots_ab_hist_rel_v2_exclude_manual_k10
62697,1,10,lab_slots_ab_hist_rel_v2_exclude_manual_k10
62701,8,10,lab_slots_ab_hist_rel_v2_exclude_manual_k10
62702,-1,10,lab_slots_ab_hist_rel_v2_exclude_manual_k10
62703,0,10,lab_slots_ab_hist_rel_v2_exclude_manual_k10
62704,-1,10,lab_slots_ab_hist_rel_v2_exclude_manual_k10
62706,-1,10,lab_slots_ab_hist_rel_v2_exclude_manual_k10
62707,8,10,lab_slots_ab_hist_rel_v2_exclude_manual_k10
62708,-1,10,lab_slots_ab_hist_rel_v2_exclude_manual_k10
62710,3,10,lab_slots_ab_hist_rel_v2_exclude_manual_k10
62711,8,10,lab_slots_ab_hist_rel_v2_exclude_manual_k10
62712,-1,10,lab_slots_ab_hist_rel_v2_exclude_manual_k10
62713,-1,10,lab_slots_ab_hist_rel_v2_exclude_manual_k10
62714,8,10,lab_slots_ab_hist_rel_v2_exclude_manual_k10
62715,-1,10,lab_slots_ab_hist_rel_v2_exclude_manual_k10
62717,-1,10,lab_slots_ab_hist_rel_v2_exclude_manual_k10
62721,-1,10,lab_slots_ab_hist_rel_v2_exclude_manual_k10
62722,-1,10,lab_slots_ab_hist_rel_v2_exclude_manual_k10
62724,-1,10,lab_slots_ab_hist_rel_v2_exclude_manual_k10
62754,7,10,lab_slots_ab_hist_rel_v2_exclude_manual_k10
62757,8,10,lab_slots_ab_hist_rel_v2_exclude_manual_k10
62759,-1,10,lab_slots_ab_hist_rel_v2_exclude_manual_k10
62760,8,10,lab_slots_ab_hist_rel_v2_exclude_manual_k10
62761,-1,10,lab_slots_ab_hist_rel_v2_exclude_manual_k10
62762,7,10,lab_slots_ab_hist_rel_v2_exclude_manual_k10
62763,-1,10,lab_slots_ab_hist_rel_v2_exclude_manual_k10
62764,8,10,lab_slots_ab_hist_rel_v2_exclude_manual_k10
62765,-1,10,lab_slots_ab_hist_rel_v2_exclude_manual_k10
62768,8,10,lab_slots_ab_hist_rel_v2_exclude_manual_k10
62769,-1,10,lab_slots_ab_hist_rel_v2_exclude_manual_k10
62770,-1,10,lab_slots_ab_hist_rel_v2_exclude_manual_k10
62771,8,10,lab_slots_ab_hist_rel_v2_exclude_manual_k10
62772,3,10,lab_slots_ab_hist_rel_v2_exclude_manual_k10
62792,-1,10,lab_slots_ab_hist_rel_v2_exclude_manual_k10
62863,-1,10,lab_slots_ab_hist_rel_v2_exclude_manual_k10
62867,-1,10,lab_slots_ab_hist_rel_v2_exclude_manual_k10
62871,-1,10,lab_slots_ab_hist_rel_v2_exclude_manual_k10
62877,-1,10,lab_slots_ab_hist_rel_v2_exclude_manual_k10
62905,4,10,lab_slots_ab_hist_rel_v2_exclude_manual_k10
62909,-1,10,lab_slots_ab_hist_rel_v2_exclude_manual_k10
62910,-1,10,lab_slots_ab_hist_rel_v2_exclude_manual_k10
62916,-1,10,lab_slots_ab_hist_rel_v2_exclude_manual_k10
62917,-1,10,lab_slots_ab_hist_rel_v2_exclude_manual_k10
62922,-1,10,lab_slots_ab_hist_rel_v2_exclude_manual_k10
62937,-1,10,lab_slots_ab_hist_rel_v2_exclude_manual_k10
62942,-1,10,lab_slots_ab_hist_rel_v2_exclude_manual_k10
62943,-1,10,lab_slots_ab_hist_rel_v2_exclude_manual_k10
62995,-1,10,lab_slots_ab_hist_rel_v2_exclude_manual_k10
62998,-1,10,lab_slots_ab_hist_rel_v2_exclude_manual_k10
63007,-1,10,lab_slots_ab_hist_rel_v2_exclude_manual_k10
63020,-1,10,lab_slots_ab_hist_rel_v2_exclude_manual_k10
63035,-1,10,lab_slots_ab_hist_rel_v2_exclude_manual_k10
63047,-1,10,lab_slots_ab_hist_rel_v2_exclude_manual_k10
63048,-1,10,lab_slots_ab_hist_rel_v2_exclude_manual_k10
63049,-1,10,lab_slots_ab_hist_rel_v2_exclude_manual_k10
63054,-1,10,lab_slots_ab_hist_rel_v2_exclude_manual_k10
63057,2,10,lab_slots_ab_hist_rel_v2_exclude_manual_k10
63061,-1,10,lab_slots_ab_hist_rel_v2_exclude_manual_k10
63065,-1,10,lab_slots_ab_hist_rel_v2_exclude_manual_k10
63069,-1,10,lab_slots_ab_hist_rel_v2_exclude_manual_k10
63070,-1,10,lab_slots_ab_hist_rel_v2_exclude_manual_k10
63071,-1,10,lab_slots_ab_hist_rel_v2_exclude_manual_k10
63081,5,10,lab_slots_ab_hist_rel_v2_exclude_manual_k10
63082,-1,10,lab_slots_ab_hist_rel_v2_exclude_manual_k10
63083,-1,10,lab_slots_ab_hist_rel_v2_exclude_manual_k10
63084,-1,10,lab_slots_ab_hist_rel_v2_exclude_manual_k10
63085,-1,10,lab_slots_ab_hist_rel_v2_exclude_manual_k10
63087,-1,10,lab_slots_ab_hist_rel_v2_exclude_manual_k10
63088,-1,10,lab_slots_ab_hist_rel_v2_exclude_manual_k10
63090,7,10,lab_slots_ab_hist_rel_v2_exclude_manual_k10
63093,-1,10,lab_slots_ab_hist_rel_v2_exclude_manual_k10
63094,0,10,lab_slots_ab_hist_rel_v2_exclude_manual_k10
63096,7,10,lab_slots_ab_hist_rel_v2_exclude_manual_k10
63097,4,10,lab_slots_ab_hist_rel_v2_exclude_manual_k10
63099,-1,10,lab_slots_ab_hist_rel_v2_exclude_manual_k10
63100,7,10,lab_slots_ab_hist_rel_v2_exclude_manual_k10
63101,-1,10,lab_slots_ab_hist_rel_v2_exclude_manual_k10
63102,0,10,lab_slots_ab_hist_rel_v2_exclude_manual_k10
63103,1,10,lab_slots_ab_hist_rel_v2_exclude_manual_k10
63108,-1,10,lab_slots_ab_hist_rel_v2_exclude_manual_k10
63109,0,10,lab_slots_ab_hist_rel_v2_exclude_manual_k10
63119,0,10,lab_slots_ab_hist_rel_v2_exclude_manual_k10
63120,-1,10,lab_slots_ab_hist_rel_v2_exclude_manual_k10
63122,-1,10,lab_slots_ab_hist_rel_v2_exclude_manual_k10
63123,-1,10,lab_slots_ab_hist_rel_v2_exclude_manual_k10
63124,-1,10,lab_slots_ab_hist_rel_v2_exclude_manual_k10
63125,0,10,lab_slots_ab_hist_rel_v2_exclude_manual_k10
63126,-1,10,lab_slots_ab_hist_rel_v2_exclude_manual_k10
63127,4,10,lab_slots_ab_hist_rel_v2_exclude_manual_k10
63128,7,10,lab_slots_ab_hist_rel_v2_exclude_manual_k10
63129,-1,10,lab_slots_ab_hist_rel_v2_exclude_manual_k10
63131,-1,10,lab_slots_ab_hist_rel_v2_exclude_manual_k10
63132,-1,10,lab_slots_ab_hist_rel_v2_exclude_manual_k10
63133,7,10,lab_slots_ab_hist_rel_v2_exclude_manual_k10
63134,-1,10,lab_slots_ab_hist_rel_v2_exclude_manual_k10
63135,1,10,lab_slots_ab_hist_rel_v2_exclude_manual_k10
63136,-1,10,lab_slots_ab_hist_rel_v2_exclude_manual_k10
63137,-1,10,lab_slots_ab_hist_rel_v2_exclude_manual_k10
63138,-1,10,lab_slots_ab_hist_rel_v2_exclude_manual_k10
63140,-1,10,lab_slots_ab_hist_rel_v2_exclude_manual_k10
63141,5,10,lab_slots_ab_hist_rel_v2_exclude_manual_k10
63142,-1,10,lab_slots_ab_hist_rel_v2_exclude_manual_k10
63189,-1,10,lab_slots_ab_hist_rel_v2_exclude_manual_k10
63313,7,10,lab_slots_ab_hist_rel_v2_exclude_manual_k10
63328,-1,10,lab_slots_ab_hist_rel_v2_exclude_manual_k10
63329,-1,10,lab_slots_ab_hist_rel_v2_exclude_manual_k10
63526,-1,10,lab_slots_ab_hist_rel_v2_exclude_manual_k10
63531,-1,10,lab_slots_ab_hist_rel_v2_exclude_manual_k10
63539,7,10,lab_slots_ab_hist_rel_v2_exclude_manual_k10
63545,3,10,lab_slots_ab_hist_rel_v2_exclude_manual_k10
63548,7,10,lab_slots_ab_hist_rel_v2_exclude_manual_k10
63550,-1,10,lab_slots_ab_hist_rel_v2_exclude_manual_k10
63565,-1,10,lab_slots_ab_hist_rel_v2_exclude_manual_k10
63695,-1,10,lab_slots_ab_hist_rel_v2_exclude_manual_k10
63941,-1,10,lab_slots_ab_hist_rel_v2_exclude_manual_k10
63942,-1,10,lab_slots_ab_hist_rel_v2_exclude_manual_k10
64119,7,10,lab_slots_ab_hist_rel_v2_exclude_manual_k10
64921,0,10,lab_slots_ab_hist_rel_v2_exclude_manual_k10
65596,3,10,lab_slots_ab_hist_rel_v2_exclude_manual_k10
72312,7,10,lab_slots_ab_hist_rel_v2_exclude_manual_k10
72324,1,10,lab_slots_ab_hist_rel_v2_exclude_manual_k10
72420,-1,10,lab_slots_ab_hist_rel_v2_exclude_manual_k10
72737,-1,10,lab_slots_ab_hist_rel_v2_exclude_manual_k10
72738,1,10,lab_slots_ab_hist_rel_v2_exclude_manual_k10
73216,0,10,lab_slots_ab_hist_rel_v2_exclude_manual_k10
73217,1,10,lab_slots_ab_hist_rel_v2_exclude_manual_k10
73366,7,10,lab_slots_ab_hist_rel_v2_exclude_manual_k10
73635,-1,10,lab_slots_ab_hist_rel_v2_exclude_manual_k10
73676,-1,10,lab_slots_ab_hist_rel_v2_exclude_manual_k10
73810,4,10,lab_slots_ab_hist_rel_v2_exclude_manual_k10
74243,-1,10,lab_slots_ab_hist_rel_v2_exclude_manual_k10
75831,-1,10,lab_slots_ab_hist_rel_v2_exclude_manual_k10
75915,4,10,lab_slots_ab_hist_rel_v2_exclude_manual_k10
75938,-1,10,lab_slots_ab_hist_rel_v2_exclude_manual_k10
76114,-1,10,lab_slots_ab_hist_rel_v2_exclude_manual_k10
76452,-1,10,lab_slots_ab_hist_rel_v2_exclude_manual_k10
76733,0,10,lab_slots_ab_hist_rel_v2_exclude_manual_k10
78006,5,10,lab_slots_ab_hist_rel_v2_exclude_manual_k10
78432,0,10,lab_slots_ab_hist_rel_v2_exclude_manual_k10
185900,-1,10,lab_slots_ab_hist_rel_v2_exclude_manual_k10
185901,-1,10,lab_slots_ab_hist_rel_v2_exclude_manual_k10
185902,-1,10,lab_slots_ab_hist_rel_v2_exclude_manual_k10
185914,-1,10,lab_slots_ab_hist_rel_v2_exclude_manual_k10
186684,-1,10,lab_slots_ab_hist_rel_v2_exclude_manual_k10
186687,-1,10,lab_slots_ab_hist_rel_v2_exclude_manual_k10
187660,-1,10,lab_slots_ab_hist_rel_v2_exclude_manual_k10
187701,-1,10,lab_slots_ab_hist_rel_v2_exclude_manual_k10
187702,-1,10,lab_slots_ab_hist_rel_v2_exclude_manual_k10
187733,-1,10,lab_slots_ab_hist_rel_v2_exclude_manual_k10
187750,-1,10,lab_slots_ab_hist_rel_v2_exclude_manual_k10
187791,-1,10,lab_slots_ab_hist_rel_v2_exclude_manual_k10
187794,-1,10,lab_slots_ab_hist_rel_v2_exclude_manual_k10
187801,-1,10,lab_slots_ab_hist_rel_v2_exclude_manual_k10
187805,-1,10,lab_slots_ab_hist_rel_v2_exclude_manual_k10
187828,-1,10,lab_slots_ab_hist_rel_v2_exclude_manual_k10
187829,-1,10,lab_slots_ab_hist_rel_v2_exclude_manual_k10
187854,-1,10,lab_slots_ab_hist_rel_v2_exclude_manual_k10
187863,3,10,lab_slots_ab_hist_rel_v2_exclude_manual_k10
187871,-1,10,lab_slots_ab_hist_rel_v2_exclude_manual_k10
188533,-1,10,lab_slots_ab_hist_rel_v2_exclude_manual_k10
188534,-1,10,lab_slots_ab_hist_rel_v2_exclude_manual_k10
188535,-1,10,lab_slots_ab_hist_rel_v2_exclude_manual_k10
188536,-1,10,lab_slots_ab_hist_rel_v2_exclude_manual_k10
188537,-1,10,lab_slots_ab_hist_rel_v2_exclude_manual_k10
188538,-1,10,lab_slots_ab_hist_rel_v2_exclude_manual_k10
188539,0,10,lab_slots_ab_hist_rel_v2_exclude_manual_k10
188541,0,10,lab_slots_ab_hist_rel_v2_exclude_manual_k10
188556,-1,10,lab_slots_ab_hist_rel_v2_exclude_manual_k10
188563,-1,10,lab_slots_ab_hist_rel_v2_exclude_manual_k10
188633,-1,10,lab_slots_ab_hist_rel_v2_exclude_manual_k10
188645,-1,10,lab_slots_ab_hist_rel_v2_exclude_manual_k10
188753,-1,10,lab_slots_ab_hist_rel_v2_exclude_manual_k10
188765,-1,10,lab_slots_ab_hist_rel_v2_exclude_manual_k10
188777,5,10,lab_slots_ab_hist_rel_v2_exclude_manual_k10
188900,-1,10,lab_slots_ab_hist_rel_v2_exclude_manual_k10
188908,0,10,lab_slots_ab_hist_rel_v2_exclude_manual_k10
188972,0,10,lab_slots_ab_hist_rel_v2_exclude_manual_k10
188974,-1,10,lab_slots_ab_hist_rel_v2_exclude_manual_k10
188976,-1,10,lab_slots_ab_hist_rel_v2_exclude_manual_k10
188993,-1,10,lab_slots_ab_hist_rel_v2_exclude_manual_k10
188994,-1,10,lab_slots_ab_hist_rel_v2_exclude_manual_k10
188998,-1,10,lab_slots_ab_hist_rel_v2_exclude_manual_k10
190474,0,10,lab_slots_ab_hist_rel_v2_exclude_manual_k10
190547,-1,10,lab_slots_ab_hist_rel_v2_exclude_manual_k10
190600,-1,10,lab_slots_ab_hist_rel_v2_exclude_manual_k10
190647,3,10,lab_slots_ab_hist_rel_v2_exclude_manual_k10
190648,0,10,lab_slots_ab_hist_rel_v2_exclude_manual_k10
190649,-1,10,lab_slots_ab_hist_rel_v2_exclude_manual_k10
190657,-1,10,lab_slots_ab_hist_rel_v2_exclude_manual_k10
190732,-1,10,lab_slots_ab_hist_rel_v2_exclude_manual_k10
190797,-1,10,lab_slots_ab_hist_rel_v2_exclude_manual_k10
191142,-1,10,lab_slots_ab_hist_rel_v2_exclude_manual_k10
191206,7,10,lab_slots_ab_hist_rel_v2_exclude_manual_k10
191213,-1,10,lab_slots_ab_hist_rel_v2_exclude_manual_k10
191218,0,10,lab_slots_ab_hist_rel_v2_exclude_manual_k10
191344,-1,10,lab_slots_ab_hist_rel_v2_exclude_manual_k10
191375,1,10,lab_slots_ab_hist_rel_v2_exclude_manual_k10
191583,-1,10,lab_slots_ab_hist_rel_v2_exclude_manual_k10
191593,-1,10,lab_slots_ab_hist_rel_v2_exclude_manual_k10
191600,-1,10,lab_slots_ab_hist_rel_v2_exclude_manual_k10
191636,-1,10,lab_slots_ab_hist_rel_v2_exclude_manual_k10
191731,1,10,lab_slots_ab_hist_rel_v2_exclude_manual_k10
191733,0,10,lab_slots_ab_hist_rel_v2_exclude_manual_k10
191778,-1,10,lab_slots_ab_hist_rel_v2_exclude_manual_k10
191779,-1,10,lab_slots_ab_hist_rel_v2_exclude_manual_k10
191780,-1,10,lab_slots_ab_hist_rel_v2_exclude_manual_k10
192014,2,10,lab_slots_ab_hist_rel_v2_exclude_manual_k10
192034,4,10,lab_slots_ab_hist_rel_v2_exclude_manual_k10
192308,-1,10,lab_slots_ab_hist_rel_v2_exclude_manual_k10
192800,-1,10,lab_slots_ab_hist_rel_v2_exclude_manual_k10
192801,-1,10,lab_slots_ab_hist_rel_v2_exclude_manual_k10
192802,-1,10,lab_slots_ab_hist_rel_v2_exclude_manual_k10
192803,-1,10,lab_slots_ab_hist_rel_v2_exclude_manual_k10
192810,-1,10,lab_slots_ab_hist_rel_v2_exclude_manual_k10
192811,-1,10,lab_slots_ab_hist_rel_v2_exclude_manual_k10
192830,-1,10,lab_slots_ab_hist_rel_v2_exclude_manual_k10
192831,-1,10,lab_slots_ab_hist_rel_v2_exclude_manual_k10
192844,-1,10,lab_slots_ab_hist_rel_v2_exclude_manual_k10
192854,-1,10,lab_slots_ab_hist_rel_v2_exclude_manual_k10
193020,-1,10,lab_slots_ab_hist_rel_v2_exclude_manual_k10
193062,-1,10,lab_slots_ab_hist_rel_v2_exclude_manual_k10
193063,-1,10,lab_slots_ab_hist_rel_v2_exclude_manual_k10
193064,-1,10,lab_slots_ab_hist_rel_v2_exclude_manual_k10
193077,-1,10,lab_slots_ab_hist_rel_v2_exclude_manual_k10
193084,0,10,lab_slots_ab_hist_rel_v2_exclude_manual_k10
193093,2,10,lab_slots_ab_hist_rel_v2_exclude_manual_k10
193355,-1,10,lab_slots_ab_hist_rel_v2_exclude_manual_k10
193449,-1,10,lab_slots_ab_hist_rel_v2_exclude_manual_k10
194228,-1,10,lab_slots_ab_hist_rel_v2_exclude_manual_k10
194229,-1,10,lab_slots_ab_hist_rel_v2_exclude_manual_k10
194230,-1,10,lab_slots_ab_hist_rel_v2_exclude_manual_k10
194231,-1,10,lab_slots_ab_hist_rel_v2_exclude_manual_k10
194232,-1,10,lab_slots_ab_hist_rel_v2_exclude_manual_k10
194233,-1,10,lab_slots_ab_hist_rel_v2_exclude_manual_k10
194234,-1,10,lab_slots_ab_hist_rel_v2_exclude_manual_k10
194235,-1,10,lab_slots_ab_hist_rel_v2_exclude_manual_k10
194236,-1,10,lab_slots_ab_hist_rel_v2_exclude_manual_k10
194238,-1,10,lab_slots_ab_hist_rel_v2_exclude_manual_k10
194239,-1,10,lab_slots_ab_hist_rel_v2_exclude_manual_k10
194243,0,10,lab_slots_ab_hist_rel_v2_exclude_manual_k10
194251,7,10,lab_slots_ab_hist_rel_v2_exclude_manual_k10
194256,7,10,lab_slots_ab_hist_rel_v2_exclude_manual_k10
194261,-1,10,lab_slots_ab_hist_rel_v2_exclude_manual_k10
194262,-1,10,lab_slots_ab_hist_rel_v2_exclude_manual_k10
194279,-1,10,lab_slots_ab_hist_rel_v2_exclude_manual_k10
194287,-1,10,lab_slots_ab_hist_rel_v2_exclude_manual_k10
194288,2,10,lab_slots_ab_hist_rel_v2_exclude_manual_k10
194289,-1,10,lab_slots_ab_hist_rel_v2_exclude_manual_k10
194291,-1,10,lab_slots_ab_hist_rel_v2_exclude_manual_k10
194292,-1,10,lab_slots_ab_hist_rel_v2_exclude_manual_k10
194293,-1,10,lab_slots_ab_hist_rel_v2_exclude_manual_k10
194298,-1,10,lab_slots_ab_hist_rel_v2_exclude_manual_k10
194301,-1,10,lab_slots_ab_hist_rel_v2_exclude_manual_k10
194303,-1,10,lab_slots_ab_hist_rel_v2_exclude_manual_k10
194304,-1,10,lab_slots_ab_hist_rel_v2_exclude_manual_k10
194307,-1,10,lab_slots_ab_hist_rel_v2_exclude_manual_k10
194380,-1,10,lab_slots_ab_hist_rel_v2_exclude_manual_k10
194383,-1,10,lab_slots_ab_hist_rel_v2_exclude_manual_k10
194390,-1,10,lab_slots_ab_hist_rel_v2_exclude_manual_k10
194391,-1,10,lab_slots_ab_hist_rel_v2_exclude_manual_k10
194392,-1,10,lab_slots_ab_hist_rel_v2_exclude_manual_k10
194395,-1,10,lab_slots_ab_hist_rel_v2_exclude_manual_k10
194432,-1,10,lab_slots_ab_hist_rel_v2_exclude_manual_k10
194433,-1,10,lab_slots_ab_hist_rel_v2_exclude_manual_k10
194439,0,10,lab_slots_ab_hist_rel_v2_exclude_manual_k10
194471,0,10,lab_slots_ab_hist_rel_v2_exclude_manual_k10
194472,-1,10,lab_slots_ab_hist_rel_v2_exclude_manual_k10
194475,3,10,lab_slots_ab_hist_rel_v2_exclude_manual_k10
194479,-1,10,lab_slots_ab_hist_rel_v2_exclude_manual_k10
194488,-1,10,lab_slots_ab_hist_rel_v2_exclude_manual_k10
194582,-1,10,lab_slots_ab_hist_rel_v2_exclude_manual_k10
194583,-1,10,lab_slots_ab_hist_rel_v2_exclude_manual_k10
194586,-1,10,lab_slots_ab_hist_rel_v2_exclude_manual_k10
194587,-1,10,lab_slots_ab_hist_rel_v2_exclude_manual_k10
194588,-1,10,lab_slots_ab_hist_rel_v2_exclude_manual_k10
194590,-1,10,lab_slots_ab_hist_rel_v2_exclude_manual_k10
194591,-1,10,lab_slots_ab_hist_rel_v2_exclude_manual_k10
194595,-1,10,lab_slots_ab_hist_rel_v2_exclude_manual_k10
194608,-1,10,lab_slots_ab_hist_rel_v2_exclude_manual_k10
194624,-1,10,lab_slots_ab_hist_rel_v2_exclude_manual_k10
194632,1,10,lab_slots_ab_hist_rel_v2_exclude_manual_k10
194636,1,10,lab_slots_ab_hist_rel_v2_exclude_manual_k10
194637,-1,10,lab_slots_ab_hist_rel_v2_exclude_manual_k10
194639,-1,10,lab_slots_ab_hist_rel_v2_exclude_manual_k10
194644,-1,10,lab_slots_ab_hist_rel_v2_exclude_manual_k10
194906,-1,10,lab_slots_ab_hist_rel_v2_exclude_manual_k10
194960,-1,10,lab_slots_ab_hist_rel_v2_exclude_manual_k10
194961,-1,10,lab_slots_ab_hist_rel_v2_exclude_manual_k10
194963,8,10,lab_slots_ab_hist_rel_v2_exclude_manual_k10
194967,4,10,lab_slots_ab_hist_rel_v2_exclude_manual_k10
195013,-1,10,lab_slots_ab_hist_rel_v2_exclude_manual_k10
195021,-1,10,lab_slots_ab_hist_rel_v2_exclude_manual_k10
195041,-1,10,lab_slots_ab_hist_rel_v2_exclude_manual_k10
195127,-1,10,lab_slots_ab_hist_rel_v2_exclude_manual_k10
195208,-1,10,lab_slots_ab_hist_rel_v2_exclude_manual_k10
195209,-1,10,lab_slots_ab_hist_rel_v2_exclude_manual_k10
195217,-1,10,lab_slots_ab_hist_rel_v2_exclude_manual_k10
195272,-1,10,lab_slots_ab_hist_rel_v2_exclude_manual_k10
195273,-1,10,lab_slots_ab_hist_rel_v2_exclude_manual_k10
195302,-1,10,lab_slots_ab_hist_rel_v2_exclude_manual_k10
195307,-1,10,lab_slots_ab_hist_rel_v2_exclude_manual_k10
195499,-1,10,lab_slots_ab_hist_rel_v2_exclude_manual_k10
195500,-1,10,lab_slots_ab_hist_rel_v2_exclude_manual_k10
195501,-1,10,lab_slots_ab_hist_rel_v2_exclude_manual_k10
195741,-1,10,lab_slots_ab_hist_rel_v2_exclude_manual_k10
195742,-1,10,lab_slots_ab_hist_rel_v2_exclude_manual_k10
195766,-1,10,lab_slots_ab_hist_rel_v2_exclude_manual_k10
195774,-1,10,lab_slots_ab_hist_rel_v2_exclude_manual_k10
195775,-1,10,lab_slots_ab_hist_rel_v2_exclude_manual_k10
195780,4,10,lab_slots_ab_hist_rel_v2_exclude_manual_k10
196343,-1,10,lab_slots_ab_hist_rel_v2_exclude_manual_k10
196344,-1,10,lab_slots_ab_hist_rel_v2_exclude_manual_k10
196359,-1,10,lab_slots_ab_hist_rel_v2_exclude_manual_k10
196360,-1,10,lab_slots_ab_hist_rel_v2_exclude_manual_k10
196361,-1,10,lab_slots_ab_hist_rel_v2_exclude_manual_k10
196544,1,10,lab_slots_ab_hist_rel_v2_exclude_manual_k10
196553,-1,10,lab_slots_ab_hist_rel_v2_exclude_manual_k10
196567,-1,10,lab_slots_ab_hist_rel_v2_exclude_manual_k10
196568,-1,10,lab_slots_ab_hist_rel_v2_exclude_manual_k10
196601,-1,10,lab_slots_ab_hist_rel_v2_exclude_manual_k10
196741,-1,10,lab_slots_ab_hist_rel_v2_exclude_manual_k10
197018,5,10,lab_slots_ab_hist_rel_v2_exclude_manual_k10
197219,-1,10,lab_slots_ab_hist_rel_v2_exclude_manual_k10
197220,-1,10,lab_slots_ab_hist_rel_v2_exclude_manual_k10
197222,-1,10,lab_slots_ab_hist_rel_v2_exclude_manual_k10
197223,-1,10,lab_slots_ab_hist_rel_v2_exclude_manual_k10
197224,-1,10,lab_slots_ab_hist_rel_v2_exclude_manual_k10
197225,-1,10,lab_slots_ab_hist_rel_v2_exclude_manual_k10
197232,-1,10,lab_slots_ab_hist_rel_v2_exclude_manual_k10
197233,-1,10,lab_slots_ab_hist_rel_v2_exclude_manual_k10
197485,7,10,lab_slots_ab_hist_rel_v2_exclude_manual_k10
197515,8,10,lab_slots_ab_hist_rel_v2_exclude_manual_k10
197532,1,10,lab_slots_ab_hist_rel_v2_exclude_manual_k10
197552,-1,10,lab_slots_ab_hist_rel_v2_exclude_manual_k10
197558,-1,10,lab_slots_ab_hist_rel_v2_exclude_manual_k10
197570,-1,10,lab_slots_ab_hist_rel_v2_exclude_manual_k10
197571,-1,10,lab_slots_ab_hist_rel_v2_exclude_manual_k10
197572,-1,10,lab_slots_ab_hist_rel_v2_exclude_manual_k10
197580,-1,10,lab_slots_ab_hist_rel_v2_exclude_manual_k10
197605,-1,10,lab_slots_ab_hist_rel_v2_exclude_manual_k10
197612,-1,10,lab_slots_ab_hist_rel_v2_exclude_manual_k10
197613,-1,10,lab_slots_ab_hist_rel_v2_exclude_manual_k10
197614,-1,10,lab_slots_ab_hist_rel_v2_exclude_manual_k10
197616,-1,10,lab_slots_ab_hist_rel_v2_exclude_manual_k10
197819,0,10,lab_slots_ab_hist_rel_v2_exclude_manual_k10
197824,8,10,lab_slots_ab_hist_rel_v2_exclude_manual_k10
197829,-1,10,lab_slots_ab_hist_rel_v2_exclude_manual_k10
197993,-1,10,lab_slots_ab_hist_rel_v2_exclude_manual_k10
198006,-1,10,lab_slots_ab_hist_rel_v2_exclude_manual_k10
198321,-1,10,lab_slots_ab_hist_rel_v2_exclude_manual_k10
198322,-1,10,lab_slots_ab_hist_rel_v2_exclude_manual_k10
198409,1,10,lab_slots_ab_hist_rel_v2_exclude_manual_k10
198416,-1,10,lab_slots_ab_hist_rel_v2_exclude_manual_k10
198426,1,10,lab_slots_ab_hist_rel_v2_exclude_manual_k10
198432,1,10,lab_slots_ab_hist_rel_v2_exclude_manual_k10
198497,-1,10,lab_slots_ab_hist_rel_v2_exclude_manual_k10
198500,-1,10,lab_slots_ab_hist_rel_v2_exclude_manual_k10
198507,-1,10,lab_slots_ab_hist_rel_v2_exclude_manual_k10
198575,-1,10,lab_slots_ab_hist_rel_v2_exclude_manual_k10
198669,-1,10,lab_slots_ab_hist_rel_v2_exclude_manual_k10
198670,1,10,lab_slots_ab_hist_rel_v2_exclude_manual_k10
198707,-1,10,lab_slots_ab_hist_rel_v2_exclude_manual_k10
198777,-1,10,lab_slots_ab_hist_rel_v2_exclude_manual_k10
198778,-1,10,lab_slots_ab_hist_rel_v2_exclude_manual_k10
198780,-1,10,lab_slots_ab_hist_rel_v2_exclude_manual_k10
198781,-1,10,lab_slots_ab_hist_rel_v2_exclude_manual_k10
198784,-1,10,lab_slots_ab_hist_rel_v2_exclude_manual_k10
198939,-1,10,lab_slots_ab_hist_rel_v2_exclude_manual_k10
198940,-1,10,lab_slots_ab_hist_rel_v2_exclude_manual_k10
198941,-1,10,lab_slots_ab_hist_rel_v2_exclude_manual_k10
198947,-1,10,lab_slots_ab_hist_rel_v2_exclude_manual_k10
198963,-1,10,lab_slots_ab_hist_rel_v2_exclude_manual_k10
198972,-1,10,lab_slots_ab_hist_rel_v2_exclude_manual_k10
198973,-1,10,lab_slots_ab_hist_rel_v2_exclude_manual_k10
198974,-1,10,lab_slots_ab_hist_rel_v2_exclude_manual_k10
199026,-1,10,lab_slots_ab_hist_rel_v2_exclude_manual_k10
199039,-1,10,lab_slots_ab_hist_rel_v2_exclude_manual_k10
199051,-1,10,lab_slots_ab_hist_rel_v2_exclude_manual_k10
199110,-1,10,lab_slots_ab_hist_rel_v2_exclude_manual_k10
199111,-1,10,lab_slots_ab_hist_rel_v2_exclude_manual_k10
199132,-1,10,lab_slots_ab_hist_rel_v2_exclude_manual_k10
199134,-1,10,lab_slots_ab_hist_rel_v2_exclude_manual_k10
199135,5,10,lab_slots_ab_hist_rel_v2_exclude_manual_k10
199181,-1,10,lab_slots_ab_hist_rel_v2_exclude_manual_k10
199195,-1,10,lab_slots_ab_hist_rel_v2_exclude_manual_k10
199238,-1,10,lab_slots_ab_hist_rel_v2_exclude_manual_k10
199261,-1,10,lab_slots_ab_hist_rel_v2_exclude_manual_k10
199271,-1,10,lab_slots_ab_hist_rel_v2_exclude_manual_k10
199273,-1,10,lab_slots_ab_hist_rel_v2_exclude_manual_k10
199285,-1,10,lab_slots_ab_hist_rel_v2_exclude_manual_k10
199320,-1,10,lab_slots_ab_hist_rel_v2_exclude_manual_k10
199334,0,10,lab_slots_ab_hist_rel_v2_exclude_manual_k10
199335,-1,10,lab_slots_ab_hist_rel_v2_exclude_manual_k10
199337,-1,10,lab_slots_ab_hist_rel_v2_exclude_manual_k10
199338,-1,10,lab_slots_ab_hist_rel_v2_exclude_manual_k10
199343,-1,10,lab_slots_ab_hist_rel_v2_exclude_manual_k10
199348,5,10,lab_slots_ab_hist_rel_v2_exclude_manual_k10
199372,-1,10,lab_slots_ab_hist_rel_v2_exclude_manual_k10
199384,-1,10,lab_slots_ab_hist_rel_v2_exclude_manual_k10
199415,4,10,lab_slots_ab_hist_rel_v2_exclude_manual_k10
199417,2,10,lab_slots_ab_hist_rel_v2_exclude_manual_k10
199461,-1,10,lab_slots_ab_hist_rel_v2_exclude_manual_k10
199466,-1,10,lab_slots_ab_hist_rel_v2_exclude_manual_k10
199470,-1,10,lab_slots_ab_hist_rel_v2_exclude_manual_k10
199515,-1,10,lab_slots_ab_hist_rel_v2_exclude_manual_k10
199532,7,10,lab_slots_ab_hist_rel_v2_exclude_manual_k10
199533,7,10,lab_slots_ab_hist_rel_v2_exclude_manual_k10
199534,1,10,lab_slots_ab_hist_rel_v2_exclude_manual_k10
199542,-1,10,lab_slots_ab_hist_rel_v2_exclude_manual_k10
199559,-1,10,lab_slots_ab_hist_rel_v2_exclude_manual_k10
199568,-1,10,lab_slots_ab_hist_rel_v2_exclude_manual_k10
199569,-1,10,lab_slots_ab_hist_rel_v2_exclude_manual_k10
199570,-1,10,lab_slots_ab_hist_rel_v2_exclude_manual_k10
199579,-1,10,lab_slots_ab_hist_rel_v2_exclude_manual_k10
199582,-1,10,lab_slots_ab_hist_rel_v2_exclude_manual_k10
199601,-1,10,lab_slots_ab_hist_rel_v2_exclude_manual_k10
199670,-1,10,lab_slots_ab_hist_rel_v2_exclude_manual_k10
199719,-1,10,lab_slots_ab_hist_rel_v2_exclude_manual_k10
199720,-1,10,lab_slots_ab_hist_rel_v2_exclude_manual_k10
199721,-1,10,lab_slots_ab_hist_rel_v2_exclude_manual_k10
199722,-1,10,lab_slots_ab_hist_rel_v2_exclude_manual_k10
199726,-1,10,lab_slots_ab_hist_rel_v2_exclude_manual_k10
199727,-1,10,lab_slots_ab_hist_rel_v2_exclude_manual_k10
199730,-1,10,lab_slots_ab_hist_rel_v2_exclude_manual_k10
199731,-1,10,lab_slots_ab_hist_rel_v2_exclude_manual_k10
199732,-1,10,lab_slots_ab_hist_rel_v2_exclude_manual_k10
199733,-1,10,lab_slots_ab_hist_rel_v2_exclude_manual_k10
199744,-1,10,lab_slots_ab_hist_rel_v2_exclude_manual_k10
199745,-1,10,lab_slots_ab_hist_rel_v2_exclude_manual_k10
199751,-1,10,lab_slots_ab_hist_rel_v2_exclude_manual_k10
199752,-1,10,lab_slots_ab_hist_rel_v2_exclude_manual_k10
199765,9,10,lab_slots_ab_hist_rel_v2_exclude_manual_k10
199775,-1,10,lab_slots_ab_hist_rel_v2_exclude_manual_k10
199886,-1,10,lab_slots_ab_hist_rel_v2_exclude_manual_k10
200622,-1,10,lab_slots_ab_hist_rel_v2_exclude_manual_k10
200670,-1,10,lab_slots_ab_hist_rel_v2_exclude_manual_k10
200726,-1,10,lab_slots_ab_hist_rel_v2_exclude_manual_k10
200730,-1,10,lab_slots_ab_hist_rel_v2_exclude_manual_k10
200772,-1,10,lab_slots_ab_hist_rel_v2_exclude_manual_k10
200823,-1,10,lab_slots_ab_hist_rel_v2_exclude_manual_k10
200827,-1,10,lab_slots_ab_hist_rel_v2_exclude_manual_k10
200839,-1,10,lab_slots_ab_hist_rel_v2_exclude_manual_k10
200840,-1,10,lab_slots_ab_hist_rel_v2_exclude_manual_k10
200841,-1,10,lab_slots_ab_hist_rel_v2_exclude_manual_k10
200873,-1,10,lab_slots_ab_hist_rel_v2_exclude_manual_k10
200875,-1,10,lab_slots_ab_hist_rel_v2_exclude_manual_k10
200876,-1,10,lab_slots_ab_hist_rel_v2_exclude_manual_k10
200879,-1,10,lab_slots_ab_hist_rel_v2_exclude_manual_k10
200880,-1,10,lab_slots_ab_hist_rel_v2_exclude_manual_k10
200885,-1,10,lab_slots_ab_hist_rel_v2_exclude_manual_k10
200886,-1,10,lab_slots_ab_hist_rel_v2_exclude_manual_k10
200891,-1,10,lab_slots_ab_hist_rel_v2_exclude_manual_k10
200892,-1,10,lab_slots_ab_hist_rel_v2_exclude_manual_k10
200894,1,10,lab_slots_ab_hist_rel_v2_exclude_manual_k10
200895,-1,10,lab_slots_ab_hist_rel_v2_exclude_manual_k10
200911,-1,10,lab_slots_ab_hist_rel_v2_exclude_manual_k10
200928,-1,10,lab_slots_ab_hist_rel_v2_exclude_manual_k10
200962,-1,10,lab_slots_ab_hist_rel_v2_exclude_manual_k10
201054,-1,10,lab_slots_ab_hist_rel_v2_exclude_manual_k10
201289,-1,10,lab_slots_ab_hist_rel_v2_exclude_manual_k10
201290,-1,10,lab_slots_ab_hist_rel_v2_exclude_manual_k10
201299,-1,10,lab_slots_ab_hist_rel_v2_exclude_manual_k10
201408,-1,10,lab_slots_ab_hist_rel_v2_exclude_manual_k10
201610,-1,10,lab_slots_ab_hist_rel_v2_exclude_manual_k10
201695,-1,10,lab_slots_ab_hist_rel_v2_exclude_manual_k10
201716,-1,10,lab_slots_ab_hist_rel_v2_exclude_manual_k10
201732,-1,10,lab_slots_ab_hist_rel_v2_exclude_manual_k10
201751,-1,10,lab_slots_ab_hist_rel_v2_exclude_manual_k10
201752,-1,10,lab_slots_ab_hist_rel_v2_exclude_manual_k10
201753,-1,10,lab_slots_ab_hist_rel_v2_exclude_manual_k10
201756,7,10,lab_slots_ab_hist_rel_v2_exclude_manual_k10
201758,2,10,lab_slots_ab_hist_rel_v2_exclude_manual_k10
201762,-1,10,lab_slots_ab_hist_rel_v2_exclude_manual_k10
201798,-1,10,lab_slots_ab_hist_rel_v2_exclude_manual_k10
201881,-1,10,lab_slots_ab_hist_rel_v2_exclude_manual_k10
202124,-1,10,lab_slots_ab_hist_rel_v2_exclude_manual_k10
202171,-1,10,lab_slots_ab_hist_rel_v2_exclude_manual_k10
202178,-1,10,lab_slots_ab_hist_rel_v2_exclude_manual_k10
202183,-1,10,lab_slots_ab_hist_rel_v2_exclude_manual_k10
202184,-1,10,lab_slots_ab_hist_rel_v2_exclude_manual_k10
202191,-1,10,lab_slots_ab_hist_rel_v2_exclude_manual_k10
202192,-1,10,lab_slots_ab_hist_rel_v2_exclude_manual_k10
202193,-1,10,lab_slots_ab_hist_rel_v2_exclude_manual_k10
202205,-1,10,lab_slots_ab_hist_rel_v2_exclude_manual_k10
202215,-1,10,lab_slots_ab_hist_rel_v2_exclude_manual_k10
202218,-1,10,lab_slots_ab_hist_rel_v2_exclude_manual_k10
202243,5,10,lab_slots_ab_hist_rel_v2_exclude_manual_k10
202473,-1,10,lab_slots_ab_hist_rel_v2_exclude_manual_k10
202581,-1,10,lab_slots_ab_hist_rel_v2_exclude_manual_k10
202967,-1,10,lab_slots_ab_hist_rel_v2_exclude_manual_k10
203192,-1,10,lab_slots_ab_hist_rel_v2_exclude_manual_k10
203257,-1,10,lab_slots_ab_hist_rel_v2_exclude_manual_k10
203266,4,10,lab_slots_ab_hist_rel_v2_exclude_manual_k10
203276,-1,10,lab_slots_ab_hist_rel_v2_exclude_manual_k10
203278,7,10,lab_slots_ab_hist_rel_v2_exclude_manual_k10
203282,-1,10,lab_slots_ab_hist_rel_v2_exclude_manual_k10
203297,-1,10,lab_slots_ab_hist_rel_v2_exclude_manual_k10
203298,1,10,lab_slots_ab_hist_rel_v2_exclude_manual_k10
203299,1,10,lab_slots_ab_hist_rel_v2_exclude_manual_k10
203363,-1,10,lab_slots_ab_hist_rel_v2_exclude_manual_k10
203377,-1,10,lab_slots_ab_hist_rel_v2_exclude_manual_k10
203378,-1,10,lab_slots_ab_hist_rel_v2_exclude_manual_k10
203607,-1,10,lab_slots_ab_hist_rel_v2_exclude_manual_k10
203612,-1,10,lab_slots_ab_hist_rel_v2_exclude_manual_k10
204026,-1,10,lab_slots_ab_hist_rel_v2_exclude_manual_k10
204046,-1,10,lab_slots_ab_hist_rel_v2_exclude_manual_k10
204047,1,10,lab_slots_ab_hist_rel_v2_exclude_manual_k10
204058,-1,10,lab_slots_ab_hist_rel_v2_exclude_manual_k10
204062,-1,10,lab_slots_ab_hist_rel_v2_exclude_manual_k10
204066,-1,10,lab_slots_ab_hist_rel_v2_exclude_manual_k10
204070,-1,10,lab_slots_ab_hist_rel_v2_exclude_manual_k10
204071,-1,10,lab_slots_ab_hist_rel_v2_exclude_manual_k10
204072,1,10,lab_slots_ab_hist_rel_v2_exclude_manual_k10
204075,-1,10,lab_slots_ab_hist_rel_v2_exclude_manual_k10
204084,1,10,lab_slots_ab_hist_rel_v2_exclude_manual_k10
204090,1,10,lab_slots_ab_hist_rel_v2_exclude_manual_k10
204098,-1,10,lab_slots_ab_hist_rel_v2_exclude_manual_k10
204350,3,10,lab_slots_ab_hist_rel_v2_exclude_manual_k10
204351,-1,10,lab_slots_ab_hist_rel_v2_exclude_manual_k10
204352,-1,10,lab_slots_ab_hist_rel_v2_exclude_manual_k10
204354,-1,10,lab_slots_ab_hist_rel_v2_exclude_manual_k10
204355,-1,10,lab_slots_ab_hist_rel_v2_exclude_manual_k10
204356,3,10,lab_slots_ab_hist_rel_v2_exclude_manual_k10
204360,4,10,lab_slots_ab_hist_rel_v2_exclude_manual_k10
204363,-1,10,lab_slots_ab_hist_rel_v2_exclude_manual_k10
204364,-1,10,lab_slots_ab_hist_rel_v2_exclude_manual_k10
204368,-1,10,lab_slots_ab_hist_rel_v2_exclude_manual_k10
204370,-1,10,lab_slots_ab_hist_rel_v2_exclude_manual_k10
204372,-1,10,lab_slots_ab_hist_rel_v2_exclude_manual_k10
204374,-1,10,lab_slots_ab_hist_rel_v2_exclude_manual_k10
204377,0,10,lab_slots_ab_hist_rel_v2_exclude_manual_k10
204378,-1,10,lab_slots_ab_hist_rel_v2_exclude_manual_k10
204380,2,10,lab_slots_ab_hist_rel_v2_exclude_manual_k10
204382,-1,10,lab_slots_ab_hist_rel_v2_exclude_manual_k10
204383,-1,10,lab_slots_ab_hist_rel_v2_exclude_manual_k10
204384,0,10,lab_slots_ab_hist_rel_v2_exclude_manual_k10
204385,-1,10,lab_slots_ab_hist_rel_v2_exclude_manual_k10
204386,-1,10,lab_slots_ab_hist_rel_v2_exclude_manual_k10
204387,0,10,lab_slots_ab_hist_rel_v2_exclude_manual_k10
204390,-1,10,lab_slots_ab_hist_rel_v2_exclude_manual_k10
204391,-1,10,lab_slots_ab_hist_rel_v2_exclude_manual_k10
204392,-1,10,lab_slots_ab_hist_rel_v2_exclude_manual_k10
204396,0,10,lab_slots_ab_hist_rel_v2_exclude_manual_k10
204403,-1,10,lab_slots_ab_hist_rel_v2_exclude_manual_k10
204414,4,10,lab_slots_ab_hist_rel_v2_exclude_manual_k10
204415,-1,10,lab_slots_ab_hist_rel_v2_exclude_manual_k10
204423,-1,10,lab_slots_ab_hist_rel_v2_exclude_manual_k10
204511,-1,10,lab_slots_ab_hist_rel_v2_exclude_manual_k10
204512,-1,10,lab_slots_ab_hist_rel_v2_exclude_manual_k10
204513,-1,10,lab_slots_ab_hist_rel_v2_exclude_manual_k10
204514,-1,10,lab_slots_ab_hist_rel_v2_exclude_manual_k10
204515,-1,10,lab_slots_ab_hist_rel_v2_exclude_manual_k10
204524,-1,10,lab_slots_ab_hist_rel_v2_exclude_manual_k10
204671,-1,10,lab_slots_ab_hist_rel_v2_exclude_manual_k10
204753,7,10,lab_slots_ab_hist_rel_v2_exclude_manual_k10
204844,-1,10,lab_slots_ab_hist_rel_v2_exclude_manual_k10
205087,-1,10,lab_slots_ab_hist_rel_v2_exclude_manual_k10
205096,-1,10,lab_slots_ab_hist_rel_v2_exclude_manual_k10
205100,-1,10,lab_slots_ab_hist_rel_v2_exclude_manual_k10
205321,-1,10,lab_slots_ab_hist_rel_v2_exclude_manual_k10
205322,-1,10,lab_slots_ab_hist_rel_v2_exclude_manual_k10
205323,-1,10,lab_slots_ab_hist_rel_v2_exclude_manual_k10
205324,-1,10,lab_slots_ab_hist_rel_v2_exclude_manual_k10
205325,-1,10,lab_slots_ab_hist_rel_v2_exclude_manual_k10
205326,-1,10,lab_slots_ab_hist_rel_v2_exclude_manual_k10
205327,-1,10,lab_slots_ab_hist_rel_v2_exclude_manual_k10
205328,2,10,lab_slots_ab_hist_rel_v2_exclude_manual_k10
205330,-1,10,lab_slots_ab_hist_rel_v2_exclude_manual_k10
205335,-1,10,lab_slots_ab_hist_rel_v2_exclude_manual_k10
205336,-1,10,lab_slots_ab_hist_rel_v2_exclude_manual_k10
205378,6,10,lab_slots_ab_hist_rel_v2_exclude_manual_k10
205379,6,10,lab_slots_ab_hist_rel_v2_exclude_manual_k10
205381,-1,10,lab_slots_ab_hist_rel_v2_exclude_manual_k10
205382,1,10,lab_slots_ab_hist_rel_v2_exclude_manual_k10
205470,8,10,lab_slots_ab_hist_rel_v2_exclude_manual_k10
205476,7,10,lab_slots_ab_hist_rel_v2_exclude_manual_k10
205826,-1,10,lab_slots_ab_hist_rel_v2_exclude_manual_k10
205827,-1,10,lab_slots_ab_hist_rel_v2_exclude_manual_k10
205832,-1,10,lab_slots_ab_hist_rel_v2_exclude_manual_k10
205835,-1,10,lab_slots_ab_hist_rel_v2_exclude_manual_k10
205845,-1,10,lab_slots_ab_hist_rel_v2_exclude_manual_k10
205878,-1,10,lab_slots_ab_hist_rel_v2_exclude_manual_k10
205919,-1,10,lab_slots_ab_hist_rel_v2_exclude_manual_k10
205922,-1,10,lab_slots_ab_hist_rel_v2_exclude_manual_k10
205936,-1,10,lab_slots_ab_hist_rel_v2_exclude_manual_k10
205973,-1,10,lab_slots_ab_hist_rel_v2_exclude_manual_k10
205979,-1,10,lab_slots_ab_hist_rel_v2_exclude_manual_k10
206024,5,10,lab_slots_ab_hist_rel_v2_exclude_manual_k10
206025,-1,10,lab_slots_ab_hist_rel_v2_exclude_manual_k10
206073,1,10,lab_slots_ab_hist_rel_v2_exclude_manual_k10
206107,-1,10,lab_slots_ab_hist_rel_v2_exclude_manual_k10
206142,-1,10,lab_slots_ab_hist_rel_v2_exclude_manual_k10
206318,-1,10,lab_slots_ab_hist_rel_v2_exclude_manual_k10
206319,-1,10,lab_slots_ab_hist_rel_v2_exclude_manual_k10
206328,8,10,lab_slots_ab_hist_rel_v2_exclude_manual_k10
206385,-1,10,lab_slots_ab_hist_rel_v2_exclude_manual_k10
206392,1,10,lab_slots_ab_hist_rel_v2_exclude_manual_k10
206393,-1,10,lab_slots_ab_hist_rel_v2_exclude_manual_k10
206433,-1,10,lab_slots_ab_hist_rel_v2_exclude_manual_k10
206454,-1,10,lab_slots_ab_hist_rel_v2_exclude_manual_k10
206522,-1,10,lab_slots_ab_hist_rel_v2_exclude_manual_k10
206629,-1,10,lab_slots_ab_hist_rel_v2_exclude_manual_k10
206654,-1,10,lab_slots_ab_hist_rel_v2_exclude_manual_k10
206669,-1,10,lab_slots_ab_hist_rel_v2_exclude_manual_k10
206742,-1,10,lab_slots_ab_hist_rel_v2_exclude_manual_k10
206796,-1,10,lab_slots_ab_hist_rel_v2_exclude_manual_k10
206914,-1,10,lab_slots_ab_hist_rel_v2_exclude_manual_k10
207123,-1,10,lab_slots_ab_hist_rel_v2_exclude_manual_k10
207124,-1,10,lab_slots_ab_hist_rel_v2_exclude_manual_k10
207145,-1,10,lab_slots_ab_hist_rel_v2_exclude_manual_k10
207383,-1,10,lab_slots_ab_hist_rel_v2_exclude_manual_k10
207399,-1,10,lab_slots_ab_hist_rel_v2_exclude_manual_k10
207404,-1,10,lab_slots_ab_hist_rel_v2_exclude_manual_k10
207469,-1,10,lab_slots_ab_hist_rel_v2_exclude_manual_k10
207470,-1,10,lab_slots_ab_hist_rel_v2_exclude_manual_k10
207564,-1,10,lab_slots_ab_hist_rel_v2_exclude_manual_k10
207713,-1,10,lab_slots_ab_hist_rel_v2_exclude_manual_k10
207745,-1,10,lab_slots_ab_hist_rel_v2_exclude_manual_k10
207775,0,10,lab_slots_ab_hist_rel_v2_exclude_manual_k10
207776,-1,10,lab_slots_ab_hist_rel_v2_exclude_manual_k10
207777,-1,10,lab_slots_ab_hist_rel_v2_exclude_manual_k10
207779,-1,10,lab_slots_ab_hist_rel_v2_exclude_manual_k10
207815,1,10,lab_slots_ab_hist_rel_v2_exclude_manual_k10
207847,7,10,lab_slots_ab_hist_rel_v2_exclude_manual_k10
207850,-1,10,lab_slots_ab_hist_rel_v2_exclude_manual_k10
207983,-1,10,lab_slots_ab_hist_rel_v2_exclude_manual_k10
207990,-1,10,lab_slots_ab_hist_rel_v2_exclude_manual_k10
208001,1,10,lab_slots_ab_hist_rel_v2_exclude_manual_k10
208006,-1,10,lab_slots_ab_hist_rel_v2_exclude_manual_k10
208009,-1,10,lab_slots_ab_hist_rel_v2_exclude_manual_k10
208029,7,10,lab_slots_ab_hist_rel_v2_exclude_manual_k10
208035,-1,10,lab_slots_ab_hist_rel_v2_exclude_manual_k10
208036,-1,10,lab_slots_ab_hist_rel_v2_exclude_manual_k10
208040,-1,10,lab_slots_ab_hist_rel_v2_exclude_manual_k10
208083,-1,10,lab_slots_ab_hist_rel_v2_exclude_manual_k10
208120,-1,10,lab_slots_ab_hist_rel_v2_exclude_manual_k10
208121,-1,10,lab_slots_ab_hist_rel_v2_exclude_manual_k10
208122,-1,10,lab_slots_ab_hist_rel_v2_exclude_manual_k10
208140,6,10,lab_slots_ab_hist_rel_v2_exclude_manual_k10
208152,4,10,lab_slots_ab_hist_rel_v2_exclude_manual_k10
208156,4,10,lab_slots_ab_hist_rel_v2_exclude_manual_k10
208181,-1,10,lab_slots_ab_hist_rel_v2_exclude_manual_k10
208199,-1,10,lab_slots_ab_hist_rel_v2_exclude_manual_k10
208243,-1,10,lab_slots_ab_hist_rel_v2_exclude_manual_k10
208245,-1,10,lab_slots_ab_hist_rel_v2_exclude_manual_k10
208248,-1,10,lab_slots_ab_hist_rel_v2_exclude_manual_k10
208279,-1,10,lab_slots_ab_hist_rel_v2_exclude_manual_k10
208307,-1,10,lab_slots_ab_hist_rel_v2_exclude_manual_k10
208337,1,10,lab_slots_ab_hist_rel_v2_exclude_manual_k10
208387,-1,10,lab_slots_ab_hist_rel_v2_exclude_manual_k10
208388,5,10,lab_slots_ab_hist_rel_v2_exclude_manual_k10
208389,-1,10,lab_slots_ab_hist_rel_v2_exclude_manual_k10
208397,1,10,lab_slots_ab_hist_rel_v2_exclude_manual_k10
208398,5,10,lab_slots_ab_hist_rel_v2_exclude_manual_k10
208403,1,10,lab_slots_ab_hist_rel_v2_exclude_manual_k10
208409,1,10,lab_slots_ab_hist_rel_v2_exclude_manual_k10
208421,-1,10,lab_slots_ab_hist_rel_v2_exclude_manual_k10
208422,-1,10,lab_slots_ab_hist_rel_v2_exclude_manual_k10
208439,-1,10,lab_slots_ab_hist_rel_v2_exclude_manual_k10
208440,-1,10,lab_slots_ab_hist_rel_v2_exclude_manual_k10
208450,1,10,lab_slots_ab_hist_rel_v2_exclude_manual_k10
208486,1,10,lab_slots_ab_hist_rel_v2_exclude_manual_k10
208542,-1,10,lab_slots_ab_hist_rel_v2_exclude_manual_k10
208546,-1,10,lab_slots_ab_hist_rel_v2_exclude_manual_k10
208556,7,10,lab_slots_ab_hist_rel_v2_exclude_manual_k10
208806,-1,10,lab_slots_ab_hist_rel_v2_exclude_manual_k10
208811,5,10,lab_slots_ab_hist_rel_v2_exclude_manual_k10
208822,-1,10,lab_slots_ab_hist_rel_v2_exclude_manual_k10
209254,-1,10,lab_slots_ab_hist_rel_v2_exclude_manual_k10
209256,-1,10,lab_slots_ab_hist_rel_v2_exclude_manual_k10
209997,3,10,lab_slots_ab_hist_rel_v2_exclude_manual_k10
210743,-1,10,lab_slots_ab_hist_rel_v2_exclude_manual_k10
210750,-1,10,lab_slots_ab_hist_rel_v2_exclude_manual_k10
210783,1,10,lab_slots_ab_hist_rel_v2_exclude_manual_k10
231768,-1,10,lab_slots_ab_hist_rel_v2_exclude_manual_k10
231832,4,10,lab_slots_ab_hist_rel_v2_exclude_manual_k10
232205,8,10,lab_slots_ab_hist_rel_v2_exclude_manual_k10
232222,2,10,lab_slots_ab_hist_rel_v2_exclude_manual_k10
232384,-1,10,lab_slots_ab_hist_rel_v2_exclude_manual_k10
234894,1,10,lab_slots_ab_hist_rel_v2_exclude_manual_k10
238560,0,10,lab_slots_ab_hist_rel_v2_exclude_manual_k10
239354,-1,10,lab_slots_ab_hist_rel_v2_exclude_manual_k10
239355,-1,10,lab_slots_ab_hist_rel_v2_exclude_manual_k10
239357,-1,10,lab_slots_ab_hist_rel_v2_exclude_manual_k10
239358,-1,10,lab_slots_ab_hist_rel_v2_exclude_manual_k10
239359,7,10,lab_slots_ab_hist_rel_v2_exclude_manual_k10
239363,0,10,lab_slots_ab_hist_rel_v2_exclude_manual_k10
239364,3,10,lab_slots_ab_hist_rel_v2_exclude_manual_k10
239483,0,10,lab_slots_ab_hist_rel_v2_exclude_manual_k10
239486,-1,10,lab_slots_ab_hist_rel_v2_exclude_manual_k10
239488,0,10,lab_slots_ab_hist_rel_v2_exclude_manual_k10
239494,4,10,lab_slots_ab_hist_rel_v2_exclude_manual_k10
239496,-1,10,lab_slots_ab_hist_rel_v2_exclude_manual_k10
239498,4,10,lab_slots_ab_hist_rel_v2_exclude_manual_k10
239499,0,10,lab_slots_ab_hist_rel_v2_exclude_manual_k10
239504,7,10,lab_slots_ab_hist_rel_v2_exclude_manual_k10
239506,-1,10,lab_slots_ab_hist_rel_v2_exclude_manual_k10
239561,3,10,lab_slots_ab_hist_rel_v2_exclude_manual_k10
239563,0,10,lab_slots_ab_hist_rel_v2_exclude_manual_k10
239963,3,10,lab_slots_ab_hist_rel_v2_exclude_manual_k10
239987,7,10,lab_slots_ab_hist_rel_v2_exclude_manual_k10
239990,8,10,lab_slots_ab_hist_rel_v2_exclude_manual_k10
239997,8,10,lab_slots_ab_hist_rel_v2_exclude_manual_k10
240000,7,10,lab_slots_ab_hist_rel_v2_exclude_manual_k10
240009,4,10,lab_slots_ab_hist_rel_v2_exclude_manual_k10
240015,7,10,lab_slots_ab_hist_rel_v2_exclude_manual_k10
240016,3,10,lab_slots_ab_hist_rel_v2_exclude_manual_k10
240048,0,10,lab_slots_ab_hist_rel_v2_exclude_manual_k10
240063,4,10,lab_slots_ab_hist_rel_v2_exclude_manual_k10
240065,3,10,lab_slots_ab_hist_rel_v2_exclude_manual_k10
240070,-1,10,lab_slots_ab_hist_rel_v2_exclude_manual_k10
240072,4,10,lab_slots_ab_hist_rel_v2_exclude_manual_k10
240086,3,10,lab_slots_ab_hist_rel_v2_exclude_manual_k10
240109,4,10,lab_slots_ab_hist_rel_v2_exclude_manual_k10
240117,4,10,lab_slots_ab_hist_rel_v2_exclude_manual_k10
240118,3,10,lab_slots_ab_hist_rel_v2_exclude_manual_k10
240122,4,10,lab_slots_ab_hist_rel_v2_exclude_manual_k10
240124,7,10,lab_slots_ab_hist_rel_v2_exclude_manual_k10
240128,4,10,lab_slots_ab_hist_rel_v2_exclude_manual_k10
240129,4,10,lab_slots_ab_hist_rel_v2_exclude_manual_k10
240140,3,10,lab_slots_ab_hist_rel_v2_exclude_manual_k10
240145,8,10,lab_slots_ab_hist_rel_v2_exclude_manual_k10
240161,7,10,lab_slots_ab_hist_rel_v2_exclude_manual_k10
240221,3,10,lab_slots_ab_hist_rel_v2_exclude_manual_k10
240256,7,10,lab_slots_ab_hist_rel_v2_exclude_manual_k10
240274,3,10,lab_slots_ab_hist_rel_v2_exclude_manual_k10
240277,3,10,lab_slots_ab_hist_rel_v2_exclude_manual_k10
240287,8,10,lab_slots_ab_hist_rel_v2_exclude_manual_k10
240291,4,10,lab_slots_ab_hist_rel_v2_exclude_manual_k10
240298,3,10,lab_slots_ab_hist_rel_v2_exclude_manual_k10
240307,8,10,lab_slots_ab_hist_rel_v2_exclude_manual_k10
240312,7,10,lab_slots_ab_hist_rel_v2_exclude_manual_k10
240328,7,10,lab_slots_ab_hist_rel_v2_exclude_manual_k10
240332,-1,10,lab_slots_ab_hist_rel_v2_exclude_manual_k10
240333,-1,10,lab_slots_ab_hist_rel_v2_exclude_manual_k10
240335,2,10,lab_slots_ab_hist_rel_v2_exclude_manual_k10
240344,-1,10,lab_slots_ab_hist_rel_v2_exclude_manual_k10
240345,3,10,lab_slots_ab_hist_rel_v2_exclude_manual_k10
240351,3,10,lab_slots_ab_hist_rel_v2_exclude_manual_k10
240394,3,10,lab_slots_ab_hist_rel_v2_exclude_manual_k10
240403,8,10,lab_slots_ab_hist_rel_v2_exclude_manual_k10
240423,4,10,lab_slots_ab_hist_rel_v2_exclude_manual_k10
240428,8,10,lab_slots_ab_hist_rel_v2_exclude_manual_k10
240432,3,10,lab_slots_ab_hist_rel_v2_exclude_manual_k10
240436,-1,10,lab_slots_ab_hist_rel_v2_exclude_manual_k10
240442,3,10,lab_slots_ab_hist_rel_v2_exclude_manual_k10
240474,-1,10,lab_slots_ab_hist_rel_v2_exclude_manual_k10
240478,7,10,lab_slots_ab_hist_rel_v2_exclude_manual_k10
240484,2,10,lab_slots_ab_hist_rel_v2_exclude_manual_k10
240486,4,10,lab_slots_ab_hist_rel_v2_exclude_manual_k10
240489,7,10,lab_slots_ab_hist_rel_v2_exclude_manual_k10
240539,7,10,lab_slots_ab_hist_rel_v2_exclude_manual_k10
240554,-1,10,lab_slots_ab_hist_rel_v2_exclude_manual_k10
240566,-1,10,lab_slots_ab_hist_rel_v2_exclude_manual_k10
240600,8,10,lab_slots_ab_hist_rel_v2_exclude_manual_k10
240634,3,10,lab_slots_ab_hist_rel_v2_exclude_manual_k10
240667,3,10,lab_slots_ab_hist_rel_v2_exclude_manual_k10
240668,0,10,lab_slots_ab_hist_rel_v2_exclude_manual_k10
240727,7,10,lab_slots_ab_hist_rel_v2_exclude_manual_k10
240739,3,10,lab_slots_ab_hist_rel_v2_exclude_manual_k10
240763,-1,10,lab_slots_ab_hist_rel_v2_exclude_manual_k10
240785,3,10,lab_slots_ab_hist_rel_v2_exclude_manual_k10
240790,3,10,lab_slots_ab_hist_rel_v2_exclude_manual_k10
240815,7,10,lab_slots_ab_hist_rel_v2_exclude_manual_k10
240817,7,10,lab_slots_ab_hist_rel_v2_exclude_manual_k10
240908,-1,10,lab_slots_ab_hist_rel_v2_exclude_manual_k10
240910,-1,10,lab_slots_ab_hist_rel_v2_exclude_manual_k10
240926,2,10,lab_slots_ab_hist_rel_v2_exclude_manual_k10
240970,-1,10,lab_slots_ab_hist_rel_v2_exclude_manual_k10
241816,4,10,lab_slots_ab_hist_rel_v2_exclude_manual_k10
244729,8,10,lab_slots_ab_hist_rel_v2_exclude_manual_k10
244732,3,10,lab_slots_ab_hist_rel_v2_exclude_manual_k10
244751,-1,10,lab_slots_ab_hist_rel_v2_exclude_manual_k10
244759,3,10,lab_slots_ab_hist_rel_v2_exclude_manual_k10
244778,2,10,lab_slots_ab_hist_rel_v2_exclude_manual_k10
244817,-1,10,lab_slots_ab_hist_rel_v2_exclude_manual_k10
244828,5,10,lab_slots_ab_hist_rel_v2_exclude_manual_k10
244829,7,10,lab_slots_ab_hist_rel_v2_exclude_manual_k10
244838,5,10,lab_slots_ab_hist_rel_v2_exclude_manual_k10
244857,2,10,lab_slots_ab_hist_rel_v2_exclude_manual_k10
244860,7,10,lab_slots_ab_hist_rel_v2_exclude_manual_k10
244862,0,10,lab_slots_ab_hist_rel_v2_exclude_manual_k10
245556,3,10,lab_slots_ab_hist_rel_v2_exclude_manual_k10
245557,4,10,lab_slots_ab_hist_rel_v2_exclude_manual_k10
245571,7,10,lab_slots_ab_hist_rel_v2_exclude_manual_k10
245573,8,10,lab_slots_ab_hist_rel_v2_exclude_manual_k10
245574,2,10,lab_slots_ab_hist_rel_v2_exclude_manual_k10
245598,4,10,lab_slots_ab_hist_rel_v2_exclude_manual_k10
245612,7,10,lab_slots_ab_hist_rel_v2_exclude_manual_k10
246116,4,10,lab_slots_ab_hist_rel_v2_exclude_manual_k10
246122,5,10,lab_slots_ab_hist_rel_v2_exclude_manual_k10
246123,0,10,lab_slots_ab_hist_rel_v2_exclude_manual_k10
246156,5,10,lab_slots_ab_hist_rel_v2_exclude_manual_k10
246168,5,10,lab_slots_ab_hist_rel_v2_exclude_manual_k10
246169,5,10,lab_slots_ab_hist_rel_v2_exclude_manual_k10
246189,5,10,lab_slots_ab_hist_rel_v2_exclude_manual_k10
246223,5,10,lab_slots_ab_hist_rel_v2_exclude_manual_k10
246239,4,10,lab_slots_ab_hist_rel_v2_exclude_manual_k10
246241,4,10,lab_slots_ab_hist_rel_v2_exclude_manual_k10
246560,5,10,lab_slots_ab_hist_rel_v2_exclude_manual_k10
246571,3,10,lab_slots_ab_hist_rel_v2_exclude_manual_k10
246636,1,10,lab_slots_ab_hist_rel_v2_exclude_manual_k10
246939,3,10,lab_slots_ab_hist_rel_v2_exclude_manual_k10
246979,0,10,lab_slots_ab_hist_rel_v2_exclude_manual_k10
247188,-1,10,lab_slots_ab_hist_rel_v2_exclude_manual_k10
247191,3,10,lab_slots_ab_hist_rel_v2_exclude_manual_k10
247192,0,10,lab_slots_ab_hist_rel_v2_exclude_manual_k10
247198,1,10,lab_slots_ab_hist_rel_v2_exclude_manual_k10
247207,3,10,lab_slots_ab_hist_rel_v2_exclude_manual_k10
247212,6,10,lab_slots_ab_hist_rel_v2_exclude_manual_k10
247216,3,10,lab_slots_ab_hist_rel_v2_exclude_manual_k10
247223,-1,10,lab_slots_ab_hist_rel_v2_exclude_manual_k10
247235,0,10,lab_slots_ab_hist_rel_v2_exclude_manual_k10
247250,0,10,lab_slots_ab_hist_rel_v2_exclude_manual_k10
247256,0,10,lab_slots_ab_hist_rel_v2_exclude_manual_k10
247282,2,10,lab_slots_ab_hist_rel_v2_exclude_manual_k10
247308,2,10,lab_slots_ab_hist_rel_v2_exclude_manual_k10
247315,6,10,lab_slots_ab_hist_rel_v2_exclude_manual_k10
247324,2,10,lab_slots_ab_hist_rel_v2_exclude_manual_k10
247348,6,10,lab_slots_ab_hist_rel_v2_exclude_manual_k10
247352,-1,10,lab_slots_ab_hist_rel_v2_exclude_manual_k10
247364,7,10,lab_slots_ab_hist_rel_v2_exclude_manual_k10
247410,0,10,lab_slots_ab_hist_rel_v2_exclude_manual_k10
247414,-1,10,lab_slots_ab_hist_rel_v2_exclude_manual_k10
247582,0,10,lab_slots_ab_hist_rel_v2_exclude_manual_k10
247584,0,10,lab_slots_ab_hist_rel_v2_exclude_manual_k10
247635,2,10,lab_slots_ab_hist_rel_v2_exclude_manual_k10
247949,0,10,lab_slots_ab_hist_rel_v2_exclude_manual_k10
247952,-1,10,lab_slots_ab_hist_rel_v2_exclude_manual_k10
248096,0,10,lab_slots_ab_hist_rel_v2_exclude_manual_k10
248182,0,10,lab_slots_ab_hist_rel_v2_exclude_manual_k10
248300,-1,10,lab_slots_ab_hist_rel_v2_exclude_manual_k10
248502,7,10,lab_slots_ab_hist_rel_v2_exclude_manual_k10
248515,3,10,lab_slots_ab_hist_rel_v2_exclude_manual_k10
248705,5,10,lab_slots_ab_hist_rel_v2_exclude_manual_k10
248709,4,10,lab_slots_ab_hist_rel_v2_exclude_manual_k10
248732,6,10,lab_slots_ab_hist_rel_v2_exclude_manual_k10
248811,6,10,lab_slots_ab_hist_rel_v2_exclude_manual_k10
248832,-1,10,lab_slots_ab_hist_rel_v2_exclude_manual_k10
248847,0,10,lab_slots_ab_hist_rel_v2_exclude_manual_k10
249056,-1,10,lab_slots_ab_hist_rel_v2_exclude_manual_k10
250076,7,10,lab_slots_ab_hist_rel_v2_exclude_manual_k10
250077,7,10,lab_slots_ab_hist_rel_v2_exclude_manual_k10
250091,-1,10,lab_slots_ab_hist_rel_v2_exclude_manual_k10
250238,-1,10,lab_slots_ab_hist_rel_v2_exclude_manual_k10
250239,1,10,lab_slots_ab_hist_rel_v2_exclude_manual_k10
250550,2,10,lab_slots_ab_hist_rel_v2_exclude_manual_k10
250572,0,10,lab_slots_ab_hist_rel_v2_exclude_manual_k10
250747,3,10,lab_slots_ab_hist_rel_v2_exclude_manual_k10
250804,1,10,lab_slots_ab_hist_rel_v2_exclude_manual_k10
251100,0,10,lab_slots_ab_hist_rel_v2_exclude_manual_k10
251104,0,10,lab_slots_ab_hist_rel_v2_exclude_manual_k10
251128,1,10,lab_slots_ab_hist_rel_v2_exclude_manual_k10
251134,0,10,lab_slots_ab_hist_rel_v2_exclude_manual_k10
251260,-1,10,lab_slots_ab_hist_rel_v2_exclude_manual_k10
251269,3,10,lab_slots_ab_hist_rel_v2_exclude_manual_k10
251271,0,10,lab_slots_ab_hist_rel_v2_exclude_manual_k10
251345,0,10,lab_slots_ab_hist_rel_v2_exclude_manual_k10
251401,0,10,lab_slots_ab_hist_rel_v2_exclude_manual_k10
251402,2,10,lab_slots_ab_hist_rel_v2_exclude_manual_k10
251487,6,10,lab_slots_ab_hist_rel_v2_exclude_manual_k10
251508,5,10,lab_slots_ab_hist_rel_v2_exclude_manual_k10
251763,4,10,lab_slots_ab_hist_rel_v2_exclude_manual_k10
251803,0,10,lab_slots_ab_hist_rel_v2_exclude_manual_k10
251933,0,10,lab_slots_ab_hist_rel_v2_exclude_manual_k10
252496,-1,10,lab_slots_ab_hist_rel_v2_exclude_manual_k10
252556,2,10,lab_slots_ab_hist_rel_v2_exclude_manual_k10
252589,-1,10,lab_slots_ab_hist_rel_v2_exclude_manual_k10
252592,3,10,lab_slots_ab_hist_rel_v2_exclude_manual_k10
252634,2,10,lab_slots_ab_hist_rel_v2_exclude_manual_k10
252902,3,10,lab_slots_ab_hist_rel_v2_exclude_manual_k10
253050,2,10,lab_slots_ab_hist_rel_v2_exclude_manual_k10
253052,0,10,lab_slots_ab_hist_rel_v2_exclude_manual_k10
253173,0,10,lab_slots_ab_hist_rel_v2_exclude_manual_k10
253205,-1,10,lab_slots_ab_hist_rel_v2_exclude_manual_k10
253430,0,10,lab_slots_ab_hist_rel_v2_exclude_manual_k10
254183,6,10,lab_slots_ab_hist_rel_v2_exclude_manual_k10
254186,0,10,lab_slots_ab_hist_rel_v2_exclude_manual_k10
254189,0,10,lab_slots_ab_hist_rel_v2_exclude_manual_k10
254198,4,10,lab_slots_ab_hist_rel_v2_exclude_manual_k10
254199,-1,10,lab_slots_ab_hist_rel_v2_exclude_manual_k10
254200,6,10,lab_slots_ab_hist_rel_v2_exclude_manual_k10
254202,0,10,lab_slots_ab_hist_rel_v2_exclude_manual_k10
254227,-1,10,lab_slots_ab_hist_rel_v2_exclude_manual_k10
254246,2,10,lab_slots_ab_hist_rel_v2_exclude_manual_k10
254247,6,10,lab_slots_ab_hist_rel_v2_exclude_manual_k10
254268,0,10,lab_slots_ab_hist_rel_v2_exclude_manual_k10
254281,6,10,lab_slots_ab_hist_rel_v2_exclude_manual_k10
254303,7,10,lab_slots_ab_hist_rel_v2_exclude_manual_k10
254307,0,10,lab_slots_ab_hist_rel_v2_exclude_manual_k10
254312,2,10,lab_slots_ab_hist_rel_v2_exclude_manual_k10
254329,7,10,lab_slots_ab_hist_rel_v2_exclude_manual_k10
254345,0,10,lab_slots_ab_hist_rel_v2_exclude_manual_k10
254346,0,10,lab_slots_ab_hist_rel_v2_exclude_manual_k10
254352,0,10,lab_slots_ab_hist_rel_v2_exclude_manual_k10
254378,-1,10,lab_slots_ab_hist_rel_v2_exclude_manual_k10
254396,0,10,lab_slots_ab_hist_rel_v2_exclude_manual_k10
254422,5,10,lab_slots_ab_hist_rel_v2_exclude_manual_k10
254427,4,10,lab_slots_ab_hist_rel_v2_exclude_manual_k10
254428,1,10,lab_slots_ab_hist_rel_v2_exclude_manual_k10
254484,4,10,lab_slots_ab_hist_rel_v2_exclude_manual_k10
254545,2,10,lab_slots_ab_hist_rel_v2_exclude_manual_k10
254551,3,10,lab_slots_ab_hist_rel_v2_exclude_manual_k10
254559,0,10,lab_slots_ab_hist_rel_v2_exclude_manual_k10
254561,2,10,lab_slots_ab_hist_rel_v2_exclude_manual_k10
254616,6,10,lab_slots_ab_hist_rel_v2_exclude_manual_k10
254629,0,10,lab_slots_ab_hist_rel_v2_exclude_manual_k10
254633,5,10,lab_slots_ab_hist_rel_v2_exclude_manual_k10
254634,0,10,lab_slots_ab_hist_rel_v2_exclude_manual_k10
254778,3,10,lab_slots_ab_hist_rel_v2_exclude_manual_k10
254880,-1,10,lab_slots_ab_hist_rel_v2_exclude_manual_k10
254881,0,10,lab_slots_ab_hist_rel_v2_exclude_manual_k10
254915,-1,10,lab_slots_ab_hist_rel_v2_exclude_manual_k10
254923,0,10,lab_slots_ab_hist_rel_v2_exclude_manual_k10
254932,0,10,lab_slots_ab_hist_rel_v2_exclude_manual_k10
254957,0,10,lab_slots_ab_hist_rel_v2_exclude_manual_k10
254983,-1,10,lab_slots_ab_hist_rel_v2_exclude_manual_k10
255062,4,10,lab_slots_ab_hist_rel_v2_exclude_manual_k10
255156,-1,10,lab_slots_ab_hist_rel_v2_exclude_manual_k10
255193,0,10,lab_slots_ab_hist_rel_v2_exclude_manual_k10
255244,5,10,lab_slots_ab_hist_rel_v2_exclude_manual_k10
255274,0,10,lab_slots_ab_hist_rel_v2_exclude_manual_k10
255289,7,10,lab_slots_ab_hist_rel_v2_exclude_manual_k10
255315,5,10,lab_slots_ab_hist_rel_v2_exclude_manual_k10
255316,5,10,lab_slots_ab_hist_rel_v2_exclude_manual_k10
255333,5,10,lab_slots_ab_hist_rel_v2_exclude_manual_k10
255341,0,10,lab_slots_ab_hist_rel_v2_exclude_manual_k10
255351,1,10,lab_slots_ab_hist_rel_v2_exclude_manual_k10
255461,8,10,lab_slots_ab_hist_rel_v2_exclude_manual_k10
255627,-1,10,lab_slots_ab_hist_rel_v2_exclude_manual_k10
255648,5,10,lab_slots_ab_hist_rel_v2_exclude_manual_k10
255700,4,10,lab_slots_ab_hist_rel_v2_exclude_manual_k10
255706,3,10,lab_slots_ab_hist_rel_v2_exclude_manual_k10
255719,-1,10,lab_slots_ab_hist_rel_v2_exclude_manual_k10
255796,1,10,lab_slots_ab_hist_rel_v2_exclude_manual_k10
255894,-1,10,lab_slots_ab_hist_rel_v2_exclude_manual_k10
256203,0,10,lab_slots_ab_hist_rel_v2_exclude_manual_k10
256207,0,10,lab_slots_ab_hist_rel_v2_exclude_manual_k10
256549,0,10,lab_slots_ab_hist_rel_v2_exclude_manual_k10
256602,2,10,lab_slots_ab_hist_rel_v2_exclude_manual_k10
256616,8,10,lab_slots_ab_hist_rel_v2_exclude_manual_k10
256912,2,10,lab_slots_ab_hist_rel_v2_exclude_manual_k10
257671,7,10,lab_slots_ab_hist_rel_v2_exclude_manual_k10
258464,-1,10,lab_slots_ab_hist_rel_v2_exclude_manual_k10
307472,2,10,lab_slots_ab_hist_rel_v2_exclude_manual_k10
307473,4,10,lab_slots_ab_hist_rel_v2_exclude_manual_k10
307474,5,10,lab_slots_ab_hist_rel_v2_exclude_manual_k10
307614,8,10,lab_slots_ab_hist_rel_v2_exclude_manual_k10
307615,8,10,lab_slots_ab_hist_rel_v2_exclude_manual_k10
307619,7,10,lab_slots_ab_hist_rel_v2_exclude_manual_k10
307620,8,10,lab_slots_ab_hist_rel_v2_exclude_manual_k10
307622,4,10,lab_slots_ab_hist_rel_v2_exclude_manual_k10
307863,7,10,lab_slots_ab_hist_rel_v2_exclude_manual_k10
307864,7,10,lab_slots_ab_hist_rel_v2_exclude_manual_k10
307865,8,10,lab_slots_ab_hist_rel_v2_exclude_manual_k10
307866,8,10,lab_slots_ab_hist_rel_v2_exclude_manual_k10
307868,8,10,lab_slots_ab_hist_rel_v2_exclude_manual_k10
307869,1,10,lab_slots_ab_hist_rel_v2_exclude_manual_k10
307870,-1,10,lab_slots_ab_hist_rel_v2_exclude_manual_k10
307871,-1,10,lab_slots_ab_hist_rel_v2_exclude_manual_k10
307873,-1,10,lab_slots_ab_hist_rel_v2_exclude_manual_k10
308291,8,10,lab_slots_ab_hist_rel_v2_exclude_manual_k10
308292,8,10,lab_slots_ab_hist_rel_v2_exclude_manual_k10
308293,3,10,lab_slots_ab_hist_rel_v2_exclude_manual_k10
308294,3,10,lab_slots_ab_hist_rel_v2_exclude_manual_k10
308296,8,10,lab_slots_ab_hist_rel_v2_exclude_manual_k10
308297,8,10,lab_slots_ab_hist_rel_v2_exclude_manual_k10
308298,8,10,lab_slots_ab_hist_rel_v2_exclude_manual_k10
308300,4,10,lab_slots_ab_hist_rel_v2_exclude_manual_k10
308301,8,10,lab_slots_ab_hist_rel_v2_exclude_manual_k10
308303,8,10,lab_slots_ab_hist_rel_v2_exclude_manual_k10
308304,8,10,lab_slots_ab_hist_rel_v2_exclude_manual_k10
308347,8,10,lab_slots_ab_hist_rel_v2_exclude_manual_k10
308348,3,10,lab_slots_ab_hist_rel_v2_exclude_manual_k10
308349,-1,10,lab_slots_ab_hist_rel_v2_exclude_manual_k10
308350,8,10,lab_slots_ab_hist_rel_v2_exclude_manual_k10
308352,8,10,lab_slots_ab_hist_rel_v2_exclude_manual_k10
308354,4,10,lab_slots_ab_hist_rel_v2_exclude_manual_k10
308355,4,10,lab_slots_ab_hist_rel_v2_exclude_manual_k10
308359,3,10,lab_slots_ab_hist_rel_v2_exclude_manual_k10
308362,5,10,lab_slots_ab_hist_rel_v2_exclude_manual_k10
308363,3,10,lab_slots_ab_hist_rel_v2_exclude_manual_k10
308379,0,10,lab_slots_ab_hist_rel_v2_exclude_manual_k10
308380,4,10,lab_slots_ab_hist_rel_v2_exclude_manual_k10
308381,2,10,lab_slots_ab_hist_rel_v2_exclude_manual_k10
308382,3,10,lab_slots_ab_hist_rel_v2_exclude_manual_k10
308383,4,10,lab_slots_ab_hist_rel_v2_exclude_manual_k10
308386,3,10,lab_slots_ab_hist_rel_v2_exclude_manual_k10
308387,-1,10,lab_slots_ab_hist_rel_v2_exclude_manual_k10
308388,3,10,lab_slots_ab_hist_rel_v2_exclude_manual_k10
308403,-1,10,lab_slots_ab_hist_rel_v2_exclude_manual_k10
308404,1,10,lab_slots_ab_hist_rel_v2_exclude_manual_k10
308405,8,10,lab_slots_ab_hist_rel_v2_exclude_manual_k10
308406,2,10,lab_slots_ab_hist_rel_v2_exclude_manual_k10
308408,3,10,lab_slots_ab_hist_rel_v2_exclude_manual_k10
308409,2,10,lab_slots_ab_hist_rel_v2_exclude_manual_k10
308410,4,10,lab_slots_ab_hist_rel_v2_exclude_manual_k10
308411,7,10,lab_slots_ab_hist_rel_v2_exclude_manual_k10
308412,-1,10,lab_slots_ab_hist_rel_v2_exclude_manual_k10
308413,-1,10,lab_slots_ab_hist_rel_v2_exclude_manual_k10
308414,1,10,lab_slots_ab_hist_rel_v2_exclude_manual_k10
308415,-1,10,lab_slots_ab_hist_rel_v2_exclude_manual_k10
308417,-1,10,lab_slots_ab_hist_rel_v2_exclude_manual_k10
308420,8,10,lab_slots_ab_hist_rel_v2_exclude_manual_k10
308423,8,10,lab_slots_ab_hist_rel_v2_exclude_manual_k10
308424,8,10,lab_slots_ab_hist_rel_v2_exclude_manual_k10
308425,7,10,lab_slots_ab_hist_rel_v2_exclude_manual_k10
308426,8,10,lab_slots_ab_hist_rel_v2_exclude_manual_k10
308428,8,10,lab_slots_ab_hist_rel_v2_exclude_manual_k10
308439,8,10,lab_slots_ab_hist_rel_v2_exclude_manual_k10
308440,8,10,lab_slots_ab_hist_rel_v2_exclude_manual_k10
308441,8,10,lab_slots_ab_hist_rel_v2_exclude_manual_k10
308446,7,10,lab_slots_ab_hist_rel_v2_exclude_manual_k10
308447,8,10,lab_slots_ab_hist_rel_v2_exclude_manual_k10
308448,7,10,lab_slots_ab_hist_rel_v2_exclude_manual_k10
308450,8,10,lab_slots_ab_hist_rel_v2_exclude_manual_k10
308451,3,10,lab_slots_ab_hist_rel_v2_exclude_manual_k10
308452,3,10,lab_slots_ab_hist_rel_v2_exclude_manual_k10
308455,3,10,lab_slots_ab_hist_rel_v2_exclude_manual_k10
308456,4,10,lab_slots_ab_hist_rel_v2_exclude_manual_k10
308457,4,10,lab_slots_ab_hist_rel_v2_exclude_manual_k10
308458,3,10,lab_slots_ab_hist_rel_v2_exclude_manual_k10
308459,4,10,lab_slots_ab_hist_rel_v2_exclude_manual_k10
308463,-1,10,lab_slots_ab_hist_rel_v2_exclude_manual_k10
308464,5,10,lab_slots_ab_hist_rel_v2_exclude_manual_k10
308465,2,10,lab_slots_ab_hist_rel_v2_exclude_manual_k10
308466,8,10,lab_slots_ab_hist_rel_v2_exclude_manual_k10
308476,1,10,lab_slots_ab_hist_rel_v2_exclude_manual_k10
308477,0,10,lab_slots_ab_hist_rel_v2_exclude_manual_k10
308483,8,10,lab_slots_ab_hist_rel_v2_exclude_manual_k10
308486,8,10,lab_slots_ab_hist_rel_v2_exclude_manual_k10
308487,8,10,lab_slots_ab_hist_rel_v2_exclude_manual_k10
308491,7,10,lab_slots_ab_hist_rel_v2_exclude_manual_k10
308492,8,10,lab_slots_ab_hist_rel_v2_exclude_manual_k10
308507,2,10,lab_slots_ab_hist_rel_v2_exclude_manual_k10
308508,4,10,lab_slots_ab_hist_rel_v2_exclude_manual_k10
308510,2,10,lab_slots_ab_hist_rel_v2_exclude_manual_k10
308511,2,10,lab_slots_ab_hist_rel_v2_exclude_manual_k10
308512,-1,10,lab_slots_ab_hist_rel_v2_exclude_manual_k10
308513,-1,10,lab_slots_ab_hist_rel_v2_exclude_manual_k10
308514,3,10,lab_slots_ab_hist_rel_v2_exclude_manual_k10
308515,3,10,lab_slots_ab_hist_rel_v2_exclude_manual_k10
308516,2,10,lab_slots_ab_hist_rel_v2_exclude_manual_k10
308518,2,10,lab_slots_ab_hist_rel_v2_exclude_manual_k10
308519,7,10,lab_slots_ab_hist_rel_v2_exclude_manual_k10
308520,1,10,lab_slots_ab_hist_rel_v2_exclude_manual_k10
308523,1,10,lab_slots_ab_hist_rel_v2_exclude_manual_k10
308524,2,10,lab_slots_ab_hist_rel_v2_exclude_manual_k10
308525,1,10,lab_slots_ab_hist_rel_v2_exclude_manual_k10
308526,1,10,lab_slots_ab_hist_rel_v2_exclude_manual_k10
308527,-1,10,lab_slots_ab_hist_rel_v2_exclude_manual_k10
308528,4,10,lab_slots_ab_hist_rel_v2_exclude_manual_k10
308529,7,10,lab_slots_ab_hist_rel_v2_exclude_manual_k10
308530,3,10,lab_slots_ab_hist_rel_v2_exclude_manual_k10
308531,2,10,lab_slots_ab_hist_rel_v2_exclude_manual_k10
308532,8,10,lab_slots_ab_hist_rel_v2_exclude_manual_k10
308533,2,10,lab_slots_ab_hist_rel_v2_exclude_manual_k10
308534,2,10,lab_slots_ab_hist_rel_v2_exclude_manual_k10
308535,3,10,lab_slots_ab_hist_rel_v2_exclude_manual_k10
308538,2,10,lab_slots_ab_hist_rel_v2_exclude_manual_k10
308539,-1,10,lab_slots_ab_hist_rel_v2_exclude_manual_k10
308540,3,10,lab_slots_ab_hist_rel_v2_exclude_manual_k10
308541,2,10,lab_slots_ab_hist_rel_v2_exclude_manual_k10
308542,2,10,lab_slots_ab_hist_rel_v2_exclude_manual_k10
308544,4,10,lab_slots_ab_hist_rel_v2_exclude_manual_k10
308545,2,10,lab_slots_ab_hist_rel_v2_exclude_manual_k10
308546,2,10,lab_slots_ab_hist_rel_v2_exclude_manual_k10
308549,3,10,lab_slots_ab_hist_rel_v2_exclude_manual_k10
308550,-1,10,lab_slots_ab_hist_rel_v2_exclude_manual_k10
308552,8,10,lab_slots_ab_hist_rel_v2_exclude_manual_k10
308554,7,10,lab_slots_ab_hist_rel_v2_exclude_manual_k10
308555,3,10,lab_slots_ab_hist_rel_v2_exclude_manual_k10
308556,3,10,lab_slots_ab_hist_rel_v2_exclude_manual_k10
308557,3,10,lab_slots_ab_hist_rel_v2_exclude_manual_k10
308558,3,10,lab_slots_ab_hist_rel_v2_exclude_manual_k10
308560,-1,10,lab_slots_ab_hist_rel_v2_exclude_manual_k10
308561,3,10,lab_slots_ab_hist_rel_v2_exclude_manual_k10
308563,3,10,lab_slots_ab_hist_rel_v2_exclude_manual_k10
308565,7,10,lab_slots_ab_hist_rel_v2_exclude_manual_k10
308566,5,10,lab_slots_ab_hist_rel_v2_exclude_manual_k10
308567,0,10,lab_slots_ab_hist_rel_v2_exclude_manual_k10
308568,0,10,lab_slots_ab_hist_rel_v2_exclude_manual_k10
308569,-1,10,lab_slots_ab_hist_rel_v2_exclude_manual_k10
308570,3,10,lab_slots_ab_hist_rel_v2_exclude_manual_k10
308571,2,10,lab_slots_ab_hist_rel_v2_exclude_manual_k10
308577,4,10,lab_slots_ab_hist_rel_v2_exclude_manual_k10
308578,2,10,lab_slots_ab_hist_rel_v2_exclude_manual_k10
308580,3,10,lab_slots_ab_hist_rel_v2_exclude_manual_k10
308582,3,10,lab_slots_ab_hist_rel_v2_exclude_manual_k10
308584,7,10,lab_slots_ab_hist_rel_v2_exclude_manual_k10
308585,8,10,lab_slots_ab_hist_rel_v2_exclude_manual_k10
308586,7,10,lab_slots_ab_hist_rel_v2_exclude_manual_k10
308588,8,10,lab_slots_ab_hist_rel_v2_exclude_manual_k10
308590,4,10,lab_slots_ab_hist_rel_v2_exclude_manual_k10
308591,8,10,lab_slots_ab_hist_rel_v2_exclude_manual_k10
308592,8,10,lab_slots_ab_hist_rel_v2_exclude_manual_k10
308600,2,10,lab_slots_ab_hist_rel_v2_exclude_manual_k10
308602,8,10,lab_slots_ab_hist_rel_v2_exclude_manual_k10
308606,7,10,lab_slots_ab_hist_rel_v2_exclude_manual_k10
308607,8,10,lab_slots_ab_hist_rel_v2_exclude_manual_k10
308608,8,10,lab_slots_ab_hist_rel_v2_exclude_manual_k10
308609,7,10,lab_slots_ab_hist_rel_v2_exclude_manual_k10
308615,7,10,lab_slots_ab_hist_rel_v2_exclude_manual_k10
308616,8,10,lab_slots_ab_hist_rel_v2_exclude_manual_k10
308618,5,10,lab_slots_ab_hist_rel_v2_exclude_manual_k10
308619,8,10,lab_slots_ab_hist_rel_v2_exclude_manual_k10
308622,8,10,lab_slots_ab_hist_rel_v2_exclude_manual_k10
308623,7,10,lab_slots_ab_hist_rel_v2_exclude_manual_k10
308624,8,10,lab_slots_ab_hist_rel_v2_exclude_manual_k10
308625,8,10,lab_slots_ab_hist_rel_v2_exclude_manual_k10
308626,8,10,lab_slots_ab_hist_rel_v2_exclude_manual_k10
308627,8,10,lab_slots_ab_hist_rel_v2_exclude_manual_k10
308628,8,10,lab_slots_ab_hist_rel_v2_exclude_manual_k10
308629,5,10,lab_slots_ab_hist_rel_v2_exclude_manual_k10
308640,3,10,lab_slots_ab_hist_rel_v2_exclude_manual_k10
308642,8,10,lab_slots_ab_hist_rel_v2_exclude_manual_k10
308643,3,10,lab_slots_ab_hist_rel_v2_exclude_manual_k10
308645,8,10,lab_slots_ab_hist_rel_v2_exclude_manual_k10
308646,8,10,lab_slots_ab_hist_rel_v2_exclude_manual_k10
308647,3,10,lab_slots_ab_hist_rel_v2_exclude_manual_k10
308648,3,10,lab_slots_ab_hist_rel_v2_exclude_manual_k10
308651,8,10,lab_slots_ab_hist_rel_v2_exclude_manual_k10
308652,3,10,lab_slots_ab_hist_rel_v2_exclude_manual_k10
308655,8,10,lab_slots_ab_hist_rel_v2_exclude_manual_k10
308657,5,10,lab_slots_ab_hist_rel_v2_exclude_manual_k10
308702,8,10,lab_slots_ab_hist_rel_v2_exclude_manual_k10
308703,7,10,lab_slots_ab_hist_rel_v2_exclude_manual_k10
308704,8,10,lab_slots_ab_hist_rel_v2_exclude_manual_k10
308706,7,10,lab_slots_ab_hist_rel_v2_exclude_manual_k10
308707,8,10,lab_slots_ab_hist_rel_v2_exclude_manual_k10
308709,3,10,lab_slots_ab_hist_rel_v2_exclude_manual_k10
308710,5,10,lab_slots_ab_hist_rel_v2_exclude_manual_k10
308711,8,10,lab_slots_ab_hist_rel_v2_exclude_manual_k10
308712,3,10,lab_slots_ab_hist_rel_v2_exclude_manual_k10
308713,8,10,lab_slots_ab_hist_rel_v2_exclude_manual_k10
308714,5,10,lab_slots_ab_hist_rel_v2_exclude_manual_k10
308715,3,10,lab_slots_ab_hist_rel_v2_exclude_manual_k10
308718,8,10,lab_slots_ab_hist_rel_v2_exclude_manual_k10
308719,8,10,lab_slots_ab_hist_rel_v2_exclude_manual_k10
308722,5,10,lab_slots_ab_hist_rel_v2_exclude_manual_k10
308723,8,10,lab_slots_ab_hist_rel_v2_exclude_manual_k10
308724,7,10,lab_slots_ab_hist_rel_v2_exclude_manual_k10
308883,7,10,lab_slots_ab_hist_rel_v2_exclude_manual_k10
308884,-1,10,lab_slots_ab_hist_rel_v2_exclude_manual_k10
308885,2,10,lab_slots_ab_hist_rel_v2_exclude_manual_k10
308886,-1,10,lab_slots_ab_hist_rel_v2_exclude_manual_k10
309129,-1,10,lab_slots_ab_hist_rel_v2_exclude_manual_k10
309132,0,10,lab_slots_ab_hist_rel_v2_exclude_manual_k10
309133,3,10,lab_slots_ab_hist_rel_v2_exclude_manual_k10
309137,5,10,lab_slots_ab_hist_rel_v2_exclude_manual_k10
309138,7,10,lab_slots_ab_hist_rel_v2_exclude_manual_k10
309301,4,10,lab_slots_ab_hist_rel_v2_exclude_manual_k10
309302,4,10,lab_slots_ab_hist_rel_v2_exclude_manual_k10
309303,7,10,lab_slots_ab_hist_rel_v2_exclude_manual_k10
309304,1,10,lab_slots_ab_hist_rel_v2_exclude_manual_k10
309323,8,10,lab_slots_ab_hist_rel_v2_exclude_manual_k10
309324,3,10,lab_slots_ab_hist_rel_v2_exclude_manual_k10
309325,-1,10,lab_slots_ab_hist_rel_v2_exclude_manual_k10
309326,7,10,lab_slots_ab_hist_rel_v2_exclude_manual_k10
309327,4,10,lab_slots_ab_hist_rel_v2_exclude_manual_k10
309331,3,10,lab_slots_ab_hist_rel_v2_exclude_manual_k10
309332,-1,10,lab_slots_ab_hist_rel_v2_exclude_manual_k10
309333,2,10,lab_slots_ab_hist_rel_v2_exclude_manual_k10
309335,2,10,lab_slots_ab_hist_rel_v2_exclude_manual_k10
309337,2,10,lab_slots_ab_hist_rel_v2_exclude_manual_k10
309338,7,10,lab_slots_ab_hist_rel_v2_exclude_manual_k10
309339,2,10,lab_slots_ab_hist_rel_v2_exclude_manual_k10
309344,2,10,lab_slots_ab_hist_rel_v2_exclude_manual_k10
309345,1,10,lab_slots_ab_hist_rel_v2_exclude_manual_k10
309346,3,10,lab_slots_ab_hist_rel_v2_exclude_manual_k10
309352,3,10,lab_slots_ab_hist_rel_v2_exclude_manual_k10
309353,-1,10,lab_slots_ab_hist_rel_v2_exclude_manual_k10
309354,2,10,lab_slots_ab_hist_rel_v2_exclude_manual_k10
309355,3,10,lab_slots_ab_hist_rel_v2_exclude_manual_k10
309356,7,10,lab_slots_ab_hist_rel_v2_exclude_manual_k10
309357,1,10,lab_slots_ab_hist_rel_v2_exclude_manual_k10
309359,2,10,lab_slots_ab_hist_rel_v2_exclude_manual_k10
309360,-1,10,lab_slots_ab_hist_rel_v2_exclude_manual_k10
309363,3,10,lab_slots_ab_hist_rel_v2_exclude_manual_k10
309364,3,10,lab_slots_ab_hist_rel_v2_exclude_manual_k10
309366,2,10,lab_slots_ab_hist_rel_v2_exclude_manual_k10
309367,3,10,lab_slots_ab_hist_rel_v2_exclude_manual_k10
309370,2,10,lab_slots_ab_hist_rel_v2_exclude_manual_k10
309371,4,10,lab_slots_ab_hist_rel_v2_exclude_manual_k10
309372,2,10,lab_slots_ab_hist_rel_v2_exclude_manual_k10
309373,1,10,lab_slots_ab_hist_rel_v2_exclude_manual_k10
309376,2,10,lab_slots_ab_hist_rel_v2_exclude_manual_k10
309378,-1,10,lab_slots_ab_hist_rel_v2_exclude_manual_k10
309379,4,10,lab_slots_ab_hist_rel_v2_exclude_manual_k10
309380,3,10,lab_slots_ab_hist_rel_v2_exclude_manual_k10
309385,7,10,lab_slots_ab_hist_rel_v2_exclude_manual_k10
309386,3,10,lab_slots_ab_hist_rel_v2_exclude_manual_k10
309387,3,10,lab_slots_ab_hist_rel_v2_exclude_manual_k10
309388,-1,10,lab_slots_ab_hist_rel_v2_exclude_manual_k10
309389,0,10,lab_slots_ab_hist_rel_v2_exclude_manual_k10
309396,8,10,lab_slots_ab_hist_rel_v2_exclude_manual_k10
309397,4,10,lab_slots_ab_hist_rel_v2_exclude_manual_k10
309399,7,10,lab_slots_ab_hist_rel_v2_exclude_manual_k10
309400,4,10,lab_slots_ab_hist_rel_v2_exclude_manual_k10
309401,8,10,lab_slots_ab_hist_rel_v2_exclude_manual_k10
309436,-1,10,lab_slots_ab_hist_rel_v2_exclude_manual_k10
309437,3,10,lab_slots_ab_hist_rel_v2_exclude_manual_k10
309438,2,10,lab_slots_ab_hist_rel_v2_exclude_manual_k10
309439,4,10,lab_slots_ab_hist_rel_v2_exclude_manual_k10
309440,2,10,lab_slots_ab_hist_rel_v2_exclude_manual_k10
309441,2,10,lab_slots_ab_hist_rel_v2_exclude_manual_k10
309442,4,10,lab_slots_ab_hist_rel_v2_exclude_manual_k10
309443,0,10,lab_slots_ab_hist_rel_v2_exclude_manual_k10
309444,3,10,lab_slots_ab_hist_rel_v2_exclude_manual_k10
309445,-1,10,lab_slots_ab_hist_rel_v2_exclude_manual_k10
309446,2,10,lab_slots_ab_hist_rel_v2_exclude_manual_k10
309447,-1,10,lab_slots_ab_hist_rel_v2_exclude_manual_k10
309468,3,10,lab_slots_ab_hist_rel_v2_exclude_manual_k10
309469,3,10,lab_slots_ab_hist_rel_v2_exclude_manual_k10
309470,3,10,lab_slots_ab_hist_rel_v2_exclude_manual_k10
309482,3,10,lab_slots_ab_hist_rel_v2_exclude_manual_k10
309484,2,10,lab_slots_ab_hist_rel_v2_exclude_manual_k10
309485,8,10,lab_slots_ab_hist_rel_v2_exclude_manual_k10
309486,3,10,lab_slots_ab_hist_rel_v2_exclude_manual_k10
309487,-1,10,lab_slots_ab_hist_rel_v2_exclude_manual_k10
309490,4,10,lab_slots_ab_hist_rel_v2_exclude_manual_k10
309492,2,10,lab_slots_ab_hist_rel_v2_exclude_manual_k10
309494,2,10,lab_slots_ab_hist_rel_v2_exclude_manual_k10
309495,2,10,lab_slots_ab_hist_rel_v2_exclude_manual_k10
309496,3,10,lab_slots_ab_hist_rel_v2_exclude_manual_k10
309497,2,10,lab_slots_ab_hist_rel_v2_exclude_manual_k10
309498,2,10,lab_slots_ab_hist_rel_v2_exclude_manual_k10
309499,-1,10,lab_slots_ab_hist_rel_v2_exclude_manual_k10
309501,-1,10,lab_slots_ab_hist_rel_v2_exclude_manual_k10
309502,-1,10,lab_slots_ab_hist_rel_v2_exclude_manual_k10
309503,2,10,lab_slots_ab_hist_rel_v2_exclude_manual_k10
309504,3,10,lab_slots_ab_hist_rel_v2_exclude_manual_k10
309508,3,10,lab_slots_ab_hist_rel_v2_exclude_manual_k10
309509,-1,10,lab_slots_ab_hist_rel_v2_exclude_manual_k10
309510,7,10,lab_slots_ab_hist_rel_v2_exclude_manual_k10
309512,7,10,lab_slots_ab_hist_rel_v2_exclude_manual_k10
309513,8,10,lab_slots_ab_hist_rel_v2_exclude_manual_k10
309514,3,10,lab_slots_ab_hist_rel_v2_exclude_manual_k10
309516,7,10,lab_slots_ab_hist_rel_v2_exclude_manual_k10
309517,4,10,lab_slots_ab_hist_rel_v2_exclude_manual_k10
309518,7,10,lab_slots_ab_hist_rel_v2_exclude_manual_k10
309519,7,10,lab_slots_ab_hist_rel_v2_exclude_manual_k10
309521,-1,10,lab_slots_ab_hist_rel_v2_exclude_manual_k10
309523,8,10,lab_slots_ab_hist_rel_v2_exclude_manual_k10
309525,3,10,lab_slots_ab_hist_rel_v2_exclude_manual_k10
309713,7,10,lab_slots_ab_hist_rel_v2_exclude_manual_k10
309717,-1,10,lab_slots_ab_hist_rel_v2_exclude_manual_k10
309728,4,10,lab_slots_ab_hist_rel_v2_exclude_manual_k10
309730,4,10,lab_slots_ab_hist_rel_v2_exclude_manual_k10
309731,4,10,lab_slots_ab_hist_rel_v2_exclude_manual_k10
309735,7,10,lab_slots_ab_hist_rel_v2_exclude_manual_k10
309741,5,10,lab_slots_ab_hist_rel_v2_exclude_manual_k10
309746,4,10,lab_slots_ab_hist_rel_v2_exclude_manual_k10
309747,8,10,lab_slots_ab_hist_rel_v2_exclude_manual_k10
309751,8,10,lab_slots_ab_hist_rel_v2_exclude_manual_k10
309752,3,10,lab_slots_ab_hist_rel_v2_exclude_manual_k10
309753,3,10,lab_slots_ab_hist_rel_v2_exclude_manual_k10
309756,4,10,lab_slots_ab_hist_rel_v2_exclude_manual_k10
309757,4,10,lab_slots_ab_hist_rel_v2_exclude_manual_k10
309759,7,10,lab_slots_ab_hist_rel_v2_exclude_manual_k10
309760,7,10,lab_slots_ab_hist_rel_v2_exclude_manual_k10
310192,4,10,lab_slots_ab_hist_rel_v2_exclude_manual_k10
310193,2,10,lab_slots_ab_hist_rel_v2_exclude_manual_k10
310194,1,10,lab_slots_ab_hist_rel_v2_exclude_manual_k10
310195,-1,10,lab_slots_ab_hist_rel_v2_exclude_manual_k10
310196,2,10,lab_slots_ab_hist_rel_v2_exclude_manual_k10
310197,4,10,lab_slots_ab_hist_rel_v2_exclude_manual_k10
310198,3,10,lab_slots_ab_hist_rel_v2_exclude_manual_k10
310199,5,10,lab_slots_ab_hist_rel_v2_exclude_manual_k10
310201,-1,10,lab_slots_ab_hist_rel_v2_exclude_manual_k10
310202,3,10,lab_slots_ab_hist_rel_v2_exclude_manual_k10
310203,-1,10,lab_slots_ab_hist_rel_v2_exclude_manual_k10
310205,1,10,lab_slots_ab_hist_rel_v2_exclude_manual_k10
310206,1,10,lab_slots_ab_hist_rel_v2_exclude_manual_k10
310207,1,10,lab_slots_ab_hist_rel_v2_exclude_manual_k10
310208,8,10,lab_slots_ab_hist_rel_v2_exclude_manual_k10
310209,3,10,lab_slots_ab_hist_rel_v2_exclude_manual_k10
310214,8,10,lab_slots_ab_hist_rel_v2_exclude_manual_k10
310215,8,10,lab_slots_ab_hist_rel_v2_exclude_manual_k10
310218,7,10,lab_slots_ab_hist_rel_v2_exclude_manual_k10
310219,4,10,lab_slots_ab_hist_rel_v2_exclude_manual_k10
310220,3,10,lab_slots_ab_hist_rel_v2_exclude_manual_k10
310221,4,10,lab_slots_ab_hist_rel_v2_exclude_manual_k10
310227,2,10,lab_slots_ab_hist_rel_v2_exclude_manual_k10
310231,4,10,lab_slots_ab_hist_rel_v2_exclude_manual_k10
310232,1,10,lab_slots_ab_hist_rel_v2_exclude_manual_k10
310355,5,10,lab_slots_ab_hist_rel_v2_exclude_manual_k10
310358,4,10,lab_slots_ab_hist_rel_v2_exclude_manual_k10
310359,4,10,lab_slots_ab_hist_rel_v2_exclude_manual_k10
310361,8,10,lab_slots_ab_hist_rel_v2_exclude_manual_k10
310363,1,10,lab_slots_ab_hist_rel_v2_exclude_manual_k10
310364,-1,10,lab_slots_ab_hist_rel_v2_exclude_manual_k10
310384,3,10,lab_slots_ab_hist_rel_v2_exclude_manual_k10
310387,5,10,lab_slots_ab_hist_rel_v2_exclude_manual_k10
310465,4,10,lab_slots_ab_hist_rel_v2_exclude_manual_k10
310466,3,10,lab_slots_ab_hist_rel_v2_exclude_manual_k10
310481,3,10,lab_slots_ab_hist_rel_v2_exclude_manual_k10
310494,1,10,lab_slots_ab_hist_rel_v2_exclude_manual_k10
310496,3,10,lab_slots_ab_hist_rel_v2_exclude_manual_k10
310497,1,10,lab_slots_ab_hist_rel_v2_exclude_manual_k10
310509,-1,10,lab_slots_ab_hist_rel_v2_exclude_manual_k10
310512,2,10,lab_slots_ab_hist_rel_v2_exclude_manual_k10
310517,-1,10,lab_slots_ab_hist_rel_v2_exclude_manual_k10
310520,-1,10,lab_slots_ab_hist_rel_v2_exclude_manual_k10
310521,3,10,lab_slots_ab_hist_rel_v2_exclude_manual_k10
310522,-1,10,lab_slots_ab_hist_rel_v2_exclude_manual_k10
310523,-1,10,lab_slots_ab_hist_rel_v2_exclude_manual_k10
310538,8,10,lab_slots_ab_hist_rel_v2_exclude_manual_k10
310542,1,10,lab_slots_ab_hist_rel_v2_exclude_manual_k10
310543,0,10,lab_slots_ab_hist_rel_v2_exclude_manual_k10
310544,4,10,lab_slots_ab_hist_rel_v2_exclude_manual_k10
310547,8,10,lab_slots_ab_hist_rel_v2_exclude_manual_k10
310550,5,10,lab_slots_ab_hist_rel_v2_exclude_manual_k10
310556,5,10,lab_slots_ab_hist_rel_v2_exclude_manual_k10
310568,-1,10,lab_slots_ab_hist_rel_v2_exclude_manual_k10
310589,-1,10,lab_slots_ab_hist_rel_v2_exclude_manual_k10
310594,2,10,lab_slots_ab_hist_rel_v2_exclude_manual_k10
310601,4,10,lab_slots_ab_hist_rel_v2_exclude_manual_k10
310602,8,10,lab_slots_ab_hist_rel_v2_exclude_manual_k10
310603,4,10,lab_slots_ab_hist_rel_v2_exclude_manual_k10
310607,2,10,lab_slots_ab_hist_rel_v2_exclude_manual_k10
310645,0,10,lab_slots_ab_hist_rel_v2_exclude_manual_k10
310652,3,10,lab_slots_ab_hist_rel_v2_exclude_manual_k10
310654,3,10,lab_slots_ab_hist_rel_v2_exclude_manual_k10
310662,1,10,lab_slots_ab_hist_rel_v2_exclude_manual_k10
310673,3,10,lab_slots_ab_hist_rel_v2_exclude_manual_k10
310675,0,10,lab_slots_ab_hist_rel_v2_exclude_manual_k10
310704,4,10,lab_slots_ab_hist_rel_v2_exclude_manual_k10
310716,5,10,lab_slots_ab_hist_rel_v2_exclude_manual_k10
312157,7,10,lab_slots_ab_hist_rel_v2_exclude_manual_k10
312158,7,10,lab_slots_ab_hist_rel_v2_exclude_manual_k10
312160,3,10,lab_slots_ab_hist_rel_v2_exclude_manual_k10
312161,1,10,lab_slots_ab_hist_rel_v2_exclude_manual_k10
312165,4,10,lab_slots_ab_hist_rel_v2_exclude_manual_k10
312486,2,10,lab_slots_ab_hist_rel_v2_exclude_manual_k10
312570,3,10,lab_slots_ab_hist_rel_v2_exclude_manual_k10
312571,3,10,lab_slots_ab_hist_rel_v2_exclude_manual_k10
312572,3,10,lab_slots_ab_hist_rel_v2_exclude_manual_k10
312582,0,10,lab_slots_ab_hist_rel_v2_exclude_manual_k10
312586,3,10,lab_slots_ab_hist_rel_v2_exclude_manual_k10
312603,8,10,lab_slots_ab_hist_rel_v2_exclude_manual_k10
312606,8,10,lab_slots_ab_hist_rel_v2_exclude_manual_k10
312608,-1,10,lab_slots_ab_hist_rel_v2_exclude_manual_k10
312629,7,10,lab_slots_ab_hist_rel_v2_exclude_manual_k10
312632,5,10,lab_slots_ab_hist_rel_v2_exclude_manual_k10
312802,-1,10,lab_slots_ab_hist_rel_v2_exclude_manual_k10
312814,4,10,lab_slots_ab_hist_rel_v2_exclude_manual_k10
312891,4,10,lab_slots_ab_hist_rel_v2_exclude_manual_k10
312928,0,10,lab_slots_ab_hist_rel_v2_exclude_manual_k10
312935,2,10,lab_slots_ab_hist_rel_v2_exclude_manual_k10
313009,1,10,lab_slots_ab_hist_rel_v2_exclude_manual_k10
313101,4,10,lab_slots_ab_hist_rel_v2_exclude_manual_k10
313145,1,10,lab_slots_ab_hist_rel_v2_exclude_manual_k10
313155,2,10,lab_slots_ab_hist_rel_v2_exclude_manual_k10
313156,-1,10,lab_slots_ab_hist_rel_v2_exclude_manual_k10
313241,3,10,lab_slots_ab_hist_rel_v2_exclude_manual_k10
313275,5,10,lab_slots_ab_hist_rel_v2_exclude_manual_k10
313286,3,10,lab_slots_ab_hist_rel_v2_exclude_manual_k10
313287,3,10,lab_slots_ab_hist_rel_v2_exclude_manual_k10
313289,2,10,lab_slots_ab_hist_rel_v2_exclude_manual_k10
313301,4,10,lab_slots_ab_hist_rel_v2_exclude_manual_k10
313302,3,10,lab_slots_ab_hist_rel_v2_exclude_manual_k10
313304,2,10,lab_slots_ab_hist_rel_v2_exclude_manual_k10
313305,-1,10,lab_slots_ab_hist_rel_v2_exclude_manual_k10
313307,4,10,lab_slots_ab_hist_rel_v2_exclude_manual_k10
313309,1,10,lab_slots_ab_hist_rel_v2_exclude_manual_k10
313314,7,10,lab_slots_ab_hist_rel_v2_exclude_manual_k10
313320,7,10,lab_slots_ab_hist_rel_v2_exclude_manual_k10
313340,3,10,lab_slots_ab_hist_rel_v2_exclude_manual_k10
313361,8,10,lab_slots_ab_hist_rel_v2_exclude_manual_k10
313362,3,10,lab_slots_ab_hist_rel_v2_exclude_manual_k10
313363,0,10,lab_slots_ab_hist_rel_v2_exclude_manual_k10
313397,-1,10,lab_slots_ab_hist_rel_v2_exclude_manual_k10
314165,3,10,lab_slots_ab_hist_rel_v2_exclude_manual_k10
314181,5,10,lab_slots_ab_hist_rel_v2_exclude_manual_k10
314197,8,10,lab_slots_ab_hist_rel_v2_exclude_manual_k10
314217,2,10,lab_slots_ab_hist_rel_v2_exclude_manual_k10
314364,8,10,lab_slots_ab_hist_rel_v2_exclude_manual_k10
314365,0,10,lab_slots_ab_hist_rel_v2_exclude_manual_k10
314523,3,10,lab_slots_ab_hist_rel_v2_exclude_manual_k10
314524,-1,10,lab_slots_ab_hist_rel_v2_exclude_manual_k10
314626,4,10,lab_slots_ab_hist_rel_v2_exclude_manual_k10
314628,4,10,lab_slots_ab_hist_rel_v2_exclude_manual_k10
314629,2,10,lab_slots_ab_hist_rel_v2_exclude_manual_k10
314633,8,10,lab_slots_ab_hist_rel_v2_exclude_manual_k10
314635,4,10,lab_slots_ab_hist_rel_v2_exclude_manual_k10
314636,-1,10,lab_slots_ab_hist_rel_v2_exclude_manual_k10
314678,1,10,lab_slots_ab_hist_rel_v2_exclude_manual_k10
314679,2,10,lab_slots_ab_hist_rel_v2_exclude_manual_k10
314680,-1,10,lab_slots_ab_hist_rel_v2_exclude_manual_k10
314681,4,10,lab_slots_ab_hist_rel_v2_exclude_manual_k10
314682,3,10,lab_slots_ab_hist_rel_v2_exclude_manual_k10
314684,-1,10,lab_slots_ab_hist_rel_v2_exclude_manual_k10
314687,7,10,lab_slots_ab_hist_rel_v2_exclude_manual_k10
314688,7,10,lab_slots_ab_hist_rel_v2_exclude_manual_k10
314690,7,10,lab_slots_ab_hist_rel_v2_exclude_manual_k10
314691,4,10,lab_slots_ab_hist_rel_v2_exclude_manual_k10
314692,-1,10,lab_slots_ab_hist_rel_v2_exclude_manual_k10
314693,-1,10,lab_slots_ab_hist_rel_v2_exclude_manual_k10
314694,-1,10,lab_slots_ab_hist_rel_v2_exclude_manual_k10
314695,2,10,lab_slots_ab_hist_rel_v2_exclude_manual_k10
314696,-1,10,lab_slots_ab_hist_rel_v2_exclude_manual_k10
314697,2,10,lab_slots_ab_hist_rel_v2_exclude_manual_k10
314698,4,10,lab_slots_ab_hist_rel_v2_exclude_manual_k10
314699,7,10,lab_slots_ab_hist_rel_v2_exclude_manual_k10
314859,5,10,lab_slots_ab_hist_rel_v2_exclude_manual_k10
314954,-1,10,lab_slots_ab_hist_rel_v2_exclude_manual_k10
314955,-1,10,lab_slots_ab_hist_rel_v2_exclude_manual_k10
315038,3,10,lab_slots_ab_hist_rel_v2_exclude_manual_k10
315052,-1,10,lab_slots_ab_hist_rel_v2_exclude_manual_k10
315062,0,10,lab_slots_ab_hist_rel_v2_exclude_manual_k10
315155,-1,10,lab_slots_ab_hist_rel_v2_exclude_manual_k10
315176,2,10,lab_slots_ab_hist_rel_v2_exclude_manual_k10
315677,3,10,lab_slots_ab_hist_rel_v2_exclude_manual_k10
315678,2,10,lab_slots_ab_hist_rel_v2_exclude_manual_k10
315682,1,10,lab_slots_ab_hist_rel_v2_exclude_manual_k10
315688,7,10,lab_slots_ab_hist_rel_v2_exclude_manual_k10
315999,4,10,lab_slots_ab_hist_rel_v2_exclude_manual_k10
316000,-1,10,lab_slots_ab_hist_rel_v2_exclude_manual_k10
316001,3,10,lab_slots_ab_hist_rel_v2_exclude_manual_k10
316175,7,10,lab_slots_ab_hist_rel_v2_exclude_manual_k10
316176,1,10,lab_slots_ab_hist_rel_v2_exclude_manual_k10
316177,0,10,lab_slots_ab_hist_rel_v2_exclude_manual_k10
316270,-1,10,lab_slots_ab_hist_rel_v2_exclude_manual_k10
316710,-1,10,lab_slots_ab_hist_rel_v2_exclude_manual_k10
316711,0,10,lab_slots_ab_hist_rel_v2_exclude_manual_k10
316718,0,10,lab_slots_ab_hist_rel_v2_exclude_manual_k10
316719,0,10,lab_slots_ab_hist_rel_v2_exclude_manual_k10
316720,2,10,lab_slots_ab_hist_rel_v2_exclude_manual_k10
316721,2,10,lab_slots_ab_hist_rel_v2_exclude_manual_k10
316764,-1,10,lab_slots_ab_hist_rel_v2_exclude_manual_k10
316782,5,10,lab_slots_ab_hist_rel_v2_exclude_manual_k10
316813,2,10,lab_slots_ab_hist_rel_v2_exclude_manual_k10
316875,3,10,lab_slots_ab_hist_rel_v2_exclude_manual_k10
316882,3,10,lab_slots_ab_hist_rel_v2_exclude_manual_k10
316886,-1,10,lab_slots_ab_hist_rel_v2_exclude_manual_k10
317619,2,10,lab_slots_ab_hist_rel_v2_exclude_manual_k10
317749,3,10,lab_slots_ab_hist_rel_v2_exclude_manual_k10
317786,2,10,lab_slots_ab_hist_rel_v2_exclude_manual_k10
317793,-1,10,lab_slots_ab_hist_rel_v2_exclude_manual_k10
317831,3,10,lab_slots_ab_hist_rel_v2_exclude_manual_k10
317890,7,10,lab_slots_ab_hist_rel_v2_exclude_manual_k10
317989,-1,10,lab_slots_ab_hist_rel_v2_exclude_manual_k10
317991,2,10,lab_slots_ab_hist_rel_v2_exclude_manual_k10
318291,4,10,lab_slots_ab_hist_rel_v2_exclude_manual_k10
318293,0,10,lab_slots_ab_hist_rel_v2_exclude_manual_k10
318345,4,10,lab_slots_ab_hist_rel_v2_exclude_manual_k10
318466,4,10,lab_slots_ab_hist_rel_v2_exclude_manual_k10
318470,5,10,lab_slots_ab_hist_rel_v2_exclude_manual_k10
318475,7,10,lab_slots_ab_hist_rel_v2_exclude_manual_k10
318602,-1,10,lab_slots_ab_hist_rel_v2_exclude_manual_k10
318603,3,10,lab_slots_ab_hist_rel_v2_exclude_manual_k10
318604,-1,10,lab_slots_ab_hist_rel_v2_exclude_manual_k10
318605,1,10,lab_slots_ab_hist_rel_v2_exclude_manual_k10
318606,1,10,lab_slots_ab_hist_rel_v2_exclude_manual_k10
318607,-1,10,lab_slots_ab_hist_rel_v2_exclude_manual_k10
318614,4,10,lab_slots_ab_hist_rel_v2_exclude_manual_k10
318617,4,10,lab_slots_ab_hist_rel_v2_exclude_manual_k10
318618,3,10,lab_slots_ab_hist_rel_v2_exclude_manual_k10
318628,7,10,lab_slots_ab_hist_rel_v2_exclude_manual_k10
318662,6,10,lab_slots_ab_hist_rel_v2_exclude_manual_k10
319065,-1,10,lab_slots_ab_hist_rel_v2_exclude_manual_k10
319468,0,10,lab_slots_ab_hist_rel_v2_exclude_manual_k10
319570,2,10,lab_slots_ab_hist_rel_v2_exclude_manual_k10
319633,-1,10,lab_slots_ab_hist_rel_v2_exclude_manual_k10
319800,0,10,lab_slots_ab_hist_rel_v2_exclude_manual_k10
319859,-1,10,lab_slots_ab_hist_rel_v2_exclude_manual_k10
319966,0,10,lab_slots_ab_hist_rel_v2_exclude_manual_k10
320343,1,10,lab_slots_ab_hist_rel_v2_exclude_manual_k10
330014,0,10,lab_slots_ab_hist_rel_v2_exclude_manual_k10
330015,0,10,lab_slots_ab_hist_rel_v2_exclude_manual_k10
330104,-1,10,lab_slots_ab_hist_rel_v2_exclude_manual_k10
442860,0,10,lab_slots_ab_hist_rel_v2_exclude_manual_k10
442873,-1,10,lab_slots_ab_hist_rel_v2_exclude_manual_k10
442902,4,10,lab_slots_ab_hist_rel_v2_exclude_manual_k10
443103,0,10,lab_slots_ab_hist_rel_v2_exclude_manual_k10
444451,0,10,lab_slots_ab_hist_rel_v2_exclude_manual_k10
444463,-1,10,lab_slots_ab_hist_rel_v2_exclude_manual_k10
444478,1,10,lab_slots_ab_hist_rel_v2_exclude_manual_k10
444480,0,10,lab_slots_ab_hist_rel_v2_exclude_manual_k10
444481,-1,10,lab_slots_ab_hist_rel_v2_exclude_manual_k10
444485,7,10,lab_slots_ab_hist_rel_v2_exclude_manual_k10
444486,4,10,lab_slots_ab_hist_rel_v2_exclude_manual_k10
444488,-1,10,lab_slots_ab_hist_rel_v2_exclude_manual_k10
444490,-1,10,lab_slots_ab_hist_rel_v2_exclude_manual_k10
444495,-1,10,lab_slots_ab_hist_rel_v2_exclude_manual_k10
444496,-1,10,lab_slots_ab_hist_rel_v2_exclude_manual_k10
444497,-1,10,lab_slots_ab_hist_rel_v2_exclude_manual_k10
444503,7,10,lab_slots_ab_hist_rel_v2_exclude_manual_k10
444507,-1,10,lab_slots_ab_hist_rel_v2_exclude_manual_k10
444508,-1,10,lab_slots_ab_hist_rel_v2_exclude_manual_k10
444515,3,10,lab_slots_ab_hist_rel_v2_exclude_manual_k10
444516,-1,10,lab_slots_ab_hist_rel_v2_exclude_manual_k10
444517,-1,10,lab_slots_ab_hist_rel_v2_exclude_manual_k10
444518,0,10,lab_slots_ab_hist_rel_v2_exclude_manual_k10
444873,-1,10,lab_slots_ab_hist_rel_v2_exclude_manual_k10
444876,-1,10,lab_slots_ab_hist_rel_v2_exclude_manual_k10
444888,-1,10,lab_slots_ab_hist_rel_v2_exclude_manual_k10
444893,-1,10,lab_slots_ab_hist_rel_v2_exclude_manual_k10
444898,-1,10,lab_slots_ab_hist_rel_v2_exclude_manual_k10
444900,-1,10,lab_slots_ab_hist_rel_v2_exclude_manual_k10
444948,-1,10,lab_slots_ab_hist_rel_v2_exclude_manual_k10
445230,-1,10,lab_slots_ab_hist_rel_v2_exclude_manual_k10
445241,-1,10,lab_slots_ab_hist_rel_v2_exclude_manual_k10
445268,1,10,lab_slots_ab_hist_rel_v2_exclude_manual_k10
445269,-1,10,lab_slots_ab_hist_rel_v2_exclude_manual_k10
445270,-1,10,lab_slots_ab_hist_rel_v2_exclude_manual_k10
445289,-1,10,lab_slots_ab_hist_rel_v2_exclude_manual_k10
445301,-1,10,lab_slots_ab_hist_rel_v2_exclude_manual_k10
446195,-1,10,lab_slots_ab_hist_rel_v2_exclude_manual_k10
446217,-1,10,lab_slots_ab_hist_rel_v2_exclude_manual_k10
446222,7,10,lab_slots_ab_hist_rel_v2_exclude_manual_k10
446264,0,10,lab_slots_ab_hist_rel_v2_exclude_manual_k10
446269,-1,10,lab_slots_ab_hist_rel_v2_exclude_manual_k10
446283,-1,10,lab_slots_ab_hist_rel_v2_exclude_manual_k10
446652,-1,10,lab_slots_ab_hist_rel_v2_exclude_manual_k10
446653,-1,10,lab_slots_ab_hist_rel_v2_exclude_manual_k10
446654,-1,10,lab_slots_ab_hist_rel_v2_exclude_manual_k10
446673,7,10,lab_slots_ab_hist_rel_v2_exclude_manual_k10
446685,-1,10,lab_slots_ab_hist_rel_v2_exclude_manual_k10
446695,-1,10,lab_slots_ab_hist_rel_v2_exclude_manual_k10
446840,8,10,lab_slots_ab_hist_rel_v2_exclude_manual_k10
446841,8,10,lab_slots_ab_hist_rel_v2_exclude_manual_k10
446842,8,10,lab_slots_ab_hist_rel_v2_exclude_manual_k10
446843,8,10,lab_slots_ab_hist_rel_v2_exclude_manual_k10
446844,8,10,lab_slots_ab_hist_rel_v2_exclude_manual_k10
446845,7,10,lab_slots_ab_hist_rel_v2_exclude_manual_k10
446878,7,10,lab_slots_ab_hist_rel_v2_exclude_manual_k10
446879,7,10,lab_slots_ab_hist_rel_v2_exclude_manual_k10
446886,-1,10,lab_slots_ab_hist_rel_v2_exclude_manual_k10
446888,8,10,lab_slots_ab_hist_rel_v2_exclude_manual_k10
446898,-1,10,lab_slots_ab_hist_rel_v2_exclude_manual_k10
446900,2,10,lab_slots_ab_hist_rel_v2_exclude_manual_k10
446902,1,10,lab_slots_ab_hist_rel_v2_exclude_manual_k10
446903,-1,10,lab_slots_ab_hist_rel_v2_exclude_manual_k10
446907,7,10,lab_slots_ab_hist_rel_v2_exclude_manual_k10
446908,-1,10,lab_slots_ab_hist_rel_v2_exclude_manual_k10
446909,1,10,lab_slots_ab_hist_rel_v2_exclude_manual_k10
446929,4,10,lab_slots_ab_hist_rel_v2_exclude_manual_k10
446935,-1,10,lab_slots_ab_hist_rel_v2_exclude_manual_k10
446936,7,10,lab_slots_ab_hist_rel_v2_exclude_manual_k10
446944,8,10,lab_slots_ab_hist_rel_v2_exclude_manual_k10
446945,2,10,lab_slots_ab_hist_rel_v2_exclude_manual_k10
446946,-1,10,lab_slots_ab_hist_rel_v2_exclude_manual_k10
446961,-1,10,lab_slots_ab_hist_rel_v2_exclude_manual_k10
446976,-1,10,lab_slots_ab_hist_rel_v2_exclude_manual_k10
446997,9,10,lab_slots_ab_hist_rel_v2_exclude_manual_k10
447070,-1,10,lab_slots_ab_hist_rel_v2_exclude_manual_k10
447072,-1,10,lab_slots_ab_hist_rel_v2_exclude_manual_k10
447080,-1,10,lab_slots_ab_hist_rel_v2_exclude_manual_k10
447120,3,10,lab_slots_ab_hist_rel_v2_exclude_manual_k10
447130,-1,10,lab_slots_ab_hist_rel_v2_exclude_manual_k10
447137,-1,10,lab_slots_ab_hist_rel_v2_exclude_manual_k10
447138,-1,10,lab_slots_ab_hist_rel_v2_exclude_manual_k10
447139,-1,10,lab_slots_ab_hist_rel_v2_exclude_manual_k10
447146,7,10,lab_slots_ab_hist_rel_v2_exclude_manual_k10
447159,-1,10,lab_slots_ab_hist_rel_v2_exclude_manual_k10
447164,-1,10,lab_slots_ab_hist_rel_v2_exclude_manual_k10
447171,4,10,lab_slots_ab_hist_rel_v2_exclude_manual_k10
447176,3,10,lab_slots_ab_hist_rel_v2_exclude_manual_k10
447177,4,10,lab_slots_ab_hist_rel_v2_exclude_manual_k10
447185,8,10,lab_slots_ab_hist_rel_v2_exclude_manual_k10
447229,4,10,lab_slots_ab_hist_rel_v2_exclude_manual_k10
447275,-1,10,lab_slots_ab_hist_rel_v2_exclude_manual_k10
447276,-1,10,lab_slots_ab_hist_rel_v2_exclude_manual_k10
447277,-1,10,lab_slots_ab_hist_rel_v2_exclude_manual_k10
447278,5,10,lab_slots_ab_hist_rel_v2_exclude_manual_k10
447279,-1,10,lab_slots_ab_hist_rel_v2_exclude_manual_k10
447285,4,10,lab_slots_ab_hist_rel_v2_exclude_manual_k10
447286,4,10,lab_slots_ab_hist_rel_v2_exclude_manual_k10
447287,8,10,lab_slots_ab_hist_rel_v2_exclude_manual_k10
447288,8,10,lab_slots_ab_hist_rel_v2_exclude_manual_k10
447289,7,10,lab_slots_ab_hist_rel_v2_exclude_manual_k10
447290,7,10,lab_slots_ab_hist_rel_v2_exclude_manual_k10
447291,8,10,lab_slots_ab_hist_rel_v2_exclude_manual_k10
447292,7,10,lab_slots_ab_hist_rel_v2_exclude_manual_k10
447464,6,10,lab_slots_ab_hist_rel_v2_exclude_manual_k10
447617,-1,10,lab_slots_ab_hist_rel_v2_exclude_manual_k10
447674,8,10,lab_slots_ab_hist_rel_v2_exclude_manual_k10
447678,1,10,lab_slots_ab_hist_rel_v2_exclude_manual_k10
447748,-1,10,lab_slots_ab_hist_rel_v2_exclude_manual_k10
447776,-1,10,lab_slots_ab_hist_rel_v2_exclude_manual_k10
447789,8,10,lab_slots_ab_hist_rel_v2_exclude_manual_k10
447987,0,10,lab_slots_ab_hist_rel_v2_exclude_manual_k10
447995,7,10,lab_slots_ab_hist_rel_v2_exclude_manual_k10
448017,7,10,lab_slots_ab_hist_rel_v2_exclude_manual_k10
448181,8,10,lab_slots_ab_hist_rel_v2_exclude_manual_k10
448182,8,10,lab_slots_ab_hist_rel_v2_exclude_manual_k10
448186,-1,10,lab_slots_ab_hist_rel_v2_exclude_manual_k10
448260,8,10,lab_slots_ab_hist_rel_v2_exclude_manual_k10
448261,8,10,lab_slots_ab_hist_rel_v2_exclude_manual_k10
448394,-1,10,lab_slots_ab_hist_rel_v2_exclude_manual_k10
448395,-1,10,lab_slots_ab_hist_rel_v2_exclude_manual_k10
448397,-1,10,lab_slots_ab_hist_rel_v2_exclude_manual_k10
448424,-1,10,lab_slots_ab_hist_rel_v2_exclude_manual_k10
448429,-1,10,lab_slots_ab_hist_rel_v2_exclude_manual_k10
448430,-1,10,lab_slots_ab_hist_rel_v2_exclude_manual_k10
448432,5,10,lab_slots_ab_hist_rel_v2_exclude_manual_k10
448441,-1,10,lab_slots_ab_hist_rel_v2_exclude_manual_k10
448447,-1,10,lab_slots_ab_hist_rel_v2_exclude_manual_k10
448448,-1,10,lab_slots_ab_hist_rel_v2_exclude_manual_k10
448541,0,10,lab_slots_ab_hist_rel_v2_exclude_manual_k10
448544,-1,10,lab_slots_ab_hist_rel_v2_exclude_manual_k10
448557,7,10,lab_slots_ab_hist_rel_v2_exclude_manual_k10
448671,-1,10,lab_slots_ab_hist_rel_v2_exclude_manual_k10
448686,-1,10,lab_slots_ab_hist_rel_v2_exclude_manual_k10
448694,2,10,lab_slots_ab_hist_rel_v2_exclude_manual_k10
448695,0,10,lab_slots_ab_hist_rel_v2_exclude_manual_k10
448696,8,10,lab_slots_ab_hist_rel_v2_exclude_manual_k10
448700,4,10,lab_slots_ab_hist_rel_v2_exclude_manual_k10
448726,7,10,lab_slots_ab_hist_rel_v2_exclude_manual_k10
448826,3,10,lab_slots_ab_hist_rel_v2_exclude_manual_k10
448967,8,10,lab_slots_ab_hist_rel_v2_exclude_manual_k10
448968,8,10,lab_slots_ab_hist_rel_v2_exclude_manual_k10
448969,-1,10,lab_slots_ab_hist_rel_v2_exclude_manual_k10
448975,-1,10,lab_slots_ab_hist_rel_v2_exclude_manual_k10
448976,-1,10,lab_slots_ab_hist_rel_v2_exclude_manual_k10
448981,8,10,lab_slots_ab_hist_rel_v2_exclude_manual_k10
448984,7,10,lab_slots_ab_hist_rel_v2_exclude_manual_k10
448985,8,10,lab_slots_ab_hist_rel_v2_exclude_manual_k10
448986,8,10,lab_slots_ab_hist_rel_v2_exclude_manual_k10
448987,8,10,lab_slots_ab_hist_rel_v2_exclude_manual_k10
448988,8,10,lab_slots_ab_hist_rel_v2_exclude_manual_k10
448997,7,10,lab_slots_ab_hist_rel_v2_exclude_manual_k10
448998,8,10,lab_slots_ab_hist_rel_v2_exclude_manual_k10
449010,-1,10,lab_slots_ab_hist_rel_v2_exclude_manual_k10
449041,7,10,lab_slots_ab_hist_rel_v2_exclude_manual_k10
449056,8,10,lab_slots_ab_hist_rel_v2_exclude_manual_k10
449058,4,10,lab_slots_ab_hist_rel_v2_exclude_manual_k10
449063,-1,10,lab_slots_ab_hist_rel_v2_exclude_manual_k10
449066,7,10,lab_slots_ab_hist_rel_v2_exclude_manual_k10
449067,7,10,lab_slots_ab_hist_rel_v2_exclude_manual_k10
449068,2,10,lab_slots_ab_hist_rel_v2_exclude_manual_k10
449070,7,10,lab_slots_ab_hist_rel_v2_exclude_manual_k10
449071,7,10,lab_slots_ab_hist_rel_v2_exclude_manual_k10
449072,8,10,lab_slots_ab_hist_rel_v2_exclude_manual_k10
449073,8,10,lab_slots_ab_hist_rel_v2_exclude_manual_k10
449078,-1,10,lab_slots_ab_hist_rel_v2_exclude_manual_k10
449079,7,10,lab_slots_ab_hist_rel_v2_exclude_manual_k10
449081,3,10,lab_slots_ab_hist_rel_v2_exclude_manual_k10
449086,7,10,lab_slots_ab_hist_rel_v2_exclude_manual_k10
449089,3,10,lab_slots_ab_hist_rel_v2_exclude_manual_k10
449096,7,10,lab_slots_ab_hist_rel_v2_exclude_manual_k10
449115,7,10,lab_slots_ab_hist_rel_v2_exclude_manual_k10
449116,7,10,lab_slots_ab_hist_rel_v2_exclude_manual_k10
449117,4,10,lab_slots_ab_hist_rel_v2_exclude_manual_k10
449129,-1,10,lab_slots_ab_hist_rel_v2_exclude_manual_k10
449313,8,10,lab_slots_ab_hist_rel_v2_exclude_manual_k10
449335,4,10,lab_slots_ab_hist_rel_v2_exclude_manual_k10
449357,8,10,lab_slots_ab_hist_rel_v2_exclude_manual_k10
449361,8,10,lab_slots_ab_hist_rel_v2_exclude_manual_k10
449362,8,10,lab_slots_ab_hist_rel_v2_exclude_manual_k10
449363,8,10,lab_slots_ab_hist_rel_v2_exclude_manual_k10
449371,8,10,lab_slots_ab_hist_rel_v2_exclude_manual_k10
449399,3,10,lab_slots_ab_hist_rel_v2_exclude_manual_k10
449400,8,10,lab_slots_ab_hist_rel_v2_exclude_manual_k10
449402,8,10,lab_slots_ab_hist_rel_v2_exclude_manual_k10
449403,8,10,lab_slots_ab_hist_rel_v2_exclude_manual_k10
449404,7,10,lab_slots_ab_hist_rel_v2_exclude_manual_k10
449418,8,10,lab_slots_ab_hist_rel_v2_exclude_manual_k10
449419,3,10,lab_slots_ab_hist_rel_v2_exclude_manual_k10
449420,8,10,lab_slots_ab_hist_rel_v2_exclude_manual_k10
449421,7,10,lab_slots_ab_hist_rel_v2_exclude_manual_k10
449422,8,10,lab_slots_ab_hist_rel_v2_exclude_manual_k10
449424,4,10,lab_slots_ab_hist_rel_v2_exclude_manual_k10
449426,4,10,lab_slots_ab_hist_rel_v2_exclude_manual_k10
449428,-1,10,lab_slots_ab_hist_rel_v2_exclude_manual_k10
449429,8,10,lab_slots_ab_hist_rel_v2_exclude_manual_k10
449430,7,10,lab_slots_ab_hist_rel_v2_exclude_manual_k10
449435,7,10,lab_slots_ab_hist_rel_v2_exclude_manual_k10
449436,8,10,lab_slots_ab_hist_rel_v2_exclude_manual_k10
449446,8,10,lab_slots_ab_hist_rel_v2_exclude_manual_k10
449455,8,10,lab_slots_ab_hist_rel_v2_exclude_manual_k10
449457,-1,10,lab_slots_ab_hist_rel_v2_exclude_manual_k10
449481,8,10,lab_slots_ab_hist_rel_v2_exclude_manual_k10
449482,8,10,lab_slots_ab_hist_rel_v2_exclude_manual_k10
449483,8,10,lab_slots_ab_hist_rel_v2_exclude_manual_k10
449497,-1,10,lab_slots_ab_hist_rel_v2_exclude_manual_k10
449498,7,10,lab_slots_ab_hist_rel_v2_exclude_manual_k10
449506,7,10,lab_slots_ab_hist_rel_v2_exclude_manual_k10
449507,7,10,lab_slots_ab_hist_rel_v2_exclude_manual_k10
449508,-1,10,lab_slots_ab_hist_rel_v2_exclude_manual_k10
449509,4,10,lab_slots_ab_hist_rel_v2_exclude_manual_k10
449555,7,10,lab_slots_ab_hist_rel_v2_exclude_manual_k10
449557,8,10,lab_slots_ab_hist_rel_v2_exclude_manual_k10
449559,-1,10,lab_slots_ab_hist_rel_v2_exclude_manual_k10
449560,3,10,lab_slots_ab_hist_rel_v2_exclude_manual_k10
449608,8,10,lab_slots_ab_hist_rel_v2_exclude_manual_k10
449622,8,10,lab_slots_ab_hist_rel_v2_exclude_manual_k10
449623,8,10,lab_slots_ab_hist_rel_v2_exclude_manual_k10
449634,4,10,lab_slots_ab_hist_rel_v2_exclude_manual_k10
449635,7,10,lab_slots_ab_hist_rel_v2_exclude_manual_k10
449636,8,10,lab_slots_ab_hist_rel_v2_exclude_manual_k10
449637,3,10,lab_slots_ab_hist_rel_v2_exclude_manual_k10
449640,8,10,lab_slots_ab_hist_rel_v2_exclude_manual_k10
449649,8,10,lab_slots_ab_hist_rel_v2_exclude_manual_k10
449652,8,10,lab_slots_ab_hist_rel_v2_exclude_manual_k10
449659,7,10,lab_slots_ab_hist_rel_v2_exclude_manual_k10
449676,8,10,lab_slots_ab_hist_rel_v2_exclude_manual_k10
449686,-1,10,lab_slots_ab_hist_rel_v2_exclude_manual_k10
449708,-1,10,lab_slots_ab_hist_rel_v2_exclude_manual_k10
449715,-1,10,lab_slots_ab_hist_rel_v2_exclude_manual_k10
449736,8,10,lab_slots_ab_hist_rel_v2_exclude_manual_k10
449743,8,10,lab_slots_ab_hist_rel_v2_exclude_manual_k10
449744,8,10,lab_slots_ab_hist_rel_v2_exclude_manual_k10
449747,8,10,lab_slots_ab_hist_rel_v2_exclude_manual_k10
449748,8,10,lab_slots_ab_hist_rel_v2_exclude_manual_k10
449771,8,10,lab_slots_ab_hist_rel_v2_exclude_manual_k10
449772,4,10,lab_slots_ab_hist_rel_v2_exclude_manual_k10
449773,7,10,lab_slots_ab_hist_rel_v2_exclude_manual_k10
449775,8,10,lab_slots_ab_hist_rel_v2_exclude_manual_k10
449851,8,10,lab_slots_ab_hist_rel_v2_exclude_manual_k10
449869,4,10,lab_slots_ab_hist_rel_v2_exclude_manual_k10
449870,7,10,lab_slots_ab_hist_rel_v2_exclude_manual_k10
449872,8,10,lab_slots_ab_hist_rel_v2_exclude_manual_k10
449873,8,10,lab_slots_ab_hist_rel_v2_exclude_manual_k10
449874,4,10,lab_slots_ab_hist_rel_v2_exclude_manual_k10
449875,7,10,lab_slots_ab_hist_rel_v2_exclude_manual_k10
449876,8,10,lab_slots_ab_hist_rel_v2_exclude_manual_k10
449878,8,10,lab_slots_ab_hist_rel_v2_exclude_manual_k10
449879,4,10,lab_slots_ab_hist_rel_v2_exclude_manual_k10
449880,8,10,lab_slots_ab_hist_rel_v2_exclude_manual_k10
449883,8,10,lab_slots_ab_hist_rel_v2_exclude_manual_k10
449884,4,10,lab_slots_ab_hist_rel_v2_exclude_manual_k10
449902,8,10,lab_slots_ab_hist_rel_v2_exclude_manual_k10
449903,8,10,lab_slots_ab_hist_rel_v2_exclude_manual_k10
449904,8,10,lab_slots_ab_hist_rel_v2_exclude_manual_k10
449905,8,10,lab_slots_ab_hist_rel_v2_exclude_manual_k10
449906,4,10,lab_slots_ab_hist_rel_v2_exclude_manual_k10
449913,4,10,lab_slots_ab_hist_rel_v2_exclude_manual_k10
449914,1,10,lab_slots_ab_hist_rel_v2_exclude_manual_k10
449915,8,10,lab_slots_ab_hist_rel_v2_exclude_manual_k10
449916,7,10,lab_slots_ab_hist_rel_v2_exclude_manual_k10
449917,1,10,lab_slots_ab_hist_rel_v2_exclude_manual_k10
449918,3,10,lab_slots_ab_hist_rel_v2_exclude_manual_k10
449919,1,10,lab_slots_ab_hist_rel_v2_exclude_manual_k10
449920,1,10,lab_slots_ab_hist_rel_v2_exclude_manual_k10
449921,1,10,lab_slots_ab_hist_rel_v2_exclude_manual_k10
449923,1,10,lab_slots_ab_hist_rel_v2_exclude_manual_k10
449924,3,10,lab_slots_ab_hist_rel_v2_exclude_manual_k10
449925,1,10,lab_slots_ab_hist_rel_v2_exclude_manual_k10
450198,3,10,lab_slots_ab_hist_rel_v2_exclude_manual_k10
450459,-1,10,lab_slots_ab_hist_rel_v2_exclude_manual_k10
450460,-1,10,lab_slots_ab_hist_rel_v2_exclude_manual_k10
450480,0,10,lab_slots_ab_hist_rel_v2_exclude_manual_k10
450494,8,10,lab_slots_ab_hist_rel_v2_exclude_manual_k10
450747,-1,10,lab_slots_ab_hist_rel_v2_exclude_manual_k10
450759,3,10,lab_slots_ab_hist_rel_v2_exclude_manual_k10
450760,7,10,lab_slots_ab_hist_rel_v2_exclude_manual_k10
450769,4,10,lab_slots_ab_hist_rel_v2_exclude_manual_k10
450929,-1,10,lab_slots_ab_hist_rel_v2_exclude_manual_k10
450930,7,10,lab_slots_ab_hist_rel_v2_exclude_manual_k10
450931,3,10,lab_slots_ab_hist_rel_v2_exclude_manual_k10
450932,-1,10,lab_slots_ab_hist_rel_v2_exclude_manual_k10
450940,-1,10,lab_slots_ab_hist_rel_v2_exclude_manual_k10
450941,7,10,lab_slots_ab_hist_rel_v2_exclude_manual_k10
450942,-1,10,lab_slots_ab_hist_rel_v2_exclude_manual_k10
450943,-1,10,lab_slots_ab_hist_rel_v2_exclude_manual_k10
450944,-1,10,lab_slots_ab_hist_rel_v2_exclude_manual_k10
450945,-1,10,lab_slots_ab_hist_rel_v2_exclude_manual_k10
450946,-1,10,lab_slots_ab_hist_rel_v2_exclude_manual_k10
450947,-1,10,lab_slots_ab_hist_rel_v2_exclude_manual_k10
451029,-1,10,lab_slots_ab_hist_rel_v2_exclude_manual_k10
451180,3,10,lab_slots_ab_hist_rel_v2_exclude_manual_k10
451200,-1,10,lab_slots_ab_hist_rel_v2_exclude_manual_k10
451336,0,10,lab_slots_ab_hist_rel_v2_exclude_manual_k10
451338,-1,10,lab_slots_ab_hist_rel_v2_exclude_manual_k10
451349,-1,10,lab_slots_ab_hist_rel_v2_exclude_manual_k10
451352,-1,10,lab_slots_ab_hist_rel_v2_exclude_manual_k10
451361,-1,10,lab_slots_ab_hist_rel_v2_exclude_manual_k10
451362,-1,10,lab_slots_ab_hist_rel_v2_exclude_manual_k10
451363,-1,10,lab_slots_ab_hist_rel_v2_exclude_manual_k10
451364,-1,10,lab_slots_ab_hist_rel_v2_exclude_manual_k10
451365,-1,10,lab_slots_ab_hist_rel_v2_exclude_manual_k10
451397,-1,10,lab_slots_ab_hist_rel_v2_exclude_manual_k10
451429,-1,10,lab_slots_ab_hist_rel_v2_exclude_manual_k10
451431,-1,10,lab_slots_ab_hist_rel_v2_exclude_manual_k10
451434,1,10,lab_slots_ab_hist_rel_v2_exclude_manual_k10
451466,0,10,lab_slots_ab_hist_rel_v2_exclude_manual_k10
451609,-1,10,lab_slots_ab_hist_rel_v2_exclude_manual_k10
451618,-1,10,lab_slots_ab_hist_rel_v2_exclude_manual_k10
451619,1,10,lab_slots_ab_hist_rel_v2_exclude_manual_k10
451620,8,10,lab_slots_ab_hist_rel_v2_exclude_manual_k10
451621,-1,10,lab_slots_ab_hist_rel_v2_exclude_manual_k10
451622,-1,10,lab_slots_ab_hist_rel_v2_exclude_manual_k10
451635,-1,10,lab_slots_ab_hist_rel_v2_exclude_manual_k10
451694,7,10,lab_slots_ab_hist_rel_v2_exclude_manual_k10
451695,8,10,lab_slots_ab_hist_rel_v2_exclude_manual_k10
451707,7,10,lab_slots_ab_hist_rel_v2_exclude_manual_k10
451740,-1,10,lab_slots_ab_hist_rel_v2_exclude_manual_k10
451763,-1,10,lab_slots_ab_hist_rel_v2_exclude_manual_k10
451798,7,10,lab_slots_ab_hist_rel_v2_exclude_manual_k10
451834,-1,10,lab_slots_ab_hist_rel_v2_exclude_manual_k10
451836,-1,10,lab_slots_ab_hist_rel_v2_exclude_manual_k10
451840,-1,10,lab_slots_ab_hist_rel_v2_exclude_manual_k10
451865,-1,10,lab_slots_ab_hist_rel_v2_exclude_manual_k10
451871,-1,10,lab_slots_ab_hist_rel_v2_exclude_manual_k10
451873,-1,10,lab_slots_ab_hist_rel_v2_exclude_manual_k10
451878,0,10,lab_slots_ab_hist_rel_v2_exclude_manual_k10
451879,4,10,lab_slots_ab_hist_rel_v2_exclude_manual_k10
451880,-1,10,lab_slots_ab_hist_rel_v2_exclude_manual_k10
451881,-1,10,lab_slots_ab_hist_rel_v2_exclude_manual_k10
451946,-1,10,lab_slots_ab_hist_rel_v2_exclude_manual_k10
451986,5,10,lab_slots_ab_hist_rel_v2_exclude_manual_k10
451993,-1,10,lab_slots_ab_hist_rel_v2_exclude_manual_k10
452011,1,10,lab_slots_ab_hist_rel_v2_exclude_manual_k10
452025,-1,10,lab_slots_ab_hist_rel_v2_exclude_manual_k10
452034,-1,10,lab_slots_ab_hist_rel_v2_exclude_manual_k10
452036,-1,10,lab_slots_ab_hist_rel_v2_exclude_manual_k10
452082,-1,10,lab_slots_ab_hist_rel_v2_exclude_manual_k10
452083,2,10,lab_slots_ab_hist_rel_v2_exclude_manual_k10
452084,-1,10,lab_slots_ab_hist_rel_v2_exclude_manual_k10
452223,-1,10,lab_slots_ab_hist_rel_v2_exclude_manual_k10
452610,-1,10,lab_slots_ab_hist_rel_v2_exclude_manual_k10
452615,0,10,lab_slots_ab_hist_rel_v2_exclude_manual_k10
452683,-1,10,lab_slots_ab_hist_rel_v2_exclude_manual_k10
452735,-1,10,lab_slots_ab_hist_rel_v2_exclude_manual_k10
452853,-1,10,lab_slots_ab_hist_rel_v2_exclude_manual_k10
452920,7,10,lab_slots_ab_hist_rel_v2_exclude_manual_k10
452960,7,10,lab_slots_ab_hist_rel_v2_exclude_manual_k10
453047,-1,10,lab_slots_ab_hist_rel_v2_exclude_manual_k10
453306,4,10,lab_slots_ab_hist_rel_v2_exclude_manual_k10
453308,-1,10,lab_slots_ab_hist_rel_v2_exclude_manual_k10
453349,-1,10,lab_slots_ab_hist_rel_v2_exclude_manual_k10
453452,2,10,lab_slots_ab_hist_rel_v2_exclude_manual_k10
453454,-1,10,lab_slots_ab_hist_rel_v2_exclude_manual_k10
453457,-1,10,lab_slots_ab_hist_rel_v2_exclude_manual_k10
453577,4,10,lab_slots_ab_hist_rel_v2_exclude_manual_k10
453623,3,10,lab_slots_ab_hist_rel_v2_exclude_manual_k10
453896,-1,10,lab_slots_ab_hist_rel_v2_exclude_manual_k10
453996,-1,10,lab_slots_ab_hist_rel_v2_exclude_manual_k10
454610,-1,10,lab_slots_ab_hist_rel_v2_exclude_manual_k10
454766,-1,10,lab_slots_ab_hist_rel_v2_exclude_manual_k10
454767,-1,10,lab_slots_ab_hist_rel_v2_exclude_manual_k10
456054,-1,10,lab_slots_ab_hist_rel_v2_exclude_manual_k10
456219,7,10,lab_slots_ab_hist_rel_v2_exclude_manual_k10
458261,3,10,lab_slots_ab_hist_rel_v2_exclude_manual_k10
460128,-1,10,lab_slots_ab_hist_rel_v2_exclude_manual_k10
460131,-1,10,lab_slots_ab_hist_rel_v2_exclude_manual_k10
460132,-1,10,lab_slots_ab_hist_rel_v2_exclude_manual_k10
460133,-1,10,lab_slots_ab_hist_rel_v2_exclude_manual_k10
460134,-1,10,lab_slots_ab_hist_rel_v2_exclude_manual_k10
460135,-1,10,lab_slots_ab_hist_rel_v2_exclude_manual_k10
460136,-1,10,lab_slots_ab_hist_rel_v2_exclude_manual_k10
460138,-1,10,lab_slots_ab_hist_rel_v2_exclude_manual_k10
460139,-1,10,lab_slots_ab_hist_rel_v2_exclude_manual_k10
460142,5,10,lab_slots_ab_hist_rel_v2_exclude_manual_k10
460143,5,10,lab_slots_ab_hist_rel_v2_exclude_manual_k10
460144,5,10,lab_slots_ab_hist_rel_v2_exclude_manual_k10
460145,-1,10,lab_slots_ab_hist_rel_v2_exclude_manual_k10
460146,-1,10,lab_slots_ab_hist_rel_v2_exclude_manual_k10
460147,-1,10,lab_slots_ab_hist_rel_v2_exclude_manual_k10
460149,-1,10,lab_slots_ab_hist_rel_v2_exclude_manual_k10
460168,5,10,lab_slots_ab_hist_rel_v2_exclude_manual_k10
460173,5,10,lab_slots_ab_hist_rel_v2_exclude_manual_k10
460175,1,10,lab_slots_ab_hist_rel_v2_exclude_manual_k10
460177,-1,10,lab_slots_ab_hist_rel_v2_exclude_manual_k10
460178,-1,10,lab_slots_ab_hist_rel_v2_exclude_manual_k10
460179,-1,10,lab_slots_ab_hist_rel_v2_exclude_manual_k10
460180,-1,10,lab_slots_ab_hist_rel_v2_exclude_manual_k10
460182,-1,10,lab_slots_ab_hist_rel_v2_exclude_manual_k10
460183,-1,10,lab_slots_ab_hist_rel_v2_exclude_manual_k10
460184,-1,10,lab_slots_ab_hist_rel_v2_exclude_manual_k10
460185,-1,10,lab_slots_ab_hist_rel_v2_exclude_manual_k10
460186,-1,10,lab_slots_ab_hist_rel_v2_exclude_manual_k10
460187,5,10,lab_slots_ab_hist_rel_v2_exclude_manual_k10
460226,5,10,lab_slots_ab_hist_rel_v2_exclude_manual_k10
460227,5,10,lab_slots_ab_hist_rel_v2_exclude_manual_k10
460263,-1,10,lab_slots_ab_hist_rel_v2_exclude_manual_k10
460264,5,10,lab_slots_ab_hist_rel_v2_exclude_manual_k10
460265,5,10,lab_slots_ab_hist_rel_v2_exclude_manual_k10
460268,-1,10,lab_slots_ab_hist_rel_v2_exclude_manual_k10
460270,-1,10,lab_slots_ab_hist_rel_v2_exclude_manual_k10
460271,-1,10,lab_slots_ab_hist_rel_v2_exclude_manual_k10
460272,-1,10,lab_slots_ab_hist_rel_v2_exclude_manual_k10
460276,-1,10,lab_slots_ab_hist_rel_v2_exclude_manual_k10
460277,-1,10,lab_slots_ab_hist_rel_v2_exclude_manual_k10
460278,-1,10,lab_slots_ab_hist_rel_v2_exclude_manual_k10
460279,5,10,lab_slots_ab_hist_rel_v2_exclude_manual_k10
460280,-1,10,lab_slots_ab_hist_rel_v2_exclude_manual_k10
460652,-1,10,lab_slots_ab_hist_rel_v2_exclude_manual_k10
460659,-1,10,lab_slots_ab_hist_rel_v2_exclude_manual_k10
460660,0,10,lab_slots_ab_hist_rel_v2_exclude_manual_k10
460664,-1,10,lab_slots_ab_hist_rel_v2_exclude_manual_k10
460665,-1,10,lab_slots_ab_hist_rel_v2_exclude_manual_k10
460666,0,10,lab_slots_ab_hist_rel_v2_exclude_manual_k10
460673,-1,10,lab_slots_ab_hist_rel_v2_exclude_manual_k10
460675,-1,10,lab_slots_ab_hist_rel_v2_exclude_manual_k10
460676,-1,10,lab_slots_ab_hist_rel_v2_exclude_manual_k10
460677,-1,10,lab_slots_ab_hist_rel_v2_exclude_manual_k10
460678,-1,10,lab_slots_ab_hist_rel_v2_exclude_manual_k10
460679,-1,10,lab_slots_ab_hist_rel_v2_exclude_manual_k10
460681,-1,10,lab_slots_ab_hist_rel_v2_exclude_manual_k10
460689,-1,10,lab_slots_ab_hist_rel_v2_exclude_manual_k10
460715,-1,10,lab_slots_ab_hist_rel_v2_exclude_manual_k10
460716,5,10,lab_slots_ab_hist_rel_v2_exclude_manual_k10
460717,-1,10,lab_slots_ab_hist_rel_v2_exclude_manual_k10
460718,5,10,lab_slots_ab_hist_rel_v2_exclude_manual_k10
460900,-1,10,lab_slots_ab_hist_rel_v2_exclude_manual_k10
460983,-1,10,lab_slots_ab_hist_rel_v2_exclude_manual_k10
460984,0,10,lab_slots_ab_hist_rel_v2_exclude_manual_k10
461193,-1,10,lab_slots_ab_hist_rel_v2_exclude_manual_k10
461210,1,10,lab_slots_ab_hist_rel_v2_exclude_manual_k10
461218,-1,10,lab_slots_ab_hist_rel_v2_exclude_manual_k10
461222,-1,10,lab_slots_ab_hist_rel_v2_exclude_manual_k10
461224,-1,10,lab_slots_ab_hist_rel_v2_exclude_manual_k10
461338,-1,10,lab_slots_ab_hist_rel_v2_exclude_manual_k10
461493,1,10,lab_slots_ab_hist_rel_v2_exclude_manual_k10
461497,-1,10,lab_slots_ab_hist_rel_v2_exclude_manual_k10
461500,-1,10,lab_slots_ab_hist_rel_v2_exclude_manual_k10
461501,-1,10,lab_slots_ab_hist_rel_v2_exclude_manual_k10
461502,1,10,lab_slots_ab_hist_rel_v2_exclude_manual_k10
461503,0,10,lab_slots_ab_hist_rel_v2_exclude_manual_k10
463085,5,10,lab_slots_ab_hist_rel_v2_exclude_manual_k10
463086,0,10,lab_slots_ab_hist_rel_v2_exclude_manual_k10
463208,5,10,lab_slots_ab_hist_rel_v2_exclude_manual_k10
463529,-1,10,lab_slots_ab_hist_rel_v2_exclude_manual_k10
463530,7,10,lab_slots_ab_hist_rel_v2_exclude_manual_k10
463532,7,10,lab_slots_ab_hist_rel_v2_exclude_manual_k10
463533,3,10,lab_slots_ab_hist_rel_v2_exclude_manual_k10
463546,7,10,lab_slots_ab_hist_rel_v2_exclude_manual_k10
463554,1,10,lab_slots_ab_hist_rel_v2_exclude_manual_k10
463559,-1,10,lab_slots_ab_hist_rel_v2_exclude_manual_k10
463707,-1,10,lab_slots_ab_hist_rel_v2_exclude_manual_k10
463709,1,10,lab_slots_ab_hist_rel_v2_exclude_manual_k10
463710,7,10,lab_slots_ab_hist_rel_v2_exclude_manual_k10
464680,-1,10,lab_slots_ab_hist_rel_v2_exclude_manual_k10
465831,-1,10,lab_slots_ab_hist_rel_v2_exclude_manual_k10
465870,7,10,lab_slots_ab_hist_rel_v2_exclude_manual_k10
465871,4,10,lab_slots_ab_hist_rel_v2_exclude_manual_k10
465872,4,10,lab_slots_ab_hist_rel_v2_exclude_manual_k10
465873,7,10,lab_slots_ab_hist_rel_v2_exclude_manual_k10
465874,4,10,lab_slots_ab_hist_rel_v2_exclude_manual_k10
465875,4,10,lab_slots_ab_hist_rel_v2_exclude_manual_k10
465876,4,10,lab_slots_ab_hist_rel_v2_exclude_manual_k10
465877,1,10,lab_slots_ab_hist_rel_v2_exclude_manual_k10
465878,7,10,lab_slots_ab_hist_rel_v2_exclude_manual_k10
465879,7,10,lab_slots_ab_hist_rel_v2_exclude_manual_k10
465880,1,10,lab_slots_ab_hist_rel_v2_exclude_manual_k10
465881,7,10,lab_slots_ab_hist_rel_v2_exclude_manual_k10
465882,7,10,lab_slots_ab_hist_rel_v2_exclude_manual_k10
465883,1,10,lab_slots_ab_hist_rel_v2_exclude_manual_k10
465884,1,10,lab_slots_ab_hist_rel_v2_exclude_manual_k10
465885,7,10,lab_slots_ab_hist_rel_v2_exclude_manual_k10
465886,7,10,lab_slots_ab_hist_rel_v2_exclude_manual_k10
465888,7,10,lab_slots_ab_hist_rel_v2_exclude_manual_k10
465889,1,10,lab_slots_ab_hist_rel_v2_exclude_manual_k10
465895,7,10,lab_slots_ab_hist_rel_v2_exclude_manual_k10
466228,7,10,lab_slots_ab_hist_rel_v2_exclude_manual_k10
466229,4,10,lab_slots_ab_hist_rel_v2_exclude_manual_k10
466230,7,10,lab_slots_ab_hist_rel_v2_exclude_manual_k10
466231,4,10,lab_slots_ab_hist_rel_v2_exclude_manual_k10
466283,1,10,lab_slots_ab_hist_rel_v2_exclude_manual_k10
466579,4,10,lab_slots_ab_hist_rel_v2_exclude_manual_k10
466618,4,10,lab_slots_ab_hist_rel_v2_exclude_manual_k10
466701,-1,10,lab_slots_ab_hist_rel_v2_exclude_manual_k10
467634,-1,10,lab_slots_ab_hist_rel_v2_exclude_manual_k10
467946,-1,10,lab_slots_ab_hist_rel_v2_exclude_manual_k10
467958,-1,10,lab_slots_ab_hist_rel_v2_exclude_manual_k10
467959,-1,10,lab_slots_ab_hist_rel_v2_exclude_manual_k10
468158,-1,10,lab_slots_ab_hist_rel_v2_exclude_manual_k10
468159,-1,10,lab_slots_ab_hist_rel_v2_exclude_manual_k10
468165,5,10,lab_slots_ab_hist_rel_v2_exclude_manual_k10
468166,-1,10,lab_slots_ab_hist_rel_v2_exclude_manual_k10
468167,-1,10,lab_slots_ab_hist_rel_v2_exclude_manual_k10
468168,5,10,lab_slots_ab_hist_rel_v2_exclude_manual_k10
468169,-1,10,lab_slots_ab_hist_rel_v2_exclude_manual_k10
468271,7,10,lab_slots_ab_hist_rel_v2_exclude_manual_k10
468381,-1,10,lab_slots_ab_hist_rel_v2_exclude_manual_k10
468382,-1,10,lab_slots_ab_hist_rel_v2_exclude_manual_k10
468390,8,10,lab_slots_ab_hist_rel_v2_exclude_manual_k10
468391,-1,10,lab_slots_ab_hist_rel_v2_exclude_manual_k10
468393,7,10,lab_slots_ab_hist_rel_v2_exclude_manual_k10
468394,-1,10,lab_slots_ab_hist_rel_v2_exclude_manual_k10
468395,-1,10,lab_slots_ab_hist_rel_v2_exclude_manual_k10
468396,-1,10,lab_slots_ab_hist_rel_v2_exclude_manual_k10
468397,-1,10,lab_slots_ab_hist_rel_v2_exclude_manual_k10
468398,-1,10,lab_slots_ab_hist_rel_v2_exclude_manual_k10
468399,-1,10,lab_slots_ab_hist_rel_v2_exclude_manual_k10
468400,-1,10,lab_slots_ab_hist_rel_v2_exclude_manual_k10
468523,-1,10,lab_slots_ab_hist_rel_v2_exclude_manual_k10
468524,-1,10,lab_slots_ab_hist_rel_v2_exclude_manual_k10
468525,-1,10,lab_slots_ab_hist_rel_v2_exclude_manual_k10
468526,-1,10,lab_slots_ab_hist_rel_v2_exclude_manual_k10
470127,0,10,lab_slots_ab_hist_rel_v2_exclude_manual_k10
471747,3,10,lab_slots_ab_hist_rel_v2_exclude_manual_k10
471749,0,10,lab_slots_ab_hist_rel_v2_exclude_manual_k10
471751,-1,10,lab_slots_ab_hist_rel_v2_exclude_manual_k10
471752,-1,10,lab_slots_ab_hist_rel_v2_exclude_manual_k10
471753,-1,10,lab_slots_ab_hist_rel_v2_exclude_manual_k10
471754,-1,10,lab_slots_ab_hist_rel_v2_exclude_manual_k10
471755,-1,10,lab_slots_ab_hist_rel_v2_exclude_manual_k10
471756,-1,10,lab_slots_ab_hist_rel_v2_exclude_manual_k10
471757,-1,10,lab_slots_ab_hist_rel_v2_exclude_manual_k10
471758,-1,10,lab_slots_ab_hist_rel_v2_exclude_manual_k10
471759,-1,10,lab_slots_ab_hist_rel_v2_exclude_manual_k10
471799,-1,10,lab_slots_ab_hist_rel_v2_exclude_manual_k10
471800,-1,10,lab_slots_ab_hist_rel_v2_exclude_manual_k10
471836,-1,10,lab_slots_ab_hist_rel_v2_exclude_manual_k10
474926,3,10,lab_slots_ab_hist_rel_v2_exclude_manual_k10
475416,7,10,lab_slots_ab_hist_rel_v2_exclude_manual_k10
475725,3,10,lab_slots_ab_hist_rel_v2_exclude_manual_k10
475726,3,10,lab_slots_ab_hist_rel_v2_exclude_manual_k10
475749,3,10,lab_slots_ab_hist_rel_v2_exclude_manual_k10
475750,3,10,lab_slots_ab_hist_rel_v2_exclude_manual_k10
475751,3,10,lab_slots_ab_hist_rel_v2_exclude_manual_k10
475752,4,10,lab_slots_ab_hist_rel_v2_exclude_manual_k10
475753,4,10,lab_slots_ab_hist_rel_v2_exclude_manual_k10
475754,2,10,lab_slots_ab_hist_rel_v2_exclude_manual_k10
475755,4,10,lab_slots_ab_hist_rel_v2_exclude_manual_k10
475756,4,10,lab_slots_ab_hist_rel_v2_exclude_manual_k10
475758,-1,10,lab_slots_ab_hist_rel_v2_exclude_manual_k10
475759,4,10,lab_slots_ab_hist_rel_v2_exclude_manual_k10
475760,2,10,lab_slots_ab_hist_rel_v2_exclude_manual_k10
475761,3,10,lab_slots_ab_hist_rel_v2_exclude_manual_k10
476251,7,10,lab_slots_ab_hist_rel_v2_exclude_manual_k10
476252,3,10,lab_slots_ab_hist_rel_v2_exclude_manual_k10
476253,-1,10,lab_slots_ab_hist_rel_v2_exclude_manual_k10
476254,2,10,lab_slots_ab_hist_rel_v2_exclude_manual_k10
476256,3,10,lab_slots_ab_hist_rel_v2_exclude_manual_k10
476257,3,10,lab_slots_ab_hist_rel_v2_exclude_manual_k10
476258,3,10,lab_slots_ab_hist_rel_v2_exclude_manual_k10
476264,3,10,lab_slots_ab_hist_rel_v2_exclude_manual_k10
476266,3,10,lab_slots_ab_hist_rel_v2_exclude_manual_k10
476271,3,10,lab_slots_ab_hist_rel_v2_exclude_manual_k10
476276,1,10,lab_slots_ab_hist_rel_v2_exclude_manual_k10
476280,3,10,lab_slots_ab_hist_rel_v2_exclude_manual_k10
476282,7,10,lab_slots_ab_hist_rel_v2_exclude_manual_k10
476285,3,10,lab_slots_ab_hist_rel_v2_exclude_manual_k10
476287,7,10,lab_slots_ab_hist_rel_v2_exclude_manual_k10
476296,3,10,lab_slots_ab_hist_rel_v2_exclude_manual_k10
476300,-1,10,lab_slots_ab_hist_rel_v2_exclude_manual_k10
476304,7,10,lab_slots_ab_hist_rel_v2_exclude_manual_k10
477269,3,10,lab_slots_ab_hist_rel_v2_exclude_manual_k10
477270,8,10,lab_slots_ab_hist_rel_v2_exclude_manual_k10
477274,3,10,lab_slots_ab_hist_rel_v2_exclude_manual_k10
477275,7,10,lab_slots_ab_hist_rel_v2_exclude_manual_k10
477276,2,10,lab_slots_ab_hist_rel_v2_exclude_manual_k10
477277,7,10,lab_slots_ab_hist_rel_v2_exclude_manual_k10
477278,3,10,lab_slots_ab_hist_rel_v2_exclude_manual_k10
477279,3,10,lab_slots_ab_hist_rel_v2_exclude_manual_k10
477280,7,10,lab_slots_ab_hist_rel_v2_exclude_manual_k10
477281,8,10,lab_slots_ab_hist_rel_v2_exclude_manual_k10
477283,3,10,lab_slots_ab_hist_rel_v2_exclude_manual_k10
477288,3,10,lab_slots_ab_hist_rel_v2_exclude_manual_k10
477291,8,10,lab_slots_ab_hist_rel_v2_exclude_manual_k10
477323,3,10,lab_slots_ab_hist_rel_v2_exclude_manual_k10
477325,3,10,lab_slots_ab_hist_rel_v2_exclude_manual_k10
477326,2,10,lab_slots_ab_hist_rel_v2_exclude_manual_k10
477741,3,10,lab_slots_ab_hist_rel_v2_exclude_manual_k10
477748,0,10,lab_slots_ab_hist_rel_v2_exclude_manual_k10
477749,7,10,lab_slots_ab_hist_rel_v2_exclude_manual_k10
477815,-1,10,lab_slots_ab_hist_rel_v2_exclude_manual_k10
478433,3,10,lab_slots_ab_hist_rel_v2_exclude_manual_k10
478436,3,10,lab_slots_ab_hist_rel_v2_exclude_manual_k10
478437,3,10,lab_slots_ab_hist_rel_v2_exclude_manual_k10
478438,3,10,lab_slots_ab_hist_rel_v2_exclude_manual_k10
478667,7,10,lab_slots_ab_hist_rel_v2_exclude_manual_k10
478668,1,10,lab_slots_ab_hist_rel_v2_exclude_manual_k10
478669,1,10,lab_slots_ab_hist_rel_v2_exclude_manual_k10
478708,3,10,lab_slots_ab_hist_rel_v2_exclude_manual_k10
478721,7,10,lab_slots_ab_hist_rel_v2_exclude_manual_k10
478811,7,10,lab_slots_ab_hist_rel_v2_exclude_manual_k10
478988,-1,10,lab_slots_ab_hist_rel_v2_exclude_manual_k10
479661,-1,10,lab_slots_ab_hist_rel_v2_exclude_manual_k10
479662,-1,10,lab_slots_ab_hist_rel_v2_exclude_manual_k10
479830,-1,10,lab_slots_ab_hist_rel_v2_exclude_manual_k10
487206,5,10,lab_slots_ab_hist_rel_v2_exclude_manual_k10
487245,-1,10,lab_slots_ab_hist_rel_v2_exclude_manual_k10
487292,-1,10,lab_slots_ab_hist_rel_v2_exclude_manual_k10
487341,3,10,lab_slots_ab_hist_rel_v2_exclude_manual_k10
487350,-1,10,lab_slots_ab_hist_rel_v2_exclude_manual_k10
487351,-1,10,lab_slots_ab_hist_rel_v2_exclude_manual_k10
487474,0,10,lab_slots_ab_hist_rel_v2_exclude_manual_k10
487563,-1,10,lab_slots_ab_hist_rel_v2_exclude_manual_k10
500028,0,10,lab_slots_ab_hist_rel_v2_exclude_manual_k10
545042,1,10,lab_slots_ab_hist_rel_v2_exclude_manual_k10
545772,1,10,lab_slots_ab_hist_rel_v2_exclude_manual_k10
545791,-1,10,lab_slots_ab_hist_rel_v2_exclude_manual_k10
546034,3,10,lab_slots_ab_hist_rel_v2_exclude_manual_k10
546649,8,10,lab_slots_ab_hist_rel_v2_exclude_manual_k10
546758,2,10,lab_slots_ab_hist_rel_v2_exclude_manual_k10
546986,3,10,lab_slots_ab_hist_rel_v2_exclude_manual_k10
547254,3,10,lab_slots_ab_hist_rel_v2_exclude_manual_k10
547274,3,10,lab_slots_ab_hist_rel_v2_exclude_manual_k10
547452,7,10,lab_slots_ab_hist_rel_v2_exclude_manual_k10
547504,3,10,lab_slots_ab_hist_rel_v2_exclude_manual_k10
547523,2,10,lab_slots_ab_hist_rel_v2_exclude_manual_k10
547756,3,10,lab_slots_ab_hist_rel_v2_exclude_manual_k10
549136,7,10,lab_slots_ab_hist_rel_v2_exclude_manual_k10
549140,7,10,lab_slots_ab_hist_rel_v2_exclude_manual_k10
551026,3,10,lab_slots_ab_hist_rel_v2_exclude_manual_k10
551028,3,10,lab_slots_ab_hist_rel_v2_exclude_manual_k10
551843,7,10,lab_slots_ab_hist_rel_v2_exclude_manual_k10
551844,3,10,lab_slots_ab_hist_rel_v2_exclude_manual_k10
551845,3,10,lab_slots_ab_hist_rel_v2_exclude_manual_k10
552174,3,10,lab_slots_ab_hist_rel_v2_exclude_manual_k10
552180,1,10,lab_slots_ab_hist_rel_v2_exclude_manual_k10
552190,-1,10,lab_slots_ab_hist_rel_v2_exclude_manual_k10
552353,3,10,lab_slots_ab_hist_rel_v2_exclude_manual_k10
554326,3,10,lab_slots_ab_hist_rel_v2_exclude_manual_k10
554515,7,10,lab_slots_ab_hist_rel_v2_exclude_manual_k10
558198,-1,10,lab_slots_ab_hist_rel_v2_exclude_manual_k10
558204,-1,10,lab_slots_ab_hist_rel_v2_exclude_manual_k10
558282,3,10,lab_slots_ab_hist_rel_v2_exclude_manual_k10
569685,2,10,lab_slots_ab_hist_rel_v2_exclude_manual_k10
572220,3,10,lab_slots_ab_hist_rel_v2_exclude_manual_k10
576327,8,10,lab_slots_ab_hist_rel_v2_exclude_manual_k10
623471,-1,10,lab_slots_ab_hist_rel_v2_exclude_manual_k10
623500,-1,10,lab_slots_ab_hist_rel_v2_exclude_manual_k10
625629,-1,10,lab_slots_ab_hist_rel_v2_exclude_manual_k10
629700,-1,10,lab_slots_ab_hist_rel_v2_exclude_manual_k10
643549,4,10,lab_slots_ab_hist_rel_v2_exclude_manual_k10
644110,4,10,lab_slots_ab_hist_rel_v2_exclude_manual_k10
644111,4,10,lab_slots_ab_hist_rel_v2_exclude_manual_k10
647271,7,10,lab_slots_ab_hist_rel_v2_exclude_manual_k10
651241,3,10,lab_slots_ab_hist_rel_v2_exclude_manual_k10
651287,3,10,lab_slots_ab_hist_rel_v2_exclude_manual_k10
651289,-1,10,lab_slots_ab_hist_rel_v2_exclude_manual_k10
651290,7,10,lab_slots_ab_hist_rel_v2_exclude_manual_k10
658676,-1,10,lab_slots_ab_hist_rel_v2_exclude_manual_k10
658718,-1,10,lab_slots_ab_hist_rel_v2_exclude_manual_k10
658719,4,10,lab_slots_ab_hist_rel_v2_exclude_manual_k10
662967,3,10,lab_slots_ab_hist_rel_v2_exclude_manual_k10
666591,-1,10,lab_slots_ab_hist_rel_v2_exclude_manual_k10
666592,4,10,lab_slots_ab_hist_rel_v2_exclude_manual_k10
667252,-1,10,lab_slots_ab_hist_rel_v2_exclude_manual_k10
667254,-1,10,lab_slots_ab_hist_rel_v2_exclude_manual_k10
667256,0,10,lab_slots_ab_hist_rel_v2_exclude_manual_k10
667257,9,10,lab_slots_ab_hist_rel_v2_exclude_manual_k10
667258,-1,10,lab_slots_ab_hist_rel_v2_exclude_manual_k10
667259,-1,10,lab_slots_ab_hist_rel_v2_exclude_manual_k10
667264,9,10,lab_slots_ab_hist_rel_v2_exclude_manual_k10
668677,3,10,lab_slots_ab_hist_rel_v2_exclude_manual_k10
670804,-1,10,lab_slots_ab_hist_rel_v2_exclude_manual_k10
670806,-1,10,lab_slots_ab_hist_rel_v2_exclude_manual_k10
670807,-1,10,lab_slots_ab_hist_rel_v2_exclude_manual_k10
670808,-1,10,lab_slots_ab_hist_rel_v2_exclude_manual_k10
670809,-1,10,lab_slots_ab_hist_rel_v2_exclude_manual_k10
670810,6,10,lab_slots_ab_hist_rel_v2_exclude_manual_k10
670812,-1,10,lab_slots_ab_hist_rel_v2_exclude_manual_k10
670813,-1,10,lab_slots_ab_hist_rel_v2_exclude_manual_k10
670815,-1,10,lab_slots_ab_hist_rel_v2_exclude_manual_k10
670987,4,10,lab_slots_ab_hist_rel_v2_exclude_manual_k10
670989,3,10,lab_slots_ab_hist_rel_v2_exclude_manual_k10
670990,3,10,lab_slots_ab_hist_rel_v2_exclude_manual_k10
670991,7,10,lab_slots_ab_hist_rel_v2_exclude_manual_k10
670992,4,10,lab_slots_ab_hist_rel_v2_exclude_manual_k10
670994,3,10,lab_slots_ab_hist_rel_v2_exclude_manual_k10
670995,3,10,lab_slots_ab_hist_rel_v2_exclude_manual_k10
671535,0,10,lab_slots_ab_hist_rel_v2_exclude_manual_k10
671536,4,10,lab_slots_ab_hist_rel_v2_exclude_manual_k10
671537,2,10,lab_slots_ab_hist_rel_v2_exclude_manual_k10
675861,3,10,lab_slots_ab_hist_rel_v2_exclude_manual_k10
675862,-1,10,lab_slots_ab_hist_rel_v2_exclude_manual_k10
680974,-1,10,lab_slots_ab_hist_rel_v2_exclude_manual_k10
701291,-1,10,lab_slots_ab_hist_rel_v2_exclude_manual_k10
706069,-1,10,lab_slots_ab_hist_rel_v2_exclude_manual_k10
706316,-1,10,lab_slots_ab_hist_rel_v2_exclude_manual_k10
708056,-1,10,lab_slots_ab_hist_rel_v2_exclude_manual_k10
708306,-1,10,lab_slots_ab_hist_rel_v2_exclude_manual_k10
715459,4,10,lab_slots_ab_hist_rel_v2_exclude_manual_k10
716908,0,10,lab_slots_ab_hist_rel_v2_exclude_manual_k10
747034,-1,10,lab_slots_ab_hist_rel_v2_exclude_manual_k10
748293,0,10,lab_slots_ab_hist_rel_v2_exclude_manual_k10
748303,-1,10,lab_slots_ab_hist_rel_v2_exclude_manual_k10
748327,-1,10,lab_slots_ab_hist_rel_v2_exclude_manual_k10
752044,-1,10,lab_slots_ab_hist_rel_v2_exclude_manual_k10
761272,3,10,lab_slots_ab_hist_rel_v2_exclude_manual_k10
762252,-1,10,lab_slots_ab_hist_rel_v2_exclude_manual_k10
762253,-1,10,lab_slots_ab_hist_rel_v2_exclude_manual_k10
765030,0,10,lab_slots_ab_hist_rel_v2_exclude_manual_k10
769061,-1,10,lab_slots_ab_hist_rel_v2_exclude_manual_k10
770913,-1,10,lab_slots_ab_hist_rel_v2_exclude_manual_k10
770914,-1,10,lab_slots_ab_hist_rel_v2_exclude_manual_k10
770916,-1,10,lab_slots_ab_hist_rel_v2_exclude_manual_k10
770917,-1,10,lab_slots_ab_hist_rel_v2_exclude_manual_k10
770920,-1,10,lab_slots_ab_hist_rel_v2_exclude_manual_k10
770921,-1,10,lab_slots_ab_hist_rel_v2_exclude_manual_k10
770922,9,10,lab_slots_ab_hist_rel_v2_exclude_manual_k10
770923,-1,10,lab_slots_ab_hist_rel_v2_exclude_manual_k10
770925,-1,10,lab_slots_ab_hist_rel_v2_exclude_manual_k10
770927,-1,10,lab_slots_ab_hist_rel_v2_exclude_manual_k10
770928,4,10,lab_slots_ab_hist_rel_v2_exclude_manual_k10
770931,-1,10,lab_slots_ab_hist_rel_v2_exclude_manual_k10
770932,-1,10,lab_slots_ab_hist_rel_v2_exclude_manual_k10
770933,4,10,lab_slots_ab_hist_rel_v2_exclude_manual_k10
770934,-1,10,lab_slots_ab_hist_rel_v2_exclude_manual_k10
770938,-1,10,lab_slots_ab_hist_rel_v2_exclude_manual_k10
770939,-1,10,lab_slots_ab_hist_rel_v2_exclude_manual_k10
770940,-1,10,lab_slots_ab_hist_rel_v2_exclude_manual_k10
770941,-1,10,lab_slots_ab_hist_rel_v2_exclude_manual_k10
770942,-1,10,lab_slots_ab_hist_rel_v2_exclude_manual_k10
770945,-1,10,lab_slots_ab_hist_rel_v2_exclude_manual_k10
770946,-1,10,lab_slots_ab_hist_rel_v2_exclude_manual_k10
770951,-1,10,lab_slots_ab_hist_rel_v2_exclude_manual_k10
770952,-1,10,lab_slots_ab_hist_rel_v2_exclude_manual_k10
770953,-1,10,lab_slots_ab_hist_rel_v2_exclude_manual_k10
770959,-1,10,lab_slots_ab_hist_rel_v2_exclude_manual_k10
770961,-1,10,lab_slots_ab_hist_rel_v2_exclude_manual_k10
770962,0,10,lab_slots_ab_hist_rel_v2_exclude_manual_k10
770969,1,10,lab_slots_ab_hist_rel_v2_exclude_manual_k10
770970,-1,10,lab_slots_ab_hist_rel_v2_exclude_manual_k10
770971,-1,10,lab_slots_ab_hist_rel_v2_exclude_manual_k10
770973,1,10,lab_slots_ab_hist_rel_v2_exclude_manual_k10
770974,1,10,lab_slots_ab_hist_rel_v2_exclude_manual_k10
770975,-1,10,lab_slots_ab_hist_rel_v2_exclude_manual_k10
770977,-1,10,lab_slots_ab_hist_rel_v2_exclude_manual_k10
770979,4,10,lab_slots_ab_hist_rel_v2_exclude_manual_k10
770986,-1,10,lab_slots_ab_hist_rel_v2_exclude_manual_k10
770987,-1,10,lab_slots_ab_hist_rel_v2_exclude_manual_k10
770999,-1,10,lab_slots_ab_hist_rel_v2_exclude_manual_k10
771000,1,10,lab_slots_ab_hist_rel_v2_exclude_manual_k10
771006,-1,10,lab_slots_ab_hist_rel_v2_exclude_manual_k10
771009,-1,10,lab_slots_ab_hist_rel_v2_exclude_manual_k10
771015,-1,10,lab_slots_ab_hist_rel_v2_exclude_manual_k10
771016,-1,10,lab_slots_ab_hist_rel_v2_exclude_manual_k10
771019,-1,10,lab_slots_ab_hist_rel_v2_exclude_manual_k10
771021,0,10,lab_slots_ab_hist_rel_v2_exclude_manual_k10
771022,4,10,lab_slots_ab_hist_rel_v2_exclude_manual_k10
771023,-1,10,lab_slots_ab_hist_rel_v2_exclude_manual_k10
771024,-1,10,lab_slots_ab_hist_rel_v2_exclude_manual_k10
771025,-1,10,lab_slots_ab_hist_rel_v2_exclude_manual_k10
771026,-1,10,lab_slots_ab_hist_rel_v2_exclude_manual_k10
771028,-1,10,lab_slots_ab_hist_rel_v2_exclude_manual_k10
771029,-1,10,lab_slots_ab_hist_rel_v2_exclude_manual_k10
771030,-1,10,lab_slots_ab_hist_rel_v2_exclude_manual_k10
771031,-1,10,lab_slots_ab_hist_rel_v2_exclude_manual_k10
771034,-1,10,lab_slots_ab_hist_rel_v2_exclude_manual_k10
771035,4,10,lab_slots_ab_hist_rel_v2_exclude_manual_k10
771036,-1,10,lab_slots_ab_hist_rel_v2_exclude_manual_k10
771037,0,10,lab_slots_ab_hist_rel_v2_exclude_manual_k10
771038,2,10,lab_slots_ab_hist_rel_v2_exclude_manual_k10
771039,4,10,lab_slots_ab_hist_rel_v2_exclude_manual_k10
771041,-1,10,lab_slots_ab_hist_rel_v2_exclude_manual_k10
771043,-1,10,lab_slots_ab_hist_rel_v2_exclude_manual_k10
771045,-1,10,lab_slots_ab_hist_rel_v2_exclude_manual_k10
771046,2,10,lab_slots_ab_hist_rel_v2_exclude_manual_k10
771047,4,10,lab_slots_ab_hist_rel_v2_exclude_manual_k10
771050,1,10,lab_slots_ab_hist_rel_v2_exclude_manual_k10
771052,-1,10,lab_slots_ab_hist_rel_v2_exclude_manual_k10
771053,-1,10,lab_slots_ab_hist_rel_v2_exclude_manual_k10
771056,-1,10,lab_slots_ab_hist_rel_v2_exclude_manual_k10
771060,-1,10,lab_slots_ab_hist_rel_v2_exclude_manual_k10
771061,0,10,lab_slots_ab_hist_rel_v2_exclude_manual_k10
771063,-1,10,lab_slots_ab_hist_rel_v2_exclude_manual_k10
771064,-1,10,lab_slots_ab_hist_rel_v2_exclude_manual_k10
771065,-1,10,lab_slots_ab_hist_rel_v2_exclude_manual_k10
771066,-1,10,lab_slots_ab_hist_rel_v2_exclude_manual_k10
771067,-1,10,lab_slots_ab_hist_rel_v2_exclude_manual_k10
771068,-1,10,lab_slots_ab_hist_rel_v2_exclude_manual_k10
771072,7,10,lab_slots_ab_hist_rel_v2_exclude_manual_k10
771073,4,10,lab_slots_ab_hist_rel_v2_exclude_manual_k10
771081,-1,10,lab_slots_ab_hist_rel_v2_exclude_manual_k10
774589,0,10,lab_slots_ab_hist_rel_v2_exclude_manual_k10
823194,4,10,lab_slots_ab_hist_rel_v2_exclude_manual_k10
823195,-1,10,lab_slots_ab_hist_rel_v2_exclude_manual_k10
828443,3,10,lab_slots_ab_hist_rel_v2_exclude_manual_k10
828462,-1,10,lab_slots_ab_hist_rel_v2_exclude_manual_k10
828493,0,10,lab_slots_ab_hist_rel_v2_exclude_manual_k10
833900,1,10,lab_slots_ab_hist_rel_v2_exclude_manual_k10
833901,1,10,lab_slots_ab_hist_rel_v2_exclude_manual_k10
833902,0,10,lab_slots_ab_hist_rel_v2_exclude_manual_k10
833904,4,10,lab_slots_ab_hist_rel_v2_exclude_manual_k10
838101,7,10,lab_slots_ab_hist_rel_v2_exclude_manual_k10
839471,-1,10,lab_slots_ab_hist_rel_v2_exclude_manual_k10
841274,0,10,lab_slots_ab_hist_rel_v2_exclude_manual_k10
848434,-1,10,lab_slots_ab_hist_rel_v2_exclude_manual_k10
848435,-1,10,lab_slots_ab_hist_rel_v2_exclude_manual_k10
848436,5,10,lab_slots_ab_hist_rel_v2_exclude_manual_k10
848444,-1,10,lab_slots_ab_hist_rel_v2_exclude_manual_k10
851660,0,10,lab_slots_ab_hist_rel_v2_exclude_manual_k10
851661,-1,10,lab_slots_ab_hist_rel_v2_exclude_manual_k10
851662,1,10,lab_slots_ab_hist_rel_v2_exclude_manual_k10
853841,7,10,lab_slots_ab_hist_rel_v2_exclude_manual_k10
853980,1,10,lab_slots_ab_hist_rel_v2_exclude_manual_k10
853981,0,10,lab_slots_ab_hist_rel_v2_exclude_manual_k10
856856,-1,10,lab_slots_ab_hist_rel_v2_exclude_manual_k10
857709,5,10,lab_slots_ab_hist_rel_v2_exclude_manual_k10
857949,-1,10,lab_slots_ab_hist_rel_v2_exclude_manual_k10
871715,8,10,lab_slots_ab_hist_rel_v2_exclude_manual_k10
871864,1,10,lab_slots_ab_hist_rel_v2_exclude_manual_k10
871928,1,10,lab_slots_ab_hist_rel_v2_exclude_manual_k10
871929,5,10,lab_slots_ab_hist_rel_v2_exclude_manual_k10
871960,-1,10,lab_slots_ab_hist_rel_v2_exclude_manual_k10
890331,-1,10,lab_slots_ab_hist_rel_v2_exclude_manual_k10
890336,7,10,lab_slots_ab_hist_rel_v2_exclude_manual_k10
890351,1,10,lab_slots_ab_hist_rel_v2_exclude_manual_k10
891616,-1,10,lab_slots_ab_hist_rel_v2_exclude_manual_k10
891620,1,10,lab_slots_ab_hist_rel_v2_exclude_manual_k10
892635,5,10,lab_slots_ab_hist_rel_v2_exclude_manual_k10
894321,7,10,lab_slots_ab_hist_rel_v2_exclude_manual_k10
902207,-1,10,lab_slots_ab_hist_rel_v2_exclude_manual_k10
910524,1,10,lab_slots_ab_hist_rel_v2_exclude_manual_k10
910531,3,10,lab_slots_ab_hist_rel_v2_exclude_manual_k10
910532,2,10,lab_slots_ab_hist_rel_v2_exclude_manual_k10
912990,3,10,lab_slots_ab_hist_rel_v2_exclude_manual_k10
918706,5,10,lab_slots_ab_hist_rel_v2_exclude_manual_k10
