objectID,color_kmeans_cluster,color_kmeans_k,color_kmeans_feature_version
2292,6,24,lab_slots_ab_hist_rel_v2
2432,1,24,lab_slots_ab_hist_rel_v2
2473,18,24,lab_slots_ab_hist_rel_v2
2539,5,24,lab_slots_ab_hist_rel_v2
2635,10,24,lab_slots_ab_hist_rel_v2
2636,10,24,lab_slots_ab_hist_rel_v2
2646,-1,24,lab_slots_ab_hist_rel_v2
2647,-1,24,lab_slots_ab_hist_rel_v2
2737,18,24,lab_slots_ab_hist_rel_v2
3463,1,24,lab_slots_ab_hist_rel_v2
3469,22,24,lab_slots_ab_hist_rel_v2
3561,8,24,lab_slots_ab_hist_rel_v2
3563,-1,24,lab_slots_ab_hist_rel_v2
3761,-1,24,lab_slots_ab_hist_rel_v2
4480,18,24,lab_slots_ab_hist_rel_v2
4508,8,24,lab_slots_ab_hist_rel_v2
4585,7,24,lab_slots_ab_hist_rel_v2
4895,10,24,lab_slots_ab_hist_rel_v2
5397,10,24,lab_slots_ab_hist_rel_v2
5667,1,24,lab_slots_ab_hist_rel_v2
5698,1,24,lab_slots_ab_hist_rel_v2
5713,-1,24,lab_slots_ab_hist_rel_v2
5726,10,24,lab_slots_ab_hist_rel_v2
5732,8,24,lab_slots_ab_hist_rel_v2
5737,-1,24,lab_slots_ab_hist_rel_v2
5762,10,24,lab_slots_ab_hist_rel_v2
5769,1,24,lab_slots_ab_hist_rel_v2
5783,10,24,lab_slots_ab_hist_rel_v2
5848,10,24,lab_slots_ab_hist_rel_v2
5850,10,24,lab_slots_ab_hist_rel_v2
5853,18,24,lab_slots_ab_hist_rel_v2
5860,22,24,lab_slots_ab_hist_rel_v2
7740,10,24,lab_slots_ab_hist_rel_v2
7742,-1,24,lab_slots_ab_hist_rel_v2
8048,0,24,lab_slots_ab_hist_rel_v2
8681,0,24,lab_slots_ab_hist_rel_v2
9179,-1,24,lab_slots_ab_hist_rel_v2
9180,-1,24,lab_slots_ab_hist_rel_v2
9199,1,24,lab_slots_ab_hist_rel_v2
9202,1,24,lab_slots_ab_hist_rel_v2
9214,9,24,lab_slots_ab_hist_rel_v2
9242,-1,24,lab_slots_ab_hist_rel_v2
9246,10,24,lab_slots_ab_hist_rel_v2
9248,1,24,lab_slots_ab_hist_rel_v2
9257,8,24,lab_slots_ab_hist_rel_v2
9284,-1,24,lab_slots_ab_hist_rel_v2
9286,22,24,lab_slots_ab_hist_rel_v2
9336,1,24,lab_slots_ab_hist_rel_v2
9353,18,24,lab_slots_ab_hist_rel_v2
9367,5,24,lab_slots_ab_hist_rel_v2
9386,10,24,lab_slots_ab_hist_rel_v2
9506,10,24,lab_slots_ab_hist_rel_v2
9582,6,24,lab_slots_ab_hist_rel_v2
9584,6,24,lab_slots_ab_hist_rel_v2
9752,-1,24,lab_slots_ab_hist_rel_v2
13455,0,24,lab_slots_ab_hist_rel_v2
14371,8,24,lab_slots_ab_hist_rel_v2
14828,5,24,lab_slots_ab_hist_rel_v2
15595,13,24,lab_slots_ab_hist_rel_v2
16298,10,24,lab_slots_ab_hist_rel_v2
16544,6,24,lab_slots_ab_hist_rel_v2
17732,18,24,lab_slots_ab_hist_rel_v2
18861,1,24,lab_slots_ab_hist_rel_v2
19001,10,24,lab_slots_ab_hist_rel_v2
19071,18,24,lab_slots_ab_hist_rel_v2
20076,20,24,lab_slots_ab_hist_rel_v2
20637,18,24,lab_slots_ab_hist_rel_v2
20730,10,24,lab_slots_ab_hist_rel_v2
36446,6,24,lab_slots_ab_hist_rel_v2
36452,0,24,lab_slots_ab_hist_rel_v2
36454,22,24,lab_slots_ab_hist_rel_v2
37398,-1,24,lab_slots_ab_hist_rel_v2
37404,6,24,lab_slots_ab_hist_rel_v2
37407,5,24,lab_slots_ab_hist_rel_v2
37425,7,24,lab_slots_ab_hist_rel_v2
37431,-1,24,lab_slots_ab_hist_rel_v2
37432,-1,24,lab_slots_ab_hist_rel_v2
37433,-1,24,lab_slots_ab_hist_rel_v2
37434,-1,24,lab_slots_ab_hist_rel_v2
37435,-1,24,lab_slots_ab_hist_rel_v2
37436,-1,24,lab_slots_ab_hist_rel_v2
37438,-1,24,lab_slots_ab_hist_rel_v2
37439,6,24,lab_slots_ab_hist_rel_v2
37442,-1,24,lab_slots_ab_hist_rel_v2
37443,-1,24,lab_slots_ab_hist_rel_v2
37449,18,24,lab_slots_ab_hist_rel_v2
37450,8,24,lab_slots_ab_hist_rel_v2
37454,-1,24,lab_slots_ab_hist_rel_v2
37455,-1,24,lab_slots_ab_hist_rel_v2
37457,-1,24,lab_slots_ab_hist_rel_v2
37458,-1,24,lab_slots_ab_hist_rel_v2
37475,0,24,lab_slots_ab_hist_rel_v2
37476,18,24,lab_slots_ab_hist_rel_v2
37477,18,24,lab_slots_ab_hist_rel_v2
37478,-1,24,lab_slots_ab_hist_rel_v2
37479,5,24,lab_slots_ab_hist_rel_v2
37482,18,24,lab_slots_ab_hist_rel_v2
37496,-1,24,lab_slots_ab_hist_rel_v2
37510,0,24,lab_slots_ab_hist_rel_v2
37524,-1,24,lab_slots_ab_hist_rel_v2
37537,-1,24,lab_slots_ab_hist_rel_v2
37540,18,24,lab_slots_ab_hist_rel_v2
37543,-1,24,lab_slots_ab_hist_rel_v2
37555,22,24,lab_slots_ab_hist_rel_v2
37557,8,24,lab_slots_ab_hist_rel_v2
37558,22,24,lab_slots_ab_hist_rel_v2
37563,7,24,lab_slots_ab_hist_rel_v2
37649,0,24,lab_slots_ab_hist_rel_v2
37657,-1,24,lab_slots_ab_hist_rel_v2
38308,-1,24,lab_slots_ab_hist_rel_v2
38546,18,24,lab_slots_ab_hist_rel_v2
39484,8,24,lab_slots_ab_hist_rel_v2
39496,1,24,lab_slots_ab_hist_rel_v2
39500,1,24,lab_slots_ab_hist_rel_v2
39501,1,24,lab_slots_ab_hist_rel_v2
39505,1,24,lab_slots_ab_hist_rel_v2
39506,18,24,lab_slots_ab_hist_rel_v2
39510,6,24,lab_slots_ab_hist_rel_v2
39511,0,24,lab_slots_ab_hist_rel_v2
39512,1,24,lab_slots_ab_hist_rel_v2
39513,0,24,lab_slots_ab_hist_rel_v2
39520,0,24,lab_slots_ab_hist_rel_v2
39521,1,24,lab_slots_ab_hist_rel_v2
39524,18,24,lab_slots_ab_hist_rel_v2
39528,6,24,lab_slots_ab_hist_rel_v2
39531,1,24,lab_slots_ab_hist_rel_v2
39559,9,24,lab_slots_ab_hist_rel_v2
39576,1,24,lab_slots_ab_hist_rel_v2
39589,6,24,lab_slots_ab_hist_rel_v2
39590,10,24,lab_slots_ab_hist_rel_v2
39609,6,24,lab_slots_ab_hist_rel_v2
39631,9,24,lab_slots_ab_hist_rel_v2
39666,13,24,lab_slots_ab_hist_rel_v2
39885,0,24,lab_slots_ab_hist_rel_v2
40074,-1,24,lab_slots_ab_hist_rel_v2
40082,-1,24,lab_slots_ab_hist_rel_v2
40083,-1,24,lab_slots_ab_hist_rel_v2
40084,8,24,lab_slots_ab_hist_rel_v2
40095,15,24,lab_slots_ab_hist_rel_v2
40206,-1,24,lab_slots_ab_hist_rel_v2
40207,-1,24,lab_slots_ab_hist_rel_v2
40959,5,24,lab_slots_ab_hist_rel_v2
40960,-1,24,lab_slots_ab_hist_rel_v2
41076,1,24,lab_slots_ab_hist_rel_v2
41749,22,24,lab_slots_ab_hist_rel_v2
41753,1,24,lab_slots_ab_hist_rel_v2
42011,1,24,lab_slots_ab_hist_rel_v2
42190,13,24,lab_slots_ab_hist_rel_v2
42191,13,24,lab_slots_ab_hist_rel_v2
42192,22,24,lab_slots_ab_hist_rel_v2
42199,8,24,lab_slots_ab_hist_rel_v2
42200,13,24,lab_slots_ab_hist_rel_v2
42201,13,24,lab_slots_ab_hist_rel_v2
42202,8,24,lab_slots_ab_hist_rel_v2
42203,12,24,lab_slots_ab_hist_rel_v2
42204,8,24,lab_slots_ab_hist_rel_v2
42205,20,24,lab_slots_ab_hist_rel_v2
42206,20,24,lab_slots_ab_hist_rel_v2
42207,22,24,lab_slots_ab_hist_rel_v2
42208,9,24,lab_slots_ab_hist_rel_v2
42209,10,24,lab_slots_ab_hist_rel_v2
42211,9,24,lab_slots_ab_hist_rel_v2
42212,8,24,lab_slots_ab_hist_rel_v2
42213,13,24,lab_slots_ab_hist_rel_v2
42215,10,24,lab_slots_ab_hist_rel_v2
42216,13,24,lab_slots_ab_hist_rel_v2
42217,5,24,lab_slots_ab_hist_rel_v2
42218,-1,24,lab_slots_ab_hist_rel_v2
42220,-1,24,lab_slots_ab_hist_rel_v2
42221,22,24,lab_slots_ab_hist_rel_v2
42222,21,24,lab_slots_ab_hist_rel_v2
42223,22,24,lab_slots_ab_hist_rel_v2
42224,22,24,lab_slots_ab_hist_rel_v2
42226,22,24,lab_slots_ab_hist_rel_v2
42227,20,24,lab_slots_ab_hist_rel_v2
42228,21,24,lab_slots_ab_hist_rel_v2
42229,20,24,lab_slots_ab_hist_rel_v2
42232,20,24,lab_slots_ab_hist_rel_v2
42237,14,24,lab_slots_ab_hist_rel_v2
42238,4,24,lab_slots_ab_hist_rel_v2
42240,18,24,lab_slots_ab_hist_rel_v2
42241,3,24,lab_slots_ab_hist_rel_v2
42242,4,24,lab_slots_ab_hist_rel_v2
42243,23,24,lab_slots_ab_hist_rel_v2
42246,10,24,lab_slots_ab_hist_rel_v2
42247,1,24,lab_slots_ab_hist_rel_v2
42248,15,24,lab_slots_ab_hist_rel_v2
42249,15,24,lab_slots_ab_hist_rel_v2
42250,16,24,lab_slots_ab_hist_rel_v2
42251,20,24,lab_slots_ab_hist_rel_v2
42253,-1,24,lab_slots_ab_hist_rel_v2
42254,13,24,lab_slots_ab_hist_rel_v2
42255,13,24,lab_slots_ab_hist_rel_v2
42256,-1,24,lab_slots_ab_hist_rel_v2
42257,-1,24,lab_slots_ab_hist_rel_v2
42265,-1,24,lab_slots_ab_hist_rel_v2
42267,-1,24,lab_slots_ab_hist_rel_v2
42268,22,24,lab_slots_ab_hist_rel_v2
42272,-1,24,lab_slots_ab_hist_rel_v2
42278,6,24,lab_slots_ab_hist_rel_v2
42279,22,24,lab_slots_ab_hist_rel_v2
42282,1,24,lab_slots_ab_hist_rel_v2
42285,6,24,lab_slots_ab_hist_rel_v2
42290,-1,24,lab_slots_ab_hist_rel_v2
42293,1,24,lab_slots_ab_hist_rel_v2
42301,1,24,lab_slots_ab_hist_rel_v2
42305,1,24,lab_slots_ab_hist_rel_v2
42306,0,24,lab_slots_ab_hist_rel_v2
42307,22,24,lab_slots_ab_hist_rel_v2
42308,10,24,lab_slots_ab_hist_rel_v2
42309,1,24,lab_slots_ab_hist_rel_v2
42310,10,24,lab_slots_ab_hist_rel_v2
42311,6,24,lab_slots_ab_hist_rel_v2
42312,10,24,lab_slots_ab_hist_rel_v2
42313,22,24,lab_slots_ab_hist_rel_v2
42317,22,24,lab_slots_ab_hist_rel_v2
42324,5,24,lab_slots_ab_hist_rel_v2
42326,-1,24,lab_slots_ab_hist_rel_v2
42331,18,24,lab_slots_ab_hist_rel_v2
42333,0,24,lab_slots_ab_hist_rel_v2
42336,13,24,lab_slots_ab_hist_rel_v2
42337,8,24,lab_slots_ab_hist_rel_v2
42338,22,24,lab_slots_ab_hist_rel_v2
42341,-1,24,lab_slots_ab_hist_rel_v2
42350,18,24,lab_slots_ab_hist_rel_v2
42353,18,24,lab_slots_ab_hist_rel_v2
42354,8,24,lab_slots_ab_hist_rel_v2
42355,-1,24,lab_slots_ab_hist_rel_v2
42358,-1,24,lab_slots_ab_hist_rel_v2
42360,20,24,lab_slots_ab_hist_rel_v2
42363,15,24,lab_slots_ab_hist_rel_v2
42364,1,24,lab_slots_ab_hist_rel_v2
42366,22,24,lab_slots_ab_hist_rel_v2
42367,1,24,lab_slots_ab_hist_rel_v2
42368,13,24,lab_slots_ab_hist_rel_v2
42369,-1,24,lab_slots_ab_hist_rel_v2
42370,22,24,lab_slots_ab_hist_rel_v2
42376,18,24,lab_slots_ab_hist_rel_v2
42377,-1,24,lab_slots_ab_hist_rel_v2
42378,1,24,lab_slots_ab_hist_rel_v2
42389,8,24,lab_slots_ab_hist_rel_v2
42391,1,24,lab_slots_ab_hist_rel_v2
42393,-1,24,lab_slots_ab_hist_rel_v2
42394,22,24,lab_slots_ab_hist_rel_v2
42397,1,24,lab_slots_ab_hist_rel_v2
42400,22,24,lab_slots_ab_hist_rel_v2
42403,1,24,lab_slots_ab_hist_rel_v2
42406,-1,24,lab_slots_ab_hist_rel_v2
42409,22,24,lab_slots_ab_hist_rel_v2
42413,10,24,lab_slots_ab_hist_rel_v2
42414,10,24,lab_slots_ab_hist_rel_v2
42415,6,24,lab_slots_ab_hist_rel_v2
42416,6,24,lab_slots_ab_hist_rel_v2
42417,-1,24,lab_slots_ab_hist_rel_v2
42421,18,24,lab_slots_ab_hist_rel_v2
42422,6,24,lab_slots_ab_hist_rel_v2
42424,10,24,lab_slots_ab_hist_rel_v2
42425,-1,24,lab_slots_ab_hist_rel_v2
42426,-1,24,lab_slots_ab_hist_rel_v2
42427,5,24,lab_slots_ab_hist_rel_v2
42428,9,24,lab_slots_ab_hist_rel_v2
42432,0,24,lab_slots_ab_hist_rel_v2
42434,1,24,lab_slots_ab_hist_rel_v2
42436,18,24,lab_slots_ab_hist_rel_v2
42438,1,24,lab_slots_ab_hist_rel_v2
42439,0,24,lab_slots_ab_hist_rel_v2
42440,1,24,lab_slots_ab_hist_rel_v2
42443,-1,24,lab_slots_ab_hist_rel_v2
42447,6,24,lab_slots_ab_hist_rel_v2
42448,-1,24,lab_slots_ab_hist_rel_v2
42450,10,24,lab_slots_ab_hist_rel_v2
42464,-1,24,lab_slots_ab_hist_rel_v2
42468,22,24,lab_slots_ab_hist_rel_v2
42469,1,24,lab_slots_ab_hist_rel_v2
42474,1,24,lab_slots_ab_hist_rel_v2
42476,6,24,lab_slots_ab_hist_rel_v2
42477,6,24,lab_slots_ab_hist_rel_v2
42479,0,24,lab_slots_ab_hist_rel_v2
42486,10,24,lab_slots_ab_hist_rel_v2
42490,22,24,lab_slots_ab_hist_rel_v2
42491,22,24,lab_slots_ab_hist_rel_v2
42498,22,24,lab_slots_ab_hist_rel_v2
42505,8,24,lab_slots_ab_hist_rel_v2
42506,13,24,lab_slots_ab_hist_rel_v2
42510,6,24,lab_slots_ab_hist_rel_v2
42511,22,24,lab_slots_ab_hist_rel_v2
42522,4,24,lab_slots_ab_hist_rel_v2
42537,13,24,lab_slots_ab_hist_rel_v2
42540,5,24,lab_slots_ab_hist_rel_v2
42541,7,24,lab_slots_ab_hist_rel_v2
42549,22,24,lab_slots_ab_hist_rel_v2
42550,4,24,lab_slots_ab_hist_rel_v2
42551,18,24,lab_slots_ab_hist_rel_v2
42694,5,24,lab_slots_ab_hist_rel_v2
42740,13,24,lab_slots_ab_hist_rel_v2
44332,-1,24,lab_slots_ab_hist_rel_v2
44349,-1,24,lab_slots_ab_hist_rel_v2
44419,7,24,lab_slots_ab_hist_rel_v2
44421,0,24,lab_slots_ab_hist_rel_v2
44422,-1,24,lab_slots_ab_hist_rel_v2
44423,-1,24,lab_slots_ab_hist_rel_v2
44424,-1,24,lab_slots_ab_hist_rel_v2
44426,6,24,lab_slots_ab_hist_rel_v2
44427,7,24,lab_slots_ab_hist_rel_v2
44428,0,24,lab_slots_ab_hist_rel_v2
44429,-1,24,lab_slots_ab_hist_rel_v2
44431,-1,24,lab_slots_ab_hist_rel_v2
44439,-1,24,lab_slots_ab_hist_rel_v2
44441,-1,24,lab_slots_ab_hist_rel_v2
44447,-1,24,lab_slots_ab_hist_rel_v2
44448,-1,24,lab_slots_ab_hist_rel_v2
44450,-1,24,lab_slots_ab_hist_rel_v2
44454,5,24,lab_slots_ab_hist_rel_v2
44465,18,24,lab_slots_ab_hist_rel_v2
44467,0,24,lab_slots_ab_hist_rel_v2
44528,1,24,lab_slots_ab_hist_rel_v2
44637,18,24,lab_slots_ab_hist_rel_v2
44688,-1,24,lab_slots_ab_hist_rel_v2
44689,-1,24,lab_slots_ab_hist_rel_v2
44690,-1,24,lab_slots_ab_hist_rel_v2
44721,-1,24,lab_slots_ab_hist_rel_v2
44722,5,24,lab_slots_ab_hist_rel_v2
44724,-1,24,lab_slots_ab_hist_rel_v2
44725,-1,24,lab_slots_ab_hist_rel_v2
44726,0,24,lab_slots_ab_hist_rel_v2
44727,1,24,lab_slots_ab_hist_rel_v2
44728,-1,24,lab_slots_ab_hist_rel_v2
44729,-1,24,lab_slots_ab_hist_rel_v2
44730,-1,24,lab_slots_ab_hist_rel_v2
44733,1,24,lab_slots_ab_hist_rel_v2
44737,5,24,lab_slots_ab_hist_rel_v2
44738,1,24,lab_slots_ab_hist_rel_v2
44739,1,24,lab_slots_ab_hist_rel_v2
44740,8,24,lab_slots_ab_hist_rel_v2
44741,8,24,lab_slots_ab_hist_rel_v2
44742,8,24,lab_slots_ab_hist_rel_v2
44743,13,24,lab_slots_ab_hist_rel_v2
44747,8,24,lab_slots_ab_hist_rel_v2
44749,8,24,lab_slots_ab_hist_rel_v2
44752,8,24,lab_slots_ab_hist_rel_v2
44755,8,24,lab_slots_ab_hist_rel_v2
44756,4,24,lab_slots_ab_hist_rel_v2
44793,-1,24,lab_slots_ab_hist_rel_v2
44817,0,24,lab_slots_ab_hist_rel_v2
44830,5,24,lab_slots_ab_hist_rel_v2
44862,10,24,lab_slots_ab_hist_rel_v2
44907,-1,24,lab_slots_ab_hist_rel_v2
44953,18,24,lab_slots_ab_hist_rel_v2
44973,18,24,lab_slots_ab_hist_rel_v2
44974,1,24,lab_slots_ab_hist_rel_v2
44977,1,24,lab_slots_ab_hist_rel_v2
45205,9,24,lab_slots_ab_hist_rel_v2
45365,18,24,lab_slots_ab_hist_rel_v2
45432,10,24,lab_slots_ab_hist_rel_v2
45482,0,24,lab_slots_ab_hist_rel_v2
45484,18,24,lab_slots_ab_hist_rel_v2
45527,-1,24,lab_slots_ab_hist_rel_v2
45529,5,24,lab_slots_ab_hist_rel_v2
45550,-1,24,lab_slots_ab_hist_rel_v2
45552,1,24,lab_slots_ab_hist_rel_v2
45553,8,24,lab_slots_ab_hist_rel_v2
45554,-1,24,lab_slots_ab_hist_rel_v2
45555,8,24,lab_slots_ab_hist_rel_v2
45556,8,24,lab_slots_ab_hist_rel_v2
45732,13,24,lab_slots_ab_hist_rel_v2
45828,-1,24,lab_slots_ab_hist_rel_v2
45829,22,24,lab_slots_ab_hist_rel_v2
45830,22,24,lab_slots_ab_hist_rel_v2
45832,-1,24,lab_slots_ab_hist_rel_v2
45833,-1,24,lab_slots_ab_hist_rel_v2
45834,-1,24,lab_slots_ab_hist_rel_v2
45837,-1,24,lab_slots_ab_hist_rel_v2
45838,-1,24,lab_slots_ab_hist_rel_v2
45839,-1,24,lab_slots_ab_hist_rel_v2
45844,6,24,lab_slots_ab_hist_rel_v2
45845,-1,24,lab_slots_ab_hist_rel_v2
45847,-1,24,lab_slots_ab_hist_rel_v2
45848,22,24,lab_slots_ab_hist_rel_v2
45849,18,24,lab_slots_ab_hist_rel_v2
45853,-1,24,lab_slots_ab_hist_rel_v2
45856,-1,24,lab_slots_ab_hist_rel_v2
45857,1,24,lab_slots_ab_hist_rel_v2
45861,-1,24,lab_slots_ab_hist_rel_v2
45862,10,24,lab_slots_ab_hist_rel_v2
45863,1,24,lab_slots_ab_hist_rel_v2
45864,22,24,lab_slots_ab_hist_rel_v2
45868,-1,24,lab_slots_ab_hist_rel_v2
45871,-1,24,lab_slots_ab_hist_rel_v2
45872,-1,24,lab_slots_ab_hist_rel_v2
45873,-1,24,lab_slots_ab_hist_rel_v2
45879,5,24,lab_slots_ab_hist_rel_v2
45880,-1,24,lab_slots_ab_hist_rel_v2
45882,21,24,lab_slots_ab_hist_rel_v2
45883,22,24,lab_slots_ab_hist_rel_v2
45886,-1,24,lab_slots_ab_hist_rel_v2
45889,22,24,lab_slots_ab_hist_rel_v2
45891,22,24,lab_slots_ab_hist_rel_v2
45893,22,24,lab_slots_ab_hist_rel_v2
45894,5,24,lab_slots_ab_hist_rel_v2
45895,-1,24,lab_slots_ab_hist_rel_v2
45896,-1,24,lab_slots_ab_hist_rel_v2
45900,10,24,lab_slots_ab_hist_rel_v2
45904,21,24,lab_slots_ab_hist_rel_v2
45907,-1,24,lab_slots_ab_hist_rel_v2
45908,13,24,lab_slots_ab_hist_rel_v2
45909,22,24,lab_slots_ab_hist_rel_v2
45912,13,24,lab_slots_ab_hist_rel_v2
45913,6,24,lab_slots_ab_hist_rel_v2
45914,-1,24,lab_slots_ab_hist_rel_v2
45915,6,24,lab_slots_ab_hist_rel_v2
45917,-1,24,lab_slots_ab_hist_rel_v2
45918,0,24,lab_slots_ab_hist_rel_v2
45919,22,24,lab_slots_ab_hist_rel_v2
45923,20,24,lab_slots_ab_hist_rel_v2
45929,6,24,lab_slots_ab_hist_rel_v2
45930,5,24,lab_slots_ab_hist_rel_v2
45932,-1,24,lab_slots_ab_hist_rel_v2
45934,6,24,lab_slots_ab_hist_rel_v2
45937,22,24,lab_slots_ab_hist_rel_v2
45938,6,24,lab_slots_ab_hist_rel_v2
45939,-1,24,lab_slots_ab_hist_rel_v2
45959,-1,24,lab_slots_ab_hist_rel_v2
45962,-1,24,lab_slots_ab_hist_rel_v2
45964,-1,24,lab_slots_ab_hist_rel_v2
45965,10,24,lab_slots_ab_hist_rel_v2
45967,18,24,lab_slots_ab_hist_rel_v2
45970,-1,24,lab_slots_ab_hist_rel_v2
45972,-1,24,lab_slots_ab_hist_rel_v2
45974,-1,24,lab_slots_ab_hist_rel_v2
45977,-1,24,lab_slots_ab_hist_rel_v2
45979,0,24,lab_slots_ab_hist_rel_v2
45984,-1,24,lab_slots_ab_hist_rel_v2
45985,-1,24,lab_slots_ab_hist_rel_v2
45986,13,24,lab_slots_ab_hist_rel_v2
45987,-1,24,lab_slots_ab_hist_rel_v2
45989,-1,24,lab_slots_ab_hist_rel_v2
45990,1,24,lab_slots_ab_hist_rel_v2
45992,13,24,lab_slots_ab_hist_rel_v2
45994,4,24,lab_slots_ab_hist_rel_v2
45997,10,24,lab_slots_ab_hist_rel_v2
45998,-1,24,lab_slots_ab_hist_rel_v2
45999,22,24,lab_slots_ab_hist_rel_v2
46000,-1,24,lab_slots_ab_hist_rel_v2
46001,-1,24,lab_slots_ab_hist_rel_v2
46003,-1,24,lab_slots_ab_hist_rel_v2
46004,4,24,lab_slots_ab_hist_rel_v2
46008,8,24,lab_slots_ab_hist_rel_v2
46011,9,24,lab_slots_ab_hist_rel_v2
46016,13,24,lab_slots_ab_hist_rel_v2
46017,6,24,lab_slots_ab_hist_rel_v2
46021,-1,24,lab_slots_ab_hist_rel_v2
46022,5,24,lab_slots_ab_hist_rel_v2
46024,13,24,lab_slots_ab_hist_rel_v2
46025,13,24,lab_slots_ab_hist_rel_v2
46029,13,24,lab_slots_ab_hist_rel_v2
46030,9,24,lab_slots_ab_hist_rel_v2
46032,-1,24,lab_slots_ab_hist_rel_v2
46033,7,24,lab_slots_ab_hist_rel_v2
46040,9,24,lab_slots_ab_hist_rel_v2
46042,-1,24,lab_slots_ab_hist_rel_v2
46043,22,24,lab_slots_ab_hist_rel_v2
46044,13,24,lab_slots_ab_hist_rel_v2
46045,-1,24,lab_slots_ab_hist_rel_v2
46046,22,24,lab_slots_ab_hist_rel_v2
46047,13,24,lab_slots_ab_hist_rel_v2
46048,-1,24,lab_slots_ab_hist_rel_v2
46049,0,24,lab_slots_ab_hist_rel_v2
46050,22,24,lab_slots_ab_hist_rel_v2
46051,0,24,lab_slots_ab_hist_rel_v2
46053,-1,24,lab_slots_ab_hist_rel_v2
46054,-1,24,lab_slots_ab_hist_rel_v2
46055,21,24,lab_slots_ab_hist_rel_v2
46057,-1,24,lab_slots_ab_hist_rel_v2
46058,0,24,lab_slots_ab_hist_rel_v2
46059,22,24,lab_slots_ab_hist_rel_v2
46060,-1,24,lab_slots_ab_hist_rel_v2
46061,-1,24,lab_slots_ab_hist_rel_v2
46062,-1,24,lab_slots_ab_hist_rel_v2
46063,-1,24,lab_slots_ab_hist_rel_v2
46064,22,24,lab_slots_ab_hist_rel_v2
46066,-1,24,lab_slots_ab_hist_rel_v2
46067,-1,24,lab_slots_ab_hist_rel_v2
46068,13,24,lab_slots_ab_hist_rel_v2
46071,22,24,lab_slots_ab_hist_rel_v2
46074,6,24,lab_slots_ab_hist_rel_v2
46075,-1,24,lab_slots_ab_hist_rel_v2
46076,22,24,lab_slots_ab_hist_rel_v2
46077,22,24,lab_slots_ab_hist_rel_v2
46078,22,24,lab_slots_ab_hist_rel_v2
46080,-1,24,lab_slots_ab_hist_rel_v2
46081,13,24,lab_slots_ab_hist_rel_v2
46082,22,24,lab_slots_ab_hist_rel_v2
46083,20,24,lab_slots_ab_hist_rel_v2
46084,22,24,lab_slots_ab_hist_rel_v2
46086,1,24,lab_slots_ab_hist_rel_v2
46087,-1,24,lab_slots_ab_hist_rel_v2
46090,-1,24,lab_slots_ab_hist_rel_v2
46092,-1,24,lab_slots_ab_hist_rel_v2
46094,13,24,lab_slots_ab_hist_rel_v2
46097,13,24,lab_slots_ab_hist_rel_v2
46099,15,24,lab_slots_ab_hist_rel_v2
46103,-1,24,lab_slots_ab_hist_rel_v2
46104,6,24,lab_slots_ab_hist_rel_v2
46105,1,24,lab_slots_ab_hist_rel_v2
46106,22,24,lab_slots_ab_hist_rel_v2
46114,-1,24,lab_slots_ab_hist_rel_v2
46116,-1,24,lab_slots_ab_hist_rel_v2
46120,-1,24,lab_slots_ab_hist_rel_v2
46121,1,24,lab_slots_ab_hist_rel_v2
46123,22,24,lab_slots_ab_hist_rel_v2
46124,13,24,lab_slots_ab_hist_rel_v2
46125,-1,24,lab_slots_ab_hist_rel_v2
46126,6,24,lab_slots_ab_hist_rel_v2
46129,9,24,lab_slots_ab_hist_rel_v2
46130,18,24,lab_slots_ab_hist_rel_v2
46131,4,24,lab_slots_ab_hist_rel_v2
46137,9,24,lab_slots_ab_hist_rel_v2
46138,-1,24,lab_slots_ab_hist_rel_v2
46139,5,24,lab_slots_ab_hist_rel_v2
46140,5,24,lab_slots_ab_hist_rel_v2
46141,5,24,lab_slots_ab_hist_rel_v2
46142,0,24,lab_slots_ab_hist_rel_v2
46143,0,24,lab_slots_ab_hist_rel_v2
46144,5,24,lab_slots_ab_hist_rel_v2
46146,7,24,lab_slots_ab_hist_rel_v2
46147,18,24,lab_slots_ab_hist_rel_v2
46148,9,24,lab_slots_ab_hist_rel_v2
46149,15,24,lab_slots_ab_hist_rel_v2
46150,21,24,lab_slots_ab_hist_rel_v2
46151,5,24,lab_slots_ab_hist_rel_v2
46152,5,24,lab_slots_ab_hist_rel_v2
46153,5,24,lab_slots_ab_hist_rel_v2
46154,-1,24,lab_slots_ab_hist_rel_v2
46155,-1,24,lab_slots_ab_hist_rel_v2
46156,-1,24,lab_slots_ab_hist_rel_v2
46157,-1,24,lab_slots_ab_hist_rel_v2
46158,-1,24,lab_slots_ab_hist_rel_v2
46159,22,24,lab_slots_ab_hist_rel_v2
46160,-1,24,lab_slots_ab_hist_rel_v2
46161,-1,24,lab_slots_ab_hist_rel_v2
46162,6,24,lab_slots_ab_hist_rel_v2
46163,20,24,lab_slots_ab_hist_rel_v2
46165,21,24,lab_slots_ab_hist_rel_v2
46192,-1,24,lab_slots_ab_hist_rel_v2
46205,-1,24,lab_slots_ab_hist_rel_v2
46209,-1,24,lab_slots_ab_hist_rel_v2
46212,-1,24,lab_slots_ab_hist_rel_v2
46223,-1,24,lab_slots_ab_hist_rel_v2
46233,-1,24,lab_slots_ab_hist_rel_v2
46235,-1,24,lab_slots_ab_hist_rel_v2
46249,-1,24,lab_slots_ab_hist_rel_v2
46250,-1,24,lab_slots_ab_hist_rel_v2
46268,18,24,lab_slots_ab_hist_rel_v2
46269,-1,24,lab_slots_ab_hist_rel_v2
46276,-1,24,lab_slots_ab_hist_rel_v2
46306,18,24,lab_slots_ab_hist_rel_v2
46315,6,24,lab_slots_ab_hist_rel_v2
46317,6,24,lab_slots_ab_hist_rel_v2
46330,-1,24,lab_slots_ab_hist_rel_v2
46331,13,24,lab_slots_ab_hist_rel_v2
46333,-1,24,lab_slots_ab_hist_rel_v2
46353,21,24,lab_slots_ab_hist_rel_v2
46378,-1,24,lab_slots_ab_hist_rel_v2
46379,-1,24,lab_slots_ab_hist_rel_v2
46380,6,24,lab_slots_ab_hist_rel_v2
46422,20,24,lab_slots_ab_hist_rel_v2
46425,18,24,lab_slots_ab_hist_rel_v2
46434,-1,24,lab_slots_ab_hist_rel_v2
46435,-1,24,lab_slots_ab_hist_rel_v2
46436,-1,24,lab_slots_ab_hist_rel_v2
46462,-1,24,lab_slots_ab_hist_rel_v2
46478,-1,24,lab_slots_ab_hist_rel_v2
46481,-1,24,lab_slots_ab_hist_rel_v2
46501,-1,24,lab_slots_ab_hist_rel_v2
46507,-1,24,lab_slots_ab_hist_rel_v2
46508,5,24,lab_slots_ab_hist_rel_v2
46515,0,24,lab_slots_ab_hist_rel_v2
46516,22,24,lab_slots_ab_hist_rel_v2
46517,9,24,lab_slots_ab_hist_rel_v2
46518,0,24,lab_slots_ab_hist_rel_v2
46519,1,24,lab_slots_ab_hist_rel_v2
46521,18,24,lab_slots_ab_hist_rel_v2
46522,13,24,lab_slots_ab_hist_rel_v2
46523,6,24,lab_slots_ab_hist_rel_v2
46525,5,24,lab_slots_ab_hist_rel_v2
46527,6,24,lab_slots_ab_hist_rel_v2
46528,0,24,lab_slots_ab_hist_rel_v2
46529,5,24,lab_slots_ab_hist_rel_v2
46530,13,24,lab_slots_ab_hist_rel_v2
46531,5,24,lab_slots_ab_hist_rel_v2
46532,5,24,lab_slots_ab_hist_rel_v2
46533,9,24,lab_slots_ab_hist_rel_v2
46534,5,24,lab_slots_ab_hist_rel_v2
46535,21,24,lab_slots_ab_hist_rel_v2
46536,22,24,lab_slots_ab_hist_rel_v2
46537,9,24,lab_slots_ab_hist_rel_v2
46538,18,24,lab_slots_ab_hist_rel_v2
46539,9,24,lab_slots_ab_hist_rel_v2
46541,9,24,lab_slots_ab_hist_rel_v2
46542,5,24,lab_slots_ab_hist_rel_v2
46543,5,24,lab_slots_ab_hist_rel_v2
46544,6,24,lab_slots_ab_hist_rel_v2
46545,5,24,lab_slots_ab_hist_rel_v2
46546,21,24,lab_slots_ab_hist_rel_v2
46547,7,24,lab_slots_ab_hist_rel_v2
46548,6,24,lab_slots_ab_hist_rel_v2
46550,9,24,lab_slots_ab_hist_rel_v2
46553,8,24,lab_slots_ab_hist_rel_v2
46554,13,24,lab_slots_ab_hist_rel_v2
46555,18,24,lab_slots_ab_hist_rel_v2
46556,5,24,lab_slots_ab_hist_rel_v2
46557,6,24,lab_slots_ab_hist_rel_v2
46558,5,24,lab_slots_ab_hist_rel_v2
46559,-1,24,lab_slots_ab_hist_rel_v2
46560,4,24,lab_slots_ab_hist_rel_v2
46561,-1,24,lab_slots_ab_hist_rel_v2
46562,-1,24,lab_slots_ab_hist_rel_v2
46563,0,24,lab_slots_ab_hist_rel_v2
46564,5,24,lab_slots_ab_hist_rel_v2
46565,5,24,lab_slots_ab_hist_rel_v2
46566,5,24,lab_slots_ab_hist_rel_v2
46567,5,24,lab_slots_ab_hist_rel_v2
46568,5,24,lab_slots_ab_hist_rel_v2
46569,5,24,lab_slots_ab_hist_rel_v2
46570,5,24,lab_slots_ab_hist_rel_v2
46571,1,24,lab_slots_ab_hist_rel_v2
46575,-1,24,lab_slots_ab_hist_rel_v2
46580,-1,24,lab_slots_ab_hist_rel_v2
46586,13,24,lab_slots_ab_hist_rel_v2
46587,-1,24,lab_slots_ab_hist_rel_v2
46588,13,24,lab_slots_ab_hist_rel_v2
46589,-1,24,lab_slots_ab_hist_rel_v2
46590,-1,24,lab_slots_ab_hist_rel_v2
46614,21,24,lab_slots_ab_hist_rel_v2
46619,-1,24,lab_slots_ab_hist_rel_v2
46620,13,24,lab_slots_ab_hist_rel_v2
46623,6,24,lab_slots_ab_hist_rel_v2
46624,22,24,lab_slots_ab_hist_rel_v2
46627,1,24,lab_slots_ab_hist_rel_v2
46628,4,24,lab_slots_ab_hist_rel_v2
46631,13,24,lab_slots_ab_hist_rel_v2
46633,5,24,lab_slots_ab_hist_rel_v2
46634,6,24,lab_slots_ab_hist_rel_v2
46635,6,24,lab_slots_ab_hist_rel_v2
46636,5,24,lab_slots_ab_hist_rel_v2
46637,6,24,lab_slots_ab_hist_rel_v2
46638,-1,24,lab_slots_ab_hist_rel_v2
46639,6,24,lab_slots_ab_hist_rel_v2
46640,7,24,lab_slots_ab_hist_rel_v2
46642,-1,24,lab_slots_ab_hist_rel_v2
46654,6,24,lab_slots_ab_hist_rel_v2
46665,0,24,lab_slots_ab_hist_rel_v2
46666,18,24,lab_slots_ab_hist_rel_v2
46667,9,24,lab_slots_ab_hist_rel_v2
46673,-1,24,lab_slots_ab_hist_rel_v2
46674,-1,24,lab_slots_ab_hist_rel_v2
46675,9,24,lab_slots_ab_hist_rel_v2
46676,22,24,lab_slots_ab_hist_rel_v2
46679,6,24,lab_slots_ab_hist_rel_v2
46680,6,24,lab_slots_ab_hist_rel_v2
46686,-1,24,lab_slots_ab_hist_rel_v2
46687,-1,24,lab_slots_ab_hist_rel_v2
46690,-1,24,lab_slots_ab_hist_rel_v2
46693,0,24,lab_slots_ab_hist_rel_v2
46695,20,24,lab_slots_ab_hist_rel_v2
46704,-1,24,lab_slots_ab_hist_rel_v2
46705,-1,24,lab_slots_ab_hist_rel_v2
46710,-1,24,lab_slots_ab_hist_rel_v2
46711,-1,24,lab_slots_ab_hist_rel_v2
46712,6,24,lab_slots_ab_hist_rel_v2
46713,-1,24,lab_slots_ab_hist_rel_v2
46714,-1,24,lab_slots_ab_hist_rel_v2
46718,5,24,lab_slots_ab_hist_rel_v2
46719,6,24,lab_slots_ab_hist_rel_v2
46720,15,24,lab_slots_ab_hist_rel_v2
46725,9,24,lab_slots_ab_hist_rel_v2
46726,0,24,lab_slots_ab_hist_rel_v2
46727,15,24,lab_slots_ab_hist_rel_v2
46730,-1,24,lab_slots_ab_hist_rel_v2
46739,-1,24,lab_slots_ab_hist_rel_v2
46746,1,24,lab_slots_ab_hist_rel_v2
46748,6,24,lab_slots_ab_hist_rel_v2
46755,22,24,lab_slots_ab_hist_rel_v2
46757,22,24,lab_slots_ab_hist_rel_v2
46760,22,24,lab_slots_ab_hist_rel_v2
46762,6,24,lab_slots_ab_hist_rel_v2
46770,10,24,lab_slots_ab_hist_rel_v2
46773,1,24,lab_slots_ab_hist_rel_v2
46778,-1,24,lab_slots_ab_hist_rel_v2
46779,1,24,lab_slots_ab_hist_rel_v2
46781,-1,24,lab_slots_ab_hist_rel_v2
46782,22,24,lab_slots_ab_hist_rel_v2
46783,22,24,lab_slots_ab_hist_rel_v2
46791,5,24,lab_slots_ab_hist_rel_v2
46796,0,24,lab_slots_ab_hist_rel_v2
46797,-1,24,lab_slots_ab_hist_rel_v2
46799,1,24,lab_slots_ab_hist_rel_v2
46809,6,24,lab_slots_ab_hist_rel_v2
46815,6,24,lab_slots_ab_hist_rel_v2
46816,15,24,lab_slots_ab_hist_rel_v2
46817,13,24,lab_slots_ab_hist_rel_v2
46818,6,24,lab_slots_ab_hist_rel_v2
46827,6,24,lab_slots_ab_hist_rel_v2
46830,21,24,lab_slots_ab_hist_rel_v2
46831,-1,24,lab_slots_ab_hist_rel_v2
46836,10,24,lab_slots_ab_hist_rel_v2
46840,10,24,lab_slots_ab_hist_rel_v2
46848,-1,24,lab_slots_ab_hist_rel_v2
46849,7,24,lab_slots_ab_hist_rel_v2
46863,-1,24,lab_slots_ab_hist_rel_v2
46865,21,24,lab_slots_ab_hist_rel_v2
46868,-1,24,lab_slots_ab_hist_rel_v2
46869,1,24,lab_slots_ab_hist_rel_v2
46871,13,24,lab_slots_ab_hist_rel_v2
46872,-1,24,lab_slots_ab_hist_rel_v2
46887,-1,24,lab_slots_ab_hist_rel_v2
46893,-1,24,lab_slots_ab_hist_rel_v2
46897,4,24,lab_slots_ab_hist_rel_v2
46898,22,24,lab_slots_ab_hist_rel_v2
46913,0,24,lab_slots_ab_hist_rel_v2
46914,6,24,lab_slots_ab_hist_rel_v2
46915,8,24,lab_slots_ab_hist_rel_v2
46916,6,24,lab_slots_ab_hist_rel_v2
46918,21,24,lab_slots_ab_hist_rel_v2
46919,6,24,lab_slots_ab_hist_rel_v2
46920,21,24,lab_slots_ab_hist_rel_v2
46921,13,24,lab_slots_ab_hist_rel_v2
46922,22,24,lab_slots_ab_hist_rel_v2
46923,13,24,lab_slots_ab_hist_rel_v2
46924,5,24,lab_slots_ab_hist_rel_v2
46927,13,24,lab_slots_ab_hist_rel_v2
46928,6,24,lab_slots_ab_hist_rel_v2
46929,21,24,lab_slots_ab_hist_rel_v2
46930,21,24,lab_slots_ab_hist_rel_v2
46932,15,24,lab_slots_ab_hist_rel_v2
46933,4,24,lab_slots_ab_hist_rel_v2
46934,0,24,lab_slots_ab_hist_rel_v2
46935,20,24,lab_slots_ab_hist_rel_v2
46937,5,24,lab_slots_ab_hist_rel_v2
46938,21,24,lab_slots_ab_hist_rel_v2
46939,-1,24,lab_slots_ab_hist_rel_v2
46940,-1,24,lab_slots_ab_hist_rel_v2
46941,21,24,lab_slots_ab_hist_rel_v2
46942,5,24,lab_slots_ab_hist_rel_v2
46943,21,24,lab_slots_ab_hist_rel_v2
46946,21,24,lab_slots_ab_hist_rel_v2
46947,21,24,lab_slots_ab_hist_rel_v2
46948,5,24,lab_slots_ab_hist_rel_v2
46950,-1,24,lab_slots_ab_hist_rel_v2
46953,21,24,lab_slots_ab_hist_rel_v2
46955,21,24,lab_slots_ab_hist_rel_v2
46956,6,24,lab_slots_ab_hist_rel_v2
46957,21,24,lab_slots_ab_hist_rel_v2
46958,10,24,lab_slots_ab_hist_rel_v2
46959,13,24,lab_slots_ab_hist_rel_v2
46961,21,24,lab_slots_ab_hist_rel_v2
46962,13,24,lab_slots_ab_hist_rel_v2
46965,21,24,lab_slots_ab_hist_rel_v2
46968,-1,24,lab_slots_ab_hist_rel_v2
46978,-1,24,lab_slots_ab_hist_rel_v2
46979,6,24,lab_slots_ab_hist_rel_v2
46985,-1,24,lab_slots_ab_hist_rel_v2
46986,-1,24,lab_slots_ab_hist_rel_v2
46987,-1,24,lab_slots_ab_hist_rel_v2
46988,1,24,lab_slots_ab_hist_rel_v2
46989,21,24,lab_slots_ab_hist_rel_v2
46991,-1,24,lab_slots_ab_hist_rel_v2
47006,-1,24,lab_slots_ab_hist_rel_v2
47019,-1,24,lab_slots_ab_hist_rel_v2
47029,-1,24,lab_slots_ab_hist_rel_v2
47043,7,24,lab_slots_ab_hist_rel_v2
47049,8,24,lab_slots_ab_hist_rel_v2
47050,6,24,lab_slots_ab_hist_rel_v2
47053,-1,24,lab_slots_ab_hist_rel_v2
47056,-1,24,lab_slots_ab_hist_rel_v2
47060,10,24,lab_slots_ab_hist_rel_v2
47061,-1,24,lab_slots_ab_hist_rel_v2
47062,-1,24,lab_slots_ab_hist_rel_v2
47064,-1,24,lab_slots_ab_hist_rel_v2
47065,-1,24,lab_slots_ab_hist_rel_v2
47066,10,24,lab_slots_ab_hist_rel_v2
47072,6,24,lab_slots_ab_hist_rel_v2
47074,4,24,lab_slots_ab_hist_rel_v2
47075,-1,24,lab_slots_ab_hist_rel_v2
47077,-1,24,lab_slots_ab_hist_rel_v2
47088,6,24,lab_slots_ab_hist_rel_v2
47089,-1,24,lab_slots_ab_hist_rel_v2
47091,-1,24,lab_slots_ab_hist_rel_v2
47092,-1,24,lab_slots_ab_hist_rel_v2
47102,-1,24,lab_slots_ab_hist_rel_v2
47103,-1,24,lab_slots_ab_hist_rel_v2
47106,-1,24,lab_slots_ab_hist_rel_v2
47108,-1,24,lab_slots_ab_hist_rel_v2
47117,-1,24,lab_slots_ab_hist_rel_v2
47118,-1,24,lab_slots_ab_hist_rel_v2
47119,-1,24,lab_slots_ab_hist_rel_v2
47122,-1,24,lab_slots_ab_hist_rel_v2
47132,1,24,lab_slots_ab_hist_rel_v2
47137,-1,24,lab_slots_ab_hist_rel_v2
47149,-1,24,lab_slots_ab_hist_rel_v2
47157,9,24,lab_slots_ab_hist_rel_v2
47158,-1,24,lab_slots_ab_hist_rel_v2
47167,-1,24,lab_slots_ab_hist_rel_v2
47169,8,24,lab_slots_ab_hist_rel_v2
47171,1,24,lab_slots_ab_hist_rel_v2
47173,-1,24,lab_slots_ab_hist_rel_v2
47174,-1,24,lab_slots_ab_hist_rel_v2
47183,-1,24,lab_slots_ab_hist_rel_v2
47185,-1,24,lab_slots_ab_hist_rel_v2
47186,-1,24,lab_slots_ab_hist_rel_v2
47196,-1,24,lab_slots_ab_hist_rel_v2
47203,-1,24,lab_slots_ab_hist_rel_v2
47214,-1,24,lab_slots_ab_hist_rel_v2
47215,-1,24,lab_slots_ab_hist_rel_v2
47216,-1,24,lab_slots_ab_hist_rel_v2
47218,-1,24,lab_slots_ab_hist_rel_v2
47222,-1,24,lab_slots_ab_hist_rel_v2
47223,-1,24,lab_slots_ab_hist_rel_v2
47226,-1,24,lab_slots_ab_hist_rel_v2
47228,-1,24,lab_slots_ab_hist_rel_v2
47234,1,24,lab_slots_ab_hist_rel_v2
47253,18,24,lab_slots_ab_hist_rel_v2
47254,9,24,lab_slots_ab_hist_rel_v2
47256,-1,24,lab_slots_ab_hist_rel_v2
47257,-1,24,lab_slots_ab_hist_rel_v2
47258,5,24,lab_slots_ab_hist_rel_v2
47259,-1,24,lab_slots_ab_hist_rel_v2
47260,-1,24,lab_slots_ab_hist_rel_v2
47270,-1,24,lab_slots_ab_hist_rel_v2
47280,-1,24,lab_slots_ab_hist_rel_v2
47281,-1,24,lab_slots_ab_hist_rel_v2
47282,-1,24,lab_slots_ab_hist_rel_v2
47283,-1,24,lab_slots_ab_hist_rel_v2
47286,-1,24,lab_slots_ab_hist_rel_v2
47287,-1,24,lab_slots_ab_hist_rel_v2
47290,13,24,lab_slots_ab_hist_rel_v2
47292,-1,24,lab_slots_ab_hist_rel_v2
47294,5,24,lab_slots_ab_hist_rel_v2
47295,13,24,lab_slots_ab_hist_rel_v2
47299,1,24,lab_slots_ab_hist_rel_v2
47305,13,24,lab_slots_ab_hist_rel_v2
47306,-1,24,lab_slots_ab_hist_rel_v2
47307,22,24,lab_slots_ab_hist_rel_v2
47308,-1,24,lab_slots_ab_hist_rel_v2
47309,-1,24,lab_slots_ab_hist_rel_v2
47313,13,24,lab_slots_ab_hist_rel_v2
47315,10,24,lab_slots_ab_hist_rel_v2
47316,13,24,lab_slots_ab_hist_rel_v2
47317,-1,24,lab_slots_ab_hist_rel_v2
47319,18,24,lab_slots_ab_hist_rel_v2
47320,22,24,lab_slots_ab_hist_rel_v2
47327,-1,24,lab_slots_ab_hist_rel_v2
47332,-1,24,lab_slots_ab_hist_rel_v2
47334,-1,24,lab_slots_ab_hist_rel_v2
47336,22,24,lab_slots_ab_hist_rel_v2
47347,9,24,lab_slots_ab_hist_rel_v2
47350,-1,24,lab_slots_ab_hist_rel_v2
47353,10,24,lab_slots_ab_hist_rel_v2
47364,-1,24,lab_slots_ab_hist_rel_v2
47367,4,24,lab_slots_ab_hist_rel_v2
47370,4,24,lab_slots_ab_hist_rel_v2
47373,13,24,lab_slots_ab_hist_rel_v2
47375,21,24,lab_slots_ab_hist_rel_v2
47380,-1,24,lab_slots_ab_hist_rel_v2
47382,-1,24,lab_slots_ab_hist_rel_v2
47384,0,24,lab_slots_ab_hist_rel_v2
47385,-1,24,lab_slots_ab_hist_rel_v2
47388,5,24,lab_slots_ab_hist_rel_v2
47389,-1,24,lab_slots_ab_hist_rel_v2
47391,-1,24,lab_slots_ab_hist_rel_v2
47394,-1,24,lab_slots_ab_hist_rel_v2
47395,-1,24,lab_slots_ab_hist_rel_v2
47398,1,24,lab_slots_ab_hist_rel_v2
47401,9,24,lab_slots_ab_hist_rel_v2
47402,-1,24,lab_slots_ab_hist_rel_v2
47404,2,24,lab_slots_ab_hist_rel_v2
47407,9,24,lab_slots_ab_hist_rel_v2
47409,10,24,lab_slots_ab_hist_rel_v2
47412,18,24,lab_slots_ab_hist_rel_v2
47414,-1,24,lab_slots_ab_hist_rel_v2
47420,-1,24,lab_slots_ab_hist_rel_v2
47427,18,24,lab_slots_ab_hist_rel_v2
47429,22,24,lab_slots_ab_hist_rel_v2
47432,10,24,lab_slots_ab_hist_rel_v2
47433,18,24,lab_slots_ab_hist_rel_v2
47434,21,24,lab_slots_ab_hist_rel_v2
47435,-1,24,lab_slots_ab_hist_rel_v2
47438,5,24,lab_slots_ab_hist_rel_v2
47439,13,24,lab_slots_ab_hist_rel_v2
47440,0,24,lab_slots_ab_hist_rel_v2
47441,10,24,lab_slots_ab_hist_rel_v2
47443,6,24,lab_slots_ab_hist_rel_v2
47447,-1,24,lab_slots_ab_hist_rel_v2
47448,-1,24,lab_slots_ab_hist_rel_v2
47449,-1,24,lab_slots_ab_hist_rel_v2
47453,-1,24,lab_slots_ab_hist_rel_v2
47455,-1,24,lab_slots_ab_hist_rel_v2
47470,-1,24,lab_slots_ab_hist_rel_v2
47472,-1,24,lab_slots_ab_hist_rel_v2
47473,-1,24,lab_slots_ab_hist_rel_v2
47481,-1,24,lab_slots_ab_hist_rel_v2
47482,-1,24,lab_slots_ab_hist_rel_v2
47483,-1,24,lab_slots_ab_hist_rel_v2
47490,6,24,lab_slots_ab_hist_rel_v2
47495,-1,24,lab_slots_ab_hist_rel_v2
47497,-1,24,lab_slots_ab_hist_rel_v2
47501,-1,24,lab_slots_ab_hist_rel_v2
47505,-1,24,lab_slots_ab_hist_rel_v2
47506,-1,24,lab_slots_ab_hist_rel_v2
47510,20,24,lab_slots_ab_hist_rel_v2
47527,-1,24,lab_slots_ab_hist_rel_v2
47530,7,24,lab_slots_ab_hist_rel_v2
47531,-1,24,lab_slots_ab_hist_rel_v2
47534,-1,24,lab_slots_ab_hist_rel_v2
47536,-1,24,lab_slots_ab_hist_rel_v2
47540,-1,24,lab_slots_ab_hist_rel_v2
47556,21,24,lab_slots_ab_hist_rel_v2
47558,5,24,lab_slots_ab_hist_rel_v2
47565,-1,24,lab_slots_ab_hist_rel_v2
47566,22,24,lab_slots_ab_hist_rel_v2
47568,-1,24,lab_slots_ab_hist_rel_v2
47573,13,24,lab_slots_ab_hist_rel_v2
47574,13,24,lab_slots_ab_hist_rel_v2
47575,13,24,lab_slots_ab_hist_rel_v2
47577,13,24,lab_slots_ab_hist_rel_v2
47582,8,24,lab_slots_ab_hist_rel_v2
47587,22,24,lab_slots_ab_hist_rel_v2
47589,-1,24,lab_slots_ab_hist_rel_v2
47591,-1,24,lab_slots_ab_hist_rel_v2
47599,-1,24,lab_slots_ab_hist_rel_v2
47600,6,24,lab_slots_ab_hist_rel_v2
47603,-1,24,lab_slots_ab_hist_rel_v2
47609,8,24,lab_slots_ab_hist_rel_v2
47615,-1,24,lab_slots_ab_hist_rel_v2
47616,6,24,lab_slots_ab_hist_rel_v2
47619,-1,24,lab_slots_ab_hist_rel_v2
47620,-1,24,lab_slots_ab_hist_rel_v2
47621,13,24,lab_slots_ab_hist_rel_v2
47622,-1,24,lab_slots_ab_hist_rel_v2
47623,-1,24,lab_slots_ab_hist_rel_v2
47624,-1,24,lab_slots_ab_hist_rel_v2
47625,-1,24,lab_slots_ab_hist_rel_v2
47626,18,24,lab_slots_ab_hist_rel_v2
47633,6,24,lab_slots_ab_hist_rel_v2
47634,-1,24,lab_slots_ab_hist_rel_v2
47635,7,24,lab_slots_ab_hist_rel_v2
47637,-1,24,lab_slots_ab_hist_rel_v2
47638,-1,24,lab_slots_ab_hist_rel_v2
47640,-1,24,lab_slots_ab_hist_rel_v2
47641,-1,24,lab_slots_ab_hist_rel_v2
47642,6,24,lab_slots_ab_hist_rel_v2
47644,22,24,lab_slots_ab_hist_rel_v2
47647,6,24,lab_slots_ab_hist_rel_v2
47648,6,24,lab_slots_ab_hist_rel_v2
47649,22,24,lab_slots_ab_hist_rel_v2
47656,8,24,lab_slots_ab_hist_rel_v2
47657,22,24,lab_slots_ab_hist_rel_v2
47659,13,24,lab_slots_ab_hist_rel_v2
47660,13,24,lab_slots_ab_hist_rel_v2
47665,0,24,lab_slots_ab_hist_rel_v2
47676,-1,24,lab_slots_ab_hist_rel_v2
47677,-1,24,lab_slots_ab_hist_rel_v2
47678,-1,24,lab_slots_ab_hist_rel_v2
47679,-1,24,lab_slots_ab_hist_rel_v2
47680,-1,24,lab_slots_ab_hist_rel_v2
47681,-1,24,lab_slots_ab_hist_rel_v2
47682,-1,24,lab_slots_ab_hist_rel_v2
47686,-1,24,lab_slots_ab_hist_rel_v2
47687,-1,24,lab_slots_ab_hist_rel_v2
47688,-1,24,lab_slots_ab_hist_rel_v2
47691,2,24,lab_slots_ab_hist_rel_v2
47693,-1,24,lab_slots_ab_hist_rel_v2
47695,-1,24,lab_slots_ab_hist_rel_v2
47696,-1,24,lab_slots_ab_hist_rel_v2
47720,6,24,lab_slots_ab_hist_rel_v2
47722,-1,24,lab_slots_ab_hist_rel_v2
47723,-1,24,lab_slots_ab_hist_rel_v2
47724,22,24,lab_slots_ab_hist_rel_v2
47725,7,24,lab_slots_ab_hist_rel_v2
47754,-1,24,lab_slots_ab_hist_rel_v2
47755,-1,24,lab_slots_ab_hist_rel_v2
47757,18,24,lab_slots_ab_hist_rel_v2
47758,-1,24,lab_slots_ab_hist_rel_v2
47759,0,24,lab_slots_ab_hist_rel_v2
47762,-1,24,lab_slots_ab_hist_rel_v2
47770,1,24,lab_slots_ab_hist_rel_v2
47780,-1,24,lab_slots_ab_hist_rel_v2
47783,-1,24,lab_slots_ab_hist_rel_v2
47784,-1,24,lab_slots_ab_hist_rel_v2
47785,-1,24,lab_slots_ab_hist_rel_v2
47786,-1,24,lab_slots_ab_hist_rel_v2
47787,-1,24,lab_slots_ab_hist_rel_v2
47788,-1,24,lab_slots_ab_hist_rel_v2
47792,-1,24,lab_slots_ab_hist_rel_v2
47803,9,24,lab_slots_ab_hist_rel_v2
47804,4,24,lab_slots_ab_hist_rel_v2
47805,-1,24,lab_slots_ab_hist_rel_v2
47806,-1,24,lab_slots_ab_hist_rel_v2
47807,-1,24,lab_slots_ab_hist_rel_v2
47808,6,24,lab_slots_ab_hist_rel_v2
47809,-1,24,lab_slots_ab_hist_rel_v2
47810,-1,24,lab_slots_ab_hist_rel_v2
47811,-1,24,lab_slots_ab_hist_rel_v2
47813,-1,24,lab_slots_ab_hist_rel_v2
47820,-1,24,lab_slots_ab_hist_rel_v2
47821,-1,24,lab_slots_ab_hist_rel_v2
47822,-1,24,lab_slots_ab_hist_rel_v2
47828,-1,24,lab_slots_ab_hist_rel_v2
47845,-1,24,lab_slots_ab_hist_rel_v2
47846,18,24,lab_slots_ab_hist_rel_v2
47850,-1,24,lab_slots_ab_hist_rel_v2
47853,1,24,lab_slots_ab_hist_rel_v2
47854,-1,24,lab_slots_ab_hist_rel_v2
47857,-1,24,lab_slots_ab_hist_rel_v2
47858,-1,24,lab_slots_ab_hist_rel_v2
47866,-1,24,lab_slots_ab_hist_rel_v2
47869,-1,24,lab_slots_ab_hist_rel_v2
47870,-1,24,lab_slots_ab_hist_rel_v2
47872,8,24,lab_slots_ab_hist_rel_v2
47873,8,24,lab_slots_ab_hist_rel_v2
47883,8,24,lab_slots_ab_hist_rel_v2
47888,8,24,lab_slots_ab_hist_rel_v2
47890,8,24,lab_slots_ab_hist_rel_v2
47892,-1,24,lab_slots_ab_hist_rel_v2
47896,8,24,lab_slots_ab_hist_rel_v2
47897,8,24,lab_slots_ab_hist_rel_v2
47908,22,24,lab_slots_ab_hist_rel_v2
47911,10,24,lab_slots_ab_hist_rel_v2
47914,-1,24,lab_slots_ab_hist_rel_v2
47915,22,24,lab_slots_ab_hist_rel_v2
47920,22,24,lab_slots_ab_hist_rel_v2
47921,0,24,lab_slots_ab_hist_rel_v2
47922,18,24,lab_slots_ab_hist_rel_v2
47923,9,24,lab_slots_ab_hist_rel_v2
47927,7,24,lab_slots_ab_hist_rel_v2
47929,-1,24,lab_slots_ab_hist_rel_v2
47935,13,24,lab_slots_ab_hist_rel_v2
47938,8,24,lab_slots_ab_hist_rel_v2
47939,-1,24,lab_slots_ab_hist_rel_v2
47941,-1,24,lab_slots_ab_hist_rel_v2
47942,6,24,lab_slots_ab_hist_rel_v2
47944,22,24,lab_slots_ab_hist_rel_v2
47945,-1,24,lab_slots_ab_hist_rel_v2
47946,-1,24,lab_slots_ab_hist_rel_v2
47947,-1,24,lab_slots_ab_hist_rel_v2
47948,-1,24,lab_slots_ab_hist_rel_v2
47949,-1,24,lab_slots_ab_hist_rel_v2
47950,-1,24,lab_slots_ab_hist_rel_v2
47951,-1,24,lab_slots_ab_hist_rel_v2
47953,-1,24,lab_slots_ab_hist_rel_v2
47958,4,24,lab_slots_ab_hist_rel_v2
47959,-1,24,lab_slots_ab_hist_rel_v2
47970,-1,24,lab_slots_ab_hist_rel_v2
47972,-1,24,lab_slots_ab_hist_rel_v2
47973,-1,24,lab_slots_ab_hist_rel_v2
47977,6,24,lab_slots_ab_hist_rel_v2
47982,-1,24,lab_slots_ab_hist_rel_v2
47983,6,24,lab_slots_ab_hist_rel_v2
47985,7,24,lab_slots_ab_hist_rel_v2
47988,-1,24,lab_slots_ab_hist_rel_v2
47989,22,24,lab_slots_ab_hist_rel_v2
47990,18,24,lab_slots_ab_hist_rel_v2
48012,-1,24,lab_slots_ab_hist_rel_v2
48013,0,24,lab_slots_ab_hist_rel_v2
48015,-1,24,lab_slots_ab_hist_rel_v2
48017,18,24,lab_slots_ab_hist_rel_v2
48027,-1,24,lab_slots_ab_hist_rel_v2
48051,13,24,lab_slots_ab_hist_rel_v2
48052,8,24,lab_slots_ab_hist_rel_v2
48058,22,24,lab_slots_ab_hist_rel_v2
48084,8,24,lab_slots_ab_hist_rel_v2
48085,22,24,lab_slots_ab_hist_rel_v2
48086,-1,24,lab_slots_ab_hist_rel_v2
48088,8,24,lab_slots_ab_hist_rel_v2
48096,6,24,lab_slots_ab_hist_rel_v2
48099,-1,24,lab_slots_ab_hist_rel_v2
48124,-1,24,lab_slots_ab_hist_rel_v2
48126,1,24,lab_slots_ab_hist_rel_v2
48128,13,24,lab_slots_ab_hist_rel_v2
48129,13,24,lab_slots_ab_hist_rel_v2
48148,10,24,lab_slots_ab_hist_rel_v2
48156,0,24,lab_slots_ab_hist_rel_v2
48172,10,24,lab_slots_ab_hist_rel_v2
48173,13,24,lab_slots_ab_hist_rel_v2
48174,-1,24,lab_slots_ab_hist_rel_v2
48175,22,24,lab_slots_ab_hist_rel_v2
48187,-1,24,lab_slots_ab_hist_rel_v2
48189,-1,24,lab_slots_ab_hist_rel_v2
48202,13,24,lab_slots_ab_hist_rel_v2
48203,6,24,lab_slots_ab_hist_rel_v2
48204,0,24,lab_slots_ab_hist_rel_v2
48211,6,24,lab_slots_ab_hist_rel_v2
48216,8,24,lab_slots_ab_hist_rel_v2
48222,13,24,lab_slots_ab_hist_rel_v2
48223,8,24,lab_slots_ab_hist_rel_v2
48224,6,24,lab_slots_ab_hist_rel_v2
48228,6,24,lab_slots_ab_hist_rel_v2
48244,6,24,lab_slots_ab_hist_rel_v2
48246,-1,24,lab_slots_ab_hist_rel_v2
48251,-1,24,lab_slots_ab_hist_rel_v2
48254,6,24,lab_slots_ab_hist_rel_v2
48267,-1,24,lab_slots_ab_hist_rel_v2
48271,-1,24,lab_slots_ab_hist_rel_v2
48272,7,24,lab_slots_ab_hist_rel_v2
48275,-1,24,lab_slots_ab_hist_rel_v2
48276,-1,24,lab_slots_ab_hist_rel_v2
48278,-1,24,lab_slots_ab_hist_rel_v2
48280,13,24,lab_slots_ab_hist_rel_v2
48281,22,24,lab_slots_ab_hist_rel_v2
48284,13,24,lab_slots_ab_hist_rel_v2
48285,22,24,lab_slots_ab_hist_rel_v2
48286,-1,24,lab_slots_ab_hist_rel_v2
48304,0,24,lab_slots_ab_hist_rel_v2
48305,1,24,lab_slots_ab_hist_rel_v2
48306,4,24,lab_slots_ab_hist_rel_v2
48307,4,24,lab_slots_ab_hist_rel_v2
48308,-1,24,lab_slots_ab_hist_rel_v2
48309,15,24,lab_slots_ab_hist_rel_v2
48310,21,24,lab_slots_ab_hist_rel_v2
48311,-1,24,lab_slots_ab_hist_rel_v2
48312,-1,24,lab_slots_ab_hist_rel_v2
48314,6,24,lab_slots_ab_hist_rel_v2
48316,18,24,lab_slots_ab_hist_rel_v2
48318,-1,24,lab_slots_ab_hist_rel_v2
48324,8,24,lab_slots_ab_hist_rel_v2
48329,22,24,lab_slots_ab_hist_rel_v2
48330,6,24,lab_slots_ab_hist_rel_v2
48331,13,24,lab_slots_ab_hist_rel_v2
48332,6,24,lab_slots_ab_hist_rel_v2
48333,6,24,lab_slots_ab_hist_rel_v2
48334,6,24,lab_slots_ab_hist_rel_v2
48335,6,24,lab_slots_ab_hist_rel_v2
48337,-1,24,lab_slots_ab_hist_rel_v2
48338,-1,24,lab_slots_ab_hist_rel_v2
48339,9,24,lab_slots_ab_hist_rel_v2
48340,5,24,lab_slots_ab_hist_rel_v2
48343,18,24,lab_slots_ab_hist_rel_v2
48346,9,24,lab_slots_ab_hist_rel_v2
48351,-1,24,lab_slots_ab_hist_rel_v2
48357,9,24,lab_slots_ab_hist_rel_v2
48359,-1,24,lab_slots_ab_hist_rel_v2
48369,15,24,lab_slots_ab_hist_rel_v2
48387,0,24,lab_slots_ab_hist_rel_v2
48390,0,24,lab_slots_ab_hist_rel_v2
48391,18,24,lab_slots_ab_hist_rel_v2
48395,0,24,lab_slots_ab_hist_rel_v2
48411,22,24,lab_slots_ab_hist_rel_v2
48424,9,24,lab_slots_ab_hist_rel_v2
48425,6,24,lab_slots_ab_hist_rel_v2
48432,-1,24,lab_slots_ab_hist_rel_v2
48451,1,24,lab_slots_ab_hist_rel_v2
48456,0,24,lab_slots_ab_hist_rel_v2
48461,6,24,lab_slots_ab_hist_rel_v2
48462,6,24,lab_slots_ab_hist_rel_v2
48466,10,24,lab_slots_ab_hist_rel_v2
48467,13,24,lab_slots_ab_hist_rel_v2
48480,20,24,lab_slots_ab_hist_rel_v2
48481,9,24,lab_slots_ab_hist_rel_v2
48482,6,24,lab_slots_ab_hist_rel_v2
48483,9,24,lab_slots_ab_hist_rel_v2
48489,6,24,lab_slots_ab_hist_rel_v2
48504,-1,24,lab_slots_ab_hist_rel_v2
48506,-1,24,lab_slots_ab_hist_rel_v2
48507,-1,24,lab_slots_ab_hist_rel_v2
48509,6,24,lab_slots_ab_hist_rel_v2
48516,-1,24,lab_slots_ab_hist_rel_v2
48527,-1,24,lab_slots_ab_hist_rel_v2
48532,-1,24,lab_slots_ab_hist_rel_v2
48544,5,24,lab_slots_ab_hist_rel_v2
48546,13,24,lab_slots_ab_hist_rel_v2
48550,1,24,lab_slots_ab_hist_rel_v2
48551,0,24,lab_slots_ab_hist_rel_v2
48552,21,24,lab_slots_ab_hist_rel_v2
48558,22,24,lab_slots_ab_hist_rel_v2
48559,13,24,lab_slots_ab_hist_rel_v2
48560,5,24,lab_slots_ab_hist_rel_v2
48562,6,24,lab_slots_ab_hist_rel_v2
48564,5,24,lab_slots_ab_hist_rel_v2
48565,6,24,lab_slots_ab_hist_rel_v2
48566,13,24,lab_slots_ab_hist_rel_v2
48569,18,24,lab_slots_ab_hist_rel_v2
48570,1,24,lab_slots_ab_hist_rel_v2
48571,-1,24,lab_slots_ab_hist_rel_v2
48572,8,24,lab_slots_ab_hist_rel_v2
48573,1,24,lab_slots_ab_hist_rel_v2
48575,1,24,lab_slots_ab_hist_rel_v2
48577,4,24,lab_slots_ab_hist_rel_v2
48579,8,24,lab_slots_ab_hist_rel_v2
48580,5,24,lab_slots_ab_hist_rel_v2
48581,8,24,lab_slots_ab_hist_rel_v2
48590,1,24,lab_slots_ab_hist_rel_v2
48591,0,24,lab_slots_ab_hist_rel_v2
48592,-1,24,lab_slots_ab_hist_rel_v2
48593,5,24,lab_slots_ab_hist_rel_v2
48594,20,24,lab_slots_ab_hist_rel_v2
48595,-1,24,lab_slots_ab_hist_rel_v2
48596,10,24,lab_slots_ab_hist_rel_v2
48597,10,24,lab_slots_ab_hist_rel_v2
48598,-1,24,lab_slots_ab_hist_rel_v2
48602,21,24,lab_slots_ab_hist_rel_v2
48603,8,24,lab_slots_ab_hist_rel_v2
48604,4,24,lab_slots_ab_hist_rel_v2
48608,22,24,lab_slots_ab_hist_rel_v2
48609,22,24,lab_slots_ab_hist_rel_v2
48610,22,24,lab_slots_ab_hist_rel_v2
48611,22,24,lab_slots_ab_hist_rel_v2
48612,18,24,lab_slots_ab_hist_rel_v2
48613,20,24,lab_slots_ab_hist_rel_v2
48616,22,24,lab_slots_ab_hist_rel_v2
48620,22,24,lab_slots_ab_hist_rel_v2
48621,10,24,lab_slots_ab_hist_rel_v2
48625,9,24,lab_slots_ab_hist_rel_v2
48626,-1,24,lab_slots_ab_hist_rel_v2
48627,22,24,lab_slots_ab_hist_rel_v2
48628,-1,24,lab_slots_ab_hist_rel_v2
48629,22,24,lab_slots_ab_hist_rel_v2
48631,13,24,lab_slots_ab_hist_rel_v2
48632,22,24,lab_slots_ab_hist_rel_v2
48633,-1,24,lab_slots_ab_hist_rel_v2
48634,-1,24,lab_slots_ab_hist_rel_v2
48635,6,24,lab_slots_ab_hist_rel_v2
48636,6,24,lab_slots_ab_hist_rel_v2
48637,-1,24,lab_slots_ab_hist_rel_v2
48639,-1,24,lab_slots_ab_hist_rel_v2
48640,-1,24,lab_slots_ab_hist_rel_v2
48641,0,24,lab_slots_ab_hist_rel_v2
48643,-1,24,lab_slots_ab_hist_rel_v2
48644,-1,24,lab_slots_ab_hist_rel_v2
48645,-1,24,lab_slots_ab_hist_rel_v2
48646,-1,24,lab_slots_ab_hist_rel_v2
48647,13,24,lab_slots_ab_hist_rel_v2
48648,8,24,lab_slots_ab_hist_rel_v2
48649,17,24,lab_slots_ab_hist_rel_v2
48650,-1,24,lab_slots_ab_hist_rel_v2
48653,-1,24,lab_slots_ab_hist_rel_v2
48654,20,24,lab_slots_ab_hist_rel_v2
48655,10,24,lab_slots_ab_hist_rel_v2
48660,-1,24,lab_slots_ab_hist_rel_v2
48661,19,24,lab_slots_ab_hist_rel_v2
48662,-1,24,lab_slots_ab_hist_rel_v2
48663,-1,24,lab_slots_ab_hist_rel_v2
48664,-1,24,lab_slots_ab_hist_rel_v2
48665,-1,24,lab_slots_ab_hist_rel_v2
48666,-1,24,lab_slots_ab_hist_rel_v2
48669,22,24,lab_slots_ab_hist_rel_v2
48676,-1,24,lab_slots_ab_hist_rel_v2
48677,22,24,lab_slots_ab_hist_rel_v2
48679,1,24,lab_slots_ab_hist_rel_v2
48682,22,24,lab_slots_ab_hist_rel_v2
48686,-1,24,lab_slots_ab_hist_rel_v2
48689,1,24,lab_slots_ab_hist_rel_v2
48690,-1,24,lab_slots_ab_hist_rel_v2
48691,-1,24,lab_slots_ab_hist_rel_v2
48694,-1,24,lab_slots_ab_hist_rel_v2
48695,1,24,lab_slots_ab_hist_rel_v2
48696,22,24,lab_slots_ab_hist_rel_v2
48697,22,24,lab_slots_ab_hist_rel_v2
48698,10,24,lab_slots_ab_hist_rel_v2
48699,-1,24,lab_slots_ab_hist_rel_v2
48700,-1,24,lab_slots_ab_hist_rel_v2
48701,-1,24,lab_slots_ab_hist_rel_v2
48702,-1,24,lab_slots_ab_hist_rel_v2
48703,10,24,lab_slots_ab_hist_rel_v2
48704,-1,24,lab_slots_ab_hist_rel_v2
48706,-1,24,lab_slots_ab_hist_rel_v2
48711,22,24,lab_slots_ab_hist_rel_v2
48712,6,24,lab_slots_ab_hist_rel_v2
48713,0,24,lab_slots_ab_hist_rel_v2
48714,-1,24,lab_slots_ab_hist_rel_v2
48716,2,24,lab_slots_ab_hist_rel_v2
48717,13,24,lab_slots_ab_hist_rel_v2
48720,-1,24,lab_slots_ab_hist_rel_v2
48725,-1,24,lab_slots_ab_hist_rel_v2
48726,9,24,lab_slots_ab_hist_rel_v2
48727,22,24,lab_slots_ab_hist_rel_v2
48734,-1,24,lab_slots_ab_hist_rel_v2
48735,-1,24,lab_slots_ab_hist_rel_v2
48736,-1,24,lab_slots_ab_hist_rel_v2
48740,1,24,lab_slots_ab_hist_rel_v2
48741,1,24,lab_slots_ab_hist_rel_v2
48742,-1,24,lab_slots_ab_hist_rel_v2
48745,6,24,lab_slots_ab_hist_rel_v2
48746,-1,24,lab_slots_ab_hist_rel_v2
48747,1,24,lab_slots_ab_hist_rel_v2
48748,1,24,lab_slots_ab_hist_rel_v2
48749,8,24,lab_slots_ab_hist_rel_v2
48750,18,24,lab_slots_ab_hist_rel_v2
48751,1,24,lab_slots_ab_hist_rel_v2
48754,22,24,lab_slots_ab_hist_rel_v2
48755,6,24,lab_slots_ab_hist_rel_v2
48757,13,24,lab_slots_ab_hist_rel_v2
48758,-1,24,lab_slots_ab_hist_rel_v2
48759,22,24,lab_slots_ab_hist_rel_v2
48761,13,24,lab_slots_ab_hist_rel_v2
48762,22,24,lab_slots_ab_hist_rel_v2
48764,1,24,lab_slots_ab_hist_rel_v2
48765,-1,24,lab_slots_ab_hist_rel_v2
48766,-1,24,lab_slots_ab_hist_rel_v2
48767,1,24,lab_slots_ab_hist_rel_v2
48768,22,24,lab_slots_ab_hist_rel_v2
48769,22,24,lab_slots_ab_hist_rel_v2
48771,-1,24,lab_slots_ab_hist_rel_v2
48772,22,24,lab_slots_ab_hist_rel_v2
48773,-1,24,lab_slots_ab_hist_rel_v2
48774,6,24,lab_slots_ab_hist_rel_v2
48775,0,24,lab_slots_ab_hist_rel_v2
48776,-1,24,lab_slots_ab_hist_rel_v2
48777,-1,24,lab_slots_ab_hist_rel_v2
48781,21,24,lab_slots_ab_hist_rel_v2
48800,1,24,lab_slots_ab_hist_rel_v2
48801,-1,24,lab_slots_ab_hist_rel_v2
48809,10,24,lab_slots_ab_hist_rel_v2
48840,-1,24,lab_slots_ab_hist_rel_v2
48841,1,24,lab_slots_ab_hist_rel_v2
48842,6,24,lab_slots_ab_hist_rel_v2
48844,-1,24,lab_slots_ab_hist_rel_v2
48846,-1,24,lab_slots_ab_hist_rel_v2
48850,-1,24,lab_slots_ab_hist_rel_v2
48852,-1,24,lab_slots_ab_hist_rel_v2
48854,6,24,lab_slots_ab_hist_rel_v2
48855,15,24,lab_slots_ab_hist_rel_v2
48857,-1,24,lab_slots_ab_hist_rel_v2
48859,6,24,lab_slots_ab_hist_rel_v2
49135,-1,24,lab_slots_ab_hist_rel_v2
49136,-1,24,lab_slots_ab_hist_rel_v2
49139,-1,24,lab_slots_ab_hist_rel_v2
49142,-1,24,lab_slots_ab_hist_rel_v2
49189,8,24,lab_slots_ab_hist_rel_v2
49191,1,24,lab_slots_ab_hist_rel_v2
49201,-1,24,lab_slots_ab_hist_rel_v2
49203,-1,24,lab_slots_ab_hist_rel_v2
49204,18,24,lab_slots_ab_hist_rel_v2
49206,-1,24,lab_slots_ab_hist_rel_v2
49207,10,24,lab_slots_ab_hist_rel_v2
49208,9,24,lab_slots_ab_hist_rel_v2
49214,0,24,lab_slots_ab_hist_rel_v2
49215,22,24,lab_slots_ab_hist_rel_v2
49216,22,24,lab_slots_ab_hist_rel_v2
49222,6,24,lab_slots_ab_hist_rel_v2
49248,-1,24,lab_slots_ab_hist_rel_v2
49261,6,24,lab_slots_ab_hist_rel_v2
49262,22,24,lab_slots_ab_hist_rel_v2
49264,-1,24,lab_slots_ab_hist_rel_v2
49266,18,24,lab_slots_ab_hist_rel_v2
49267,0,24,lab_slots_ab_hist_rel_v2
49268,-1,24,lab_slots_ab_hist_rel_v2
49269,6,24,lab_slots_ab_hist_rel_v2
49270,-1,24,lab_slots_ab_hist_rel_v2
49272,1,24,lab_slots_ab_hist_rel_v2
49273,18,24,lab_slots_ab_hist_rel_v2
49274,0,24,lab_slots_ab_hist_rel_v2
49280,18,24,lab_slots_ab_hist_rel_v2
49293,10,24,lab_slots_ab_hist_rel_v2
49295,8,24,lab_slots_ab_hist_rel_v2
49296,7,24,lab_slots_ab_hist_rel_v2
49298,8,24,lab_slots_ab_hist_rel_v2
49299,8,24,lab_slots_ab_hist_rel_v2
49305,1,24,lab_slots_ab_hist_rel_v2
49308,1,24,lab_slots_ab_hist_rel_v2
49316,-1,24,lab_slots_ab_hist_rel_v2
49318,10,24,lab_slots_ab_hist_rel_v2
49319,22,24,lab_slots_ab_hist_rel_v2
49323,6,24,lab_slots_ab_hist_rel_v2
49335,22,24,lab_slots_ab_hist_rel_v2
49344,-1,24,lab_slots_ab_hist_rel_v2
49346,1,24,lab_slots_ab_hist_rel_v2
49351,10,24,lab_slots_ab_hist_rel_v2
49352,13,24,lab_slots_ab_hist_rel_v2
49356,22,24,lab_slots_ab_hist_rel_v2
49359,1,24,lab_slots_ab_hist_rel_v2
49360,-1,24,lab_slots_ab_hist_rel_v2
49362,20,24,lab_slots_ab_hist_rel_v2
49363,2,24,lab_slots_ab_hist_rel_v2
49364,-1,24,lab_slots_ab_hist_rel_v2
49366,-1,24,lab_slots_ab_hist_rel_v2
49425,8,24,lab_slots_ab_hist_rel_v2
49426,22,24,lab_slots_ab_hist_rel_v2
49533,-1,24,lab_slots_ab_hist_rel_v2
49553,1,24,lab_slots_ab_hist_rel_v2
49559,-1,24,lab_slots_ab_hist_rel_v2
49825,-1,24,lab_slots_ab_hist_rel_v2
49833,-1,24,lab_slots_ab_hist_rel_v2
49850,13,24,lab_slots_ab_hist_rel_v2
49852,10,24,lab_slots_ab_hist_rel_v2
49855,8,24,lab_slots_ab_hist_rel_v2
49856,22,24,lab_slots_ab_hist_rel_v2
49857,13,24,lab_slots_ab_hist_rel_v2
49859,-1,24,lab_slots_ab_hist_rel_v2
49861,8,24,lab_slots_ab_hist_rel_v2
49862,13,24,lab_slots_ab_hist_rel_v2
49864,10,24,lab_slots_ab_hist_rel_v2
49896,-1,24,lab_slots_ab_hist_rel_v2
49898,-1,24,lab_slots_ab_hist_rel_v2
49899,-1,24,lab_slots_ab_hist_rel_v2
49900,-1,24,lab_slots_ab_hist_rel_v2
49903,9,24,lab_slots_ab_hist_rel_v2
49905,-1,24,lab_slots_ab_hist_rel_v2
49909,-1,24,lab_slots_ab_hist_rel_v2
49914,10,24,lab_slots_ab_hist_rel_v2
49915,-1,24,lab_slots_ab_hist_rel_v2
49920,6,24,lab_slots_ab_hist_rel_v2
49924,-1,24,lab_slots_ab_hist_rel_v2
50020,22,24,lab_slots_ab_hist_rel_v2
50026,-1,24,lab_slots_ab_hist_rel_v2
50027,-1,24,lab_slots_ab_hist_rel_v2
50033,-1,24,lab_slots_ab_hist_rel_v2
50036,6,24,lab_slots_ab_hist_rel_v2
50037,-1,24,lab_slots_ab_hist_rel_v2
50043,7,24,lab_slots_ab_hist_rel_v2
50143,-1,24,lab_slots_ab_hist_rel_v2
50165,7,24,lab_slots_ab_hist_rel_v2
50186,8,24,lab_slots_ab_hist_rel_v2
50187,20,24,lab_slots_ab_hist_rel_v2
50192,22,24,lab_slots_ab_hist_rel_v2
50211,6,24,lab_slots_ab_hist_rel_v2
50213,0,24,lab_slots_ab_hist_rel_v2
50226,9,24,lab_slots_ab_hist_rel_v2
50229,0,24,lab_slots_ab_hist_rel_v2
50230,10,24,lab_slots_ab_hist_rel_v2
50235,6,24,lab_slots_ab_hist_rel_v2
50236,0,24,lab_slots_ab_hist_rel_v2
50247,22,24,lab_slots_ab_hist_rel_v2
50305,18,24,lab_slots_ab_hist_rel_v2
50311,-1,24,lab_slots_ab_hist_rel_v2
50313,0,24,lab_slots_ab_hist_rel_v2
50314,0,24,lab_slots_ab_hist_rel_v2
50315,0,24,lab_slots_ab_hist_rel_v2
50316,0,24,lab_slots_ab_hist_rel_v2
50317,-1,24,lab_slots_ab_hist_rel_v2
50328,1,24,lab_slots_ab_hist_rel_v2
50329,10,24,lab_slots_ab_hist_rel_v2
50331,22,24,lab_slots_ab_hist_rel_v2
50332,22,24,lab_slots_ab_hist_rel_v2
50333,8,24,lab_slots_ab_hist_rel_v2
50334,22,24,lab_slots_ab_hist_rel_v2
50335,22,24,lab_slots_ab_hist_rel_v2
50338,-1,24,lab_slots_ab_hist_rel_v2
50349,6,24,lab_slots_ab_hist_rel_v2
50350,1,24,lab_slots_ab_hist_rel_v2
50354,6,24,lab_slots_ab_hist_rel_v2
50355,10,24,lab_slots_ab_hist_rel_v2
50356,6,24,lab_slots_ab_hist_rel_v2
50357,6,24,lab_slots_ab_hist_rel_v2
50359,-1,24,lab_slots_ab_hist_rel_v2
50362,-1,24,lab_slots_ab_hist_rel_v2
50463,8,24,lab_slots_ab_hist_rel_v2
50473,22,24,lab_slots_ab_hist_rel_v2
50502,5,24,lab_slots_ab_hist_rel_v2
50506,8,24,lab_slots_ab_hist_rel_v2
50524,0,24,lab_slots_ab_hist_rel_v2
50536,-1,24,lab_slots_ab_hist_rel_v2
50547,10,24,lab_slots_ab_hist_rel_v2
50548,0,24,lab_slots_ab_hist_rel_v2
50563,-1,24,lab_slots_ab_hist_rel_v2
50567,18,24,lab_slots_ab_hist_rel_v2
50568,-1,24,lab_slots_ab_hist_rel_v2
50655,22,24,lab_slots_ab_hist_rel_v2
50659,6,24,lab_slots_ab_hist_rel_v2
50692,-1,24,lab_slots_ab_hist_rel_v2
50694,-1,24,lab_slots_ab_hist_rel_v2
50700,6,24,lab_slots_ab_hist_rel_v2
50702,0,24,lab_slots_ab_hist_rel_v2
50707,0,24,lab_slots_ab_hist_rel_v2
50708,6,24,lab_slots_ab_hist_rel_v2
50709,9,24,lab_slots_ab_hist_rel_v2
50713,-1,24,lab_slots_ab_hist_rel_v2
50714,-1,24,lab_slots_ab_hist_rel_v2
50722,18,24,lab_slots_ab_hist_rel_v2
50726,15,24,lab_slots_ab_hist_rel_v2
50735,-1,24,lab_slots_ab_hist_rel_v2
50737,9,24,lab_slots_ab_hist_rel_v2
50738,6,24,lab_slots_ab_hist_rel_v2
50739,-1,24,lab_slots_ab_hist_rel_v2
50740,20,24,lab_slots_ab_hist_rel_v2
50741,4,24,lab_slots_ab_hist_rel_v2
50742,21,24,lab_slots_ab_hist_rel_v2
50743,5,24,lab_slots_ab_hist_rel_v2
50747,-1,24,lab_slots_ab_hist_rel_v2
50748,-1,24,lab_slots_ab_hist_rel_v2
50749,-1,24,lab_slots_ab_hist_rel_v2
50765,-1,24,lab_slots_ab_hist_rel_v2
50770,-1,24,lab_slots_ab_hist_rel_v2
50773,6,24,lab_slots_ab_hist_rel_v2
50777,-1,24,lab_slots_ab_hist_rel_v2
50783,18,24,lab_slots_ab_hist_rel_v2
50813,15,24,lab_slots_ab_hist_rel_v2
50815,6,24,lab_slots_ab_hist_rel_v2
50816,18,24,lab_slots_ab_hist_rel_v2
50817,-1,24,lab_slots_ab_hist_rel_v2
50819,-1,24,lab_slots_ab_hist_rel_v2
50820,-1,24,lab_slots_ab_hist_rel_v2
50824,22,24,lab_slots_ab_hist_rel_v2
50830,1,24,lab_slots_ab_hist_rel_v2
50834,1,24,lab_slots_ab_hist_rel_v2
50837,-1,24,lab_slots_ab_hist_rel_v2
50839,6,24,lab_slots_ab_hist_rel_v2
50840,22,24,lab_slots_ab_hist_rel_v2
50841,-1,24,lab_slots_ab_hist_rel_v2
50842,22,24,lab_slots_ab_hist_rel_v2
50844,22,24,lab_slots_ab_hist_rel_v2
50846,-1,24,lab_slots_ab_hist_rel_v2
50848,6,24,lab_slots_ab_hist_rel_v2
50880,6,24,lab_slots_ab_hist_rel_v2
50881,4,24,lab_slots_ab_hist_rel_v2
50883,4,24,lab_slots_ab_hist_rel_v2
50884,4,24,lab_slots_ab_hist_rel_v2
50885,-1,24,lab_slots_ab_hist_rel_v2
50886,-1,24,lab_slots_ab_hist_rel_v2
50891,8,24,lab_slots_ab_hist_rel_v2
50906,8,24,lab_slots_ab_hist_rel_v2
50907,-1,24,lab_slots_ab_hist_rel_v2
50908,-1,24,lab_slots_ab_hist_rel_v2
50919,13,24,lab_slots_ab_hist_rel_v2
50921,22,24,lab_slots_ab_hist_rel_v2
50935,8,24,lab_slots_ab_hist_rel_v2
50938,10,24,lab_slots_ab_hist_rel_v2
50942,13,24,lab_slots_ab_hist_rel_v2
50943,8,24,lab_slots_ab_hist_rel_v2
50944,-1,24,lab_slots_ab_hist_rel_v2
50948,-1,24,lab_slots_ab_hist_rel_v2
50950,8,24,lab_slots_ab_hist_rel_v2
50952,-1,24,lab_slots_ab_hist_rel_v2
50960,10,24,lab_slots_ab_hist_rel_v2
50963,10,24,lab_slots_ab_hist_rel_v2
50971,18,24,lab_slots_ab_hist_rel_v2
50973,21,24,lab_slots_ab_hist_rel_v2
50975,15,24,lab_slots_ab_hist_rel_v2
50981,-1,24,lab_slots_ab_hist_rel_v2
50998,-1,24,lab_slots_ab_hist_rel_v2
50999,-1,24,lab_slots_ab_hist_rel_v2
51000,-1,24,lab_slots_ab_hist_rel_v2
51001,-1,24,lab_slots_ab_hist_rel_v2
51002,15,24,lab_slots_ab_hist_rel_v2
51003,15,24,lab_slots_ab_hist_rel_v2
51005,-1,24,lab_slots_ab_hist_rel_v2
51007,-1,24,lab_slots_ab_hist_rel_v2
51008,22,24,lab_slots_ab_hist_rel_v2
51009,-1,24,lab_slots_ab_hist_rel_v2
51010,13,24,lab_slots_ab_hist_rel_v2
51011,-1,24,lab_slots_ab_hist_rel_v2
51012,-1,24,lab_slots_ab_hist_rel_v2
51013,-1,24,lab_slots_ab_hist_rel_v2
51014,-1,24,lab_slots_ab_hist_rel_v2
51015,-1,24,lab_slots_ab_hist_rel_v2
51017,-1,24,lab_slots_ab_hist_rel_v2
51018,-1,24,lab_slots_ab_hist_rel_v2
51019,-1,24,lab_slots_ab_hist_rel_v2
51020,1,24,lab_slots_ab_hist_rel_v2
51021,-1,24,lab_slots_ab_hist_rel_v2
51023,-1,24,lab_slots_ab_hist_rel_v2
51024,-1,24,lab_slots_ab_hist_rel_v2
51025,-1,24,lab_slots_ab_hist_rel_v2
51026,-1,24,lab_slots_ab_hist_rel_v2
51027,-1,24,lab_slots_ab_hist_rel_v2
51032,-1,24,lab_slots_ab_hist_rel_v2
51041,6,24,lab_slots_ab_hist_rel_v2
51044,-1,24,lab_slots_ab_hist_rel_v2
51045,6,24,lab_slots_ab_hist_rel_v2
51049,1,24,lab_slots_ab_hist_rel_v2
51050,22,24,lab_slots_ab_hist_rel_v2
51056,6,24,lab_slots_ab_hist_rel_v2
51063,1,24,lab_slots_ab_hist_rel_v2
51064,-1,24,lab_slots_ab_hist_rel_v2
51066,-1,24,lab_slots_ab_hist_rel_v2
51067,9,24,lab_slots_ab_hist_rel_v2
51080,-1,24,lab_slots_ab_hist_rel_v2
51106,18,24,lab_slots_ab_hist_rel_v2
51124,1,24,lab_slots_ab_hist_rel_v2
51130,1,24,lab_slots_ab_hist_rel_v2
51133,-1,24,lab_slots_ab_hist_rel_v2
51134,18,24,lab_slots_ab_hist_rel_v2
51138,-1,24,lab_slots_ab_hist_rel_v2
51142,15,24,lab_slots_ab_hist_rel_v2
51160,-1,24,lab_slots_ab_hist_rel_v2
51161,5,24,lab_slots_ab_hist_rel_v2
51168,4,24,lab_slots_ab_hist_rel_v2
51173,-1,24,lab_slots_ab_hist_rel_v2
51179,18,24,lab_slots_ab_hist_rel_v2
51183,-1,24,lab_slots_ab_hist_rel_v2
51187,-1,24,lab_slots_ab_hist_rel_v2
51192,9,24,lab_slots_ab_hist_rel_v2
51206,-1,24,lab_slots_ab_hist_rel_v2
51210,4,24,lab_slots_ab_hist_rel_v2
51213,-1,24,lab_slots_ab_hist_rel_v2
51217,22,24,lab_slots_ab_hist_rel_v2
51218,13,24,lab_slots_ab_hist_rel_v2
51222,5,24,lab_slots_ab_hist_rel_v2
51223,-1,24,lab_slots_ab_hist_rel_v2
51224,-1,24,lab_slots_ab_hist_rel_v2
51232,-1,24,lab_slots_ab_hist_rel_v2
51245,-1,24,lab_slots_ab_hist_rel_v2
51247,8,24,lab_slots_ab_hist_rel_v2
51359,6,24,lab_slots_ab_hist_rel_v2
51946,1,24,lab_slots_ab_hist_rel_v2
52014,-1,24,lab_slots_ab_hist_rel_v2
52017,-1,24,lab_slots_ab_hist_rel_v2
52018,-1,24,lab_slots_ab_hist_rel_v2
52019,-1,24,lab_slots_ab_hist_rel_v2
52020,-1,24,lab_slots_ab_hist_rel_v2
52021,-1,24,lab_slots_ab_hist_rel_v2
52022,-1,24,lab_slots_ab_hist_rel_v2
52023,1,24,lab_slots_ab_hist_rel_v2
52024,10,24,lab_slots_ab_hist_rel_v2
52026,-1,24,lab_slots_ab_hist_rel_v2
52029,-1,24,lab_slots_ab_hist_rel_v2
52033,-1,24,lab_slots_ab_hist_rel_v2
52034,-1,24,lab_slots_ab_hist_rel_v2
52036,21,24,lab_slots_ab_hist_rel_v2
52038,-1,24,lab_slots_ab_hist_rel_v2
52039,-1,24,lab_slots_ab_hist_rel_v2
52040,-1,24,lab_slots_ab_hist_rel_v2
52041,22,24,lab_slots_ab_hist_rel_v2
52043,-1,24,lab_slots_ab_hist_rel_v2
52044,9,24,lab_slots_ab_hist_rel_v2
52046,-1,24,lab_slots_ab_hist_rel_v2
52047,-1,24,lab_slots_ab_hist_rel_v2
52049,20,24,lab_slots_ab_hist_rel_v2
52050,-1,24,lab_slots_ab_hist_rel_v2
52052,-1,24,lab_slots_ab_hist_rel_v2
52053,-1,24,lab_slots_ab_hist_rel_v2
52054,-1,24,lab_slots_ab_hist_rel_v2
52055,-1,24,lab_slots_ab_hist_rel_v2
52056,5,24,lab_slots_ab_hist_rel_v2
52057,-1,24,lab_slots_ab_hist_rel_v2
52058,-1,24,lab_slots_ab_hist_rel_v2
52059,-1,24,lab_slots_ab_hist_rel_v2
52060,-1,24,lab_slots_ab_hist_rel_v2
52061,-1,24,lab_slots_ab_hist_rel_v2
52063,-1,24,lab_slots_ab_hist_rel_v2
52064,22,24,lab_slots_ab_hist_rel_v2
52065,6,24,lab_slots_ab_hist_rel_v2
52066,-1,24,lab_slots_ab_hist_rel_v2
52067,-1,24,lab_slots_ab_hist_rel_v2
52069,-1,24,lab_slots_ab_hist_rel_v2
52075,1,24,lab_slots_ab_hist_rel_v2
52076,-1,24,lab_slots_ab_hist_rel_v2
52081,1,24,lab_slots_ab_hist_rel_v2
52085,1,24,lab_slots_ab_hist_rel_v2
52089,9,24,lab_slots_ab_hist_rel_v2
52208,0,24,lab_slots_ab_hist_rel_v2
52214,-1,24,lab_slots_ab_hist_rel_v2
52215,10,24,lab_slots_ab_hist_rel_v2
52216,10,24,lab_slots_ab_hist_rel_v2
52217,22,24,lab_slots_ab_hist_rel_v2
52218,8,24,lab_slots_ab_hist_rel_v2
52219,22,24,lab_slots_ab_hist_rel_v2
52220,22,24,lab_slots_ab_hist_rel_v2
52222,-1,24,lab_slots_ab_hist_rel_v2
52224,-1,24,lab_slots_ab_hist_rel_v2
52252,22,24,lab_slots_ab_hist_rel_v2
52259,-1,24,lab_slots_ab_hist_rel_v2
52260,22,24,lab_slots_ab_hist_rel_v2
52261,8,24,lab_slots_ab_hist_rel_v2
52298,-1,24,lab_slots_ab_hist_rel_v2
52300,1,24,lab_slots_ab_hist_rel_v2
52304,1,24,lab_slots_ab_hist_rel_v2
52305,1,24,lab_slots_ab_hist_rel_v2
52377,-1,24,lab_slots_ab_hist_rel_v2
52383,-1,24,lab_slots_ab_hist_rel_v2
52390,-1,24,lab_slots_ab_hist_rel_v2
52391,-1,24,lab_slots_ab_hist_rel_v2
52397,-1,24,lab_slots_ab_hist_rel_v2
52398,-1,24,lab_slots_ab_hist_rel_v2
52399,18,24,lab_slots_ab_hist_rel_v2
52400,-1,24,lab_slots_ab_hist_rel_v2
52401,-1,24,lab_slots_ab_hist_rel_v2
52436,-1,24,lab_slots_ab_hist_rel_v2
52442,8,24,lab_slots_ab_hist_rel_v2
52461,-1,24,lab_slots_ab_hist_rel_v2
52470,1,24,lab_slots_ab_hist_rel_v2
52479,-1,24,lab_slots_ab_hist_rel_v2
52491,-1,24,lab_slots_ab_hist_rel_v2
52492,13,24,lab_slots_ab_hist_rel_v2
52506,-1,24,lab_slots_ab_hist_rel_v2
52513,11,24,lab_slots_ab_hist_rel_v2
52514,1,24,lab_slots_ab_hist_rel_v2
52517,-1,24,lab_slots_ab_hist_rel_v2
52518,-1,24,lab_slots_ab_hist_rel_v2
52524,-1,24,lab_slots_ab_hist_rel_v2
52546,-1,24,lab_slots_ab_hist_rel_v2
52547,-1,24,lab_slots_ab_hist_rel_v2
52562,18,24,lab_slots_ab_hist_rel_v2
52563,-1,24,lab_slots_ab_hist_rel_v2
52568,-1,24,lab_slots_ab_hist_rel_v2
52569,-1,24,lab_slots_ab_hist_rel_v2
52605,8,24,lab_slots_ab_hist_rel_v2
52609,-1,24,lab_slots_ab_hist_rel_v2
52610,18,24,lab_slots_ab_hist_rel_v2
52611,6,24,lab_slots_ab_hist_rel_v2
52624,0,24,lab_slots_ab_hist_rel_v2
52626,-1,24,lab_slots_ab_hist_rel_v2
52638,0,24,lab_slots_ab_hist_rel_v2
52639,9,24,lab_slots_ab_hist_rel_v2
52656,6,24,lab_slots_ab_hist_rel_v2
52658,-1,24,lab_slots_ab_hist_rel_v2
52659,22,24,lab_slots_ab_hist_rel_v2
52662,-1,24,lab_slots_ab_hist_rel_v2
52679,6,24,lab_slots_ab_hist_rel_v2
52681,6,24,lab_slots_ab_hist_rel_v2
52682,9,24,lab_slots_ab_hist_rel_v2
52685,-1,24,lab_slots_ab_hist_rel_v2
52709,22,24,lab_slots_ab_hist_rel_v2
52711,5,24,lab_slots_ab_hist_rel_v2
52712,22,24,lab_slots_ab_hist_rel_v2
52719,-1,24,lab_slots_ab_hist_rel_v2
52720,0,24,lab_slots_ab_hist_rel_v2
52732,8,24,lab_slots_ab_hist_rel_v2
52735,-1,24,lab_slots_ab_hist_rel_v2
52736,-1,24,lab_slots_ab_hist_rel_v2
52739,6,24,lab_slots_ab_hist_rel_v2
52753,6,24,lab_slots_ab_hist_rel_v2
52755,-1,24,lab_slots_ab_hist_rel_v2
52765,22,24,lab_slots_ab_hist_rel_v2
52767,-1,24,lab_slots_ab_hist_rel_v2
52777,13,24,lab_slots_ab_hist_rel_v2
52778,13,24,lab_slots_ab_hist_rel_v2
52780,0,24,lab_slots_ab_hist_rel_v2
52794,6,24,lab_slots_ab_hist_rel_v2
52797,-1,24,lab_slots_ab_hist_rel_v2
52798,8,24,lab_slots_ab_hist_rel_v2
52801,-1,24,lab_slots_ab_hist_rel_v2
52802,-1,24,lab_slots_ab_hist_rel_v2
52803,-1,24,lab_slots_ab_hist_rel_v2
52804,13,24,lab_slots_ab_hist_rel_v2
52806,1,24,lab_slots_ab_hist_rel_v2
52807,0,24,lab_slots_ab_hist_rel_v2
52808,-1,24,lab_slots_ab_hist_rel_v2
52809,-1,24,lab_slots_ab_hist_rel_v2
52810,-1,24,lab_slots_ab_hist_rel_v2
52811,-1,24,lab_slots_ab_hist_rel_v2
52812,7,24,lab_slots_ab_hist_rel_v2
52813,-1,24,lab_slots_ab_hist_rel_v2
52834,-1,24,lab_slots_ab_hist_rel_v2
52906,6,24,lab_slots_ab_hist_rel_v2
52907,15,24,lab_slots_ab_hist_rel_v2
52908,15,24,lab_slots_ab_hist_rel_v2
52914,-1,24,lab_slots_ab_hist_rel_v2
52916,6,24,lab_slots_ab_hist_rel_v2
52921,20,24,lab_slots_ab_hist_rel_v2
52922,-1,24,lab_slots_ab_hist_rel_v2
52923,-1,24,lab_slots_ab_hist_rel_v2
52930,-1,24,lab_slots_ab_hist_rel_v2
52932,-1,24,lab_slots_ab_hist_rel_v2
52933,-1,24,lab_slots_ab_hist_rel_v2
52936,22,24,lab_slots_ab_hist_rel_v2
52939,-1,24,lab_slots_ab_hist_rel_v2
52941,-1,24,lab_slots_ab_hist_rel_v2
52942,6,24,lab_slots_ab_hist_rel_v2
52943,6,24,lab_slots_ab_hist_rel_v2
52945,22,24,lab_slots_ab_hist_rel_v2
52960,17,24,lab_slots_ab_hist_rel_v2
52971,6,24,lab_slots_ab_hist_rel_v2
52972,-1,24,lab_slots_ab_hist_rel_v2
52975,-1,24,lab_slots_ab_hist_rel_v2
52976,22,24,lab_slots_ab_hist_rel_v2
52978,1,24,lab_slots_ab_hist_rel_v2
52979,0,24,lab_slots_ab_hist_rel_v2
52983,-1,24,lab_slots_ab_hist_rel_v2
52984,1,24,lab_slots_ab_hist_rel_v2
53006,22,24,lab_slots_ab_hist_rel_v2
53157,1,24,lab_slots_ab_hist_rel_v2
53203,18,24,lab_slots_ab_hist_rel_v2
53419,18,24,lab_slots_ab_hist_rel_v2
53468,-1,24,lab_slots_ab_hist_rel_v2
53613,18,24,lab_slots_ab_hist_rel_v2
53618,-1,24,lab_slots_ab_hist_rel_v2
53627,-1,24,lab_slots_ab_hist_rel_v2
53628,7,24,lab_slots_ab_hist_rel_v2
53663,-1,24,lab_slots_ab_hist_rel_v2
53765,13,24,lab_slots_ab_hist_rel_v2
53767,-1,24,lab_slots_ab_hist_rel_v2
53773,22,24,lab_slots_ab_hist_rel_v2
53774,22,24,lab_slots_ab_hist_rel_v2
53775,-1,24,lab_slots_ab_hist_rel_v2
53777,-1,24,lab_slots_ab_hist_rel_v2
53798,9,24,lab_slots_ab_hist_rel_v2
53825,1,24,lab_slots_ab_hist_rel_v2
53826,-1,24,lab_slots_ab_hist_rel_v2
53828,8,24,lab_slots_ab_hist_rel_v2
53846,0,24,lab_slots_ab_hist_rel_v2
53853,-1,24,lab_slots_ab_hist_rel_v2
53855,-1,24,lab_slots_ab_hist_rel_v2
53856,-1,24,lab_slots_ab_hist_rel_v2
53891,-1,24,lab_slots_ab_hist_rel_v2
53901,-1,24,lab_slots_ab_hist_rel_v2
53930,-1,24,lab_slots_ab_hist_rel_v2
53944,-1,24,lab_slots_ab_hist_rel_v2
53956,7,24,lab_slots_ab_hist_rel_v2
53961,22,24,lab_slots_ab_hist_rel_v2
53964,0,24,lab_slots_ab_hist_rel_v2
54084,1,24,lab_slots_ab_hist_rel_v2
56164,18,24,lab_slots_ab_hist_rel_v2
56587,-1,24,lab_slots_ab_hist_rel_v2
57355,6,24,lab_slots_ab_hist_rel_v2
57356,6,24,lab_slots_ab_hist_rel_v2
57357,6,24,lab_slots_ab_hist_rel_v2
57358,6,24,lab_slots_ab_hist_rel_v2
57359,6,24,lab_slots_ab_hist_rel_v2
57362,6,24,lab_slots_ab_hist_rel_v2
57365,6,24,lab_slots_ab_hist_rel_v2
57366,6,24,lab_slots_ab_hist_rel_v2
57367,6,24,lab_slots_ab_hist_rel_v2
57368,6,24,lab_slots_ab_hist_rel_v2
57369,6,24,lab_slots_ab_hist_rel_v2
57370,1,24,lab_slots_ab_hist_rel_v2
57400,6,24,lab_slots_ab_hist_rel_v2
57403,6,24,lab_slots_ab_hist_rel_v2
57404,1,24,lab_slots_ab_hist_rel_v2
57405,6,24,lab_slots_ab_hist_rel_v2
57406,6,24,lab_slots_ab_hist_rel_v2
57417,6,24,lab_slots_ab_hist_rel_v2
57422,6,24,lab_slots_ab_hist_rel_v2
57425,6,24,lab_slots_ab_hist_rel_v2
57434,6,24,lab_slots_ab_hist_rel_v2
57435,6,24,lab_slots_ab_hist_rel_v2
57436,6,24,lab_slots_ab_hist_rel_v2
57438,10,24,lab_slots_ab_hist_rel_v2
57441,6,24,lab_slots_ab_hist_rel_v2
57488,6,24,lab_slots_ab_hist_rel_v2
57489,6,24,lab_slots_ab_hist_rel_v2
57492,6,24,lab_slots_ab_hist_rel_v2
57502,6,24,lab_slots_ab_hist_rel_v2
57515,10,24,lab_slots_ab_hist_rel_v2
57517,22,24,lab_slots_ab_hist_rel_v2
57520,6,24,lab_slots_ab_hist_rel_v2
57522,10,24,lab_slots_ab_hist_rel_v2
61634,6,24,lab_slots_ab_hist_rel_v2
62527,-1,24,lab_slots_ab_hist_rel_v2
62528,22,24,lab_slots_ab_hist_rel_v2
62529,-1,24,lab_slots_ab_hist_rel_v2
62530,-1,24,lab_slots_ab_hist_rel_v2
62533,-1,24,lab_slots_ab_hist_rel_v2
62541,-1,24,lab_slots_ab_hist_rel_v2
62545,0,24,lab_slots_ab_hist_rel_v2
62546,9,24,lab_slots_ab_hist_rel_v2
62547,0,24,lab_slots_ab_hist_rel_v2
62549,6,24,lab_slots_ab_hist_rel_v2
62550,9,24,lab_slots_ab_hist_rel_v2
62551,18,24,lab_slots_ab_hist_rel_v2
62552,0,24,lab_slots_ab_hist_rel_v2
62553,9,24,lab_slots_ab_hist_rel_v2
62555,9,24,lab_slots_ab_hist_rel_v2
62556,9,24,lab_slots_ab_hist_rel_v2
62557,9,24,lab_slots_ab_hist_rel_v2
62558,9,24,lab_slots_ab_hist_rel_v2
62559,13,24,lab_slots_ab_hist_rel_v2
62563,5,24,lab_slots_ab_hist_rel_v2
62571,0,24,lab_slots_ab_hist_rel_v2
62573,-1,24,lab_slots_ab_hist_rel_v2
62587,-1,24,lab_slots_ab_hist_rel_v2
62588,9,24,lab_slots_ab_hist_rel_v2
62589,-1,24,lab_slots_ab_hist_rel_v2
62590,6,24,lab_slots_ab_hist_rel_v2
62591,18,24,lab_slots_ab_hist_rel_v2
62595,-1,24,lab_slots_ab_hist_rel_v2
62597,-1,24,lab_slots_ab_hist_rel_v2
62598,9,24,lab_slots_ab_hist_rel_v2
62601,-1,24,lab_slots_ab_hist_rel_v2
62602,9,24,lab_slots_ab_hist_rel_v2
62606,18,24,lab_slots_ab_hist_rel_v2
62609,-1,24,lab_slots_ab_hist_rel_v2
62611,-1,24,lab_slots_ab_hist_rel_v2
62613,-1,24,lab_slots_ab_hist_rel_v2
62614,-1,24,lab_slots_ab_hist_rel_v2
62615,-1,24,lab_slots_ab_hist_rel_v2
62616,9,24,lab_slots_ab_hist_rel_v2
62626,-1,24,lab_slots_ab_hist_rel_v2
62627,-1,24,lab_slots_ab_hist_rel_v2
62630,-1,24,lab_slots_ab_hist_rel_v2
62633,9,24,lab_slots_ab_hist_rel_v2
62634,-1,24,lab_slots_ab_hist_rel_v2
62635,-1,24,lab_slots_ab_hist_rel_v2
62636,9,24,lab_slots_ab_hist_rel_v2
62638,-1,24,lab_slots_ab_hist_rel_v2
62640,-1,24,lab_slots_ab_hist_rel_v2
62642,-1,24,lab_slots_ab_hist_rel_v2
62656,-1,24,lab_slots_ab_hist_rel_v2
62658,18,24,lab_slots_ab_hist_rel_v2
62666,-1,24,lab_slots_ab_hist_rel_v2
62668,-1,24,lab_slots_ab_hist_rel_v2
62677,-1,24,lab_slots_ab_hist_rel_v2
62681,-1,24,lab_slots_ab_hist_rel_v2
62684,-1,24,lab_slots_ab_hist_rel_v2
62686,-1,24,lab_slots_ab_hist_rel_v2
62690,1,24,lab_slots_ab_hist_rel_v2
62692,9,24,lab_slots_ab_hist_rel_v2
62694,-1,24,lab_slots_ab_hist_rel_v2
62697,10,24,lab_slots_ab_hist_rel_v2
62701,9,24,lab_slots_ab_hist_rel_v2
62702,-1,24,lab_slots_ab_hist_rel_v2
62703,1,24,lab_slots_ab_hist_rel_v2
62704,-1,24,lab_slots_ab_hist_rel_v2
62706,-1,24,lab_slots_ab_hist_rel_v2
62707,9,24,lab_slots_ab_hist_rel_v2
62708,-1,24,lab_slots_ab_hist_rel_v2
62710,0,24,lab_slots_ab_hist_rel_v2
62711,9,24,lab_slots_ab_hist_rel_v2
62712,-1,24,lab_slots_ab_hist_rel_v2
62713,-1,24,lab_slots_ab_hist_rel_v2
62714,9,24,lab_slots_ab_hist_rel_v2
62715,-1,24,lab_slots_ab_hist_rel_v2
62717,-1,24,lab_slots_ab_hist_rel_v2
62721,1,24,lab_slots_ab_hist_rel_v2
62722,22,24,lab_slots_ab_hist_rel_v2
62724,-1,24,lab_slots_ab_hist_rel_v2
62754,0,24,lab_slots_ab_hist_rel_v2
62757,9,24,lab_slots_ab_hist_rel_v2
62759,-1,24,lab_slots_ab_hist_rel_v2
62760,9,24,lab_slots_ab_hist_rel_v2
62761,-1,24,lab_slots_ab_hist_rel_v2
62762,0,24,lab_slots_ab_hist_rel_v2
62763,-1,24,lab_slots_ab_hist_rel_v2
62764,9,24,lab_slots_ab_hist_rel_v2
62765,-1,24,lab_slots_ab_hist_rel_v2
62768,9,24,lab_slots_ab_hist_rel_v2
62769,-1,24,lab_slots_ab_hist_rel_v2
62770,-1,24,lab_slots_ab_hist_rel_v2
62771,9,24,lab_slots_ab_hist_rel_v2
62772,0,24,lab_slots_ab_hist_rel_v2
62792,-1,24,lab_slots_ab_hist_rel_v2
62863,8,24,lab_slots_ab_hist_rel_v2
62867,-1,24,lab_slots_ab_hist_rel_v2
62871,22,24,lab_slots_ab_hist_rel_v2
62877,-1,24,lab_slots_ab_hist_rel_v2
62905,0,24,lab_slots_ab_hist_rel_v2
62909,-1,24,lab_slots_ab_hist_rel_v2
62910,-1,24,lab_slots_ab_hist_rel_v2
62916,-1,24,lab_slots_ab_hist_rel_v2
62917,-1,24,lab_slots_ab_hist_rel_v2
62922,8,24,lab_slots_ab_hist_rel_v2
62937,-1,24,lab_slots_ab_hist_rel_v2
62942,-1,24,lab_slots_ab_hist_rel_v2
62943,-1,24,lab_slots_ab_hist_rel_v2
62995,-1,24,lab_slots_ab_hist_rel_v2
62998,-1,24,lab_slots_ab_hist_rel_v2
63007,-1,24,lab_slots_ab_hist_rel_v2
63020,-1,24,lab_slots_ab_hist_rel_v2
63035,-1,24,lab_slots_ab_hist_rel_v2
63047,1,24,lab_slots_ab_hist_rel_v2
63048,-1,24,lab_slots_ab_hist_rel_v2
63049,-1,24,lab_slots_ab_hist_rel_v2
63054,-1,24,lab_slots_ab_hist_rel_v2
63057,7,24,lab_slots_ab_hist_rel_v2
63061,-1,24,lab_slots_ab_hist_rel_v2
63065,-1,24,lab_slots_ab_hist_rel_v2
63069,-1,24,lab_slots_ab_hist_rel_v2
63070,0,24,lab_slots_ab_hist_rel_v2
63071,-1,24,lab_slots_ab_hist_rel_v2
63081,1,24,lab_slots_ab_hist_rel_v2
63082,-1,24,lab_slots_ab_hist_rel_v2
63083,-1,24,lab_slots_ab_hist_rel_v2
63084,-1,24,lab_slots_ab_hist_rel_v2
63085,-1,24,lab_slots_ab_hist_rel_v2
63087,22,24,lab_slots_ab_hist_rel_v2
63088,-1,24,lab_slots_ab_hist_rel_v2
63090,0,24,lab_slots_ab_hist_rel_v2
63093,-1,24,lab_slots_ab_hist_rel_v2
63094,1,24,lab_slots_ab_hist_rel_v2
63096,0,24,lab_slots_ab_hist_rel_v2
63097,18,24,lab_slots_ab_hist_rel_v2
63099,-1,24,lab_slots_ab_hist_rel_v2
63100,5,24,lab_slots_ab_hist_rel_v2
63101,-1,24,lab_slots_ab_hist_rel_v2
63102,1,24,lab_slots_ab_hist_rel_v2
63103,6,24,lab_slots_ab_hist_rel_v2
63108,-1,24,lab_slots_ab_hist_rel_v2
63109,5,24,lab_slots_ab_hist_rel_v2
63119,0,24,lab_slots_ab_hist_rel_v2
63120,-1,24,lab_slots_ab_hist_rel_v2
63122,-1,24,lab_slots_ab_hist_rel_v2
63123,-1,24,lab_slots_ab_hist_rel_v2
63124,-1,24,lab_slots_ab_hist_rel_v2
63125,0,24,lab_slots_ab_hist_rel_v2
63126,-1,24,lab_slots_ab_hist_rel_v2
63127,18,24,lab_slots_ab_hist_rel_v2
63128,0,24,lab_slots_ab_hist_rel_v2
63129,-1,24,lab_slots_ab_hist_rel_v2
63131,-1,24,lab_slots_ab_hist_rel_v2
63132,-1,24,lab_slots_ab_hist_rel_v2
63133,0,24,lab_slots_ab_hist_rel_v2
63134,-1,24,lab_slots_ab_hist_rel_v2
63135,6,24,lab_slots_ab_hist_rel_v2
63136,-1,24,lab_slots_ab_hist_rel_v2
63137,-1,24,lab_slots_ab_hist_rel_v2
63138,-1,24,lab_slots_ab_hist_rel_v2
63140,-1,24,lab_slots_ab_hist_rel_v2
63141,6,24,lab_slots_ab_hist_rel_v2
63142,-1,24,lab_slots_ab_hist_rel_v2
63189,1,24,lab_slots_ab_hist_rel_v2
63313,0,24,lab_slots_ab_hist_rel_v2
63328,-1,24,lab_slots_ab_hist_rel_v2
63329,-1,24,lab_slots_ab_hist_rel_v2
63526,-1,24,lab_slots_ab_hist_rel_v2
63531,-1,24,lab_slots_ab_hist_rel_v2
63539,0,24,lab_slots_ab_hist_rel_v2
63545,5,24,lab_slots_ab_hist_rel_v2
63548,0,24,lab_slots_ab_hist_rel_v2
63550,-1,24,lab_slots_ab_hist_rel_v2
63565,22,24,lab_slots_ab_hist_rel_v2
63695,-1,24,lab_slots_ab_hist_rel_v2
63941,-1,24,lab_slots_ab_hist_rel_v2
63942,6,24,lab_slots_ab_hist_rel_v2
64119,18,24,lab_slots_ab_hist_rel_v2
64921,18,24,lab_slots_ab_hist_rel_v2
65596,9,24,lab_slots_ab_hist_rel_v2
72312,0,24,lab_slots_ab_hist_rel_v2
72324,6,24,lab_slots_ab_hist_rel_v2
72420,8,24,lab_slots_ab_hist_rel_v2
72737,22,24,lab_slots_ab_hist_rel_v2
72738,10,24,lab_slots_ab_hist_rel_v2
73216,1,24,lab_slots_ab_hist_rel_v2
73217,1,24,lab_slots_ab_hist_rel_v2
73366,0,24,lab_slots_ab_hist_rel_v2
73635,21,24,lab_slots_ab_hist_rel_v2
73676,6,24,lab_slots_ab_hist_rel_v2
73810,18,24,lab_slots_ab_hist_rel_v2
74243,22,24,lab_slots_ab_hist_rel_v2
75831,8,24,lab_slots_ab_hist_rel_v2
75915,18,24,lab_slots_ab_hist_rel_v2
75938,8,24,lab_slots_ab_hist_rel_v2
76114,22,24,lab_slots_ab_hist_rel_v2
76452,6,24,lab_slots_ab_hist_rel_v2
76733,18,24,lab_slots_ab_hist_rel_v2
78006,22,24,lab_slots_ab_hist_rel_v2
78432,18,24,lab_slots_ab_hist_rel_v2
185900,8,24,lab_slots_ab_hist_rel_v2
185901,13,24,lab_slots_ab_hist_rel_v2
185902,8,24,lab_slots_ab_hist_rel_v2
185914,-1,24,lab_slots_ab_hist_rel_v2
186684,18,24,lab_slots_ab_hist_rel_v2
186687,6,24,lab_slots_ab_hist_rel_v2
187660,-1,24,lab_slots_ab_hist_rel_v2
187701,13,24,lab_slots_ab_hist_rel_v2
187702,1,24,lab_slots_ab_hist_rel_v2
187733,18,24,lab_slots_ab_hist_rel_v2
187750,-1,24,lab_slots_ab_hist_rel_v2
187791,2,24,lab_slots_ab_hist_rel_v2
187794,22,24,lab_slots_ab_hist_rel_v2
187801,-1,24,lab_slots_ab_hist_rel_v2
187805,-1,24,lab_slots_ab_hist_rel_v2
187828,-1,24,lab_slots_ab_hist_rel_v2
187829,-1,24,lab_slots_ab_hist_rel_v2
187854,-1,24,lab_slots_ab_hist_rel_v2
187863,5,24,lab_slots_ab_hist_rel_v2
187871,13,24,lab_slots_ab_hist_rel_v2
188533,22,24,lab_slots_ab_hist_rel_v2
188534,22,24,lab_slots_ab_hist_rel_v2
188535,8,24,lab_slots_ab_hist_rel_v2
188536,18,24,lab_slots_ab_hist_rel_v2
188537,22,24,lab_slots_ab_hist_rel_v2
188538,1,24,lab_slots_ab_hist_rel_v2
188539,18,24,lab_slots_ab_hist_rel_v2
188541,18,24,lab_slots_ab_hist_rel_v2
188556,-1,24,lab_slots_ab_hist_rel_v2
188563,-1,24,lab_slots_ab_hist_rel_v2
188633,-1,24,lab_slots_ab_hist_rel_v2
188645,-1,24,lab_slots_ab_hist_rel_v2
188753,1,24,lab_slots_ab_hist_rel_v2
188765,22,24,lab_slots_ab_hist_rel_v2
188777,1,24,lab_slots_ab_hist_rel_v2
188900,18,24,lab_slots_ab_hist_rel_v2
188908,1,24,lab_slots_ab_hist_rel_v2
188972,1,24,lab_slots_ab_hist_rel_v2
188974,1,24,lab_slots_ab_hist_rel_v2
188976,-1,24,lab_slots_ab_hist_rel_v2
188993,-1,24,lab_slots_ab_hist_rel_v2
188994,-1,24,lab_slots_ab_hist_rel_v2
188998,-1,24,lab_slots_ab_hist_rel_v2
190474,5,24,lab_slots_ab_hist_rel_v2
190547,-1,24,lab_slots_ab_hist_rel_v2
190600,-1,24,lab_slots_ab_hist_rel_v2
190647,0,24,lab_slots_ab_hist_rel_v2
190648,1,24,lab_slots_ab_hist_rel_v2
190649,1,24,lab_slots_ab_hist_rel_v2
190657,22,24,lab_slots_ab_hist_rel_v2
190732,-1,24,lab_slots_ab_hist_rel_v2
190797,-1,24,lab_slots_ab_hist_rel_v2
191142,-1,24,lab_slots_ab_hist_rel_v2
191206,0,24,lab_slots_ab_hist_rel_v2
191213,-1,24,lab_slots_ab_hist_rel_v2
191218,6,24,lab_slots_ab_hist_rel_v2
191344,-1,24,lab_slots_ab_hist_rel_v2
191375,6,24,lab_slots_ab_hist_rel_v2
191583,20,24,lab_slots_ab_hist_rel_v2
191593,-1,24,lab_slots_ab_hist_rel_v2
191600,22,24,lab_slots_ab_hist_rel_v2
191636,-1,24,lab_slots_ab_hist_rel_v2
191731,1,24,lab_slots_ab_hist_rel_v2
191733,1,24,lab_slots_ab_hist_rel_v2
191778,22,24,lab_slots_ab_hist_rel_v2
191779,22,24,lab_slots_ab_hist_rel_v2
191780,22,24,lab_slots_ab_hist_rel_v2
192014,7,24,lab_slots_ab_hist_rel_v2
192034,18,24,lab_slots_ab_hist_rel_v2
192308,-1,24,lab_slots_ab_hist_rel_v2
192800,22,24,lab_slots_ab_hist_rel_v2
192801,22,24,lab_slots_ab_hist_rel_v2
192802,1,24,lab_slots_ab_hist_rel_v2
192803,21,24,lab_slots_ab_hist_rel_v2
192810,18,24,lab_slots_ab_hist_rel_v2
192811,18,24,lab_slots_ab_hist_rel_v2
192830,22,24,lab_slots_ab_hist_rel_v2
192831,18,24,lab_slots_ab_hist_rel_v2
192844,20,24,lab_slots_ab_hist_rel_v2
192854,1,24,lab_slots_ab_hist_rel_v2
193020,-1,24,lab_slots_ab_hist_rel_v2
193062,1,24,lab_slots_ab_hist_rel_v2
193063,8,24,lab_slots_ab_hist_rel_v2
193064,1,24,lab_slots_ab_hist_rel_v2
193077,1,24,lab_slots_ab_hist_rel_v2
193084,18,24,lab_slots_ab_hist_rel_v2
193093,7,24,lab_slots_ab_hist_rel_v2
193355,8,24,lab_slots_ab_hist_rel_v2
193449,-1,24,lab_slots_ab_hist_rel_v2
194228,-1,24,lab_slots_ab_hist_rel_v2
194229,-1,24,lab_slots_ab_hist_rel_v2
194230,-1,24,lab_slots_ab_hist_rel_v2
194231,-1,24,lab_slots_ab_hist_rel_v2
194232,-1,24,lab_slots_ab_hist_rel_v2
194233,1,24,lab_slots_ab_hist_rel_v2
194234,-1,24,lab_slots_ab_hist_rel_v2
194235,-1,24,lab_slots_ab_hist_rel_v2
194236,-1,24,lab_slots_ab_hist_rel_v2
194238,-1,24,lab_slots_ab_hist_rel_v2
194239,22,24,lab_slots_ab_hist_rel_v2
194243,1,24,lab_slots_ab_hist_rel_v2
194251,9,24,lab_slots_ab_hist_rel_v2
194256,5,24,lab_slots_ab_hist_rel_v2
194261,-1,24,lab_slots_ab_hist_rel_v2
194262,22,24,lab_slots_ab_hist_rel_v2
194279,8,24,lab_slots_ab_hist_rel_v2
194287,8,24,lab_slots_ab_hist_rel_v2
194288,18,24,lab_slots_ab_hist_rel_v2
194289,4,24,lab_slots_ab_hist_rel_v2
194291,13,24,lab_slots_ab_hist_rel_v2
194292,13,24,lab_slots_ab_hist_rel_v2
194293,22,24,lab_slots_ab_hist_rel_v2
194298,22,24,lab_slots_ab_hist_rel_v2
194301,18,24,lab_slots_ab_hist_rel_v2
194303,22,24,lab_slots_ab_hist_rel_v2
194304,-1,24,lab_slots_ab_hist_rel_v2
194307,-1,24,lab_slots_ab_hist_rel_v2
194380,22,24,lab_slots_ab_hist_rel_v2
194383,-1,24,lab_slots_ab_hist_rel_v2
194390,-1,24,lab_slots_ab_hist_rel_v2
194391,8,24,lab_slots_ab_hist_rel_v2
194392,8,24,lab_slots_ab_hist_rel_v2
194395,8,24,lab_slots_ab_hist_rel_v2
194432,8,24,lab_slots_ab_hist_rel_v2
194433,8,24,lab_slots_ab_hist_rel_v2
194439,1,24,lab_slots_ab_hist_rel_v2
194471,5,24,lab_slots_ab_hist_rel_v2
194472,-1,24,lab_slots_ab_hist_rel_v2
194475,7,24,lab_slots_ab_hist_rel_v2
194479,-1,24,lab_slots_ab_hist_rel_v2
194488,-1,24,lab_slots_ab_hist_rel_v2
194582,-1,24,lab_slots_ab_hist_rel_v2
194583,-1,24,lab_slots_ab_hist_rel_v2
194586,-1,24,lab_slots_ab_hist_rel_v2
194587,-1,24,lab_slots_ab_hist_rel_v2
194588,-1,24,lab_slots_ab_hist_rel_v2
194590,21,24,lab_slots_ab_hist_rel_v2
194591,6,24,lab_slots_ab_hist_rel_v2
194595,22,24,lab_slots_ab_hist_rel_v2
194608,8,24,lab_slots_ab_hist_rel_v2
194624,-1,24,lab_slots_ab_hist_rel_v2
194632,6,24,lab_slots_ab_hist_rel_v2
194636,10,24,lab_slots_ab_hist_rel_v2
194637,1,24,lab_slots_ab_hist_rel_v2
194639,20,24,lab_slots_ab_hist_rel_v2
194644,21,24,lab_slots_ab_hist_rel_v2
194906,-1,24,lab_slots_ab_hist_rel_v2
194960,-1,24,lab_slots_ab_hist_rel_v2
194961,-1,24,lab_slots_ab_hist_rel_v2
194963,9,24,lab_slots_ab_hist_rel_v2
194967,9,24,lab_slots_ab_hist_rel_v2
195013,-1,24,lab_slots_ab_hist_rel_v2
195021,22,24,lab_slots_ab_hist_rel_v2
195041,6,24,lab_slots_ab_hist_rel_v2
195127,-1,24,lab_slots_ab_hist_rel_v2
195208,-1,24,lab_slots_ab_hist_rel_v2
195209,-1,24,lab_slots_ab_hist_rel_v2
195217,-1,24,lab_slots_ab_hist_rel_v2
195272,-1,24,lab_slots_ab_hist_rel_v2
195273,-1,24,lab_slots_ab_hist_rel_v2
195302,-1,24,lab_slots_ab_hist_rel_v2
195307,22,24,lab_slots_ab_hist_rel_v2
195499,-1,24,lab_slots_ab_hist_rel_v2
195500,-1,24,lab_slots_ab_hist_rel_v2
195501,-1,24,lab_slots_ab_hist_rel_v2
195741,22,24,lab_slots_ab_hist_rel_v2
195742,18,24,lab_slots_ab_hist_rel_v2
195766,8,24,lab_slots_ab_hist_rel_v2
195774,22,24,lab_slots_ab_hist_rel_v2
195775,1,24,lab_slots_ab_hist_rel_v2
195780,18,24,lab_slots_ab_hist_rel_v2
196343,-1,24,lab_slots_ab_hist_rel_v2
196344,-1,24,lab_slots_ab_hist_rel_v2
196359,-1,24,lab_slots_ab_hist_rel_v2
196360,-1,24,lab_slots_ab_hist_rel_v2
196361,-1,24,lab_slots_ab_hist_rel_v2
196544,10,24,lab_slots_ab_hist_rel_v2
196553,-1,24,lab_slots_ab_hist_rel_v2
196567,8,24,lab_slots_ab_hist_rel_v2
196568,10,24,lab_slots_ab_hist_rel_v2
196601,-1,24,lab_slots_ab_hist_rel_v2
196741,1,24,lab_slots_ab_hist_rel_v2
197018,6,24,lab_slots_ab_hist_rel_v2
197219,22,24,lab_slots_ab_hist_rel_v2
197220,22,24,lab_slots_ab_hist_rel_v2
197222,18,24,lab_slots_ab_hist_rel_v2
197223,18,24,lab_slots_ab_hist_rel_v2
197224,18,24,lab_slots_ab_hist_rel_v2
197225,18,24,lab_slots_ab_hist_rel_v2
197232,18,24,lab_slots_ab_hist_rel_v2
197233,22,24,lab_slots_ab_hist_rel_v2
197485,0,24,lab_slots_ab_hist_rel_v2
197515,10,24,lab_slots_ab_hist_rel_v2
197532,10,24,lab_slots_ab_hist_rel_v2
197552,-1,24,lab_slots_ab_hist_rel_v2
197558,-1,24,lab_slots_ab_hist_rel_v2
197570,-1,24,lab_slots_ab_hist_rel_v2
197571,-1,24,lab_slots_ab_hist_rel_v2
197572,-1,24,lab_slots_ab_hist_rel_v2
197580,-1,24,lab_slots_ab_hist_rel_v2
197605,-1,24,lab_slots_ab_hist_rel_v2
197612,-1,24,lab_slots_ab_hist_rel_v2
197613,-1,24,lab_slots_ab_hist_rel_v2
197614,10,24,lab_slots_ab_hist_rel_v2
197616,10,24,lab_slots_ab_hist_rel_v2
197819,18,24,lab_slots_ab_hist_rel_v2
197824,9,24,lab_slots_ab_hist_rel_v2
197829,13,24,lab_slots_ab_hist_rel_v2
197993,-1,24,lab_slots_ab_hist_rel_v2
198006,8,24,lab_slots_ab_hist_rel_v2
198321,20,24,lab_slots_ab_hist_rel_v2
198322,-1,24,lab_slots_ab_hist_rel_v2
198409,10,24,lab_slots_ab_hist_rel_v2
198416,10,24,lab_slots_ab_hist_rel_v2
198426,10,24,lab_slots_ab_hist_rel_v2
198432,10,24,lab_slots_ab_hist_rel_v2
198497,18,24,lab_slots_ab_hist_rel_v2
198500,8,24,lab_slots_ab_hist_rel_v2
198507,22,24,lab_slots_ab_hist_rel_v2
198575,8,24,lab_slots_ab_hist_rel_v2
198669,-1,24,lab_slots_ab_hist_rel_v2
198670,1,24,lab_slots_ab_hist_rel_v2
198707,13,24,lab_slots_ab_hist_rel_v2
198777,8,24,lab_slots_ab_hist_rel_v2
198778,8,24,lab_slots_ab_hist_rel_v2
198780,8,24,lab_slots_ab_hist_rel_v2
198781,22,24,lab_slots_ab_hist_rel_v2
198784,22,24,lab_slots_ab_hist_rel_v2
198939,22,24,lab_slots_ab_hist_rel_v2
198940,22,24,lab_slots_ab_hist_rel_v2
198941,22,24,lab_slots_ab_hist_rel_v2
198947,6,24,lab_slots_ab_hist_rel_v2
198963,1,24,lab_slots_ab_hist_rel_v2
198972,18,24,lab_slots_ab_hist_rel_v2
198973,1,24,lab_slots_ab_hist_rel_v2
198974,22,24,lab_slots_ab_hist_rel_v2
199026,8,24,lab_slots_ab_hist_rel_v2
199039,10,24,lab_slots_ab_hist_rel_v2
199051,22,24,lab_slots_ab_hist_rel_v2
199110,-1,24,lab_slots_ab_hist_rel_v2
199111,22,24,lab_slots_ab_hist_rel_v2
199132,-1,24,lab_slots_ab_hist_rel_v2
199134,-1,24,lab_slots_ab_hist_rel_v2
199135,22,24,lab_slots_ab_hist_rel_v2
199181,-1,24,lab_slots_ab_hist_rel_v2
199195,-1,24,lab_slots_ab_hist_rel_v2
199238,-1,24,lab_slots_ab_hist_rel_v2
199261,-1,24,lab_slots_ab_hist_rel_v2
199271,-1,24,lab_slots_ab_hist_rel_v2
199273,22,24,lab_slots_ab_hist_rel_v2
199285,5,24,lab_slots_ab_hist_rel_v2
199320,-1,24,lab_slots_ab_hist_rel_v2
199334,1,24,lab_slots_ab_hist_rel_v2
199335,18,24,lab_slots_ab_hist_rel_v2
199337,22,24,lab_slots_ab_hist_rel_v2
199338,22,24,lab_slots_ab_hist_rel_v2
199343,-1,24,lab_slots_ab_hist_rel_v2
199348,22,24,lab_slots_ab_hist_rel_v2
199372,-1,24,lab_slots_ab_hist_rel_v2
199384,-1,24,lab_slots_ab_hist_rel_v2
199415,18,24,lab_slots_ab_hist_rel_v2
199417,7,24,lab_slots_ab_hist_rel_v2
199461,-1,24,lab_slots_ab_hist_rel_v2
199466,-1,24,lab_slots_ab_hist_rel_v2
199470,-1,24,lab_slots_ab_hist_rel_v2
199515,8,24,lab_slots_ab_hist_rel_v2
199532,0,24,lab_slots_ab_hist_rel_v2
199533,0,24,lab_slots_ab_hist_rel_v2
199534,10,24,lab_slots_ab_hist_rel_v2
199542,-1,24,lab_slots_ab_hist_rel_v2
199559,-1,24,lab_slots_ab_hist_rel_v2
199568,-1,24,lab_slots_ab_hist_rel_v2
199569,-1,24,lab_slots_ab_hist_rel_v2
199570,-1,24,lab_slots_ab_hist_rel_v2
199579,-1,24,lab_slots_ab_hist_rel_v2
199582,-1,24,lab_slots_ab_hist_rel_v2
199601,18,24,lab_slots_ab_hist_rel_v2
199670,-1,24,lab_slots_ab_hist_rel_v2
199719,1,24,lab_slots_ab_hist_rel_v2
199720,22,24,lab_slots_ab_hist_rel_v2
199721,1,24,lab_slots_ab_hist_rel_v2
199722,22,24,lab_slots_ab_hist_rel_v2
199726,22,24,lab_slots_ab_hist_rel_v2
199727,22,24,lab_slots_ab_hist_rel_v2
199730,8,24,lab_slots_ab_hist_rel_v2
199731,8,24,lab_slots_ab_hist_rel_v2
199732,18,24,lab_slots_ab_hist_rel_v2
199733,22,24,lab_slots_ab_hist_rel_v2
199744,22,24,lab_slots_ab_hist_rel_v2
199745,22,24,lab_slots_ab_hist_rel_v2
199751,22,24,lab_slots_ab_hist_rel_v2
199752,22,24,lab_slots_ab_hist_rel_v2
199765,5,24,lab_slots_ab_hist_rel_v2
199775,-1,24,lab_slots_ab_hist_rel_v2
199886,10,24,lab_slots_ab_hist_rel_v2
200622,22,24,lab_slots_ab_hist_rel_v2
200670,-1,24,lab_slots_ab_hist_rel_v2
200726,22,24,lab_slots_ab_hist_rel_v2
200730,10,24,lab_slots_ab_hist_rel_v2
200772,18,24,lab_slots_ab_hist_rel_v2
200823,-1,24,lab_slots_ab_hist_rel_v2
200827,10,24,lab_slots_ab_hist_rel_v2
200839,-1,24,lab_slots_ab_hist_rel_v2
200840,10,24,lab_slots_ab_hist_rel_v2
200841,-1,24,lab_slots_ab_hist_rel_v2
200873,8,24,lab_slots_ab_hist_rel_v2
200875,8,24,lab_slots_ab_hist_rel_v2
200876,6,24,lab_slots_ab_hist_rel_v2
200879,22,24,lab_slots_ab_hist_rel_v2
200880,6,24,lab_slots_ab_hist_rel_v2
200885,22,24,lab_slots_ab_hist_rel_v2
200886,-1,24,lab_slots_ab_hist_rel_v2
200891,10,24,lab_slots_ab_hist_rel_v2
200892,1,24,lab_slots_ab_hist_rel_v2
200894,1,24,lab_slots_ab_hist_rel_v2
200895,-1,24,lab_slots_ab_hist_rel_v2
200911,-1,24,lab_slots_ab_hist_rel_v2
200928,1,24,lab_slots_ab_hist_rel_v2
200962,8,24,lab_slots_ab_hist_rel_v2
201054,-1,24,lab_slots_ab_hist_rel_v2
201289,-1,24,lab_slots_ab_hist_rel_v2
201290,-1,24,lab_slots_ab_hist_rel_v2
201299,-1,24,lab_slots_ab_hist_rel_v2
201408,-1,24,lab_slots_ab_hist_rel_v2
201610,8,24,lab_slots_ab_hist_rel_v2
201695,1,24,lab_slots_ab_hist_rel_v2
201716,-1,24,lab_slots_ab_hist_rel_v2
201732,1,24,lab_slots_ab_hist_rel_v2
201751,-1,24,lab_slots_ab_hist_rel_v2
201752,-1,24,lab_slots_ab_hist_rel_v2
201753,4,24,lab_slots_ab_hist_rel_v2
201756,0,24,lab_slots_ab_hist_rel_v2
201758,7,24,lab_slots_ab_hist_rel_v2
201762,-1,24,lab_slots_ab_hist_rel_v2
201798,6,24,lab_slots_ab_hist_rel_v2
201881,-1,24,lab_slots_ab_hist_rel_v2
202124,8,24,lab_slots_ab_hist_rel_v2
202171,22,24,lab_slots_ab_hist_rel_v2
202178,8,24,lab_slots_ab_hist_rel_v2
202183,18,24,lab_slots_ab_hist_rel_v2
202184,18,24,lab_slots_ab_hist_rel_v2
202191,22,24,lab_slots_ab_hist_rel_v2
202192,18,24,lab_slots_ab_hist_rel_v2
202193,20,24,lab_slots_ab_hist_rel_v2
202205,8,24,lab_slots_ab_hist_rel_v2
202215,8,24,lab_slots_ab_hist_rel_v2
202218,22,24,lab_slots_ab_hist_rel_v2
202243,10,24,lab_slots_ab_hist_rel_v2
202473,-1,24,lab_slots_ab_hist_rel_v2
202581,6,24,lab_slots_ab_hist_rel_v2
202967,-1,24,lab_slots_ab_hist_rel_v2
203192,1,24,lab_slots_ab_hist_rel_v2
203257,1,24,lab_slots_ab_hist_rel_v2
203266,18,24,lab_slots_ab_hist_rel_v2
203276,7,24,lab_slots_ab_hist_rel_v2
203278,0,24,lab_slots_ab_hist_rel_v2
203282,-1,24,lab_slots_ab_hist_rel_v2
203297,1,24,lab_slots_ab_hist_rel_v2
203298,10,24,lab_slots_ab_hist_rel_v2
203299,10,24,lab_slots_ab_hist_rel_v2
203363,1,24,lab_slots_ab_hist_rel_v2
203377,20,24,lab_slots_ab_hist_rel_v2
203378,20,24,lab_slots_ab_hist_rel_v2
203607,22,24,lab_slots_ab_hist_rel_v2
203612,22,24,lab_slots_ab_hist_rel_v2
204026,10,24,lab_slots_ab_hist_rel_v2
204046,10,24,lab_slots_ab_hist_rel_v2
204047,10,24,lab_slots_ab_hist_rel_v2
204058,22,24,lab_slots_ab_hist_rel_v2
204062,22,24,lab_slots_ab_hist_rel_v2
204066,18,24,lab_slots_ab_hist_rel_v2
204070,1,24,lab_slots_ab_hist_rel_v2
204071,10,24,lab_slots_ab_hist_rel_v2
204072,10,24,lab_slots_ab_hist_rel_v2
204075,22,24,lab_slots_ab_hist_rel_v2
204084,10,24,lab_slots_ab_hist_rel_v2
204090,10,24,lab_slots_ab_hist_rel_v2
204098,-1,24,lab_slots_ab_hist_rel_v2
204350,5,24,lab_slots_ab_hist_rel_v2
204351,1,24,lab_slots_ab_hist_rel_v2
204352,1,24,lab_slots_ab_hist_rel_v2
204354,5,24,lab_slots_ab_hist_rel_v2
204355,7,24,lab_slots_ab_hist_rel_v2
204356,5,24,lab_slots_ab_hist_rel_v2
204360,5,24,lab_slots_ab_hist_rel_v2
204363,5,24,lab_slots_ab_hist_rel_v2
204364,5,24,lab_slots_ab_hist_rel_v2
204368,18,24,lab_slots_ab_hist_rel_v2
204370,1,24,lab_slots_ab_hist_rel_v2
204372,15,24,lab_slots_ab_hist_rel_v2
204374,15,24,lab_slots_ab_hist_rel_v2
204377,18,24,lab_slots_ab_hist_rel_v2
204378,5,24,lab_slots_ab_hist_rel_v2
204380,5,24,lab_slots_ab_hist_rel_v2
204382,5,24,lab_slots_ab_hist_rel_v2
204383,5,24,lab_slots_ab_hist_rel_v2
204384,1,24,lab_slots_ab_hist_rel_v2
204385,18,24,lab_slots_ab_hist_rel_v2
204386,15,24,lab_slots_ab_hist_rel_v2
204387,18,24,lab_slots_ab_hist_rel_v2
204390,1,24,lab_slots_ab_hist_rel_v2
204391,5,24,lab_slots_ab_hist_rel_v2
204392,1,24,lab_slots_ab_hist_rel_v2
204396,5,24,lab_slots_ab_hist_rel_v2
204403,5,24,lab_slots_ab_hist_rel_v2
204414,18,24,lab_slots_ab_hist_rel_v2
204415,10,24,lab_slots_ab_hist_rel_v2
204423,1,24,lab_slots_ab_hist_rel_v2
204511,18,24,lab_slots_ab_hist_rel_v2
204512,22,24,lab_slots_ab_hist_rel_v2
204513,22,24,lab_slots_ab_hist_rel_v2
204514,22,24,lab_slots_ab_hist_rel_v2
204515,22,24,lab_slots_ab_hist_rel_v2
204524,1,24,lab_slots_ab_hist_rel_v2
204671,-1,24,lab_slots_ab_hist_rel_v2
204753,0,24,lab_slots_ab_hist_rel_v2
204844,-1,24,lab_slots_ab_hist_rel_v2
205087,8,24,lab_slots_ab_hist_rel_v2
205096,8,24,lab_slots_ab_hist_rel_v2
205100,7,24,lab_slots_ab_hist_rel_v2
205321,20,24,lab_slots_ab_hist_rel_v2
205322,10,24,lab_slots_ab_hist_rel_v2
205323,1,24,lab_slots_ab_hist_rel_v2
205324,10,24,lab_slots_ab_hist_rel_v2
205325,22,24,lab_slots_ab_hist_rel_v2
205326,7,24,lab_slots_ab_hist_rel_v2
205327,1,24,lab_slots_ab_hist_rel_v2
205328,5,24,lab_slots_ab_hist_rel_v2
205330,18,24,lab_slots_ab_hist_rel_v2
205335,1,24,lab_slots_ab_hist_rel_v2
205336,10,24,lab_slots_ab_hist_rel_v2
205378,18,24,lab_slots_ab_hist_rel_v2
205379,18,24,lab_slots_ab_hist_rel_v2
205381,18,24,lab_slots_ab_hist_rel_v2
205382,1,24,lab_slots_ab_hist_rel_v2
205470,9,24,lab_slots_ab_hist_rel_v2
205476,0,24,lab_slots_ab_hist_rel_v2
205826,22,24,lab_slots_ab_hist_rel_v2
205827,8,24,lab_slots_ab_hist_rel_v2
205832,-1,24,lab_slots_ab_hist_rel_v2
205835,-1,24,lab_slots_ab_hist_rel_v2
205845,-1,24,lab_slots_ab_hist_rel_v2
205878,1,24,lab_slots_ab_hist_rel_v2
205919,8,24,lab_slots_ab_hist_rel_v2
205922,4,24,lab_slots_ab_hist_rel_v2
205936,-1,24,lab_slots_ab_hist_rel_v2
205973,-1,24,lab_slots_ab_hist_rel_v2
205979,18,24,lab_slots_ab_hist_rel_v2
206024,6,24,lab_slots_ab_hist_rel_v2
206025,8,24,lab_slots_ab_hist_rel_v2
206073,10,24,lab_slots_ab_hist_rel_v2
206107,8,24,lab_slots_ab_hist_rel_v2
206142,10,24,lab_slots_ab_hist_rel_v2
206318,22,24,lab_slots_ab_hist_rel_v2
206319,22,24,lab_slots_ab_hist_rel_v2
206328,10,24,lab_slots_ab_hist_rel_v2
206385,-1,24,lab_slots_ab_hist_rel_v2
206392,10,24,lab_slots_ab_hist_rel_v2
206393,-1,24,lab_slots_ab_hist_rel_v2
206433,18,24,lab_slots_ab_hist_rel_v2
206454,22,24,lab_slots_ab_hist_rel_v2
206522,-1,24,lab_slots_ab_hist_rel_v2
206629,-1,24,lab_slots_ab_hist_rel_v2
206654,-1,24,lab_slots_ab_hist_rel_v2
206669,-1,24,lab_slots_ab_hist_rel_v2
206742,1,24,lab_slots_ab_hist_rel_v2
206796,8,24,lab_slots_ab_hist_rel_v2
206914,1,24,lab_slots_ab_hist_rel_v2
207123,1,24,lab_slots_ab_hist_rel_v2
207124,20,24,lab_slots_ab_hist_rel_v2
207145,1,24,lab_slots_ab_hist_rel_v2
207383,22,24,lab_slots_ab_hist_rel_v2
207399,22,24,lab_slots_ab_hist_rel_v2
207404,22,24,lab_slots_ab_hist_rel_v2
207469,18,24,lab_slots_ab_hist_rel_v2
207470,18,24,lab_slots_ab_hist_rel_v2
207564,22,24,lab_slots_ab_hist_rel_v2
207713,13,24,lab_slots_ab_hist_rel_v2
207745,22,24,lab_slots_ab_hist_rel_v2
207775,1,24,lab_slots_ab_hist_rel_v2
207776,6,24,lab_slots_ab_hist_rel_v2
207777,9,24,lab_slots_ab_hist_rel_v2
207779,8,24,lab_slots_ab_hist_rel_v2
207815,10,24,lab_slots_ab_hist_rel_v2
207847,0,24,lab_slots_ab_hist_rel_v2
207850,5,24,lab_slots_ab_hist_rel_v2
207983,-1,24,lab_slots_ab_hist_rel_v2
207990,22,24,lab_slots_ab_hist_rel_v2
208001,1,24,lab_slots_ab_hist_rel_v2
208006,1,24,lab_slots_ab_hist_rel_v2
208009,-1,24,lab_slots_ab_hist_rel_v2
208029,0,24,lab_slots_ab_hist_rel_v2
208035,13,24,lab_slots_ab_hist_rel_v2
208036,13,24,lab_slots_ab_hist_rel_v2
208040,-1,24,lab_slots_ab_hist_rel_v2
208083,8,24,lab_slots_ab_hist_rel_v2
208120,22,24,lab_slots_ab_hist_rel_v2
208121,22,24,lab_slots_ab_hist_rel_v2
208122,10,24,lab_slots_ab_hist_rel_v2
208140,7,24,lab_slots_ab_hist_rel_v2
208152,18,24,lab_slots_ab_hist_rel_v2
208156,18,24,lab_slots_ab_hist_rel_v2
208181,13,24,lab_slots_ab_hist_rel_v2
208199,22,24,lab_slots_ab_hist_rel_v2
208243,22,24,lab_slots_ab_hist_rel_v2
208245,8,24,lab_slots_ab_hist_rel_v2
208248,13,24,lab_slots_ab_hist_rel_v2
208279,8,24,lab_slots_ab_hist_rel_v2
208307,22,24,lab_slots_ab_hist_rel_v2
208337,10,24,lab_slots_ab_hist_rel_v2
208387,22,24,lab_slots_ab_hist_rel_v2
208388,22,24,lab_slots_ab_hist_rel_v2
208389,1,24,lab_slots_ab_hist_rel_v2
208397,10,24,lab_slots_ab_hist_rel_v2
208398,6,24,lab_slots_ab_hist_rel_v2
208403,10,24,lab_slots_ab_hist_rel_v2
208409,6,24,lab_slots_ab_hist_rel_v2
208421,8,24,lab_slots_ab_hist_rel_v2
208422,22,24,lab_slots_ab_hist_rel_v2
208439,-1,24,lab_slots_ab_hist_rel_v2
208440,10,24,lab_slots_ab_hist_rel_v2
208450,10,24,lab_slots_ab_hist_rel_v2
208486,6,24,lab_slots_ab_hist_rel_v2
208542,22,24,lab_slots_ab_hist_rel_v2
208546,15,24,lab_slots_ab_hist_rel_v2
208556,0,24,lab_slots_ab_hist_rel_v2
208806,-1,24,lab_slots_ab_hist_rel_v2
208811,6,24,lab_slots_ab_hist_rel_v2
208822,5,24,lab_slots_ab_hist_rel_v2
209254,-1,24,lab_slots_ab_hist_rel_v2
209256,10,24,lab_slots_ab_hist_rel_v2
209997,5,24,lab_slots_ab_hist_rel_v2
210743,15,24,lab_slots_ab_hist_rel_v2
210750,22,24,lab_slots_ab_hist_rel_v2
210783,10,24,lab_slots_ab_hist_rel_v2
231768,22,24,lab_slots_ab_hist_rel_v2
231832,18,24,lab_slots_ab_hist_rel_v2
232205,9,24,lab_slots_ab_hist_rel_v2
232222,9,24,lab_slots_ab_hist_rel_v2
232384,-1,24,lab_slots_ab_hist_rel_v2
234894,1,24,lab_slots_ab_hist_rel_v2
238560,18,24,lab_slots_ab_hist_rel_v2
239354,1,24,lab_slots_ab_hist_rel_v2
239355,20,24,lab_slots_ab_hist_rel_v2
239357,1,24,lab_slots_ab_hist_rel_v2
239358,0,24,lab_slots_ab_hist_rel_v2
239359,0,24,lab_slots_ab_hist_rel_v2
239363,1,24,lab_slots_ab_hist_rel_v2
239364,5,24,lab_slots_ab_hist_rel_v2
239483,1,24,lab_slots_ab_hist_rel_v2
239486,1,24,lab_slots_ab_hist_rel_v2
239488,1,24,lab_slots_ab_hist_rel_v2
239494,18,24,lab_slots_ab_hist_rel_v2
239496,1,24,lab_slots_ab_hist_rel_v2
239498,18,24,lab_slots_ab_hist_rel_v2
239499,1,24,lab_slots_ab_hist_rel_v2
239504,0,24,lab_slots_ab_hist_rel_v2
239506,1,24,lab_slots_ab_hist_rel_v2
239561,7,24,lab_slots_ab_hist_rel_v2
239563,1,24,lab_slots_ab_hist_rel_v2
239963,0,24,lab_slots_ab_hist_rel_v2
239987,0,24,lab_slots_ab_hist_rel_v2
239990,9,24,lab_slots_ab_hist_rel_v2
239997,9,24,lab_slots_ab_hist_rel_v2
240000,0,24,lab_slots_ab_hist_rel_v2
240009,18,24,lab_slots_ab_hist_rel_v2
240015,0,24,lab_slots_ab_hist_rel_v2
240016,0,24,lab_slots_ab_hist_rel_v2
240048,1,24,lab_slots_ab_hist_rel_v2
240063,18,24,lab_slots_ab_hist_rel_v2
240065,0,24,lab_slots_ab_hist_rel_v2
240070,7,24,lab_slots_ab_hist_rel_v2
240072,18,24,lab_slots_ab_hist_rel_v2
240086,0,24,lab_slots_ab_hist_rel_v2
240109,18,24,lab_slots_ab_hist_rel_v2
240117,18,24,lab_slots_ab_hist_rel_v2
240118,5,24,lab_slots_ab_hist_rel_v2
240122,18,24,lab_slots_ab_hist_rel_v2
240124,10,24,lab_slots_ab_hist_rel_v2
240128,18,24,lab_slots_ab_hist_rel_v2
240129,18,24,lab_slots_ab_hist_rel_v2
240140,0,24,lab_slots_ab_hist_rel_v2
240145,9,24,lab_slots_ab_hist_rel_v2
240161,0,24,lab_slots_ab_hist_rel_v2
240221,7,24,lab_slots_ab_hist_rel_v2
240256,0,24,lab_slots_ab_hist_rel_v2
240274,0,24,lab_slots_ab_hist_rel_v2
240277,9,24,lab_slots_ab_hist_rel_v2
240287,9,24,lab_slots_ab_hist_rel_v2
240291,18,24,lab_slots_ab_hist_rel_v2
240298,7,24,lab_slots_ab_hist_rel_v2
240307,9,24,lab_slots_ab_hist_rel_v2
240312,0,24,lab_slots_ab_hist_rel_v2
240328,0,24,lab_slots_ab_hist_rel_v2
240332,7,24,lab_slots_ab_hist_rel_v2
240333,15,24,lab_slots_ab_hist_rel_v2
240335,7,24,lab_slots_ab_hist_rel_v2
240344,15,24,lab_slots_ab_hist_rel_v2
240345,7,24,lab_slots_ab_hist_rel_v2
240351,18,24,lab_slots_ab_hist_rel_v2
240394,0,24,lab_slots_ab_hist_rel_v2
240403,9,24,lab_slots_ab_hist_rel_v2
240423,18,24,lab_slots_ab_hist_rel_v2
240428,9,24,lab_slots_ab_hist_rel_v2
240432,0,24,lab_slots_ab_hist_rel_v2
240436,5,24,lab_slots_ab_hist_rel_v2
240442,7,24,lab_slots_ab_hist_rel_v2
240474,15,24,lab_slots_ab_hist_rel_v2
240478,18,24,lab_slots_ab_hist_rel_v2
240484,5,24,lab_slots_ab_hist_rel_v2
240486,18,24,lab_slots_ab_hist_rel_v2
240489,0,24,lab_slots_ab_hist_rel_v2
240539,0,24,lab_slots_ab_hist_rel_v2
240554,15,24,lab_slots_ab_hist_rel_v2
240566,-1,24,lab_slots_ab_hist_rel_v2
240600,9,24,lab_slots_ab_hist_rel_v2
240634,7,24,lab_slots_ab_hist_rel_v2
240667,0,24,lab_slots_ab_hist_rel_v2
240668,1,24,lab_slots_ab_hist_rel_v2
240727,0,24,lab_slots_ab_hist_rel_v2
240739,5,24,lab_slots_ab_hist_rel_v2
240763,7,24,lab_slots_ab_hist_rel_v2
240785,7,24,lab_slots_ab_hist_rel_v2
240790,9,24,lab_slots_ab_hist_rel_v2
240815,0,24,lab_slots_ab_hist_rel_v2
240817,1,24,lab_slots_ab_hist_rel_v2
240908,15,24,lab_slots_ab_hist_rel_v2
240910,15,24,lab_slots_ab_hist_rel_v2
240926,5,24,lab_slots_ab_hist_rel_v2
240970,15,24,lab_slots_ab_hist_rel_v2
241816,7,24,lab_slots_ab_hist_rel_v2
244729,9,24,lab_slots_ab_hist_rel_v2
244732,7,24,lab_slots_ab_hist_rel_v2
244751,15,24,lab_slots_ab_hist_rel_v2
244759,0,24,lab_slots_ab_hist_rel_v2
244778,7,24,lab_slots_ab_hist_rel_v2
244817,1,24,lab_slots_ab_hist_rel_v2
244828,5,24,lab_slots_ab_hist_rel_v2
244829,6,24,lab_slots_ab_hist_rel_v2
244838,6,24,lab_slots_ab_hist_rel_v2
244857,7,24,lab_slots_ab_hist_rel_v2
244860,0,24,lab_slots_ab_hist_rel_v2
244862,1,24,lab_slots_ab_hist_rel_v2
245556,0,24,lab_slots_ab_hist_rel_v2
245557,7,24,lab_slots_ab_hist_rel_v2
245571,0,24,lab_slots_ab_hist_rel_v2
245573,9,24,lab_slots_ab_hist_rel_v2
245574,7,24,lab_slots_ab_hist_rel_v2
245598,18,24,lab_slots_ab_hist_rel_v2
245612,0,24,lab_slots_ab_hist_rel_v2
246116,0,24,lab_slots_ab_hist_rel_v2
246122,6,24,lab_slots_ab_hist_rel_v2
246123,1,24,lab_slots_ab_hist_rel_v2
246156,6,24,lab_slots_ab_hist_rel_v2
246168,6,24,lab_slots_ab_hist_rel_v2
246169,6,24,lab_slots_ab_hist_rel_v2
246189,6,24,lab_slots_ab_hist_rel_v2
246223,22,24,lab_slots_ab_hist_rel_v2
246239,7,24,lab_slots_ab_hist_rel_v2
246241,18,24,lab_slots_ab_hist_rel_v2
246560,6,24,lab_slots_ab_hist_rel_v2
246571,5,24,lab_slots_ab_hist_rel_v2
246636,6,24,lab_slots_ab_hist_rel_v2
246939,5,24,lab_slots_ab_hist_rel_v2
246979,5,24,lab_slots_ab_hist_rel_v2
247188,5,24,lab_slots_ab_hist_rel_v2
247191,5,24,lab_slots_ab_hist_rel_v2
247192,18,24,lab_slots_ab_hist_rel_v2
247198,1,24,lab_slots_ab_hist_rel_v2
247207,7,24,lab_slots_ab_hist_rel_v2
247212,7,24,lab_slots_ab_hist_rel_v2
247216,5,24,lab_slots_ab_hist_rel_v2
247223,23,24,lab_slots_ab_hist_rel_v2
247235,5,24,lab_slots_ab_hist_rel_v2
247250,1,24,lab_slots_ab_hist_rel_v2
247256,5,24,lab_slots_ab_hist_rel_v2
247282,5,24,lab_slots_ab_hist_rel_v2
247308,5,24,lab_slots_ab_hist_rel_v2
247315,5,24,lab_slots_ab_hist_rel_v2
247324,5,24,lab_slots_ab_hist_rel_v2
247348,18,24,lab_slots_ab_hist_rel_v2
247352,-1,24,lab_slots_ab_hist_rel_v2
247364,0,24,lab_slots_ab_hist_rel_v2
247410,1,24,lab_slots_ab_hist_rel_v2
247414,-1,24,lab_slots_ab_hist_rel_v2
247582,1,24,lab_slots_ab_hist_rel_v2
247584,18,24,lab_slots_ab_hist_rel_v2
247635,7,24,lab_slots_ab_hist_rel_v2
247949,1,24,lab_slots_ab_hist_rel_v2
247952,7,24,lab_slots_ab_hist_rel_v2
248096,18,24,lab_slots_ab_hist_rel_v2
248182,1,24,lab_slots_ab_hist_rel_v2
248300,9,24,lab_slots_ab_hist_rel_v2
248502,0,24,lab_slots_ab_hist_rel_v2
248515,7,24,lab_slots_ab_hist_rel_v2
248705,1,24,lab_slots_ab_hist_rel_v2
248709,18,24,lab_slots_ab_hist_rel_v2
248732,5,24,lab_slots_ab_hist_rel_v2
248811,5,24,lab_slots_ab_hist_rel_v2
248832,15,24,lab_slots_ab_hist_rel_v2
248847,5,24,lab_slots_ab_hist_rel_v2
249056,-1,24,lab_slots_ab_hist_rel_v2
250076,0,24,lab_slots_ab_hist_rel_v2
250077,0,24,lab_slots_ab_hist_rel_v2
250091,-1,24,lab_slots_ab_hist_rel_v2
250238,6,24,lab_slots_ab_hist_rel_v2
250239,6,24,lab_slots_ab_hist_rel_v2
250550,5,24,lab_slots_ab_hist_rel_v2
250572,1,24,lab_slots_ab_hist_rel_v2
250747,5,24,lab_slots_ab_hist_rel_v2
250804,6,24,lab_slots_ab_hist_rel_v2
251100,5,24,lab_slots_ab_hist_rel_v2
251104,1,24,lab_slots_ab_hist_rel_v2
251128,0,24,lab_slots_ab_hist_rel_v2
251134,5,24,lab_slots_ab_hist_rel_v2
251260,7,24,lab_slots_ab_hist_rel_v2
251269,5,24,lab_slots_ab_hist_rel_v2
251271,6,24,lab_slots_ab_hist_rel_v2
251345,5,24,lab_slots_ab_hist_rel_v2
251401,5,24,lab_slots_ab_hist_rel_v2
251402,5,24,lab_slots_ab_hist_rel_v2
251487,1,24,lab_slots_ab_hist_rel_v2
251508,22,24,lab_slots_ab_hist_rel_v2
251763,18,24,lab_slots_ab_hist_rel_v2
251803,18,24,lab_slots_ab_hist_rel_v2
251933,5,24,lab_slots_ab_hist_rel_v2
252496,5,24,lab_slots_ab_hist_rel_v2
252556,7,24,lab_slots_ab_hist_rel_v2
252589,15,24,lab_slots_ab_hist_rel_v2
252592,18,24,lab_slots_ab_hist_rel_v2
252634,7,24,lab_slots_ab_hist_rel_v2
252902,5,24,lab_slots_ab_hist_rel_v2
253050,7,24,lab_slots_ab_hist_rel_v2
253052,5,24,lab_slots_ab_hist_rel_v2
253173,5,24,lab_slots_ab_hist_rel_v2
253205,7,24,lab_slots_ab_hist_rel_v2
253430,1,24,lab_slots_ab_hist_rel_v2
254183,5,24,lab_slots_ab_hist_rel_v2
254186,1,24,lab_slots_ab_hist_rel_v2
254189,5,24,lab_slots_ab_hist_rel_v2
254198,7,24,lab_slots_ab_hist_rel_v2
254199,15,24,lab_slots_ab_hist_rel_v2
254200,7,24,lab_slots_ab_hist_rel_v2
254202,1,24,lab_slots_ab_hist_rel_v2
254227,15,24,lab_slots_ab_hist_rel_v2
254246,7,24,lab_slots_ab_hist_rel_v2
254247,18,24,lab_slots_ab_hist_rel_v2
254268,1,24,lab_slots_ab_hist_rel_v2
254281,5,24,lab_slots_ab_hist_rel_v2
254303,0,24,lab_slots_ab_hist_rel_v2
254307,5,24,lab_slots_ab_hist_rel_v2
254312,5,24,lab_slots_ab_hist_rel_v2
254329,0,24,lab_slots_ab_hist_rel_v2
254345,5,24,lab_slots_ab_hist_rel_v2
254346,5,24,lab_slots_ab_hist_rel_v2
254352,1,24,lab_slots_ab_hist_rel_v2
254378,1,24,lab_slots_ab_hist_rel_v2
254396,1,24,lab_slots_ab_hist_rel_v2
254422,22,24,lab_slots_ab_hist_rel_v2
254427,18,24,lab_slots_ab_hist_rel_v2
254428,0,24,lab_slots_ab_hist_rel_v2
254484,7,24,lab_slots_ab_hist_rel_v2
254545,5,24,lab_slots_ab_hist_rel_v2
254551,5,24,lab_slots_ab_hist_rel_v2
254559,1,24,lab_slots_ab_hist_rel_v2
254561,7,24,lab_slots_ab_hist_rel_v2
254616,5,24,lab_slots_ab_hist_rel_v2
254629,1,24,lab_slots_ab_hist_rel_v2
254633,6,24,lab_slots_ab_hist_rel_v2
254634,1,24,lab_slots_ab_hist_rel_v2
254778,7,24,lab_slots_ab_hist_rel_v2
254880,7,24,lab_slots_ab_hist_rel_v2
254881,5,24,lab_slots_ab_hist_rel_v2
254915,15,24,lab_slots_ab_hist_rel_v2
254923,5,24,lab_slots_ab_hist_rel_v2
254932,5,24,lab_slots_ab_hist_rel_v2
254957,1,24,lab_slots_ab_hist_rel_v2
254983,23,24,lab_slots_ab_hist_rel_v2
255062,7,24,lab_slots_ab_hist_rel_v2
255156,5,24,lab_slots_ab_hist_rel_v2
255193,5,24,lab_slots_ab_hist_rel_v2
255244,6,24,lab_slots_ab_hist_rel_v2
255274,18,24,lab_slots_ab_hist_rel_v2
255289,0,24,lab_slots_ab_hist_rel_v2
255315,22,24,lab_slots_ab_hist_rel_v2
255316,22,24,lab_slots_ab_hist_rel_v2
255333,22,24,lab_slots_ab_hist_rel_v2
255341,5,24,lab_slots_ab_hist_rel_v2
255351,6,24,lab_slots_ab_hist_rel_v2
255461,9,24,lab_slots_ab_hist_rel_v2
255627,4,24,lab_slots_ab_hist_rel_v2
255648,6,24,lab_slots_ab_hist_rel_v2
255700,9,24,lab_slots_ab_hist_rel_v2
255706,5,24,lab_slots_ab_hist_rel_v2
255719,23,24,lab_slots_ab_hist_rel_v2
255796,6,24,lab_slots_ab_hist_rel_v2
255894,7,24,lab_slots_ab_hist_rel_v2
256203,1,24,lab_slots_ab_hist_rel_v2
256207,1,24,lab_slots_ab_hist_rel_v2
256549,1,24,lab_slots_ab_hist_rel_v2
256602,5,24,lab_slots_ab_hist_rel_v2
256616,9,24,lab_slots_ab_hist_rel_v2
256912,7,24,lab_slots_ab_hist_rel_v2
257671,0,24,lab_slots_ab_hist_rel_v2
258464,23,24,lab_slots_ab_hist_rel_v2
307472,7,24,lab_slots_ab_hist_rel_v2
307473,18,24,lab_slots_ab_hist_rel_v2
307474,1,24,lab_slots_ab_hist_rel_v2
307614,9,24,lab_slots_ab_hist_rel_v2
307615,9,24,lab_slots_ab_hist_rel_v2
307619,0,24,lab_slots_ab_hist_rel_v2
307620,9,24,lab_slots_ab_hist_rel_v2
307622,18,24,lab_slots_ab_hist_rel_v2
307863,0,24,lab_slots_ab_hist_rel_v2
307864,0,24,lab_slots_ab_hist_rel_v2
307865,9,24,lab_slots_ab_hist_rel_v2
307866,9,24,lab_slots_ab_hist_rel_v2
307868,9,24,lab_slots_ab_hist_rel_v2
307869,6,24,lab_slots_ab_hist_rel_v2
307870,7,24,lab_slots_ab_hist_rel_v2
307871,7,24,lab_slots_ab_hist_rel_v2
307873,7,24,lab_slots_ab_hist_rel_v2
308291,9,24,lab_slots_ab_hist_rel_v2
308292,9,24,lab_slots_ab_hist_rel_v2
308293,0,24,lab_slots_ab_hist_rel_v2
308294,0,24,lab_slots_ab_hist_rel_v2
308296,9,24,lab_slots_ab_hist_rel_v2
308297,9,24,lab_slots_ab_hist_rel_v2
308298,9,24,lab_slots_ab_hist_rel_v2
308300,7,24,lab_slots_ab_hist_rel_v2
308301,9,24,lab_slots_ab_hist_rel_v2
308303,9,24,lab_slots_ab_hist_rel_v2
308304,9,24,lab_slots_ab_hist_rel_v2
308347,9,24,lab_slots_ab_hist_rel_v2
308348,9,24,lab_slots_ab_hist_rel_v2
308349,-1,24,lab_slots_ab_hist_rel_v2
308350,9,24,lab_slots_ab_hist_rel_v2
308352,9,24,lab_slots_ab_hist_rel_v2
308354,18,24,lab_slots_ab_hist_rel_v2
308355,18,24,lab_slots_ab_hist_rel_v2
308359,5,24,lab_slots_ab_hist_rel_v2
308362,6,24,lab_slots_ab_hist_rel_v2
308363,5,24,lab_slots_ab_hist_rel_v2
308379,5,24,lab_slots_ab_hist_rel_v2
308380,18,24,lab_slots_ab_hist_rel_v2
308381,7,24,lab_slots_ab_hist_rel_v2
308382,7,24,lab_slots_ab_hist_rel_v2
308383,7,24,lab_slots_ab_hist_rel_v2
308386,7,24,lab_slots_ab_hist_rel_v2
308387,7,24,lab_slots_ab_hist_rel_v2
308388,9,24,lab_slots_ab_hist_rel_v2
308403,7,24,lab_slots_ab_hist_rel_v2
308404,6,24,lab_slots_ab_hist_rel_v2
308405,9,24,lab_slots_ab_hist_rel_v2
308406,9,24,lab_slots_ab_hist_rel_v2
308408,5,24,lab_slots_ab_hist_rel_v2
308409,7,24,lab_slots_ab_hist_rel_v2
308410,7,24,lab_slots_ab_hist_rel_v2
308411,0,24,lab_slots_ab_hist_rel_v2
308412,7,24,lab_slots_ab_hist_rel_v2
308413,7,24,lab_slots_ab_hist_rel_v2
308414,0,24,lab_slots_ab_hist_rel_v2
308415,7,24,lab_slots_ab_hist_rel_v2
308417,7,24,lab_slots_ab_hist_rel_v2
308420,9,24,lab_slots_ab_hist_rel_v2
308423,9,24,lab_slots_ab_hist_rel_v2
308424,9,24,lab_slots_ab_hist_rel_v2
308425,0,24,lab_slots_ab_hist_rel_v2
308426,9,24,lab_slots_ab_hist_rel_v2
308428,9,24,lab_slots_ab_hist_rel_v2
308439,9,24,lab_slots_ab_hist_rel_v2
308440,9,24,lab_slots_ab_hist_rel_v2
308441,9,24,lab_slots_ab_hist_rel_v2
308446,0,24,lab_slots_ab_hist_rel_v2
308447,9,24,lab_slots_ab_hist_rel_v2
308448,0,24,lab_slots_ab_hist_rel_v2
308450,9,24,lab_slots_ab_hist_rel_v2
308451,9,24,lab_slots_ab_hist_rel_v2
308452,9,24,lab_slots_ab_hist_rel_v2
308455,5,24,lab_slots_ab_hist_rel_v2
308456,18,24,lab_slots_ab_hist_rel_v2
308457,18,24,lab_slots_ab_hist_rel_v2
308458,0,24,lab_slots_ab_hist_rel_v2
308459,18,24,lab_slots_ab_hist_rel_v2
308463,15,24,lab_slots_ab_hist_rel_v2
308464,6,24,lab_slots_ab_hist_rel_v2
308465,7,24,lab_slots_ab_hist_rel_v2
308466,9,24,lab_slots_ab_hist_rel_v2
308476,6,24,lab_slots_ab_hist_rel_v2
308477,1,24,lab_slots_ab_hist_rel_v2
308483,9,24,lab_slots_ab_hist_rel_v2
308486,9,24,lab_slots_ab_hist_rel_v2
308487,9,24,lab_slots_ab_hist_rel_v2
308491,9,24,lab_slots_ab_hist_rel_v2
308492,9,24,lab_slots_ab_hist_rel_v2
308507,7,24,lab_slots_ab_hist_rel_v2
308508,7,24,lab_slots_ab_hist_rel_v2
308510,7,24,lab_slots_ab_hist_rel_v2
308511,7,24,lab_slots_ab_hist_rel_v2
308512,7,24,lab_slots_ab_hist_rel_v2
308513,15,24,lab_slots_ab_hist_rel_v2
308514,7,24,lab_slots_ab_hist_rel_v2
308515,7,24,lab_slots_ab_hist_rel_v2
308516,7,24,lab_slots_ab_hist_rel_v2
308518,7,24,lab_slots_ab_hist_rel_v2
308519,0,24,lab_slots_ab_hist_rel_v2
308520,6,24,lab_slots_ab_hist_rel_v2
308523,6,24,lab_slots_ab_hist_rel_v2
308524,7,24,lab_slots_ab_hist_rel_v2
308525,6,24,lab_slots_ab_hist_rel_v2
308526,0,24,lab_slots_ab_hist_rel_v2
308527,7,24,lab_slots_ab_hist_rel_v2
308528,7,24,lab_slots_ab_hist_rel_v2
308529,0,24,lab_slots_ab_hist_rel_v2
308530,7,24,lab_slots_ab_hist_rel_v2
308531,7,24,lab_slots_ab_hist_rel_v2
308532,9,24,lab_slots_ab_hist_rel_v2
308533,7,24,lab_slots_ab_hist_rel_v2
308534,5,24,lab_slots_ab_hist_rel_v2
308535,5,24,lab_slots_ab_hist_rel_v2
308538,7,24,lab_slots_ab_hist_rel_v2
308539,7,24,lab_slots_ab_hist_rel_v2
308540,0,24,lab_slots_ab_hist_rel_v2
308541,7,24,lab_slots_ab_hist_rel_v2
308542,7,24,lab_slots_ab_hist_rel_v2
308544,7,24,lab_slots_ab_hist_rel_v2
308545,7,24,lab_slots_ab_hist_rel_v2
308546,7,24,lab_slots_ab_hist_rel_v2
308549,5,24,lab_slots_ab_hist_rel_v2
308550,15,24,lab_slots_ab_hist_rel_v2
308552,9,24,lab_slots_ab_hist_rel_v2
308554,0,24,lab_slots_ab_hist_rel_v2
308555,0,24,lab_slots_ab_hist_rel_v2
308556,7,24,lab_slots_ab_hist_rel_v2
308557,7,24,lab_slots_ab_hist_rel_v2
308558,5,24,lab_slots_ab_hist_rel_v2
308560,7,24,lab_slots_ab_hist_rel_v2
308561,0,24,lab_slots_ab_hist_rel_v2
308563,0,24,lab_slots_ab_hist_rel_v2
308565,0,24,lab_slots_ab_hist_rel_v2
308566,22,24,lab_slots_ab_hist_rel_v2
308567,5,24,lab_slots_ab_hist_rel_v2
308568,1,24,lab_slots_ab_hist_rel_v2
308569,5,24,lab_slots_ab_hist_rel_v2
308570,5,24,lab_slots_ab_hist_rel_v2
308571,5,24,lab_slots_ab_hist_rel_v2
308577,18,24,lab_slots_ab_hist_rel_v2
308578,5,24,lab_slots_ab_hist_rel_v2
308580,5,24,lab_slots_ab_hist_rel_v2
308582,0,24,lab_slots_ab_hist_rel_v2
308584,9,24,lab_slots_ab_hist_rel_v2
308585,9,24,lab_slots_ab_hist_rel_v2
308586,9,24,lab_slots_ab_hist_rel_v2
308588,9,24,lab_slots_ab_hist_rel_v2
308590,9,24,lab_slots_ab_hist_rel_v2
308591,9,24,lab_slots_ab_hist_rel_v2
308592,9,24,lab_slots_ab_hist_rel_v2
308600,5,24,lab_slots_ab_hist_rel_v2
308602,9,24,lab_slots_ab_hist_rel_v2
308606,9,24,lab_slots_ab_hist_rel_v2
308607,9,24,lab_slots_ab_hist_rel_v2
308608,9,24,lab_slots_ab_hist_rel_v2
308609,0,24,lab_slots_ab_hist_rel_v2
308615,0,24,lab_slots_ab_hist_rel_v2
308616,9,24,lab_slots_ab_hist_rel_v2
308618,6,24,lab_slots_ab_hist_rel_v2
308619,9,24,lab_slots_ab_hist_rel_v2
308622,9,24,lab_slots_ab_hist_rel_v2
308623,0,24,lab_slots_ab_hist_rel_v2
308624,9,24,lab_slots_ab_hist_rel_v2
308625,9,24,lab_slots_ab_hist_rel_v2
308626,9,24,lab_slots_ab_hist_rel_v2
308627,9,24,lab_slots_ab_hist_rel_v2
308628,9,24,lab_slots_ab_hist_rel_v2
308629,22,24,lab_slots_ab_hist_rel_v2
308640,9,24,lab_slots_ab_hist_rel_v2
308642,9,24,lab_slots_ab_hist_rel_v2
308643,9,24,lab_slots_ab_hist_rel_v2
308645,9,24,lab_slots_ab_hist_rel_v2
308646,9,24,lab_slots_ab_hist_rel_v2
308647,0,24,lab_slots_ab_hist_rel_v2
308648,9,24,lab_slots_ab_hist_rel_v2
308651,9,24,lab_slots_ab_hist_rel_v2
308652,7,24,lab_slots_ab_hist_rel_v2
308655,9,24,lab_slots_ab_hist_rel_v2
308657,6,24,lab_slots_ab_hist_rel_v2
308702,9,24,lab_slots_ab_hist_rel_v2
308703,0,24,lab_slots_ab_hist_rel_v2
308704,9,24,lab_slots_ab_hist_rel_v2
308706,0,24,lab_slots_ab_hist_rel_v2
308707,9,24,lab_slots_ab_hist_rel_v2
308709,0,24,lab_slots_ab_hist_rel_v2
308710,6,24,lab_slots_ab_hist_rel_v2
308711,9,24,lab_slots_ab_hist_rel_v2
308712,0,24,lab_slots_ab_hist_rel_v2
308713,9,24,lab_slots_ab_hist_rel_v2
308714,6,24,lab_slots_ab_hist_rel_v2
308715,9,24,lab_slots_ab_hist_rel_v2
308718,9,24,lab_slots_ab_hist_rel_v2
308719,9,24,lab_slots_ab_hist_rel_v2
308722,6,24,lab_slots_ab_hist_rel_v2
308723,9,24,lab_slots_ab_hist_rel_v2
308724,0,24,lab_slots_ab_hist_rel_v2
308883,6,24,lab_slots_ab_hist_rel_v2
308884,15,24,lab_slots_ab_hist_rel_v2
308885,5,24,lab_slots_ab_hist_rel_v2
308886,7,24,lab_slots_ab_hist_rel_v2
309129,7,24,lab_slots_ab_hist_rel_v2
309132,5,24,lab_slots_ab_hist_rel_v2
309133,5,24,lab_slots_ab_hist_rel_v2
309137,6,24,lab_slots_ab_hist_rel_v2
309138,9,24,lab_slots_ab_hist_rel_v2
309301,18,24,lab_slots_ab_hist_rel_v2
309302,7,24,lab_slots_ab_hist_rel_v2
309303,0,24,lab_slots_ab_hist_rel_v2
309304,6,24,lab_slots_ab_hist_rel_v2
309323,9,24,lab_slots_ab_hist_rel_v2
309324,9,24,lab_slots_ab_hist_rel_v2
309325,7,24,lab_slots_ab_hist_rel_v2
309326,0,24,lab_slots_ab_hist_rel_v2
309327,9,24,lab_slots_ab_hist_rel_v2
309331,7,24,lab_slots_ab_hist_rel_v2
309332,7,24,lab_slots_ab_hist_rel_v2
309333,7,24,lab_slots_ab_hist_rel_v2
309335,7,24,lab_slots_ab_hist_rel_v2
309337,7,24,lab_slots_ab_hist_rel_v2
309338,9,24,lab_slots_ab_hist_rel_v2
309339,7,24,lab_slots_ab_hist_rel_v2
309344,7,24,lab_slots_ab_hist_rel_v2
309345,0,24,lab_slots_ab_hist_rel_v2
309346,9,24,lab_slots_ab_hist_rel_v2
309352,18,24,lab_slots_ab_hist_rel_v2
309353,7,24,lab_slots_ab_hist_rel_v2
309354,7,24,lab_slots_ab_hist_rel_v2
309355,7,24,lab_slots_ab_hist_rel_v2
309356,0,24,lab_slots_ab_hist_rel_v2
309357,6,24,lab_slots_ab_hist_rel_v2
309359,7,24,lab_slots_ab_hist_rel_v2
309360,7,24,lab_slots_ab_hist_rel_v2
309363,0,24,lab_slots_ab_hist_rel_v2
309364,5,24,lab_slots_ab_hist_rel_v2
309366,7,24,lab_slots_ab_hist_rel_v2
309367,5,24,lab_slots_ab_hist_rel_v2
309370,7,24,lab_slots_ab_hist_rel_v2
309371,7,24,lab_slots_ab_hist_rel_v2
309372,7,24,lab_slots_ab_hist_rel_v2
309373,6,24,lab_slots_ab_hist_rel_v2
309376,7,24,lab_slots_ab_hist_rel_v2
309378,7,24,lab_slots_ab_hist_rel_v2
309379,7,24,lab_slots_ab_hist_rel_v2
309380,0,24,lab_slots_ab_hist_rel_v2
309385,0,24,lab_slots_ab_hist_rel_v2
309386,5,24,lab_slots_ab_hist_rel_v2
309387,5,24,lab_slots_ab_hist_rel_v2
309388,7,24,lab_slots_ab_hist_rel_v2
309389,5,24,lab_slots_ab_hist_rel_v2
309396,9,24,lab_slots_ab_hist_rel_v2
309397,18,24,lab_slots_ab_hist_rel_v2
309399,0,24,lab_slots_ab_hist_rel_v2
309400,18,24,lab_slots_ab_hist_rel_v2
309401,9,24,lab_slots_ab_hist_rel_v2
309436,7,24,lab_slots_ab_hist_rel_v2
309437,7,24,lab_slots_ab_hist_rel_v2
309438,7,24,lab_slots_ab_hist_rel_v2
309439,7,24,lab_slots_ab_hist_rel_v2
309440,7,24,lab_slots_ab_hist_rel_v2
309441,7,24,lab_slots_ab_hist_rel_v2
309442,7,24,lab_slots_ab_hist_rel_v2
309443,18,24,lab_slots_ab_hist_rel_v2
309444,5,24,lab_slots_ab_hist_rel_v2
309445,15,24,lab_slots_ab_hist_rel_v2
309446,7,24,lab_slots_ab_hist_rel_v2
309447,7,24,lab_slots_ab_hist_rel_v2
309468,0,24,lab_slots_ab_hist_rel_v2
309469,7,24,lab_slots_ab_hist_rel_v2
309470,5,24,lab_slots_ab_hist_rel_v2
309482,7,24,lab_slots_ab_hist_rel_v2
309484,7,24,lab_slots_ab_hist_rel_v2
309485,9,24,lab_slots_ab_hist_rel_v2
309486,7,24,lab_slots_ab_hist_rel_v2
309487,7,24,lab_slots_ab_hist_rel_v2
309490,7,24,lab_slots_ab_hist_rel_v2
309492,7,24,lab_slots_ab_hist_rel_v2
309494,7,24,lab_slots_ab_hist_rel_v2
309495,7,24,lab_slots_ab_hist_rel_v2
309496,0,24,lab_slots_ab_hist_rel_v2
309497,7,24,lab_slots_ab_hist_rel_v2
309498,7,24,lab_slots_ab_hist_rel_v2
309499,15,24,lab_slots_ab_hist_rel_v2
309501,15,24,lab_slots_ab_hist_rel_v2
309502,15,24,lab_slots_ab_hist_rel_v2
309503,5,24,lab_slots_ab_hist_rel_v2
309504,7,24,lab_slots_ab_hist_rel_v2
309508,5,24,lab_slots_ab_hist_rel_v2
309509,5,24,lab_slots_ab_hist_rel_v2
309510,0,24,lab_slots_ab_hist_rel_v2
309512,18,24,lab_slots_ab_hist_rel_v2
309513,9,24,lab_slots_ab_hist_rel_v2
309514,7,24,lab_slots_ab_hist_rel_v2
309516,0,24,lab_slots_ab_hist_rel_v2
309517,18,24,lab_slots_ab_hist_rel_v2
309518,0,24,lab_slots_ab_hist_rel_v2
309519,0,24,lab_slots_ab_hist_rel_v2
309521,0,24,lab_slots_ab_hist_rel_v2
309523,9,24,lab_slots_ab_hist_rel_v2
309525,9,24,lab_slots_ab_hist_rel_v2
309713,0,24,lab_slots_ab_hist_rel_v2
309717,15,24,lab_slots_ab_hist_rel_v2
309728,18,24,lab_slots_ab_hist_rel_v2
309730,18,24,lab_slots_ab_hist_rel_v2
309731,7,24,lab_slots_ab_hist_rel_v2
309735,0,24,lab_slots_ab_hist_rel_v2
309741,6,24,lab_slots_ab_hist_rel_v2
309746,9,24,lab_slots_ab_hist_rel_v2
309747,9,24,lab_slots_ab_hist_rel_v2
309751,9,24,lab_slots_ab_hist_rel_v2
309752,7,24,lab_slots_ab_hist_rel_v2
309753,9,24,lab_slots_ab_hist_rel_v2
309756,18,24,lab_slots_ab_hist_rel_v2
309757,18,24,lab_slots_ab_hist_rel_v2
309759,0,24,lab_slots_ab_hist_rel_v2
309760,0,24,lab_slots_ab_hist_rel_v2
310192,7,24,lab_slots_ab_hist_rel_v2
310193,7,24,lab_slots_ab_hist_rel_v2
310194,0,24,lab_slots_ab_hist_rel_v2
310195,15,24,lab_slots_ab_hist_rel_v2
310196,7,24,lab_slots_ab_hist_rel_v2
310197,7,24,lab_slots_ab_hist_rel_v2
310198,7,24,lab_slots_ab_hist_rel_v2
310199,6,24,lab_slots_ab_hist_rel_v2
310201,7,24,lab_slots_ab_hist_rel_v2
310202,7,24,lab_slots_ab_hist_rel_v2
310203,15,24,lab_slots_ab_hist_rel_v2
310205,6,24,lab_slots_ab_hist_rel_v2
310206,6,24,lab_slots_ab_hist_rel_v2
310207,6,24,lab_slots_ab_hist_rel_v2
310208,9,24,lab_slots_ab_hist_rel_v2
310209,0,24,lab_slots_ab_hist_rel_v2
310214,9,24,lab_slots_ab_hist_rel_v2
310215,9,24,lab_slots_ab_hist_rel_v2
310218,0,24,lab_slots_ab_hist_rel_v2
310219,18,24,lab_slots_ab_hist_rel_v2
310220,5,24,lab_slots_ab_hist_rel_v2
310221,18,24,lab_slots_ab_hist_rel_v2
310227,7,24,lab_slots_ab_hist_rel_v2
310231,7,24,lab_slots_ab_hist_rel_v2
310232,0,24,lab_slots_ab_hist_rel_v2
310355,6,24,lab_slots_ab_hist_rel_v2
310358,18,24,lab_slots_ab_hist_rel_v2
310359,18,24,lab_slots_ab_hist_rel_v2
310361,9,24,lab_slots_ab_hist_rel_v2
310363,0,24,lab_slots_ab_hist_rel_v2
310364,7,24,lab_slots_ab_hist_rel_v2
310384,7,24,lab_slots_ab_hist_rel_v2
310387,22,24,lab_slots_ab_hist_rel_v2
310465,18,24,lab_slots_ab_hist_rel_v2
310466,0,24,lab_slots_ab_hist_rel_v2
310481,9,24,lab_slots_ab_hist_rel_v2
310494,0,24,lab_slots_ab_hist_rel_v2
310496,0,24,lab_slots_ab_hist_rel_v2
310497,0,24,lab_slots_ab_hist_rel_v2
310509,15,24,lab_slots_ab_hist_rel_v2
310512,9,24,lab_slots_ab_hist_rel_v2
310517,15,24,lab_slots_ab_hist_rel_v2
310520,15,24,lab_slots_ab_hist_rel_v2
310521,5,24,lab_slots_ab_hist_rel_v2
310522,15,24,lab_slots_ab_hist_rel_v2
310523,7,24,lab_slots_ab_hist_rel_v2
310538,9,24,lab_slots_ab_hist_rel_v2
310542,6,24,lab_slots_ab_hist_rel_v2
310543,0,24,lab_slots_ab_hist_rel_v2
310544,18,24,lab_slots_ab_hist_rel_v2
310547,9,24,lab_slots_ab_hist_rel_v2
310550,10,24,lab_slots_ab_hist_rel_v2
310556,6,24,lab_slots_ab_hist_rel_v2
310568,5,24,lab_slots_ab_hist_rel_v2
310589,0,24,lab_slots_ab_hist_rel_v2
310594,5,24,lab_slots_ab_hist_rel_v2
310601,7,24,lab_slots_ab_hist_rel_v2
310602,9,24,lab_slots_ab_hist_rel_v2
310603,18,24,lab_slots_ab_hist_rel_v2
310607,7,24,lab_slots_ab_hist_rel_v2
310645,18,24,lab_slots_ab_hist_rel_v2
310652,7,24,lab_slots_ab_hist_rel_v2
310654,9,24,lab_slots_ab_hist_rel_v2
310662,1,24,lab_slots_ab_hist_rel_v2
310673,5,24,lab_slots_ab_hist_rel_v2
310675,1,24,lab_slots_ab_hist_rel_v2
310704,9,24,lab_slots_ab_hist_rel_v2
310716,6,24,lab_slots_ab_hist_rel_v2
312157,0,24,lab_slots_ab_hist_rel_v2
312158,1,24,lab_slots_ab_hist_rel_v2
312160,5,24,lab_slots_ab_hist_rel_v2
312161,1,24,lab_slots_ab_hist_rel_v2
312165,7,24,lab_slots_ab_hist_rel_v2
312486,5,24,lab_slots_ab_hist_rel_v2
312570,5,24,lab_slots_ab_hist_rel_v2
312571,5,24,lab_slots_ab_hist_rel_v2
312572,9,24,lab_slots_ab_hist_rel_v2
312582,1,24,lab_slots_ab_hist_rel_v2
312586,5,24,lab_slots_ab_hist_rel_v2
312603,9,24,lab_slots_ab_hist_rel_v2
312606,9,24,lab_slots_ab_hist_rel_v2
312608,7,24,lab_slots_ab_hist_rel_v2
312629,0,24,lab_slots_ab_hist_rel_v2
312632,6,24,lab_slots_ab_hist_rel_v2
312802,15,24,lab_slots_ab_hist_rel_v2
312814,18,24,lab_slots_ab_hist_rel_v2
312891,18,24,lab_slots_ab_hist_rel_v2
312928,18,24,lab_slots_ab_hist_rel_v2
312935,7,24,lab_slots_ab_hist_rel_v2
313009,0,24,lab_slots_ab_hist_rel_v2
313101,7,24,lab_slots_ab_hist_rel_v2
313145,9,24,lab_slots_ab_hist_rel_v2
313155,7,24,lab_slots_ab_hist_rel_v2
313156,5,24,lab_slots_ab_hist_rel_v2
313241,0,24,lab_slots_ab_hist_rel_v2
313275,6,24,lab_slots_ab_hist_rel_v2
313286,0,24,lab_slots_ab_hist_rel_v2
313287,5,24,lab_slots_ab_hist_rel_v2
313289,7,24,lab_slots_ab_hist_rel_v2
313301,18,24,lab_slots_ab_hist_rel_v2
313302,0,24,lab_slots_ab_hist_rel_v2
313304,7,24,lab_slots_ab_hist_rel_v2
313305,7,24,lab_slots_ab_hist_rel_v2
313307,7,24,lab_slots_ab_hist_rel_v2
313309,6,24,lab_slots_ab_hist_rel_v2
313314,0,24,lab_slots_ab_hist_rel_v2
313320,9,24,lab_slots_ab_hist_rel_v2
313340,18,24,lab_slots_ab_hist_rel_v2
313361,9,24,lab_slots_ab_hist_rel_v2
313362,0,24,lab_slots_ab_hist_rel_v2
313363,1,24,lab_slots_ab_hist_rel_v2
313397,5,24,lab_slots_ab_hist_rel_v2
314165,0,24,lab_slots_ab_hist_rel_v2
314181,6,24,lab_slots_ab_hist_rel_v2
314197,9,24,lab_slots_ab_hist_rel_v2
314217,7,24,lab_slots_ab_hist_rel_v2
314364,9,24,lab_slots_ab_hist_rel_v2
314365,5,24,lab_slots_ab_hist_rel_v2
314523,7,24,lab_slots_ab_hist_rel_v2
314524,15,24,lab_slots_ab_hist_rel_v2
314626,7,24,lab_slots_ab_hist_rel_v2
314628,18,24,lab_slots_ab_hist_rel_v2
314629,7,24,lab_slots_ab_hist_rel_v2
314633,9,24,lab_slots_ab_hist_rel_v2
314635,7,24,lab_slots_ab_hist_rel_v2
314636,7,24,lab_slots_ab_hist_rel_v2
314678,1,24,lab_slots_ab_hist_rel_v2
314679,7,24,lab_slots_ab_hist_rel_v2
314680,7,24,lab_slots_ab_hist_rel_v2
314681,18,24,lab_slots_ab_hist_rel_v2
314682,7,24,lab_slots_ab_hist_rel_v2
314684,15,24,lab_slots_ab_hist_rel_v2
314687,0,24,lab_slots_ab_hist_rel_v2
314688,0,24,lab_slots_ab_hist_rel_v2
314690,18,24,lab_slots_ab_hist_rel_v2
314691,18,24,lab_slots_ab_hist_rel_v2
314692,7,24,lab_slots_ab_hist_rel_v2
314693,7,24,lab_slots_ab_hist_rel_v2
314694,7,24,lab_slots_ab_hist_rel_v2
314695,7,24,lab_slots_ab_hist_rel_v2
314696,7,24,lab_slots_ab_hist_rel_v2
314697,5,24,lab_slots_ab_hist_rel_v2
314698,9,24,lab_slots_ab_hist_rel_v2
314699,0,24,lab_slots_ab_hist_rel_v2
314859,6,24,lab_slots_ab_hist_rel_v2
314954,7,24,lab_slots_ab_hist_rel_v2
314955,7,24,lab_slots_ab_hist_rel_v2
315038,0,24,lab_slots_ab_hist_rel_v2
315052,15,24,lab_slots_ab_hist_rel_v2
315062,1,24,lab_slots_ab_hist_rel_v2
315155,7,24,lab_slots_ab_hist_rel_v2
315176,7,24,lab_slots_ab_hist_rel_v2
315677,9,24,lab_slots_ab_hist_rel_v2
315678,7,24,lab_slots_ab_hist_rel_v2
315682,6,24,lab_slots_ab_hist_rel_v2
315688,0,24,lab_slots_ab_hist_rel_v2
315999,7,24,lab_slots_ab_hist_rel_v2
316000,7,24,lab_slots_ab_hist_rel_v2
316001,5,24,lab_slots_ab_hist_rel_v2
316175,0,24,lab_slots_ab_hist_rel_v2
316176,0,24,lab_slots_ab_hist_rel_v2
316177,1,24,lab_slots_ab_hist_rel_v2
316270,5,24,lab_slots_ab_hist_rel_v2
316710,7,24,lab_slots_ab_hist_rel_v2
316711,1,24,lab_slots_ab_hist_rel_v2
316718,5,24,lab_slots_ab_hist_rel_v2
316719,5,24,lab_slots_ab_hist_rel_v2
316720,5,24,lab_slots_ab_hist_rel_v2
316721,7,24,lab_slots_ab_hist_rel_v2
316764,15,24,lab_slots_ab_hist_rel_v2
316782,22,24,lab_slots_ab_hist_rel_v2
316813,5,24,lab_slots_ab_hist_rel_v2
316875,9,24,lab_slots_ab_hist_rel_v2
316882,0,24,lab_slots_ab_hist_rel_v2
316886,5,24,lab_slots_ab_hist_rel_v2
317619,7,24,lab_slots_ab_hist_rel_v2
317749,9,24,lab_slots_ab_hist_rel_v2
317786,7,24,lab_slots_ab_hist_rel_v2
317793,7,24,lab_slots_ab_hist_rel_v2
317831,5,24,lab_slots_ab_hist_rel_v2
317890,9,24,lab_slots_ab_hist_rel_v2
317989,7,24,lab_slots_ab_hist_rel_v2
317991,7,24,lab_slots_ab_hist_rel_v2
318291,7,24,lab_slots_ab_hist_rel_v2
318293,1,24,lab_slots_ab_hist_rel_v2
318345,18,24,lab_slots_ab_hist_rel_v2
318466,7,24,lab_slots_ab_hist_rel_v2
318470,1,24,lab_slots_ab_hist_rel_v2
318475,0,24,lab_slots_ab_hist_rel_v2
318602,15,24,lab_slots_ab_hist_rel_v2
318603,7,24,lab_slots_ab_hist_rel_v2
318604,7,24,lab_slots_ab_hist_rel_v2
318605,0,24,lab_slots_ab_hist_rel_v2
318606,0,24,lab_slots_ab_hist_rel_v2
318607,4,24,lab_slots_ab_hist_rel_v2
318614,9,24,lab_slots_ab_hist_rel_v2
318617,7,24,lab_slots_ab_hist_rel_v2
318618,7,24,lab_slots_ab_hist_rel_v2
318628,0,24,lab_slots_ab_hist_rel_v2
318662,7,24,lab_slots_ab_hist_rel_v2
319065,5,24,lab_slots_ab_hist_rel_v2
319468,5,24,lab_slots_ab_hist_rel_v2
319570,5,24,lab_slots_ab_hist_rel_v2
319633,5,24,lab_slots_ab_hist_rel_v2
319800,1,24,lab_slots_ab_hist_rel_v2
319859,-1,24,lab_slots_ab_hist_rel_v2
319966,5,24,lab_slots_ab_hist_rel_v2
320343,0,24,lab_slots_ab_hist_rel_v2
330014,1,24,lab_slots_ab_hist_rel_v2
330015,1,24,lab_slots_ab_hist_rel_v2
330104,22,24,lab_slots_ab_hist_rel_v2
442860,1,24,lab_slots_ab_hist_rel_v2
442873,1,24,lab_slots_ab_hist_rel_v2
442902,18,24,lab_slots_ab_hist_rel_v2
443103,0,24,lab_slots_ab_hist_rel_v2
444451,18,24,lab_slots_ab_hist_rel_v2
444463,22,24,lab_slots_ab_hist_rel_v2
444478,10,24,lab_slots_ab_hist_rel_v2
444480,1,24,lab_slots_ab_hist_rel_v2
444481,2,24,lab_slots_ab_hist_rel_v2
444485,0,24,lab_slots_ab_hist_rel_v2
444486,18,24,lab_slots_ab_hist_rel_v2
444488,22,24,lab_slots_ab_hist_rel_v2
444490,5,24,lab_slots_ab_hist_rel_v2
444495,13,24,lab_slots_ab_hist_rel_v2
444496,1,24,lab_slots_ab_hist_rel_v2
444497,5,24,lab_slots_ab_hist_rel_v2
444503,0,24,lab_slots_ab_hist_rel_v2
444507,1,24,lab_slots_ab_hist_rel_v2
444508,13,24,lab_slots_ab_hist_rel_v2
444515,5,24,lab_slots_ab_hist_rel_v2
444516,22,24,lab_slots_ab_hist_rel_v2
444517,4,24,lab_slots_ab_hist_rel_v2
444518,1,24,lab_slots_ab_hist_rel_v2
444873,22,24,lab_slots_ab_hist_rel_v2
444876,8,24,lab_slots_ab_hist_rel_v2
444888,22,24,lab_slots_ab_hist_rel_v2
444893,18,24,lab_slots_ab_hist_rel_v2
444898,22,24,lab_slots_ab_hist_rel_v2
444900,-1,24,lab_slots_ab_hist_rel_v2
444948,13,24,lab_slots_ab_hist_rel_v2
445230,6,24,lab_slots_ab_hist_rel_v2
445241,8,24,lab_slots_ab_hist_rel_v2
445268,6,24,lab_slots_ab_hist_rel_v2
445269,1,24,lab_slots_ab_hist_rel_v2
445270,6,24,lab_slots_ab_hist_rel_v2
445289,6,24,lab_slots_ab_hist_rel_v2
445301,-1,24,lab_slots_ab_hist_rel_v2
446195,22,24,lab_slots_ab_hist_rel_v2
446217,6,24,lab_slots_ab_hist_rel_v2
446222,1,24,lab_slots_ab_hist_rel_v2
446264,0,24,lab_slots_ab_hist_rel_v2
446269,6,24,lab_slots_ab_hist_rel_v2
446283,8,24,lab_slots_ab_hist_rel_v2
446652,22,24,lab_slots_ab_hist_rel_v2
446653,22,24,lab_slots_ab_hist_rel_v2
446654,22,24,lab_slots_ab_hist_rel_v2
446673,0,24,lab_slots_ab_hist_rel_v2
446685,-1,24,lab_slots_ab_hist_rel_v2
446695,22,24,lab_slots_ab_hist_rel_v2
446840,9,24,lab_slots_ab_hist_rel_v2
446841,9,24,lab_slots_ab_hist_rel_v2
446842,9,24,lab_slots_ab_hist_rel_v2
446843,9,24,lab_slots_ab_hist_rel_v2
446844,9,24,lab_slots_ab_hist_rel_v2
446845,0,24,lab_slots_ab_hist_rel_v2
446878,18,24,lab_slots_ab_hist_rel_v2
446879,0,24,lab_slots_ab_hist_rel_v2
446886,22,24,lab_slots_ab_hist_rel_v2
446888,9,24,lab_slots_ab_hist_rel_v2
446898,22,24,lab_slots_ab_hist_rel_v2
446900,5,24,lab_slots_ab_hist_rel_v2
446902,6,24,lab_slots_ab_hist_rel_v2
446903,-1,24,lab_slots_ab_hist_rel_v2
446907,9,24,lab_slots_ab_hist_rel_v2
446908,22,24,lab_slots_ab_hist_rel_v2
446909,6,24,lab_slots_ab_hist_rel_v2
446929,18,24,lab_slots_ab_hist_rel_v2
446935,1,24,lab_slots_ab_hist_rel_v2
446936,0,24,lab_slots_ab_hist_rel_v2
446944,9,24,lab_slots_ab_hist_rel_v2
446945,7,24,lab_slots_ab_hist_rel_v2
446946,1,24,lab_slots_ab_hist_rel_v2
446961,1,24,lab_slots_ab_hist_rel_v2
446976,8,24,lab_slots_ab_hist_rel_v2
446997,6,24,lab_slots_ab_hist_rel_v2
447070,8,24,lab_slots_ab_hist_rel_v2
447072,6,24,lab_slots_ab_hist_rel_v2
447080,6,24,lab_slots_ab_hist_rel_v2
447120,9,24,lab_slots_ab_hist_rel_v2
447130,1,24,lab_slots_ab_hist_rel_v2
447137,22,24,lab_slots_ab_hist_rel_v2
447138,8,24,lab_slots_ab_hist_rel_v2
447139,6,24,lab_slots_ab_hist_rel_v2
447146,0,24,lab_slots_ab_hist_rel_v2
447159,22,24,lab_slots_ab_hist_rel_v2
447164,1,24,lab_slots_ab_hist_rel_v2
447171,18,24,lab_slots_ab_hist_rel_v2
447176,5,24,lab_slots_ab_hist_rel_v2
447177,18,24,lab_slots_ab_hist_rel_v2
447185,9,24,lab_slots_ab_hist_rel_v2
447229,18,24,lab_slots_ab_hist_rel_v2
447275,6,24,lab_slots_ab_hist_rel_v2
447276,22,24,lab_slots_ab_hist_rel_v2
447277,21,24,lab_slots_ab_hist_rel_v2
447278,6,24,lab_slots_ab_hist_rel_v2
447279,5,24,lab_slots_ab_hist_rel_v2
447285,18,24,lab_slots_ab_hist_rel_v2
447286,7,24,lab_slots_ab_hist_rel_v2
447287,9,24,lab_slots_ab_hist_rel_v2
447288,9,24,lab_slots_ab_hist_rel_v2
447289,0,24,lab_slots_ab_hist_rel_v2
447290,0,24,lab_slots_ab_hist_rel_v2
447291,9,24,lab_slots_ab_hist_rel_v2
447292,0,24,lab_slots_ab_hist_rel_v2
447464,7,24,lab_slots_ab_hist_rel_v2
447617,21,24,lab_slots_ab_hist_rel_v2
447674,9,24,lab_slots_ab_hist_rel_v2
447678,6,24,lab_slots_ab_hist_rel_v2
447748,1,24,lab_slots_ab_hist_rel_v2
447776,8,24,lab_slots_ab_hist_rel_v2
447789,9,24,lab_slots_ab_hist_rel_v2
447987,1,24,lab_slots_ab_hist_rel_v2
447995,18,24,lab_slots_ab_hist_rel_v2
448017,0,24,lab_slots_ab_hist_rel_v2
448181,9,24,lab_slots_ab_hist_rel_v2
448182,9,24,lab_slots_ab_hist_rel_v2
448186,6,24,lab_slots_ab_hist_rel_v2
448260,9,24,lab_slots_ab_hist_rel_v2
448261,0,24,lab_slots_ab_hist_rel_v2
448394,1,24,lab_slots_ab_hist_rel_v2
448395,21,24,lab_slots_ab_hist_rel_v2
448397,13,24,lab_slots_ab_hist_rel_v2
448424,1,24,lab_slots_ab_hist_rel_v2
448429,5,24,lab_slots_ab_hist_rel_v2
448430,8,24,lab_slots_ab_hist_rel_v2
448432,22,24,lab_slots_ab_hist_rel_v2
448441,13,24,lab_slots_ab_hist_rel_v2
448447,8,24,lab_slots_ab_hist_rel_v2
448448,13,24,lab_slots_ab_hist_rel_v2
448541,18,24,lab_slots_ab_hist_rel_v2
448544,5,24,lab_slots_ab_hist_rel_v2
448557,0,24,lab_slots_ab_hist_rel_v2
448671,22,24,lab_slots_ab_hist_rel_v2
448686,6,24,lab_slots_ab_hist_rel_v2
448694,7,24,lab_slots_ab_hist_rel_v2
448695,18,24,lab_slots_ab_hist_rel_v2
448696,0,24,lab_slots_ab_hist_rel_v2
448700,0,24,lab_slots_ab_hist_rel_v2
448726,0,24,lab_slots_ab_hist_rel_v2
448826,0,24,lab_slots_ab_hist_rel_v2
448967,9,24,lab_slots_ab_hist_rel_v2
448968,9,24,lab_slots_ab_hist_rel_v2
448969,0,24,lab_slots_ab_hist_rel_v2
448975,6,24,lab_slots_ab_hist_rel_v2
448976,1,24,lab_slots_ab_hist_rel_v2
448981,9,24,lab_slots_ab_hist_rel_v2
448984,0,24,lab_slots_ab_hist_rel_v2
448985,9,24,lab_slots_ab_hist_rel_v2
448986,9,24,lab_slots_ab_hist_rel_v2
448987,9,24,lab_slots_ab_hist_rel_v2
448988,9,24,lab_slots_ab_hist_rel_v2
448997,0,24,lab_slots_ab_hist_rel_v2
448998,9,24,lab_slots_ab_hist_rel_v2
449010,22,24,lab_slots_ab_hist_rel_v2
449041,0,24,lab_slots_ab_hist_rel_v2
449056,9,24,lab_slots_ab_hist_rel_v2
449058,18,24,lab_slots_ab_hist_rel_v2
449063,6,24,lab_slots_ab_hist_rel_v2
449066,0,24,lab_slots_ab_hist_rel_v2
449067,0,24,lab_slots_ab_hist_rel_v2
449068,5,24,lab_slots_ab_hist_rel_v2
449070,0,24,lab_slots_ab_hist_rel_v2
449071,0,24,lab_slots_ab_hist_rel_v2
449072,9,24,lab_slots_ab_hist_rel_v2
449073,9,24,lab_slots_ab_hist_rel_v2
449078,10,24,lab_slots_ab_hist_rel_v2
449079,0,24,lab_slots_ab_hist_rel_v2
449081,7,24,lab_slots_ab_hist_rel_v2
449086,0,24,lab_slots_ab_hist_rel_v2
449089,0,24,lab_slots_ab_hist_rel_v2
449096,0,24,lab_slots_ab_hist_rel_v2
449115,0,24,lab_slots_ab_hist_rel_v2
449116,0,24,lab_slots_ab_hist_rel_v2
449117,18,24,lab_slots_ab_hist_rel_v2
449129,8,24,lab_slots_ab_hist_rel_v2
449313,9,24,lab_slots_ab_hist_rel_v2
449335,18,24,lab_slots_ab_hist_rel_v2
449357,9,24,lab_slots_ab_hist_rel_v2
449361,9,24,lab_slots_ab_hist_rel_v2
449362,9,24,lab_slots_ab_hist_rel_v2
449363,9,24,lab_slots_ab_hist_rel_v2
449371,9,24,lab_slots_ab_hist_rel_v2
449399,9,24,lab_slots_ab_hist_rel_v2
449400,9,24,lab_slots_ab_hist_rel_v2
449402,9,24,lab_slots_ab_hist_rel_v2
449403,9,24,lab_slots_ab_hist_rel_v2
449404,0,24,lab_slots_ab_hist_rel_v2
449418,9,24,lab_slots_ab_hist_rel_v2
449419,7,24,lab_slots_ab_hist_rel_v2
449420,9,24,lab_slots_ab_hist_rel_v2
449421,0,24,lab_slots_ab_hist_rel_v2
449422,9,24,lab_slots_ab_hist_rel_v2
449424,0,24,lab_slots_ab_hist_rel_v2
449426,18,24,lab_slots_ab_hist_rel_v2
449428,0,24,lab_slots_ab_hist_rel_v2
449429,9,24,lab_slots_ab_hist_rel_v2
449430,0,24,lab_slots_ab_hist_rel_v2
449435,0,24,lab_slots_ab_hist_rel_v2
449436,9,24,lab_slots_ab_hist_rel_v2
449446,9,24,lab_slots_ab_hist_rel_v2
449455,9,24,lab_slots_ab_hist_rel_v2
449457,18,24,lab_slots_ab_hist_rel_v2
449481,9,24,lab_slots_ab_hist_rel_v2
449482,9,24,lab_slots_ab_hist_rel_v2
449483,9,24,lab_slots_ab_hist_rel_v2
449497,0,24,lab_slots_ab_hist_rel_v2
449498,0,24,lab_slots_ab_hist_rel_v2
449506,0,24,lab_slots_ab_hist_rel_v2
449507,9,24,lab_slots_ab_hist_rel_v2
449508,22,24,lab_slots_ab_hist_rel_v2
449509,18,24,lab_slots_ab_hist_rel_v2
449555,9,24,lab_slots_ab_hist_rel_v2
449557,9,24,lab_slots_ab_hist_rel_v2
449559,1,24,lab_slots_ab_hist_rel_v2
449560,0,24,lab_slots_ab_hist_rel_v2
449608,9,24,lab_slots_ab_hist_rel_v2
449622,9,24,lab_slots_ab_hist_rel_v2
449623,9,24,lab_slots_ab_hist_rel_v2
449634,7,24,lab_slots_ab_hist_rel_v2
449635,0,24,lab_slots_ab_hist_rel_v2
449636,9,24,lab_slots_ab_hist_rel_v2
449637,7,24,lab_slots_ab_hist_rel_v2
449640,9,24,lab_slots_ab_hist_rel_v2
449649,9,24,lab_slots_ab_hist_rel_v2
449652,9,24,lab_slots_ab_hist_rel_v2
449659,0,24,lab_slots_ab_hist_rel_v2
449676,9,24,lab_slots_ab_hist_rel_v2
449686,6,24,lab_slots_ab_hist_rel_v2
449708,6,24,lab_slots_ab_hist_rel_v2
449715,-1,24,lab_slots_ab_hist_rel_v2
449736,9,24,lab_slots_ab_hist_rel_v2
449743,9,24,lab_slots_ab_hist_rel_v2
449744,9,24,lab_slots_ab_hist_rel_v2
449747,9,24,lab_slots_ab_hist_rel_v2
449748,9,24,lab_slots_ab_hist_rel_v2
449771,9,24,lab_slots_ab_hist_rel_v2
449772,18,24,lab_slots_ab_hist_rel_v2
449773,0,24,lab_slots_ab_hist_rel_v2
449775,9,24,lab_slots_ab_hist_rel_v2
449851,9,24,lab_slots_ab_hist_rel_v2
449869,18,24,lab_slots_ab_hist_rel_v2
449870,0,24,lab_slots_ab_hist_rel_v2
449872,9,24,lab_slots_ab_hist_rel_v2
449873,9,24,lab_slots_ab_hist_rel_v2
449874,18,24,lab_slots_ab_hist_rel_v2
449875,0,24,lab_slots_ab_hist_rel_v2
449876,9,24,lab_slots_ab_hist_rel_v2
449878,9,24,lab_slots_ab_hist_rel_v2
449879,18,24,lab_slots_ab_hist_rel_v2
449880,9,24,lab_slots_ab_hist_rel_v2
449883,9,24,lab_slots_ab_hist_rel_v2
449884,18,24,lab_slots_ab_hist_rel_v2
449902,9,24,lab_slots_ab_hist_rel_v2
449903,9,24,lab_slots_ab_hist_rel_v2
449904,9,24,lab_slots_ab_hist_rel_v2
449905,9,24,lab_slots_ab_hist_rel_v2
449906,18,24,lab_slots_ab_hist_rel_v2
449913,7,24,lab_slots_ab_hist_rel_v2
449914,1,24,lab_slots_ab_hist_rel_v2
449915,9,24,lab_slots_ab_hist_rel_v2
449916,9,24,lab_slots_ab_hist_rel_v2
449917,10,24,lab_slots_ab_hist_rel_v2
449918,9,24,lab_slots_ab_hist_rel_v2
449919,10,24,lab_slots_ab_hist_rel_v2
449920,1,24,lab_slots_ab_hist_rel_v2
449921,1,24,lab_slots_ab_hist_rel_v2
449923,10,24,lab_slots_ab_hist_rel_v2
449924,0,24,lab_slots_ab_hist_rel_v2
449925,6,24,lab_slots_ab_hist_rel_v2
450198,9,24,lab_slots_ab_hist_rel_v2
450459,13,24,lab_slots_ab_hist_rel_v2
450460,6,24,lab_slots_ab_hist_rel_v2
450480,1,24,lab_slots_ab_hist_rel_v2
450494,9,24,lab_slots_ab_hist_rel_v2
450747,6,24,lab_slots_ab_hist_rel_v2
450759,7,24,lab_slots_ab_hist_rel_v2
450760,10,24,lab_slots_ab_hist_rel_v2
450769,18,24,lab_slots_ab_hist_rel_v2
450929,22,24,lab_slots_ab_hist_rel_v2
450930,9,24,lab_slots_ab_hist_rel_v2
450931,5,24,lab_slots_ab_hist_rel_v2
450932,1,24,lab_slots_ab_hist_rel_v2
450940,1,24,lab_slots_ab_hist_rel_v2
450941,6,24,lab_slots_ab_hist_rel_v2
450942,18,24,lab_slots_ab_hist_rel_v2
450943,5,24,lab_slots_ab_hist_rel_v2
450944,1,24,lab_slots_ab_hist_rel_v2
450945,6,24,lab_slots_ab_hist_rel_v2
450946,1,24,lab_slots_ab_hist_rel_v2
450947,1,24,lab_slots_ab_hist_rel_v2
451029,7,24,lab_slots_ab_hist_rel_v2
451180,9,24,lab_slots_ab_hist_rel_v2
451200,21,24,lab_slots_ab_hist_rel_v2
451336,0,24,lab_slots_ab_hist_rel_v2
451338,22,24,lab_slots_ab_hist_rel_v2
451349,13,24,lab_slots_ab_hist_rel_v2
451352,21,24,lab_slots_ab_hist_rel_v2
451361,13,24,lab_slots_ab_hist_rel_v2
451362,13,24,lab_slots_ab_hist_rel_v2
451363,13,24,lab_slots_ab_hist_rel_v2
451364,13,24,lab_slots_ab_hist_rel_v2
451365,21,24,lab_slots_ab_hist_rel_v2
451397,21,24,lab_slots_ab_hist_rel_v2
451429,0,24,lab_slots_ab_hist_rel_v2
451431,1,24,lab_slots_ab_hist_rel_v2
451434,6,24,lab_slots_ab_hist_rel_v2
451466,1,24,lab_slots_ab_hist_rel_v2
451609,8,24,lab_slots_ab_hist_rel_v2
451618,22,24,lab_slots_ab_hist_rel_v2
451619,6,24,lab_slots_ab_hist_rel_v2
451620,9,24,lab_slots_ab_hist_rel_v2
451621,6,24,lab_slots_ab_hist_rel_v2
451622,1,24,lab_slots_ab_hist_rel_v2
451635,0,24,lab_slots_ab_hist_rel_v2
451694,0,24,lab_slots_ab_hist_rel_v2
451695,9,24,lab_slots_ab_hist_rel_v2
451707,0,24,lab_slots_ab_hist_rel_v2
451740,1,24,lab_slots_ab_hist_rel_v2
451763,6,24,lab_slots_ab_hist_rel_v2
451798,0,24,lab_slots_ab_hist_rel_v2
451834,8,24,lab_slots_ab_hist_rel_v2
451836,13,24,lab_slots_ab_hist_rel_v2
451840,8,24,lab_slots_ab_hist_rel_v2
451865,13,24,lab_slots_ab_hist_rel_v2
451871,1,24,lab_slots_ab_hist_rel_v2
451873,8,24,lab_slots_ab_hist_rel_v2
451878,18,24,lab_slots_ab_hist_rel_v2
451879,7,24,lab_slots_ab_hist_rel_v2
451880,6,24,lab_slots_ab_hist_rel_v2
451881,22,24,lab_slots_ab_hist_rel_v2
451946,1,24,lab_slots_ab_hist_rel_v2
451986,6,24,lab_slots_ab_hist_rel_v2
451993,8,24,lab_slots_ab_hist_rel_v2
452011,6,24,lab_slots_ab_hist_rel_v2
452025,7,24,lab_slots_ab_hist_rel_v2
452034,1,24,lab_slots_ab_hist_rel_v2
452036,0,24,lab_slots_ab_hist_rel_v2
452082,6,24,lab_slots_ab_hist_rel_v2
452083,5,24,lab_slots_ab_hist_rel_v2
452084,1,24,lab_slots_ab_hist_rel_v2
452223,1,24,lab_slots_ab_hist_rel_v2
452610,22,24,lab_slots_ab_hist_rel_v2
452615,1,24,lab_slots_ab_hist_rel_v2
452683,8,24,lab_slots_ab_hist_rel_v2
452735,6,24,lab_slots_ab_hist_rel_v2
452853,1,24,lab_slots_ab_hist_rel_v2
452920,0,24,lab_slots_ab_hist_rel_v2
452960,0,24,lab_slots_ab_hist_rel_v2
453047,21,24,lab_slots_ab_hist_rel_v2
453306,18,24,lab_slots_ab_hist_rel_v2
453308,21,24,lab_slots_ab_hist_rel_v2
453349,18,24,lab_slots_ab_hist_rel_v2
453452,7,24,lab_slots_ab_hist_rel_v2
453454,22,24,lab_slots_ab_hist_rel_v2
453457,5,24,lab_slots_ab_hist_rel_v2
453577,18,24,lab_slots_ab_hist_rel_v2
453623,7,24,lab_slots_ab_hist_rel_v2
453896,22,24,lab_slots_ab_hist_rel_v2
453996,21,24,lab_slots_ab_hist_rel_v2
454610,1,24,lab_slots_ab_hist_rel_v2
454766,5,24,lab_slots_ab_hist_rel_v2
454767,13,24,lab_slots_ab_hist_rel_v2
456054,-1,24,lab_slots_ab_hist_rel_v2
456219,0,24,lab_slots_ab_hist_rel_v2
458261,5,24,lab_slots_ab_hist_rel_v2
460128,22,24,lab_slots_ab_hist_rel_v2
460131,22,24,lab_slots_ab_hist_rel_v2
460132,22,24,lab_slots_ab_hist_rel_v2
460133,18,24,lab_slots_ab_hist_rel_v2
460134,1,24,lab_slots_ab_hist_rel_v2
460135,22,24,lab_slots_ab_hist_rel_v2
460136,18,24,lab_slots_ab_hist_rel_v2
460138,8,24,lab_slots_ab_hist_rel_v2
460139,22,24,lab_slots_ab_hist_rel_v2
460142,22,24,lab_slots_ab_hist_rel_v2
460143,22,24,lab_slots_ab_hist_rel_v2
460144,22,24,lab_slots_ab_hist_rel_v2
460145,8,24,lab_slots_ab_hist_rel_v2
460146,18,24,lab_slots_ab_hist_rel_v2
460147,22,24,lab_slots_ab_hist_rel_v2
460149,13,24,lab_slots_ab_hist_rel_v2
460168,22,24,lab_slots_ab_hist_rel_v2
460173,6,24,lab_slots_ab_hist_rel_v2
460175,1,24,lab_slots_ab_hist_rel_v2
460177,13,24,lab_slots_ab_hist_rel_v2
460178,22,24,lab_slots_ab_hist_rel_v2
460179,18,24,lab_slots_ab_hist_rel_v2
460180,8,24,lab_slots_ab_hist_rel_v2
460182,13,24,lab_slots_ab_hist_rel_v2
460183,13,24,lab_slots_ab_hist_rel_v2
460184,13,24,lab_slots_ab_hist_rel_v2
460185,22,24,lab_slots_ab_hist_rel_v2
460186,8,24,lab_slots_ab_hist_rel_v2
460187,1,24,lab_slots_ab_hist_rel_v2
460226,22,24,lab_slots_ab_hist_rel_v2
460227,6,24,lab_slots_ab_hist_rel_v2
460263,22,24,lab_slots_ab_hist_rel_v2
460264,22,24,lab_slots_ab_hist_rel_v2
460265,22,24,lab_slots_ab_hist_rel_v2
460268,-1,24,lab_slots_ab_hist_rel_v2
460270,-1,24,lab_slots_ab_hist_rel_v2
460271,-1,24,lab_slots_ab_hist_rel_v2
460272,22,24,lab_slots_ab_hist_rel_v2
460276,22,24,lab_slots_ab_hist_rel_v2
460277,22,24,lab_slots_ab_hist_rel_v2
460278,8,24,lab_slots_ab_hist_rel_v2
460279,22,24,lab_slots_ab_hist_rel_v2
460280,8,24,lab_slots_ab_hist_rel_v2
460652,18,24,lab_slots_ab_hist_rel_v2
460659,22,24,lab_slots_ab_hist_rel_v2
460660,1,24,lab_slots_ab_hist_rel_v2
460664,22,24,lab_slots_ab_hist_rel_v2
460665,8,24,lab_slots_ab_hist_rel_v2
460666,1,24,lab_slots_ab_hist_rel_v2
460673,8,24,lab_slots_ab_hist_rel_v2
460675,8,24,lab_slots_ab_hist_rel_v2
460676,8,24,lab_slots_ab_hist_rel_v2
460677,10,24,lab_slots_ab_hist_rel_v2
460678,8,24,lab_slots_ab_hist_rel_v2
460679,8,24,lab_slots_ab_hist_rel_v2
460681,21,24,lab_slots_ab_hist_rel_v2
460689,-1,24,lab_slots_ab_hist_rel_v2
460715,13,24,lab_slots_ab_hist_rel_v2
460716,22,24,lab_slots_ab_hist_rel_v2
460717,13,24,lab_slots_ab_hist_rel_v2
460718,6,24,lab_slots_ab_hist_rel_v2
460900,5,24,lab_slots_ab_hist_rel_v2
460983,1,24,lab_slots_ab_hist_rel_v2
460984,1,24,lab_slots_ab_hist_rel_v2
461193,22,24,lab_slots_ab_hist_rel_v2
461210,1,24,lab_slots_ab_hist_rel_v2
461218,8,24,lab_slots_ab_hist_rel_v2
461222,20,24,lab_slots_ab_hist_rel_v2
461224,22,24,lab_slots_ab_hist_rel_v2
461338,22,24,lab_slots_ab_hist_rel_v2
461493,6,24,lab_slots_ab_hist_rel_v2
461497,8,24,lab_slots_ab_hist_rel_v2
461500,5,24,lab_slots_ab_hist_rel_v2
461501,5,24,lab_slots_ab_hist_rel_v2
461502,10,24,lab_slots_ab_hist_rel_v2
461503,1,24,lab_slots_ab_hist_rel_v2
463085,22,24,lab_slots_ab_hist_rel_v2
463086,1,24,lab_slots_ab_hist_rel_v2
463208,22,24,lab_slots_ab_hist_rel_v2
463529,6,24,lab_slots_ab_hist_rel_v2
463530,0,24,lab_slots_ab_hist_rel_v2
463532,0,24,lab_slots_ab_hist_rel_v2
463533,18,24,lab_slots_ab_hist_rel_v2
463546,0,24,lab_slots_ab_hist_rel_v2
463554,1,24,lab_slots_ab_hist_rel_v2
463559,1,24,lab_slots_ab_hist_rel_v2
463707,22,24,lab_slots_ab_hist_rel_v2
463709,6,24,lab_slots_ab_hist_rel_v2
463710,0,24,lab_slots_ab_hist_rel_v2
464680,5,24,lab_slots_ab_hist_rel_v2
465831,6,24,lab_slots_ab_hist_rel_v2
465870,1,24,lab_slots_ab_hist_rel_v2
465871,18,24,lab_slots_ab_hist_rel_v2
465872,18,24,lab_slots_ab_hist_rel_v2
465873,0,24,lab_slots_ab_hist_rel_v2
465874,18,24,lab_slots_ab_hist_rel_v2
465875,18,24,lab_slots_ab_hist_rel_v2
465876,18,24,lab_slots_ab_hist_rel_v2
465877,10,24,lab_slots_ab_hist_rel_v2
465878,0,24,lab_slots_ab_hist_rel_v2
465879,0,24,lab_slots_ab_hist_rel_v2
465880,6,24,lab_slots_ab_hist_rel_v2
465881,0,24,lab_slots_ab_hist_rel_v2
465882,0,24,lab_slots_ab_hist_rel_v2
465883,1,24,lab_slots_ab_hist_rel_v2
465884,6,24,lab_slots_ab_hist_rel_v2
465885,0,24,lab_slots_ab_hist_rel_v2
465886,0,24,lab_slots_ab_hist_rel_v2
465888,0,24,lab_slots_ab_hist_rel_v2
465889,0,24,lab_slots_ab_hist_rel_v2
465895,0,24,lab_slots_ab_hist_rel_v2
466228,9,24,lab_slots_ab_hist_rel_v2
466229,18,24,lab_slots_ab_hist_rel_v2
466230,0,24,lab_slots_ab_hist_rel_v2
466231,18,24,lab_slots_ab_hist_rel_v2
466283,6,24,lab_slots_ab_hist_rel_v2
466579,18,24,lab_slots_ab_hist_rel_v2
466618,18,24,lab_slots_ab_hist_rel_v2
466701,22,24,lab_slots_ab_hist_rel_v2
467634,22,24,lab_slots_ab_hist_rel_v2
467946,1,24,lab_slots_ab_hist_rel_v2
467958,1,24,lab_slots_ab_hist_rel_v2
467959,1,24,lab_slots_ab_hist_rel_v2
468158,22,24,lab_slots_ab_hist_rel_v2
468159,22,24,lab_slots_ab_hist_rel_v2
468165,22,24,lab_slots_ab_hist_rel_v2
468166,1,24,lab_slots_ab_hist_rel_v2
468167,22,24,lab_slots_ab_hist_rel_v2
468168,22,24,lab_slots_ab_hist_rel_v2
468169,22,24,lab_slots_ab_hist_rel_v2
468271,6,24,lab_slots_ab_hist_rel_v2
468381,6,24,lab_slots_ab_hist_rel_v2
468382,1,24,lab_slots_ab_hist_rel_v2
468390,9,24,lab_slots_ab_hist_rel_v2
468391,0,24,lab_slots_ab_hist_rel_v2
468393,0,24,lab_slots_ab_hist_rel_v2
468394,6,24,lab_slots_ab_hist_rel_v2
468395,6,24,lab_slots_ab_hist_rel_v2
468396,6,24,lab_slots_ab_hist_rel_v2
468397,18,24,lab_slots_ab_hist_rel_v2
468398,1,24,lab_slots_ab_hist_rel_v2
468399,1,24,lab_slots_ab_hist_rel_v2
468400,6,24,lab_slots_ab_hist_rel_v2
468523,1,24,lab_slots_ab_hist_rel_v2
468524,1,24,lab_slots_ab_hist_rel_v2
468525,1,24,lab_slots_ab_hist_rel_v2
468526,22,24,lab_slots_ab_hist_rel_v2
470127,1,24,lab_slots_ab_hist_rel_v2
471747,5,24,lab_slots_ab_hist_rel_v2
471749,5,24,lab_slots_ab_hist_rel_v2
471751,5,24,lab_slots_ab_hist_rel_v2
471752,1,24,lab_slots_ab_hist_rel_v2
471753,1,24,lab_slots_ab_hist_rel_v2
471754,18,24,lab_slots_ab_hist_rel_v2
471755,1,24,lab_slots_ab_hist_rel_v2
471756,1,24,lab_slots_ab_hist_rel_v2
471757,1,24,lab_slots_ab_hist_rel_v2
471758,22,24,lab_slots_ab_hist_rel_v2
471759,22,24,lab_slots_ab_hist_rel_v2
471799,1,24,lab_slots_ab_hist_rel_v2
471800,22,24,lab_slots_ab_hist_rel_v2
471836,1,24,lab_slots_ab_hist_rel_v2
474926,7,24,lab_slots_ab_hist_rel_v2
475416,0,24,lab_slots_ab_hist_rel_v2
475725,7,24,lab_slots_ab_hist_rel_v2
475726,0,24,lab_slots_ab_hist_rel_v2
475749,5,24,lab_slots_ab_hist_rel_v2
475750,0,24,lab_slots_ab_hist_rel_v2
475751,7,24,lab_slots_ab_hist_rel_v2
475752,7,24,lab_slots_ab_hist_rel_v2
475753,7,24,lab_slots_ab_hist_rel_v2
475754,7,24,lab_slots_ab_hist_rel_v2
475755,7,24,lab_slots_ab_hist_rel_v2
475756,18,24,lab_slots_ab_hist_rel_v2
475758,15,24,lab_slots_ab_hist_rel_v2
475759,18,24,lab_slots_ab_hist_rel_v2
475760,7,24,lab_slots_ab_hist_rel_v2
475761,7,24,lab_slots_ab_hist_rel_v2
476251,0,24,lab_slots_ab_hist_rel_v2
476252,0,24,lab_slots_ab_hist_rel_v2
476253,7,24,lab_slots_ab_hist_rel_v2
476254,7,24,lab_slots_ab_hist_rel_v2
476256,0,24,lab_slots_ab_hist_rel_v2
476257,0,24,lab_slots_ab_hist_rel_v2
476258,0,24,lab_slots_ab_hist_rel_v2
476264,0,24,lab_slots_ab_hist_rel_v2
476266,7,24,lab_slots_ab_hist_rel_v2
476271,0,24,lab_slots_ab_hist_rel_v2
476276,1,24,lab_slots_ab_hist_rel_v2
476280,0,24,lab_slots_ab_hist_rel_v2
476282,0,24,lab_slots_ab_hist_rel_v2
476285,0,24,lab_slots_ab_hist_rel_v2
476287,0,24,lab_slots_ab_hist_rel_v2
476296,5,24,lab_slots_ab_hist_rel_v2
476300,7,24,lab_slots_ab_hist_rel_v2
476304,0,24,lab_slots_ab_hist_rel_v2
477269,9,24,lab_slots_ab_hist_rel_v2
477270,9,24,lab_slots_ab_hist_rel_v2
477274,9,24,lab_slots_ab_hist_rel_v2
477275,9,24,lab_slots_ab_hist_rel_v2
477276,9,24,lab_slots_ab_hist_rel_v2
477277,9,24,lab_slots_ab_hist_rel_v2
477278,9,24,lab_slots_ab_hist_rel_v2
477279,9,24,lab_slots_ab_hist_rel_v2
477280,0,24,lab_slots_ab_hist_rel_v2
477281,9,24,lab_slots_ab_hist_rel_v2
477283,9,24,lab_slots_ab_hist_rel_v2
477288,9,24,lab_slots_ab_hist_rel_v2
477291,9,24,lab_slots_ab_hist_rel_v2
477323,7,24,lab_slots_ab_hist_rel_v2
477325,7,24,lab_slots_ab_hist_rel_v2
477326,7,24,lab_slots_ab_hist_rel_v2
477741,5,24,lab_slots_ab_hist_rel_v2
477748,18,24,lab_slots_ab_hist_rel_v2
477749,0,24,lab_slots_ab_hist_rel_v2
477815,1,24,lab_slots_ab_hist_rel_v2
478433,9,24,lab_slots_ab_hist_rel_v2
478436,5,24,lab_slots_ab_hist_rel_v2
478437,5,24,lab_slots_ab_hist_rel_v2
478438,5,24,lab_slots_ab_hist_rel_v2
478667,6,24,lab_slots_ab_hist_rel_v2
478668,0,24,lab_slots_ab_hist_rel_v2
478669,6,24,lab_slots_ab_hist_rel_v2
478708,7,24,lab_slots_ab_hist_rel_v2
478721,0,24,lab_slots_ab_hist_rel_v2
478811,0,24,lab_slots_ab_hist_rel_v2
478988,4,24,lab_slots_ab_hist_rel_v2
479661,0,24,lab_slots_ab_hist_rel_v2
479662,18,24,lab_slots_ab_hist_rel_v2
479830,-1,24,lab_slots_ab_hist_rel_v2
487206,1,24,lab_slots_ab_hist_rel_v2
487245,-1,24,lab_slots_ab_hist_rel_v2
487292,15,24,lab_slots_ab_hist_rel_v2
487341,5,24,lab_slots_ab_hist_rel_v2
487350,-1,24,lab_slots_ab_hist_rel_v2
487351,-1,24,lab_slots_ab_hist_rel_v2
487474,1,24,lab_slots_ab_hist_rel_v2
487563,-1,24,lab_slots_ab_hist_rel_v2
500028,18,24,lab_slots_ab_hist_rel_v2
545042,0,24,lab_slots_ab_hist_rel_v2
545772,0,24,lab_slots_ab_hist_rel_v2
545791,1,24,lab_slots_ab_hist_rel_v2
546034,0,24,lab_slots_ab_hist_rel_v2
546649,10,24,lab_slots_ab_hist_rel_v2
546758,5,24,lab_slots_ab_hist_rel_v2
546986,9,24,lab_slots_ab_hist_rel_v2
547254,0,24,lab_slots_ab_hist_rel_v2
547274,5,24,lab_slots_ab_hist_rel_v2
547452,0,24,lab_slots_ab_hist_rel_v2
547504,7,24,lab_slots_ab_hist_rel_v2
547523,7,24,lab_slots_ab_hist_rel_v2
547756,7,24,lab_slots_ab_hist_rel_v2
549136,0,24,lab_slots_ab_hist_rel_v2
549140,0,24,lab_slots_ab_hist_rel_v2
551026,7,24,lab_slots_ab_hist_rel_v2
551028,5,24,lab_slots_ab_hist_rel_v2
551843,6,24,lab_slots_ab_hist_rel_v2
551844,5,24,lab_slots_ab_hist_rel_v2
551845,0,24,lab_slots_ab_hist_rel_v2
552174,7,24,lab_slots_ab_hist_rel_v2
552180,6,24,lab_slots_ab_hist_rel_v2
552190,7,24,lab_slots_ab_hist_rel_v2
552353,9,24,lab_slots_ab_hist_rel_v2
554326,0,24,lab_slots_ab_hist_rel_v2
554515,6,24,lab_slots_ab_hist_rel_v2
558198,18,24,lab_slots_ab_hist_rel_v2
558204,7,24,lab_slots_ab_hist_rel_v2
558282,7,24,lab_slots_ab_hist_rel_v2
569685,7,24,lab_slots_ab_hist_rel_v2
572220,9,24,lab_slots_ab_hist_rel_v2
576327,9,24,lab_slots_ab_hist_rel_v2
623471,1,24,lab_slots_ab_hist_rel_v2
623500,13,24,lab_slots_ab_hist_rel_v2
625629,22,24,lab_slots_ab_hist_rel_v2
629700,22,24,lab_slots_ab_hist_rel_v2
643549,18,24,lab_slots_ab_hist_rel_v2
644110,18,24,lab_slots_ab_hist_rel_v2
644111,18,24,lab_slots_ab_hist_rel_v2
647271,0,24,lab_slots_ab_hist_rel_v2
651241,0,24,lab_slots_ab_hist_rel_v2
651287,5,24,lab_slots_ab_hist_rel_v2
651289,18,24,lab_slots_ab_hist_rel_v2
651290,0,24,lab_slots_ab_hist_rel_v2
658676,21,24,lab_slots_ab_hist_rel_v2
658718,21,24,lab_slots_ab_hist_rel_v2
658719,18,24,lab_slots_ab_hist_rel_v2
662967,5,24,lab_slots_ab_hist_rel_v2
666591,18,24,lab_slots_ab_hist_rel_v2
666592,7,24,lab_slots_ab_hist_rel_v2
667252,18,24,lab_slots_ab_hist_rel_v2
667254,0,24,lab_slots_ab_hist_rel_v2
667256,18,24,lab_slots_ab_hist_rel_v2
667257,18,24,lab_slots_ab_hist_rel_v2
667258,1,24,lab_slots_ab_hist_rel_v2
667259,18,24,lab_slots_ab_hist_rel_v2
667264,7,24,lab_slots_ab_hist_rel_v2
668677,5,24,lab_slots_ab_hist_rel_v2
670804,19,24,lab_slots_ab_hist_rel_v2
670806,6,24,lab_slots_ab_hist_rel_v2
670807,6,24,lab_slots_ab_hist_rel_v2
670808,23,24,lab_slots_ab_hist_rel_v2
670809,15,24,lab_slots_ab_hist_rel_v2
670810,7,24,lab_slots_ab_hist_rel_v2
670812,0,24,lab_slots_ab_hist_rel_v2
670813,22,24,lab_slots_ab_hist_rel_v2
670815,1,24,lab_slots_ab_hist_rel_v2
670987,18,24,lab_slots_ab_hist_rel_v2
670989,7,24,lab_slots_ab_hist_rel_v2
670990,0,24,lab_slots_ab_hist_rel_v2
670991,0,24,lab_slots_ab_hist_rel_v2
670992,7,24,lab_slots_ab_hist_rel_v2
670994,0,24,lab_slots_ab_hist_rel_v2
670995,7,24,lab_slots_ab_hist_rel_v2
671535,1,24,lab_slots_ab_hist_rel_v2
671536,18,24,lab_slots_ab_hist_rel_v2
671537,7,24,lab_slots_ab_hist_rel_v2
675861,5,24,lab_slots_ab_hist_rel_v2
675862,8,24,lab_slots_ab_hist_rel_v2
680974,8,24,lab_slots_ab_hist_rel_v2
701291,8,24,lab_slots_ab_hist_rel_v2
706069,3,24,lab_slots_ab_hist_rel_v2
706316,8,24,lab_slots_ab_hist_rel_v2
708056,8,24,lab_slots_ab_hist_rel_v2
708306,13,24,lab_slots_ab_hist_rel_v2
715459,18,24,lab_slots_ab_hist_rel_v2
716908,5,24,lab_slots_ab_hist_rel_v2
747034,8,24,lab_slots_ab_hist_rel_v2
748293,1,24,lab_slots_ab_hist_rel_v2
748303,18,24,lab_slots_ab_hist_rel_v2
748327,18,24,lab_slots_ab_hist_rel_v2
752044,15,24,lab_slots_ab_hist_rel_v2
761272,5,24,lab_slots_ab_hist_rel_v2
762252,1,24,lab_slots_ab_hist_rel_v2
762253,18,24,lab_slots_ab_hist_rel_v2
765030,1,24,lab_slots_ab_hist_rel_v2
769061,21,24,lab_slots_ab_hist_rel_v2
770913,19,24,lab_slots_ab_hist_rel_v2
770914,13,24,lab_slots_ab_hist_rel_v2
770916,13,24,lab_slots_ab_hist_rel_v2
770917,8,24,lab_slots_ab_hist_rel_v2
770920,13,24,lab_slots_ab_hist_rel_v2
770921,1,24,lab_slots_ab_hist_rel_v2
770922,18,24,lab_slots_ab_hist_rel_v2
770923,18,24,lab_slots_ab_hist_rel_v2
770925,1,24,lab_slots_ab_hist_rel_v2
770927,8,24,lab_slots_ab_hist_rel_v2
770928,18,24,lab_slots_ab_hist_rel_v2
770931,13,24,lab_slots_ab_hist_rel_v2
770932,6,24,lab_slots_ab_hist_rel_v2
770933,18,24,lab_slots_ab_hist_rel_v2
770934,15,24,lab_slots_ab_hist_rel_v2
770938,1,24,lab_slots_ab_hist_rel_v2
770939,19,24,lab_slots_ab_hist_rel_v2
770940,6,24,lab_slots_ab_hist_rel_v2
770941,13,24,lab_slots_ab_hist_rel_v2
770942,20,24,lab_slots_ab_hist_rel_v2
770945,5,24,lab_slots_ab_hist_rel_v2
770946,19,24,lab_slots_ab_hist_rel_v2
770951,13,24,lab_slots_ab_hist_rel_v2
770952,10,24,lab_slots_ab_hist_rel_v2
770953,15,24,lab_slots_ab_hist_rel_v2
770959,20,24,lab_slots_ab_hist_rel_v2
770961,18,24,lab_slots_ab_hist_rel_v2
770962,18,24,lab_slots_ab_hist_rel_v2
770969,10,24,lab_slots_ab_hist_rel_v2
770970,6,24,lab_slots_ab_hist_rel_v2
770971,13,24,lab_slots_ab_hist_rel_v2
770973,10,24,lab_slots_ab_hist_rel_v2
770974,10,24,lab_slots_ab_hist_rel_v2
770975,9,24,lab_slots_ab_hist_rel_v2
770977,19,24,lab_slots_ab_hist_rel_v2
770979,18,24,lab_slots_ab_hist_rel_v2
770986,13,24,lab_slots_ab_hist_rel_v2
770987,13,24,lab_slots_ab_hist_rel_v2
770999,18,24,lab_slots_ab_hist_rel_v2
771000,10,24,lab_slots_ab_hist_rel_v2
771006,8,24,lab_slots_ab_hist_rel_v2
771009,13,24,lab_slots_ab_hist_rel_v2
771015,18,24,lab_slots_ab_hist_rel_v2
771016,21,24,lab_slots_ab_hist_rel_v2
771019,7,24,lab_slots_ab_hist_rel_v2
771021,18,24,lab_slots_ab_hist_rel_v2
771022,18,24,lab_slots_ab_hist_rel_v2
771023,5,24,lab_slots_ab_hist_rel_v2
771024,15,24,lab_slots_ab_hist_rel_v2
771025,7,24,lab_slots_ab_hist_rel_v2
771026,19,24,lab_slots_ab_hist_rel_v2
771028,19,24,lab_slots_ab_hist_rel_v2
771029,8,24,lab_slots_ab_hist_rel_v2
771030,13,24,lab_slots_ab_hist_rel_v2
771031,13,24,lab_slots_ab_hist_rel_v2
771034,18,24,lab_slots_ab_hist_rel_v2
771035,18,24,lab_slots_ab_hist_rel_v2
771036,18,24,lab_slots_ab_hist_rel_v2
771037,1,24,lab_slots_ab_hist_rel_v2
771038,7,24,lab_slots_ab_hist_rel_v2
771039,18,24,lab_slots_ab_hist_rel_v2
771041,4,24,lab_slots_ab_hist_rel_v2
771043,18,24,lab_slots_ab_hist_rel_v2
771045,4,24,lab_slots_ab_hist_rel_v2
771046,7,24,lab_slots_ab_hist_rel_v2
771047,18,24,lab_slots_ab_hist_rel_v2
771050,10,24,lab_slots_ab_hist_rel_v2
771052,1,24,lab_slots_ab_hist_rel_v2
771053,18,24,lab_slots_ab_hist_rel_v2
771056,18,24,lab_slots_ab_hist_rel_v2
771060,13,24,lab_slots_ab_hist_rel_v2
771061,18,24,lab_slots_ab_hist_rel_v2
771063,4,24,lab_slots_ab_hist_rel_v2
771064,8,24,lab_slots_ab_hist_rel_v2
771065,18,24,lab_slots_ab_hist_rel_v2
771066,19,24,lab_slots_ab_hist_rel_v2
771067,10,24,lab_slots_ab_hist_rel_v2
771068,10,24,lab_slots_ab_hist_rel_v2
771072,0,24,lab_slots_ab_hist_rel_v2
771073,10,24,lab_slots_ab_hist_rel_v2
771081,19,24,lab_slots_ab_hist_rel_v2
774589,1,24,lab_slots_ab_hist_rel_v2
823194,18,24,lab_slots_ab_hist_rel_v2
823195,23,24,lab_slots_ab_hist_rel_v2
828443,0,24,lab_slots_ab_hist_rel_v2
828462,22,24,lab_slots_ab_hist_rel_v2
828493,18,24,lab_slots_ab_hist_rel_v2
833900,1,24,lab_slots_ab_hist_rel_v2
833901,1,24,lab_slots_ab_hist_rel_v2
833902,1,24,lab_slots_ab_hist_rel_v2
833904,18,24,lab_slots_ab_hist_rel_v2
838101,0,24,lab_slots_ab_hist_rel_v2
839471,7,24,lab_slots_ab_hist_rel_v2
841274,1,24,lab_slots_ab_hist_rel_v2
848434,22,24,lab_slots_ab_hist_rel_v2
848435,10,24,lab_slots_ab_hist_rel_v2
848436,22,24,lab_slots_ab_hist_rel_v2
848444,1,24,lab_slots_ab_hist_rel_v2
851660,18,24,lab_slots_ab_hist_rel_v2
851661,10,24,lab_slots_ab_hist_rel_v2
851662,10,24,lab_slots_ab_hist_rel_v2
853841,0,24,lab_slots_ab_hist_rel_v2
853980,10,24,lab_slots_ab_hist_rel_v2
853981,18,24,lab_slots_ab_hist_rel_v2
856856,4,24,lab_slots_ab_hist_rel_v2
857709,6,24,lab_slots_ab_hist_rel_v2
857949,8,24,lab_slots_ab_hist_rel_v2
871715,9,24,lab_slots_ab_hist_rel_v2
871864,6,24,lab_slots_ab_hist_rel_v2
871928,0,24,lab_slots_ab_hist_rel_v2
871929,6,24,lab_slots_ab_hist_rel_v2
871960,1,24,lab_slots_ab_hist_rel_v2
890331,22,24,lab_slots_ab_hist_rel_v2
890336,1,24,lab_slots_ab_hist_rel_v2
890351,1,24,lab_slots_ab_hist_rel_v2
891616,22,24,lab_slots_ab_hist_rel_v2
891620,10,24,lab_slots_ab_hist_rel_v2
892635,22,24,lab_slots_ab_hist_rel_v2
894321,0,24,lab_slots_ab_hist_rel_v2
902207,10,24,lab_slots_ab_hist_rel_v2
910524,10,24,lab_slots_ab_hist_rel_v2
910531,7,24,lab_slots_ab_hist_rel_v2
910532,7,24,lab_slots_ab_hist_rel_v2
912990,18,24,lab_slots_ab_hist_rel_v2
918706,22,24,lab_slots_ab_hist_rel_v2
